gene,C1,C1_logFC,C1_FDR,C2,C2_logFC,C2_FDR,C3,C3_logFC,C3_FDR,module
A1BG,NS,0.95424237566279,0.004242702397698,NS,0.871986524194378,0.178473538397929,UP,1.208745939333,0.0095247325117194,C3 SPECIFIC
A2M,UP,4.24537252526713,5.61736707301257e-05,NS,-0.077306021106164,0.977816687978146,UP,3.06530609293026,0.008713130962773,SHARED C1 & C3
A2ML1,NS,0.667085487626146,0.178611622186241,NS,-1.11087392273036,0.311836078250843,DOWN,-2.20988888715101,0.005674546524667,DOWN IN LIMBUS
A4GALT,NS,-0.559717835101399,0.046313232836131,NS,-0.814855451641463,0.175068116518657,DOWN,-1.20489556336946,0.00602260854352,DOWN IN LIMBUS
AADACL2,UP,2.07834141615729,0.0204585110983572,NS,-1.74816606164495,0.359573274445886,NS,0.939862834496723,0.431585125683449,C1 SPECIFIC
AASS,UP,1.5959279559004,0.0001369568026019,NS,0.458134557126943,0.526895216687807,UP,1.84232960743354,0.0009110751458919,SHARED C1 & C3
ABAT,DOWN,-1.40553019280796,4.48581500303247e-06,NS,-0.265395128313219,0.544238246417765,NS,-0.397218072571858,0.125339651340938,DOWN IN LIMBUS
ABCA1,UP,1.24564130949777,0.002583451459891,NS,0.13873817854973,0.902216933131268,NS,0.377297022392096,0.4570128214675,C1 SPECIFIC
ABCA6,UP,2.20861694972823,2.63249641279919e-05,NS,0.503655336215363,0.547120028070798,UP,2.05071564040465,0.0011112700935699,SHARED C1 & C3
ABCA8,UP,3.62427157673996,7.23580173885849e-06,NS,-0.0278215585455399,0.989030763801485,UP,2.4743978503549,0.0033132955277858,SHARED C1 & C3
ABCA9,UP,1.62382283426644,8.53720343769744e-05,NS,-0.766242687095652,0.241145422274755,UP,1.59846460871103,0.0017995719736187,SHARED C1 & C3
ABCB1,UP,1.69398206968944,7.07173035980361e-05,NS,0.412189096542674,0.561774821203024,UP,1.21020357998435,0.0107683427503359,SHARED C1 & C3
ABCB4,UP,2.01055358528102,2.44820051017543e-06,NS,0.46815018778994,0.404677431682216,UP,1.32945206842415,0.0018641721340684,SHARED C1 & C3
ABCC1,UP,1.0361190121644,0.0016969691473777,NS,0.313933181953702,0.643255803669584,NS,0.272903838041204,0.49422060583112,C1 SPECIFIC
ABCC4,UP,2.4770513984929,0.0001875017317411,NS,-1.24771043220998,0.2584284353771,NS,0.730139044714017,0.286965237202826,C1 SPECIFIC
ABCC9,UP,1.04648085135671,0.0362591280824936,NS,0.60454745019503,0.595411547269146,NS,-0.451663393373699,0.512546596385144,C1 SPECIFIC
ABCG2,UP,1.46278950084234,0.0001044967968269,NS,0.444878584724945,0.485807355520652,NS,0.555216078775032,0.146402710054349,C1 SPECIFIC
ABHD11,DOWN,-1.07306223194008,0.0013647455162856,NS,-0.482197768504863,0.450885801620895,NS,0.0342529498944546,0.942574887624142,DOWN IN LIMBUS
ABHD6,DOWN,-1.13996894099975,0.0021484606796387,NS,-0.0415132884589902,0.971379573487212,NS,0.582162822871224,0.185174218440345,DOWN IN LIMBUS
ABI3BP,UP,1.60845979858277,0.0001571658212687,UP,1.91989014069865,0.0063265153525431,UP,3.32014322924231,1.16947710960298e-05,CORE — all 3 contrasts
ABL1,UP,1.13489236060339,0.0001021171674373,NS,0.140371599141059,0.813448883658973,NS,0.432263267413688,0.143973042718281,C1 SPECIFIC
ABLIM2,DOWN,-1.35895801757373,0.0001429257491651,NS,0.290909743705275,0.651288417327146,NS,-0.0196129776790892,0.967082711359702,DOWN IN LIMBUS
ABRACL,NS,0.741026314419836,0.0258545932168943,NS,-0.483159765840131,0.516696043545969,DOWN,-1.13000564607073,0.0194074744603862,DOWN IN LIMBUS
ABTB3,NS,-0.170298062628394,0.579332903082855,NS,0.453587434276784,0.514675723774272,DOWN,-1.31185558567992,0.005824139327978,DOWN IN LIMBUS
ACACA,NS,-0.641340072158198,0.0364358942014893,NS,-0.210836387143805,0.795132752970821,DOWN,-1.02415770310586,0.0226316276654305,DOWN IN LIMBUS
ACADSB,NS,-0.835798972573243,0.020759409904225,NS,0.333025372014532,0.694469384322617,UP,1.01872648505037,0.0423964145820575,C3 SPECIFIC
ACAT2,NS,-0.387691290170999,0.311528072589465,NS,-0.452740445514765,0.62227879301513,DOWN,-1.43071056637138,0.0152714504418815,DOWN IN LIMBUS
ACKR1,UP,2.97454534786876,0.0001719836779029,NS,0.69502408848195,0.625329716522438,UP,2.29898668118872,0.0125753961484164,SHARED C1 & C3
ACKR3,UP,1.18251541759171,0.0125739272468002,NS,-0.279737375761886,0.822354863169286,NS,-0.0281324103081122,0.972075965766398,C1 SPECIFIC
ACKR4,UP,2.65616185523617,6.32395496780623e-05,NS,-1.45380187848453,0.165135714170937,UP,1.45296237513021,0.0362384265618263,SHARED C1 & C3
ACOT7,NS,0.0924791808815701,0.755002972565224,NS,0.186386135637928,0.810067459643597,DOWN,-1.06756879500974,0.0129978350992678,DOWN IN LIMBUS
ACOX2,NS,0.610680587003234,0.0390215428728036,NS,0.691724234317568,0.278736575295344,UP,1.04429529423344,0.0173510286574507,C3 SPECIFIC
ACSL4,UP,1.51366652203453,0.0028436924606134,NS,0.757956291407094,0.450885801620895,NS,-0.203850797846632,0.76809565815532,C1 SPECIFIC
ACSL5,UP,2.05708762848032,0.0003400417009263,NS,-1.26093492177163,0.194246334369038,NS,0.759854229277773,0.214631299383822,C1 SPECIFIC
ACSS3,NS,0.578684655552892,0.0479669178137456,NS,1.03791379999957,0.0984290154632084,UP,1.88109829626736,0.0005263851410622,C3 SPECIFIC
ACTA2,UP,2.74833466804834,8.92182656158652e-06,NS,0.809347665585786,0.356647257184449,UP,1.99296740006964,0.0025945681134711,SHARED C1 & C3
ACTG2,UP,1.04276917053205,0.0262603294705436,NS,0.592322260479668,0.571663066540489,UP,1.56198417994894,0.0216929992429486,SHARED C1 & C3
ACTN1,UP,2.10419545765239,0.0023157316365055,NS,0.757391870434247,0.587879318736478,NS,-0.805301971587394,0.329727528300735,C1 SPECIFIC
ACTR3C,NS,-0.499232618255293,0.0014608165854077,DOWN,-0.597151885693689,0.0376019593302066,NS,-0.613521619573193,0.0045052165978083,DOWN IN LIMBUS
ACVRL1,UP,1.40441737161823,0.0001105590315743,NS,0.0990006156442789,0.906379638207616,UP,1.17452302612304,0.0058608835182697,SHARED C1 & C3
ADA,UP,1.2602857701414,0.0007981679738557,NS,0.317079714682365,0.670881446355686,NS,-0.42072649885796,0.321362244721352,C1 SPECIFIC
ADA2,UP,1.17300021690887,0.0058203058157404,NS,-0.390053352529357,0.677901943029614,NS,0.610519599270416,0.246438269743325,C1 SPECIFIC
ADAM19,NS,0.702779692727863,0.120507941121233,NS,0.0081663621554479,0.996546599473231,DOWN,-2.2965395142306,0.0025744421218325,DOWN IN LIMBUS
ADAM28,UP,2.20422703988798,0.000658436198728,NS,-1.00818627445084,0.390438366400826,NS,-0.539491378111655,0.466279801756366,C1 SPECIFIC
ADAM33,NS,0.96022622360957,0.0006631974690074,NS,0.303086208656142,0.568655495786756,UP,1.05333217501595,0.0045915491023091,C3 SPECIFIC
ADAMTS1,UP,5.44205305225771,3.9551166925378e-09,NS,0.551074581807832,0.45081861788955,UP,1.91359223661605,0.0009090491979514,SHARED C1 & C3
ADAMTS2,UP,1.81584217383637,5.898649389788e-05,NS,-0.0052118655174835,0.996562643873083,UP,1.70447559444477,0.0018272186572669,SHARED C1 & C3
ADAMTS5,UP,3.78951046898751,6.37221959827122e-07,NS,-0.262337262014858,0.820334075057649,UP,3.1918223172572,0.000189563416214,SHARED C1 & C3
ADAMTSL1,UP,2.5716987662467,6.76191599245078e-07,NS,0.413408877967195,0.526895216687807,UP,1.70787203815676,0.0007797500255208,SHARED C1 & C3
ADAP1,NS,-0.677366794196272,0.0007032954716285,NS,-0.28552059834856,0.436441475577371,DOWN,-1.01273406043522,0.0006663363788043,DOWN IN LIMBUS
ADARB1,UP,2.36243256624474,5.78421573371603e-05,UP,2.16310090226911,0.0170288012108974,UP,2.06354090088897,0.0029025330848618,CORE — all 3 contrasts
ADCY2,UP,1.62309680160182,0.0034643823922637,NS,1.42010590116048,0.182350153058634,UP,1.43734924356008,0.044172951736523,SHARED C1 & C3
ADCY3,UP,1.93705921493431,4.7917779062228e-07,NS,0.417343877616267,0.354446440779585,NS,0.945190562216711,0.004165771173579,C1 SPECIFIC
ADCY4,UP,1.08200861894301,0.0004098714223496,NS,-0.373475657944598,0.509590602391374,NS,0.836700044135476,0.0217275678110506,C1 SPECIFIC
ADCY7,UP,1.48218537169598,5.1814816560842e-05,NS,0.348255285746977,0.561470474969241,NS,-0.283662074467288,0.431602891814273,C1 SPECIFIC
ADCY9,UP,1.37162656727602,1.62699027135171e-05,NS,0.0974646925467955,0.876790093458371,NS,0.618976455823246,0.0425051564687122,C1 SPECIFIC
ADD3,UP,1.53591850666727,1.85986691674374e-06,NS,-0.18625033120593,0.682016146454602,NS,0.526976909133927,0.0494581925849768,C1 SPECIFIC
ADGRA2,UP,3.29291538005412,9.06894934608918e-06,NS,0.907381473947938,0.390896252144064,UP,2.70213831479623,0.0011699681646463,SHARED C1 & C3
ADGRD1,UP,2.93366338859727,6.68774350210352e-08,NS,-0.610794408906668,0.271177094134759,UP,2.09323738404369,0.0001135632540832,SHARED C1 & C3
ADGRE5,UP,1.44218132526471,6.02841985727192e-05,NS,-0.279023142836651,0.651288417327146,NS,0.564939885340725,0.111773308582946,C1 SPECIFIC
ADGRF1,DOWN,-1.82659316029792,0.0047309524774673,NS,-1.53169149883547,0.228410319292383,DOWN,-2.07546764199033,0.0184347245567557,DOWN IN LIMBUS
ADGRF4,DOWN,-1.47639895998321,0.0010452415087299,NS,0.226642421554265,0.831299373389177,NS,-0.794517587507017,0.12663163248994,DOWN IN LIMBUS
ADGRF5,UP,2.51695038879396,9.06844540269968e-05,NS,-0.374602436449361,0.757717453671772,UP,1.58567659076369,0.0239607541185985,SHARED C1 & C3
ADGRL4,UP,4.07022766826093,1.06719364350099e-06,NS,0.74178987030445,0.491417774851654,UP,2.93509588503465,0.0006106983244221,SHARED C1 & C3
ADH1B,UP,4.85601743626372,1.01219656293713e-05,NS,-0.78087625469983,0.646551742775051,UP,3.65331175211986,0.0021828121953349,SHARED C1 & C3
ADH1C,UP,1.09220926346129,0.0276558412586843,NS,-1.82804823357008,0.0817558647663027,NS,0.946696301785597,0.151931206331953,C1 SPECIFIC
ADH5,UP,1.08039646541669,0.000109837908717,NS,0.0130365908308541,0.987967126207833,NS,0.552832843898329,0.0591421153516334,C1 SPECIFIC
ADH7,DOWN,-2.9152315018206,0.0042286038592756,NS,-0.526808624360548,0.841225131972527,NS,2.47287550344984,0.0572337997761223,DOWN IN LIMBUS
ADHFE1,NS,0.0775771017287203,0.82240925564194,NS,0.393470296702552,0.594514842017647,UP,1.27306963289346,0.0098009148757878,C3 SPECIFIC
ADIRF,DOWN,-1.53605843418447,2.63207417146775e-07,NS,0.228791101625351,0.516016264156687,NS,-0.788803597315409,0.0020583495903398,DOWN IN LIMBUS
ADM,NS,-0.422106650955234,0.204554540587668,NS,0.13807911288162,0.894501100025352,UP,2.14021455713878,0.0005928408357644,C3 SPECIFIC
ADORA3,UP,1.61885614018244,0.0126914062791556,NS,-0.740779150441279,0.603223502102136,NS,1.17687568803707,0.160890364791196,C1 SPECIFIC
ADRA2A,UP,2.20827115585956,0.0005702883875096,NS,0.594777440688672,0.631399729730854,UP,2.03898295535863,0.0110045834225656,SHARED C1 & C3
ADRB1,DOWN,-1.91835390923979,0.0013109709613737,NS,1.13353488646508,0.305411214511982,NS,-0.280342921830266,0.713638444741934,DOWN IN LIMBUS
ADRB2,DOWN,-1.30487798710995,0.0002907178675311,NS,0.117419451828518,0.891536441084594,NS,0.240698586845353,0.546901546242637,DOWN IN LIMBUS
ADTRP,DOWN,-1.00910074661393,0.0056391539373609,NS,-0.280571616581178,0.73813606177172,DOWN,-1.34187853052278,0.0092983016446197,DOWN IN LIMBUS
AEBP1,UP,3.18613307388188,1.35089463043476e-06,NS,1.24082375763422,0.124097136629699,UP,2.71354858382843,0.0002475131197956,SHARED C1 & C3
AFAP1,UP,1.07856831844296,0.0090061386628782,NS,0.323110499943245,0.739953192617452,NS,0.149946601122392,0.804611735577332,C1 SPECIFIC
AFAP1L1,UP,1.82339762564716,0.0001397565727573,NS,-0.167209611920287,0.875869064584778,NS,0.707624592757715,0.150579452986601,C1 SPECIFIC
AFAP1L2,NS,-0.726862583689682,0.0356494527158394,NS,0.401439684906196,0.613436927460312,DOWN,-1.63211965824269,0.0033132955277858,DOWN IN LIMBUS
AFDN,DOWN,-1.19591771181774,0.00024601000197,NS,-0.375391713876726,0.518605027897252,NS,-0.626861871277511,0.0759224526601923,DOWN IN LIMBUS
AFF3,UP,1.89167626365776,0.0014729806045863,NS,0.238834196137053,0.875235061519259,UP,1.56694201994965,0.0347344460205409,SHARED C1 & C3
AGL,DOWN,-1.54476492542594,2.01291482194192e-06,NS,0.626525471898212,0.125092920462849,NS,0.287546303351572,0.266463897221712,DOWN IN LIMBUS
AGPAT4,UP,1.0735095603766,0.0001034885867435,NS,0.0497164648247166,0.941423520829239,NS,-0.363008406266765,0.190294113171976,C1 SPECIFIC
AGR2,DOWN,-2.68037157017611,8.20669092366623e-05,NS,-1.75590314484292,0.101768839391531,DOWN,-1.75135574372135,0.018921568272443,DOWN IN LIMBUS
AGR3,NS,-0.251162852564239,0.539633459548067,DOWN,-1.87338340728165,0.0324308892980941,NS,-0.304872687422152,0.598928533454263,DOWN IN LIMBUS
AGRN,NS,-0.572258310588598,0.021754088529082,NS,-0.423945538883979,0.429245734733461,DOWN,-1.12204342505925,0.0039239746414247,DOWN IN LIMBUS
AGTR1,UP,1.70590069368214,6.55868085205204e-05,NS,0.25254886491654,0.747057900802467,UP,1.32724416978522,0.0061853811888016,SHARED C1 & C3
AHNAK2,NS,-0.390028244272807,0.0699093618994536,UP,1.11244570104968,0.0170288012108974,NS,-0.774480512324084,0.0169820695642913,C2 SPECIFIC
AHRR,UP,1.27072046936167,0.0011512537088989,NS,0.181025088167943,0.849878156889443,UP,1.09228804907367,0.0256389815060859,SHARED C1 & C3
AIF1,UP,1.74242178705409,0.0009539352040037,NS,-0.270724945971025,0.826041486390387,NS,1.23473848140544,0.0500143757887541,C1 SPECIFIC
AIF1L,UP,1.56987223204025,0.0006389588556312,NS,-0.0312535569894266,0.982797376498017,NS,0.678304026949797,0.18427692032498,C1 SPECIFIC
AK7,DOWN,-1.09784042776564,0.000947093834302,NS,-0.397101108914277,0.538520921556579,NS,-0.524397039228852,0.166782026641558,DOWN IN LIMBUS
AK9,DOWN,-1.00790056335749,0.0004550949990331,NS,-0.469792626055976,0.356647257184449,NS,-0.657302743997087,0.0472260659676159,DOWN IN LIMBUS
AKAP12,UP,2.69646618395404,7.88849131464769e-06,NS,-0.254562305150249,0.810487081351665,NS,0.75198205212965,0.154755048198471,C1 SPECIFIC
AKR1C3,UP,2.24286104267636,2.404249184463e-05,NS,-0.129570252221976,0.909665573407515,NS,0.865184994733124,0.0854673217322291,C1 SPECIFIC
AKT3,UP,2.25705681790167,4.50498133325713e-06,NS,0.47651865435758,0.494600898330243,NS,-0.116145104451409,0.807014218075925,C1 SPECIFIC
ALAD,DOWN,-1.04504791103047,4.55609715807819e-05,NS,-0.369075229105774,0.355174581930292,NS,-0.136297220544461,0.597867018500359,DOWN IN LIMBUS
ALCAM,UP,1.78664553549817,0.0086706419108223,NS,-0.551892782692466,0.726099465193472,NS,-1.06080399885113,0.214529074655315,C1 SPECIFIC
ALDH1A1,DOWN,-1.73130464906154,0.001397830330261,NS,0.484296431679573,0.662938153664533,NS,1.11169257025801,0.0845553663973227,DOWN IN LIMBUS
ALDH1A3,UP,1.40975419672064,0.0111805907162349,NS,-1.39042202939446,0.213255571077987,DOWN,-2.33153230626468,0.005106448558742,C1 SPECIFIC
ALDH1L1,UP,1.07966152467096,0.0061456461916554,NS,-0.578746655542471,0.483311867345142,NS,0.352636996939967,0.485434249713373,C1 SPECIFIC
ALDH2,NS,0.796182297170281,0.0250699112477967,NS,0.114118651922164,0.917296440900262,UP,1.90036987933575,0.0013826866139598,C3 SPECIFIC
ALDH3A1,DOWN,-2.48008739908475,0.0003333560988886,NS,0.602235517024447,0.642162756761894,UP,1.89362652993103,0.0202979550905759,C3 SPECIFIC
ALDH4A1,UP,1.03930673821467,0.0020563575537181,NS,0.85301572656224,0.177584601806031,UP,1.02362470900928,0.019870217864871,SHARED C1 & C3
ALDH7A1,NS,-0.697998130677657,0.0033629470654384,NS,0.307167427896085,0.53254171633951,UP,1.10507654211501,0.0019691545424492,C3 SPECIFIC
ALOX15B,NS,-0.237874120616433,0.372424729572986,UP,1.17961203472895,0.0396188767988427,NS,-0.699239035338167,0.0648146154905021,C2 SPECIFIC
ALOX5,UP,2.19986693723818,0.0080413386685353,NS,-1.49300802914859,0.377794187653836,NS,0.395435069509611,0.734589438090328,C1 SPECIFIC
ALOX5AP,UP,1.39911617866907,0.012781107898664,NS,-0.880409383839468,0.462418893927704,NS,0.6402705982248,0.380237056688822,C1 SPECIFIC
ALS2CL,DOWN,-1.12496673627909,0.0008708590333813,NS,0.534452968344437,0.389874017977527,NS,-0.580834739759221,0.131626214317232,DOWN IN LIMBUS
AMOTL1,UP,1.21934355483499,0.0002079530905503,NS,0.484775866945364,0.383499251290392,NS,0.249468466812196,0.478962563485072,C1 SPECIFIC
AMOTL2,UP,1.05300655985476,0.000315531263636,NS,0.767091253925626,0.11975238709691,NS,0.813136956625641,0.0184347245567557,C1 SPECIFIC
AMPD3,DOWN,-1.86226140590706,6.02564105199604e-05,NS,0.274983054835337,0.744812761211335,NS,0.544839718452447,0.225159660358638,DOWN IN LIMBUS
ANG,UP,1.72337919517966,3.58541252932977e-05,NS,0.170595575094347,0.834127577135487,NS,0.90905015529912,0.0326227899736197,C1 SPECIFIC
ANGPT1,UP,3.14120290651092,2.81116261187229e-05,UP,2.71259211351775,0.0148135903070428,UP,3.18424352813303,0.0006643055622662,CORE — all 3 contrasts
ANGPT2,UP,1.74925161917396,0.001409631030316,NS,-0.209723910028663,0.881368915059906,NS,0.905429587313246,0.157424706433074,C1 SPECIFIC
ANGPTL1,UP,1.51390332001472,0.0001429143858075,NS,0.0857430026214949,0.927717989883192,NS,0.985813306188418,0.0259630008429152,C1 SPECIFIC
ANGPTL2,UP,1.09174398966715,0.0146930355775813,NS,0.746443018369714,0.430730753965887,UP,1.97142291432028,0.0040649203157536,SHARED C1 & C3
ANGPTL7,NS,0.523857861813763,0.470552593704109,NS,2.00518034188416,0.196155967319918,UP,2.83572449622628,0.0109006558638924,C3 SPECIFIC
ANK2,UP,3.23980465812005,9.79064582045494e-05,NS,0.0657672951372215,0.976900004734621,UP,2.67459225488494,0.005745436323019,SHARED C1 & C3
ANKEF1,DOWN,-1.13876749912056,0.0004283446270102,NS,-0.338131410705667,0.569642644538003,NS,-0.702768214522279,0.0552878945203342,DOWN IN LIMBUS
ANKRD18A,DOWN,-1.81285943748328,6.87148859320536e-07,NS,-0.203795571636069,0.67125502558339,NS,-0.255921124254892,0.35090649738083,DOWN IN LIMBUS
ANKRD20A1,DOWN,-2.1714547138428,7.23580173885849e-06,NS,0.0796307950156638,0.937084427404238,NS,0.450222898779292,0.281681704786762,DOWN IN LIMBUS
ANKRD20A11P,DOWN,-1.48369420729681,0.000751672494967,NS,0.0848156110984224,0.944757353575755,NS,-0.72708745009794,0.144500972770782,DOWN IN LIMBUS
ANKRD20A12P,DOWN,-1.85661657936816,0.0005763769678863,NS,-0.0105870713425031,0.995254937911569,NS,0.643290440943918,0.280395476697328,DOWN IN LIMBUS
ANKRD20A2P,DOWN,-2.1714547138428,7.23580173885849e-06,NS,0.0796307950156638,0.937084427404238,NS,0.450222898779292,0.281681704786762,DOWN IN LIMBUS
ANKRD20A3P,DOWN,-2.1714547138428,7.23580173885849e-06,NS,0.0796307950156638,0.937084427404238,NS,0.450222898779292,0.281681704786762,DOWN IN LIMBUS
ANKRD20A4P,DOWN,-2.1714547138428,7.23580173885849e-06,NS,0.0796307950156638,0.937084427404238,NS,0.450222898779292,0.281681704786762,DOWN IN LIMBUS
ANKRD20A5P,DOWN,-2.1714547138428,7.23580173885849e-06,NS,0.0796307950156638,0.937084427404238,NS,0.450222898779292,0.281681704786762,DOWN IN LIMBUS
ANKRD20A8P,DOWN,-2.01826709423478,0.0007837476266584,NS,-0.0107837841050693,0.995500376717069,NS,0.918860396695859,0.174343872484033,DOWN IN LIMBUS
ANKRD20A9P,DOWN,-2.1714547138428,7.23580173885849e-06,NS,0.0796307950156638,0.937084427404238,NS,0.450222898779292,0.281681704786762,DOWN IN LIMBUS
ANKRD28,UP,1.21543512946464,0.0029510736931715,NS,0.268081807160804,0.778648884522612,UP,1.48860701944041,0.0083447285926693,SHARED C1 & C3
ANKRD29,UP,2.57856656596507,2.2192201492737e-06,NS,0.696130540395906,0.320294932924576,NS,0.873483403059555,0.0553063300742574,C1 SPECIFIC
ANKRD34C,DOWN,-1.5841443657572,0.0004184884439785,NS,-0.0929158712988043,0.936920108289731,NS,-0.649893974158533,0.181987350205906,DOWN IN LIMBUS
ANKRD35,UP,1.54661673385665,0.0025433702236006,NS,-0.192471096591488,0.888483801536949,NS,1.2020643362359,0.0590862119278763,C1 SPECIFIC
ANKRD44,UP,1.28935386050521,0.0009264795582425,NS,0.290901567886419,0.720783197770296,UP,1.13400159007539,0.0198830900810203,SHARED C1 & C3
ANKRD46,DOWN,-1.17275587010739,6.20420894593353e-05,NS,0.555489575860351,0.219404002071306,NS,0.0705041916447904,0.834261599317399,DOWN IN LIMBUS
ANKRD50,UP,1.57877795203615,0.0002377118291505,NS,-0.0219579532109426,0.98757233900375,NS,-0.506673631862591,0.259347667430179,C1 SPECIFIC
ANKRD6,UP,1.03191804339894,0.0004352547426229,NS,-0.0768530629631163,0.917804428879256,NS,0.528197060161295,0.104033648210984,C1 SPECIFIC
ANKS1B,UP,1.18115909026342,0.0012839911880195,NS,0.0695116287931539,0.947393838073552,NS,0.819473028497336,0.0616344424281635,C1 SPECIFIC
ANO1,UP,1.02645874987494,0.0449532926533194,NS,-1.73358457222345,0.109006454164429,NS,-0.879947659839733,0.199303165535114,C1 SPECIFIC
ANO2,DOWN,-1.65960396231194,3.69028730605897e-05,NS,0.259103734237527,0.708772031018644,NS,0.365870668242573,0.339721299317891,DOWN IN LIMBUS
ANO3,DOWN,-1.57988550878333,0.0003961758226492,NS,-0.244888952873821,0.799018302609684,NS,-0.772212679950799,0.114629915023239,DOWN IN LIMBUS
ANO4,DOWN,-3.80037648990683,1.8156827308506e-05,NS,0.153365869899557,0.937084427404238,DOWN,-1.86255300250793,0.0321756146671736,DOWN IN LIMBUS
ANO6,UP,1.36003430904319,0.0001437646851331,NS,-0.0476217472234772,0.959388460204418,NS,-0.438171212462535,0.227891674474848,C1 SPECIFIC
ANOS1,DOWN,-1.48053505354046,0.0005527029254993,NS,-0.223451843645489,0.816288942646839,NS,0.386562588723916,0.422342420778566,DOWN IN LIMBUS
ANPEP,UP,2.27118197570475,3.09701172306597e-05,NS,0.771593295914064,0.353170421933865,UP,1.22973922026612,0.0272605893227969,SHARED C1 & C3
ANTXR1,UP,2.8541650651492,7.50824871712363e-06,NS,0.891325108515273,0.314814755035323,UP,2.15453394463536,0.0017872162374909,SHARED C1 & C3
ANTXR2,UP,3.52906912316998,1.95384860737443e-05,NS,0.226485220025276,0.894501100025352,NS,-1.55284927651957,0.0500315311123947,C1 SPECIFIC
ANXA3,UP,2.7293936956125,0.0001088626357303,NS,-1.41064454336572,0.208918385114637,DOWN,-2.40633847476532,0.0043539504533516,C1 SPECIFIC
ANXA5,UP,1.76802839414926,1.25552653536921e-05,NS,0.138914678231581,0.858313101021184,NS,0.44092353073472,0.218855699106055,C1 SPECIFIC
ANXA6,UP,2.01407104897045,0.0072403421789939,NS,0.890512847996536,0.576429998705385,NS,1.76483587075861,0.068890387073763,C1 SPECIFIC
ANXA8,DOWN,-1.23449804504498,8.37842866957782e-05,NS,0.233684385194616,0.67115517814732,NS,-0.913055269538241,0.0100298781496723,DOWN IN LIMBUS
ANXA8L1,DOWN,-1.23449804504498,8.37842866957782e-05,NS,0.233684385194616,0.67115517814732,NS,-0.913055269538241,0.0100298781496723,DOWN IN LIMBUS
ANXA9,NS,-0.637439002699214,0.0406322166188359,DOWN,-1.45628529659628,0.0288086798105972,DOWN,-1.98741692474263,0.0005263851410622,DOWN IN LIMBUS
AOC3,UP,1.80590194413466,0.0020302283497344,NS,0.773318288042979,0.512002919947663,UP,1.85682950546887,0.0158428163542319,SHARED C1 & C3
AOX1,UP,3.23988973267542,3.8582122900984e-06,NS,-0.278711991423918,0.811738378723534,UP,1.56536669541053,0.0155030490851385,SHARED C1 & C3
AP1M2,DOWN,-1.02073461721796,0.003064570109204,NS,-0.760483273870693,0.254785342382996,DOWN,-1.8014403809014,0.0009031405905669,DOWN IN LIMBUS
AP1S2,UP,1.20732146630746,8.11458998811229e-05,NS,0.280817083188936,0.586760991099359,NS,0.854698932414337,0.0126339559003927,C1 SPECIFIC
AP1S3,DOWN,-1.08285914105897,0.002498206759692,NS,0.0376921258113825,0.973085518982067,DOWN,-1.33925300786483,0.0067664371100677,DOWN IN LIMBUS
APBB2,UP,1.53991175593906,0.0010905788560851,NS,0.513774327586836,0.573065354058739,NS,0.850902743181509,0.120007601155273,C1 SPECIFIC
APCDD1,UP,1.4315114109074,0.0055881484974849,NS,0.344470173899271,0.782118319465588,NS,1.31097618412435,0.0509611741288403,C1 SPECIFIC
APOBEC3G,NS,-0.121653126985291,0.70017155484455,NS,-0.702536293944472,0.288420078687073,DOWN,-1.15187839453929,0.0129486323122164,DOWN IN LIMBUS
APOD,UP,1.93799333646929,0.0011221410621952,NS,1.30768503710707,0.229412301754488,UP,2.91876189517223,0.0009766284617255,SHARED C1 & C3
APOL2,UP,1.15153246065721,0.0002366823323685,NS,0.598709438766757,0.256789950858526,NS,0.313221619998256,0.343727574275561,C1 SPECIFIC
APOL3,UP,1.64450848580192,0.0003263999409611,NS,0.0454512306160266,0.971978006598108,UP,1.2412210580268,0.0212117177624281,SHARED C1 & C3
APOL6,NS,0.671003004542802,0.0359212806402806,NS,-0.716093827524158,0.299726265580665,DOWN,-1.10840220681471,0.0188107230528042,DOWN IN LIMBUS
APOLD1,UP,2.50776146288403,6.18749574140764e-05,NS,0.564196790199175,0.586760991099359,UP,1.87024751651852,0.0077065148364956,SHARED C1 & C3
AQP1,UP,1.61313435756542,0.0038151873544476,NS,1.21403362030521,0.265233117927353,UP,2.0031398941245,0.009680342053792,SHARED C1 & C3
AR,UP,2.04758857156392,0.0001262718828732,NS,1.58795887695369,0.0657752391475944,UP,1.91624297644519,0.0033287340783074,SHARED C1 & C3
ARAP2,DOWN,-1.0488571618842,0.0081353805538936,NS,-0.225170141190818,0.826041486390387,NS,-0.82797656671026,0.103662138946362,DOWN IN LIMBUS
ARAP3,UP,1.05467532599374,0.0001045036641952,NS,-0.316743753189,0.494162227051107,NS,-0.0289935686974427,0.932451829699662,C1 SPECIFIC
AREG,DOWN,-2.52939701078984,6.10048137810679e-05,DOWN,-1.95476571320056,0.0418510603938613,DOWN,-2.58271594555719,0.0010986232324334,DOWN IN LIMBUS
ARHGAP12,DOWN,-1.35019040138578,1.8088724263311e-06,NS,-0.0062658801279074,0.992201602679491,NS,-0.0894652527711752,0.718538625757896,DOWN IN LIMBUS
ARHGAP20,UP,1.26005875416141,0.000419828978806,NS,0.0116907142546889,0.991778070653971,UP,1.18181791939925,0.0078872292335134,SHARED C1 & C3
ARHGAP26,UP,1.97604826508315,1.17735905055328e-05,NS,0.198862228048124,0.804448438526791,NS,0.839949149583734,0.0465356004440465,C1 SPECIFIC
ARHGAP27,DOWN,-1.62976610813918,7.40388025034677e-05,NS,-0.362752576819741,0.601337970020853,NS,-0.927136333327997,0.0335975312142477,DOWN IN LIMBUS
ARHGAP29,UP,2.13026277256206,0.0002476124627092,NS,-0.101884709362523,0.946833051593211,NS,-0.394483651415529,0.535923691898292,C1 SPECIFIC
ARHGAP31,UP,1.88922218383836,1.22937553749236e-05,NS,0.260604349432731,0.710396677429699,NS,0.417458551592072,0.276382565098069,C1 SPECIFIC
ARHGAP44,DOWN,-1.46541220189544,0.0009384117705734,NS,0.101334999942536,0.931860485527806,NS,-0.668209961891325,0.183780270792904,DOWN IN LIMBUS
ARHGAP6,UP,2.38704957759049,0.0008708590333813,NS,-0.914690022336996,0.5083127762198,NS,1.40464152851887,0.0899088505039586,C1 SPECIFIC
ARHGAP9,UP,1.31889252215493,0.0002550282823298,NS,0.0414760145290902,0.966365016244728,NS,0.80004637362431,0.0464290742254788,C1 SPECIFIC
ARHGEF2,UP,1.05272424379066,0.0002983805457329,NS,-0.0830978322903348,0.907533873360838,NS,-0.239368397185174,0.451195532745543,C1 SPECIFIC
ARHGEF26,UP,1.03535270712368,0.0057552575254589,NS,0.597791426223214,0.43454630955257,NS,0.613970330469029,0.186660557477014,C1 SPECIFIC
ARHGEF28,DOWN,-1.30265542863285,0.0004636950005629,NS,0.358647550495292,0.607179789998367,NS,-0.295659405038423,0.479781665571479,DOWN IN LIMBUS
ARHGEF3,DOWN,-1.71465784924761,2.63249641279919e-05,NS,0.596964320566272,0.326763045879064,NS,0.682860534836516,0.0798951086196133,DOWN IN LIMBUS
ARHGEF4,DOWN,-1.45342322502092,1.41586294774874e-05,NS,0.490323152474247,0.309254608083692,NS,0.225148287390383,0.46618302398424,DOWN IN LIMBUS
ARHGEF40,UP,1.65854861698904,8.79756387749052e-05,NS,0.0016816948641569,0.998486050957243,NS,0.893227550995285,0.0451554933345557,C1 SPECIFIC
ARHGEF6,NS,0.898438216636461,0.0012535369992175,NS,0.562750657225275,0.276676688657422,UP,1.47020251446522,0.0006269924517683,C3 SPECIFIC
ARID5B,UP,1.31578995194745,0.0007981679738557,NS,0.294364872328373,0.715749644571025,UP,1.9343908335,0.0008343906528121,SHARED C1 & C3
ARK2C,UP,1.41121443845972,0.0003254452272656,NS,0.0616792417725529,0.953937768053865,NS,0.966868132302317,0.0327798233382992,C1 SPECIFIC
ARK2N,NS,-0.907830373261265,0.0010359420854581,NS,-0.668834583663467,0.179275907920499,DOWN,-1.11618170598341,0.0033287340783074,DOWN IN LIMBUS
ARL4A,UP,1.40940324708507,0.011777281557737,NS,-0.0971834096451314,0.957715158081379,NS,1.24140640542075,0.089846393285443,C1 SPECIFIC
ARL4D,DOWN,-1.48136730051116,0.0001474690547531,NS,-0.515396419504476,0.430764220403507,NS,-0.452652358522702,0.25500690068323,DOWN IN LIMBUS
ARL5B,DOWN,-2.13999511869966,8.18724631886816e-06,NS,-0.231741115636628,0.772827732337081,NS,-0.0843939703025174,0.866260039878957,DOWN IN LIMBUS
ARMCX1,UP,2.49010045926355,1.64117531748251e-06,NS,0.445617478194411,0.518175073257951,NS,0.918980130775539,0.0349703183462671,C1 SPECIFIC
ARMCX2,UP,1.77163619877251,5.96356280820729e-06,NS,0.483358094249141,0.37541649162806,NS,0.139473216002868,0.703335098611704,C1 SPECIFIC
ARMCX3,UP,3.26206031128938,1.20063757416571e-08,NS,0.0522961371695807,0.946919837370694,NS,0.498231467486198,0.120432171651646,C1 SPECIFIC
ARMCX4,UP,1.19395668981774,0.0083136879923668,NS,0.123427588050853,0.926922078364608,UP,1.25420311224887,0.0392528059812901,SHARED C1 & C3
ARMCX6,UP,1.70282531498378,6.46303872017515e-06,NS,-0.064623472623845,0.932849518554161,NS,-0.0054217252890982,0.989871321134107,C1 SPECIFIC
ARNT2,UP,1.33747795675139,8.94888774552588e-06,NS,0.238951626603472,0.594848887086039,UP,1.18083777404959,0.0007304966083286,SHARED C1 & C3
ARPC1A,NS,0.314701332251751,0.209908060090714,NS,-0.228609160848574,0.720783197770296,DOWN,-1.18470827779175,0.0041006311695618,DOWN IN LIMBUS
ARPC1B,UP,1.07337983163911,0.0005049925210565,NS,-0.321046608311157,0.575963320515131,NS,-0.938714027618602,0.0135734164881828,C1 SPECIFIC
ARRDC1,DOWN,-1.14401026046104,6.21911123735164e-06,NS,-0.404146642312753,0.240354240189254,NS,-0.703492498000503,0.0054133791396339,DOWN IN LIMBUS
ARSB,UP,2.01053756669279,4.51800498920427e-05,NS,0.699319244710601,0.36241580700574,NS,0.988811207353451,0.0472541733871564,C1 SPECIFIC
ARSG,DOWN,-1.43787805388313,5.72387273320326e-06,NS,-0.213313387291793,0.652758332231399,NS,0.463341755668094,0.091559999678177,DOWN IN LIMBUS
ARSJ,UP,1.38385704102532,0.0004660457931153,NS,-0.196316702661274,0.825648225201334,NS,-0.30513817121247,0.49422060583112,C1 SPECIFIC
ASAP1,UP,1.30120715622932,0.0002778046414745,NS,0.310615305005411,0.639371790417932,NS,0.663558533209355,0.0879567105622434,C1 SPECIFIC
ASAP2,NS,-0.291274747090922,0.33515252936973,NS,-0.21680078132268,0.789951410387599,DOWN,-1.16474789532904,0.0128834314888037,DOWN IN LIMBUS
ASIC1,UP,1.01039023992712,0.0001726932818577,NS,0.367938430432421,0.417938345163704,NS,0.689672486316085,0.0233145692513929,C1 SPECIFIC
ASPH,DOWN,-1.38562090947975,1.86702344530535e-05,NS,0.584577287212588,0.208766826388479,NS,0.403470183777088,0.172097005629889,DOWN IN LIMBUS
ASPHD2,DOWN,-1.08409100085779,0.0002939695679077,NS,0.443990033847643,0.392325631727251,NS,0.500637473662733,0.121296950375958,DOWN IN LIMBUS
ASPN,UP,2.90533029090357,1.08203394053088e-05,NS,0.789788461851341,0.407210823235096,UP,2.27547969986059,0.0017714263275663,SHARED C1 & C3
ATG10,DOWN,-1.0485152964475,0.0011061029856947,NS,-0.219578124002584,0.750651354906121,NS,-0.51167773849572,0.166852290617561,DOWN IN LIMBUS
ATL2,DOWN,-1.28107154068008,4.28632206710102e-06,NS,-0.589491177196552,0.106022066434109,NS,-0.903312246522403,0.0017918435210049,DOWN IN LIMBUS
ATP10A,UP,1.19142344630174,4.58638052232643e-05,NS,0.066713972732023,0.918204501184712,NS,0.914256958049159,0.0053448045560875,C1 SPECIFIC
ATP11A,UP,1.05282485869993,0.0001839932314658,NS,-0.189095429710916,0.723547675241347,NS,0.0500526835978929,0.888437867414217,C1 SPECIFIC
ATP13A2,NS,-0.0114512403146749,0.970163333282199,NS,-0.390811928713092,0.518605027897252,DOWN,-1.56191093059711,0.0008474512701516,DOWN IN LIMBUS
ATP1A2,UP,2.42342060747699,0.0013040330873968,NS,0.421678724631495,0.810487081351665,NS,1.70309887996717,0.0595218891332347,C1 SPECIFIC
ATP1B1,NS,0.0792089935672493,0.855307038916619,NS,-0.736071539472254,0.404677431682216,DOWN,-1.12011144154809,0.0488706947537612,DOWN IN LIMBUS
ATP1B3,DOWN,-1.02654643753804,0.0001580825589964,NS,-0.0662689699832866,0.918204501184712,NS,-0.0380403449473992,0.913475550015512,DOWN IN LIMBUS
ATP23,DOWN,-1.74740147961379,1.8088724263311e-06,NS,0.323383849632735,0.511310631372119,NS,-0.0721118657127295,0.832678737012937,DOWN IN LIMBUS
ATP8A1,UP,1.12524912795528,0.0015557242475233,NS,0.124446365650948,0.894501100025352,NS,0.578217422383148,0.165101832112518,C1 SPECIFIC
ATP8B2,UP,2.68375410076708,1.82800617047826e-06,NS,1.02966621385741,0.148110807588939,UP,1.79071435745054,0.0014003382944233,SHARED C1 & C3
ATXN7,DOWN,-1.08828770157972,0.0058164865913534,NS,0.253863341437604,0.79296577358173,NS,0.0750680339739063,0.90114559518377,DOWN IN LIMBUS
AVPR1A,UP,1.63619511201953,0.0018985295667173,NS,0.606475930735415,0.563296548399884,NS,1.23349073921821,0.056213619148016,C1 SPECIFIC
AXIN2,UP,1.45413333247369,8.08080308237934e-05,NS,0.983304096505936,0.0968593377966423,UP,1.50432390580066,0.0012823958147527,SHARED C1 & C3
AXL,UP,1.80190740103615,6.44368375149932e-06,NS,0.545234728393265,0.321598486926349,NS,0.886653432266872,0.0191364388707102,C1 SPECIFIC
B3GNT3,NS,-0.736466356375386,0.0337401917009338,NS,-0.743831529119618,0.315176781458006,DOWN,-1.48054468184299,0.0058137887585873,DOWN IN LIMBUS
B4GALNT3,DOWN,-1.41955869754498,0.0004506446277403,NS,-0.306920115913588,0.700189571010514,NS,-0.738752387317171,0.100492206286193,DOWN IN LIMBUS
B4GALT6,UP,1.70201748713021,0.0004530379348509,NS,0.50736355553225,0.571663066540489,NS,0.113503706910751,0.857057443421656,C1 SPECIFIC
BAALC,UP,1.65939951061435,0.0115920743289778,NS,-0.355115431691627,0.840380641745444,NS,1.42664395577057,0.0960737443964144,C1 SPECIFIC
BACE2,UP,1.51432892616079,8.57364775574542e-07,NS,-0.203804001687769,0.611590514039237,NS,-0.143708248259986,0.554833370859835,C1 SPECIFIC
BAIAP2,DOWN,-1.05125754975366,0.0005018098096401,NS,-0.049040532244546,0.953873714587408,NS,-0.193194128047548,0.579892369590063,DOWN IN LIMBUS
BAIAP2L1,DOWN,-1.55189105147501,0.0002045126550597,NS,-0.0050206293402999,0.996562643873083,DOWN,-1.43073494997784,0.0050511108079509,DOWN IN LIMBUS
BAK1,NS,-0.530159658056899,0.0064736355031191,NS,-0.334051856330245,0.401186623354404,DOWN,-1.1124070009199,0.0006269924517683,DOWN IN LIMBUS
BAMBI,NS,0.0048591514499367,0.992543648809881,NS,1.68143486417622,0.0588249886036334,UP,1.95543795436477,0.0037182899265492,C3 SPECIFIC
BBOX1,DOWN,-1.74903482837534,0.0024057090828303,NS,-0.687966972574969,0.555872860809523,NS,-0.282318316876797,0.710209295860356,DOWN IN LIMBUS
BCAM,DOWN,-1.31738319302815,0.0020373290337738,NS,-0.0970614449317937,0.936280394116544,NS,0.25076404111373,0.642179991613215,DOWN IN LIMBUS
BCAT1,UP,2.19573590318869,3.31204074109654e-05,NS,-0.389008430843753,0.65956903241658,NS,0.247363478118348,0.642179991613215,C1 SPECIFIC
BCHE,UP,1.47961837626974,0.0136071796294564,NS,-0.013727779028037,0.995245253426165,NS,0.541840647447962,0.496168463697828,C1 SPECIFIC
BCKDHB,NS,-0.82250121932709,0.000740756774998,NS,0.0738848941554675,0.906313653140161,UP,1.16578789708361,0.0010003036900882,C3 SPECIFIC
BCL11B,UP,1.31300276498879,0.0059040229415084,NS,0.374705559999959,0.73216901008275,NS,0.969199129528798,0.108360007639845,C1 SPECIFIC
BCL2,UP,2.51232035498644,0.0001550993275807,NS,0.211389306288678,0.889693531429345,UP,1.80204753990064,0.0169728523520024,SHARED C1 & C3
BCL2L11,DOWN,-1.55609253674943,0.001001205842899,NS,-0.304426739641553,0.768101417705727,NS,0.276915424670965,0.629201690979211,DOWN IN LIMBUS
BCL2L13,DOWN,-1.44504732509615,0.000206609126401,NS,0.924106547675686,0.158760274005846,NS,-0.323028912694777,0.434898569639547,DOWN IN LIMBUS
BCL6,NS,-0.0196649786268743,0.967056685569781,NS,0.53611870151453,0.560665484478749,UP,1.20049891656421,0.0387721526042813,C3 SPECIFIC
BCO1,DOWN,-1.2428049220266,0.0155368631934922,NS,-0.899533378080046,0.407359527251523,NS,0.29600503921932,0.680597366258071,DOWN IN LIMBUS
BCO2,DOWN,-1.62603025863608,9.45644779667123e-06,NS,0.120758276540249,0.863222802439948,NS,-0.0646439977929258,0.867280684563083,DOWN IN LIMBUS
BDKRB1,DOWN,-1.26275846855244,0.0034775598626942,NS,0.484897985580359,0.586760991099359,NS,0.423151735931426,0.428552067102282,DOWN IN LIMBUS
BEND5,DOWN,-1.19334771347604,0.0001434428368109,NS,0.264388985326946,0.63752473515327,NS,0.578978982148143,0.0786562802887957,DOWN IN LIMBUS
BEX1,UP,1.3628092593267,0.0082200529946471,NS,0.911032134536505,0.389780245171488,NS,1.1485656726049,0.0848669817721,C1 SPECIFIC
BGN,UP,1.29846956876938,0.0331043212063774,NS,1.67456080589518,0.18964519001331,UP,2.92085747167346,0.0029617593096586,SHARED C1 & C3
BHLHE22,UP,1.39783114661008,0.0009797580001164,NS,0.761771118289762,0.325404196429488,UP,1.14872301053563,0.0284180078084206,SHARED C1 & C3
BHLHE40,DOWN,-1.34317371590322,0.0068219029701056,NS,-0.141957575837475,0.922152695529188,NS,-0.661165108665735,0.286173054705575,DOWN IN LIMBUS
BHLHE41,DOWN,-1.70806666434734,3.2131424176378e-05,NS,0.631544793725569,0.308582913646748,NS,0.692663818514376,0.0808115627689831,DOWN IN LIMBUS
BHMT2,UP,1.73698725905303,0.0018488350800268,NS,0.823096025184607,0.447230758717198,UP,1.80283366310937,0.0141001999103784,SHARED C1 & C3
BICC1,UP,3.0346694778664,4.37569245768126e-05,NS,1.44133411645404,0.198031513304971,UP,1.94049696511756,0.0145150832795156,SHARED C1 & C3
BICD2,DOWN,-1.02198848075735,0.0001360722713099,NS,-0.0137785144802933,0.986612246981377,NS,-0.483514276691516,0.0840210501459561,DOWN IN LIMBUS
BID,NS,0.438557454972709,0.0711591411744332,NS,-0.920741332804365,0.0826708397775538,DOWN,-1.11650770211707,0.0044152138258307,DOWN IN LIMBUS
BMAL2,UP,1.39184089802939,0.0111704781190444,NS,-0.63555431488658,0.594772185078513,DOWN,-2.69798878796022,0.001883930491996,C1 SPECIFIC
BMP2,UP,1.76012242983833,7.57828510511261e-05,NS,-0.068121241485632,0.952049407076875,NS,-0.0621290899992397,0.910048043950724,C1 SPECIFIC
BMP4,UP,2.00417771697217,5.42726142956139e-06,UP,1.21350404719831,0.0376019593302066,UP,1.7029529407332,0.0006269924517683,CORE — all 3 contrasts
BMP7,DOWN,-1.14266712575463,0.0076641150060719,NS,0.73314540933229,0.404677431682216,UP,1.18513387370998,0.0391453568421874,C3 SPECIFIC
BMPER,UP,1.3253045983175,0.0254807543101392,NS,1.45606538525644,0.241661154121267,UP,1.84487138028205,0.0294050135786431,SHARED C1 & C3
BNC2,DOWN,-1.65437665988895,3.5835445105702e-05,NS,0.33030764026826,0.612782515502442,NS,0.617098894145252,0.108748966499002,DOWN IN LIMBUS
BNIP3,UP,1.84596107302131,0.0001791893902463,NS,0.461318897367365,0.59553648108512,NS,-0.35017958638864,0.505531281200996,C1 SPECIFIC
BNIPL,DOWN,-1.59851237229413,0.0067400562236176,NS,-0.282495898696464,0.85906742669184,NS,0.0950491255397772,0.917794921361494,DOWN IN LIMBUS
BOC,NS,0.303752624040554,0.48620581941176,NS,0.610566490826248,0.544238246417765,UP,1.93674058556461,0.005106448558742,C3 SPECIFIC
BRD7,DOWN,-1.11159811030553,3.79990792271678e-05,NS,-0.258547872631767,0.553334220128243,NS,-0.341987793960723,0.181501954063833,DOWN IN LIMBUS
BRI3BP,DOWN,-1.10530892946196,1.16966922315599e-05,NS,-0.0792465064745098,0.871722725837851,NS,-0.565288238874253,0.0213319047411813,DOWN IN LIMBUS
BST1,NS,0.94512781543573,0.0274109217932588,NS,-0.316100543622723,0.771475201819442,UP,1.5312018858053,0.0153539062587481,C3 SPECIFIC
BTBD16,DOWN,-1.73650709919919,7.06576883509358e-05,NS,-0.539347871149693,0.446556494589212,NS,-0.603001239736742,0.162689976710194,DOWN IN LIMBUS
BTF3L4,DOWN,-1.02429831050477,8.87967960423385e-05,NS,-0.122010012904609,0.818222603565007,NS,-0.0813199009905929,0.784118686047052,DOWN IN LIMBUS
BTG1,DOWN,-1.03794793720777,0.0166698189390639,NS,-0.104944192395211,0.938533901733255,NS,-0.196745895774285,0.756252123610105,DOWN IN LIMBUS
BTNL9,UP,2.04078850269378,0.0003254452272656,NS,0.791642824685423,0.426728697756109,UP,1.47041426392725,0.0261931485573046,SHARED C1 & C3
C10orf55,DOWN,-1.00969907959407,0.0007689816741772,NS,-0.195792827776495,0.759313089042429,DOWN,-1.01199518944606,0.0086668610991661,DOWN IN LIMBUS
C12orf75,DOWN,-1.06483329270572,0.0347202236772025,NS,0.789496006846871,0.485014696894463,NS,-0.237866333180552,0.753106599075696,DOWN IN LIMBUS
C14orf132,UP,1.07793906216529,0.0024369264568855,UP,1.60267322188793,0.0175788313681996,UP,1.57777105323932,0.0024238079375671,CORE — all 3 contrasts
C15orf48,UP,2.15838718312368,0.0118224424937547,NS,-2.72050067382061,0.116022433230377,DOWN,-3.64585583193941,0.0047950798566344,C1 SPECIFIC
C1QA,UP,1.60220350274557,0.0023538754742908,NS,-0.852740991523095,0.404725057516516,NS,1.09157379660581,0.0890885008797566,C1 SPECIFIC
C1QB,UP,2.46780571528807,0.001413994207729,NS,-0.583746584567082,0.722942631791183,NS,1.8397557511933,0.0506291352707272,C1 SPECIFIC
C1QC,UP,2.23569058698482,0.0023199542565612,NS,-0.72100716188418,0.63752473515327,NS,1.63102369532658,0.0698850535756102,C1 SPECIFIC
C1QTNF5,NS,0.98297264475903,0.0013999335860063,NS,0.402644792835721,0.5085826005182,UP,1.16344901281161,0.0053448045560875,C3 SPECIFIC
C1QTNF7,UP,2.68438677191148,0.000126150919819,NS,1.64450913411462,0.148694688312413,UP,2.44393627351764,0.0039042845874485,SHARED C1 & C3
C1R,UP,3.98790744700758,5.91287768764395e-07,NS,0.0599128643665772,0.968908228331842,UP,2.82883146247363,0.000512309637123,SHARED C1 & C3
C1RL,UP,1.48127172604261,6.44368375149932e-06,NS,-0.18884390606943,0.714443688386792,NS,0.859333229310483,0.0078872292335134,C1 SPECIFIC
C1S,UP,4.4953983377851,3.24522346236138e-07,NS,0.270249346382615,0.832950114744517,UP,2.94021016144888,0.0005263851410622,SHARED C1 & C3
C1orf105,DOWN,-1.60494237297981,0.0003721921466099,NS,0.093769183655783,0.935992890244237,NS,-0.881737339172098,0.0777300197564513,DOWN IN LIMBUS
C1orf115,UP,1.25201356262111,0.0009787633202223,NS,-0.501519223053593,0.493748323245482,NS,0.428494849401494,0.324210017828406,C1 SPECIFIC
C1orf116,DOWN,-1.21151165687981,0.0263387646705808,NS,-0.449850698404122,0.735498244738486,DOWN,-2.03519081076392,0.0122519682198608,DOWN IN LIMBUS
C1orf162,UP,1.88473901261782,0.0028844695006746,NS,-0.255409844108095,0.877843943363877,UP,1.74465179980722,0.033325049848404,SHARED C1 & C3
C1orf198,UP,1.65729691563775,5.99893812447623e-05,NS,0.768935857366975,0.229727997257715,UP,1.18419231370149,0.0096412528523095,SHARED C1 & C3
C1orf21,NS,0.804228098866646,0.0145337936420375,NS,0.763602558707393,0.265009572388696,UP,1.03125031414047,0.0258882321374834,C3 SPECIFIC
C1orf210,DOWN,-1.04505097666387,0.0044416182833876,NS,-0.747081387755573,0.305411214511982,NS,-0.268752391983405,0.570385837452401,DOWN IN LIMBUS
C1orf53,DOWN,-1.13697477199525,0.0022485519513841,NS,-0.727462684946587,0.305411214511982,NS,-0.594902559017445,0.178584401862923,DOWN IN LIMBUS
C1orf74,NS,-0.876152526810156,0.0013751658296638,NS,-0.227090197802019,0.68945086434907,DOWN,-1.05286285990497,0.0048463135762321,DOWN IN LIMBUS
C21orf91,DOWN,-1.07759129726475,4.45742699734594e-05,NS,-0.250665235225699,0.557722580166791,NS,-0.776737892753488,0.0075394749044699,DOWN IN LIMBUS
C2CD2L,DOWN,-1.43610192311233,2.55174666489193e-05,NS,-0.398888157019226,0.445411043219827,NS,-0.178973976414054,0.590276170339713,DOWN IN LIMBUS
C2orf88,UP,1.06955928674124,0.0010277652426677,NS,-0.0589961899069635,0.950488596681095,NS,0.822090055636587,0.0384025140086888,C1 SPECIFIC
C3,UP,4.38013678691779,5.91287768764395e-07,NS,-1.64444380403312,0.105068117404459,DOWN,-1.53368039561705,0.0284136089636121,C1 SPECIFIC
C3AR1,UP,1.91586370203143,0.0009546366939949,NS,-0.0289620069446341,0.988430822894067,NS,1.35335156048922,0.0504962473003795,C1 SPECIFIC
C3orf52,DOWN,-1.29279055431067,0.0001542920239088,NS,0.366781072318846,0.539837582625005,NS,-0.289445065083295,0.416066238959372,DOWN IN LIMBUS
C3orf70,UP,1.52082409733998,0.0005624506459299,NS,0.440956567528695,0.596228742322249,UP,1.31302493657378,0.0156957693431539,SHARED C1 & C3
C4A,NS,0.985503878634876,0.0010428363762628,NS,0.55326033568687,0.314814755035323,UP,1.00720580855768,0.009861865075818,C3 SPECIFIC
C4B,NS,0.985503878634876,0.0010428363762628,NS,0.55326033568687,0.314814755035323,UP,1.00720580855768,0.009861865075818,C3 SPECIFIC
C4B_2,NS,0.985503878634876,0.0010428363762628,NS,0.55326033568687,0.314814755035323,UP,1.00720580855768,0.009861865075818,C3 SPECIFIC
C4orf19,DOWN,-2.69470376339446,3.66564364986966e-06,NS,-0.57119512445901,0.477743708203904,NS,-0.729706087536679,0.131633404065141,DOWN IN LIMBUS
C6orf132,DOWN,-1.92792274497406,3.68273495909298e-06,NS,0.206236576782893,0.748449233858156,NS,-0.568153777917541,0.104209680791966,DOWN IN LIMBUS
C6orf52,DOWN,-1.49685216764397,6.69645822945912e-05,NS,-0.0213030495157795,0.983743570143102,NS,-0.620636013010049,0.0982581553355353,DOWN IN LIMBUS
C7,UP,2.6098303059365,0.0001009544671293,NS,0.649604799099779,0.568627131687958,UP,1.79473183992075,0.0163657814462638,SHARED C1 & C3
C9orf43,DOWN,-1.20945579162283,1.66804784128073e-05,NS,-0.221854955377221,0.612548447586393,NS,-0.217488543169169,0.398238551103206,DOWN IN LIMBUS
CA12,UP,2.4662906463766,0.01740361394489,NS,0.325328824939195,0.917804428879256,NS,0.683861981067832,0.633515777262655,C1 SPECIFIC
CA13,UP,1.34339558096633,0.0015352588931219,NS,-0.497062622229453,0.554680367181658,NS,0.234130637732126,0.658898991252591,C1 SPECIFIC
CA6,DOWN,-3.0945299321191,0.0001869932016838,NS,1.08218918480314,0.444549893660659,NS,-0.45641791914504,0.614737926282261,DOWN IN LIMBUS
CAB39,NS,-0.24459897224107,0.165669208029899,NS,-0.024769709347412,0.968944012109456,DOWN,-1.06025074122804,0.0008881022241821,DOWN IN LIMBUS
CACHD1,UP,1.75002840962516,0.0003816298560401,NS,0.229434419044569,0.834849990157599,UP,1.42198546608995,0.0160835252759001,SHARED C1 & C3
CACNA1C,NS,0.775362120301176,0.0086316943011483,NS,0.515027986923697,0.396679472697233,UP,1.0535925983504,0.0123253567580025,C3 SPECIFIC
CACNA1D,DOWN,-3.06703305632317,9.29902166684393e-06,NS,0.526936357044731,0.614119711855776,NS,0.495292667159132,0.422669995444888,DOWN IN LIMBUS
CACNA2D1,UP,2.49247148564976,7.05276729824215e-07,NS,0.893555818089755,0.134302659956352,UP,2.04302767947077,0.0002344541488289,SHARED C1 & C3
CACNG4,DOWN,-1.30899781354883,0.0002082524280749,NS,-0.157823199458478,0.836232230501034,NS,0.226583774404234,0.555333077961539,DOWN IN LIMBUS
CADM1,DOWN,-1.57940811400223,0.0009876829380772,NS,0.978443647546468,0.265142194050457,NS,-0.105589406820437,0.873126515516953,DOWN IN LIMBUS
CALCRL,UP,1.49777969892943,2.26108804222637e-05,NS,-0.398924063475881,0.460393817230229,NS,0.301829838060888,0.357846253787997,C1 SPECIFIC
CALD1,UP,2.53224887128555,1.9516162110084e-05,NS,0.485736887893545,0.59999601682409,NS,0.951397302760273,0.0861861409953375,C1 SPECIFIC
CALHM2,NS,0.803176246673425,0.0023472132591512,NS,0.216025574431817,0.704809394937743,UP,1.12306185916244,0.0031436197659175,C3 SPECIFIC
CALHM5,UP,1.76456791431396,1.34156823035212e-05,NS,0.958030396625263,0.097895337912163,UP,1.44326096267618,0.00154009447905,SHARED C1 & C3
CALHM6,UP,1.56651386297196,0.0021220196613267,NS,-0.54893835982229,0.593323753130151,NS,0.898205284036032,0.139991341334271,C1 SPECIFIC
CALML5,DOWN,-1.05942298959027,0.0473151270414906,NS,-0.501507364290653,0.699879698271011,DOWN,-1.73505817620165,0.0269490805576086,DOWN IN LIMBUS
CALU,UP,1.36787320186717,0.0386875639703823,NS,0.860280639561328,0.566812453888866,NS,0.525601746352899,0.571714061880173,C1 SPECIFIC
CAMK2D,UP,1.71273052582007,3.84286114084221e-06,NS,-0.21753504193847,0.691907188041854,NS,0.1617301649311,0.617280390783244,C1 SPECIFIC
CAMK2N1,DOWN,-3.0147882091572,6.63423628507353e-05,NS,-0.107417836198315,0.954674404268795,DOWN,-2.06440054476658,0.0129978350992678,DOWN IN LIMBUS
CAMSAP1,DOWN,-1.10475834435094,0.0263351168248582,NS,-0.634192913050876,0.568511473197947,NS,0.130958225616451,0.868033378226521,DOWN IN LIMBUS
CAMSAP3,DOWN,-1.48224720887797,6.68134884602024e-06,NS,-0.0996252894712297,0.873481689547673,NS,-0.518751543987601,0.0752333606963948,DOWN IN LIMBUS
CAND2,NS,0.875171405443418,0.003333818086067,NS,0.111847473984604,0.890104170300397,UP,1.0346605191258,0.0113563657648282,C3 SPECIFIC
CAPS,DOWN,-1.90244047930684,6.1841150100807e-06,NS,-0.626415734012604,0.278736575295344,DOWN,-1.02961740164082,0.0111955782940815,DOWN IN LIMBUS
CARF,DOWN,-1.04311992858821,0.0003118939350721,NS,-0.441801386742806,0.37658196035847,NS,-0.335726979317312,0.275889306848118,DOWN IN LIMBUS
CASK,UP,1.04563806045178,0.0001077096322775,NS,0.448739175222429,0.305411214511982,NS,-0.140462859446288,0.627349925599977,C1 SPECIFIC
CASP6,NS,-0.318832569946027,0.193580605993862,NS,-0.267780158445667,0.65537698812264,DOWN,-1.22514658483099,0.002932583613937,DOWN IN LIMBUS
CAV2,NS,0.584822509319046,0.136779332862333,NS,-0.310594287155768,0.762616100290625,DOWN,-1.22940966546635,0.0347344460205409,DOWN IN LIMBUS
CAVIN1,UP,1.05787086581097,0.0477118076638328,NS,0.892830450953964,0.453375051888935,NS,0.244150729200804,0.764744395826779,C1 SPECIFIC
CAVIN2,UP,2.25697800638962,7.57828510511261e-05,NS,-0.632225994799799,0.511310631372119,UP,1.77818883361458,0.006470691157212,SHARED C1 & C3
CAVIN3,UP,1.42264946125018,0.0009656028209298,NS,0.171385855441123,0.873575119709591,NS,0.094942934522166,0.872944696226914,C1 SPECIFIC
CBLC,DOWN,-1.18106458245836,6.69231954297407e-05,NS,-0.346694353262544,0.476518198016845,DOWN,-1.46605461184496,0.0003488023103868,DOWN IN LIMBUS
CBS,UP,1.51611547841144,0.0011706068950886,NS,0.7345348720089,0.402796947199609,NS,0.538211045006192,0.317255266765057,C1 SPECIFIC
CBX4,DOWN,-1.03001873501393,0.0002100227122265,NS,-0.594413454761058,0.194025606339823,NS,-0.413972616694211,0.155920841423244,DOWN IN LIMBUS
CCBE1,UP,2.3400986628424,2.18031128141108e-06,NS,0.732811782767102,0.245080774591922,UP,1.09496211153062,0.0136376381138865,SHARED C1 & C3
CCDC102B,UP,1.58545581085137,0.0001396814782676,UP,1.31253049880337,0.0493982651377034,UP,1.6221481087976,0.0019891151089609,CORE — all 3 contrasts
CCDC134,NS,-0.338630952587366,0.0950647327154148,NS,-0.422701366824817,0.34570186798219,DOWN,-1.05356909947926,0.0021032732494854,DOWN IN LIMBUS
CCDC186,DOWN,-1.04602349525018,0.0002207763738164,NS,-0.281245363278224,0.574391595554221,NS,-0.531621962470976,0.0802773993411903,DOWN IN LIMBUS
CCDC3,UP,1.50884669636306,0.0003317590754142,NS,1.03872836583323,0.150208348017657,UP,1.55038409911844,0.0038488150448479,SHARED C1 & C3
CCDC68,UP,1.96356346965505,1.8088724263311e-06,NS,0.849799918512097,0.098894204070597,DOWN,-1.10065739801181,0.0042623479257237,C1 SPECIFIC
CCDC69,UP,2.14918197071023,0.00031904641415,NS,-0.0509366466291334,0.976559688028387,NS,0.481764696274175,0.461198259958407,C1 SPECIFIC
CCDC71L,UP,2.52830942462422,3.08002636450362e-05,NS,0.973579987378491,0.287687446950495,UP,1.37344410561777,0.0267518802544941,SHARED C1 & C3
CCDC74A,UP,1.04844069538722,5.06427539620195e-05,NS,0.316640633464083,0.439999743404454,NS,0.580543704094562,0.0314013058746917,C1 SPECIFIC
CCDC74B,UP,1.04844069538722,5.06427539620195e-05,NS,0.316640633464083,0.439999743404454,NS,0.580543704094562,0.0314013058746917,C1 SPECIFIC
CCDC80,UP,3.83294282785465,1.79688834516576e-06,NS,-0.354056539547804,0.770068672886839,NS,1.11964543908058,0.0842082828603658,C1 SPECIFIC
CCDC88A,UP,2.54564547257371,0.000123352105157,NS,0.53128045766545,0.654797545213936,NS,0.0348540157766255,0.968508744874651,C1 SPECIFIC
CCDC88C,UP,1.05179675718802,0.0006631974690074,NS,-0.808580910163147,0.141071163453681,DOWN,-1.22476739502902,0.0032262354335045,C1 SPECIFIC
CCL14,UP,3.03173174347857,7.49766467180123e-05,NS,1.20242143974276,0.321772136654466,UP,2.24826382695378,0.0091688683488284,SHARED C1 & C3
CCL15-CCL14,UP,3.03173174347857,7.49766467180123e-05,NS,1.20242143974276,0.321772136654466,UP,2.24826382695378,0.0091688683488284,SHARED C1 & C3
CCL18,UP,2.12411459645676,0.002276579086413,NS,-0.239794899847565,0.898104504305905,NS,1.64243570245752,0.0567520529137448,C1 SPECIFIC
CCL19,UP,1.61785584513451,0.0020434047012038,NS,0.332181499659769,0.783170316226331,UP,1.54671418982249,0.0230162309393237,SHARED C1 & C3
CCL2,UP,2.39618493287212,0.0068821987003388,NS,1.05783314896761,0.572892413635108,UP,2.40757122137359,0.041516245087445,SHARED C1 & C3
CCL20,NS,0.460871157472201,0.126031153551623,NS,-0.188845882225292,0.825109926064263,DOWN,-2.22896906687629,0.0002395142437753,DOWN IN LIMBUS
CCL21,UP,2.00680315840981,0.0014662566939522,NS,-1.02346335616849,0.391150279857504,NS,1.24292841735064,0.096727132907933,C1 SPECIFIC
CCL23,UP,1.84524179925056,0.0002724915064379,NS,1.0699902516767,0.207387860004036,UP,1.32306350907886,0.0241914827044552,SHARED C1 & C3
CCL3,UP,1.11862961925249,0.0438133732433206,NS,-0.104923416690496,0.956011492360294,NS,1.3208864030186,0.084354224018493,C1 SPECIFIC
CCL3L1,UP,1.11862961925249,0.0438133732433206,NS,-0.104923416690496,0.956011492360294,NS,1.3208864030186,0.084354224018493,C1 SPECIFIC
CCL3L3,UP,1.11862961925249,0.0438133732433206,NS,-0.104923416690496,0.956011492360294,NS,1.3208864030186,0.084354224018493,C1 SPECIFIC
CCL5,UP,1.41418932846345,0.0032173364274095,NS,0.257141542621716,0.830581011892703,NS,1.03416281964405,0.0827497395244822,C1 SPECIFIC
CCL8,NS,0.723560117968651,0.0708223172627993,NS,0.763031657150623,0.390422905422511,UP,1.15191955015103,0.0455818974300409,C3 SPECIFIC
CCM2L,UP,1.56732152873216,0.0008462711575523,NS,0.0640789282702583,0.961438722025245,UP,1.2340246344595,0.0310979453335984,SHARED C1 & C3
CCN1,UP,2.04887018808597,0.0042529283268373,NS,1.75013831185293,0.207593208211872,UP,2.55458611727447,0.0103016463236701,SHARED C1 & C3
CCN2,UP,2.73757362627349,0.000438622700152,NS,1.95723607447222,0.149385408972362,UP,2.80259964005887,0.0049184710356743,SHARED C1 & C3
CCN3,DOWN,-1.24579989797615,0.0015623814738511,NS,0.715735856993143,0.331614616867764,UP,1.15351246596353,0.0220931503064527,C3 SPECIFIC
CCN5,UP,1.31407469882508,0.0038690974322649,NS,-0.307594142050401,0.773283429007857,UP,1.29985312386873,0.0305903625312777,SHARED C1 & C3
CCNA1,NS,0.609954882922145,0.0808151635417354,NS,-0.597240238269475,0.447833666734369,DOWN,-2.34203449293955,0.0004587238073014,DOWN IN LIMBUS
CCND2,UP,3.64343629752502,6.16925383356978e-07,NS,0.335297610062915,0.737517410913055,NS,-0.553177947772999,0.305719900252984,C1 SPECIFIC
CCNDBP1,NS,0.271675529676592,0.219812008185884,NS,-0.332433772878471,0.523122615835913,DOWN,-1.0577701722476,0.0038109673775421,DOWN IN LIMBUS
CCNG2,UP,1.28801259967114,3.43810239746687e-05,NS,0.368770995260283,0.44620125445371,NS,-0.0108642712752118,0.977240224275163,C1 SPECIFIC
CCNI,UP,1.11904034307582,4.20060649426867e-06,NS,0.31583223471026,0.329074919309044,NS,0.0225360428853083,0.928785886218885,C1 SPECIFIC
CCR1,UP,1.13056032794777,0.0165666519782384,NS,-0.875910650826039,0.37658196035847,NS,0.648426924987953,0.288144263620787,C1 SPECIFIC
CD14,UP,1.12918025778074,0.0113361937209643,NS,-0.542691136122951,0.572892413635108,NS,0.901383990867673,0.118985206277397,C1 SPECIFIC
CD163,UP,3.15316490833043,0.0021223753456996,NS,-0.622296954278752,0.796961422888863,UP,2.55816347348716,0.0461384664354151,SHARED C1 & C3
CD200,UP,2.61130547999058,1.86374831180757e-06,NS,0.604691076554437,0.392500057040826,UP,1.75404201761124,0.0013864158046556,SHARED C1 & C3
CD24,DOWN,-2.50278786162843,0.0210236342831332,NS,-0.249144763230555,0.942892921945694,DOWN,-4.73204257054684,0.0046890503831066,DOWN IN LIMBUS
CD248,UP,1.42820664461104,0.0016216582632371,NS,0.13929395421844,0.909724358739706,UP,1.62030910152999,0.007722299641373,SHARED C1 & C3
CD300LG,NS,0.978126063802728,0.0100675898311842,NS,0.826906982438794,0.287837206782012,UP,1.11809275666991,0.0321502057436953,C3 SPECIFIC
CD302,UP,3.49929535161327,9.90811944604824e-08,NS,0.513487651291847,0.482707725576144,UP,2.05588629715618,0.0005482701094733,SHARED C1 & C3
CD36,DOWN,-2.33918600891602,0.0088382521232081,NS,-0.0004690670372262,0.99990406239537,NS,0.792745429272737,0.496478020161941,DOWN IN LIMBUS
CD47,UP,1.22149494368548,9.45644779667123e-06,NS,0.189072065675857,0.65956903241658,NS,0.255015581592502,0.291606545902782,C1 SPECIFIC
CD53,UP,1.31961639318829,0.0070615251002315,NS,-0.607114998911441,0.558941734565455,NS,1.04415181210484,0.0956538722931314,C1 SPECIFIC
CD59,UP,1.87117549783861,3.45252849554801e-06,NS,-0.0608207992767653,0.940200906304457,NS,-0.513263474516828,0.125402612872003,C1 SPECIFIC
CD68,UP,1.04209580290105,0.0056293909773639,NS,0.138474293738159,0.895815747898317,NS,-0.0879877165043448,0.876684575796837,C1 SPECIFIC
CD69,UP,2.53059434694835,0.0002144647927081,NS,-0.156443357146966,0.926305937787706,NS,1.01712302777311,0.157066306343347,C1 SPECIFIC
CD82,NS,-0.849697361245825,0.0023061465777325,NS,-0.542499336019867,0.308400597474844,DOWN,-1.09545828986034,0.0049747250200573,DOWN IN LIMBUS
CD84,UP,1.58946650966805,0.0005748655066931,NS,-0.243881988357445,0.814450772393595,UP,1.16431678950213,0.0339485189228812,SHARED C1 & C3
CD86,UP,1.14206982323496,0.0032469600607857,NS,-0.298180203923081,0.730135605904647,NS,-0.26826767329063,0.586076638772759,C1 SPECIFIC
CD93,UP,3.16812913692302,0.0001287753914844,NS,0.456750415768219,0.778836318838534,UP,2.28036434886339,0.0151090844108559,SHARED C1 & C3
CD99L2,UP,1.13916614098724,0.0036315943191977,NS,0.549469068723618,0.496408025910842,NS,0.99048312723382,0.0482135934722413,C1 SPECIFIC
CDC40,DOWN,-1.06357954284706,0.0001722187579141,NS,-0.297449346111081,0.550059348949497,NS,-0.146748211006822,0.637399212989051,DOWN IN LIMBUS
CDC42EP3,UP,1.56981091489244,0.0010457927505941,NS,0.630928936396582,0.496408025910842,NS,0.753948416861158,0.169491412281472,C1 SPECIFIC
CDC42EP5,UP,1.75269541397904,0.0004661745155269,NS,-0.386626415018355,0.693250665709027,NS,0.862882409612348,0.120136221370388,C1 SPECIFIC
CDCP1,NS,-0.921790387679317,0.0050601099870882,NS,-0.1566890251222,0.858313101021184,DOWN,-1.48217327193756,0.0027478017793588,DOWN IN LIMBUS
CDH11,UP,4.04595900145654,2.51708909700563e-05,UP,3.225286301982,0.0219839939660659,UP,2.80485330739041,0.006479156931132,CORE — all 3 contrasts
CDH19,UP,2.55558632875906,0.0038322111696438,NS,1.63785129370556,0.347765859708673,UP,2.62224385368716,0.0257635804183584,SHARED C1 & C3
CDH3,NS,0.08561877857748,0.858623096376919,NS,-0.348078903090395,0.759313089042429,DOWN,-2.62093076803746,0.0008376850942865,DOWN IN LIMBUS
CDH5,UP,1.03761123129689,0.0164856060996647,NS,-0.526029538133623,0.580636426182116,NS,0.75425558976089,0.178742722951945,C1 SPECIFIC
CDH6,UP,1.85045867874646,0.0049724135190336,NS,0.487843781663912,0.749440573119561,NS,0.139931289623145,0.888219563123463,C1 SPECIFIC
CDHR1,NS,0.437359683952098,0.0193920793813443,UP,0.828045115237074,0.0324308892980941,NS,-0.0721019910390899,0.797176215883247,C2 SPECIFIC
CDK14,UP,1.76434408723561,0.0023690536845432,NS,0.822698615155227,0.478398930569771,NS,0.0218833618967835,0.981207757665902,C1 SPECIFIC
CDK6,NS,0.897299274079161,0.0022812463607057,NS,-0.960645451801443,0.0882883085483504,DOWN,-1.19825889149557,0.0039841453422953,DOWN IN LIMBUS
CDO1,UP,4.42701644291669,0.0001394678907804,NS,2.2835899204801,0.226270303978844,UP,4.30633968434171,0.0028033305905193,SHARED C1 & C3
CDS1,DOWN,-1.86300998101267,0.0002117259918904,NS,-0.807112178225804,0.337276273269316,DOWN,-1.86194088626699,0.0032423292516845,DOWN IN LIMBUS
CEACAM1,NS,0.990029027362781,0.0457136782714582,NS,-1.49511394754936,0.165337493553817,DOWN,-1.42173029027138,0.0442319918330612,DOWN IN LIMBUS
CEACAM5,UP,2.38906563146825,0.0219466507515682,NS,-1.46277055346713,0.529488578546369,NS,-1.00695426418244,0.474013760149719,C1 SPECIFIC
CEACAM6,UP,2.18539002526946,0.0211734104054805,NS,-2.5233076931327,0.19765786429418,DOWN,-2.69199703175528,0.041516245087445,C1 SPECIFIC
CEACAM7,UP,3.42521559056045,0.0160141641839632,NS,-1.75005903980452,0.574391595554221,NS,-0.602850725569116,0.772522027665484,C1 SPECIFIC
CEBPG,DOWN,-1.07439088005487,0.0001966793250643,NS,0.0088194285929841,0.991917277365361,NS,-0.446896988421518,0.139181577326522,DOWN IN LIMBUS
CELSR1,DOWN,-1.02649874836065,0.0020576831244989,NS,-0.017594135311815,0.988309012397183,DOWN,-1.0731591930354,0.0146898694129063,DOWN IN LIMBUS
CEMIP,UP,2.18117059422864,0.0034576062245452,NS,1.31516869609075,0.374455959149526,UP,2.56708762425671,0.0121120882841199,SHARED C1 & C3
CENPU,DOWN,-1.17255245625539,0.0026416692420137,NS,-0.261041413780844,0.771300229591573,NS,-0.916066217766425,0.0591421153516334,DOWN IN LIMBUS
CENPW,NS,0.122507290180321,0.810803353959099,NS,-0.0729160113968188,0.964955240999556,DOWN,-1.78701700346071,0.0137300708925264,DOWN IN LIMBUS
CEP112,UP,1.78848412274081,6.20919513241776e-05,NS,0.513411445317955,0.483311867345142,NS,0.735813349367328,0.0978852899612207,C1 SPECIFIC
CEP126,UP,1.83347821907547,7.23580173885849e-06,UP,1.16527867485352,0.036934093746942,UP,1.70818001689018,0.0005085934599368,CORE — all 3 contrasts
CEP170,UP,1.53096994263785,0.000163307963987,NS,0.0548112256369873,0.958882986898993,NS,-0.574799997057228,0.169980184324493,C1 SPECIFIC
CEP68,UP,1.31463303189249,0.0008103788208736,NS,-0.266382580482789,0.747461576299472,NS,0.933719836926068,0.0454573269021735,C1 SPECIFIC
CEP76,DOWN,-1.37375777776974,0.0002053122016293,NS,0.168805057923603,0.832132001621114,NS,-0.626303014679626,0.109225689614119,DOWN IN LIMBUS
CEP85L,UP,1.14409077660339,0.0426441688141906,NS,0.510566637979256,0.713343935478963,NS,0.690487602932658,0.366748461092322,C1 SPECIFIC
CERS3,DOWN,-1.11409829878943,0.0452888678156781,NS,-0.79191205115159,0.538091040793515,NS,-1.03969010531505,0.167114076313165,DOWN IN LIMBUS
CERS6,DOWN,-1.19448526542576,7.24496022577867e-05,NS,-0.491251106171599,0.305411214511982,NS,-0.97546176911197,0.0050511108079509,DOWN IN LIMBUS
CFAP20DC,NS,-0.364382099620966,0.328412019593077,NS,-0.162884485916702,0.886552501488501,DOWN,-1.53991486984485,0.0087203253754751,DOWN IN LIMBUS
CFAP68,DOWN,-1.52442456257801,9.80237059120823e-08,NS,-0.0431059596917951,0.921506396520842,NS,-0.138306391253836,0.473718093449491,DOWN IN LIMBUS
CFB,UP,1.40693690573834,0.0042813900985737,NS,-1.32523235689279,0.169230270095075,DOWN,-2.08313066042556,0.0038109673775421,C1 SPECIFIC
CFD,UP,2.19479664738465,0.0033765525616768,NS,-1.101566183182,0.466186235322766,NS,1.75877804452251,0.061620066286981,C1 SPECIFIC
CFH,UP,4.15765357323121,1.08609252602072e-07,NS,0.89602521552531,0.285774507693036,UP,1.60787885802222,0.0073780739616452,SHARED C1 & C3
CFHR1,UP,2.63710615810876,2.40604679447162e-07,NS,0.321589004603563,0.592262386244438,UP,1.36589064713504,0.0018531570797971,SHARED C1 & C3
CFHR2,UP,1.27706488465795,1.20531880154369e-05,NS,0.424243263690816,0.307340066419257,NS,0.728295980278023,0.0126339559003927,C1 SPECIFIC
CFL2,UP,1.51413649276176,7.49766467180123e-05,NS,-0.0067412743916168,0.995219223117115,NS,0.721367686621758,0.0648942092255189,C1 SPECIFIC
CFTR,DOWN,-2.02925708150864,0.0002414041872442,NS,-0.910605893092776,0.328036136518416,NS,-0.0535920862212267,0.940475091132713,DOWN IN LIMBUS
CGN,NS,-0.792340532782078,0.0207360235305019,NS,-1.01384219717826,0.160621839456527,DOWN,-1.02941735950869,0.0330478151299501,DOWN IN LIMBUS
CH25H,UP,1.37741626091207,0.0140383944283276,NS,0.912909259914741,0.443629157065367,UP,1.83406153581732,0.0211042292385913,SHARED C1 & C3
CHCHD10,UP,1.01694921941171,0.0217380776413732,NS,-0.203849760630831,0.873481689547673,NS,0.889919163285994,0.129272471525781,C1 SPECIFIC
CHI3L1,UP,3.14260334875409,0.0219504971366744,NS,2.40638604942334,0.413780399914253,NS,2.87237153499095,0.115461489574513,C1 SPECIFIC
CHI3L2,UP,3.0819256368582,0.0015452802069103,NS,1.18632245767044,0.540087161689789,UP,2.62386878879255,0.0320807159864031,SHARED C1 & C3
CHL1,DOWN,-1.3285328676664,0.0315247151555859,NS,-0.530910155094733,0.723699926800567,NS,-0.174238602380477,0.858301407840685,DOWN IN LIMBUS
CHMP4C,NS,-0.96487307904013,0.0041445566009393,NS,-0.482986907355643,0.486113783136893,DOWN,-1.43128009095756,0.0036509084453913,DOWN IN LIMBUS
CHN1,UP,1.99723659946337,0.0014216119335179,NS,0.903219286819709,0.450885801620895,UP,1.63410965501504,0.0357960766413285,SHARED C1 & C3
CHN2,DOWN,-1.91052181303962,0.0016474476137434,NS,0.371247606518868,0.789421704535378,NS,-0.235560864997025,0.770122076943779,DOWN IN LIMBUS
CHPT1,UP,2.48643129523751,4.63330199532839e-06,NS,0.395651193681946,0.614003961170658,UP,1.35909378093845,0.0089601059210337,SHARED C1 & C3
CHRD,NS,0.824251909731498,0.0009410626896038,NS,0.82641114028887,0.0666108400190793,UP,1.02054690933421,0.0029342023291733,C3 SPECIFIC
CHRDL1,UP,3.46840279210773,0.0001979278162378,NS,-1.00819132245344,0.541678791004192,UP,2.20767175341958,0.0338587125988115,SHARED C1 & C3
CHRNA5,NS,0.192797442753139,0.500597417838572,NS,0.130954225987396,0.877145329829038,DOWN,-1.12859267097088,0.0102480263789514,DOWN IN LIMBUS
CHST11,DOWN,-1.58845640472412,0.0027275607773732,NS,0.0345101800276097,0.985611860712713,DOWN,-1.47682721602899,0.0314662360151702,DOWN IN LIMBUS
CHST2,DOWN,-1.52640614051053,4.02252943291243e-05,NS,-0.298855726562708,0.630995760668141,NS,-0.710885231219623,0.0548211952004583,DOWN IN LIMBUS
CHSY3,UP,1.16281257489712,0.0047046705078466,NS,0.774247784555557,0.343492963092097,UP,1.05998863639752,0.0473649864346023,SHARED C1 & C3
CIART,DOWN,-1.48278496066892,0.0034409326167665,NS,0.68244968166331,0.514027589578394,NS,0.85958165444973,0.164394245871639,DOWN IN LIMBUS
CIBAR1,UP,1.00706190501011,6.18683397608758e-05,NS,0.137931046112405,0.768638094602377,NS,0.539540518900356,0.0390777379024808,C1 SPECIFIC
CIRBP,NS,-0.308816840800967,0.174764283422014,NS,0.282718569862565,0.599439411573802,UP,1.03986226055547,0.0049574253223501,C3 SPECIFIC
CITED2,UP,1.28529386042653,0.0017953358216851,NS,0.526282084792136,0.5199528841385,UP,2.06929157936809,0.0009766284617255,SHARED C1 & C3
CITED4,DOWN,-1.11939805105668,0.0033798087792095,NS,0.0572069277819036,0.961438722025245,NS,-0.749908473271048,0.110682520072762,DOWN IN LIMBUS
CKMT1A,DOWN,-1.29940261667787,0.0029510736931715,NS,-0.431021391577255,0.639371790417932,NS,-0.688207814376359,0.190186374977143,DOWN IN LIMBUS
CKMT1B,DOWN,-1.29940261667787,0.0029510736931715,NS,-0.431021391577255,0.639371790417932,NS,-0.688207814376359,0.190186374977143,DOWN IN LIMBUS
CLC,DOWN,-3.01285349037576,2.72880336692761e-05,NS,0.858521537900062,0.43518028192455,NS,-0.735557961324223,0.271446905276326,DOWN IN LIMBUS
CLCA2,DOWN,-1.67784358871327,0.0001735636299026,NS,0.650834771636084,0.386307102338593,DOWN,-1.11257676134174,0.026793282565497,DOWN IN LIMBUS
CLCA4,DOWN,-2.83720176229449,0.0002155899517233,NS,0.187652776632184,0.919057430369859,NS,-0.907188221524553,0.255311532622942,DOWN IN LIMBUS
CLDN1,DOWN,-2.13141752768641,0.0001712844826171,NS,-0.190064164933891,0.882822473370387,DOWN,-1.35948087200836,0.0314218031255491,DOWN IN LIMBUS
CLDN11,UP,1.64551088481117,0.0003651542723503,NS,-0.36622923832169,0.678697939638731,UP,1.92062069191513,0.0018717597300726,SHARED C1 & C3
CLDN4,DOWN,-1.16325415429572,0.0047046705078466,NS,-0.484866069027994,0.571663066540489,NS,-0.393228053812516,0.449124947569763,DOWN IN LIMBUS
CLDN5,UP,2.25632303436177,0.0002864499466854,NS,0.601570936313926,0.592424946999528,UP,1.70997620815451,0.0191010919059769,SHARED C1 & C3
CLDN7,DOWN,-1.45785394095189,0.0005217110430818,NS,-0.85277662635788,0.247375226641115,DOWN,-1.93610438407046,0.0011112700935699,DOWN IN LIMBUS
CLEC14A,UP,1.43516945021195,0.0003623767540554,NS,0.137856724408235,0.886183595701404,NS,0.896711659328004,0.0491964531064928,C1 SPECIFIC
CLEC1A,NS,0.827827214501837,0.0179365535504577,NS,0.86250143449089,0.232274884621308,UP,1.0495641149477,0.0324565086155749,C3 SPECIFIC
CLEC3B,UP,2.02772134158668,0.0018407612431949,NS,-0.58905253609286,0.663113770435944,UP,1.66011990473568,0.0415043412670688,SHARED C1 & C3
CLEC7A,DOWN,-1.85133154691726,2.6753562230795e-05,NS,0.59984109290856,0.371604577182719,NS,0.29984541526621,0.478078709843,DOWN IN LIMBUS
CLIC2,UP,1.89060005275708,0.0026994388332081,NS,-0.715481179952759,0.576251567795303,NS,0.982288009914119,0.192392262581091,C1 SPECIFIC
CLIC3,DOWN,-1.1484746000857,0.0419748868037394,NS,-1.07559875276247,0.38286829131734,NS,-0.939342276745181,0.213117385724306,DOWN IN LIMBUS
CLIC4,UP,3.7426670334671,1.30637394877782e-05,NS,0.814097875329365,0.535062244436877,NS,0.077564109985456,0.935299097948074,C1 SPECIFIC
CLIC5,UP,1.25589679293645,0.0021373055768068,NS,-0.322981227422413,0.716001919400737,NS,0.110969000053245,0.847004566121371,C1 SPECIFIC
CLIC6,UP,3.12177217017765,2.05283696892486e-05,NS,-0.265232142342256,0.853297309171264,UP,1.85976045616885,0.0136257820657624,SHARED C1 & C3
CLIP3,UP,1.23916140073996,0.0003405675347026,NS,1.13262358985936,0.0515876341104895,UP,1.30392584230522,0.0034469042504035,SHARED C1 & C3
CLLU1,DOWN,-1.44031832791597,0.0011240039529811,NS,-0.283933249118964,0.770104726306085,NS,-0.905932061699142,0.0815840672362603,DOWN IN LIMBUS
CLMP,UP,2.57447307196491,0.000438622700152,NS,1.4038437047643,0.27335931982315,NS,1.18491819285093,0.140231292380054,C1 SPECIFIC
CLSTN2,UP,1.50061379571225,0.0004972661390558,NS,0.776591577301232,0.305411214511982,UP,1.51921094863474,0.0056891005277534,SHARED C1 & C3
CLTRN,DOWN,-2.09789716489797,0.0008809439783934,NS,-0.246949753181521,0.875163172647056,DOWN,-1.75983901736038,0.0240437578236781,DOWN IN LIMBUS
CLU,DOWN,-2.50988787857669,5.25458404422838e-05,NS,-0.154422557628089,0.911904983806193,UP,1.37309259617966,0.0334261811737,C3 SPECIFIC
CMAHP,UP,2.0771139572637,0.0008093611258782,NS,-0.376745963504581,0.78072144705833,UP,1.55522892328941,0.0370812921316562,SHARED C1 & C3
CMKLR1,UP,1.26099560480115,0.0006274727261693,NS,0.493162229189514,0.470153336668839,UP,1.09970973280211,0.0158428163542319,SHARED C1 & C3
CMTM3,UP,1.18466914216156,0.000157257438291,NS,-0.186280555094678,0.76072338790423,NS,0.236394912569716,0.475390457430935,C1 SPECIFIC
CMTM7,NS,-0.0497804807807656,0.896167661470121,NS,0.153662710730323,0.882752151063905,DOWN,-1.77367723289405,0.002214865062113,DOWN IN LIMBUS
CNGA1,DOWN,-1.48478478203312,0.0037879328092606,NS,0.0027809182057794,0.998439214265333,NS,-0.982926970971431,0.121101765076432,DOWN IN LIMBUS
CNKSR3,NS,-0.550347163092554,0.190010807789795,NS,0.10302440519605,0.941929714890751,UP,1.27989621924921,0.0390777379024808,C3 SPECIFIC
CNN1,NS,0.799107879274596,0.0100780156942292,NS,0.579451689735195,0.369699530267858,UP,1.08797132891712,0.0139566523393974,C3 SPECIFIC
CNN3,UP,1.79521055252742,1.73100871623824e-05,NS,0.802053899522182,0.179275907920499,NS,0.812335155170897,0.0430489532533753,C1 SPECIFIC
CNOT3,DOWN,-1.02446332483066,0.0002841576101883,NS,-0.180952130950391,0.747057900802467,NS,-0.697092359130455,0.031355974586793,DOWN IN LIMBUS
CNR1,UP,1.08788451220443,0.0008111822033576,NS,0.223683969938063,0.742854512826363,NS,0.577816527387058,0.119132881468667,C1 SPECIFIC
CNRIP1,UP,2.53538550059017,3.47734298862589e-05,NS,0.591646747050063,0.547894380633654,UP,2.05776699536107,0.0032116615617494,SHARED C1 & C3
CNTLN,UP,1.1780639833905,0.0003606300996835,NS,0.418991442881596,0.483311867345142,NS,0.856248006053991,0.026997518970021,C1 SPECIFIC
CNTN1,UP,1.62409879728559,0.0422031788541788,NS,1.69981511793814,0.324201459666964,NS,0.68257700317317,0.541669773895428,C1 SPECIFIC
CNTN3,UP,2.95273312071133,2.05283696892486e-05,NS,1.94177224339808,0.0515721339160806,UP,2.95070675463703,0.0005959154277505,SHARED C1 & C3
CNTN4,DOWN,-3.68621712226523,3.3757050362228e-08,NS,0.575013864332003,0.386740720837814,NS,0.629749057410843,0.12663163248994,DOWN IN LIMBUS
CNTNAP2,DOWN,-2.46657487540481,0.0001963863705324,NS,-0.566835047651383,0.637799902359116,DOWN,-1.79473021680079,0.0182553970621964,DOWN IN LIMBUS
CNTNAP3,NS,-0.51163053051429,0.0706431446179341,NS,-1.01823100161922,0.097895337912163,DOWN,-1.7750704486855,0.0006106983244221,DOWN IN LIMBUS
CNTNAP3B,NS,-0.51163053051429,0.0706431446179341,NS,-1.01823100161922,0.097895337912163,DOWN,-1.7750704486855,0.0006106983244221,DOWN IN LIMBUS
CNTNAP3P2,NS,-0.51163053051429,0.0706431446179341,NS,-1.01823100161922,0.097895337912163,DOWN,-1.7750704486855,0.0006106983244221,DOWN IN LIMBUS
CNTNAP4,NS,0.67056943139885,0.0018166160837546,UP,0.933993239539777,0.0193648491199776,NS,0.476866840162053,0.0673767330252933,C2 SPECIFIC
COBL,DOWN,-1.13093733358522,0.0004420480158229,NS,-0.30209872150575,0.618164637785704,NS,-0.432951255878608,0.214150122100688,DOWN IN LIMBUS
COBLL1,DOWN,-1.5842959742991,7.23580173885849e-06,NS,-0.624243177745061,0.195527598309129,NS,-0.0538167622053844,0.885173259585472,DOWN IN LIMBUS
COCH,UP,2.08482399742404,0.0133473411774956,NS,1.68611930841445,0.332010730032449,NS,1.80209706695079,0.102561513517943,C1 SPECIFIC
COL11A1,UP,1.49633695969802,0.014873038522553,NS,1.48065840290239,0.24028380042009,NS,1.28678809904278,0.109930564700557,C1 SPECIFIC
COL13A1,UP,1.17147889629448,0.0016857265425369,NS,1.23143936704444,0.0769145202593103,UP,1.3515550612048,0.0072592873232234,SHARED C1 & C3
COL14A1,UP,3.51123269938883,3.40317983662617e-07,NS,-0.614358788586127,0.444303991581355,UP,2.58367662911177,0.0002481752733835,SHARED C1 & C3
COL15A1,UP,3.33938023572895,0.0001955865615002,NS,-0.196646326524516,0.927717989883192,UP,2.19758483980373,0.0293206181890947,SHARED C1 & C3
COL16A1,UP,1.59261223691686,0.0002242684100282,NS,1.0027162064628,0.166209093633819,UP,1.41923532370716,0.0065762919280902,SHARED C1 & C3
COL17A1,DOWN,-1.20458370052523,9.60846281114153e-05,UP,1.40743914794612,0.0055504026354281,DOWN,-1.02481119076831,0.0048536206307187,C2 SPECIFIC
COL1A1,UP,3.65294205286332,1.31023916856223e-06,NS,0.219432248449582,0.862536838751784,UP,2.45807943562336,0.0010986232324334,SHARED C1 & C3
COL1A2,UP,3.25242309022047,8.78472204946865e-05,NS,0.227510708097459,0.904078990528642,UP,2.45261671799679,0.0092836384529554,SHARED C1 & C3
COL24A1,UP,1.22902442996667,0.0008881486190825,NS,1.27066502388678,0.0531420791911386,UP,1.182625538108,0.0122519682198608,SHARED C1 & C3
COL3A1,UP,4.76060067594518,5.22030151084394e-08,NS,-0.54173135862184,0.558258538227585,UP,3.06314843448731,0.0002007114516155,SHARED C1 & C3
COL4A1,UP,3.65923953738175,2.39797282181351e-07,NS,0.733499888973459,0.356647257184449,UP,2.36422264657668,0.0005053495044558,SHARED C1 & C3
COL4A2,UP,3.4675150003765,6.16925383356978e-07,NS,0.461812726342616,0.597585005820816,UP,2.1058778152708,0.0012864245242444,SHARED C1 & C3
COL5A1,UP,1.65960994102382,0.0010265743412523,NS,1.0651766616914,0.247375226641115,UP,1.68534153669998,0.010114928333497,SHARED C1 & C3
COL6A1,UP,2.40943654323093,3.5357466413277e-05,NS,0.709082924534554,0.432004773243342,UP,1.9637452536004,0.0031589243826116,SHARED C1 & C3
COL6A2,UP,1.54770382055129,0.0004549360555424,NS,0.695190257373066,0.37658196035847,UP,1.66666885902599,0.0037502606477639,SHARED C1 & C3
COL6A3,UP,2.73206158862657,4.99202596896674e-05,NS,0.444592619830722,0.706413601994742,UP,1.61727955869219,0.0231413267093342,SHARED C1 & C3
COL8A1,UP,1.56184234722014,0.0298763910019108,UP,3.83090666113666,0.012834335852984,UP,2.17845860985762,0.0335050675395673,CORE — all 3 contrasts
COL8A2,UP,1.5979357639426,0.0259958192512858,UP,3.1995001477786,0.0324308892980941,UP,2.23393546890747,0.0293622999443967,CORE — all 3 contrasts
COLEC12,NS,0.0485115703766414,0.916776478914762,NS,-0.198485788572125,0.873560997213939,UP,1.73238199223956,0.007722299641373,C3 SPECIFIC
COMP,UP,1.6253093348221,0.0374059516888583,NS,1.68555210357765,0.313880645533633,NS,1.70704512239104,0.107878925316366,C1 SPECIFIC
COPS8,DOWN,-1.12584125468981,4.12106142353809e-05,NS,0.006357428444355,0.993318521103952,NS,0.10047853747475,0.730594071715343,DOWN IN LIMBUS
COPZ2,UP,1.06882412003996,0.0054205825057079,NS,0.641312762491115,0.409997723957713,UP,1.12216545010613,0.0296275926040589,SHARED C1 & C3
CORO1A,UP,1.24081802818638,0.0013720272043345,NS,-0.180899145764653,0.850452927437516,NS,0.775426743612868,0.0913985521950003,C1 SPECIFIC
CORO2A,DOWN,-1.26457500276537,0.0001509030280866,NS,0.0097183562446669,0.992133106471244,DOWN,-1.58994675284561,0.0005883885402658,DOWN IN LIMBUS
COTL1,UP,1.56964097160792,6.13545724652732e-05,NS,0.0184275283454358,0.98757233900375,NS,0.289886567465991,0.458704041062301,C1 SPECIFIC
CP,UP,3.28264939729872,0.0188082277924868,NS,-2.02557229829888,0.513071173823826,NS,0.169001704589784,0.94042430951004,C1 SPECIFIC
CPA3,UP,2.56868835646612,0.0002671797286737,NS,0.225382441682251,0.894159071938551,UP,1.99293893589612,0.0160835252759001,SHARED C1 & C3
CPA6,NS,0.247818639148082,0.286367230445616,NS,0.253077100128656,0.655445016148312,DOWN,-1.47783655913058,0.0006154139658836,DOWN IN LIMBUS
CPAMD8,DOWN,-1.88210205591064,0.0001055936079611,NS,0.705607292330019,0.37658196035847,NS,0.655231340028095,0.179913474492465,DOWN IN LIMBUS
CPE,UP,3.54796937703346,3.79997720913849e-05,NS,0.541229979694428,0.718239393624774,UP,1.80322202462181,0.0387492050542112,SHARED C1 & C3
CPEB2,DOWN,-1.19873994389246,0.0028390058318791,NS,-0.235626451773703,0.809797216839306,NS,0.890149396290704,0.0732711098004421,DOWN IN LIMBUS
CPEB3,DOWN,-1.53623616063594,0.0002286446708829,NS,-0.412064575629896,0.577300510790017,NS,-0.570419455373687,0.190466392300245,DOWN IN LIMBUS
CPED1,UP,2.47317402283836,3.63596128644214e-06,NS,0.519096731686486,0.481991266971695,UP,1.96116943010072,0.000761758529851,SHARED C1 & C3
CPNE8,UP,1.35337358383529,0.0001836399651998,NS,-0.0876266847417293,0.919535950599226,NS,-0.476569536110124,0.20125936795268,C1 SPECIFIC
CPQ,UP,2.14329915633991,1.86707918339703e-05,NS,0.374091472709264,0.639371790417932,UP,1.08706528277929,0.0281640357345438,SHARED C1 & C3
CPVL,DOWN,-2.03914855326608,0.0081396871211685,NS,-0.003974833668539,0.998486050957243,NS,0.187936531966907,0.872942973165162,DOWN IN LIMBUS
CPXM1,UP,1.1864649649371,0.0412668283046533,NS,0.692542102360985,0.603771711647024,NS,1.30157549842785,0.101525948697947,C1 SPECIFIC
CPXM2,NS,-0.911774193811638,0.042202206998498,UP,2.71764146737017,0.0055504026354281,UP,3.18195658278753,0.0002503545287537,SHARED C2 & C3
CPZ,NS,0.846351832803373,0.0348923407828969,NS,0.648380283467409,0.466186235322766,UP,1.15896177274187,0.0417028704085446,C3 SPECIFIC
CR1,NS,-0.146345509719711,0.562834860358385,DOWN,-1.04264032204052,0.0497729191997527,NS,0.0417877444074715,0.921401772645851,DOWN IN LIMBUS
CRABP1,UP,1.13168048275676,0.0221891310904531,NS,1.37493918438273,0.179275907920499,NS,1.29248642626044,0.0559824436755662,C1 SPECIFIC
CRABP2,UP,1.03487433728459,0.0209184744248515,NS,-0.230262815176339,0.854549036749922,NS,-0.40321623221112,0.505531281200996,C1 SPECIFIC
CRACDL,DOWN,-1.34877119675487,7.44042909652891e-05,NS,-0.0800521918969554,0.918204501184712,NS,-0.0428927505210854,0.918531220114477,DOWN IN LIMBUS
CRCT1,NS,0.0664683127181096,0.871933858026679,NS,0.0865234578764924,0.945828231710523,DOWN,-1.17377503139248,0.0333522666616221,DOWN IN LIMBUS
CREB5,UP,1.78997795751948,0.0001045036641952,NS,-0.149443224852077,0.884621015719301,UP,1.45197347627286,0.0067575998474318,SHARED C1 & C3
CREBRF,NS,0.28951613574372,0.308981724267014,NS,0.325135168742174,0.635900993975772,UP,1.10646278220153,0.012490157469918,C3 SPECIFIC
CREG2,DOWN,-3.24740299369159,6.9248965363079e-06,NS,1.50006007302887,0.127351069322638,NS,-0.464064658561989,0.468498655166656,DOWN IN LIMBUS
CRIM1,NS,-0.47150001054581,0.0229411079629604,NS,0.665154390834267,0.122652186947458,UP,1.29194918800827,0.0005263851410622,C3 SPECIFIC
CRISPLD1,UP,1.60010667812541,0.0012288500591036,NS,-0.0191816695787024,0.990979654702743,NS,0.383212433047807,0.515810786003188,C1 SPECIFIC
CRISPLD2,UP,3.43505721449282,0.0001054643215943,NS,1.2651720856637,0.38286829131734,UP,3.1255387961184,0.0034684423715082,SHARED C1 & C3
CRLF1,DOWN,-1.50235979144678,0.0009103618342208,NS,1.36557592706454,0.097895337912163,NS,0.0987299174341567,0.873843017132694,DOWN IN LIMBUS
CRTAC1,DOWN,-3.26066247705822,0.000157257438291,NS,2.51440513241639,0.0765997406308035,UP,2.99421337615253,0.0043541883278749,C3 SPECIFIC
CRYBG1,DOWN,-1.87990902003712,6.44368375149932e-06,NS,0.499230492636141,0.390746601053444,NS,-0.148145652975462,0.70691080565434,DOWN IN LIMBUS
CSF1,UP,1.18567076585738,6.46303872017515e-06,NS,0.497483354026802,0.167313410196858,UP,1.02412898262895,0.0006648811612024,SHARED C1 & C3
CSF2RB,UP,1.79014425746001,0.0002492342937841,NS,-0.120517058144692,0.919482584725756,UP,1.19686578771018,0.0314024656805156,SHARED C1 & C3
CSGALNACT1,UP,2.99984421597751,3.22759565911024e-06,NS,0.0619158265351052,0.963047686349035,UP,1.6252409928812,0.0074156918842111,SHARED C1 & C3
CSGALNACT2,UP,1.3196527833969,0.0001045036641952,NS,0.663734731324567,0.221428407228734,NS,0.58772353460415,0.0930559148757934,C1 SPECIFIC
CSRNP1,NS,-0.643567196214992,0.244262678644281,NS,-0.09747220208558,0.960948627381865,UP,1.63822814988837,0.0436233841984989,C3 SPECIFIC
CSTA,NS,-0.330574225764851,0.485404781763604,NS,-0.711419913850417,0.513535562876853,DOWN,-2.06104512660442,0.005674546524667,DOWN IN LIMBUS
CTHRC1,UP,4.63575364526727,2.25917070272161e-05,NS,-0.0411493092091906,0.989030763801485,UP,3.4323635567784,0.004165771173579,SHARED C1 & C3
CTSC,DOWN,-1.03186570461033,0.0001850035559674,NS,0.0804084892097485,0.902062478221969,DOWN,-1.76209944437464,9.60917310102315e-05,DOWN IN LIMBUS
CTSF,NS,0.0116493284574268,0.940603627437797,UP,0.652351017644722,0.0288086798105972,UP,1.39326973228745,1.32272940709872e-05,SHARED C2 & C3
CTSK,UP,2.92230703811472,1.20063757416571e-08,NS,-0.348633958827866,0.46231650411561,UP,1.7104197106941,0.0001262550742236,SHARED C1 & C3
CTSV,DOWN,-3.04209486487658,0.0001189482376676,NS,1.75697372251278,0.169231738084478,DOWN,-1.83600923468881,0.0333522666616221,DOWN IN LIMBUS
CTSZ,UP,1.49145657845005,0.0009536682415123,NS,0.561098416358382,0.518605027897252,NS,0.0186661421934975,0.977733784174424,C1 SPECIFIC
CWH43,NS,0.446016675732051,0.228300305663389,NS,-0.0202714356274027,0.989030763801485,DOWN,-3.03470276021972,0.0001311301391332,DOWN IN LIMBUS
CXADR,DOWN,-1.70517497288726,0.0093025737992404,NS,-0.762924599630055,0.587879318736478,NS,-0.85570346991002,0.303640787556381,DOWN IN LIMBUS
CXCL1,UP,3.46395946102032,0.000100751815436,NS,-0.215834748264706,0.917804428879256,NS,0.448930787270804,0.637468893036463,C1 SPECIFIC
CXCL10,NS,0.0815352352490626,0.871851775592186,NS,-0.589543701357846,0.579615562834626,DOWN,-1.71787429292768,0.0143874927590323,DOWN IN LIMBUS
CXCL12,UP,5.38135898122799,1.2906940143336e-08,NS,-0.309148995829547,0.758612775539709,UP,4.02444631278207,1.16947710960298e-05,SHARED C1 & C3
CXCL14,DOWN,-2.23605856982741,0.0017945181370507,NS,1.34070307894173,0.320294932924576,UP,2.25487914678637,0.0158682738189509,C3 SPECIFIC
CXCL2,UP,3.04193721810055,0.0023698010068194,NS,-0.21288777887098,0.941423520829239,NS,1.26596503116136,0.287346100263262,C1 SPECIFIC
CXCL5,NS,0.197539815121998,0.463782115870451,NS,0.157884638895033,0.834736902929496,DOWN,-1.02246313781676,0.0129978350992678,DOWN IN LIMBUS
CXCL6,UP,1.55795343024132,0.009314754139953,NS,-1.97215436512777,0.101966920429467,NS,-0.821889433518426,0.278867695829243,C1 SPECIFIC
CXCL8,UP,2.11468342175027,0.0077920031873899,NS,-0.184810528327924,0.939820054073434,NS,-0.62390855358666,0.550342391888847,C1 SPECIFIC
CXCR4,UP,1.57221803127129,0.004280938881393,NS,0.214180422437732,0.886464068194665,NS,1.32393800580831,0.0590823774142347,C1 SPECIFIC
CYB5R2,NS,0.388436383656916,0.145224779982925,NS,-0.1663243167652,0.826041486390387,DOWN,-1.5944997065863,0.0009031405905669,DOWN IN LIMBUS
CYB5R3,UP,1.56042881316789,1.66217634940181e-08,NS,0.116507844735221,0.683715774581711,NS,0.675194031115337,0.0010986232324334,C1 SPECIFIC
CYBB,UP,1.7685596850016,0.0042928566784811,NS,-0.61186846466546,0.646833204942493,NS,1.48926762407502,0.0591458811065116,C1 SPECIFIC
CYBRD1,NS,0.0505053526614301,0.925025582738154,NS,0.726839422822708,0.512370112050984,UP,2.03856781737147,0.0066961482168965,C3 SPECIFIC
CYGB,UP,1.32177661740589,0.0009845262094911,NS,0.40773215034359,0.601930119225436,UP,1.04187387697461,0.0339537719530553,SHARED C1 & C3
CYP1B1,UP,4.33541423117502,0.0001642325519904,NS,0.689046828690167,0.758965208991067,NS,1.66476731169951,0.16241170303018,C1 SPECIFIC
CYP26A1,DOWN,-2.42464783674405,0.0092037880158537,NS,-0.099867256355914,0.974348748979253,NS,0.391235094428856,0.77013749924423,DOWN IN LIMBUS
CYP26B1,UP,1.96006321823188,0.0005018098096401,NS,0.764549531376924,0.454170404699807,UP,1.59784597571785,0.0191902919671392,SHARED C1 & C3
CYP27C1,DOWN,-1.66632110157245,0.0001269942511129,NS,0.292068642853732,0.718778112435684,DOWN,-1.44320630369702,0.0052917562146992,DOWN IN LIMBUS
CYP2C18,DOWN,-1.39934744840359,0.0195897031056422,NS,-0.0757932796925926,0.969971943284093,NS,1.28401563096778,0.106642908016495,DOWN IN LIMBUS
CYP2U1,NS,0.977897534820711,2.46506588060887e-05,NS,0.0777163758329156,0.86819350290386,UP,1.02248309529701,0.0005263851410622,C3 SPECIFIC
CYP4B1,UP,2.24494709716075,0.0445619786755948,NS,-0.981834896160409,0.721893678848614,NS,1.8371752540888,0.219296890276973,C1 SPECIFIC
CYP4X1,UP,3.68472428834703,0.000157257438291,NS,-0.0693491070687386,0.98062078876639,NS,1.33149743536388,0.182947503169789,C1 SPECIFIC
CYP51A1,NS,-0.402937986825396,0.235533624461984,NS,-0.298673780199337,0.730135605904647,DOWN,-1.00975210293674,0.0430564086513452,DOWN IN LIMBUS
CYS1,DOWN,-1.18682817126598,0.0163999692826561,NS,0.957246718311689,0.35843597834361,NS,-0.29435386545971,0.670224385682739,DOWN IN LIMBUS
CYSLTR1,UP,1.81575105157414,0.0018636562742856,NS,-0.831914590891818,0.466186235322766,NS,0.398301216596,0.581139689407632,C1 SPECIFIC
CYSRT1,DOWN,-1.24922463237285,0.0006851626348469,NS,-0.19307191926214,0.817131801500994,NS,-0.598107657047518,0.148936642641205,DOWN IN LIMBUS
CYTH3,UP,1.5813819501223,1.13155012721514e-06,NS,0.55619745708745,0.165870512666263,NS,0.618253108392993,0.0233145692513929,C1 SPECIFIC
CYTIP,UP,1.11865272889397,0.0263515974283463,NS,-0.346497916045123,0.789951410387599,NS,0.996854264257387,0.137105345247771,C1 SPECIFIC
CYTL1,UP,2.24376396987443,0.0004609082389706,UP,5.43896632146894,2.93356701633502e-05,UP,3.22390099172869,0.0006106983244221,CORE — all 3 contrasts
CYTOR,UP,1.32675221524926,0.0013302663230803,NS,-0.0794529087074949,0.946833051593211,NS,-0.657062708340257,0.170121987248273,C1 SPECIFIC
CYYR1,UP,1.61026375655857,0.0012158094748138,NS,0.420349077644501,0.679428717414638,NS,0.441919811035932,0.451195532745543,C1 SPECIFIC
DAAM1,DOWN,-1.51077361743902,0.0002213061203206,NS,0.0505884525505103,0.962402318644892,NS,-0.546539438275541,0.19898168111825,DOWN IN LIMBUS
DAAM2,UP,1.48613530893106,0.0034292353233945,NS,0.230313054597345,0.863222802439948,UP,1.65358420905336,0.0158512186711733,SHARED C1 & C3
DAB2,UP,3.56230609917042,7.63356373245798e-07,NS,0.40979673483783,0.668708138448887,UP,1.59721027618192,0.0095488606832583,SHARED C1 & C3
DACT1,UP,2.08456903949464,0.0033510864891532,NS,1.36357216232087,0.324201459666964,UP,2.00446532378658,0.0312807691839105,SHARED C1 & C3
DAPL1,DOWN,-2.84497230570198,2.08614783325897e-05,NS,0.557921060120748,0.593323753130151,UP,1.41180559216841,0.0327798233382992,C3 SPECIFIC
DAPP1,NS,-0.848054606435501,0.0428894074722356,NS,-0.620630890100705,0.516212216454509,DOWN,-1.57115992549641,0.0129978350992678,DOWN IN LIMBUS
DBN1,UP,1.24259044764547,0.0005844126232196,NS,-0.251364407722329,0.733546567793478,NS,-0.435931224911795,0.274966395552662,C1 SPECIFIC
DBP,DOWN,-1.12703985983342,0.0009590341578463,NS,-0.0530359365800148,0.957687432385494,NS,0.189516746872603,0.64761308933026,DOWN IN LIMBUS
DCAF16,NS,0.292608160504342,0.257618438045908,NS,0.074601845472035,0.928700106554479,UP,1.05433952382296,0.0096323866746613,C3 SPECIFIC
DCBLD2,NS,0.761772986364411,0.202709361858576,NS,0.332059772402507,0.850947459438798,DOWN,-2.37883966454214,0.011045891427129,DOWN IN LIMBUS
DCDC1,DOWN,-4.09810017479122,1.0521897283695e-06,NS,-0.0966556915489347,0.952592965251099,NS,1.08842122040787,0.0956354579661999,DOWN IN LIMBUS
DCHS1,UP,2.27829618871773,2.51708909700563e-05,NS,0.658118137923625,0.423055914811575,UP,1.7849919986085,0.0032116615617494,SHARED C1 & C3
DCLK1,UP,1.55688591216748,0.0292996180549386,NS,-0.237103117591797,0.914553901417025,UP,2.05859206437888,0.040916415187474,SHARED C1 & C3
DCLK2,DOWN,-1.4620549964894,0.0005971478728928,NS,0.418846986955931,0.603833490564712,NS,0.761861462536179,0.111773308582946,DOWN IN LIMBUS
DCN,UP,1.35805670614983,0.0228793951880046,NS,0.909945890717747,0.493180743044682,UP,2.63613456484778,0.0045052165978083,SHARED C1 & C3
DCT,UP,4.53552939257668,0.0036194620884325,NS,-0.193665443993263,0.968908228331842,NS,3.11667203283898,0.106270197624741,C1 SPECIFIC
DCXR,NS,-0.41192809419233,0.114368659433373,NS,0.336258341495389,0.579856026128937,UP,1.00164364927913,0.0129605687046317,C3 SPECIFIC
DDAH1,UP,1.27613088974528,0.0091509930556412,NS,1.18081880722149,0.231747041688149,UP,1.85007303196153,0.0089828513629161,SHARED C1 & C3
DDIT4,UP,2.19517894696742,2.22217779579532e-06,NS,-0.125218443561899,0.877704556786907,NS,-0.840966139536977,0.0349703183462671,C1 SPECIFIC
DDIT4L,UP,1.23009515877141,0.024256319272857,NS,1.37588140187758,0.229727997257715,NS,1.08679682197167,0.13375793673304,C1 SPECIFIC
DDR2,UP,3.1821947705547,5.53044295932023e-07,NS,0.676813716265507,0.371604577182719,UP,2.92388760443128,7.85896586579628e-05,SHARED C1 & C3
DDX25,DOWN,-1.23071365282601,0.0024095727729317,NS,0.477251180568201,0.560350328815265,NS,-0.234991543699093,0.649560014810413,DOWN IN LIMBUS
DEGS1,UP,1.71259150224421,5.41743343109757e-05,NS,0.0191729319782681,0.987967126207833,NS,0.779743676053952,0.0662646831311644,C1 SPECIFIC
DENND2B,UP,1.14233192638388,0.0003350927399259,NS,0.0324043865152461,0.971083681376286,NS,0.78074899608515,0.0334261811737,C1 SPECIFIC
DENND2C,DOWN,-1.29804932709786,0.002373652843136,NS,-0.293715847974575,0.761156720835276,NS,-0.468639157948024,0.361103448353454,DOWN IN LIMBUS
DENND2D,DOWN,-1.52274959436228,1.30231530898093e-05,NS,-0.50547512661751,0.310840430570372,NS,-0.654226664850888,0.0467890023183094,DOWN IN LIMBUS
DENND4A,DOWN,-1.03451831849309,0.0013275113960148,NS,-0.0070615232602433,0.994809531743969,NS,0.346434699303921,0.355763306091264,DOWN IN LIMBUS
DENND5A,UP,1.34241351228532,2.04406884853551e-05,NS,0.469991585526921,0.309254608083692,NS,0.907819030859685,0.0065516842455629,C1 SPECIFIC
DEPP1,UP,3.58724173648447,4.38873625033728e-07,NS,0.111660103401451,0.926305937787706,UP,1.85877431283879,0.0027322692841563,SHARED C1 & C3
DEPTOR,UP,1.7875282724022,2.44888666463766e-06,NS,0.0399075258625352,0.95935628904279,UP,1.52235487814393,0.0004104935243824,SHARED C1 & C3
DGKB,DOWN,-2.67777838876135,6.16925383356978e-07,NS,0.124515264457,0.888483801536949,NS,0.147382176451453,0.739131815474436,DOWN IN LIMBUS
DHCR7,NS,-0.963838127750706,0.004352380832211,NS,-0.0487047407521075,0.963056175033764,DOWN,-1.1760304527804,0.0121120882841199,DOWN IN LIMBUS
DHRS9,NS,1.59899228401361,0.118196787442676,NS,-2.46974477841005,0.275860763791604,DOWN,-3.62779614085946,0.0193408304716737,DOWN IN LIMBUS
DIO2,UP,1.14471965312447,0.006225623900379,NS,0.318978509176588,0.743452974060311,NS,-0.161998894472176,0.785442435893881,C1 SPECIFIC
DIPK2A,UP,1.16987014876734,0.0016775185517957,NS,-0.171180841107859,0.854549036749922,NS,0.956837753065503,0.0394229897558991,C1 SPECIFIC
DIRAS3,UP,2.43786545786617,2.20416923044122e-05,NS,1.22604151309565,0.147871591256215,UP,1.83566452561582,0.0036718479644112,SHARED C1 & C3
DKK1,UP,3.54158929144037,0.0002352471039575,NS,-1.34337060164423,0.415662601705466,NS,0.658066610113955,0.530600124999989,C1 SPECIFIC
DKK2,UP,1.93107225680095,0.0002793098988005,NS,0.703212258136762,0.450271046308491,UP,1.81753274203649,0.0056441216162247,SHARED C1 & C3
DKK3,NS,-0.662139423991102,0.0803743820758582,UP,2.05737318495573,0.0129719104473332,UP,1.16558751979222,0.0353422642040822,SHARED C2 & C3
DLC1,UP,3.20457352208627,3.00468999373845e-06,NS,0.992832367775889,0.269135472970071,UP,2.1858362573937,0.0017428971572007,SHARED C1 & C3
DLG2,NS,-0.987272726334872,0.0001394678907804,UP,0.983951928608622,0.018696313938093,NS,0.332785105114745,0.205518258206121,C2 SPECIFIC
DLG3,DOWN,-1.36693480316493,3.24522346236138e-07,NS,-0.222040155827191,0.483369782482144,NS,-0.643979484647347,0.0040596072853855,DOWN IN LIMBUS
DLGAP1,DOWN,-1.08742821098361,0.0020364530497083,NS,0.140459409960545,0.877560526807959,NS,-0.666475403310898,0.114996104178369,DOWN IN LIMBUS
DLX3,DOWN,-1.7223903177838,0.0001784905753197,NS,0.641543010942147,0.408131344649154,NS,0.18321047191742,0.728943204012386,DOWN IN LIMBUS
DMKN,NS,0.489391169886231,0.0970191614053634,NS,-0.611572597434756,0.34933322863882,DOWN,-1.30189324285373,0.0056441216162247,DOWN IN LIMBUS
DMRTA2,DOWN,-1.36311515440261,0.0005587792543969,NS,0.696477222050433,0.320294932924576,NS,-0.250459477669049,0.584429046750693,DOWN IN LIMBUS
DNAAF9,UP,1.03947926729662,0.0003897232542173,NS,0.526947243513501,0.303711913372,NS,0.3563192947896,0.258812660160896,C1 SPECIFIC
DNAI3,UP,1.58330549544086,0.0009216753470598,NS,0.178796301637347,0.881368915059906,NS,0.944146774888736,0.0889622124875637,C1 SPECIFIC
DNAJB4,NS,0.0888267512831531,0.72563310768883,NS,0.379719316214251,0.494706696502024,UP,1.15784803333366,0.0033386931746794,C3 SPECIFIC
DNER,DOWN,-2.07303429467272,0.0039415966945849,UP,3.04103496454064,0.0303543251381968,NS,0.670685181230555,0.456660532201781,C2 SPECIFIC
DNM3OS,NS,0.75560811121483,0.0444239503496518,NS,0.665579214698937,0.421432176572037,UP,1.159577539386,0.033325049848404,C3 SPECIFIC
DOCK10,UP,2.76458184852215,7.267644817775e-09,NS,0.390881160086169,0.332566459658531,UP,1.91395782517927,1.16947710960298e-05,SHARED C1 & C3
DOCK11,UP,2.70260809491658,1.97660411290729e-06,NS,0.153809268319817,0.876662460952557,UP,1.84370690006129,0.0013559211634146,SHARED C1 & C3
DOCK2,UP,1.29967729357269,0.0001807489213177,NS,-0.0631103689026702,0.942797784696402,NS,0.905878300337368,0.0216980409887869,C1 SPECIFIC
DOCK3,DOWN,-1.16474830487843,2.14440437813565e-05,NS,-0.207524046854544,0.638080824043273,NS,-0.310559429321616,0.214810276455757,DOWN IN LIMBUS
DOCK4,UP,1.85312764456936,1.1008412252128e-06,NS,0.231687921112573,0.65214242833574,NS,0.418916089499019,0.153285878436767,C1 SPECIFIC
DOK6,UP,1.45382672298036,0.005284800504039,NS,1.01238578508242,0.328036136518416,NS,1.28358764911766,0.0562792831575036,C1 SPECIFIC
DPP10,DOWN,-1.18581122444807,0.012794485231337,NS,0.86887452702504,0.381342306877817,NS,0.041060250229985,0.957630110737151,DOWN IN LIMBUS
DPP4,UP,1.75201444661929,0.0035936709590779,NS,-0.500664576780767,0.706413601994742,NS,0.901251599257693,0.215149572957902,C1 SPECIFIC
DPP6,DOWN,-1.01508865608537,0.0361424557273973,NS,0.0813559614677168,0.961234347839544,NS,-0.62867154777825,0.33298984831063,DOWN IN LIMBUS
DPT,UP,3.08419676792738,1.31978243266103e-05,NS,0.212163366453084,0.877887675782334,UP,2.51661569108058,0.0015408115627432,SHARED C1 & C3
DPY19L1,UP,1.73649662453102,8.62379246936532e-05,NS,0.110609886354768,0.914553901417025,NS,0.261485644426097,0.571323075105288,C1 SPECIFIC
DPYD,UP,2.3865573387173,1.21626571035834e-06,NS,-0.518491197194523,0.402403350045033,NS,0.741881494726524,0.0591421153516334,C1 SPECIFIC
DPYSL2,UP,2.26674241925338,1.61100380234935e-07,NS,0.636945169410751,0.17341363636504,UP,1.13483462802893,0.00183370625124,SHARED C1 & C3
DPYSL3,UP,2.20074031759285,0.0004067885331546,NS,0.107149340348071,0.950488438049002,NS,0.669951749236624,0.322826946245013,C1 SPECIFIC
DPYSL4,UP,1.43849787748312,0.0006196406281687,NS,0.554298917945564,0.478982180220416,UP,1.30179864475062,0.0129978350992678,SHARED C1 & C3
DQX1,DOWN,-1.25347408233446,8.28373729381042e-05,NS,-0.24031399290284,0.667547780520694,NS,-0.6740361571634,0.0442319918330612,DOWN IN LIMBUS
DRAM1,UP,1.83265110521997,0.0024813780132167,NS,-0.386029231419016,0.784395384733164,NS,-0.612826106008701,0.40443707075631,C1 SPECIFIC
DRC12,DOWN,-1.26477003351657,0.0003270422206067,NS,-0.293937682090604,0.65956903241658,NS,-0.775262014872795,0.0500143757887541,DOWN IN LIMBUS
DSC1,DOWN,-2.30695136263816,6.1841150100807e-06,NS,1.33090213684792,0.0515721339160806,NS,0.232690443430439,0.613258951828983,DOWN IN LIMBUS
DSC2,DOWN,-2.13062578203191,8.40243140941294e-06,UP,1.41208891951178,0.0324308892980941,DOWN,-1.15780906232994,0.0133226306038823,C2 SPECIFIC
DSC3,DOWN,-1.3880514498765,0.0447311625240208,NS,0.317934730927984,0.875869064584778,NS,-0.972547442846404,0.295795859250732,DOWN IN LIMBUS
DSEL,UP,2.27286773605615,5.52215766082305e-05,NS,1.20156329430124,0.167583464276088,UP,1.74702706580274,0.0059014087231948,SHARED C1 & C3
DSG1,DOWN,-2.80497808884203,0.0019571062493471,NS,0.929853947853996,0.613263779936076,NS,1.48192124464473,0.16726561157115,DOWN IN LIMBUS
DSG2,NS,-0.962286496385853,0.0013895163680984,NS,-0.728761751950112,0.185889533459146,DOWN,-2.37423090789489,3.59005880912221e-05,DOWN IN LIMBUS
DST,NS,0.0764855153356212,0.825321927367967,NS,0.405835813996282,0.581383991221871,UP,1.06928215114275,0.0243895285628556,C3 SPECIFIC
DTNA,UP,1.28758319233471,0.009118081169683,NS,0.706854780364139,0.5083127762198,NS,0.967859538057384,0.126063930166976,C1 SPECIFIC
DTX4,UP,1.52896171337088,0.0003651542723503,NS,-0.483910372701881,0.540075087364835,NS,-0.284991550171588,0.555238353134567,C1 SPECIFIC
DUOX1,DOWN,-1.08698145731676,0.0013995520895781,NS,-0.546633566408619,0.395134312107336,DOWN,-1.12050742051153,0.0119966264306266,DOWN IN LIMBUS
DUSP1,NS,-0.787096249050558,0.160987117761022,NS,-0.229220058256576,0.896542092124102,UP,1.80021463699207,0.0316809570245609,C3 SPECIFIC
DUSP14,DOWN,-1.14187081691155,0.0015918668919812,NS,0.0650720752515426,0.952141833838221,NS,-0.382678344396375,0.368946756508126,DOWN IN LIMBUS
DUSP4,UP,1.44237636618177,0.0466091379651367,NS,-0.954178986715665,0.56363199651893,NS,-0.976710535023257,0.319039345543715,C1 SPECIFIC
DYNC2H1,UP,1.5423534911779,0.0005381428662426,NS,0.647675829900082,0.420559663634928,NS,0.821497633356675,0.100596328798267,C1 SPECIFIC
DYRK1A,DOWN,-1.00925396371583,8.08080308237934e-05,NS,-0.320932809301169,0.443629157065367,NS,0.164807582719549,0.532927612631745,DOWN IN LIMBUS
DYRK2,NS,-0.296249405095393,0.0958608761475239,DOWN,-0.75749615908131,0.0488004540649507,NS,-0.396379451683567,0.109131004791688,DOWN IN LIMBUS
DZIP1,UP,2.65994412154936,2.75135592675231e-05,NS,0.936366569648841,0.324237012997134,UP,1.65527428381861,0.0129978350992678,SHARED C1 & C3
E2F3,UP,1.24838907748493,4.48581500303247e-06,NS,-0.0904601367399636,0.852412141821234,NS,-0.141669832099096,0.550735448016912,C1 SPECIFIC
E2F5,NS,-0.167624872369891,0.587650368904019,NS,-0.168375241780238,0.847667687518048,DOWN,-1.06193155641702,0.0192879395140273,DOWN IN LIMBUS
E2F7,DOWN,-1.45422812353766,0.0021428788475649,NS,-0.13217990282364,0.918296131753083,NS,-0.903764705529256,0.112433254212166,DOWN IN LIMBUS
E2F8,DOWN,-1.55044682070668,0.0003721921466099,NS,-0.598536118630237,0.43731269230536,NS,-0.947217356827015,0.0538824717694051,DOWN IN LIMBUS
EBF1,UP,4.57515977476396,3.58649475764506e-06,NS,-0.125003838805006,0.952141833838221,UP,3.13869249961889,0.0018602147080111,SHARED C1 & C3
EBF2,UP,1.08281583716663,0.0031589794753384,NS,0.516698133851206,0.491637418209196,NS,0.940556441418568,0.0449353940753445,C1 SPECIFIC
EBP,NS,-0.433080818776665,0.0590941716471958,NS,-0.546490061104693,0.275254849403529,DOWN,-1.07596929769943,0.0037454615854606,DOWN IN LIMBUS
ECHDC3,UP,1.34662725746983,0.0022380090477571,NS,0.813727771745341,0.332010730032449,NS,0.825432770110352,0.119899386846018,C1 SPECIFIC
ECM2,UP,1.74854229350519,0.000622142547776,NS,1.04936955366596,0.246179324743749,UP,1.78133309515732,0.0066154264030201,SHARED C1 & C3
EDIL3,DOWN,-1.18162879990818,0.0144418335466563,NS,1.18032044839444,0.232274884621308,UP,1.941919541533,0.0068948326713393,C3 SPECIFIC
EDNRA,UP,3.70474737879154,1.65969481829035e-08,NS,0.808017360425715,0.179275907920499,NS,-0.212147570242934,0.594963384613514,C1 SPECIFIC
EFEMP1,UP,1.07248051496377,0.0052713506170437,NS,-0.623123116167802,0.42403733379643,NS,0.258025191532765,0.607800737677715,C1 SPECIFIC
EFEMP2,UP,1.78201054868427,0.0007140183701984,NS,0.403450385498507,0.706413601994742,NS,0.747081518305366,0.202824350402619,C1 SPECIFIC
EFHD1,UP,1.32800774006571,0.000445496697602,NS,0.686507276514433,0.302309889561385,UP,1.35260824857739,0.0051247100745215,SHARED C1 & C3
EFHD2,DOWN,-1.30866170900384,5.45871119839294e-06,NS,-0.646990296767656,0.097895337912163,DOWN,-1.2708579742827,0.0002621465171387,DOWN IN LIMBUS
EFNB2,UP,1.12302432414393,0.0086638052693737,NS,0.124041951971595,0.921506396520842,NS,-0.189733998478514,0.754997034190071,C1 SPECIFIC
EGR1,NS,-1.06827886977459,0.080070542054494,NS,-0.351051288670774,0.841248257809134,UP,3.40419890324655,0.0013150204671985,C3 SPECIFIC
EHF,NS,-0.717751059081617,0.158727880994311,NS,-0.894620573246472,0.439250811489675,DOWN,-2.16857890579911,0.0074594409683578,DOWN IN LIMBUS
EID3,NS,-0.939666906655847,0.117406466530522,NS,-0.0277625275709372,0.990979654702743,UP,1.98396469308827,0.0270906449854207,C3 SPECIFIC
EIF5A2,UP,1.21106573334894,0.0036684193432806,NS,0.543513914864965,0.529266645054786,NS,-0.20131339461326,0.721350447871175,C1 SPECIFIC
ELAPOR2,NS,0.784375744992333,0.0048754636660719,NS,0.268001078668057,0.659911814303228,UP,1.17553946197811,0.0040564063240324,C3 SPECIFIC
ELAVL2,DOWN,-1.23359301350193,0.0128914385620598,NS,-1.0495760300547,0.305411214511982,NS,-1.26149354076684,0.0572458307881509,DOWN IN LIMBUS
ELK3,UP,1.01423813333582,0.0008669432208458,NS,-0.0617286588151487,0.941310434643262,NS,-0.522840497390407,0.131830202261669,C1 SPECIFIC
ELK4,DOWN,-1.11434987928775,0.0004549360555424,NS,-0.195692670190741,0.768101417705727,NS,-0.0427004517685674,0.921521308311088,DOWN IN LIMBUS
ELMO1,UP,1.84284549759854,0.0009344424747588,NS,0.635082856471485,0.554936134905734,UP,1.43179464617776,0.0347444585760466,SHARED C1 & C3
ELMOD2,NS,-0.121721594111916,0.780297808673594,NS,-0.4381795217339,0.65795761128182,DOWN,-1.18721497915891,0.0447712121112397,DOWN IN LIMBUS
ELOVL4,NS,-0.342954549628788,0.469425136262772,NS,0.908501889257164,0.384987370473683,DOWN,-1.34655089337519,0.0471458045940386,DOWN IN LIMBUS
ELOVL5,UP,2.5311414103843,4.01532514940653e-05,NS,-0.142178486994997,0.917804428879256,NS,0.0068049955988644,0.993057748138358,C1 SPECIFIC
ELOVL7,UP,3.00122749213797,6.37213524820899e-06,NS,0.233461298329833,0.847624355354462,NS,-0.0347531456880414,0.962730603088857,C1 SPECIFIC
ELP4,DOWN,-1.10258770834495,0.0022678231849672,NS,0.183316476329352,0.837333570698122,NS,-0.183802252705418,0.695200692382969,DOWN IN LIMBUS
EMB,NS,0.260454148036001,0.618682034363268,NS,-0.769451459527795,0.51508396636471,DOWN,-1.83193159921672,0.0173785474560108,DOWN IN LIMBUS
EMCN,UP,2.58800257824063,3.69028730605897e-05,NS,0.966746050191372,0.309254608083692,UP,1.92839680493735,0.0054133791396339,SHARED C1 & C3
EMILIN1,NS,0.860010848400919,0.0158497290325309,NS,0.446848675230377,0.568511473197947,UP,1.08707719153506,0.0296516100480303,C3 SPECIFIC
EMILIN2,UP,1.97651518151905,0.0038442358292814,NS,-0.802955819415487,0.569681074088479,NS,0.514086122500203,0.555606131653638,C1 SPECIFIC
EML1,UP,2.28395648567868,8.1333580316348e-08,NS,-0.213704918247022,0.659911814303228,UP,1.0705263787122,0.0017865306644081,SHARED C1 & C3
EML2,DOWN,-1.0755775319143,2.08839082642998e-05,NS,-0.0795686484265978,0.875869064584778,NS,-0.508804367354964,0.0395003748515172,DOWN IN LIMBUS
EMP1,DOWN,-1.14004856069642,0.0094659660317667,NS,-0.721252897123133,0.430730753965887,NS,-0.695599841182423,0.20994965096386,DOWN IN LIMBUS
EMP3,UP,2.11611172473032,6.44368375149932e-06,NS,0.180287976797921,0.826995356265115,NS,0.262470569871658,0.53043089578371,C1 SPECIFIC
EMX2,NS,0.122080512282619,0.751596173809061,UP,2.39369020452234,0.0034029107838065,UP,1.71770247989772,0.003793528982446,SHARED C2 & C3
ENAH,UP,1.08926751655045,0.0002519158338971,NS,0.0341712067938218,0.966365016244728,NS,0.387363774774563,0.214273275662215,C1 SPECIFIC
ENC1,DOWN,-1.51267533988421,0.0002196681474394,NS,0.176379843948433,0.846527390114698,DOWN,-1.14588314042995,0.0159826471346824,DOWN IN LIMBUS
ENG,UP,1.97628893124351,1.85986691674374e-06,NS,-0.12165906429126,0.864104682682017,UP,1.34124978013862,0.0013269320116828,SHARED C1 & C3
ENO1,DOWN,-1.13516274759808,0.0003394296449754,NS,0.0757375847536679,0.9244927448488,NS,-0.31026650954054,0.365373046506345,DOWN IN LIMBUS
ENPEP,UP,1.65033617899454,0.0015227700108623,NS,0.859196387248494,0.383018945249706,UP,1.47003513005884,0.0259878766441451,SHARED C1 & C3
ENPP1,UP,1.7384938193068,0.0037049555989069,NS,1.74712021299865,0.130511607926374,UP,1.75151757812241,0.0273370021392336,SHARED C1 & C3
ENPP2,UP,3.52801107060752,3.83882490960868e-05,NS,-0.23735070913188,0.897319118249641,UP,2.82857799762756,0.0036425321624751,SHARED C1 & C3
ENPP4,UP,1.90090259803814,0.0003740368355531,NS,-0.78399139752898,0.404677431682216,NS,-0.330696821078121,0.584429046750693,C1 SPECIFIC
ENTPD3,NS,-0.35987810581438,0.226334931164023,NS,-0.0088482006649011,0.994159192797196,DOWN,-1.23108076049497,0.0089408325325839,DOWN IN LIMBUS
EPB41L2,UP,2.53927009352357,0.0004067885331546,NS,0.511860236407824,0.720783197770296,NS,1.12326525892074,0.15203588328504,C1 SPECIFIC
EPB41L3,UP,2.62337495638402,0.0002778046414745,NS,-0.36902774134808,0.811545551990503,NS,0.191355615364522,0.832664881046601,C1 SPECIFIC
EPB41L4A,DOWN,-1.83617187327411,2.37631636380649e-05,NS,-0.745171991586116,0.244055282212763,DOWN,-1.1427187459323,0.011738849364791,DOWN IN LIMBUS
EPB41L4A-AS1,NS,-0.143961129075022,0.609014362482868,NS,0.408829593966227,0.519679910529337,UP,1.19470082451928,0.0059751660540801,C3 SPECIFIC
EPB41L4B,DOWN,-1.97791866125468,9.28891271515246e-08,UP,0.872146844749953,0.0221367504086294,NS,-0.41037633849793,0.0956671562502014,C2 SPECIFIC
EPCAM,DOWN,-1.54333868027859,0.0086884595697045,NS,-1.53521053199921,0.189182267626317,DOWN,-2.15630918613948,0.0104218688033954,DOWN IN LIMBUS
EPDR1,UP,2.1507121234862,0.0111805907162349,NS,0.785764319728745,0.683589487788396,UP,2.26565761087698,0.0472317193721838,SHARED C1 & C3
EPHA1,DOWN,-1.34350251017283,0.0007748545723084,NS,-1.23308051558445,0.0882883085483504,DOWN,-1.35413878753028,0.0084554538217943,DOWN IN LIMBUS
EPHA2,DOWN,-1.03547068827535,0.0216619687269369,NS,-0.710674882710178,0.470328015314014,NS,-0.845981930727438,0.155089912147522,DOWN IN LIMBUS
EPHA3,UP,2.10564762649232,0.0002811678229495,NS,1.49404120012834,0.124097136629699,UP,1.97965629335393,0.005674546524667,SHARED C1 & C3
EPHB2,NS,-5.39541620794282e-05,0.999766557252962,NS,-0.450411047743361,0.205779545191169,DOWN,-1.05817157485898,0.0005522460875718,DOWN IN LIMBUS
EPHB3,DOWN,-1.10957852213001,0.0003570368096186,NS,0.0567798148379488,0.945637926181518,NS,0.340934667149148,0.309102704177061,DOWN IN LIMBUS
EPHX2,DOWN,-1.59785117250112,0.0001133309014392,NS,-0.133881319589856,0.885515145785145,NS,0.585556105929354,0.163924404243189,DOWN IN LIMBUS
EPHX3,NS,0.641913100483008,0.0341658444307509,NS,-1.06489459629179,0.097895337912163,DOWN,-1.36076744406925,0.0044647699427964,DOWN IN LIMBUS
EPS8,UP,3.15151865195587,9.90811944604824e-08,NS,-0.13517850081957,0.875163172647056,UP,1.176178935716,0.0084700772200659,SHARED C1 & C3
EPS8L1,DOWN,-1.01758957560732,0.0004512678945621,NS,-0.831433267509786,0.0986332550042343,DOWN,-1.0637171326117,0.0045231000534858,DOWN IN LIMBUS
EPSTI1,UP,1.40550737801605,0.0004298123386242,NS,-1.13805101685134,0.098894204070597,NS,0.132201773245305,0.790433755443978,C1 SPECIFIC
ERCC6,DOWN,-1.24824985925035,0.0010820335716673,NS,0.79275008663706,0.258841699371171,NS,0.359310769173481,0.418714448970104,DOWN IN LIMBUS
EREG,NS,-0.989886751027839,0.135660538593821,NS,0.0074022048843507,0.997558436158871,DOWN,-2.15837647779678,0.029515796167716,DOWN IN LIMBUS
ERG,NS,0.942937068271299,0.028351913976734,NS,0.590841183347037,0.543413857536147,UP,1.25547253802714,0.038696074726215,C3 SPECIFIC
ERICH3,DOWN,-1.19538293120739,0.0485386358027069,NS,0.0824161961887002,0.969179299981132,NS,-0.402088354982766,0.644844083356485,DOWN IN LIMBUS
ERICH5,DOWN,-2.40931782409662,0.000315258901632,NS,0.412076938226342,0.761156720835276,NS,0.695152578300398,0.332739446773267,DOWN IN LIMBUS
ERMP1,NS,-0.443776452994184,0.310595509938259,NS,-1.46053130965512,0.124267006146053,DOWN,-1.28885738671782,0.0439710848029981,DOWN IN LIMBUS
ERO1A,NS,0.441821782583947,0.11165080214887,NS,-0.347616538938604,0.591462178938043,DOWN,-1.31845018693721,0.0037454615854606,DOWN IN LIMBUS
ERRFI1,NS,-0.404260543944625,0.251250666962961,NS,0.354817100556089,0.683132112741177,UP,1.00521645491617,0.049782042230221,C3 SPECIFIC
ESD,UP,1.15975392627514,0.000412495924039,NS,0.353208936508729,0.557795533978728,NS,0.349393730833212,0.328759233269927,C1 SPECIFIC
ESRP1,DOWN,-1.67464079550836,0.0013318840061007,NS,-0.353349116108771,0.756618901232782,DOWN,-1.64088692475695,0.0148475297658154,DOWN IN LIMBUS
ESRP2,DOWN,-1.47387195178458,7.57813250163369e-05,NS,-0.583526294601652,0.324201459666964,NS,-0.747573908787304,0.0524257999974396,DOWN IN LIMBUS
ESRRG,DOWN,-1.56874075049552,1.96760936377181e-05,NS,-0.328704450565085,0.563296548399884,NS,-0.589266435554987,0.0867593128350511,DOWN IN LIMBUS
ETHE1,NS,0.409273960614804,0.180334366738989,NS,-0.265882851815739,0.733014224531734,DOWN,-1.01515536255323,0.0273370021392336,DOWN IN LIMBUS
ETS1,UP,3.81205357757907,7.30527604133228e-08,NS,0.21733140399599,0.811738378723534,NS,0.283582033457479,0.547567435651737,C1 SPECIFIC
ETV4,DOWN,-1.1169621232826,0.0024516540783192,NS,0.348301591051681,0.653838599001783,NS,-0.45784422906826,0.298362629636848,DOWN IN LIMBUS
EVI2A,UP,2.06059518864918,0.000413981267416,NS,-0.0187913511255005,0.991840102247733,UP,1.52437364541082,0.0269958322279643,SHARED C1 & C3
EVI2B,UP,1.71829841446434,0.0013308761673756,NS,-0.631050764663816,0.54963343678764,NS,1.10993126137453,0.0806207315078227,C1 SPECIFIC
EVPL,DOWN,-1.28481621550746,1.96760936377181e-05,NS,-0.0472239076258587,0.944757353575755,NS,-0.718771298390523,0.0181296490438184,DOWN IN LIMBUS
EXOSC7,UP,1.82050620893515,0.0092201575963033,NS,-0.594973996521434,0.714088218909662,NS,1.7864524760087,0.0539496799987708,C1 SPECIFIC
EXPH5,NS,-0.999542947372003,0.026593858238662,NS,-0.119751040107019,0.931909817207184,UP,1.24001371574337,0.0478990744688977,C3 SPECIFIC
EYA2,UP,2.01440370265593,0.0002256088845595,NS,-0.162325390217808,0.900976321857732,UP,1.29957873261716,0.0343017273622333,SHARED C1 & C3
EYA4,UP,2.20119833349443,2.96904315434953e-06,UP,1.23169081895998,0.0401248801198597,UP,1.86577975779709,0.0004822124850046,CORE — all 3 contrasts
F10,NS,0.898091416428818,0.0065304131577068,NS,0.171185757727296,0.844737876244671,UP,1.03177500835425,0.0226316276654305,C3 SPECIFIC
F11R,DOWN,-1.77717357822755,0.0001513787793246,NS,-0.50175334378955,0.540493301000039,DOWN,-1.81588734969122,0.0021567205252127,DOWN IN LIMBUS
F13A1,UP,1.92425751123827,0.0119227337305717,NS,-0.597540209318771,0.74391255344889,NS,1.66558420076381,0.0957226155841207,C1 SPECIFIC
F2R,UP,2.44900170697598,3.5193322669177e-05,NS,1.20043136918918,0.175068116518657,UP,1.20502901776253,0.0423964145820575,SHARED C1 & C3
F2RL2,UP,3.95815790259776,2.44820051017543e-06,NS,1.78168473519032,0.0984290154632084,UP,3.59991402763159,0.0002475131197956,SHARED C1 & C3
F3,UP,2.31776755736994,0.0023538754742908,NS,-0.909637595140902,0.555529141017714,NS,-0.254453845516313,0.808165766612275,C1 SPECIFIC
FA2H,DOWN,-2.06338316652612,1.34371707039222e-06,UP,2.06689039358325,0.0003693371066897,NS,0.649082137717748,0.0588513327535112,C2 SPECIFIC
FADS3,NS,-0.997953416148898,0.0005527029254993,NS,0.794464549011662,0.114440462067942,UP,1.20148986005426,0.0022094878513397,C3 SPECIFIC
FAM107A,UP,1.87734704717044,0.0012301994230289,NS,0.592003323290243,0.605217544307831,UP,1.56637830602742,0.030428103918282,SHARED C1 & C3
FAM110B,UP,1.40079445781313,0.0003201455908185,NS,0.309648384643554,0.674248940992346,UP,1.29712550721986,0.0068948326713393,SHARED C1 & C3
FAM110D,NS,0.968400965391278,0.002310509387993,NS,0.677009081362492,0.265233117927353,UP,1.0437922766757,0.0138488762759228,C3 SPECIFIC
FAM13C,NS,0.800592118491368,0.0514832700938933,NS,0.723540901913038,0.427247245803236,UP,1.32771754948354,0.0277922107592853,C3 SPECIFIC
FAM149A,UP,1.08830799816748,0.0053321507625619,NS,0.0065171479324943,0.996465436520426,NS,0.485222211426458,0.317389900566019,C1 SPECIFIC
FAM162B,UP,1.88899280207697,0.0005245582544971,NS,0.291287225036991,0.810487081351665,UP,1.55358025153323,0.0189018281967457,SHARED C1 & C3
FAM169A,DOWN,-2.88980601310296,8.81662137414002e-06,NS,1.48079973341786,0.100539212193984,NS,0.173585611031798,0.789798757576379,DOWN IN LIMBUS
FAM171B,UP,3.31122455223073,3.3757050362228e-08,NS,0.148409050847616,0.849296309377078,NS,0.796698272828499,0.0410360955428367,C1 SPECIFIC
FAM20A,UP,1.40980796211456,0.0043149143594145,NS,-0.213460795604987,0.873480685102616,NS,1.11021039123061,0.0750139782900523,C1 SPECIFIC
FAM234B,DOWN,-1.02512089243594,6.72493498249779e-05,NS,0.160518042569004,0.729086418138936,NS,0.0982160521959132,0.726082990627463,DOWN IN LIMBUS
FAM241A,UP,2.76847775469773,0.0002237210645222,NS,0.0152545512589866,0.994684589552969,UP,1.73590348244862,0.038225891960526,SHARED C1 & C3
FAM3C,UP,1.1564300318464,0.0178501398880039,NS,0.395410686321123,0.736720445441289,NS,-1.13707775446225,0.0809507698393913,C1 SPECIFIC
FAM83A,DOWN,-1.23048146534433,0.0009103618342208,NS,-0.0305844650946039,0.979116599764713,DOWN,-1.58257443725597,0.002214865062113,DOWN IN LIMBUS
FAM83B,DOWN,-1.90168224270225,0.0002977302049291,NS,-0.135148578848243,0.917804428879256,NS,-1.06347737454417,0.066104303799976,DOWN IN LIMBUS
FAM83E,NS,-0.527126148009322,0.003556652236487,DOWN,-0.681409844016737,0.0493982651377034,NS,-0.399058623703533,0.0773933860550885,DOWN IN LIMBUS
FAM83F,DOWN,-1.37510590415423,6.52833295975784e-06,NS,-0.138736012856028,0.786640414861447,NS,-0.620576986624641,0.0290792440038266,DOWN IN LIMBUS
FAM86B2-DT,NS,-0.233952107760262,0.518010904253743,NS,0.477259851409233,0.563926821484224,UP,1.30251685851869,0.0163649865061067,C3 SPECIFIC
FAM95A,DOWN,-1.92603756303513,0.0001077096322775,NS,0.307739015729338,0.741906055531329,NS,-0.512904506774184,0.307134866977381,DOWN IN LIMBUS
FAP,UP,1.43991875212306,0.0260328403369697,NS,-0.0619945441626006,0.979116599764713,NS,-0.126073236294779,0.904786888768798,C1 SPECIFIC
FAR2,UP,1.69974006365062,0.0002869581423925,NS,-0.281447276620896,0.767812429020556,NS,0.936633918887066,0.0684679449155539,C1 SPECIFIC
FAT4,UP,1.58438072753038,2.77684653508933e-05,NS,-0.394004118829598,0.512976253622314,NS,0.9662575175234,0.014447095090115,C1 SPECIFIC
FAXDC2,UP,1.30121075680011,0.0004468747081798,NS,0.262222753981923,0.723223047130002,UP,1.42487918108473,0.0033386931746794,SHARED C1 & C3
FBLN1,UP,3.59428812087673,5.22981098012016e-07,NS,0.924234546448185,0.271177094134759,UP,2.31151518346652,0.0007963120975619,SHARED C1 & C3
FBLN2,UP,1.24413362789642,7.07397394484809e-05,NS,-0.0288624670221633,0.971735302872299,UP,1.74231207601446,0.000189563416214,SHARED C1 & C3
FBLN5,UP,3.07288153705247,1.8088724263311e-06,NS,1.32948165717436,0.098894204070597,UP,2.72672366673617,0.0002395142437753,SHARED C1 & C3
FBN1,UP,3.13680351581926,2.0295406497531e-06,NS,-0.184730777998784,0.873575119709591,UP,2.26140548368546,0.0009670293013194,SHARED C1 & C3
FBXL21P,NS,-0.50226075046112,0.0876936714319024,NS,-0.0087748483709253,0.994048216926184,DOWN,-1.00847236364605,0.0223517719866722,DOWN IN LIMBUS
FBXL7,UP,1.54382535191167,0.0003968052764535,NS,0.97603739769725,0.189182267626317,UP,1.4484337298961,0.0075672285899597,SHARED C1 & C3
FBXO15,DOWN,-1.39035006901887,0.0058512468440968,NS,0.405303392952239,0.72434424395391,NS,-0.771885018476506,0.21590196528779,DOWN IN LIMBUS
FBXO16,DOWN,-1.11685891918095,0.0056067756981056,NS,-0.254157637014117,0.798858722442297,DOWN,-1.46712477627842,0.0098665304320781,DOWN IN LIMBUS
FBXO17,UP,1.62686557149722,1.22205004588676e-05,NS,0.522955905751588,0.324237012997134,NS,0.974177051105078,0.0096481071318287,C1 SPECIFIC
FBXO22,DOWN,-1.42682603864033,0.0005763769678863,NS,-0.322834240956017,0.6946517015726,NS,-0.893788380054283,0.0604996397255917,DOWN IN LIMBUS
FBXO3,DOWN,-1.51728576609203,2.81073713476338e-06,NS,-0.560235932227689,0.178473538397929,NS,-0.679387264053797,0.0191970339262659,DOWN IN LIMBUS
FBXO45,DOWN,-1.06294425307988,0.00031904641415,NS,-0.0992785366597504,0.888285271206166,NS,-0.593618456065703,0.0684828140514395,DOWN IN LIMBUS
FBXW10,NS,-0.272742320156119,0.235247990345223,NS,-0.0530603711412123,0.946815426978355,DOWN,-1.39987517871805,0.0008290823836953,DOWN IN LIMBUS
FBXW10B,NS,-0.272742320156119,0.235247990345223,NS,-0.0530603711412123,0.946815426978355,DOWN,-1.39987517871805,0.0008290823836953,DOWN IN LIMBUS
FBXW7,DOWN,-1.47767430548262,0.0001645819494865,NS,-1.11069816001572,0.0882498450219215,NS,-0.310812649907591,0.452363165932759,DOWN IN LIMBUS
FCER1G,UP,2.44529584496871,0.0011512537088989,NS,-0.890782915799305,0.546137360642958,NS,1.72113036781017,0.0558813910119586,C1 SPECIFIC
FCGBP,UP,1.15584428954197,0.0121551405128083,NS,0.945692551948884,0.318243380466317,NS,0.878195488864708,0.140157569693016,C1 SPECIFIC
FCGR2A,UP,1.37880356738353,0.0148852015484051,NS,-0.642359037079414,0.608212398190153,NS,1.30285077208261,0.0825378496790502,C1 SPECIFIC
FCGR2C,NS,0.999847355642139,0.03299814521605,NS,0.228775078340926,0.865952796194606,UP,1.32042110614028,0.0453914391637422,C3 SPECIFIC
FCGRT,UP,1.39516546028922,2.92986946448393e-05,NS,0.0506948027892271,0.948493384486485,UP,1.11695893359768,0.0031436197659175,SHARED C1 & C3
FDPS,NS,0.259507020501504,0.358443031148047,NS,-0.0817174302761572,0.927717989883192,DOWN,-1.10790609620139,0.0115490618963351,DOWN IN LIMBUS
FDXACB1,DOWN,-1.35885971968554,0.0001034885867435,NS,-0.0100809280327372,0.992097070826357,NS,-0.768323916225222,0.0403247163907355,DOWN IN LIMBUS
FEM1C,DOWN,-1.06218236493655,0.0001106914060484,NS,0.0566663735374346,0.930532482294166,NS,0.427802200758947,0.127112776855821,DOWN IN LIMBUS
FERMT1,NS,-0.319546021810016,0.498272134059883,NS,-0.203409575094653,0.885911628596343,DOWN,-2.92272637616925,0.0006269924517683,DOWN IN LIMBUS
FERMT2,UP,3.7071951486316,9.51605338685837e-08,NS,0.762158101672679,0.299726265580665,UP,1.34584042725919,0.0093832839793075,SHARED C1 & C3
FEZ1,UP,2.34435318393388,2.93376645331773e-05,NS,-0.0153768853141703,0.991969979811422,NS,-0.712631596398891,0.17552061419834,C1 SPECIFIC
FGD5,UP,1.18724781308613,0.0009919546895355,NS,-0.263211931575513,0.72764389590934,NS,0.805102822566544,0.0592678525411641,C1 SPECIFIC
FGF18,UP,1.04114981199493,0.0089896976716567,UP,1.76775141376621,0.0283303099773191,UP,1.27582743790107,0.0214284674261648,CORE — all 3 contrasts
FGF2,UP,1.6750347795953,0.0015723512540226,NS,1.28492062377377,0.187746795845621,UP,1.69942773565159,0.0140846730066754,SHARED C1 & C3
FGF5,UP,1.2296048704334,0.0352691473524749,NS,0.26647667883443,0.875869064584778,NS,-1.13713407395247,0.147640501059716,C1 SPECIFIC
FGF7P6,NS,0.845433660190354,0.0855489706527955,NS,0.593030155374223,0.607179789998367,UP,1.77668615548287,0.017104663746412,C3 SPECIFIC
FGF9,DOWN,-1.24153074381668,0.0026506515697787,NS,-0.956513023513919,0.22450018228305,NS,-0.410226064172507,0.414946603841646,DOWN IN LIMBUS
FGFBP1,DOWN,-1.23474523593436,0.0215082777833708,NS,-0.750416253779973,0.531072457043178,DOWN,-1.76854390857018,0.0219882853737961,DOWN IN LIMBUS
FGFBP2,UP,3.19026324534995,0.0002117259918904,NS,0.60278218595244,0.71394457128836,UP,2.26967859845555,0.0214284674261648,SHARED C1 & C3
FGFR1,UP,1.67809473441453,0.0010910549239179,NS,0.962510842802624,0.307997962432673,UP,1.94022214773518,0.004996933686598,SHARED C1 & C3
FGFR3,DOWN,-1.15500497997239,0.0058223104455081,NS,0.146336941683186,0.902089499324377,NS,0.474015325839858,0.367130381451196,DOWN IN LIMBUS
FGL2,UP,3.04576742880683,0.0004809367982087,NS,-0.328324189604675,0.875784903954519,UP,2.43093969082074,0.0208813112559977,SHARED C1 & C3
FGR,UP,1.02864076282298,0.0018567274688393,NS,0.222859307173673,0.762427850994223,NS,0.914048452753544,0.0298251833111755,C1 SPECIFIC
FHIT,DOWN,-1.00986973059684,0.0019916168559927,NS,0.257454421158523,0.71532011558627,NS,-0.0099530231873412,0.984613780253583,DOWN IN LIMBUS
FHL1,UP,3.27981905107216,4.70292534573165e-05,NS,1.47474677685799,0.231461185475547,NS,1.36370355533629,0.0855044302031805,C1 SPECIFIC
FHL2,UP,1.2461374356238,6.44603061412399e-05,NS,-0.13277264238322,0.83326169021992,NS,0.56318032594287,0.0729217109820885,C1 SPECIFIC
FHOD3,DOWN,-2.01077934478571,7.01450782108854e-05,NS,0.725982835407408,0.371604577182719,NS,0.173921034086681,0.756056774187451,DOWN IN LIMBUS
FIBCD1,DOWN,-2.19673438578657,0.0001028295877384,NS,-0.198661305243153,0.873575119709591,NS,-1.03481792253747,0.0765467218867148,DOWN IN LIMBUS
FIBIN,UP,2.88792897857515,1.32276833822936e-05,UP,3.06665409732797,0.0016682941514655,UP,3.0098416424653,0.0003284627486215,CORE — all 3 contrasts
FIGN,UP,2.23387119756982,2.53360882837864e-05,NS,1.07473097862947,0.171447038247055,UP,1.69409022957444,0.0038829463002129,SHARED C1 & C3
FILIP1,UP,1.46997291387306,0.0067891646580968,NS,-0.769115992901582,0.507616415587601,NS,1.06488664865361,0.122068386942133,C1 SPECIFIC
FKBP10,UP,1.539911404607,0.0038141174245205,NS,0.92303002571901,0.380766524101027,UP,1.5184204725812,0.0306240481169288,SHARED C1 & C3
FKBP11,UP,1.71660008406131,0.0001164663219517,NS,-0.01844072983004,0.989030763801485,UP,1.13148284970874,0.0221918816653433,SHARED C1 & C3
FKBP1A,NS,-0.587401080743088,0.04487544757858,NS,-0.492479597839053,0.448811957341258,DOWN,-1.05799433522357,0.0158428163542319,DOWN IN LIMBUS
FKBP1B,DOWN,-1.04383343684133,0.0001642576679947,NS,-0.511609523205253,0.265142194050457,NS,-0.707407105167394,0.0234495467917475,DOWN IN LIMBUS
FKBP7,UP,1.9023113965057,1.76708842583994e-05,NS,0.689431955882043,0.286476927582889,UP,1.6621428837463,0.0012204919630248,SHARED C1 & C3
FKBP9,UP,1.06706121273971,0.0014021210482621,NS,0.531922309333838,0.401344715053123,NS,0.54608386914259,0.161536371489148,C1 SPECIFIC
FLI1,UP,2.76789026899215,1.17735905055328e-05,NS,0.164088071676564,0.896542092124102,UP,2.05030989560459,0.0026710656913829,SHARED C1 & C3
FLNA,UP,1.76367087322671,0.0036673661575677,NS,0.567895070163701,0.663407607002742,NS,-0.141810539313164,0.87422953782405,C1 SPECIFIC
FLNB,UP,1.3413586067261,0.0002498121278442,NS,0.419859129020363,0.52058913290798,NS,-0.986054423987461,0.0204215787431603,C1 SPECIFIC
FLRT3,UP,3.12387957170487,2.00812114715874e-05,NS,-0.283956634383905,0.839778997985591,NS,-1.11197088480036,0.103535681963853,C1 SPECIFIC
FLT1,UP,2.15383255682664,4.48581500303247e-06,NS,0.592952874369125,0.351209908608251,UP,1.65874768685818,0.0010782402789622,SHARED C1 & C3
FMNL2,UP,1.83482871697511,3.16947389943303e-05,NS,0.461923853957881,0.51297642629648,NS,-0.384838039672482,0.3566406432226,C1 SPECIFIC
FMNL3,UP,1.07879861663075,0.0004314882103002,NS,0.307108201478332,0.587497523850892,NS,-0.473062316404151,0.158741210675413,C1 SPECIFIC
FMO1,UP,2.9695703293219,0.0001520356353531,NS,-0.629401846655673,0.657955188973894,NS,-0.576443252581834,0.485520394863634,C1 SPECIFIC
FMO2,UP,2.71445474608894,0.0009078133857979,NS,0.976878822697712,0.538504455111314,NS,0.559879278417992,0.564268361049969,C1 SPECIFIC
FMO3,UP,2.52403488658259,0.0026222062508512,NS,-0.431199748002768,0.836252430383767,NS,1.95209860897755,0.0609364772468565,C1 SPECIFIC
FMOD,UP,2.73618934819401,0.0001494514351147,NS,2.1500423320604,0.0672199691148643,UP,3.05762371808134,0.0012164449194296,SHARED C1 & C3
FN1,UP,4.8147324951267,0.0002748734378275,NS,1.17630528059092,0.631546475690856,NS,-1.08925683739229,0.448927841476049,C1 SPECIFIC
FOLH1,NS,-0.0549392735844316,0.879933100501054,NS,-0.909957183310466,0.198869100680035,DOWN,-1.04405520359349,0.0315126221000514,DOWN IN LIMBUS
FOLH1B,NS,-0.0549392735844316,0.879933100501054,NS,-0.909957183310466,0.198869100680035,DOWN,-1.04405520359349,0.0315126221000514,DOWN IN LIMBUS
FOLR2,UP,1.01170290007133,0.010387608983649,NS,-0.271621472531507,0.78072144705833,NS,0.960523128111623,0.0648858808350371,C1 SPECIFIC
FOSB,DOWN,-1.68028750038037,0.0338514722580027,NS,-0.319285805558083,0.893964030073347,UP,3.13657190455329,0.0091507404452026,C3 SPECIFIC
FOSL1,DOWN,-1.13536288536184,0.0179241287908685,NS,-0.287623289273249,0.822292539497501,NS,-0.118090578044063,0.87584662996814,DOWN IN LIMBUS
FOXD1,UP,1.17246418302536,5.96884376252246e-05,NS,0.187222678216282,0.720522936518382,NS,0.136798877118409,0.652599386306478,C1 SPECIFIC
FOXF2,UP,2.3479330739056,0.0004506446277403,NS,1.0281476111343,0.386908349379773,UP,1.92638192417441,0.0171528380258778,SHARED C1 & C3
FOXL2,UP,1.23700726483267,0.0032189619231841,NS,-1.17854258036806,0.147619202088508,NS,1.00676011281564,0.0570739259069458,C1 SPECIFIC
FOXN1,DOWN,-1.1810560565337,2.404249184463e-05,NS,0.48957321332013,0.232274884621308,NS,0.247623568802851,0.341079875697006,DOWN IN LIMBUS
FOXN2,UP,1.62904410464628,0.0001743025389275,NS,0.248795987675746,0.77251386094075,NS,-0.0009093979061898,0.998768250747114,C1 SPECIFIC
FOXN3,DOWN,-1.22974092513987,5.64164067972455e-05,NS,-0.0259640236164582,0.973085518982067,NS,0.933574939016423,0.0064687608930502,DOWN IN LIMBUS
FOXO3,UP,1.16743587368386,0.0005148424479692,NS,0.831130528951226,0.162691288729248,UP,1.22702544887551,0.0048184705300985,SHARED C1 & C3
FOXO3B,NS,0.912346640528586,0.0029677762772226,NS,0.582384462371614,0.326763045879064,UP,1.01356081615134,0.0143874927590323,C3 SPECIFIC
FOXP2,DOWN,-1.06955554337636,0.0372242245719682,NS,0.522598676992857,0.666845296381666,NS,1.29536161609327,0.0673830366177544,DOWN IN LIMBUS
FPR3,UP,1.17443738250335,0.0293468552704996,NS,-0.476360677829798,0.715514516915861,NS,1.09709509258693,0.128190170397833,C1 SPECIFIC
FRAS1,UP,2.69343531058164,8.3130643707242e-05,NS,-0.361098531701982,0.785581629678633,NS,0.920733520890877,0.176214356299608,C1 SPECIFIC
FRK,NS,-0.580199395968999,0.225927278773344,NS,-0.882957124256968,0.415668628406696,DOWN,-1.54074211595315,0.0315524018137761,DOWN IN LIMBUS
FRMD4B,DOWN,-1.05649077491196,0.0056391539373609,NS,0.37436552287382,0.653997938179348,NS,0.297123542698662,0.547977200716974,DOWN IN LIMBUS
FRZB,UP,2.64657974781081,0.0060753757280842,NS,1.70043017952992,0.384475872082917,UP,2.60103691663857,0.0419062151678314,SHARED C1 & C3
FSIP1,DOWN,-2.96556762838446,0.0016015450589666,NS,0.72658882351713,0.718191467045212,NS,-1.6936187787609,0.12663163248994,DOWN IN LIMBUS
FST,UP,3.28324611122057,0.0004596068319833,NS,-0.450347789844011,0.831684343683234,NS,-0.996233950449037,0.332817448945364,C1 SPECIFIC
FSTL1,UP,2.14111516952816,3.44443401351498e-05,NS,0.105012892177736,0.92702796079953,NS,0.984597336647948,0.0535898992689125,C1 SPECIFIC
FSTL4,DOWN,-1.47708261894791,0.0002571329200437,NS,-0.0819292888450978,0.936422570887704,NS,0.72224008501317,0.097224634764014,DOWN IN LIMBUS
FUT1,DOWN,-1.0062282972552,0.0001850035559674,NS,-0.550390581549704,0.209806155867805,NS,-0.391745118043849,0.162668768368932,DOWN IN LIMBUS
FUT2,NS,0.360790149348817,0.271676926025427,NS,-1.15871055490513,0.104649646460773,DOWN,-1.2174538725906,0.0158512186711733,DOWN IN LIMBUS
FUT8,UP,1.87443945379333,5.85496779027113e-05,NS,0.325070590175049,0.688829169082057,NS,0.541849427715404,0.229191149461977,C1 SPECIFIC
FXYD3,NS,-0.847848982278576,0.0153240372254533,NS,-0.410018531963361,0.594848887086039,DOWN,-1.58230582803383,0.0034684423715082,DOWN IN LIMBUS
FXYD5,UP,2.61781005625984,2.28328309352457e-06,NS,0.460427101118515,0.544748274839482,NS,-0.673730999682169,0.13344892534148,C1 SPECIFIC
FXYD6,UP,1.08602724147459,0.0029300684118517,NS,0.040630773954792,0.972027022825837,NS,0.984624370640846,0.0362384265618263,C1 SPECIFIC
FYB1,NS,0.156908404833096,0.627884313154427,NS,0.0944797756268452,0.926305937787706,DOWN,-1.40576054347169,0.005265801188306,DOWN IN LIMBUS
FYN,UP,2.72541403385319,2.39797282181351e-07,NS,0.0863310536897783,0.918204501184712,NS,0.461435807738519,0.203106162533803,C1 SPECIFIC
FZD1,UP,1.22187943628683,0.002202871223657,NS,0.273023573809006,0.761156720835276,NS,0.999386860333731,0.0456690176234827,C1 SPECIFIC
FZD3,DOWN,-1.2185321543753,3.24581035000079e-05,NS,-0.68814343165512,0.11343536669745,DOWN,-1.4575402088393,0.0002503545287537,DOWN IN LIMBUS
FZD4,UP,1.11150868002844,2.55418877938923e-05,NS,0.532193364609853,0.174302185981494,UP,1.11169434334238,0.0006648811612024,SHARED C1 & C3
FZD7,UP,2.31441332335252,1.98323351644176e-05,UP,1.54498387928943,0.0486597400661196,UP,2.06609064348366,0.0011620460618051,CORE — all 3 contrasts
FZD8,DOWN,-1.77979109423045,0.0001829447086916,NS,0.45929558223397,0.582552165176304,NS,-0.658005615319285,0.181422713443743,DOWN IN LIMBUS
GABRB2,UP,1.04438903350268,0.0427637598023713,NS,-0.442640662523513,0.728262121684567,NS,0.792816755453944,0.250680388794488,C1 SPECIFIC
GABRE,UP,2.07162028598745,6.37221959827122e-07,NS,-0.271529222803404,0.607866770615295,NS,0.516161782370699,0.100563998666634,C1 SPECIFIC
GABRP,UP,2.84841680309286,0.025546612052886,NS,-2.93844050799451,0.278253667105804,NS,-2.06298676318282,0.216826359952504,C1 SPECIFIC
GAGE12C,NS,-0.50549927885132,0.120633464644139,NS,-0.202202237574956,0.826041486390387,UP,1.50031822580929,0.0045915491023091,C3 SPECIFIC
GAGE12D,NS,-0.50549927885132,0.120633464644139,NS,-0.202202237574956,0.826041486390387,UP,1.50031822580929,0.0045915491023091,C3 SPECIFIC
GAGE12E,NS,-0.50549927885132,0.120633464644139,NS,-0.202202237574956,0.826041486390387,UP,1.50031822580929,0.0045915491023091,C3 SPECIFIC
GAGE12F,NS,-0.491865181126473,0.131561107859876,NS,-0.236017648010893,0.788323352217855,UP,1.480069441893,0.005049968853539,C3 SPECIFIC
GAGE12G,NS,-0.491865181126473,0.131561107859876,NS,-0.236017648010893,0.788323352217855,UP,1.480069441893,0.005049968853539,C3 SPECIFIC
GAGE12H,NS,-0.50549927885132,0.120633464644139,NS,-0.202202237574956,0.826041486390387,UP,1.50031822580929,0.0045915491023091,C3 SPECIFIC
GAGE12J,NS,-0.50549927885132,0.120633464644139,NS,-0.202202237574956,0.826041486390387,UP,1.50031822580929,0.0045915491023091,C3 SPECIFIC
GAGE13,NS,-0.50549927885132,0.120633464644139,NS,-0.202202237574956,0.826041486390387,UP,1.50031822580929,0.0045915491023091,C3 SPECIFIC
GAGE2A,NS,-0.50549927885132,0.120633464644139,NS,-0.202202237574956,0.826041486390387,UP,1.50031822580929,0.0045915491023091,C3 SPECIFIC
GAGE2E,NS,-0.50549927885132,0.120633464644139,NS,-0.202202237574956,0.826041486390387,UP,1.50031822580929,0.0045915491023091,C3 SPECIFIC
GAGE6,NS,-0.491865181126473,0.131561107859876,NS,-0.236017648010893,0.788323352217855,UP,1.480069441893,0.005049968853539,C3 SPECIFIC
GAGE8,NS,-0.50549927885132,0.120633464644139,NS,-0.202202237574956,0.826041486390387,UP,1.50031822580929,0.0045915491023091,C3 SPECIFIC
GALE,NS,-0.583709658974233,0.0237773354631066,NS,-0.279277648616568,0.638684068409279,DOWN,-1.00227101386518,0.0095488606832583,DOWN IN LIMBUS
GALNT1,UP,1.39531545121209,8.78009345440799e-05,NS,-0.153378319574406,0.834127577135487,NS,-0.141879376753987,0.718655453416235,C1 SPECIFIC
GALNT14,UP,1.69848957759421,7.40388025034677e-05,NS,-0.26689194414981,0.732083278548593,NS,0.226956732929219,0.611743981564391,C1 SPECIFIC
GALNT15,UP,2.51183580141277,0.0001368433911448,NS,0.0392387755481085,0.983668275827798,UP,2.09422393804863,0.006849005531689,SHARED C1 & C3
GALNT16,UP,1.54880412157316,0.0001215340252093,NS,-0.633313370572435,0.333394313338345,UP,1.33438414811262,0.0053206755294792,SHARED C1 & C3
GALNT17,DOWN,-1.14216627931432,0.0004756893398183,NS,0.0284676479460986,0.976559688028387,NS,0.0492837899357976,0.912106393008107,DOWN IN LIMBUS
GALNT18,DOWN,-1.510482874049,5.19695296005074e-05,UP,1.16844720494327,0.0384622724568405,NS,0.150489655685639,0.704541510345472,C2 SPECIFIC
GALNT3,DOWN,-1.20692676651859,0.0005005747481905,NS,-0.142153310044925,0.863222802439948,DOWN,-1.23332117932108,0.0054732671116846,DOWN IN LIMBUS
GALNT5,UP,1.42714596327222,0.0054287508222388,NS,-0.750522928873932,0.482707725576144,DOWN,-1.56975462386126,0.0240637189337081,C1 SPECIFIC
GALNT7,NS,-0.811893746306382,0.0373740320641455,NS,-0.950688964078636,0.256208930094206,DOWN,-1.19419401186593,0.0333721404525127,DOWN IN LIMBUS
GAP43,UP,1.03090637480521,0.0284536121257921,NS,0.259889467614769,0.843160001973689,NS,0.968328588653743,0.124265083155222,C1 SPECIFIC
GAPDHS,UP,1.98400067095675,0.0003515277990605,NS,-0.0557373197006781,0.971978006598108,UP,1.35605617833492,0.0343263932525978,SHARED C1 & C3
GAREM1,DOWN,-1.22992694046043,0.0216878806439182,NS,-0.559188444031001,0.651668141104153,NS,-0.315304867062445,0.677625921222055,DOWN IN LIMBUS
GAS1,NS,0.743014015661034,0.152035838111407,NS,0.568672186060301,0.653236588052492,UP,1.85190917577533,0.0192167552780908,C3 SPECIFIC
GAS6,UP,1.644135324384,0.0005854544209601,NS,0.690934036441718,0.42656131468436,NS,0.650536868538799,0.216305062032823,C1 SPECIFIC
GAS7,UP,1.45453921498686,0.0014216119335179,NS,-0.295333746907291,0.771539247528007,UP,1.2744370128624,0.0270022890518092,SHARED C1 & C3
GASK1B,NS,-0.168914336754154,0.569130600232919,NS,0.224341042906685,0.767370775926029,UP,1.59334470920045,0.001413849533409,C3 SPECIFIC
GATA2,UP,1.22426260429285,2.65077338681076e-05,NS,0.248844691041494,0.587879318736478,UP,1.1547770613872,0.0010091691486786,SHARED C1 & C3
GATA3,UP,1.14942486859101,0.0498249274485052,NS,-1.88575496775597,0.133008007149208,NS,-0.30176191854752,0.732412114349184,C1 SPECIFIC
GBP1,UP,1.76251969189449,8.94888774552588e-06,NS,-0.587352496531428,0.295612516051281,NS,0.46856174392788,0.177562357910264,C1 SPECIFIC
GBP2,UP,3.48693895882351,3.43111696671692e-07,NS,-0.907302857088755,0.24028380042009,UP,1.74798630886392,0.002932583613937,SHARED C1 & C3
GBP4,UP,1.73382731823222,5.72387273320326e-06,NS,0.307573214109247,0.575513690040757,NS,-0.0301721358009743,0.940358659432923,C1 SPECIFIC
GBP6,NS,0.663789158955555,0.0523368235065849,NS,-0.435470320586895,0.578355512128539,DOWN,-1.96281829316957,0.0010344866221667,DOWN IN LIMBUS
GCH1,UP,1.99407350655569,0.00076748548825,NS,-0.60011070569188,0.597131651400951,NS,0.614281858025481,0.359663633443589,C1 SPECIFIC
GCNT2,UP,1.4004769406848,0.0009252843391165,NS,-0.220462434221197,0.822354863169286,NS,-0.59381622476027,0.213509245952516,C1 SPECIFIC
GDA,DOWN,-3.29839951739652,6.95724424924044e-06,NS,-0.257366255432756,0.848932780389875,DOWN,-1.53479126042849,0.0260470781785811,DOWN IN LIMBUS
GDF15,UP,2.23691693148436,0.0013033473109059,NS,-1.50091352977683,0.24028380042009,DOWN,-1.98616248246965,0.0238895050662435,C1 SPECIFIC
GDPD2,DOWN,-2.50635610823521,2.95405408863655e-06,NS,0.398865969178464,0.590279095899181,NS,0.361483951803771,0.415168799220354,DOWN IN LIMBUS
GEM,UP,4.33061670609874,7.46663999916023e-05,NS,2.16899808660471,0.203638332102404,UP,3.26945221911455,0.0082188882807011,SHARED C1 & C3
GFPT2,UP,1.79463608346014,0.000262499092204,NS,0.278763913224521,0.782725104393626,UP,1.41659120814479,0.01464945073979,SHARED C1 & C3
GFRA1,UP,1.03304478329564,6.06685378638204e-05,NS,0.250681858948429,0.556190299103066,UP,1.31245891772699,0.0002621465171387,SHARED C1 & C3
GGT5,UP,1.22336892711294,0.0002117259918904,NS,0.52849581972955,0.339775489457876,UP,1.20843152500284,0.0034525270414531,SHARED C1 & C3
GHR,NS,0.955088469514465,0.0005415922195074,UP,1.37159418007693,0.0055504026354281,UP,1.56824876649108,0.0002943813500867,SHARED C2 & C3
GIMAP1,UP,1.99280021167423,0.0009298494763005,NS,-0.519985960611452,0.667329192421708,NS,1.37544851954365,0.0542560501014098,C1 SPECIFIC
GIMAP1-GIMAP5,UP,1.70032599184035,0.0008956551823501,NS,-0.0651594691153434,0.965157258723944,UP,1.23404705252301,0.0442319918330612,SHARED C1 & C3
GIMAP2,UP,1.91225434877914,0.0004447162563021,NS,-0.569829270296641,0.570028732586138,NS,1.07413828755664,0.0779970200293344,C1 SPECIFIC
GIMAP4,UP,2.09769981996191,0.000448003655344,NS,-0.329079698200954,0.800515055112068,NS,1.28020753452,0.0587717038316754,C1 SPECIFIC
GIMAP5,UP,1.70032599184035,0.0008956551823501,NS,-0.0651594691153434,0.965157258723944,UP,1.23404705252301,0.0442319918330612,SHARED C1 & C3
GIMAP6,UP,3.10176055110377,0.000225634101202,NS,-0.533219176844231,0.746139329581659,UP,1.97170783172652,0.0363930331453458,SHARED C1 & C3
GIMAP7,UP,3.39009832316959,0.0002109796297989,NS,-0.528759238068922,0.772936109769584,NS,1.95259954385448,0.0507558110992053,C1 SPECIFIC
GIMAP8,UP,2.32757619402708,0.0008831395257343,NS,-0.797092986637765,0.554336770072855,NS,1.49639683500159,0.0670838235649382,C1 SPECIFIC
GIPC1,DOWN,-1.10499601699021,1.41279593101758e-06,NS,-0.320561391990237,0.265051236016677,NS,-0.918681086912953,0.0002943813500867,DOWN IN LIMBUS
GJA1,NS,-0.802386502192318,0.0223188982142914,UP,1.4193505269932,0.0497729191997527,UP,1.3324337046781,0.0106859681279137,SHARED C2 & C3
GJA3,DOWN,-1.04351106430202,0.0161742907648997,NS,0.974138092720455,0.281521250215594,NS,0.0137063035827083,0.985334278921866,DOWN IN LIMBUS
GJB2,DOWN,-1.66952645205922,0.0005455331486556,UP,1.77875144165466,0.0336520697807574,NS,-0.73774726000168,0.167836727901652,C2 SPECIFIC
GJB3,DOWN,-1.14771838225026,8.23548550303755e-05,NS,0.131867204674432,0.825014668987309,NS,-0.425621179352305,0.144977317284249,DOWN IN LIMBUS
GJB4,DOWN,-1.09463876001177,0.0115403604674565,NS,-0.0537858537933644,0.96989422945477,NS,0.0900655461655306,0.894947746460929,DOWN IN LIMBUS
GJB5,DOWN,-1.10618101978781,0.0002945533068952,NS,0.247934800899978,0.666728563581773,NS,-0.8809832216781,0.0152301018783329,DOWN IN LIMBUS
GJB6,DOWN,-2.35694083741799,0.0019741920520561,NS,2.24735113778961,0.112384111401075,NS,0.0423750426538838,0.971744133162835,DOWN IN LIMBUS
GJC1,UP,2.68786358675328,9.80237059120823e-08,NS,0.428464229832638,0.430674303752045,UP,1.04843143178648,0.0062646466725192,SHARED C1 & C3
GK,NS,0.459015686554716,0.130812847656531,NS,-0.626959738715279,0.356647257184449,DOWN,-1.56134447037277,0.0023572704268354,DOWN IN LIMBUS
GK3,NS,0.574143876578064,0.0207127188724715,NS,-0.0504820027078354,0.952049407076875,DOWN,-1.33540595557084,0.0012759394998563,DOWN IN LIMBUS
GLDN,UP,2.64374802568385,1.04139789373058e-05,NS,0.226732618505726,0.83650020945653,UP,2.06747469458151,0.0017428971572007,SHARED C1 & C3
GLE1,DOWN,-1.14184296352805,7.23212742000404e-05,NS,-0.431414818673297,0.345095927969904,NS,-0.636240038612405,0.0358730753300106,DOWN IN LIMBUS
GLIDR,DOWN,-1.03773378362807,0.0002237210645222,NS,-0.207707236563498,0.693221984226913,NS,0.159077922651975,0.609024691941136,DOWN IN LIMBUS
GLIPR1,UP,3.9422168269039,3.40317983662617e-07,NS,-0.0702656030745947,0.960049935625321,UP,1.41892027341648,0.018846226528216,SHARED C1 & C3
GLIPR2,UP,1.76489214647576,1.10037970136946e-06,NS,-0.783585248946093,0.0765997406308035,NS,0.971297517590438,0.0034596231143635,C1 SPECIFIC
GLIS3,UP,1.79830480865583,0.0208954642578074,NS,1.49594036720896,0.368743424818809,NS,1.83125567897532,0.0800395040939424,C1 SPECIFIC
GLMP,UP,1.02119958893573,4.26784020397971e-05,NS,-0.242224887059253,0.55071831499106,NS,0.120447775607229,0.635430965567652,C1 SPECIFIC
GLRB,UP,1.0547182511881,0.0027931234768525,NS,0.260867913141616,0.74073153889473,NS,0.52560869634251,0.212263764726256,C1 SPECIFIC
GLS,DOWN,-1.35671627496801,0.0015027741637048,NS,0.575869034722684,0.494250700417203,NS,0.193811227407084,0.726016735007509,DOWN IN LIMBUS
GLT8D2,UP,2.07884299096032,0.0018901198129858,NS,1.02645719148729,0.42656131468436,UP,2.15149868715017,0.0144844116141782,SHARED C1 & C3
GLYR1,UP,1.38809886871152,0.0013653000267152,NS,0.0487953061804474,0.96989422945477,UP,1.05559172051804,0.0464290742254788,SHARED C1 & C3
GMFG,UP,1.58226144548265,0.0007279083772705,NS,-0.337747668094391,0.724908281192146,NS,0.984478834935318,0.0688284668805207,C1 SPECIFIC
GMPR,UP,1.21810275272551,0.0010315335916895,NS,0.281090160547127,0.717653929539308,UP,1.55286231698637,0.0026710656913829,SHARED C1 & C3
GNA12,UP,1.00257938494975,0.0041933805822311,NS,0.0259220569037311,0.983105838129098,NS,-0.594641267592172,0.167422615753163,C1 SPECIFIC
GNA15,NS,-0.088463708675981,0.813466891236755,NS,-0.674777846633644,0.37767349598728,DOWN,-1.75905092749239,0.0023940642472238,DOWN IN LIMBUS
GNB4,UP,4.20995634123732,5.82761489437454e-10,NS,0.552771400204433,0.207593208211872,UP,1.30561521970802,0.0005522460875718,SHARED C1 & C3
GNB5,DOWN,-1.01127549493283,0.000835407856759,NS,0.0097302485465391,0.992104389281093,NS,-0.355888163850424,0.296722885183493,DOWN IN LIMBUS
GNG11,UP,3.03181614298547,1.44527774522965e-05,NS,-0.83778128804278,0.414541924517215,UP,1.33211871557655,0.045230106560232,SHARED C1 & C3
GNG2,UP,2.74876275047917,8.6463479030056e-05,NS,0.243930113801187,0.873575119709591,UP,2.19383096776004,0.0065235580075233,SHARED C1 & C3
GNG7,NS,0.805955420400418,0.0671088975702477,NS,0.681470276847499,0.504250743317612,UP,1.26132619916123,0.0457829776910181,C3 SPECIFIC
GOLGA2P5,DOWN,-1.03162745420349,7.23212742000404e-05,NS,-0.50754274387165,0.208918385114637,NS,-0.49286683331682,0.063012029141667,DOWN IN LIMBUS
GPAT3,NS,0.871098189639642,0.0171556491699969,NS,-0.609939361511266,0.432985591096896,DOWN,-1.21486742449371,0.0201718377757518,DOWN IN LIMBUS
GPC3,UP,1.533298443967,4.99202596896674e-05,NS,1.02715881425295,0.0771162438426047,UP,1.45530662818448,0.0015063835217344,SHARED C1 & C3
GPD1L,DOWN,-1.14255533590801,0.0016101919554275,NS,0.0872855893401212,0.929475592846331,NS,0.57593521474592,0.174343872484033,DOWN IN LIMBUS
GPD2,NS,-0.225247739418901,0.318138267235648,NS,-0.937958831847077,0.0556254100880885,DOWN,-1.19179404899093,0.0019691545424492,DOWN IN LIMBUS
GPHA2,NS,1.0620447075139,0.348591727711914,NS,3.40772407615397,0.169699201702611,UP,4.08643089574687,0.0176632856112407,C3 SPECIFIC
GPM6A,DOWN,-2.99147693181181,2.71985584717109e-05,NS,0.757474295140554,0.504250743317612,NS,0.341714137337272,0.628919795417536,DOWN IN LIMBUS
GPM6B,UP,3.95842653326192,1.22205004588676e-05,NS,0.859766256715927,0.529916461397027,UP,2.301939176605,0.01144107091891,SHARED C1 & C3
GPNMB,UP,1.11457722672495,0.0358987893835398,NS,0.361110079680767,0.798472632965447,UP,2.86168138816837,0.0013864158046556,SHARED C1 & C3
GPR160,UP,1.38376814497501,0.0019964779698915,NS,-0.925440255474158,0.276820120292565,NS,-0.37506102020598,0.491478383126383,C1 SPECIFIC
GPR161,UP,1.63991467864477,4.22536969391967e-06,NS,0.239739784201179,0.64498616315155,NS,0.010070431186791,0.979666896343755,C1 SPECIFIC
GPR176,UP,1.6934829383533,3.84880481739404e-05,NS,0.475213784750209,0.465523410848702,NS,0.794832383483424,0.0520444346994555,C1 SPECIFIC
GPR180,NS,-0.202870122575507,0.66774074332579,NS,0.0243266145286829,0.989182450600843,DOWN,-1.4444329060715,0.0315524018137761,DOWN IN LIMBUS
GPR183,UP,2.12245139296419,0.0054002155841754,NS,0.161873733593929,0.944872694319482,UP,2.13133395848265,0.0353422642040822,SHARED C1 & C3
GPR34,UP,2.14176978620395,0.0048662171485042,NS,-0.863769705361357,0.587879318736478,NS,1.43128462782841,0.131212575844385,C1 SPECIFIC
GPR37,NS,-0.689873952942791,0.0055354082077576,UP,1.00333710509974,0.037815483758103,NS,0.420439505793272,0.173854848772242,C2 SPECIFIC
GPR39,DOWN,-1.84818647248471,6.9023638517475e-05,NS,-0.241552851240317,0.786385541111439,DOWN,-1.20605158250461,0.0169820695642913,DOWN IN LIMBUS
GPR87,NS,-0.707939139486532,0.0780089347594453,NS,-0.583802975607149,0.531526340279436,DOWN,-1.59081244290154,0.0103695401331115,DOWN IN LIMBUS
GPRASP1,UP,2.17313323834406,7.82753225151332e-05,NS,1.27847202783782,0.141693843489533,UP,1.74407708731927,0.0059014087231948,SHARED C1 & C3
GPX2,DOWN,-1.33420596982037,0.0457868826976463,NS,-0.184785418292869,0.929993968272141,NS,-0.828013928101921,0.36098892205026,DOWN IN LIMBUS
GPX3,UP,3.56875838309047,0.0005018923253994,NS,1.02587691586363,0.592062803363886,NS,2.1985920748732,0.0598611698978848,C1 SPECIFIC
GRAMD1A,UP,1.02961423149513,5.2290125673868e-06,NS,0.277228660934972,0.372510143263858,NS,0.0013334912777258,0.995756069245074,C1 SPECIFIC
GRAMD1B,DOWN,-1.11577190658518,7.23212742000404e-05,NS,0.471003152385007,0.290545299622902,NS,0.679072571132971,0.0248827749846523,DOWN IN LIMBUS
GRB10,UP,2.03229559611448,1.7516954181742e-06,NS,0.363631927434,0.520363273866027,NS,0.160356669243576,0.654335335878689,C1 SPECIFIC
GRB14,NS,0.358517215456406,0.227863498931031,NS,0.0452465251536558,0.966227679994388,DOWN,-1.46233527589469,0.0032552797449595,DOWN IN LIMBUS
GRB7,DOWN,-1.30407754079512,0.0002778046414745,NS,-0.5345850912976,0.389130634296702,DOWN,-1.00596775410586,0.0170128604974919,DOWN IN LIMBUS
GREM2,UP,1.40281966908128,3.08927592059803e-05,DOWN,-1.22741856308746,0.0145644628207282,UP,1.19658746771831,0.0021374276434874,SHARED C1 & C3
GRHL1,DOWN,-1.30953736650124,0.006309598286294,NS,-0.901433790383899,0.35357384269136,NS,-0.902920611094839,0.134646155565816,DOWN IN LIMBUS
GRHL3,DOWN,-1.18860747135341,0.0002569307813396,NS,0.17560669051584,0.797203431284082,NS,-0.697979957482278,0.0521491080322699,DOWN IN LIMBUS
GRID1,UP,1.037178805382,0.0012761159798876,NS,0.797815784768367,0.175068116518657,NS,0.957908432568566,0.0193138196840151,C1 SPECIFIC
GRIN2A,DOWN,-3.17702483521827,6.90213673170397e-07,NS,0.127904396808797,0.907533873360838,NS,-0.0006616105471168,0.999072452311658,DOWN IN LIMBUS
GRIP1,NS,-0.0075715450774769,0.983745566389273,NS,-0.593982956786233,0.37658196035847,DOWN,-1.18977762366867,0.011045891427129,DOWN IN LIMBUS
GRK3,UP,1.09182482351664,0.0002077819427293,NS,0.0947855225716143,0.890354548777019,NS,-0.167150861249968,0.605247960948084,C1 SPECIFIC
GRK5,UP,2.1950135028861,2.44445361571892e-05,NS,0.063988201077839,0.958490412993033,NS,0.672120245900084,0.164695075954968,C1 SPECIFIC
GRP,UP,1.96488267403729,0.0102238280201416,UP,5.00521343144604,0.0017101477124057,UP,2.99392190354294,0.0075543651581383,CORE — all 3 contrasts
GSDMC,NS,-0.687196532555102,0.0540906356921314,NS,-0.541361237630389,0.511310631372119,DOWN,-1.35647356642803,0.0126525811642708,DOWN IN LIMBUS
GSDME,UP,2.57200826589023,4.24176939723535e-05,NS,-0.277340979948333,0.821640653308773,DOWN,-1.25088333879321,0.0478803785470278,C1 SPECIFIC
GSTA4,NS,-0.790417650223812,0.0156940006387214,NS,-0.253776482511551,0.749430597236306,UP,1.13294611412153,0.0160440986000021,C3 SPECIFIC
GSTM3,UP,1.29975762944778,0.0012778762493354,NS,0.586929667307823,0.444448742433395,UP,1.03435566900696,0.0375566880798221,SHARED C1 & C3
GUCA1B,DOWN,-1.3566324039076,0.0010365558712417,NS,0.0471573087052857,0.96949522675473,NS,-0.571261717871926,0.223952017572217,DOWN IN LIMBUS
GUCY1A1,UP,3.14821994152948,1.35342411525387e-05,NS,0.660857877703704,0.54963343678764,NS,1.10464961963776,0.0950752498723241,C1 SPECIFIC
GUCY1B1,UP,3.21634875956942,1.58348934467076e-08,NS,0.655670545040762,0.198031513304971,NS,0.190937810722873,0.573443649298674,C1 SPECIFIC
GULP1,UP,2.80203386899325,5.72387273320326e-06,NS,0.209162110178292,0.851911624996024,NS,0.873999059180851,0.1020409638775,C1 SPECIFIC
GXYLT2,UP,1.49820906369839,0.022180933850459,NS,0.807157634569768,0.579615562834626,NS,0.67386107275069,0.443433092920857,C1 SPECIFIC
GYG1,DOWN,-1.50305102083266,0.0002255440659849,NS,0.59807107450172,0.389780245171488,NS,0.0133100560891215,0.98139878770914,DOWN IN LIMBUS
GYPC,UP,2.05654102496268,4.29444131049374e-06,NS,0.259958732009843,0.699879698271011,UP,1.6065251421882,0.0009390845863294,SHARED C1 & C3
H19,DOWN,-1.77032791174871,0.0470296939854775,NS,-0.193633064131298,0.949177903101922,NS,1.88394054599836,0.121775081075499,DOWN IN LIMBUS
H2AC6,UP,1.68276527846151,0.0251576272232687,NS,-0.791109452177473,0.650424864083431,NS,0.485982453125359,0.64577311502079,C1 SPECIFIC
H2AJ,UP,1.33376601972921,0.0009237385990335,NS,0.634285743176724,0.393105787155068,NS,0.869247793609146,0.0657483539083445,C1 SPECIFIC
H2BC10,UP,1.6563363117707,0.0195418214655593,NS,-0.966475044459861,0.540649500308222,NS,0.708457589571101,0.455234064892477,C1 SPECIFIC
H2BC12,UP,1.85335267041223,0.0021389388999597,NS,-0.429668234563964,0.748445898682624,NS,0.480209013057079,0.516410653505547,C1 SPECIFIC
H2BC4,UP,1.61930638396577,0.0370574232045504,NS,-0.990374556151511,0.571990143872685,NS,0.511905019696408,0.643933518507113,C1 SPECIFIC
H2BC8,UP,1.63174678597165,0.0271151539625852,NS,-0.98680898599705,0.553334220128243,NS,0.253937579845335,0.823991759453748,C1 SPECIFIC
H6PD,UP,1.11799899452846,1.45271443921946e-05,NS,-0.0182556523186417,0.976900004734621,NS,0.58154744412426,0.0223517719866722,C1 SPECIFIC
HABP4,UP,1.13940298921582,0.000471850618744,NS,0.576840104757014,0.311977274605906,NS,0.723521492544096,0.0524639974493721,C1 SPECIFIC
HACD1,UP,2.1115889518766,4.87197609924002e-08,UP,0.845366817129346,0.0283303099773191,UP,1.42660404565321,0.0001311301391332,CORE — all 3 contrasts
HAPLN1,UP,1.10272466839513,0.0185987653495646,NS,0.206955844557378,0.876754857410915,NS,0.846952317480663,0.167205747360341,C1 SPECIFIC
HAS2,UP,1.72969466807602,0.0216619687269369,NS,-0.120086141590684,0.961438722025245,DOWN,-3.07623313834395,0.0068910203603119,C1 SPECIFIC
HAUS2,NS,-0.38001888931324,0.277166020470895,NS,-0.155571524320735,0.88483241895298,DOWN,-1.09004955862802,0.0353610097587957,DOWN IN LIMBUS
HAVCR2,UP,1.00427705157125,0.0082161971329593,NS,-0.841503693207653,0.275508625220816,NS,0.600683892331091,0.207323678279612,C1 SPECIFIC
HBEGF,DOWN,-1.40569320436072,0.0144725722311822,NS,-0.428664051686142,0.761156720835276,NS,-0.587613324013998,0.438085562701057,DOWN IN LIMBUS
HCAR3,DOWN,-1.89980589074394,0.0041224892254485,NS,0.32007083466819,0.853297309171264,NS,-0.323583864727363,0.719570066064301,DOWN IN LIMBUS
HCLS1,UP,2.08281229268815,0.0004976734112942,NS,-0.216451189450099,0.881368915059906,UP,1.59615891085981,0.0257082175526154,SHARED C1 & C3
HECTD2,UP,1.12488526078247,0.000634392794568,NS,-0.208466989016606,0.764424023081281,NS,0.70099977335865,0.0641210775966103,C1 SPECIFIC
HECW2,UP,1.32184586919473,0.0003114905142707,NS,0.427158189296628,0.51877501147894,UP,1.12746837990444,0.0108886751809204,SHARED C1 & C3
HEG1,UP,1.06223816611163,0.021480391549394,NS,0.332571458744912,0.774718415293347,NS,0.309283809765439,0.631025597300254,C1 SPECIFIC
HEPH,UP,1.78196292035888,0.0033181624271767,NS,1.23552493583098,0.299144652422947,UP,1.60138611728768,0.0407918188500955,SHARED C1 & C3
HERC5,UP,2.74256014406561,1.18538978774678e-05,NS,0.544648353820263,0.56221478636762,UP,1.22964763631093,0.0381236745844457,SHARED C1 & C3
HES5,DOWN,-1.87404453513528,2.8730627375475e-06,NS,-0.0633559509965593,0.93471010459949,NS,0.10093055308354,0.785442435893881,DOWN IN LIMBUS
HEY1,UP,1.23848072907382,0.0093831601892401,NS,0.163986075884556,0.906137220734686,NS,0.533101668257419,0.383743233673296,C1 SPECIFIC
HEY2,UP,2.06644897160338,0.0002569307813396,NS,0.0475770183800375,0.976559688028387,NS,0.86455187563868,0.15080308638418,C1 SPECIFIC
HFE,UP,1.00807454527056,0.0004177053198207,NS,-0.311721627830144,0.554680367181658,NS,-0.283543794282205,0.364445450708622,C1 SPECIFIC
HGD,DOWN,-1.67726793346335,0.0282834448878796,NS,-1.71486116053969,0.293007456882511,NS,0.447991739204074,0.682688107801994,DOWN IN LIMBUS
HHEX,UP,1.88778060925196,2.96196335447332e-05,NS,-0.382754484881501,0.59626085790996,UP,1.41312895805955,0.0046854817668446,SHARED C1 & C3
HINT3,DOWN,-1.06034751240946,0.0038520759995034,NS,-0.657958158938216,0.368712645179237,DOWN,-1.11603742559232,0.0230375120671016,DOWN IN LIMBUS
HIVEP3,UP,1.00029740843146,0.0070313686247192,NS,-0.305203045638485,0.721706823614372,NS,0.827441729536027,0.0829619115759652,C1 SPECIFIC
HLA-DMA,UP,1.21767890535289,0.0257995920554616,NS,-0.933488532530184,0.429723044649179,NS,0.901353034308706,0.208193546595045,C1 SPECIFIC
HLA-DPA1,NS,1.6942960763214,0.0530479693016786,NS,0.120702544910969,0.968912276175658,UP,2.64102514463049,0.0370812921316562,C3 SPECIFIC
HLA-DPB1,UP,1.79279444749856,0.0091554877506927,NS,0.290024553629618,0.879568455006435,UP,2.11892683917816,0.0257635804183584,SHARED C1 & C3
HLA-DRB3,UP,1.51764041942505,0.037612697101902,NS,-0.298733657016614,0.891748496140205,NS,1.81553998094863,0.0711475483107021,C1 SPECIFIC
HLF,DOWN,-3.08160305621656,7.5864982508972e-06,NS,1.21762595416448,0.196155967319918,UP,2.00189241026374,0.0045915491023091,C3 SPECIFIC
HLX,UP,1.14476797414477,0.0005149811123561,NS,0.848878376301922,0.141781966756125,UP,1.2537804191826,0.0037385287761419,SHARED C1 & C3
HMCN1,UP,2.71038989074918,1.82446465060229e-05,NS,-0.0984588338352959,0.944872694319482,UP,1.94999178188316,0.0042623479257237,SHARED C1 & C3
HMGA2,NS,0.0295539211875857,0.947184172240489,NS,-0.0602996225280226,0.96380847496019,DOWN,-2.02068283492741,0.001930580424064,DOWN IN LIMBUS
HMGCR,NS,-0.657546744039665,0.0400820478052622,NS,-0.200301514500836,0.819067609388787,DOWN,-1.16229713936834,0.0152715706844684,DOWN IN LIMBUS
HMGCS1,DOWN,-1.09990049808223,0.0100193174098494,NS,-0.157397053001976,0.898104504305905,NS,-0.587875814534575,0.278748626650274,DOWN IN LIMBUS
HNF4G,NS,-0.296033575609631,0.184917545276626,DOWN,-1.83592381695683,0.0006199661666104,DOWN,-1.52944387574038,0.0004298512220259,DOWN IN LIMBUS
HNMT,UP,3.23400606262934,9.32778610357958e-05,NS,0.0046607849235993,0.998003733244343,UP,2.22544521640769,0.0157672791534522,SHARED C1 & C3
HOMER2,DOWN,-1.30128836032747,0.0142918439258984,NS,-0.701741822721888,0.547894380633654,NS,-1.05935205982833,0.126063930166976,DOWN IN LIMBUS
HOMER3,DOWN,-1.83692040818441,0.0001742184171897,NS,-0.0124492277287684,0.993116457129426,DOWN,-1.35156682811662,0.0160440986000021,DOWN IN LIMBUS
HOOK1,DOWN,-1.99626844420957,8.87967960423385e-05,NS,-0.233854965808559,0.822328839826599,NS,-0.933914381190523,0.0740880083967261,DOWN IN LIMBUS
HOXD1,UP,1.06346103589462,0.0030557338651417,NS,0.809672593974902,0.24028380042009,UP,1.16450438822577,0.0158428163542319,SHARED C1 & C3
HOXD10,UP,1.41471038112775,0.008510095468595,NS,-0.697638771664796,0.547684420955594,NS,0.84363031398907,0.211452583241189,C1 SPECIFIC
HOXD8,UP,1.30465064433669,0.0008204093038748,NS,-0.269454456493502,0.741856369323814,NS,0.711539913799758,0.110291039592891,C1 SPECIFIC
HRK,DOWN,-2.19558599196017,4.49486722836966e-05,NS,0.211447687499741,0.847624355354462,NS,-0.847632837978478,0.10611925581952,DOWN IN LIMBUS
HS3ST6,DOWN,-1.16772145269561,0.000531293600761,NS,-0.0643898605213362,0.94383583804912,NS,0.0981624629878164,0.820409634791663,DOWN IN LIMBUS
HS6ST2,DOWN,-2.81285797436017,0.0001692173355235,NS,0.274792253447064,0.871053957032961,NS,-1.20646918053579,0.122322225931082,DOWN IN LIMBUS
HSD11B1,UP,1.66829371547043,0.0016994453998884,NS,-0.101235898442935,0.94818815061678,NS,1.05988692513797,0.0955903348410528,C1 SPECIFIC
HSD17B11,UP,3.36778035824151,5.4332918875812e-08,NS,0.168003182395218,0.834127577135487,UP,1.25009957225866,0.005674546524667,SHARED C1 & C3
HSD17B14,UP,1.13605064700949,0.0043368732114342,NS,0.705820246053498,0.37658196035847,NS,0.0420243214345826,0.944605749129301,C1 SPECIFIC
HSD17B2,DOWN,-1.1735613177965,0.0291606661964701,NS,0.116829154628624,0.947431319378462,DOWN,-1.48686737001002,0.0477296005646092,DOWN IN LIMBUS
HSD17B8,DOWN,-1.35995906056209,1.88430962421967e-06,NS,-0.204154908582586,0.597909380032139,NS,-0.0600704624239778,0.820219611424294,DOWN IN LIMBUS
HSPA12B,UP,1.33891346836494,0.0008734825237466,NS,0.252514400274054,0.772449419922234,UP,1.15425650106302,0.0210292165347266,SHARED C1 & C3
HSPA4L,DOWN,-1.55585335105816,0.0013647455162856,NS,-0.190359149475944,0.877089532887555,NS,-0.0989007886599245,0.885363856143633,DOWN IN LIMBUS
HSPB8,UP,3.40663291729089,2.41052318555771e-06,NS,-0.0781052760876388,0.958338012901047,NS,0.193071322562683,0.770122076943779,C1 SPECIFIC
HSPG2,UP,1.64033981345118,5.69213845123651e-05,NS,0.528702483491168,0.413780399914253,NS,0.291991257020188,0.472738145071547,C1 SPECIFIC
HYCC1,UP,2.39636283777621,2.05239614182874e-05,NS,0.493441674684004,0.571663066540489,NS,0.509801306797241,0.325127129228599,C1 SPECIFIC
ICAM1,UP,2.36240812580402,1.98491068355848e-05,NS,0.380213438358892,0.670881446355686,NS,-0.278438698261505,0.601868824644967,C1 SPECIFIC
ICAM2,UP,1.17719160681445,0.0020011063713895,NS,-0.369739773637099,0.639144647658461,NS,0.66534868877107,0.142571189913825,C1 SPECIFIC
ID2,UP,1.89860995781201,0.0013340027640083,NS,-0.062959620615568,0.97224391650114,NS,1.25845660572294,0.0740039782549522,C1 SPECIFIC
ID3,UP,1.71961946968138,0.0001386788473027,NS,0.756304845200177,0.305411214511982,NS,0.783824755161866,0.0950752498723241,C1 SPECIFIC
ID4,UP,2.30144216981886,0.0002596837864626,NS,1.47198189058314,0.166209093633819,UP,1.96664853121523,0.0095346517784536,SHARED C1 & C3
IDO1,NS,0.140189675308495,0.575890171871222,NS,-0.413459377236329,0.454782116961437,DOWN,-1.25382124303615,0.0022872852970202,DOWN IN LIMBUS
IER3IP1,DOWN,-1.02171948091882,0.0021535673615424,NS,0.18299355348856,0.82108891835947,NS,-0.394456533187175,0.319319443543016,DOWN IN LIMBUS
IFFO1,UP,1.00209261639352,0.0002964001446921,NS,-0.140026382535133,0.815414521034094,NS,0.887616738562576,0.0085300107237797,C1 SPECIFIC
IFI27,NS,0.568996524010617,0.0756727294814016,NS,-0.400271495892477,0.587879318736478,DOWN,-1.37557514687648,0.006470691157212,DOWN IN LIMBUS
IFI44,UP,2.12709591703011,4.11521494186874e-05,NS,-0.281264595078713,0.765260577689309,NS,-0.202910428196571,0.710802522966908,C1 SPECIFIC
IFI44L,UP,2.44331510669976,0.0004636950005629,NS,0.651666019511834,0.623146498332742,NS,0.0677684495219744,0.942501497250662,C1 SPECIFIC
IFIH1,NS,-0.08181643148541,0.749204050315484,NS,-0.878439061865103,0.097895337912163,DOWN,-1.04205853945716,0.0064687608930502,DOWN IN LIMBUS
IFIT3,UP,1.36479916363384,7.58255516318424e-05,NS,-0.42168987213504,0.455298195127769,NS,-0.231722817828395,0.511189145800477,C1 SPECIFIC
IFITM1,UP,3.52362679237225,3.15498941541237e-08,NS,0.0222586570827872,0.98378799155723,NS,0.803269156003038,0.0478527081250003,C1 SPECIFIC
IFITM10,DOWN,-1.67412313125391,0.0012423561031405,NS,1.26871092211977,0.179275907920499,NS,0.637762019364642,0.284556017315147,DOWN IN LIMBUS
IFITM2,UP,3.26611486993929,1.86825479918849e-08,NS,0.0223864433274343,0.981518331719094,UP,1.38771778874163,0.0013331870876357,SHARED C1 & C3
IFITM3,UP,2.39181609946804,2.28328309352457e-06,NS,-0.104262413709382,0.912046203525049,NS,0.574374156988668,0.160434191475867,C1 SPECIFIC
IFNE,NS,0.29623036825199,0.190372294381225,NS,8.44684709853105e-05,0.999931384738773,DOWN,-1.18859223325902,0.0021022970905727,DOWN IN LIMBUS
IFT70B,NS,-0.784192419478589,0.0298918675402307,NS,-0.563481472713622,0.483595967594149,DOWN,-1.0787142696715,0.0353610097587957,DOWN IN LIMBUS
IFT81,UP,1.03717641044162,0.002498206759692,NS,-0.0097939161699853,0.993357384796369,NS,-0.0227544661878394,0.965730099616125,C1 SPECIFIC
IGF1,UP,1.3521307967395,0.00689813207111,NS,0.187615422338813,0.894501100025352,NS,0.9798825457927,0.122586516004369,C1 SPECIFIC
IGF2,UP,1.62390298965513,0.0211734104054805,NS,0.0150780828334431,0.995500376717069,NS,1.64483142178369,0.0823544115369725,C1 SPECIFIC
IGF2BP2,NS,0.407478224658005,0.178041508394148,NS,0.0849519673572416,0.93134495709138,DOWN,-1.08543524484689,0.0189018281967457,DOWN IN LIMBUS
IGF2BP3,NS,0.99279534038825,0.0701422178599667,NS,-0.130865440887663,0.942892921945694,DOWN,-1.7066795059666,0.0334261811737,DOWN IN LIMBUS
IGFBP3,UP,3.5104433293805,2.14440437813565e-05,NS,-0.691569047921005,0.592215501651673,NS,0.959068164467755,0.204196226587352,C1 SPECIFIC
IGFBP4,UP,2.59586411602135,4.28632206710102e-06,NS,0.185909145060544,0.853284631946814,UP,1.58295039843678,0.0044736284535987,SHARED C1 & C3
IGFBP5,UP,4.77370864093494,6.21332274296601e-06,NS,0.714798193221014,0.653236588052492,UP,3.80467713784365,0.0010986232324334,SHARED C1 & C3
IGFBPL1,DOWN,-2.02965599217824,4.29702789791546e-05,NS,0.215113395213975,0.825648225201334,NS,-0.623551445668967,0.187671698653065,DOWN IN LIMBUS
IGSF10,UP,1.42266229284754,4.50791895726865e-05,DOWN,-1.30280988319801,0.0142383514087762,UP,1.26123197351449,0.0021773678963108,SHARED C1 & C3
IGSF11,NS,0.967481637431441,0.0023472132591512,NS,0.242730938398482,0.727156456253235,UP,1.03795906983528,0.0143459168671878,C3 SPECIFIC
IKZF1,UP,1.08088350315525,0.000516109511479,NS,-0.0486471361056653,0.956011492360294,NS,0.667639115613927,0.0600750913723579,C1 SPECIFIC
IL10RA,UP,1.25633661003786,0.0019423246208905,NS,-0.411109814798336,0.619215362272804,NS,0.982805211860444,0.0500143757887541,C1 SPECIFIC
IL11RA,UP,1.22335407375764,0.0013033367035256,NS,0.648673685802573,0.364705668962304,UP,1.40369821765699,0.0059026481148287,SHARED C1 & C3
IL13RA1,UP,1.00390021817394,0.0100905268179554,NS,-0.0783765625307131,0.950993942861641,NS,-0.361404684204094,0.479431144689044,C1 SPECIFIC
IL13RA2,UP,1.56254371516201,0.0011976155693353,NS,-0.647517045238209,0.489488448492451,NS,-0.536435260826476,0.335597140692385,C1 SPECIFIC
IL15,UP,1.09610869984882,0.0004740662132407,NS,-0.598409284937277,0.278794136792747,NS,-0.12339361849285,0.748716051615609,C1 SPECIFIC
IL16,UP,1.0540379133798,0.0006067618667997,NS,0.0093058826177152,0.992453406897039,NS,0.890659268027634,0.0181296490438184,C1 SPECIFIC
IL17D,UP,1.02233439092938,0.0229371898031176,NS,0.21372162363962,0.86819350290386,NS,1.16906783775172,0.0571914226128891,C1 SPECIFIC
IL19,NS,0.201149716601825,0.462532434443047,NS,-0.208882559845364,0.76908883469789,DOWN,-1.23697094876682,0.0047588860071349,DOWN IN LIMBUS
IL1A,NS,-0.574212261401124,0.532415806510679,NS,0.565992726430686,0.82431266466999,DOWN,-2.79442203095006,0.0353610097587957,DOWN IN LIMBUS
IL1B,NS,0.70950300696306,0.131358486332192,NS,0.305671740663197,0.816597695108329,DOWN,-2.9327290777741,0.0006708007591651,DOWN IN LIMBUS
IL1R1,UP,2.88375024921637,1.82604234146508e-07,NS,-0.458142563476141,0.465622405824352,NS,-0.103303206278067,0.81322567964098,C1 SPECIFIC
IL20RA,DOWN,-2.45096478949279,7.28058937875783e-05,NS,-0.760095429227073,0.449578806323689,NS,-0.589053084051917,0.335585250092889,DOWN IN LIMBUS
IL27RA,UP,1.12984313743786,0.0017682680168991,NS,-0.297899699655502,0.694947692313124,NS,0.833824923932842,0.0585574608491528,C1 SPECIFIC
IL31RA,DOWN,-1.14965449487404,0.0035035912273794,NS,0.0241965990467961,0.986612246981377,DOWN,-1.39473668255459,0.0101894994051925,DOWN IN LIMBUS
IL33,UP,4.50982993660571,2.08218684744526e-06,NS,0.329317514867168,0.833843864840953,UP,2.28455246113022,0.0085909541327092,SHARED C1 & C3
IL36G,DOWN,-1.42826165813929,0.0460590001466168,NS,-0.309150171206321,0.885246565156888,NS,-1.87063493738018,0.0612724448862104,DOWN IN LIMBUS
IL4R,UP,1.05937573394586,0.0009479155131887,NS,-0.373171059173879,0.547894380633654,NS,-0.945268017758465,0.0188726265707447,C1 SPECIFIC
IL6,UP,3.22329199315399,0.001252313472532,NS,0.21530216442313,0.93842671240246,NS,2.02058076954775,0.0865860544281132,C1 SPECIFIC
IL6ST,UP,1.21412157019274,0.0024886585164503,NS,0.277126806391964,0.761156720835276,UP,1.15001307682115,0.0274329005689925,SHARED C1 & C3
IL7,UP,1.62679014177615,5.70821935212014e-05,NS,-0.939234687213679,0.130511607926374,NS,0.546877911790463,0.165270431781751,C1 SPECIFIC
IL7R,UP,1.37986321806892,0.0003803242969011,NS,0.150625831669086,0.869297701935092,NS,0.446938750071706,0.285186101154022,C1 SPECIFIC
IMPDH2,UP,1.04004827260863,0.0003270422206067,NS,-0.160406292051301,0.792939542865162,NS,0.333348188699077,0.281056563456073,C1 SPECIFIC
INF2,DOWN,-1.02864165188784,0.0015739928534293,NS,0.363817295038221,0.571663066540489,NS,-0.385659679498741,0.31040750296381,DOWN IN LIMBUS
INHBA,UP,2.16872994664288,0.0027240056839768,NS,0.777822110276235,0.600213441447285,NS,-1.64151730586716,0.0670295545590796,C1 SPECIFIC
INHBB,UP,1.16129808928558,0.0029254016768346,NS,0.0211424998946876,0.988259458419789,UP,1.04113679740902,0.0379889644940866,SHARED C1 & C3
INMT,NS,0.775116195790032,0.0271016899272481,NS,0.787760520436456,0.29068503420007,UP,1.10837441643986,0.0276715516194037,C3 SPECIFIC
INPP4B,NS,0.881872308479168,0.0317959688703215,NS,-0.738332611669922,0.407359527251523,DOWN,-1.26764489886702,0.0314538091782868,DOWN IN LIMBUS
INPP5F,DOWN,-1.12258818413022,5.05949521267643e-05,NS,-0.133057449750588,0.804448438526791,NS,-0.506760168487213,0.0664038686284871,DOWN IN LIMBUS
INS-IGF2,UP,1.62390298965513,0.0211734104054805,NS,0.0150780828334431,0.995500376717069,NS,1.64483142178369,0.0823544115369725,C1 SPECIFIC
IPO11,UP,1.42393653836784,5.85496779027113e-05,NS,-0.227309384537405,0.719714898553236,NS,0.584752729233849,0.0960737443964144,C1 SPECIFIC
IQCA1,UP,1.08411696701388,0.0036107467659216,NS,-0.746944979856554,0.305411214511982,NS,-0.710212078188018,0.121977746511454,C1 SPECIFIC
IQGAP2,UP,1.14241255453592,0.0127681636748659,NS,-0.0689060153710619,0.963056175033764,NS,0.958219651499284,0.109168610731733,C1 SPECIFIC
IRAG1,UP,1.71270111972069,0.0002851292960442,NS,0.773164046430004,0.335615870110607,UP,1.7622606450517,0.0034416433165425,SHARED C1 & C3
IRAK3,UP,2.56862834941811,3.24522346236138e-07,NS,0.0455030377668866,0.960049935625321,NS,0.662846621501029,0.0691883956146947,C1 SPECIFIC
IRF6,DOWN,-1.27030379015225,0.0012209493292095,NS,-0.463797063072583,0.547894380633654,DOWN,-1.48151400838874,0.005202717408782,DOWN IN LIMBUS
IRS1,UP,2.62867740569029,0.0001475506045213,NS,-0.40146425583546,0.766518974871386,NS,0.769456738126365,0.276382565098069,C1 SPECIFIC
IRS2,NS,0.606213240867822,0.0240326230749717,NS,0.351060879611131,0.557025325459254,UP,1.01332544877105,0.0112374155070016,C3 SPECIFIC
IRX1,UP,1.00454262459261,0.0050861049758145,NS,1.34600346494691,0.0532963496261058,UP,1.24058322367969,0.0129486323122164,SHARED C1 & C3
IRX3,UP,2.47273532627783,0.0002135039573162,NS,0.110671593638065,0.950488438049002,UP,1.60373454160168,0.0328121576527914,SHARED C1 & C3
IRX5,UP,1.83377321347645,0.0025524382998538,NS,-0.321765322896083,0.830742444625921,NS,1.28748662172828,0.0843065193525756,C1 SPECIFIC
ISLR,UP,2.18823122082896,7.23212742000404e-05,NS,0.0088586074866174,0.995500376717069,UP,1.95387670657053,0.0029617593096586,SHARED C1 & C3
ISM1,UP,1.24252801189469,0.0037234324019852,NS,0.0033489560735002,0.997825523672197,NS,0.79967532341955,0.129410572402547,C1 SPECIFIC
ITCH,DOWN,-1.10711724427338,0.0004236288882454,NS,-0.497237873022789,0.371604577182719,DOWN,-1.04152246711596,0.0078018437598433,DOWN IN LIMBUS
ITGA1,UP,1.54606609014291,4.76283060448747e-05,NS,-0.399400659386237,0.518605027897252,NS,0.634811526632958,0.0894215646608507,C1 SPECIFIC
ITGA10,UP,1.6430973914322,0.0003621444287662,UP,2.67964085231023,0.0012289918146469,UP,1.51823666177768,0.007722299641373,CORE — all 3 contrasts
ITGA11,NS,0.860757435441971,0.0075652693226056,NS,0.939145300872998,0.147619202088508,UP,1.37006116668092,0.0043466546036748,C3 SPECIFIC
ITGA2,NS,-0.439087569204254,0.277128162440479,NS,-0.195550796218324,0.873575119709591,DOWN,-1.20418504110952,0.0423964145820575,DOWN IN LIMBUS
ITGA3,NS,-0.742735896497386,0.0242394265241048,NS,0.0478950885864382,0.965845657005146,DOWN,-1.44844819579334,0.0046643619280762,DOWN IN LIMBUS
ITGA4,UP,2.43479821738615,9.4005431281043e-05,NS,0.671534404626391,0.526187037809061,NS,0.952542765484504,0.130430342242644,C1 SPECIFIC
ITGA5,UP,1.54191561570333,0.0123647889315584,NS,0.217560202118382,0.904069537827999,DOWN,-1.7978354669209,0.0341652761357249,C1 SPECIFIC
ITGA6,NS,-0.758328562764601,0.000491902415335,NS,0.345695744862398,0.375958504145529,DOWN,-1.24694210403086,0.0002621465171387,DOWN IN LIMBUS
ITGA7,UP,1.11203721398462,0.000412495924039,NS,0.443179054721578,0.429245734733461,UP,1.20402054948201,0.0033386931746794,SHARED C1 & C3
ITGA8,UP,2.42502592466457,4.28870856637432e-05,NS,1.17359047007029,0.189182267626317,UP,2.04466618459593,0.002932583613937,SHARED C1 & C3
ITGA9,UP,1.55072230065235,0.0047233832945455,NS,-1.11054398950431,0.305411214511982,NS,0.994305801236594,0.144935394585101,C1 SPECIFIC
ITGAM,UP,1.66702039467958,0.000577650004768,NS,0.119727131281246,0.9244927448488,UP,1.10893635735468,0.0491944918782834,SHARED C1 & C3
ITGB2,UP,1.8084435072249,0.0006737774618913,NS,0.17000377612237,0.899415273100538,UP,1.61388821514623,0.0148799359336744,SHARED C1 & C3
ITGB4,NS,-0.765813443189554,0.0085986425269181,NS,-0.320601115632359,0.613263779936076,DOWN,-2.27374438006585,9.60917310102315e-05,DOWN IN LIMBUS
ITGB6,NS,-0.01054521877162,0.985007126663931,NS,-0.615012103671226,0.570028732586138,DOWN,-3.40260080852674,0.0002475131197956,DOWN IN LIMBUS
ITGB8,NS,-0.377831421244384,0.267140263917938,NS,-0.52251203992231,0.513737866684215,DOWN,-1.88296557942165,0.001477469030136,DOWN IN LIMBUS
ITGBL1,UP,1.81045917919827,0.0213444743284653,UP,3.56104949865411,0.0303543251381968,UP,2.7383301044744,0.0165248972483256,CORE — all 3 contrasts
ITIH4,DOWN,-1.21372929969597,8.1102862666131e-05,NS,-0.159046014797307,0.790607183699922,NS,0.0929153473697673,0.790937730974058,DOWN IN LIMBUS
ITIH5,UP,1.2072324232267,0.0026634740436568,NS,0.180160568585045,0.863222802439948,NS,0.935894632502666,0.0609364772468565,C1 SPECIFIC
ITM2A,UP,4.09642748399185,7.40388025034677e-05,NS,0.384868417539876,0.862450886543048,UP,2.38019182954823,0.0308743984589536,SHARED C1 & C3
ITPKC,DOWN,-1.00437931482933,0.0370574232045504,NS,-0.0049131660591994,0.997594341253082,NS,-0.215678425769159,0.767369666616894,DOWN IN LIMBUS
JADE1,NS,0.296616202896267,0.141575200118712,NS,0.376209298177175,0.408131344649154,UP,1.12923612233136,0.0013864158046556,C3 SPECIFIC
JAM2,UP,2.81020238876372,1.58348934467076e-08,NS,0.320036222755717,0.510126271025636,UP,2.06676135568681,1.67318514529378e-05,SHARED C1 & C3
JAM3,UP,2.14277288748319,6.94395017158905e-06,NS,1.23654628472716,0.056102621306336,NS,0.884148941144655,0.0428189252504367,C1 SPECIFIC
JCAD,UP,2.56014804738341,6.92043252157634e-05,UP,2.01511461131003,0.0411148258306515,UP,2.783137372666,0.0008246643467099,CORE — all 3 contrasts
JHY,UP,1.39982528174599,3.91400994141034e-05,NS,0.235711243917997,0.682584641207265,NS,-0.199463384829437,0.555238353134567,C1 SPECIFIC
JPH1,DOWN,-1.8895243048078,0.0003400417009263,NS,1.4315484528846,0.107519703220369,NS,0.0117833132418532,0.987378154473183,DOWN IN LIMBUS
JPT1,NS,-0.62169905278707,0.136748580506081,NS,-0.579814407207449,0.554680367181658,DOWN,-1.23633646055343,0.0432094889811607,DOWN IN LIMBUS
JPT2,NS,-0.380283123276113,0.134849664844557,NS,-0.236990503722017,0.712434291970605,DOWN,-1.23070338027142,0.0034596231143635,DOWN IN LIMBUS
JUN,NS,-0.0804333419945937,0.925239930398497,NS,0.120585730478178,0.963579341389477,UP,2.62920416301607,0.0212907934077395,C3 SPECIFIC
JUND,NS,-0.791365262350368,0.0288258370689652,NS,0.0237995005752776,0.987274748504157,UP,1.21127862548272,0.0214284674261648,C3 SPECIFIC
KALRN,UP,1.05960170970246,0.0229051001224814,NS,0.607729061285631,0.55673229700621,NS,0.692350816081961,0.255790453561556,C1 SPECIFIC
KANK2,UP,2.18591528741828,5.24109044293814e-06,NS,0.74868690265374,0.245732203654955,UP,1.60412784774006,0.0015745994245489,SHARED C1 & C3
KAT2B,DOWN,-1.46136002741281,0.0001005500401751,NS,0.342067010915191,0.594729192431456,NS,0.411179738834564,0.274205919349114,DOWN IN LIMBUS
KATNAL1,UP,1.71425617882525,0.00024601000197,NS,0.348389825982633,0.692391483415399,NS,-0.625366059087922,0.201769657344473,C1 SPECIFIC
KBTBD11,UP,1.06450248399748,0.0074062704062859,NS,-1.06640728351005,0.177584601806031,NS,0.761575137998024,0.130784727805627,C1 SPECIFIC
KCNE3,UP,1.87212445783964,0.0113640079749446,NS,-1.66866356099543,0.272666353478065,NS,0.879132999368867,0.355675150570776,C1 SPECIFIC
KCNE4,UP,3.38092690054089,1.025522842993e-05,UP,2.95009456548931,0.0065539114164973,UP,3.12744444365153,0.0006076694061365,CORE — all 3 contrasts
KCNG1,NS,-0.723889539382832,0.0799922733247968,NS,-1.00266807940992,0.268338140356241,DOWN,-2.23216717851887,0.0016039481811542,DOWN IN LIMBUS
KCNG3,DOWN,-2.41660906231233,1.22323031000674e-05,NS,0.115413475060592,0.918770686745885,NS,-0.725302353287062,0.143346691183647,DOWN IN LIMBUS
KCNJ13,UP,2.01144563149636,0.0008734825237466,NS,0.503534105333794,0.677901943029614,UP,1.59998483951492,0.0303305768309538,SHARED C1 & C3
KCNJ15,NS,-0.290552039819027,0.550199202265246,NS,-0.0281715270947309,0.988492312352878,DOWN,-1.59475947940854,0.0252622991565394,DOWN IN LIMBUS
KCNJ2,UP,1.91411651280853,0.0088820521155245,NS,-0.287050868931386,0.88984777916688,UP,1.90540617818723,0.0499886810155916,SHARED C1 & C3
KCNJ8,UP,1.68728459875273,0.0003263999409611,NS,0.474745483821755,0.576886964858571,UP,1.46886598486793,0.0100616109497367,SHARED C1 & C3
KCNMB2,DOWN,-1.373333229675,0.0013458735080784,NS,0.667898476062369,0.409241765218173,NS,0.0220376282501906,0.973353146454216,DOWN IN LIMBUS
KCNN4,DOWN,-2.02906218017899,6.21332274296601e-06,NS,0.140372230981341,0.866124478300104,DOWN,-1.08420179172227,0.0123295531421467,DOWN IN LIMBUS
KCNQ5,UP,1.41802461885676,0.0001875017317411,NS,0.751036187299057,0.231461185475547,UP,1.15045821202427,0.0100616109497367,SHARED C1 & C3
KCNT2,UP,3.74662271266955,1.19903846581462e-05,NS,0.93814115882968,0.455135569083142,UP,3.04131344234526,0.0014650092823238,SHARED C1 & C3
KCTD12,UP,3.14014530212369,7.54908659350254e-07,NS,0.346073075205821,0.683326360420924,UP,2.02951255368967,0.0010003036900882,SHARED C1 & C3
KDELR3,UP,2.12340589416921,0.010088727257442,NS,0.67411625562898,0.726099465193472,NS,0.10580797944271,0.935544967356141,C1 SPECIFIC
KDM1B,DOWN,-1.06391049691035,0.0013500613738264,NS,-0.312049553422012,0.643026427321379,NS,-0.700430589980219,0.0762534568510834,DOWN IN LIMBUS
KDM4C,DOWN,-1.22461308393866,0.0001257619166007,NS,-0.169214788760092,0.789738869414997,NS,0.0630546616492476,0.872014331393831,DOWN IN LIMBUS
KDM7A,DOWN,-1.03057011910635,6.03387151363158e-05,NS,-0.188247013053723,0.670229357714289,NS,-0.099313470046849,0.721149094678576,DOWN IN LIMBUS
KERA,NS,-0.372493229712159,0.683559347390895,UP,4.93461025387017,0.0107674139660495,NS,0.763309369266585,0.540249653460064,C2 SPECIFIC
KICS2,DOWN,-1.33081818708786,7.27395528804517e-05,NS,-0.276960909357889,0.631559246554301,NS,-0.413241858987895,0.208681977640863,DOWN IN LIMBUS
KIF13A,DOWN,-1.73134866976892,6.1841150100807e-06,NS,-0.220457909999688,0.712458731784875,NS,-0.258185486557494,0.439691936729222,DOWN IN LIMBUS
KIF21A,DOWN,-2.2792947749658,4.90649751177976e-05,NS,-0.98819531824182,0.254690209393777,NS,-0.930209369158122,0.092427436606255,DOWN IN LIMBUS
KIRREL1,UP,2.07600397468612,6.12164764776409e-05,NS,0.723069937413038,0.37658196035847,NS,0.871211194951913,0.0913771258088446,C1 SPECIFIC
KIT,DOWN,-1.9803010299224,0.0015922161014962,NS,-0.0196819572209499,0.992531023671757,UP,2.35434972016387,0.005674546524667,C3 SPECIFIC
KLF12,UP,2.17898879105695,2.62637684031181e-07,NS,0.101420044623323,0.875235061519259,NS,0.34888790023247,0.232103018213878,C1 SPECIFIC
KLF15,UP,1.34430227051607,0.0007032965441507,NS,1.19708611626397,0.0948771528470498,UP,1.5149619141414,0.0040649203157536,SHARED C1 & C3
KLF2,UP,2.14406058507582,0.0009041293810044,NS,0.502139186082857,0.70515936208275,UP,2.15464631420344,0.009680342053792,SHARED C1 & C3
KLF3,DOWN,-1.47993713139588,0.000362049438375,NS,0.107892724525468,0.917804428879256,NS,0.0685482036597804,0.901027277881221,DOWN IN LIMBUS
KLF4,DOWN,-1.2282539063336,0.0253378285405827,NS,0.0314732473147075,0.988492312352878,UP,2.15854730075272,0.0089828513629161,C3 SPECIFIC
KLF7,NS,-0.0984613912192653,0.859732133003111,NS,0.302161658396975,0.833383398830382,DOWN,-1.57025667901916,0.0349623168956176,DOWN IN LIMBUS
KLF9,NS,-0.0009092541113471,0.998603664748153,NS,0.495972770872886,0.568511473197947,UP,1.22116210975255,0.0282812959969425,C3 SPECIFIC
KLHL13,UP,3.16658997592479,0.0009298494763005,NS,-1.14438797908948,0.538504455111314,NS,1.4086552084313,0.193102549685124,C1 SPECIFIC
KLHL14,DOWN,-1.57169910721314,0.0095306260216131,NS,0.136534154123249,0.941891435905795,NS,1.04453530506175,0.1754978100567,DOWN IN LIMBUS
KLHL23,UP,1.70008410218589,2.96196335447332e-05,NS,0.626122660919263,0.3054890070222,NS,0.776598470599273,0.0518387492029975,C1 SPECIFIC
KLHL26,DOWN,-1.11392718935526,0.0001057447914534,NS,0.304126986702304,0.538819296691953,NS,-0.0504687750316828,0.886589700034416,DOWN IN LIMBUS
KLK10,NS,0.446388602745855,0.335567115351969,NS,-0.887268315450304,0.392325631727251,DOWN,-2.08601291149117,0.005265801188306,DOWN IN LIMBUS
KLK12,NS,0.106288066101665,0.712650195687136,NS,-0.0858136757442418,0.921799598905398,DOWN,-1.26777646652419,0.0043539504533516,DOWN IN LIMBUS
KLK5,DOWN,-1.32232149782948,0.039049968625375,NS,0.0953742653684371,0.965688336091197,DOWN,-3.40803047261926,0.0015524561694016,DOWN IN LIMBUS
KLK6,NS,0.099096762251305,0.806653600017207,NS,0.120259693891507,0.918652610078717,DOWN,-2.33162447196908,0.0006440240735179,DOWN IN LIMBUS
KLK7,NS,0.524745418854372,0.251100549389997,NS,-0.136117223819484,0.92702796079953,DOWN,-3.14497754591117,0.0004131928212976,DOWN IN LIMBUS
KLK8,NS,-0.177323697509133,0.685980686855063,NS,0.210817377809217,0.865555451851788,DOWN,-1.56970743555795,0.0143874927590323,DOWN IN LIMBUS
KMO,NS,-0.507954404730917,0.457932428349942,NS,-1.78727209916834,0.228410319292383,DOWN,-2.29716098853564,0.0239607541185985,DOWN IN LIMBUS
KMT5A,DOWN,-1.02125199887182,4.97703287931839e-05,NS,-0.281595880060086,0.493180743044682,NS,-0.320525633811763,0.185896212086803,DOWN IN LIMBUS
KRT13,UP,3.32229260290878,0.0099139577573463,NS,-0.423327160474898,0.911395927445765,NS,0.910681648967227,0.5964602943392,C1 SPECIFIC
KRT14,NS,0.192832715642812,0.642170179122378,NS,0.569064722160885,0.543962973627214,DOWN,-1.14156457566276,0.0481641758071456,DOWN IN LIMBUS
KRT15,UP,2.14185025828933,0.0321557007350956,NS,0.464860437011788,0.873575119709591,NS,0.78811413891561,0.571714061880173,C1 SPECIFIC
KRT16,NS,0.53448327185633,0.181013142754419,NS,-0.164967496349907,0.894773836468573,DOWN,-1.56184048731609,0.0123936666507498,DOWN IN LIMBUS
KRT17,NS,0.165150029591993,0.738850913846232,NS,-0.989379586375573,0.336267013902279,DOWN,-1.50898127197612,0.0298931591384044,DOWN IN LIMBUS
KRT19,UP,3.51898448546452,0.000199340380584,NS,-0.343492496910462,0.873575119709591,NS,0.0879255730821544,0.942096000802528,C1 SPECIFIC
KRT19P2,NS,-0.707884006677782,0.0322781583242969,NS,-0.498384049465294,0.506625165068044,DOWN,-2.06357525267957,0.0005560947424794,DOWN IN LIMBUS
KRT2,NS,-0.0370510133426158,0.889008137994039,DOWN,-1.063564105674,0.0379675901338382,NS,-0.309132852924034,0.348848978992496,DOWN IN LIMBUS
KRT222,DOWN,-1.90684460236933,0.0001645819494865,NS,0.0956949692719382,0.940200906304457,NS,-0.616842374838417,0.233317415635224,DOWN IN LIMBUS
KRT23,UP,1.17005386572113,0.0137938051491353,NS,-0.467599329363905,0.665000339631055,DOWN,-2.8310806621448,0.0006106983244221,C1 SPECIFIC
KRT27,DOWN,-2.31383843420174,0.0001054643215943,NS,-0.0952146935235856,0.950488596681095,NS,-1.20282144465974,0.0551763264481278,DOWN IN LIMBUS
KRT3,DOWN,-4.40438353458076,1.40553078932106e-06,NS,0.145429401048518,0.929993968272141,NS,1.12199790890449,0.118985751270361,DOWN IN LIMBUS
KRT5,NS,-0.684872475435471,0.0446239965641118,NS,0.542502900893114,0.48196958956132,DOWN,-1.09244820057205,0.0282812959969425,DOWN IN LIMBUS
KRT7,UP,1.8553742958511,0.0028315424175162,NS,-2.17859147901168,0.0666108400190793,DOWN,-2.43133429233878,0.0053581665184921,C1 SPECIFIC
KRT80,NS,-0.607698667502659,0.098775769144276,NS,-1.14679286577639,0.159123919430511,DOWN,-1.04261109724348,0.0492798933006305,DOWN IN LIMBUS
KRTAP4-5,NS,-0.0725735253037874,0.823941280257625,NS,0.430988548076939,0.538504455111314,UP,1.12687097464812,0.01388220443405,C3 SPECIFIC
KYNU,NS,0.272809900798718,0.572817596549003,NS,-1.48452526251089,0.154540893751993,DOWN,-2.30127988468299,0.0032116615617494,DOWN IN LIMBUS
L1CAM,UP,1.58004085520679,0.000110731949439,NS,0.483726475871841,0.486702548131974,NS,0.891697741941554,0.0422132317910483,C1 SPECIFIC
L2HGDH,DOWN,-1.03988709962471,2.04488205090937e-05,NS,-0.16124832215556,0.686716782302834,NS,-0.220971309851869,0.32537980090965,DOWN IN LIMBUS
L3MBTL4,DOWN,-1.19676952943999,4.51961452242624e-06,NS,0.381829209905551,0.278253667105804,NS,-0.106483275569484,0.648090702835074,DOWN IN LIMBUS
LAD1,DOWN,-1.27221400260204,0.0003963616995818,NS,0.329205591301057,0.628778638713826,NS,-0.697652949406676,0.0803689607581917,DOWN IN LIMBUS
LAMA2,UP,2.47907224994929,4.39069116821978e-07,NS,0.0651364399794971,0.939820054073434,UP,2.0746439816929,0.0001343395844145,SHARED C1 & C3
LAMA3,NS,0.137405810912721,0.733192472785671,NS,0.632494285214781,0.467154032434728,DOWN,-1.45152747173603,0.0133984992272254,DOWN IN LIMBUS
LAMA4,UP,3.88206188158047,3.9551166925378e-09,NS,-0.279249563713032,0.616229286406442,UP,2.16261333657404,4.02927752991757e-05,SHARED C1 & C3
LAMB3,NS,-0.657097048887904,0.0004470051912963,UP,0.658087911973245,0.0396188767988427,DOWN,-2.11115031801425,2.00254926525849e-06,C2 SPECIFIC
LAMC1,UP,1.35480503007513,0.0005171870347559,NS,0.368668149492912,0.620247052208885,NS,0.436624031256359,0.30974369706494,C1 SPECIFIC
LAMC2,NS,-0.52577084953736,0.297113147809345,NS,0.128704187349214,0.939820054073434,DOWN,-3.73997780126219,0.0002395142437753,DOWN IN LIMBUS
LAMC3,UP,1.09415499212325,0.0020302283497344,NS,0.690338828521701,0.305411214511982,UP,1.23972003923119,0.0094568871456124,SHARED C1 & C3
LAMP3,UP,1.27196623464663,0.02560791680231,NS,-0.959366905541461,0.436336568884898,NS,0.0565882177667056,0.952240099097549,C1 SPECIFIC
LAPTM5,UP,1.73920075904916,0.0118500007514066,NS,-0.337693984464412,0.859970847493921,UP,1.94303264330398,0.0392873470438742,SHARED C1 & C3
LARP6,UP,2.43045334242377,1.40553078932106e-06,NS,0.868043060292798,0.166209093633819,NS,0.218570899558742,0.594668299590063,C1 SPECIFIC
LASP1,UP,1.74294690702728,1.73233435283717e-05,NS,-0.157934167049474,0.835790198674089,NS,-0.219405916115875,0.569228082670156,C1 SPECIFIC
LAYN,UP,2.94549385248659,3.00951134670419e-06,NS,0.303951156948512,0.754130095377148,NS,-0.183134165031035,0.751362514159496,C1 SPECIFIC
LBH,UP,1.68133276026368,1.9516162110084e-05,NS,-0.306184234435879,0.624994332284528,NS,-0.8266486686391,0.0329443616153665,C1 SPECIFIC
LCN2,UP,3.10618205669708,0.0046949408576988,NS,-1.96792670525016,0.373130436432068,NS,-1.69586203257936,0.207575314025254,C1 SPECIFIC
LCP1,UP,1.19644675685903,0.0029469366812109,NS,0.372541960296643,0.663407607002742,NS,-0.0416818907127716,0.944605749129301,C1 SPECIFIC
LCP2,UP,1.53130362794186,0.0003769373169491,NS,-0.230475403048856,0.805745735653569,NS,0.994513521113645,0.0436233841984989,C1 SPECIFIC
LDB2,UP,4.45437923264233,8.01598767389637e-08,NS,0.187925181984102,0.873087473275844,UP,3.07710875721664,0.0001603912882052,SHARED C1 & C3
LDB3,UP,1.57393290919521,0.001801723143429,NS,0.688863106762181,0.491637418209196,UP,1.28767638705035,0.0410360955428367,SHARED C1 & C3
LDLRAD4,UP,1.20952820609939,0.0187629412477264,NS,-0.269887339428563,0.850452927437516,NS,1.11549910222784,0.102436970053423,C1 SPECIFIC
LDLRAP1,DOWN,-1.0135548806963,0.00024601000197,NS,0.381610472328303,0.423055914811575,NS,-0.111865310662856,0.730003890662952,DOWN IN LIMBUS
LEMD1,NS,-0.507161995196864,0.377200089672862,NS,0.173240299629581,0.926305937787706,DOWN,-2.28081827860042,0.010637064848217,DOWN IN LIMBUS
LEPR,UP,3.26665127273548,6.13966290586489e-05,NS,-0.51778495756119,0.722593391408533,UP,1.84002036721812,0.0318863817809509,SHARED C1 & C3
LEPROT,UP,3.26665127273548,6.13966290586489e-05,NS,-0.51778495756119,0.722593391408533,UP,1.84002036721812,0.0318863817809509,SHARED C1 & C3
LGALS1,UP,3.06713236326356,4.28632206710102e-06,NS,0.410027256223289,0.677901943029614,NS,-0.114620058089384,0.863123485410282,C1 SPECIFIC
LGALS3,DOWN,-1.33356009538625,0.0099912493036862,NS,-0.723948151887225,0.517032895080918,NS,-0.302089326682059,0.670489148606115,DOWN IN LIMBUS
LGALS7,NS,-0.62876257914197,0.230946854802354,NS,0.695216681010217,0.571663066540489,DOWN,-1.51176767354292,0.0482135934722413,DOWN IN LIMBUS
LGALS7B,NS,-0.62876257914197,0.230946854802354,NS,0.695216681010217,0.571663066540489,DOWN,-1.51176767354292,0.0482135934722413,DOWN IN LIMBUS
LGALSL,DOWN,-2.84795316304621,3.80541684724263e-07,NS,0.126601566051558,0.886251351177525,DOWN,-1.1818769851063,0.0093413207348606,DOWN IN LIMBUS
LGR6,NS,0.632634917867763,0.0808249765371355,NS,1.20922600765434,0.122652186947458,UP,1.17969070445976,0.0281303514335819,C3 SPECIFIC
LHFPL2,UP,1.89340672034356,1.49394769956885e-05,NS,-0.185623689825658,0.816992331205683,NS,-0.208226298740304,0.617280390783244,C1 SPECIFIC
LHFPL6,UP,1.13607443014928,0.0010227299045883,NS,0.834666617970823,0.179275907920499,UP,1.77409699561795,0.000718349891268,SHARED C1 & C3
LIFR,UP,4.37044772328989,8.54656224647237e-07,NS,0.844338936892813,0.44606584239325,UP,2.55511649181185,0.0020580523819701,SHARED C1 & C3
LIMA1,UP,1.18765184145204,0.0012301994230289,NS,-0.787050274535527,0.242028258250145,NS,-0.638293213430337,0.134748469511656,C1 SPECIFIC
LIMCH1,UP,2.54286654592281,6.21332274296601e-06,NS,0.334063871369922,0.700972919248218,UP,1.57082674381916,0.0053321057225973,SHARED C1 & C3
LIMK2,NS,-0.800334881143044,0.0010531339480802,NS,-0.512447350964464,0.251988923691129,DOWN,-1.17448768708289,0.0010986232324334,DOWN IN LIMBUS
LIMS2,UP,1.12905844623468,0.0002199225789382,NS,0.507627710383101,0.321743297469917,UP,1.12139802848846,0.0034469042504035,SHARED C1 & C3
LIMS3,UP,1.42076089063133,0.0089683002009226,NS,0.363517320425021,0.786640414861447,NS,1.33996853864486,0.0606273776130334,C1 SPECIFIC
LIMS4,UP,1.42076089063133,0.0089683002009226,NS,0.363517320425021,0.786640414861447,NS,1.33996853864486,0.0606273776130334,C1 SPECIFIC
LIN7A,UP,1.59757986644953,1.8906596735893e-06,NS,0.543643849901488,0.196155967319918,UP,1.16790605595791,0.0008376850942865,SHARED C1 & C3
LINC00312,UP,1.38481724460959,0.0087119130484559,NS,0.854087899853846,0.435526403874577,NS,1.12990781794995,0.0969431759588074,C1 SPECIFIC
LINC00467,DOWN,-1.23444111187095,0.000445496697602,NS,-0.377421273398132,0.560363852547194,NS,-0.739751071211046,0.0623072969194144,DOWN IN LIMBUS
LINC00615,DOWN,-1.00331115322042,0.0069622818580445,NS,-0.621905171759614,0.413780399914253,NS,-0.452851021494886,0.332983100340114,DOWN IN LIMBUS
LINC00965,NS,-0.359268677289648,0.131494546974032,NS,0.291634576252322,0.603344774743791,UP,1.02661863603315,0.0067664371100677,C3 SPECIFIC
LINC01588,DOWN,-1.37348331526514,0.0003450061242938,NS,-0.244154032776002,0.753477657142685,NS,-0.805601208173612,0.0596128428274906,DOWN IN LIMBUS
LIPG,DOWN,-1.8361325643595,0.0001348839591302,NS,-0.0823024992872878,0.945969221976632,DOWN,-2.06176505404583,0.0010986232324334,DOWN IN LIMBUS
LIPH,DOWN,-1.86076117521854,0.0002550282823298,NS,-1.18315407685672,0.167313410196858,DOWN,-2.46366960180784,0.0006269924517683,DOWN IN LIMBUS
LIX1,DOWN,-1.16269945051254,0.0372893164166484,NS,0.398970089488033,0.783383620390774,NS,-0.527447641040747,0.493329395153817,DOWN IN LIMBUS
LIX1L,UP,1.84358436077488,1.41586294774874e-05,NS,0.736348837819643,0.225680813412729,UP,1.16766004293959,0.007722299641373,SHARED C1 & C3
LLGL2,NS,-0.728242755786188,0.0024101636886053,NS,-0.645455341941603,0.161675178097552,DOWN,-1.03320582316358,0.002932583613937,DOWN IN LIMBUS
LMF1,UP,1.11895295906899,0.0003515987366438,NS,0.747981365943293,0.166209093633819,NS,0.981801943141566,0.0101894994051925,C1 SPECIFIC
LMNB1,DOWN,-1.12360503771965,0.0159051773862045,NS,0.195387720145606,0.88304410407506,NS,-0.236315464062997,0.725170344174432,DOWN IN LIMBUS
LMO2,UP,2.09786733195705,0.00031904641415,NS,-0.356823700802842,0.762482385340568,NS,1.19548692304896,0.063736259352199,C1 SPECIFIC
LMO3,UP,1.65617630695116,3.23100448937494e-05,NS,-0.146420616905843,0.856250123064951,UP,1.52309467615948,0.0013761266106274,SHARED C1 & C3
LMOD1,UP,1.89300444402569,0.0002612178326331,NS,1.3247468319468,0.124267006146053,UP,1.81513384075431,0.0048855976552509,SHARED C1 & C3
LOC646903,DOWN,-1.02921643013246,0.0026782724437148,NS,0.294852525660398,0.688539104137803,NS,-0.221372521512596,0.610449136236858,DOWN IN LIMBUS
LOC728554,DOWN,-1.10195763176998,0.0011914127790483,NS,-0.0920377502017242,0.918282711139435,NS,0.0849220197773715,0.85462722547737,DOWN IN LIMBUS
LONRF1,DOWN,-1.09566390675859,0.0035606000057148,NS,0.852647622122772,0.24028380042009,NS,0.949314252007024,0.0483480888621608,DOWN IN LIMBUS
LOX,UP,2.39922256662375,0.0018370126333008,NS,1.3538165261975,0.356647257184449,NS,1.3117252961831,0.150579452986601,C1 SPECIFIC
LOXL1,NS,1.09789192203971,0.0528368099800745,NS,0.916133101365815,0.476030798086971,UP,1.5811663803432,0.0496819724839804,C3 SPECIFIC
LOXL2,UP,1.96617215143951,0.0009410626896038,NS,0.204348462005349,0.89403091755791,NS,-0.529116594560344,0.44395497793046,C1 SPECIFIC
LPA,DOWN,-1.49785470132317,0.0001711671433472,NS,-0.33918326332191,0.63752473515327,NS,0.418903205246411,0.309102704177061,DOWN IN LIMBUS
LPAR1,UP,1.91389045501565,0.0001026953462252,NS,-0.135508961168876,0.904970219979185,UP,1.03595800235484,0.0472260659676159,SHARED C1 & C3
LPAR6,DOWN,-1.26277492746422,0.0028118247877466,NS,0.410326417022976,0.645212229452232,UP,1.06033497166444,0.0476978870302575,C3 SPECIFIC
LPCAT2,UP,2.3295631387722,4.97512276240518e-05,NS,-0.377692736419419,0.707292365597741,NS,0.0508022781268682,0.940634230581032,C1 SPECIFIC
LPCAT4,NS,-0.238388986679527,0.231469863805989,NS,-0.573606701987343,0.187746795845621,DOWN,-1.3113664364473,0.0005263851410622,DOWN IN LIMBUS
LPIN1,UP,1.04967368040414,0.0051744865107426,NS,0.655556040922507,0.386201986996649,NS,-0.667871391020727,0.153828111355083,C1 SPECIFIC
LPIN2,UP,1.3462275121665,8.30207266716169e-05,NS,0.473273194876469,0.392325631727251,NS,0.838765841265076,0.0240898113203936,C1 SPECIFIC
LPL,UP,2.74282148556724,0.00031904641415,NS,0.580725702908,0.69076261272925,UP,2.08509363188116,0.0201718377757518,SHARED C1 & C3
LPP,UP,1.48011984854814,6.805112550642e-05,NS,-0.363517150912897,0.556190299103066,NS,0.425809538437856,0.240798546916428,C1 SPECIFIC
LPXN,UP,1.43435139225574,0.0003456344696616,NS,0.258749547812904,0.748445898682624,NS,0.620915264516104,0.152594699291526,C1 SPECIFIC
LRAT,NS,0.167583204735419,0.638936707703003,NS,-0.353741874495467,0.671178652949145,DOWN,-2.46398622324348,0.0002632665359847,DOWN IN LIMBUS
LRATD2,NS,-0.692872397744992,0.0296158935237667,NS,-0.615247025478954,0.371604577182719,DOWN,-1.18440120557606,0.0127119289918129,DOWN IN LIMBUS
LRCH2,UP,1.51719576605754,2.51127048885974e-05,NS,0.165166280496002,0.806222236162995,UP,1.04083462810869,0.0068764683103839,SHARED C1 & C3
LRG1,UP,1.01821800975661,0.0222024409381517,NS,-1.21641113764458,0.18758827543579,NS,0.284556062652409,0.648090702835074,C1 SPECIFIC
LRP1,NS,0.610367258970672,0.0253996456001594,NS,0.9286879116189,0.103136989016584,UP,1.2767842412278,0.0032571816714675,C3 SPECIFIC
LRP11,DOWN,-1.02934031574625,6.41391050277383e-05,NS,0.50109511823946,0.207593208211872,NS,-0.489365646247363,0.0609364772468565,DOWN IN LIMBUS
LRP4,NS,0.255031926675764,0.618489110336998,NS,1.73653197474412,0.104838892774521,UP,1.8315169404434,0.0157465738301907,C3 SPECIFIC
LRP6,NS,0.752390576154875,0.0006908920941002,UP,0.820352652782052,0.0355056024209165,NS,0.983897520340675,0.0015524561694016,C2 SPECIFIC
LRRC15,UP,1.48229550433333,0.0275223155490841,NS,1.57783705502433,0.269276882517614,NS,1.72722924031281,0.0609364772468565,C1 SPECIFIC
LRRC2,UP,1.19507330211028,0.0006667533802387,NS,-0.200776424908867,0.796710926941942,NS,0.990342102777908,0.0214389970193163,C1 SPECIFIC
LRRC32,UP,1.67556486404627,8.03415542709191e-06,NS,0.53177193500538,0.309254608083692,UP,1.35758824268421,0.0011699681646463,SHARED C1 & C3
LRRC3B,UP,1.13106944017225,0.0023988624127417,UP,1.86884223448294,0.0094728002942702,UP,1.28859997627791,0.0104491498753342,CORE — all 3 contrasts
LRRC70,UP,1.07942701626801,0.0057823047366323,NS,-0.228792158655941,0.817002258082592,UP,1.01657660989457,0.0474045524493573,SHARED C1 & C3
LRRC8B,DOWN,-1.25284656417533,0.0006355940105184,NS,-0.0615164983739613,0.952592965251099,NS,-0.234232886277252,0.584133414246345,DOWN IN LIMBUS
LRRC8D,DOWN,-1.01799883321226,0.0003748176778409,NS,0.171870215020798,0.771972003132755,NS,-0.0511700603304899,0.892788660937599,DOWN IN LIMBUS
LRRK2,UP,2.03310097716032,0.0001262718828732,NS,0.326362210968044,0.746139329581659,UP,1.65250711942206,0.007626253447256,SHARED C1 & C3
LRRN3,UP,1.81654884788666,0.0064130468384244,NS,0.0040830468416697,0.998353846190809,NS,1.50604579676072,0.0782081878645755,C1 SPECIFIC
LRRN4CL,UP,1.99660600658435,6.82094904054899e-06,NS,-0.149384357543001,0.856250123064951,UP,1.83383542293811,0.0005167608978049,SHARED C1 & C3
LSP1,UP,1.54689553516156,0.0004463087387626,NS,0.121004653040441,0.914386632162844,UP,1.34547364774847,0.012846486236735,SHARED C1 & C3
LSP1P4,UP,1.14194861351734,0.0029373984445365,NS,-0.252538820947485,0.777558374966345,UP,1.21788244018873,0.0173612049929075,SHARED C1 & C3
LSP1P5,UP,1.14194861351734,0.0029373984445365,NS,-0.252538820947485,0.777558374966345,UP,1.21788244018873,0.0173612049929075,SHARED C1 & C3
LTBP2,UP,3.23471611873486,8.94888774552588e-06,NS,1.54725192958358,0.124097136629699,UP,1.90486748088766,0.0089051406148145,SHARED C1 & C3
LUM,UP,2.01496552024943,0.0087901969046514,NS,1.33338513219703,0.401344715053123,UP,2.46012149121786,0.0213704737246748,SHARED C1 & C3
LURAP1L,UP,1.55207354409846,7.57828510511261e-05,NS,-0.17086211133999,0.831299373389177,DOWN,-1.16691698616583,0.0085829276938699,C1 SPECIFIC
LY6G6C,DOWN,-1.55541327598135,0.0026965117226203,NS,0.360003977051452,0.760460566291643,NS,0.752350901790871,0.223561229576568,DOWN IN LIMBUS
LY75,UP,2.70658203513001,0.0003397094520541,NS,0.500010628183034,0.740397566727664,NS,0.976323116862257,0.225527603913368,C1 SPECIFIC
LY75-CD302,UP,2.70658203513001,0.0003397094520541,NS,0.500010628183034,0.740397566727664,NS,0.976323116862257,0.225527603913368,C1 SPECIFIC
LY96,UP,2.36656535986557,2.43523734065319e-05,NS,-0.925353831843809,0.265233117927353,UP,1.52837798281445,0.0096412528523095,SHARED C1 & C3
LYN,UP,1.84504894300565,0.0003767396912021,NS,-1.21924905535419,0.17311064706259,NS,-0.650653633533257,0.243156554263907,C1 SPECIFIC
LYPD1,DOWN,-1.30509456790061,0.0010982270173709,NS,0.132724432453453,0.898104504305905,NS,0.266855748042738,0.579892369590063,DOWN IN LIMBUS
LYPD3,DOWN,-1.63964911049526,0.0017682680168991,NS,0.19424929388572,0.887145527278725,NS,-0.151843499496879,0.834261599317399,DOWN IN LIMBUS
LYPD6B,DOWN,-2.145392372931,5.53044295932023e-07,NS,0.085971267181856,0.904970219979185,NS,0.0544305573007247,0.887205584584495,DOWN IN LIMBUS
LYPLA1,NS,-0.541836941127649,0.0308596732248756,NS,-0.309501649132818,0.584833475449923,DOWN,-1.14953818616324,0.003793528982446,DOWN IN LIMBUS
LYPLAL1,DOWN,-1.11439777198424,0.0009050143779797,NS,-0.0353137773942329,0.971978006598108,NS,0.174189480452409,0.67115826738054,DOWN IN LIMBUS
LYRM9,NS,-0.325921274108624,0.154408199709877,NS,0.557624049992759,0.27335931982315,UP,1.2978309439041,0.0012934336378905,C3 SPECIFIC
LYVE1,UP,2.39499959139589,0.0036911135713564,NS,-1.24798582988072,0.450953502928272,NS,1.74140631866923,0.0900566337799386,C1 SPECIFIC
MAB21L1,DOWN,-3.31543307200509,0.0003860615264964,NS,1.33056928093145,0.421292364414512,NS,-1.08556000195622,0.281265513050658,DOWN IN LIMBUS
MACC1,DOWN,-2.20259007818817,0.0008956551823501,NS,-1.02480714365617,0.403787061912268,DOWN,-2.68288064742667,0.0031257429862605,DOWN IN LIMBUS
MACROD2,DOWN,-1.06440202029963,0.0002959486004604,NS,0.186064469471196,0.752607946072908,NS,-0.177655602953353,0.588842840012222,DOWN IN LIMBUS
MAFB,NS,-0.291003844989799,0.495373502650702,NS,0.172572755716114,0.894773836468573,UP,1.19328956245849,0.0493484592738862,C3 SPECIFIC
MAGED2,UP,1.21696793124572,2.81116261187229e-05,NS,0.125836003910695,0.821371644744122,NS,-0.349678784039032,0.196197088941673,C1 SPECIFIC
MAGED4,UP,1.30291802831056,0.000256716060073,NS,0.540434022283319,0.37658196035847,NS,0.664696645242218,0.0848524863087658,C1 SPECIFIC
MAGED4B,UP,1.30291802831056,0.000256716060073,NS,0.540434022283319,0.37658196035847,NS,0.664696645242218,0.0848524863087658,C1 SPECIFIC
MAGI2,UP,1.38795035644137,0.001390425281637,NS,1.25931036174565,0.112384111401075,UP,1.45079176339279,0.0109014437377208,SHARED C1 & C3
MAGI3,DOWN,-1.03362649415336,0.0008587814192179,NS,-0.2203566635638,0.732376547199818,NS,-0.328049815845032,0.351593943988801,DOWN IN LIMBUS
MAL,DOWN,-3.51752935871708,8.54656224647237e-07,NS,0.766778809676127,0.38286829131734,NS,-0.980348376709117,0.0776647526214497,DOWN IN LIMBUS
MAL2,DOWN,-2.12452350291421,0.00037761243675,NS,0.213685005503532,0.880412661646805,DOWN,-1.92179350868696,0.0090299727461363,DOWN IN LIMBUS
MAMDC2,UP,1.7419114312572,0.004044252128169,NS,-0.433306126094598,0.757200349385964,NS,0.0568392206638482,0.951404041571005,C1 SPECIFIC
MAN1A1,NS,0.744338859292293,0.0436725891745874,NS,-0.229652864067521,0.821588580536463,UP,1.16852348956024,0.0296516100480303,C3 SPECIFIC
MAN1C1,NS,-0.0066209435424493,0.98088635680797,NS,0.520711987398663,0.301680475977396,UP,1.00442631988222,0.0056441216162247,C3 SPECIFIC
MAOB,UP,1.08456022804676,0.0250145131524222,NS,0.125683097259166,0.933445333782737,NS,0.68739223963034,0.280224757628862,C1 SPECIFIC
MAP1A,UP,1.2318342415879,0.0024938244732288,NS,0.923319306457535,0.232274884621308,UP,1.43704192081208,0.009561981573555,SHARED C1 & C3
MAP1B,UP,3.89264011582998,4.87460886809985e-07,NS,1.25020404953898,0.165870512666263,UP,1.80584919537201,0.0056285144932924,SHARED C1 & C3
MAP1LC3C,UP,1.76718855313298,0.0004827469895915,NS,0.515540343956679,0.584469490133342,UP,1.63030210079197,0.0097829817805756,SHARED C1 & C3
MAP2K4,DOWN,-1.26111031905623,1.49394769956885e-05,NS,-0.10165047771406,0.857533255499327,NS,-0.385243343363895,0.145617990285486,DOWN IN LIMBUS
MAP3K20,UP,1.39759524654331,0.0011976155693353,NS,0.360359954522919,0.683540860789407,NS,0.115849057743364,0.843264917279854,C1 SPECIFIC
MAP4K4,NS,0.761112791650082,0.031052893387089,NS,0.203941932293068,0.83326169021992,DOWN,-1.00147133834898,0.0437377239289789,DOWN IN LIMBUS
MAP7D3,UP,1.00965382113972,0.0024298666416311,NS,0.384215985583955,0.568511473197947,NS,0.109500696185045,0.812071505972539,C1 SPECIFIC
MAP9,UP,1.33364527653314,0.000445496697602,NS,0.570503986228657,0.398138053198271,NS,0.289470540370971,0.497933752375948,C1 SPECIFIC
MAPK1,NS,-0.360348205860729,0.272904172510421,NS,-0.401649550380833,0.605968743747687,DOWN,-1.03644211536571,0.0339020319929532,DOWN IN LIMBUS
MAPK13,DOWN,-1.33425019333954,0.0001007524558018,NS,-0.430898845532504,0.448246931987808,DOWN,-1.32898150560405,0.0018717597300726,DOWN IN LIMBUS
MAPKAPK3,NS,-0.118218008638646,0.666080056989356,NS,-0.099867212202458,0.903075877096074,DOWN,-1.00562942225164,0.0130290462724248,DOWN IN LIMBUS
MARCKSL1,UP,1.51809567015545,0.0015596676587944,NS,0.047065318862332,0.974391227907665,NS,1.04920231836651,0.0689080794653516,C1 SPECIFIC
MARVELD2,DOWN,-2.20285173877745,7.96164444499809e-07,NS,-0.868169152035221,0.102627989580629,DOWN,-1.65253003335996,0.0004511212927493,DOWN IN LIMBUS
MASP1,UP,1.5387059267652,7.57828510511261e-05,NS,-0.440702342920252,0.500992974701889,UP,1.42480466154941,0.0025068128140571,SHARED C1 & C3
MAT1A,DOWN,-1.55372236428572,0.0002939695679077,NS,0.38910505076663,0.62490228629576,NS,0.803694336967128,0.0858578905632039,DOWN IN LIMBUS
MATN2,NS,-0.988318372377506,0.0036610037597315,UP,1.83868217336519,0.0060296909307124,UP,2.33475318764387,0.0001916981750065,SHARED C2 & C3
MATN3,UP,1.11795670687241,0.0008708590333813,NS,0.25442367525902,0.714282779118508,NS,-0.388377396063854,0.306529620727805,C1 SPECIFIC
MBD5,DOWN,-1.06371166330651,0.0005415922195074,NS,-0.144348057786339,0.838402955123226,NS,-0.508603615135383,0.137130882133796,DOWN IN LIMBUS
MBNL1,NS,0.985693880197785,0.0004790442707384,NS,0.156578445642679,0.799540082812086,UP,1.15678255194554,0.0022888152714278,C3 SPECIFIC
MBNL2,NS,-0.191258398384006,0.524261173693388,NS,0.659001776492065,0.309800707546911,UP,1.07630246777322,0.01661805993357,C3 SPECIFIC
MBNL3,DOWN,-1.60860857428622,4.01532514940653e-05,NS,-0.11490977176045,0.890830677182663,NS,-0.506778865262293,0.175176972893384,DOWN IN LIMBUS
MBOAT2,UP,2.05651310144655,2.235265552645e-05,NS,-0.907985945204719,0.19774499608058,DOWN,-2.28752357279354,0.0003076886069107,C1 SPECIFIC
MC5R,DOWN,-1.80880545183251,0.0021897406341399,NS,-0.29229482235349,0.843315928933322,NS,0.112910386555145,0.895769889825324,DOWN IN LIMBUS
MCAM,UP,1.7025488984323,0.0002455951786248,NS,0.869336003655299,0.267545041729673,UP,1.14688721840921,0.030055053346996,SHARED C1 & C3
MCF2L,UP,1.25095404172533,0.0009749831953029,NS,0.261585252590454,0.746139329581659,NS,0.948633209202607,0.039377594681585,C1 SPECIFIC
MCOLN3,UP,2.54061244324173,7.57828510511261e-05,NS,-0.716278093849601,0.5085826005182,NS,1.08476870700041,0.0947035956929739,C1 SPECIFIC
MDFI,NS,-0.563326930448768,0.0185886139289157,NS,-0.0022073529530892,0.997614989180096,DOWN,-1.10838560660233,0.0032262354335045,DOWN IN LIMBUS
MDK,UP,1.04006468406017,0.0014584005954367,NS,-0.124349030201997,0.882343980820578,NS,0.163261191537752,0.693463893087737,C1 SPECIFIC
MEAK7,DOWN,-1.00486977128013,0.0124964312229003,NS,-0.258901084732747,0.80231351475909,DOWN,-1.39267060033056,0.0155194850133145,DOWN IN LIMBUS
MECOM,UP,2.80660107668123,0.000617122225611,NS,-1.22601786709113,0.409149393073998,NS,-0.53033392794353,0.579728009234929,C1 SPECIFIC
MED18,NS,-0.589714228034405,0.105235738220407,NS,-0.185817240333092,0.863772624011378,DOWN,-1.03989101788254,0.0481071466811311,DOWN IN LIMBUS
MEDAG,UP,2.63650964978849,4.09765811138583e-07,NS,-0.792065504366861,0.178473538397929,UP,1.36516893962852,0.0026460492224464,SHARED C1 & C3
MEF2C,UP,2.97995613281734,3.63596128644214e-06,NS,0.211384912456673,0.851835361883918,UP,2.11119111575084,0.0015221503288539,SHARED C1 & C3
MEG3,UP,2.18805405215079,0.0001878129393041,NS,1.72626988284956,0.0765997406308035,UP,1.52799831778337,0.0219547508324267,SHARED C1 & C3
MEGF6,UP,1.34508356412277,0.0012200400768292,NS,0.820874878468481,0.286476927582889,UP,1.38334655029857,0.0107016069517202,SHARED C1 & C3
MEIG1,DOWN,-1.18971544910192,0.0055303152561378,NS,-0.0957570782575683,0.941233738711669,DOWN,-1.15143231456201,0.0418139375410616,DOWN IN LIMBUS
MEIS2,UP,1.10131333204386,0.0099530664262796,NS,-0.770148410941509,0.383018945249706,NS,0.328732795744976,0.563621329331593,C1 SPECIFIC
MELTF,UP,1.08246681247249,0.0009410626896038,NS,0.0809665774405657,0.926305937787706,NS,-0.378152902207105,0.309867864165895,C1 SPECIFIC
MEOX1,UP,1.53666408062207,0.0013973840123546,NS,1.09288082462563,0.213255571077987,UP,1.61847031376586,0.0104347887258025,SHARED C1 & C3
MEOX2,UP,2.59233103126168,5.26563857634875e-05,NS,0.656234396263615,0.537805173428868,UP,1.91660263740219,0.0073151744857851,SHARED C1 & C3
MEST,UP,1.96268526543217,9.04360242165558e-05,NS,0.624684842059811,0.449578806323689,UP,1.77438109651438,0.0032687379184581,SHARED C1 & C3
MET,NS,0.542487265151257,0.0492992670082559,NS,-0.723139113131854,0.220960661470185,DOWN,-1.27707713665752,0.0039519459606548,DOWN IN LIMBUS
MFAP2,UP,2.13539734339277,0.0001837437394098,NS,0.266677091000973,0.826041486390387,NS,-0.645615792547918,0.27391604044154,C1 SPECIFIC
MFAP3,NS,-0.580478035843373,0.0473151270414906,NS,-0.458450176720143,0.492368138935195,DOWN,-1.05294300615786,0.0161960864712197,DOWN IN LIMBUS
MFAP3L,DOWN,-1.57121541724584,0.0007363630208683,NS,0.975939900437136,0.24028380042009,NS,-0.274601312941318,0.618612041113731,DOWN IN LIMBUS
MFAP4,UP,2.72861060433986,2.75135592675231e-05,NS,1.04198668196877,0.286476927582889,UP,2.51491591477259,0.0012184025738661,SHARED C1 & C3
MFAP5,UP,4.35124237019943,4.216660534077441e-09,NS,-0.607563691908725,0.309254608083692,UP,3.32368821676491,2.86299917647708e-06,SHARED C1 & C3
MFGE8,UP,1.16897602194766,0.0061963950525015,NS,1.11371579322982,0.185600930145851,NS,0.78335026297179,0.144904571230222,C1 SPECIFIC
MFHAS1,UP,1.88843930492077,8.42488179988232e-07,NS,0.221534396569644,0.664889976101151,NS,0.154337850017243,0.613722026920574,C1 SPECIFIC
MFSD4A,DOWN,-2.440453848542,0.0006407286945248,NS,-0.730524131059132,0.587879318736478,NS,0.258745990215522,0.773886186296065,DOWN IN LIMBUS
MGARP,DOWN,-1.698550104208,0.0042529283268373,UP,2.70471016466126,0.0188853836045971,UP,2.67042687089446,0.0026710656913829,SHARED C2 & C3
MGAT4A,NS,-0.649664141643486,0.0935959625136858,NS,-0.156333214715906,0.896542092124102,DOWN,-1.26173125275114,0.0284029350378697,DOWN IN LIMBUS
MGLL,UP,2.66886434596667,7.1036423604069e-06,NS,-0.29455544133117,0.762427850994223,UP,1.07670589994925,0.0469873981573805,SHARED C1 & C3
MGP,UP,2.74114686579461,0.0100899277164281,NS,0.962677943511032,0.691907188041854,UP,3.45588134845831,0.0207207048803609,SHARED C1 & C3
MGST1,UP,1.46700467576775,0.0055299816461417,NS,-1.05283415472705,0.317175254401234,NS,0.450557008005321,0.505531281200996,C1 SPECIFIC
MICAL2,DOWN,-1.82221736994609,1.49396959795871e-05,NS,-0.473302251774398,0.449979923460958,DOWN,-1.11805593308136,0.0096323866746613,DOWN IN LIMBUS
MICALL1,NS,-0.110515843349079,0.69331989301787,NS,-0.265509917738036,0.683589487788396,DOWN,-1.1688348858421,0.0059026481148287,DOWN IN LIMBUS
MICB,UP,1.32305425982173,0.0002696884380166,NS,-0.555282775644339,0.37658196035847,NS,-0.165583050044387,0.692896284275632,C1 SPECIFIC
MICU3,UP,2.77855843615548,9.90811944604824e-08,NS,0.254936746366493,0.677611530982175,UP,1.6078754130021,0.0005859792149297,SHARED C1 & C3
MID1,UP,1.11407075334248,0.0002733172678626,NS,-0.319820629487836,0.560350328815265,NS,0.633237953778408,0.0599259014115483,C1 SPECIFIC
MIR224,UP,2.06439523421722,1.72266034921554e-06,NS,-0.275653663816827,0.641879183388684,NS,0.482823864371273,0.157005312656246,C1 SPECIFIC
MIR31HG,UP,1.09021470480788,0.0364091580200014,NS,0.198626955218835,0.900022464090183,DOWN,-1.83225421047092,0.017391963428451,C1 SPECIFIC
MIR4435-2HG,UP,1.32675221524926,0.0013302663230803,NS,-0.0794529087074949,0.946833051593211,NS,-0.657062708340257,0.170121987248273,C1 SPECIFIC
MIR492,NS,-0.707884006677782,0.0322781583242969,NS,-0.498384049465294,0.506625165068044,DOWN,-2.06357525267957,0.0005560947424794,DOWN IN LIMBUS
MISP,NS,-0.959188398064206,6.33249315072532e-05,NS,-0.449774540448855,0.228660249127341,DOWN,-1.19487294355091,0.0003179543521227,DOWN IN LIMBUS
MITF,UP,2.66963556158548,7.9486704143571e-05,NS,-0.140047383242059,0.928700106554479,UP,1.63128666629676,0.025737639593806,SHARED C1 & C3
MKRN1,DOWN,-1.09058586171195,4.03154530084611e-05,NS,-0.320546941446798,0.441557356604917,NS,-0.120769722064898,0.656161123516066,DOWN IN LIMBUS
MKX,UP,1.81648429505088,0.0128952955618072,NS,1.78596380176803,0.231747041688149,NS,1.53867569470058,0.106924258944964,C1 SPECIFIC
MLANA,UP,3.77290282052496,0.0005338945335115,NS,-0.279498502627488,0.920140994789703,NS,2.46533722167695,0.0502360177619195,C1 SPECIFIC
MMD,UP,1.36232047738741,0.000356566210709,NS,0.215249728789733,0.788502235827803,NS,-0.631612897424249,0.128014606444239,C1 SPECIFIC
MMEL1,NS,-0.182699902579176,0.177620863402121,DOWN,-0.611737879926481,0.0376019593302066,NS,-0.21108574247511,0.2585954941142,DOWN IN LIMBUS
MMP1,UP,3.7815808613715,5.69396340940683e-05,NS,-1.19359538135885,0.42403733379643,DOWN,-2.54175014064434,0.0129978350992678,C1 SPECIFIC
MMP10,UP,3.71865530497671,0.0001763137297627,NS,-1.62519367168333,0.323711086754693,DOWN,-2.34452812297348,0.0334203156272297,C1 SPECIFIC
MMP2,UP,4.49304483105422,3.9551166925378e-09,NS,0.242404588601628,0.705765618587736,UP,2.11571990258637,0.0001262550742236,SHARED C1 & C3
MMP27,UP,2.53175998928543,0.0001569172864467,NS,-0.0430488952118875,0.982385810944639,UP,1.60922805830448,0.0304439531544082,SHARED C1 & C3
MMP28,DOWN,-1.81454862730748,0.0042417459764971,NS,1.04097791093162,0.413774916974299,DOWN,-2.05331372070809,0.0171528380258778,DOWN IN LIMBUS
MMP3,UP,3.63600284375041,0.0032945329003404,NS,1.27703484530886,0.624736807660337,NS,0.658392482601631,0.685329526856212,C1 SPECIFIC
MMP7,NS,0.196745350561873,0.635358062046716,DOWN,-2.12282781345117,0.0148135903070428,DOWN,-1.79555225436171,0.0052917562146992,DOWN IN LIMBUS
MMP9,NS,0.840133032277564,0.053526735846048,NS,0.348434977470428,0.753821629764701,DOWN,-2.71517277726633,0.0006106983244221,DOWN IN LIMBUS
MMRN1,UP,3.6273660369126,0.0004596068319833,NS,-1.18565462679236,0.539801625613701,NS,2.01148456431847,0.0832119742332818,C1 SPECIFIC
MMRN2,UP,1.62419305200383,0.0002449845574887,NS,0.518805987670365,0.51297642629648,UP,1.00935595084671,0.0416481488266914,SHARED C1 & C3
MN1,NS,0.0066883562761148,0.982363925888389,UP,1.03476379198922,0.0497729191997527,NS,0.748170191147674,0.0373794805189732,C2 SPECIFIC
MNDA,UP,1.72868962297771,0.0043768149959451,NS,-0.719756779891508,0.568511473197947,NS,1.07937478670604,0.150579452986601,C1 SPECIFIC
MNS1,UP,2.07954695636806,9.81488752702397e-05,NS,0.776069955568058,0.375243355914184,UP,1.54294110898905,0.010841793115713,SHARED C1 & C3
MOB1A,DOWN,-1.45386055814904,3.81759939830855e-05,NS,-0.274011605471387,0.639371790417932,NS,-0.498595515731319,0.139991341334271,DOWN IN LIMBUS
MOCS1,DOWN,-1.0120949815809,0.00123245488345,NS,0.451568944241266,0.447919194975767,NS,0.169806781062296,0.661261317877709,DOWN IN LIMBUS
MOSMO,NS,-0.885260849230128,0.0019100505184521,NS,-0.323854538241581,0.568610523382121,DOWN,-1.00197174784858,0.0089684822070543,DOWN IN LIMBUS
MOXD1,DOWN,-1.81653489252715,0.0018540373363349,NS,-0.306603482726246,0.827262681622965,NS,0.485256154294623,0.493116480535212,DOWN IN LIMBUS
MPDZ,UP,2.47076913892105,4.50382786456375e-06,NS,0.278203225422756,0.74020928123135,NS,0.44405658348885,0.326400446946183,C1 SPECIFIC
MPEG1,UP,2.43570701077376,0.0020048489636011,NS,-0.896995078643577,0.569308242683984,NS,1.89885182533887,0.0516482103070085,C1 SPECIFIC
MPP1,NS,0.556317200380492,0.0124052757855674,NS,0.277118433634747,0.566812453888866,UP,1.19770314706047,0.0011040301077299,C3 SPECIFIC
MPZ,UP,1.35849504702605,0.0006000212065661,NS,0.79430620043427,0.259432038021775,NS,0.978885807207803,0.037021156081132,C1 SPECIFIC
MPZL3,DOWN,-1.66899868911831,2.66840688414865e-05,NS,-0.0340805680159786,0.972231437939565,NS,-0.939880026119761,0.0210292165347266,DOWN IN LIMBUS
MRAS,UP,1.15911499287414,0.001000167155801,NS,0.65244178264376,0.310336168030817,UP,1.08819385629813,0.0152165762507824,SHARED C1 & C3
MRC1,UP,3.77463583594784,0.0005321451591226,NS,-0.746229782987619,0.737456310040308,UP,2.49799118744863,0.0481071466811311,SHARED C1 & C3
MREG,DOWN,-1.67509885319479,2.75622666817294e-06,NS,-0.257721901127523,0.603054802684246,DOWN,-1.35168076744033,0.0005859792149297,DOWN IN LIMBUS
MRGPRF,UP,2.30112861164587,5.22981098012016e-07,NS,0.359355576393241,0.526187037809061,UP,1.95537655414269,0.0001419189526364,SHARED C1 & C3
MRO,UP,1.02957296026569,0.0140289285266272,NS,1.5371143078591,0.076191676120553,NS,0.986750304727575,0.0757452231613199,C1 SPECIFIC
MRPL13,NS,-0.487207737492014,0.0880310367783513,NS,-0.613024230978525,0.328036136518416,DOWN,-1.06319767775609,0.0148351962554921,DOWN IN LIMBUS
MRPL33,DOWN,-1.52527497085529,5.17223819979829e-07,NS,0.113575627286002,0.795631264933808,NS,0.0993308410030274,0.677214946420896,DOWN IN LIMBUS
MRPS10,DOWN,-1.19132440968508,0.0001550993275807,NS,-0.279148088286385,0.617034472198513,NS,-0.703455120846961,0.0408200500719926,DOWN IN LIMBUS
MS4A4A,UP,3.6399798996633,0.0008502517019846,NS,-0.990891851908655,0.646833204942493,UP,2.60455981688691,0.0453155224757041,SHARED C1 & C3
MS4A6A,UP,1.89190987854395,0.0030657604972332,NS,-0.996903359796938,0.430730753965887,NS,1.38791297391091,0.0798891168110959,C1 SPECIFIC
MS4A7,UP,2.97900851245525,0.0004117769781136,NS,-0.53104989724724,0.759313089042429,UP,1.95227907035421,0.043917725286502,SHARED C1 & C3
MSANTD3-TMEFF1,UP,1.84816443345449,1.41586294774874e-05,NS,0.0039538024295762,0.996794957790156,NS,0.0450116523767186,0.92496165243899,C1 SPECIFIC
MSI2,DOWN,-1.99727299925708,3.08927592059803e-05,NS,0.244807160727942,0.778648884522612,NS,0.565404495302648,0.206668390731015,DOWN IN LIMBUS
MSLN,NS,-0.498056967145222,0.192954956373953,NS,-1.08387193111462,0.194246334369038,DOWN,-1.71608333734563,0.0055027444352016,DOWN IN LIMBUS
MSMB,DOWN,-2.05035676411481,0.0420138990858342,NS,-2.01607848073141,0.360562272081309,NS,-1.50668246161583,0.264544701754487,DOWN IN LIMBUS
MSMO1,NS,-0.799533238297451,0.111622337844282,NS,-0.178205386386828,0.911395927445765,DOWN,-1.74808893296285,0.0212117177624281,DOWN IN LIMBUS
MSN,UP,2.73226479078179,0.0002130640110132,NS,0.655886568419946,0.62490228629576,NS,-0.429129310954982,0.59519002927369,C1 SPECIFIC
MSR1,UP,1.5366697108175,0.0014304572143379,NS,-0.680252525524598,0.465622405824352,NS,1.1501546545636,0.0502133348118767,C1 SPECIFIC
MSRB3,UP,2.51260646578516,2.16177843588121e-05,NS,0.941671949180947,0.282238564393292,UP,1.98659953726518,0.0027168490636751,SHARED C1 & C3
MST1R,NS,-0.83640599394857,0.0021566929699004,NS,-0.43154093715744,0.413780399914253,DOWN,-1.16787736316945,0.0029227986194315,DOWN IN LIMBUS
MSX1,UP,1.68693302982273,0.0028082299285877,NS,0.627739821335673,0.585977004554219,UP,1.40467780298098,0.0488706947537612,SHARED C1 & C3
MSX2,DOWN,-2.56517710764153,4.479769797628e-07,NS,0.970934690772906,0.097895337912163,NS,0.690550603234953,0.0671769748722412,DOWN IN LIMBUS
MT1M,UP,1.28229598417274,0.0142536777756153,NS,0.801592874692261,0.478982180220416,UP,1.40877645008581,0.0477296005646092,SHARED C1 & C3
MTAP,NS,-0.530299200141467,0.0103784814604771,DOWN,-0.857472677196863,0.037815483758103,NS,-0.896872920867237,0.004165771173579,DOWN IN LIMBUS
MTARC2,UP,1.39557772970171,4.28632206710102e-06,NS,-0.0099729974217153,0.989030763801485,NS,0.588304116193962,0.0314013058746917,C1 SPECIFIC
MTCL2,DOWN,-1.06233731557595,0.0002983805457329,NS,-0.0042556326708123,0.996465436520426,NS,-0.148987149411261,0.656949036997112,DOWN IN LIMBUS
MTHFD2L,NS,-0.454672899097658,0.0819052120404442,NS,0.521492731989624,0.371604577182719,DOWN,-1.01748484965663,0.0116311906818002,DOWN IN LIMBUS
MTMR1,DOWN,-1.05446253259153,5.72387273320326e-06,NS,-0.502048340677864,0.105157760570413,NS,-0.760331629543187,0.001883930491996,DOWN IN LIMBUS
MTNR1A,NS,-0.732311274197849,0.0063181645331731,NS,-0.468417593603567,0.390378736467396,DOWN,-1.46596634027719,0.0008376850942865,DOWN IN LIMBUS
MTURN,NS,0.322758218549351,0.112842374511545,UP,1.16776556430353,0.0098348831968493,NS,0.698291957416052,0.0226615792130824,C2 SPECIFIC
MTUS2,DOWN,-2.24475665189252,0.0017157492055329,NS,1.6048184674583,0.229900564858156,NS,-0.480393964106871,0.585028923767335,DOWN IN LIMBUS
MUC1,UP,2.28103265852867,0.0001953654564519,NS,-1.32999023246389,0.185600930145851,NS,-1.09498004257726,0.0920232348472245,C1 SPECIFIC
MUC15,DOWN,-2.72907048793192,0.0009536682415123,NS,-0.7758160880899,0.637378056209148,NS,-0.375815158105026,0.718836479981308,DOWN IN LIMBUS
MUC16,NS,-0.977146433421113,0.0042293428362096,NS,0.0119033856345574,0.992133106471244,DOWN,-1.55709509927698,0.0024082562161283,DOWN IN LIMBUS
MUC20,NS,-0.488509929142931,0.336766973489968,NS,-1.34950786054286,0.225762962023102,DOWN,-1.87415720034838,0.0159826471346824,DOWN IN LIMBUS
MUC4,UP,2.33866409034741,0.0206884489628185,NS,-2.21345482894844,0.300083771222279,NS,-0.321075083521865,0.836921340049957,C1 SPECIFIC
MUSTN1,NS,0.924993060643884,0.0195882110791111,NS,0.668406318780254,0.430730753965887,UP,1.22231897306654,0.0292249569504908,C3 SPECIFIC
MVK,DOWN,-1.02888254857284,0.0001542920239088,NS,-0.265170821215579,0.573513803664954,NS,-0.504136528585176,0.0783090517132351,DOWN IN LIMBUS
MX1,UP,1.23071839144994,0.000597410377336,NS,-0.48447425374879,0.462853407545409,NS,-0.24528817480444,0.554685121925188,C1 SPECIFIC
MX2,UP,1.8127467222318,0.0001010002315833,NS,0.234279745185364,0.803050846079561,NS,0.809923656470273,0.0906428127887584,C1 SPECIFIC
MXRA8,UP,1.35843266766388,0.0035145945708168,NS,0.538270211699772,0.573065354058739,UP,1.55537258596811,0.0140647636248185,SHARED C1 & C3
MYCL,DOWN,-1.12022205916927,0.0001181254651974,NS,0.259176998468714,0.608103999722587,NS,-0.21310644978235,0.482322863508139,DOWN IN LIMBUS
MYCT1,UP,2.77201688987995,0.0002117450842316,NS,0.0332314431282725,0.988492312352878,UP,1.87992875635963,0.0269807188066287,SHARED C1 & C3
MYEF2,UP,1.1601352519712,2.79752924183361e-05,NS,0.339696575307111,0.423055914811575,NS,0.718148637863202,0.0134276517660137,C1 SPECIFIC
MYEOV,DOWN,-1.2236708374063,0.0218960683840325,NS,0.0216435757753501,0.991600661916495,NS,-1.25773300533193,0.0800874826086801,DOWN IN LIMBUS
MYH10,UP,1.08619914797981,0.0029928666106949,NS,0.611871473721896,0.394027790023428,NS,0.579354103606375,0.188499825205227,C1 SPECIFIC
MYH11,UP,2.35212379412231,0.0014021851695819,NS,1.77751921955732,0.187746795845621,UP,1.9491277012856,0.0338246972173244,SHARED C1 & C3
MYH14,DOWN,-1.62071588079623,0.0001169131359181,NS,-0.507866090947514,0.47723711483966,DOWN,-1.27368865543349,0.0088664972043503,DOWN IN LIMBUS
MYH16,NS,-0.0759218519977698,0.659198423593907,NS,-0.215436798100617,0.575542761838256,DOWN,-1.049691258887,0.0006106983244221,DOWN IN LIMBUS
MYL9,UP,2.65700331631985,7.92850917079936e-06,NS,1.0953445721128,0.179275907920499,UP,2.01766322641198,0.0017729398420806,SHARED C1 & C3
MYLK,UP,3.7053830020399,2.20416923044122e-05,NS,0.512529984242755,0.728594235609162,UP,2.06845745989181,0.0195472127329067,SHARED C1 & C3
MYO1D,UP,1.39025681032988,0.0015548436457167,NS,0.859050080583783,0.299726265580665,NS,0.389392669747036,0.458290839588937,C1 SPECIFIC
MYO1E,NS,-0.770789930425931,0.0046792267659163,NS,-0.0027184554075319,0.997558436158871,DOWN,-1.34171075993945,0.0014838783283934,DOWN IN LIMBUS
MYO5A,NS,-0.839180241805093,0.0427791833028521,NS,-0.229096528119625,0.847046201252176,DOWN,-1.48593488607707,0.0161571359063267,DOWN IN LIMBUS
MYO5B,DOWN,-1.4318168022097,0.0004591751049859,NS,-0.502711963417669,0.509590602391374,DOWN,-1.55596451173597,0.0035760992522337,DOWN IN LIMBUS
MYO6,DOWN,-1.29994956933356,0.000356566210709,NS,-0.426598183461617,0.5199528841385,NS,-0.837246154034527,0.0438129665365689,DOWN IN LIMBUS
MYOC,NS,2.18315118321699,0.0556290426090079,UP,5.66467967070675,0.0207934652427245,UP,3.56633049465402,0.032358503900535,SHARED C2 & C3
MYOCD,UP,1.36041438025413,0.0152025631316054,NS,1.20118895980757,0.305411214511982,NS,1.18634862855206,0.107248291188338,C1 SPECIFIC
MYRF,NS,-0.326236937117093,0.114348809457779,DOWN,-0.941411113200505,0.0350045833951298,NS,-0.128895387949389,0.673713761084478,DOWN IN LIMBUS
MYRIP,UP,2.02862776653957,0.0001352687631652,NS,0.585892813976308,0.52334498056278,UP,1.47022694399545,0.0149212415925166,SHARED C1 & C3
N4BP2L1,UP,1.54266148752913,0.0020430293958647,NS,-0.381677931604239,0.72434424395391,NS,0.838847063723684,0.158944530566315,C1 SPECIFIC
NAAA,UP,1.53175063694527,4.49486722836966e-05,NS,-0.211227341996203,0.756059453696856,NS,0.392465546236133,0.274038793909568,C1 SPECIFIC
NAB1,DOWN,-1.226329735292,0.0003404621433043,NS,0.23342675224059,0.729935004849756,NS,-0.338825555874076,0.360029692446051,DOWN IN LIMBUS
NABP1,UP,1.25372512704941,0.0101256860411809,NS,-0.626499581103376,0.553334220128243,NS,-0.580747939123471,0.352544526594575,C1 SPECIFIC
NANOS1,NS,-0.0914437549535183,0.892640061292378,UP,2.8215085656083,0.0324308892980941,NS,0.481869664350332,0.584299569925973,C2 SPECIFIC
NAP1L1,UP,1.48605763497765,2.75135592675231e-05,NS,0.189805523918382,0.762427850994223,NS,0.659631700880794,0.05593653560817,C1 SPECIFIC
NAP1L3,UP,1.60517839110412,0.0002218383148388,NS,0.425263660173552,0.580778174714285,UP,1.68155445961755,0.0025113164237108,SHARED C1 & C3
NAV3,UP,1.5002784934649,0.0043779238695943,NS,0.591775808780897,0.58921090659764,NS,0.575066812306412,0.379006472226094,C1 SPECIFIC
NBEA,DOWN,-2.29050914983383,0.0017605798394832,NS,0.987908841261052,0.497461078845745,NS,-0.737078474721441,0.396981226234948,DOWN IN LIMBUS
NBEAL1,NS,-0.384027683466186,0.137166684651477,NS,-0.402810835514001,0.5083127762198,DOWN,-1.12335589176485,0.006479156931132,DOWN IN LIMBUS
NCALD,UP,1.12485020061111,8.11458998811229e-05,NS,0.320941039449171,0.50728318439677,NS,-0.234086800519807,0.416115498874748,C1 SPECIFIC
NCF2,NS,0.194941051127136,0.696371285037012,NS,-0.776275153598128,0.478050914672073,DOWN,-1.68772823848879,0.0190348257905032,DOWN IN LIMBUS
NCKAP5,DOWN,-2.27596937505175,0.0001102837095358,NS,-0.0854100400247262,0.955318033876505,NS,-0.711018484664984,0.228792426873957,DOWN IN LIMBUS
NDC1,DOWN,-1.1569896409423,0.0044309786307488,NS,-0.105523565986518,0.927717989883192,NS,-0.840550025712714,0.0990097130583237,DOWN IN LIMBUS
NDFIP2,DOWN,-1.02101737178551,0.0002388459460602,NS,-0.477772256062266,0.307340066419257,NS,-0.813657089841296,0.0129978350992678,DOWN IN LIMBUS
NEBL,DOWN,-1.81522622332616,4.99202596896674e-05,NS,-0.679423153510842,0.326763045879064,DOWN,-1.37914688128072,0.0059026481148287,DOWN IN LIMBUS
NECTIN1,NS,-0.947738817785689,0.0007140183701984,NS,-0.335401286715293,0.529488578546369,DOWN,-1.17274960854818,0.0022984205196935,DOWN IN LIMBUS
NECTIN3,UP,1.42229782461759,0.0060753757280842,NS,0.19005392303372,0.896542092124102,NS,-0.504415136277787,0.445847824636494,C1 SPECIFIC
NECTIN4,DOWN,-1.34933372159796,0.0047204868433115,NS,-0.183679807040122,0.888926203701606,NS,-0.576304667520978,0.329652993493339,DOWN IN LIMBUS
NEDD4L,DOWN,-1.06043119835516,0.0021049551306542,NS,-0.288446107896642,0.692980275568479,DOWN,-1.42532557796438,0.003523672708317,DOWN IN LIMBUS
NEGR1,UP,3.45910277171959,2.38068369544598e-06,NS,0.660677553749085,0.511310631372119,UP,2.55774175733397,0.0009031405905669,SHARED C1 & C3
NEK6,UP,1.30240989326739,0.0017953358216851,NS,0.17912965017418,0.866124478300104,NS,0.294893296755951,0.565516582517295,C1 SPECIFIC
NELL1,UP,1.22069495265981,0.013986708000394,NS,0.0842499792600906,0.958614201970761,NS,1.09527929639465,0.0940810235534593,C1 SPECIFIC
NES,UP,1.37056035371354,6.44603061412399e-05,NS,0.725968249053948,0.175058769041235,UP,1.16677963181072,0.003626474855494,SHARED C1 & C3
NETO2,UP,1.56186034671744,0.0008669432208458,NS,-0.254624998258889,0.811738378723534,DOWN,-1.54052870183528,0.0102720987201445,C1 SPECIFIC
NEXN,UP,2.96817704210022,2.49930183150467e-06,NS,1.38109877230726,0.0920058107703768,UP,2.17713099959738,0.0009830825521026,SHARED C1 & C3
NFASC,UP,1.1202048207511,0.0492992670082559,NS,0.789547360477416,0.547684420955594,NS,1.46674497735405,0.0651907826515819,C1 SPECIFIC
NFATC1,UP,1.06683798932029,0.0024289139474091,NS,0.185059929965515,0.83129533101312,UP,1.08474154455916,0.0192359234562451,SHARED C1 & C3
NFATC4,UP,1.08614332882902,0.0112217837215529,NS,1.2424158518026,0.159123919430511,UP,1.56263528892945,0.0115490618963351,SHARED C1 & C3
NFIC,NS,0.606959668700604,0.0118197630856108,NS,0.285371888648457,0.58642861513134,UP,1.00188535935675,0.0054133791396339,C3 SPECIFIC
NFIL3,NS,0.115698341915179,0.789487108511244,NS,0.243163409834343,0.831299373389177,UP,1.52871421229161,0.0136257820657624,C3 SPECIFIC
NFIX,UP,1.92718403285298,2.51237039828076e-06,NS,0.46878342013733,0.383210759683443,UP,1.73894101969923,0.0002586442051559,SHARED C1 & C3
NFRKB,DOWN,-1.05349947124124,0.0002077819427293,NS,-0.479524982349319,0.310840430570372,NS,-0.57250945684188,0.061761626984922,DOWN IN LIMBUS
NIBAN1,UP,1.43491674927682,0.0002793098988005,NS,0.539548960792461,0.43208967587499,NS,-0.114849576767805,0.81322567964098,C1 SPECIFIC
NIBAN2,NS,0.105230753027664,0.720941987921128,NS,-0.317781630864157,0.634690298641832,DOWN,-1.23599988168215,0.0055442001546617,DOWN IN LIMBUS
NID1,UP,3.72413819531546,1.20063757416571e-08,NS,0.73170510862751,0.194246334369038,UP,2.54622102792761,2.00848118765962e-05,SHARED C1 & C3
NID2,UP,2.37044987951851,7.28058937875783e-05,NS,-0.136773995153972,0.920140994789703,UP,1.65596208310931,0.012620491148936,SHARED C1 & C3
NINJ2,NS,0.945427250769542,0.0237737113272922,NS,0.531370629629233,0.568511473197947,UP,1.39259014329578,0.0212907934077395,C3 SPECIFIC
NIPA1,UP,1.2404578986225,0.0002388459460602,NS,-0.13669071313229,0.858313101021184,NS,-0.370852807594453,0.295143871102809,C1 SPECIFIC
NIPAL1,DOWN,-1.41986957954736,9.20195205251973e-05,NS,0.0101906260091553,0.992201602679491,DOWN,-1.06708410511525,0.009747788926826,DOWN IN LIMBUS
NIPAL3,NS,0.149977718411378,0.691960590155535,NS,-0.0377637351954938,0.977446776934431,DOWN,-1.22752321872298,0.0233145692513929,DOWN IN LIMBUS
NKAIN2,DOWN,-1.78442007326392,0.0009608766496777,NS,0.66976345298587,0.5199528841385,NS,0.132517626697309,0.856112603413616,DOWN IN LIMBUS
NKAIN4,DOWN,-1.75043056183522,0.0001494514351147,NS,-0.398224384097233,0.63106928799156,NS,-0.288558389377457,0.559593956438747,DOWN IN LIMBUS
NKD1,NS,0.556413534971781,0.0087054147233324,UP,0.877730213695831,0.0376019593302066,NS,0.686476121655126,0.0201409116745311,C2 SPECIFIC
NLGN1,UP,1.14363851649098,0.0297136293344238,NS,-0.209696004168979,0.894501100025352,NS,1.38388715303776,0.0566594736074316,C1 SPECIFIC
NLGN4X,DOWN,-1.11643281819484,0.0436714014349685,NS,0.868105015127922,0.490383115633137,NS,0.253944192306039,0.762900916958191,DOWN IN LIMBUS
NLK,DOWN,-2.06370175075777,4.87197609924002e-08,NS,0.300318166947717,0.436441475577371,NS,0.124296527368951,0.617280390783244,DOWN IN LIMBUS
NMRK1,DOWN,-1.56585879338889,0.0006160233316415,NS,-0.255713351865446,0.801467299892469,NS,-0.505687669637575,0.320970967644793,DOWN IN LIMBUS
NMU,DOWN,-1.51074059971957,0.0022662146132066,NS,0.944508570491347,0.317175254401234,NS,-0.597158737936882,0.31081398552877,DOWN IN LIMBUS
NM_001242502,UP,1.14471965312447,0.006225623900379,NS,0.318978509176588,0.743452974060311,NS,-0.161998894472176,0.785442435893881,C1 SPECIFIC
NNMT,UP,3.0360651870855,4.82742080361619e-06,NS,1.49161997239062,0.097895337912163,UP,2.88941311235819,0.0002822823060327,SHARED C1 & C3
NOSTRIN,UP,1.56893306168874,0.0002117259918904,NS,0.37217454873216,0.63106928799156,UP,1.0720702100438,0.0258882321374834,SHARED C1 & C3
NOTCH2,UP,1.49628376315008,7.49766467180123e-05,NS,0.151379594834438,0.848989625878025,NS,0.767551673594054,0.0501254781454801,C1 SPECIFIC
NOTCH2NLA,UP,1.0076330696455,0.005878340219657,NS,0.280032981478131,0.741453946983899,NS,0.646003419352306,0.158820542766985,C1 SPECIFIC
NOVA1,UP,1.78137767830529,0.0001486684468901,NS,0.709215434197454,0.36507434809832,UP,1.62612250487143,0.0043466546036748,SHARED C1 & C3
NOX4,UP,1.06527674191443,0.0125465982389438,NS,-1.08666584261774,0.208766826388479,NS,0.583656447420954,0.285145496974615,C1 SPECIFIC
NPC2,UP,1.01267438634637,5.1996843583992e-05,NS,0.120753278818672,0.803992953568874,NS,-0.0219910888760442,0.940962102174646,C1 SPECIFIC
NPNT,UP,2.55480788841021,0.0013934498190946,NS,-1.12783545490355,0.465094760330199,NS,0.376706739026758,0.713867245441072,C1 SPECIFIC
NPR2,UP,1.74067870505527,1.85779651534233e-05,NS,1.08275903450564,0.0657752391475944,UP,1.30935217533499,0.0033132955277858,SHARED C1 & C3
NPR3,UP,1.30402285457242,0.0063776582892799,NS,1.01866125880284,0.288420078687073,UP,1.44130171742986,0.0266284136774343,SHARED C1 & C3
NPTX2,UP,2.68406103327341,0.0001167539392857,NS,0.484342635374101,0.70501359657215,UP,1.94443125797977,0.0138661354433897,SHARED C1 & C3
NQO1,DOWN,-2.15634709411278,0.000167159142611,NS,0.439965123521045,0.67305178637298,NS,0.215282202966849,0.744782200577365,DOWN IN LIMBUS
NR1D1,DOWN,-1.64455423259207,0.0048026667298028,NS,0.375559870999817,0.789670271832681,UP,1.59038514513735,0.0383698855011366,C3 SPECIFIC
NR1D2,DOWN,-1.00559222108632,0.0006763269442838,NS,-0.101732930713706,0.890830677182663,NS,0.522463679345972,0.118985751270361,DOWN IN LIMBUS
NR2F1,UP,2.30971633177258,0.0004429872693828,NS,-0.72961423088577,0.549945037142224,UP,1.62438155674339,0.0345280545571891,SHARED C1 & C3
NR3C2,NS,0.429975297558049,0.227889363594358,NS,0.0118399605423596,0.993323304245011,UP,1.03567591450868,0.047058148739516,C3 SPECIFIC
NR4A1,DOWN,-1.77846591443791,0.0060049831944395,NS,0.201371336768895,0.91459715969122,UP,2.02238748942979,0.0222014120231297,C3 SPECIFIC
NRCAM,UP,1.58368475621032,0.0002449845574887,NS,0.14321761666375,0.887296925459075,DOWN,-1.41912819607619,0.0067750724500917,C1 SPECIFIC
NRG1,DOWN,-1.96480872099766,0.0008349631523617,NS,-0.383188651058383,0.761118385639795,DOWN,-1.71101621979321,0.0192359234562451,DOWN IN LIMBUS
NRG4,DOWN,-2.12101593135509,4.01532514940653e-05,NS,-0.108981339121511,0.925375271499532,NS,0.731504523286711,0.140186498381679,DOWN IN LIMBUS
NRP1,UP,1.72531641627884,0.0001443226652981,NS,-0.511471272712479,0.516344301522758,NS,0.439125676546311,0.347114986810134,C1 SPECIFIC
NR_003191,UP,2.68180836625585,0.0006470978898497,NS,0.040002450294744,0.987967126207833,NS,1.64594650543489,0.0685896289012172,C1 SPECIFIC
NR_024191,DOWN,-1.28107154068008,4.28632206710102e-06,NS,-0.589491177196552,0.106022066434109,NS,-0.903312246522403,0.0017918435210049,DOWN IN LIMBUS
NR_024554,UP,2.50386751799428,6.21332274296601e-06,NS,0.519904863122894,0.518073321927,UP,1.13920141979718,0.0271387813005173,SHARED C1 & C3
NR_024555,UP,2.50386751799428,6.21332274296601e-06,NS,0.519904863122894,0.518073321927,UP,1.13920141979718,0.0271387813005173,SHARED C1 & C3
NR_026736,DOWN,-1.49685216764397,6.69645822945912e-05,NS,-0.0213030495157795,0.983743570143102,NS,-0.620636013010049,0.0982581553355353,DOWN IN LIMBUS
NR_026779,UP,1.90073883668268,3.81817276993469e-05,NS,0.861171036688805,0.212344156950332,UP,1.70415420209983,0.0017918435210049,SHARED C1 & C3
NR_026799,DOWN,-2.548988860556,2.53360882837864e-05,NS,-0.454491236250055,0.64498616315155,NS,-0.25593146400745,0.673047943241294,DOWN IN LIMBUS
NR_026910,DOWN,-1.07306223194008,0.0013647455162856,NS,-0.482197768504863,0.450885801620895,NS,0.0342529498944546,0.942574887624142,DOWN IN LIMBUS
NR_027049,UP,1.08314542204554,8.6463479030056e-05,NS,0.461848490780851,0.299144652422947,NS,0.487996599328986,0.0834383981933949,C1 SPECIFIC
NR_033645,UP,1.11895295906899,0.0003515987366438,NS,0.747981365943293,0.166209093633819,NS,0.981801943141566,0.0101894994051925,C1 SPECIFIC
NR_034098,DOWN,-1.0755775319143,2.08839082642998e-05,NS,-0.0795686484265978,0.875869064584778,NS,-0.508804367354964,0.0395003748515172,DOWN IN LIMBUS
NR_034154,UP,1.31605162908804,0.002591511073216,NS,-0.352682089094445,0.712994955432738,NS,1.01702126963713,0.0609364772468565,C1 SPECIFIC
NR_036430,UP,3.11407706950482,2.63249641279919e-05,NS,-0.33730972583944,0.809330646830411,UP,2.79390815104525,0.0013864158046556,SHARED C1 & C3
NR_037613,UP,1.18466914216156,0.000157257438291,NS,-0.186280555094678,0.76072338790423,NS,0.236394912569716,0.475390457430935,C1 SPECIFIC
NR_038170,UP,1.87443945379333,5.85496779027113e-05,NS,0.325070590175049,0.688829169082057,NS,0.541849427715404,0.229191149461977,C1 SPECIFIC
NR_040448,UP,1.06568223734954,0.0015605164162564,NS,-0.440296692881605,0.511310631372119,NS,0.831319515669523,0.0453155224757041,C1 SPECIFIC
NR_045211,UP,2.68180836625585,0.0006470978898497,NS,0.040002450294744,0.987967126207833,NS,1.64594650543489,0.0685896289012172,C1 SPECIFIC
NR_045562,UP,2.80203386899325,5.72387273320326e-06,NS,0.209162110178292,0.851911624996024,NS,0.873999059180851,0.1020409638775,C1 SPECIFIC
NR_045563,UP,2.80203386899325,5.72387273320326e-06,NS,0.209162110178292,0.851911624996024,NS,0.873999059180851,0.1020409638775,C1 SPECIFIC
NR_045602,UP,1.69848957759421,7.40388025034677e-05,NS,-0.26689194414981,0.732083278548593,NS,0.226956732929219,0.611743981564391,C1 SPECIFIC
NR_046020,DOWN,-1.32087508086384,0.0044183701643894,NS,-0.747423975758597,0.423055914811575,NS,-0.885641732655844,0.124676715533547,DOWN IN LIMBUS
NR_046338,NS,0.899689176252434,0.0239338401167416,NS,0.310663667396454,0.753447829127325,UP,1.14298834329274,0.0405435316201937,C3 SPECIFIC
NR_046396,UP,1.12802968891813,0.0016729984546326,NS,-0.602102373809124,0.37658196035847,NS,0.211401990291221,0.637122612859404,C1 SPECIFIC
NR_046397,UP,1.12802968891813,0.0016729984546326,NS,-0.602102373809124,0.37658196035847,NS,0.211401990291221,0.637122612859404,C1 SPECIFIC
NR_048553,NS,-0.956562242613608,0.0010681549604975,NS,-0.296294944108204,0.604789883269462,DOWN,-1.02984006748301,0.0074594409683578,DOWN IN LIMBUS
NR_120437,DOWN,-1.34325629283166,3.77158791092106e-05,NS,-0.323517846426492,0.540075087364835,NS,-0.0281314877504659,0.940962102174646,DOWN IN LIMBUS
NSA2,UP,1.05830454749273,2.52379862842564e-05,NS,-0.208080434416605,0.601720892508132,NS,0.176564800234189,0.459537059808598,C1 SPECIFIC
NSG1,DOWN,-1.8377737400385,1.19298132514147e-07,NS,0.177843884915825,0.664180834187598,NS,-0.366338362501069,0.119566813490839,DOWN IN LIMBUS
NT5E,UP,2.91383743378992,0.0014581703476273,NS,-0.493751720099118,0.820559996445067,NS,-2.06809227050793,0.0609364772468565,C1 SPECIFIC
NTF3,DOWN,-1.12287463406411,0.0130555078506356,NS,0.613937410315604,0.538504455111314,NS,0.58942819410941,0.31133425576417,DOWN IN LIMBUS
NTM,UP,1.69758291868948,6.30601406072827e-05,NS,-0.763900253468866,0.247533506622294,NS,0.46491024591871,0.25999728756271,C1 SPECIFIC
NTN4,UP,2.00194583586673,0.0002373203133309,NS,-0.914491202155721,0.318448221168437,NS,-0.944767491843388,0.104516368394705,C1 SPECIFIC
NTRK2,DOWN,-1.37395418601009,0.0155368631934922,NS,1.56989334985253,0.177584601806031,UP,1.58637017010695,0.0421507926154098,C3 SPECIFIC
NTRK3,UP,2.27026831525395,1.86707918339703e-05,UP,1.62708927966688,0.0324308892980941,UP,1.95125180433842,0.0013864158046556,CORE — all 3 contrasts
NUAK1,UP,1.58550662962084,0.0007513173534466,NS,0.381133445395739,0.685656921463865,NS,0.373591561818171,0.492708718953411,C1 SPECIFIC
NUAK2,DOWN,-1.43209842028043,0.0185112628217841,NS,-0.250675329053371,0.886666990035352,NS,0.379684728455567,0.654503948653654,DOWN IN LIMBUS
NUDT11,UP,1.55258030389112,7.33672458677744e-05,NS,1.17791492743318,0.0515876341104895,UP,1.50895446347978,0.0017428971572007,SHARED C1 & C3
NUP62CL,DOWN,-1.35325536596655,0.0003405675347026,NS,-0.12380714185272,0.892276012636934,NS,-0.975367547953922,0.0270906449854207,DOWN IN LIMBUS
NUP93,DOWN,-1.0452797060675,0.0011814001114537,NS,0.883206855868119,0.13252106309169,NS,0.327078325760187,0.382494831307217,DOWN IN LIMBUS
NUPR1,NS,0.854824699899341,0.0070535552896413,NS,0.175932055151279,0.830742444625921,UP,1.06685578132219,0.0158512186711733,C3 SPECIFIC
NXF1,NS,0.144605347830048,0.637216186027762,NS,0.0269914653394121,0.98143432818081,UP,1.03211144926401,0.0210198611338013,C3 SPECIFIC
OAS1,DOWN,-1.12168032964645,0.0011366706371627,NS,-0.610700799394779,0.334338006780495,DOWN,-1.66372757364296,0.0010986232324334,DOWN IN LIMBUS
OAS2,NS,-0.860100475636017,0.0005648627001117,NS,-0.591411637187165,0.175753445917867,DOWN,-1.22491710187464,0.0007797500255208,DOWN IN LIMBUS
OAT,UP,1.26495805027105,7.40388025034677e-05,NS,0.0797261347719385,0.913843560366115,NS,0.0715793457875442,0.848232778620161,C1 SPECIFIC
OCA2,UP,1.47066156200532,0.0112605369082658,NS,1.21097742040626,0.308582913646748,NS,1.39456672665827,0.0683619827987957,C1 SPECIFIC
OCIAD2,NS,-0.54176172586139,0.046621176730244,NS,-0.346756606233743,0.576886964858571,DOWN,-1.69192137426533,0.0006106983244221,DOWN IN LIMBUS
OCLN,DOWN,-1.70347920180931,0.0038699479116829,NS,-0.946012397711324,0.423055914811575,DOWN,-1.59425647018932,0.0381236745844457,DOWN IN LIMBUS
ODC1,DOWN,-1.4794459232498,0.0021637817081628,NS,-0.459806170749166,0.647857438118599,NS,0.673256703264014,0.236505027485186,DOWN IN LIMBUS
OGDHL,DOWN,-1.21378696302562,0.008510095468595,NS,0.34230742671433,0.75577567430688,NS,-0.498906040165452,0.397571511992212,DOWN IN LIMBUS
OGN,UP,3.45438723888086,0.0003538675064096,NS,1.47469792877446,0.383018945249706,UP,3.01931585503492,0.0104218688033954,SHARED C1 & C3
OLAH,NS,-0.387801805887815,0.204034606879842,NS,-0.250437575395671,0.753477657142685,DOWN,-1.11154949049524,0.0174968311380489,DOWN IN LIMBUS
OLFM1,UP,1.05083838431166,0.0056544889720747,NS,0.610565772515783,0.429723044649179,UP,1.12518477917401,0.0279833150638853,SHARED C1 & C3
OLFML2A,UP,1.17300780763214,0.0020347031255856,NS,0.298837290243949,0.71707490364305,NS,0.931639447200806,0.0487514619369877,C1 SPECIFIC
OLFML2B,NS,0.957460809560894,0.0012447845991737,NS,-0.585949767137702,0.286476927582889,UP,1.13103246524021,0.0048941079838959,C3 SPECIFIC
OLFML3,UP,2.33206029370724,0.0007136891942575,NS,1.46265256815877,0.232274884621308,UP,2.56065782079734,0.0048463135762321,SHARED C1 & C3
OMD,UP,2.62761552428524,0.0003757374584072,NS,0.153765898681012,0.935992336370274,UP,2.20301408540623,0.0137409315505376,SHARED C1 & C3
OPN3,NS,0.0953140067777385,0.749742254708574,NS,-0.423674587116917,0.518073321927,DOWN,-1.12722093986567,0.010114928333497,DOWN IN LIMBUS
OR4F16,NS,-0.262949037424452,0.439526406444755,NS,0.27266246347396,0.754213583305588,UP,1.47649538835697,0.0059026481148287,C3 SPECIFIC
OR4F21,NS,-0.262949037424452,0.439526406444755,NS,0.27266246347396,0.754213583305588,UP,1.47649538835697,0.0059026481148287,C3 SPECIFIC
OR4F29,NS,-0.262949037424452,0.439526406444755,NS,0.27266246347396,0.754213583305588,UP,1.47649538835697,0.0059026481148287,C3 SPECIFIC
OR4F3,NS,-0.262949037424452,0.439526406444755,NS,0.27266246347396,0.754213583305588,UP,1.47649538835697,0.0059026481148287,C3 SPECIFIC
OR7E2P,NS,-0.370268598951665,0.0969876258060423,NS,-0.0176255945186439,0.983876247902004,UP,1.01344101357842,0.0048463135762321,C3 SPECIFIC
OR7E37P,DOWN,-1.27531054716802,5.48963490391141e-05,NS,-0.216541837505507,0.692773003735271,NS,0.0556745545216399,0.881704151081788,DOWN IN LIMBUS
OR7E47P,DOWN,-1.34325629283166,3.77158791092106e-05,NS,-0.323517846426492,0.540075087364835,NS,-0.0281314877504659,0.940962102174646,DOWN IN LIMBUS
ORAI2,UP,1.14751682283814,0.0215280248607457,NS,0.561113393645896,0.62098378932772,NS,0.295087122654985,0.676095666084699,C1 SPECIFIC
ORMDL2,NS,-0.3901814692658,0.13190137282424,NS,-0.509160436218103,0.378405464005999,DOWN,-1.36409032440356,0.0019891151089609,DOWN IN LIMBUS
OSBPL3,NS,-0.638338023353405,0.001733297088478,NS,-0.328070925266446,0.401186623354404,DOWN,-1.19086423052444,0.0004054296562933,DOWN IN LIMBUS
OSMR,UP,3.10232546080282,8.81662137414002e-06,NS,-0.623596609747132,0.547894380633654,NS,-0.64263351588192,0.291187788430166,C1 SPECIFIC
OSR2,UP,5.35001196323198,1.41039943007492e-05,NS,-0.395248076929018,0.870294898655962,UP,3.3208028894731,0.0086472484209252,SHARED C1 & C3
OTUB2,DOWN,-1.23103608281898,0.000922508548235,NS,-0.306260059507778,0.683553109911968,DOWN,-1.40856962688456,0.0046643619280762,DOWN IN LIMBUS
OTUD1,DOWN,-1.2312578191133,0.0023937865596208,NS,0.115732384478751,0.918105725359608,NS,0.656179954907068,0.175418688981037,DOWN IN LIMBUS
OTUD7A,DOWN,-1.39579858864306,0.0004297917456765,NS,0.0196982810905872,0.987967126207833,NS,-0.657770862057858,0.130632430014226,DOWN IN LIMBUS
OTULINL,UP,2.93869668270962,0.000541220510226,NS,-0.0486734472633739,0.986555004718855,NS,1.59065993727869,0.0960353871502262,C1 SPECIFIC
OVOL1,DOWN,-1.51543186124176,0.0045303812214128,NS,-0.49029204462882,0.67230922862908,NS,0.217393996133096,0.770421783687536,DOWN IN LIMBUS
P2RY12,UP,1.52995073805245,0.047384341270757,NS,-0.825086664390705,0.653236588052492,NS,1.12484429579763,0.279008765442971,C1 SPECIFIC
P2RY14,UP,3.37837146208986,0.0003394296449754,NS,-0.359564330567332,0.871220972741446,UP,2.33851646157662,0.0320807159864031,SHARED C1 & C3
P2RY2,NS,-0.642328169488652,0.034080398991641,NS,-0.449007901031925,0.513071173823826,DOWN,-1.12978822396093,0.0129486323122164,DOWN IN LIMBUS
P3H2,NS,0.106440175584675,0.702574496850077,NS,0.284016342005055,0.659031752549274,DOWN,-1.10236599154216,0.0081124438442734,DOWN IN LIMBUS
P4HA1,UP,1.10381922991649,0.0135657647083236,NS,0.674536978025074,0.486113783136893,NS,-0.239941574558982,0.704747615976015,C1 SPECIFIC
PACC1,NS,-0.0535923009368968,0.884821969159906,NS,-0.363684334258926,0.651306191446758,DOWN,-1.05262216478078,0.0324853339860103,DOWN IN LIMBUS
PAFAH1B2,DOWN,-1.00470812517238,6.42615804744252e-05,NS,-0.144962720559595,0.754213583305588,NS,-0.810011489884419,0.0050132111834268,DOWN IN LIMBUS
PAK3,UP,1.68872896625623,0.0005138530943745,NS,1.21094017181212,0.159966130767339,NS,1.06824049893277,0.0553063300742574,C1 SPECIFIC
PALLD,UP,1.9755792060718,0.0032917859191431,NS,1.12996087386968,0.393105787155068,NS,0.858794133495567,0.29071799105443,C1 SPECIFIC
PALM2AKAP2,UP,3.16959148506765,3.08572966676017e-05,NS,0.762911188962589,0.529916461397027,UP,1.92434575664659,0.0156075743790747,SHARED C1 & C3
PALMD,UP,1.85427501578302,2.07324437778536e-05,NS,0.257720111860113,0.724625284814434,NS,0.45887815592146,0.248791156642036,C1 SPECIFIC
PALS1,DOWN,-1.03034458009057,0.0003125379188956,NS,-0.413183107416125,0.407210823235096,NS,-0.627798491488369,0.0500143757887541,DOWN IN LIMBUS
PALS2,DOWN,-1.2909643315488,4.90649751177976e-05,UP,1.05145029637818,0.0317174014345795,NS,0.282640891578584,0.359643712102348,C2 SPECIFIC
PAM,UP,1.76470871408621,1.76189397778712e-05,NS,0.054801245582988,0.953937768053865,NS,0.381453209072548,0.306995771070005,C1 SPECIFIC
PAMR1,NS,0.855474001791313,0.0098364252719252,DOWN,-1.3776739151456,0.0376019593302066,UP,1.01249840027662,0.0272046425608281,C3 SPECIFIC
PANK1,DOWN,-1.28849112103175,0.0004260972488123,NS,0.588813955244716,0.362040044082765,NS,-0.305328213610036,0.453390180535645,DOWN IN LIMBUS
PANX1,DOWN,-1.27425625916732,0.0010514896453469,NS,0.345969310237617,0.659911814303228,NS,-0.756526279410617,0.0955903348410528,DOWN IN LIMBUS
PAPLN,DOWN,-1.55282862482492,1.43404078354727e-05,NS,0.778384945186028,0.124267006146053,NS,0.0345668771427246,0.931369040715065,DOWN IN LIMBUS
PAPPA,UP,2.63935718947219,0.0121066168561332,NS,1.63363845884623,0.466186235322766,NS,0.144767102111184,0.931344556354293,C1 SPECIFIC
PAPSS2,UP,4.12331082266302,6.87148859320536e-07,NS,0.682960114214044,0.516016264156687,UP,2.3818951001006,0.0019051003207446,SHARED C1 & C3
PAQR5,DOWN,-2.54304792970412,2.66731452732582e-05,NS,0.848889627744066,0.354140480090593,NS,-0.56742403556664,0.315557624222611,DOWN IN LIMBUS
PARD3B,NS,0.361758032539051,0.0530386558090908,NS,0.597057862776581,0.137728605168108,UP,1.04622333060428,0.0012184025738661,C3 SPECIFIC
PARD6B,DOWN,-1.13909808400408,0.0082420790014472,NS,-0.598924369886726,0.5167307597409,NS,-0.703272487216645,0.194357719269715,DOWN IN LIMBUS
PARM1,UP,2.47066895104819,0.00123245488345,NS,1.15537265984109,0.423055914811575,UP,1.83530347341421,0.0479288894083156,SHARED C1 & C3
PARVA,UP,1.39892378575359,0.0005878395380928,NS,0.794443357762269,0.27335931982315,NS,0.934264850139702,0.0488018847872935,C1 SPECIFIC
PAX3,UP,1.9830287121526,0.0007318151041693,NS,-0.180066904136003,0.904970219979185,NS,1.27716472413877,0.0611115442965794,C1 SPECIFIC
PAX6,DOWN,-1.40059389016042,0.0092124734852609,NS,-0.199925966670339,0.896542092124102,NS,-0.57171234321118,0.409072329721308,DOWN IN LIMBUS
PAX9,NS,0.242117819266706,0.358612469230354,DOWN,-1.60258527146711,0.0060884693210718,NS,-0.395759958054248,0.273670151190135,DOWN IN LIMBUS
PBX1,NS,0.690191712603776,0.0092201575963033,NS,0.0313037642478466,0.971978006598108,UP,1.35806004744429,0.0013864158046556,C3 SPECIFIC
PCBD2,DOWN,-1.14037263573449,0.0001122316547098,NS,-0.398598316942087,0.413780399914253,NS,-0.385253035699795,0.195285328180628,DOWN IN LIMBUS
PCDH17,UP,1.15828573281438,0.0028799491217955,NS,0.155620673555066,0.879568455006435,NS,0.751246109710499,0.113072376922117,C1 SPECIFIC
PCDH18,UP,3.19566358413229,1.85986691674374e-06,NS,0.207380212763066,0.856250123064951,UP,2.44907070552013,0.0006106983244221,SHARED C1 & C3
PCDHB14,NS,-0.4545708709106,0.082822670026171,NS,0.197293434439807,0.774223078370421,UP,1.07808439850756,0.008507954338899,C3 SPECIFIC
PCDHB7,NS,0.800676597494927,0.0175989366949253,NS,0.785965485353867,0.265142194050457,UP,1.10969346004323,0.021299343017708,C3 SPECIFIC
PCK1,DOWN,-2.06247216193399,0.0150184948123573,NS,1.99903510193968,0.255701655662415,NS,1.53574852401982,0.163179392169695,DOWN IN LIMBUS
PCMTD2,NS,-0.128905064312139,0.621786671879891,NS,0.006853950609587,0.994684589552969,UP,1.0169577608125,0.0099341574981574,C3 SPECIFIC
PCOLCE,UP,1.76707503318758,0.0294289362230888,NS,0.889742458876578,0.635900993975772,NS,2.21115863423233,0.0500143757887541,C1 SPECIFIC
PCOLCE2,NS,0.675081892022207,0.0225168716652783,NS,0.80259677673703,0.189182267626317,UP,1.26146998225156,0.0054133791396339,C3 SPECIFIC
PCP4L1,NS,-0.228611521247728,0.498005589865137,NS,0.632904583881647,0.394323017640747,UP,1.11260173595112,0.0255429540243331,C3 SPECIFIC
PCSK2,UP,2.15004686956417,0.0008196683394,NS,0.183143090564236,0.913843560366115,UP,1.53064008283884,0.045331734850625,SHARED C1 & C3
PCSK5,DOWN,-1.68694792308795,3.33152767956767e-06,NS,0.720783427095994,0.124267006146053,NS,0.4180612493862,0.16241170303018,DOWN IN LIMBUS
PDCD1LG2,UP,1.12383027103198,0.0256597693986216,NS,0.232480350223035,0.873575119709591,NS,-0.457724825827547,0.504376885123274,C1 SPECIFIC
PDE1A,UP,2.84310605662373,0.0002733172678626,NS,0.0325766065926905,0.989030763801485,UP,1.74820166871501,0.0455818974300409,SHARED C1 & C3
PDE1C,UP,1.38172796194615,0.0182714315382611,NS,1.56686863272966,0.192719341021771,UP,1.67499307865597,0.0392337973172816,SHARED C1 & C3
PDE2A,UP,1.2573511271713,0.0036059159871318,NS,-0.328416793578038,0.735498244738486,NS,0.918851846633868,0.0877469194613517,C1 SPECIFIC
PDE3A,UP,1.83418899273476,0.0006631974690074,NS,1.18800955520939,0.209806155867805,UP,1.71712897276949,0.0115195568591915,SHARED C1 & C3
PDE4B,UP,1.34885089716042,0.0145976300460531,NS,0.072545115225684,0.968912276175658,NS,1.04332003308271,0.146616018414065,C1 SPECIFIC
PDE5A,UP,3.20832890650232,6.42615804744252e-05,NS,0.734362549927576,0.580693980239882,UP,1.7427452680402,0.0376848268303054,SHARED C1 & C3
PDE7A,DOWN,-1.2779836295966,0.0004921763340379,NS,-0.343319672077841,0.623112481776751,NS,-0.70285416436494,0.0877641739127909,DOWN IN LIMBUS
PDE7B,NS,0.990089593436108,0.0528368099800745,NS,0.503297987429934,0.683132112741177,UP,1.63983652681759,0.0286537307756729,C3 SPECIFIC
PDE8B,NS,-0.674332596512087,0.117882059898836,NS,1.03500442461745,0.278624697315777,UP,1.8849701876742,0.0060616234046439,C3 SPECIFIC
PDGFC,UP,2.59137255148465,1.64507274823554e-08,NS,-0.0506785388736919,0.936667455990624,NS,-0.470918292473305,0.0827827336958962,C1 SPECIFIC
PDGFD,UP,2.53929019648366,4.50498133325713e-06,NS,0.282833898136131,0.743877208233418,UP,2.268719538946,0.0004663019265166,SHARED C1 & C3
PDGFRA,UP,3.92164138049084,4.87460886809985e-07,NS,0.750966855713179,0.414541924517215,UP,2.98511707926186,0.0002493104028591,SHARED C1 & C3
PDGFRB,UP,2.73551620390883,2.51237039828076e-06,NS,0.704890705985946,0.355357779628124,UP,2.52350047708033,0.0002395142437753,SHARED C1 & C3
PDGFRL,UP,2.51036002944266,6.12164764776409e-05,NS,0.514635073231711,0.63106928799156,UP,2.16780437455398,0.0032365436902667,SHARED C1 & C3
PDIA5,UP,1.54360900870984,0.0003114905142707,NS,0.375534727516461,0.638920745004702,NS,0.306223253132933,0.517151517911705,C1 SPECIFIC
PDK2,DOWN,-1.10752609708977,0.0002470549283407,NS,0.105023313301551,0.881368915059906,NS,0.63413610808206,0.0559412473813398,DOWN IN LIMBUS
PDK4,UP,2.68128703916205,0.0037879328092606,NS,0.270444556131995,0.918090255375505,NS,1.57951436292862,0.163924404243189,C1 SPECIFIC
PDLIM3,UP,1.75510675382366,0.0002721312965406,NS,0.557008591487781,0.519478318628819,UP,1.25578783423419,0.0244201471671829,SHARED C1 & C3
PDLIM4,UP,1.52738243851737,0.0016749855601055,NS,0.489284922447422,0.619738313899105,NS,0.260285301277249,0.671592155582585,C1 SPECIFIC
PDPN,UP,1.42549175011173,0.0047194947941361,NS,0.724440543415623,0.491417774851654,NS,-0.662526284312005,0.285277299683374,C1 SPECIFIC
PDZK1IP1,UP,1.58151117420905,0.0151655275379738,NS,-1.82652249485584,0.174302185981494,NS,-1.65748547284358,0.0584116237434105,C1 SPECIFIC
PDZRN3,UP,1.0824937166706,0.0431148427761428,NS,1.09896288210037,0.343414479971765,UP,1.9868124887381,0.0137549091132444,SHARED C1 & C3
PDZRN4,UP,2.95150072300109,0.0004506446277403,NS,0.191554220958558,0.928700106554479,NS,1.8748771415692,0.0511600357629474,C1 SPECIFIC
PEAK1,UP,1.73704702658259,6.13545724652732e-05,NS,1.03267775849664,0.122652186947458,UP,1.35639769797082,0.005745436323019,SHARED C1 & C3
PEAR1,UP,1.90303431600906,0.0002365309631244,NS,0.385584764706585,0.691907188041854,UP,1.50301196614468,0.0136257820657624,SHARED C1 & C3
PECAM1,UP,3.82795806925251,9.09084278658752e-05,NS,0.561196063622418,0.762373573113467,UP,2.53619236485063,0.018786265634149,SHARED C1 & C3
PELI2,NS,-0.257450681276502,0.496802502399665,NS,0.492894705929355,0.570028732586138,UP,1.43544650051215,0.0129300161240312,C3 SPECIFIC
PENK,UP,3.30332682815261,0.0030491038989622,NS,1.06402111092556,0.653997938179348,UP,3.07035270637388,0.0338246972173244,SHARED C1 & C3
PERP,DOWN,-1.06526013608209,0.0015951664580671,NS,-0.187931895929279,0.814747335610612,NS,-0.583868725551846,0.14143014328281,DOWN IN LIMBUS
PEX5L,DOWN,-1.7227335493456,0.0022149279250865,NS,-0.0541169213793458,0.976222717676931,DOWN,-1.41039999661432,0.0456690176234827,DOWN IN LIMBUS
PGBD3,DOWN,-1.24824985925035,0.0010820335716673,NS,0.79275008663706,0.258841699371171,NS,0.359310769173481,0.418714448970104,DOWN IN LIMBUS
PGF,UP,1.46839525443622,0.0004000255438143,NS,-0.14743082650894,0.881931545394603,NS,0.259271438705754,0.582239534972014,C1 SPECIFIC
PGGT1B,DOWN,-1.17577741794886,1.40071890894212e-05,NS,-0.343142010349494,0.384987370473683,NS,-0.559461984341988,0.0326599449689728,DOWN IN LIMBUS
PGLYRP4,NS,0.0770708598300294,0.854308318464821,NS,-0.656989446691568,0.445121043755605,DOWN,-1.27632849184426,0.0251867258711075,DOWN IN LIMBUS
PGM2L1,NS,0.630284471435635,0.0746407462655567,NS,0.115635532739584,0.917886789273566,DOWN,-1.44116116808589,0.0088417459861047,DOWN IN LIMBUS
PGM5,UP,2.47676667228708,0.0001014689550176,NS,-0.0808359579254381,0.961055463414423,UP,1.50689478433142,0.0296466278499384,SHARED C1 & C3
PHACTR1,DOWN,-1.96057709973107,0.000313632754371,NS,0.689167825157034,0.479349688805727,NS,0.22523138630702,0.727152937600657,DOWN IN LIMBUS
PHLDA1,UP,2.76682159317074,0.0004530641818265,NS,0.441296974147793,0.796648015865327,NS,-0.425847939068671,0.643595485050659,C1 SPECIFIC
PHLDA2,DOWN,-1.281944846114,0.000754805772814,NS,-0.767608401554755,0.265051236016677,NS,-0.278301855348188,0.53043089578371,DOWN IN LIMBUS
PHOSPHO2-KLHL23,UP,1.70008410218589,2.96196335447332e-05,NS,0.626122660919263,0.3054890070222,NS,0.776598470599273,0.0518387492029975,C1 SPECIFIC
PI3,NS,0.177921081023073,0.688531835070457,NS,-1.05761438290954,0.256001099438353,DOWN,-3.11570932792487,0.0002395142437753,DOWN IN LIMBUS
PID1,DOWN,-1.40367489240709,0.0004011833588627,NS,0.494108045389419,0.497209527818043,NS,0.974995976084672,0.0344198269122627,DOWN IN LIMBUS
PIEZO1,UP,1.32197958134464,5.87981010531022e-06,NS,-0.0086104454726196,0.990580317099535,NS,-0.109098729534077,0.685329526856212,C1 SPECIFIC
PIEZO2,UP,1.03612266208628,0.0004740662132407,NS,-0.188030519449129,0.760272807909596,NS,0.916948248549727,0.0122934956788467,C1 SPECIFIC
PIGR,UP,3.27594426064067,0.0061936156511733,NS,-2.67133891822014,0.265142194050457,NS,-0.370573884175678,0.833136430987464,C1 SPECIFIC
PIK3AP1,UP,1.46299645282326,0.0002282901583577,NS,-0.514875685776918,0.453808604148428,NS,0.03136421815804,0.952240099097549,C1 SPECIFIC
PIK3R1,UP,1.59205072847007,0.0002130640110132,NS,0.61532455789987,0.401344715053123,UP,1.62110571441593,0.0029227986194315,SHARED C1 & C3
PIK3R3,UP,1.90186393413092,1.15892227518791e-05,NS,0.238075345271307,0.73813606177172,NS,0.748238511424232,0.0604066556851046,C1 SPECIFIC
PIP4P2,UP,1.34235997930702,0.0020960755909244,NS,0.737874190979759,0.377007765916981,NS,0.618712719446319,0.228037569749849,C1 SPECIFIC
PIR,DOWN,-1.55027223779315,0.0003479369762222,NS,0.521550827666122,0.511310631372119,NS,0.326142757836013,0.497396051915067,DOWN IN LIMBUS
PITPNC1,UP,1.22297781743869,0.0053722137329241,NS,0.2508385022158,0.822292539497501,NS,-0.533160289228396,0.329569078679282,C1 SPECIFIC
PITX2,UP,2.16852329677419,0.000428818680191,NS,1.74286255285366,0.10068706344185,UP,2.40102651857642,0.0030472474106372,SHARED C1 & C3
PKD2,UP,1.5139815049239,6.02564105199604e-05,NS,0.853522357102381,0.146722682466994,UP,1.00245238694477,0.0145827771501151,SHARED C1 & C3
PKHD1L1,UP,1.37725545682298,0.0033798087792095,NS,-1.11501927192973,0.214228816433726,NS,0.936337937877207,0.106341278884639,C1 SPECIFIC
PKIA,UP,1.9436234537779,0.0002126487964652,NS,0.0665360228780889,0.961438722025245,NS,0.181319684913848,0.770421783687536,C1 SPECIFIC
PKIB,DOWN,-1.59667785871561,0.0012689380620084,NS,0.8332318406826,0.371604577182719,NS,-0.775111865943041,0.175430472265827,DOWN IN LIMBUS
PKNOX2,NS,0.930798554827688,0.0042449841815303,NS,0.833985818552153,0.185600930145851,UP,1.12579191125163,0.0124407726549681,C3 SPECIFIC
PKP1,DOWN,-1.54643957559069,3.71299476750363e-05,NS,-0.126487108407824,0.871220972741446,DOWN,-1.37920667852006,0.0018149459330429,DOWN IN LIMBUS
PLA2G2A,UP,3.64561280285259,0.0011027490320224,NS,-0.226203058943492,0.942143832686275,NS,2.48522453658705,0.0610744027868792,C1 SPECIFIC
PLA2G4C,UP,1.24805400325404,0.0002733172678626,NS,0.365743635506978,0.554553967783176,NS,0.815665048888248,0.0359657553040025,C1 SPECIFIC
PLA2G5,UP,1.24123201004887,0.0218960683840325,NS,1.52515912874955,0.175068116518657,UP,1.62585399309538,0.0333721404525127,SHARED C1 & C3
PLA2G7,NS,0.923583793334324,0.003925698308845,NS,-1.08036761335434,0.0870403231699435,DOWN,-1.99413558828789,0.0003187470488888,DOWN IN LIMBUS
PLAAT2,DOWN,-1.916831259963,0.0004450530982194,NS,-1.18428107990561,0.207593208211872,DOWN,-1.25970638678194,0.0451467392887988,DOWN IN LIMBUS
PLAAT4,NS,0.582030527565179,0.141266269830708,NS,-1.20556197167717,0.167176076809908,DOWN,-1.32460179784829,0.0259878766441451,DOWN IN LIMBUS
PLAC9,UP,1.00003556314803,0.0101770435550924,NS,0.601831056465786,0.465622405824352,UP,1.27888637231786,0.0192742815594055,SHARED C1 & C3
PLAGL1,UP,3.15338661670323,1.73344991441721e-06,NS,-0.2326735580457,0.826187439473908,UP,1.64713092619647,0.0060576339282225,SHARED C1 & C3
PLAT,NS,0.132183880738593,0.639989948905939,NS,-0.342363701595925,0.589108483352881,DOWN,-1.14060333499846,0.0078835993657233,DOWN IN LIMBUS
PLAU,NS,-0.453114913044098,0.288164237292358,NS,0.258402852330626,0.832132001621114,DOWN,-1.93616285218136,0.0051072561471551,DOWN IN LIMBUS
PLBD2,UP,2.14358155572777,6.37221959827122e-07,NS,0.322232582957455,0.553334220128243,UP,1.31523990266427,0.001230666685487,SHARED C1 & C3
PLCB4,DOWN,-1.09059044934866,0.0201143472169099,NS,0.93346373417532,0.345095927969904,NS,0.936935850867095,0.13012124670285,DOWN IN LIMBUS
PLCD4,DOWN,-1.34620541341703,0.0005415922195074,NS,0.948357089339806,0.166209093633819,NS,0.289489532842009,0.514179995050649,DOWN IN LIMBUS
PLCL2,UP,2.66052445660336,1.26000323011924e-06,NS,0.766223967544026,0.259432038021775,UP,1.93030575730568,0.0006394441194676,SHARED C1 & C3
PLCXD2,DOWN,-1.10434965316268,0.0009103618342208,NS,-0.365311921569527,0.568511473197947,NS,-0.572414792608824,0.132915144555712,DOWN IN LIMBUS
PLCXD3,NS,0.999568667186902,0.0001321972617114,UP,0.944650981350481,0.0259128926080227,NS,0.995044039487921,0.0022984205196935,C2 SPECIFIC
PLD1,UP,1.2964819779192,0.0282081906088811,NS,-0.800880847585329,0.547894380633654,NS,0.457482842027295,0.578062184985594,C1 SPECIFIC
PLD5,NS,0.313723600810107,0.272904130087374,NS,0.265180126875736,0.714332940736991,DOWN,-1.1703913965624,0.0094667526285007,DOWN IN LIMBUS
PLEK2,NS,0.0326810241820628,0.938335266628397,NS,-0.0031770649405498,0.997868040017857,DOWN,-2.38950911339661,0.0005560947424794,DOWN IN LIMBUS
PLEKHG1,DOWN,-1.03668648225673,0.0039396788158435,NS,0.255219029618159,0.759369008831342,NS,0.358176796003434,0.423270295214407,DOWN IN LIMBUS
PLEKHG2,UP,1.00939793059474,0.0169655507886518,NS,-0.608898618248443,0.514027589578394,NS,0.871059400227169,0.117751818127336,C1 SPECIFIC
PLEKHG6,DOWN,-1.02476359161615,0.0009993962802583,NS,-0.172124039526377,0.810487081351665,NS,-0.56758216028939,0.115219605144241,DOWN IN LIMBUS
PLEKHH2,UP,1.35698670963424,0.0013033473109059,NS,0.175744295428159,0.868705593644995,NS,0.382242446147012,0.443491543102263,C1 SPECIFIC
PLEKHM1,DOWN,-1.51973711152271,1.8088724263311e-06,NS,-0.371245820047891,0.365054095507463,NS,-0.369397690994483,0.145259721100529,DOWN IN LIMBUS
PLEKHO1,UP,1.53130637883707,4.49814695401499e-05,NS,0.347400261173338,0.568511473197947,NS,0.977163041254711,0.0149010449784855,C1 SPECIFIC
PLIN2,UP,1.94061414767325,4.58551382097656e-06,NS,-0.654009726617371,0.247706759241446,NS,0.689707587279955,0.0609364772468565,C1 SPECIFIC
PLK3,DOWN,-1.46414954941549,0.0001595693063803,NS,-0.294493955961158,0.677397075100321,NS,0.792482763485792,0.0563212984779667,DOWN IN LIMBUS
PLN,UP,1.7276541519986,6.86398709464351e-05,NS,0.845119096825228,0.208766826388479,UP,1.29196133393955,0.0081653492634468,SHARED C1 & C3
PLOD3,UP,1.00478666724763,0.0109673589385955,NS,0.12624059561945,0.914553901417025,NS,-0.732958046249058,0.149151068422871,C1 SPECIFIC
PLP1,UP,4.10910616604259,0.0001451538199312,NS,1.1609887284433,0.539064951265245,UP,3.02476857555498,0.014447095090115,SHARED C1 & C3
PLPP1,NS,0.926552089815877,0.004358335690181,NS,0.144320741926705,0.868348055112777,UP,1.53427225773131,0.001909463129563,C3 SPECIFIC
PLPP3,UP,2.462513596979,2.80706823588122e-07,UP,1.42238438252056,0.0086569570932768,UP,2.98013190196459,2.86299917647708e-06,CORE — all 3 contrasts
PLPP4,DOWN,-2.07934056233443,0.0014654761607062,NS,1.57162027751586,0.189182267626317,NS,0.0180661402881892,0.985802353126128,DOWN IN LIMBUS
PLPPR4,UP,2.17207892799488,0.0001746861506317,NS,-0.112367274036715,0.937662070987153,UP,1.35708553112202,0.0344198269122627,SHARED C1 & C3
PLS1,NS,-0.67033277804979,0.0689569327819094,NS,-0.923939315692196,0.247706759241446,DOWN,-1.49240560338545,0.0090821034293715,DOWN IN LIMBUS
PLSCR1,UP,1.71629382556684,7.00025351389063e-05,NS,-0.584963122335456,0.397761544941274,NS,-0.760813151877516,0.0805003940570704,C1 SPECIFIC
PLSCR4,UP,2.56409119005558,8.32197543778064e-07,NS,0.119594980304333,0.892748030897038,UP,1.39423498521865,0.0032365436902667,SHARED C1 & C3
PLTP,UP,2.48971684269674,3.39560751917022e-07,NS,-0.598839378612357,0.280543165631854,NS,0.968229745723233,0.012685649671216,C1 SPECIFIC
PLVAP,UP,1.62841030898494,0.0011577493746889,NS,0.682890022196427,0.479349688805727,UP,1.43883613441194,0.0226316276654305,SHARED C1 & C3
PLXDC1,UP,1.42136615452887,0.0016420427760643,NS,-1.03202078319468,0.214984338956934,NS,0.978938610096321,0.0719526765414718,C1 SPECIFIC
PLXDC2,DOWN,-1.8748811409866,0.000701467136092,NS,0.443125638998087,0.689337643191269,NS,-0.108510080662799,0.885644430531569,DOWN IN LIMBUS
PLXNA1,UP,1.00612026342828,0.0024886585164503,NS,0.0404557060918371,0.968912276175658,NS,-0.706368932838943,0.0833550975135757,C1 SPECIFIC
PLXNA4,DOWN,-1.94568133711951,0.0014288031434582,NS,1.05722966776375,0.358726302032401,NS,-0.482422354877754,0.509556356755266,DOWN IN LIMBUS
PLXNC1,UP,3.53532172297995,7.23212742000404e-05,NS,-0.0534476762969263,0.98281569951038,UP,2.44105700936967,0.0131187838052132,SHARED C1 & C3
PLXND1,UP,2.04730190784781,6.80117173639227e-07,NS,0.656483204917608,0.177584601806031,UP,1.83374445601196,0.0001262550742236,SHARED C1 & C3
PM20D2,UP,1.01264307851163,0.0017888380120218,NS,0.0907325163684742,0.918204501184712,NS,0.711141515207833,0.0696525972314973,C1 SPECIFIC
PMEL,UP,2.30873390827535,0.0009642723160225,NS,-0.473752577452736,0.751791922735094,NS,0.383974597978409,0.652028678599287,C1 SPECIFIC
PMEPA1,UP,2.20706697129989,0.0002851292960442,NS,0.509197825128319,0.65537698812264,DOWN,-1.44119166993096,0.037021156081132,C1 SPECIFIC
PMP22,UP,3.21432462127408,3.3757050362228e-08,NS,0.219897318112823,0.737456310040308,UP,3.07066560222327,3.53476983456946e-06,SHARED C1 & C3
PMS2P1,DOWN,-1.24048987993265,9.55776694483129e-05,NS,-0.467253195196499,0.368743424818809,NS,-0.382457417766535,0.226615301353697,DOWN IN LIMBUS
PMVK,DOWN,-1.08028635815583,5.79423617501777e-06,NS,0.111641349884152,0.774115759015703,NS,0.0494023768783887,0.836540879248057,DOWN IN LIMBUS
PNISR,NS,0.311094151167872,0.38062070942892,NS,0.138572082164933,0.900345200487926,UP,1.07123601142725,0.0391453568421874,C3 SPECIFIC
PNLIPRP3,NS,0.869221396624366,0.0712550791806005,NS,0.265740521488228,0.849296309377078,DOWN,-3.4295297828295,0.0002621465171387,DOWN IN LIMBUS
PNMA2,UP,2.24353993617386,0.0003698667391059,NS,0.909859656451528,0.413437338374825,UP,1.99877036950687,0.0097338455815137,SHARED C1 & C3
PNRC1,NS,-0.244712968230873,0.327010047701963,NS,0.177909102203955,0.792939542865162,UP,1.10774743565556,0.0056441216162247,C3 SPECIFIC
PODN,UP,1.82002628886085,1.76189397778712e-05,NS,0.552376671233244,0.37658196035847,UP,1.68634935768234,0.0008343906528121,SHARED C1 & C3
PODXL,UP,1.63545438020204,0.0001503718946573,NS,-0.294652994336577,0.715860080441056,UP,1.17235414724512,0.0166697547568864,SHARED C1 & C3
POF1B,DOWN,-2.75044442103961,3.25915927751686e-05,NS,-0.0356017692939377,0.984419787125925,NS,-0.950304711730043,0.131190828864933,DOWN IN LIMBUS
POLR3G,DOWN,-1.17703093673787,0.0020004801203695,NS,0.148574775568659,0.881131438034916,DOWN,-1.00633406320407,0.0365026218097187,DOWN IN LIMBUS
POLR3GL,UP,1.01085856396109,1.41586294774874e-05,NS,0.238119798943387,0.504250743317612,NS,0.461074445726208,0.0388119459079074,C1 SPECIFIC
POPDC1,UP,1.1562579655305,0.0029672440699703,NS,0.326199417322564,0.700189571010514,NS,-0.52298311684674,0.263507014154694,C1 SPECIFIC
POPDC3,UP,1.03915855166836,0.0398365276593648,NS,-0.699586405795968,0.545973889623936,NS,-0.694759574149347,0.305784670117155,C1 SPECIFIC
POSTN,UP,6.18697360200037,1.20063757416571e-08,NS,0.802355259985102,0.413780399914253,UP,2.28830198955315,0.0020580523819701,SHARED C1 & C3
POU3F3,UP,1.30776866928926,0.0029371153185262,UP,2.7635071701315,0.0016049883939527,UP,1.81902522596731,0.0039103201141194,CORE — all 3 contrasts
PPARG,UP,1.33140718839087,0.0001054643215943,NS,0.217466145961979,0.732664875029877,NS,0.268387699684157,0.448927841476049,C1 SPECIFIC
PPARGC1A,UP,1.96551063437415,0.0007895727795336,NS,-0.288457552102882,0.832132001621114,NS,1.32193594686007,0.0545437231331592,C1 SPECIFIC
PPBP,NS,0.5064519006911,0.0640970094361238,NS,-0.0339540703344081,0.972457008655354,DOWN,-2.35375489482404,7.71948094328901e-05,DOWN IN LIMBUS
PPFIA1,DOWN,-1.10350623880092,0.0003066211537158,NS,-0.17911832965684,0.774718415293347,NS,-0.678915149173112,0.0480949108114058,DOWN IN LIMBUS
PPFIBP1,DOWN,-1.12831900791403,2.20298476879228e-05,NS,-0.366395632992621,0.356647257184449,NS,-0.854416678210901,0.003523672708317,DOWN IN LIMBUS
PPIC,UP,1.25500140354117,0.0005527029254993,NS,-0.286125119640266,0.69076261272925,NS,-0.219668989172082,0.60339585482602,C1 SPECIFIC
PPM1K,UP,1.89011292688391,0.0002841576101883,NS,-0.202205118243052,0.866174899279143,NS,0.94321309692551,0.0949918867780684,C1 SPECIFIC
PPP1R14A,UP,1.2747432655719,0.0003665804198458,NS,0.950953103978684,0.119503445845005,UP,1.15150344229645,0.008944257766106,SHARED C1 & C3
PPP1R14C,DOWN,-1.47259074125393,0.0001045036641952,NS,0.143250180127938,0.863222802439948,DOWN,-1.04241192512286,0.0145827771501151,DOWN IN LIMBUS
PPP1R15A,NS,-0.904408396970046,0.102928694042953,NS,-0.217228537054281,0.899857716718044,UP,1.7710437799229,0.0312021754236074,C3 SPECIFIC
PPP1R16B,UP,1.23256580432643,0.001252313472532,NS,0.691897190417621,0.326763045879064,UP,1.10115656676858,0.0226251618141121,SHARED C1 & C3
PPP1R36,DOWN,-1.79382812185211,6.88150969584438e-05,NS,-0.0008127654810543,0.999331741334366,NS,-0.628850333511845,0.158217994067013,DOWN IN LIMBUS
PPP1R3B,UP,1.76154192526239,5.53044295932023e-07,NS,0.30895428407535,0.473177437361056,NS,0.494251981436767,0.0636413642155542,C1 SPECIFIC
PPP1R3C,DOWN,-1.56864106817785,0.0267783637689416,NS,0.253759258210835,0.905827446713753,NS,0.108387299247035,0.926290216610588,DOWN IN LIMBUS
PPP2R2C,DOWN,-1.16097560860232,0.0003816298560401,NS,0.911121943258077,0.103136989016584,DOWN,-1.09739820802694,0.0070399034853478,DOWN IN LIMBUS
PPP4R4,UP,2.05753399876686,1.32276833822936e-05,NS,-0.334779144184599,0.653236588052492,NS,0.228218049723593,0.609172187569229,C1 SPECIFIC
PRAG1,UP,1.02856786275125,0.0018578520400396,NS,0.727348297469378,0.24028380042009,NS,0.776871671376083,0.0553861918893761,C1 SPECIFIC
PRDM1,UP,1.66437693683521,0.0277976430688462,NS,-0.771185509038135,0.662558684355792,NS,-0.0312653233712972,0.981359371264013,C1 SPECIFIC
PRDM11,NS,0.899689176252434,0.0239338401167416,NS,0.310663667396454,0.753447829127325,UP,1.14298834329274,0.0405435316201937,C3 SPECIFIC
PRDM6,NS,0.458118825339904,0.0716329713141132,DOWN,-1.17060183506469,0.0324308892980941,NS,0.444222270001038,0.197464331372066,DOWN IN LIMBUS
PRELP,UP,3.6437527336305,3.8582122900984e-06,NS,1.39377927175837,0.177584601806031,UP,3.4056660022103,0.0002621465171387,SHARED C1 & C3
PREX1,UP,1.32414279204336,0.0001406811064969,NS,0.428592412320288,0.468111097753409,UP,1.24450260911925,0.0034596231143635,SHARED C1 & C3
PREX2,UP,1.60717977584662,0.0002515758267307,NS,0.247319594786131,0.783549440021967,UP,1.15288873726398,0.0230375120671016,SHARED C1 & C3
PRICKLE1,UP,1.96914907369171,0.0006875765683949,NS,0.858528288400413,0.418127708100888,NS,1.33043735999579,0.0503137581223892,C1 SPECIFIC
PRICKLE2,UP,1.16669583379704,0.0004389632787333,NS,0.311396769506332,0.618164637785704,NS,0.0957803235290395,0.820049219976425,C1 SPECIFIC
PRKACB,UP,3.36208444225778,3.9551166925378e-09,NS,0.24325009583286,0.615225722898597,NS,0.846405935449629,0.0084554538217943,C1 SPECIFIC
PRKAR2B,UP,2.08552814191205,0.0025557353134848,NS,-0.103238796151985,0.961438722025245,UP,1.80972168400766,0.0399977742386631,SHARED C1 & C3
PRKCA,UP,1.30075942465208,0.0112289129770082,NS,0.346132707689712,0.786640414861447,NS,0.747447165208955,0.252344018848965,C1 SPECIFIC
PRKCZ,NS,-0.699631673229375,0.0003456344696616,NS,-0.448422715148807,0.177584601806031,DOWN,-1.01930580752671,0.0004822124850046,DOWN IN LIMBUS
PRKD1,UP,3.15724899007031,4.479769797628e-07,NS,1.09147747619716,0.124097136629699,UP,2.37577517613946,0.0002503545287537,SHARED C1 & C3
PRKG1,UP,1.78830068122063,0.001101320878191,NS,0.782629430291402,0.450271046308491,UP,1.65186257245904,0.0174491989933302,SHARED C1 & C3
PROCR,UP,1.59141749167744,0.0011061029856947,NS,0.44681723669548,0.650236714461002,NS,0.821860105247305,0.144935394585101,C1 SPECIFIC
PROS1,UP,2.1509541539161,0.0001878129393041,NS,0.276231441442954,0.821588580536463,NS,1.1642395075997,0.0603335742268445,C1 SPECIFIC
PROX1,UP,1.11495895452407,0.0107420983922063,NS,-1.41120311058795,0.107519703220369,NS,0.268793999659954,0.652028678599287,C1 SPECIFIC
PRPSAP1,DOWN,-1.07756891672129,2.25176451673949e-05,NS,0.0325793958140768,0.956509979714455,NS,-0.41545440868671,0.0839987591521325,DOWN IN LIMBUS
PRR15,DOWN,-1.49582065695521,1.73527987631337e-05,NS,-0.811893422097609,0.103175261043481,DOWN,-1.29161027318062,0.0013079052910275,DOWN IN LIMBUS
PRR16,UP,1.90524198373596,5.67518353287932e-08,UP,1.74840772981567,2.93356701633502e-05,UP,1.88033346340096,3.69361980201966e-06,CORE — all 3 contrasts
PRR5L,UP,1.64206900773614,4.50837842546392e-05,NS,0.837393155538787,0.174302185981494,NS,0.695308674374612,0.0792929059925215,C1 SPECIFIC
PRRG1,UP,2.07231814708499,1.34685630156022e-07,NS,0.447475046283417,0.29366072355656,NS,0.287547122744472,0.275444280499923,C1 SPECIFIC
PRRX1,UP,2.98022832660359,1.24683771327458e-05,NS,1.16385147388343,0.229505344969628,UP,2.77803938916406,0.0006269924517683,SHARED C1 & C3
PRSS12,UP,2.60541186736138,9.19574677024807e-06,NS,-0.954118796337936,0.245020233942855,NS,0.120664736682672,0.842921411013801,C1 SPECIFIC
PRSS16,DOWN,-1.28258254162011,0.0002071575529817,NS,-0.550467219591465,0.342486734346108,DOWN,-1.01309005709356,0.0125658108747615,DOWN IN LIMBUS
PRSS2,NS,0.484673286660044,0.23443102053309,NS,0.0693596363800753,0.961438722025245,DOWN,-2.36172025972002,0.00111674739262,DOWN IN LIMBUS
PRSS22,NS,-0.099278321142326,0.662181258728125,NS,-0.375989863659894,0.4465397019839,DOWN,-1.6004564203706,0.0002451666565303,DOWN IN LIMBUS
PRSS27,DOWN,-1.07963900172631,0.0003375326013857,NS,-0.658760333125527,0.195745572661817,DOWN,-1.06952913986932,0.0048855976552509,DOWN IN LIMBUS
PRSS3,NS,0.0772895051071263,0.817796653270043,NS,-0.738362847904411,0.276820120292565,DOWN,-1.59519987882017,0.0021392074435519,DOWN IN LIMBUS
PRSS3P2,NS,0.304672879849092,0.474246464145364,NS,-0.294247120464494,0.798091646297168,DOWN,-2.55578737975294,0.0007931139350614,DOWN IN LIMBUS
PRSS8,NS,-0.762557404507911,0.0132188365856777,NS,-0.816119026749158,0.190465520568884,DOWN,-1.44851584041368,0.0026844506210278,DOWN IN LIMBUS
PRTFDC1,UP,1.06049918324386,0.001059771494337,NS,-0.548164911596375,0.36241580700574,NS,-0.0494496716708124,0.914961960118863,C1 SPECIFIC
PRUNE2,NS,-0.248656381807647,0.751052752186326,NS,2.27496449392667,0.163010164460537,UP,2.4415331212367,0.0266887060566322,C3 SPECIFIC
PRXL2A,UP,1.98475370534917,0.0187149076665005,NS,-0.783086477464595,0.69170229595134,NS,-0.420606641701866,0.731631017829775,C1 SPECIFIC
PRXL2C,UP,1.24602738828139,4.80835992798359e-05,NS,-0.250924985584184,0.624994332284528,NS,0.53317881569579,0.0782081878645755,C1 SPECIFIC
PSD3,UP,1.25950129802057,0.0014608165854077,NS,-0.139997744866218,0.892907185870436,NS,0.0423599789356883,0.940475091132713,C1 SPECIFIC
PSMB8,NS,0.12827563460263,0.282147117541005,DOWN,-0.516166867331052,0.0465797673660827,NS,-0.264798175200664,0.11344379129688,DOWN IN LIMBUS
PTAFR,DOWN,-1.42848274147401,0.0002035045198338,NS,0.838987386848098,0.185492704607268,NS,-0.948113482610152,0.0287298780926087,DOWN IN LIMBUS
PTBP3,DOWN,-1.30358295148488,0.0002736045332079,NS,-0.464235455420803,0.460866426373472,NS,-0.826896716629109,0.0408262306058634,DOWN IN LIMBUS
PTCH1,DOWN,-1.4306706050701,5.17331460010857e-05,NS,-0.24753022757093,0.684508640528522,NS,0.0473666137900786,0.911555306414432,DOWN IN LIMBUS
PTGDS,NS,0.648548886886141,0.273977069066754,UP,3.734560086916,0.0055504026354281,UP,2.21983155983785,0.0152710595260825,SHARED C2 & C3
PTGER2,UP,1.42066209407196,0.0017815289303404,NS,0.845259550465642,0.324201459666964,UP,1.45485827238126,0.0146337883479447,SHARED C1 & C3
PTGER4,UP,3.09017166291434,0.0011999658327229,NS,-0.806072362690429,0.679337552204675,NS,1.80437553408413,0.106068614649176,C1 SPECIFIC
PTGFR,UP,2.99212994090119,9.51605338685837e-08,UP,1.47663940261479,0.012834335852984,UP,2.45053622353973,4.02927752991757e-05,CORE — all 3 contrasts
PTGIS,UP,2.60979147886683,5.06427539620195e-05,NS,-0.810727494258265,0.42656131468436,UP,2.45830656266958,0.0016039481811542,SHARED C1 & C3
PTHLH,NS,0.978278956429368,0.0035145945708168,DOWN,-2.23948155785857,0.0012289918146469,DOWN,-3.7586455461264,2.86299917647708e-06,DOWN IN LIMBUS
PTK2,NS,-0.725255317861104,0.0079041063196116,NS,-0.33963854833355,0.559341179724721,DOWN,-1.35140844740038,0.0016677629173853,DOWN IN LIMBUS
PTN,UP,2.91416682428715,0.0008956551823501,NS,2.23431176331337,0.162445217638897,UP,3.14791564455425,0.0061925567049293,SHARED C1 & C3
PTPN22,UP,1.69844305377548,0.0009699979446081,NS,1.39601497067228,0.133912026722537,NS,0.519183722387088,0.381461951413746,C1 SPECIFIC
PTPRB,UP,3.33512373361295,7.54908659350254e-07,NS,0.189476996021673,0.863222802439948,NS,0.82065680635642,0.109840408680489,C1 SPECIFIC
PTPRC,UP,1.99243538345629,0.0017267565923507,NS,-0.537613144931561,0.686393451011092,NS,1.43249221492029,0.0633940128720224,C1 SPECIFIC
PTPRD,DOWN,-1.87642761037003,0.0001051993320929,NS,1.15109200316468,0.137038184364521,NS,0.107324072348914,0.852977183977485,DOWN IN LIMBUS
PTPRG,UP,2.85602521327376,1.71974472768366e-06,NS,0.945021668734632,0.200601560459448,UP,1.31477511133036,0.0127119289918129,SHARED C1 & C3
PTPRJ,UP,1.60319323245285,2.95405408863655e-06,NS,-0.179801216333856,0.724841876852264,NS,-0.554485436383063,0.056478335680593,C1 SPECIFIC
PTPRK,UP,1.47969530492914,1.17735905055328e-05,NS,-0.274632294726292,0.587879318736478,NS,-0.898934176075773,0.0086668610991661,C1 SPECIFIC
PTPRM,UP,1.59730845640033,0.0010416842956245,NS,0.797683662691243,0.37658196035847,UP,1.48086623216938,0.0164482745857916,SHARED C1 & C3
PTPRZ1,UP,2.59489006613276,6.62063465997407e-05,NS,0.307624269729544,0.810720616421234,NS,-0.821217112787274,0.195788941881686,C1 SPECIFIC
PTX3,UP,3.53647452204525,0.0001903623265411,NS,1.34140675725349,0.404402776560522,UP,2.96525925345181,0.0084554538217943,SHARED C1 & C3
PVR,UP,1.14689485315034,0.0001559104270588,NS,0.222148610519617,0.690502568849869,NS,-0.229489357164854,0.473391671653809,C1 SPECIFIC
PWWP3B,UP,1.59761906861983,0.0003665804198458,UP,2.2515025218665,0.0047266842168542,NS,0.635598889984016,0.187694973160598,SHARED C1 & C2
PXDN,UP,2.16754933485844,0.0012209493292095,NS,-0.154571691565712,0.931951106256618,NS,-1.02798401350855,0.182376127842329,C1 SPECIFIC
PYGB,NS,-0.458413178871615,0.275697913263903,NS,0.51259648088636,0.60757187468234,DOWN,-1.79305802473226,0.0074250552143342,DOWN IN LIMBUS
QKI,UP,1.90337301398866,1.34538003013687e-05,NS,0.28311401600671,0.685490403679686,UP,1.14328974388022,0.0101087367727659,SHARED C1 & C3
QPCT,UP,2.24595415010539,2.52683638027799e-05,NS,-0.0633881368268696,0.960381092218721,NS,-0.0906130451935869,0.880372152632868,C1 SPECIFIC
RAB25,DOWN,-1.071200317027,0.0403633742589903,NS,-0.69881890982961,0.556190299103066,DOWN,-1.81871049395932,0.018846226528216,DOWN IN LIMBUS
RAB27A,UP,1.93231164490886,1.41279593101758e-06,NS,-0.363730896640952,0.490383115633137,NS,-0.135100351935165,0.690813087094946,C1 SPECIFIC
RAB27B,NS,-0.558394461626775,0.0567072899025377,NS,-0.87326017892525,0.167583464276088,DOWN,-1.47298844027583,0.0024486976902175,DOWN IN LIMBUS
RAB30,NS,0.975501319374515,0.0001410669492137,NS,0.199753706646062,0.665413061063659,UP,1.23217234799099,0.0005485742645104,C3 SPECIFIC
RAB31,UP,2.34781850774165,1.86707918339703e-05,NS,-0.0353739495025938,0.979877356812914,NS,-0.302741549665091,0.56318492572277,C1 SPECIFIC
RAB32,UP,1.08507488673964,0.0001301894470637,NS,0.111945847662057,0.857260863150171,NS,0.193314018030213,0.517151517911705,C1 SPECIFIC
RAB38,NS,-0.580245615431023,0.172909935074321,NS,-0.299684484368196,0.798717417733187,DOWN,-1.32135851338321,0.0359657553040025,DOWN IN LIMBUS
RAB3IP,DOWN,-1.25735963333002,8.87967960423385e-05,NS,-0.263135018592448,0.638814776410378,DOWN,-1.19798610560621,0.0022888152714278,DOWN IN LIMBUS
RAB6B,DOWN,-1.96031924644277,0.0003456344696616,NS,-0.598792296906758,0.550289201986876,DOWN,-1.23841189982222,0.046175294487672,DOWN IN LIMBUS
RABL3,DOWN,-1.56909163677739,1.45783747264796e-05,NS,-0.255641945053404,0.657309609276991,NS,-0.611907126055572,0.0687303605716909,DOWN IN LIMBUS
RAC2,UP,1.63113927232711,2.32770872413701e-05,NS,-0.0017340441117577,0.998353846190809,NS,-0.942200394260913,0.0168982504873682,C1 SPECIFIC
RADX,UP,1.45305459047904,3.01062083475312e-06,NS,0.353068150046794,0.392325631727251,NS,0.192098072154882,0.460006058905927,C1 SPECIFIC
RAET1E,DOWN,-1.40905993829815,0.0008708590333813,NS,-0.219973706469281,0.822354863169286,NS,-0.0355278191906274,0.95266972559971,DOWN IN LIMBUS
RAI14,UP,2.19944485237756,5.34608672414914e-05,NS,-0.503210690265355,0.571663066540489,DOWN,-1.09484636672707,0.0483251918756044,C1 SPECIFIC
RALGPS1,DOWN,-1.09884900343676,0.0010910549239179,NS,-0.526989982393175,0.403252053540277,NS,-0.150194450661794,0.725941890171573,DOWN IN LIMBUS
RAMP2,NS,0.373162258954995,0.0166896675091306,UP,0.693910780487159,0.0317174014345795,NS,0.554592689300467,0.0143175589380381,C2 SPECIFIC
RAMP3,UP,1.01185288733244,0.0044938831964152,NS,0.17343345348816,0.853026252866047,NS,0.86860795607762,0.056822441796488,C1 SPECIFIC
RAP1GDS1,NS,-0.0736851716066216,0.847848893693733,NS,-0.284194050378463,0.752261704196483,DOWN,-1.4009046630417,0.0099099868384975,DOWN IN LIMBUS
RAP2B,DOWN,-1.01370481843706,6.20919513241776e-05,NS,-0.193485084251952,0.658110481818164,NS,-0.10315492377722,0.704199293085485,DOWN IN LIMBUS
RAPGEF4,DOWN,-1.14485147097832,0.0067552807071191,NS,-0.0421545670115302,0.976559688028387,NS,-0.248763749571538,0.661353512561943,DOWN IN LIMBUS
RAPGEFL1,DOWN,-1.2191156727359,0.0094099308057525,NS,-0.391820126558218,0.720783197770296,NS,0.0928325031243364,0.899135877450848,DOWN IN LIMBUS
RAPH1,DOWN,-1.4328065572375,2.76659529581211e-07,NS,0.466053264386311,0.129506789311814,NS,0.695759906534144,0.0030820068462695,DOWN IN LIMBUS
RARRES1,UP,1.55292964099523,0.0118197630856108,NS,-2.3809527117245,0.0556208432872851,NS,-1.26778517585705,0.113281176564856,C1 SPECIFIC
RARRES2,UP,2.05670888870375,0.0004184884439785,NS,-0.0108107102429118,0.995360103041005,UP,1.66110635964107,0.0176384105795276,SHARED C1 & C3
RASA1,NS,0.398698078744294,0.135305391045364,NS,-0.212276596149373,0.761229462141305,DOWN,-1.2248922682995,0.0047848887073134,DOWN IN LIMBUS
RASA3,UP,1.25629156204462,0.0018965704457449,NS,0.343770407897878,0.685656921463865,NS,0.571495025277681,0.226977371416357,C1 SPECIFIC
RASAL1,DOWN,-1.43572731451028,0.0001984588284471,NS,-0.750941430328488,0.24028380042009,NS,-0.489377909477112,0.2196324952179,DOWN IN LIMBUS
RASGRF1,DOWN,-2.65239141256359,1.24683771327458e-05,NS,-0.394352204548232,0.68202576442645,NS,-0.527690192010682,0.33099184612253,DOWN IN LIMBUS
RASGRP3,UP,1.01200579003825,0.0015951664580671,NS,-0.058167005505048,0.952049407076875,NS,0.418730715365807,0.261496077875217,C1 SPECIFIC
RASL11B,NS,0.671212904798947,0.0056679919532225,UP,0.927880744913852,0.0497729191997527,NS,0.498851243907502,0.103941249555309,C2 SPECIFIC
RASSF2,UP,1.0654868773546,0.0028315424175162,NS,-0.405663753686098,0.576468528617525,NS,0.890016124259511,0.0485412411685828,C1 SPECIFIC
RASSF5,DOWN,-1.33361574011365,0.003501352465028,NS,0.0350763314321405,0.982276168013054,NS,0.728184123142233,0.188580729903271,DOWN IN LIMBUS
RASSF6,DOWN,-1.52672408807025,0.0033510864891532,NS,-0.16058091880192,0.913147322037961,NS,-0.616377886717668,0.330592422997543,DOWN IN LIMBUS
RASSF8,UP,1.31080023173446,0.0001094155575436,NS,0.487097585285125,0.379627587720664,NS,0.718318625119084,0.0466304630480283,C1 SPECIFIC
RASSF9,DOWN,-1.18905956552687,0.0009507905888976,NS,0.457540792233602,0.512002919947663,NS,0.0500524580449282,0.922166604954736,DOWN IN LIMBUS
RBKS,DOWN,-1.08378971191973,3.16431630843391e-05,NS,0.112426873398857,0.822441222973697,NS,0.0163615896512805,0.957889539210252,DOWN IN LIMBUS
RBM24,UP,1.45679370332892,0.0142936939037293,NS,1.20155190408175,0.328211667710702,NS,1.56711268029999,0.0511600357629474,C1 SPECIFIC
RBM47,NS,-0.350243687717244,0.340973491116245,NS,-0.852500727767728,0.297654936086517,DOWN,-1.13102161419046,0.0365691557803557,DOWN IN LIMBUS
RBM48,NS,-0.597310164494718,0.0023595509213507,DOWN,-0.727161641649596,0.0488427552817963,NS,-0.208977079305835,0.377063510123862,DOWN IN LIMBUS
RBMS1,UP,1.39098751692126,9.3003710192622e-06,NS,-0.0680906189639536,0.915936108846372,NS,0.0752270738163521,0.813805433131424,C1 SPECIFIC
RBMS2,UP,1.44175613455319,3.57838619999195e-05,NS,0.217855365709304,0.718929385936162,NS,0.0395839635319311,0.92336050358058,C1 SPECIFIC
RBMS3,UP,3.37714799559133,1.20063757416571e-08,NS,0.131132937260638,0.851911624996024,UP,1.17850875239002,0.0030805805609171,SHARED C1 & C3
RBP4,UP,1.94884536303254,0.00667095883859,NS,2.17152664489989,0.124267006146053,NS,1.64616237661707,0.0748004409813056,C1 SPECIFIC
RBP7,UP,1.94139317658651,0.0007701079418536,NS,0.266940012218908,0.846896085604072,NS,-0.271803342745835,0.702602351710444,C1 SPECIFIC
RBPMS,UP,3.75020197343616,1.92203524104803e-08,NS,-0.548304709943137,0.390829190069049,NS,0.664778799596267,0.0970713297698203,C1 SPECIFIC
RCAN2,UP,3.40000849591577,8.94888774552588e-06,NS,1.03531648259276,0.334338006780495,UP,2.94311961951151,0.0008291715889128,SHARED C1 & C3
RCBTB1,DOWN,-1.61525975946698,0.0001181261075732,NS,0.766704357319969,0.262606180522363,NS,0.303348581637284,0.488417387721368,DOWN IN LIMBUS
RCBTB2,DOWN,-1.14329158613859,3.57838619999195e-05,NS,0.611070600451111,0.141781966756125,NS,0.656733940184996,0.0220931503064527,DOWN IN LIMBUS
RCN3,UP,1.13288314424841,0.0238700869430162,NS,0.639048814027468,0.568461592877435,NS,1.13385890548367,0.0927507425852233,C1 SPECIFIC
RCSD1,UP,1.32951320155286,0.0027546683543472,NS,-0.631056454808154,0.481002260625684,NS,1.01768673881577,0.0648858808350371,C1 SPECIFIC
RDH11,NS,0.0238550128831925,0.920563081439544,NS,0.0039661758239164,0.996465436520426,DOWN,-1.00364312561186,0.003945318480949,DOWN IN LIMBUS
RECK,UP,2.92762104780427,2.89465609871515e-06,NS,0.415321850787885,0.640053933599936,UP,2.439505270077,0.0005167608978049,SHARED C1 & C3
REEP4,DOWN,-1.1538251738555,0.0002448485816119,NS,-0.218295973773836,0.719707275262614,NS,-0.135499123940549,0.71128274797393,DOWN IN LIMBUS
REEP6,DOWN,-1.01452985442745,0.0019423246208905,NS,-0.412877636514278,0.529488578546369,NS,0.292738434956147,0.459249477852383,DOWN IN LIMBUS
RELL1,DOWN,-1.49377201800642,5.84445600961283e-06,NS,0.012310519981197,0.988430822894067,NS,-0.0186932580304848,0.957889539210252,DOWN IN LIMBUS
RERG,UP,2.01823278469983,0.0433435681815524,NS,-0.557534213553982,0.844422694401692,UP,2.96890999642081,0.0383307395938885,SHARED C1 & C3
RETREG1,DOWN,-1.70902061588806,0.0016769443378125,NS,0.479002457852921,0.670229357714289,NS,1.21371836003859,0.0652981388075314,DOWN IN LIMBUS
REV3L,NS,0.798003335500141,0.0009103618342208,NS,-0.12737630272675,0.818753595947691,UP,1.14599237776823,0.0010986232324334,C3 SPECIFIC
RFK,DOWN,-1.33306445766799,2.01932822078171e-05,NS,-0.354338540119114,0.453808604148428,NS,-0.669302035315738,0.0306855790116013,DOWN IN LIMBUS
RFLNB,UP,1.63713254010164,0.0050171105260749,NS,1.69377864542437,0.140741109685706,UP,1.6400310950521,0.0341652761357249,SHARED C1 & C3
RFTN1,UP,3.22891204465134,8.56185649452294e-08,NS,-0.0583785345210011,0.95334458436765,UP,1.50536676676246,0.001883930491996,SHARED C1 & C3
RFTN2,UP,1.52900417859387,0.0002550282823298,NS,0.641791142493699,0.372784136425961,UP,1.71335164108162,0.0018049594105978,SHARED C1 & C3
RGCC,UP,1.83953083288947,0.0037049555989069,NS,0.731179721204122,0.576086554336798,UP,1.9889478967771,0.0194314906919458,SHARED C1 & C3
RGL1,UP,2.23324268906803,4.58551382097656e-06,NS,0.273048997655088,0.714691242007329,UP,2.09834518437084,0.0002998000871049,SHARED C1 & C3
RGN,UP,1.04400882408435,0.002498206759692,NS,1.08132952877031,0.098894204070597,UP,1.20864448350101,0.0099794295949161,SHARED C1 & C3
RGS1,UP,1.78973019380813,0.0431426448289938,NS,-0.173536658056747,0.954324556831249,NS,2.02817599191494,0.0950134447162248,C1 SPECIFIC
RGS10,UP,1.00294267331765,0.0009296364638926,NS,-0.406751094215085,0.48196958956132,NS,-0.39765713321006,0.245564578916716,C1 SPECIFIC
RGS16,NS,1.03388351730826,0.0624138306599968,NS,1.11615748046709,0.361884280571952,UP,1.90036899588605,0.0216621322724635,C3 SPECIFIC
RGS20,DOWN,-1.44269079015868,0.0306885543360963,NS,0.745880864444793,0.63106928799156,DOWN,-2.05460706450422,0.0315524018137761,DOWN IN LIMBUS
RHCG,NS,1.22991284287235,0.0807326130668986,NS,-1.47991139733712,0.337276273269316,DOWN,-2.66518362054348,0.0135161577890261,DOWN IN LIMBUS
RHEX,DOWN,-1.07384269650389,0.0048847745224725,NS,-1.0528040245169,0.165870512666263,NS,-0.773911689713932,0.106402722911042,DOWN IN LIMBUS
RHOB,NS,-0.705038390104859,0.0784846373226923,NS,0.596883998141365,0.51877501147894,UP,1.89371235164325,0.0037153460567643,C3 SPECIFIC
RHOBTB1,UP,2.50386751799428,6.21332274296601e-06,NS,0.519904863122894,0.518073321927,UP,1.13920141979718,0.0271387813005173,SHARED C1 & C3
RHOBTB2,DOWN,-1.01034153691695,0.0024040335928831,NS,0.259194438496981,0.721935689379521,NS,-0.133791762663413,0.766292089246747,DOWN IN LIMBUS
RHOBTB3,UP,1.7289715554421,0.0060059400052426,NS,0.0401575687651352,0.986609160463946,NS,1.15114036493775,0.145259721100529,C1 SPECIFIC
RHOC,NS,0.305056371317724,0.218647536076027,NS,-0.238695041139791,0.700408939192232,DOWN,-1.06360401651908,0.0072260424627696,DOWN IN LIMBUS
RHOD,DOWN,-1.41338477655902,5.96356280820729e-06,NS,-0.249009906071448,0.580677471398818,DOWN,-1.03022349561368,0.0018337001174796,DOWN IN LIMBUS
RHOJ,UP,2.66028277857564,6.80117173639227e-07,NS,-0.490110625948972,0.457186750064017,UP,2.18671541211454,0.0002344541488289,SHARED C1 & C3
RHOQ,UP,1.09401286869622,0.0004356419735079,NS,0.229852311533659,0.709197295671425,NS,0.437488564740608,0.19447058643534,C1 SPECIFIC
RHOU,DOWN,-2.74562652364922,3.4244360980666e-06,NS,0.86766124926736,0.265233117927353,UP,1.20208229974405,0.0235542594447421,C3 SPECIFIC
RHPN2,DOWN,-1.16888509737589,0.0010104025277233,NS,-0.818840139337183,0.200601560459448,DOWN,-1.06982656903231,0.0172520412464548,DOWN IN LIMBUS
RILPL2,UP,1.0669603832638,1.21980591537561e-05,NS,-0.212517060266821,0.562205092160288,NS,0.525772444165586,0.0259630008429152,C1 SPECIFIC
RIMKLB,UP,1.42183335945247,7.17107578997692e-05,NS,0.587750474229554,0.301837293606524,NS,0.802286167718486,0.0339638901241628,C1 SPECIFIC
RIOK3,DOWN,-1.19675506209202,0.000483081448139,NS,-0.680106027043475,0.259432038021775,NS,-0.186863880446886,0.641943754074809,DOWN IN LIMBUS
RIPK4,DOWN,-1.55155643845118,0.0008734825237466,NS,-0.360960976305396,0.70554284225746,NS,-0.616123685569668,0.240002753956865,DOWN IN LIMBUS
RIPOR3,UP,1.24061040884043,0.0002449845574887,NS,0.215257000927169,0.746139329581659,NS,0.88614443162205,0.0230375120671016,C1 SPECIFIC
RLN2,DOWN,-1.3416553662353,0.0020009626492745,NS,-0.132052645689411,0.911904983806193,NS,-0.892734650061063,0.0889786579289648,DOWN IN LIMBUS
RNASE1,UP,2.93423875656688,0.001245594056572,NS,-0.579382299872712,0.773332587185334,NS,2.1461445458672,0.0506421794409488,C1 SPECIFIC
RNASE2,UP,1.73169794150534,0.0014859504453518,NS,0.175411327829753,0.903075877096074,UP,1.5584129886685,0.0245784895115104,SHARED C1 & C3
RNASE4,UP,2.41682474456314,2.53360882837864e-05,NS,0.2245649180879,0.841248257809134,UP,1.35774394294297,0.0207207048803609,SHARED C1 & C3
RNASE6,UP,1.89336611928482,0.0130645726368285,NS,-0.599515329492848,0.743298707806069,NS,1.87913907039647,0.0639892798292107,C1 SPECIFIC
RNF125,UP,1.04053006346372,0.0042155515580147,NS,0.101486089242849,0.922693392513078,NS,0.187328947840019,0.70183411132385,C1 SPECIFIC
RNF128,UP,1.25936758641385,0.0124052757855674,NS,0.238771953891961,0.864259912347012,NS,-0.509447730846531,0.440713750951188,C1 SPECIFIC
RNF144B,NS,-0.0764580797396368,0.833268495127376,NS,0.0295302356542049,0.98175169327854,DOWN,-1.12589396869027,0.0235521425887338,DOWN IN LIMBUS
RNF150,UP,1.10044798113293,0.0114886044177438,NS,1.03849992784684,0.24028380042009,UP,1.18877876392149,0.0438129665365689,SHARED C1 & C3
RNF152,DOWN,-1.77746975552503,1.007182798735e-05,NS,-0.445519157541069,0.44606584239325,NS,-0.586911138029956,0.103763788249056,DOWN IN LIMBUS
RNF157,UP,1.30447858041485,0.0004550949990331,NS,0.983130093035182,0.124267006146053,UP,1.49288158897382,0.0026460492224464,SHARED C1 & C3
RNF19B,DOWN,-1.43599607440588,0.0007522645568948,NS,-0.198823182088201,0.843947258313486,NS,-0.233540492976873,0.64730977472509,DOWN IN LIMBUS
RNF217,UP,1.32579934375139,0.0001673297600521,NS,-0.0753666580390533,0.929014983976379,NS,-0.388273550344923,0.283708557135678,C1 SPECIFIC
RNF38,DOWN,-1.48304396768081,9.80562888440645e-06,NS,-0.211828070534213,0.688114680875403,NS,-0.13422585903543,0.673179109417372,DOWN IN LIMBUS
RNF39,DOWN,-2.63146799692977,4.28632206710102e-06,NS,-0.164817502756346,0.875163172647056,NS,0.342849245413313,0.484678503895641,DOWN IN LIMBUS
RNFT2,DOWN,-1.13645984175795,0.0004507425467426,NS,0.0797404748008166,0.923841226147062,NS,-0.428513490018651,0.222460842108327,DOWN IN LIMBUS
RNPC3,DOWN,-1.16252097759742,0.0075698946704938,NS,-0.337263518739379,0.740492959981336,NS,0.328118760610457,0.567534308326049,DOWN IN LIMBUS
ROBO2,NS,-0.3552492114551,0.219475771440419,UP,1.5845587416237,0.0133209910015983,UP,1.79887266994789,0.0007220265147935,SHARED C2 & C3
ROBO4,UP,1.29930516318453,0.0032173364274095,NS,-0.299104225226642,0.770068672886839,UP,1.17540871395588,0.0390061029175159,SHARED C1 & C3
ROR1,UP,1.67230079294684,0.00024601000197,NS,-0.0349247336528613,0.979116599764713,UP,1.83709901299835,0.0019804076511554,SHARED C1 & C3
RORA,DOWN,-1.69009392291825,0.0003479369762222,NS,0.502934450394709,0.558258538227585,NS,0.41983421848692,0.415912700635473,DOWN IN LIMBUS
RORB,UP,2.7245090180819,1.41586294774874e-05,NS,1.17325972511328,0.18758827543579,UP,2.1120920480311,0.002281355143982,SHARED C1 & C3
RP1,NS,0.11291246267154,0.634623037283967,NS,0.143741067048794,0.824039793503371,DOWN,-1.0254336978185,0.0053448045560875,DOWN IN LIMBUS
RPA3,DOWN,-1.28129709005274,0.0001057447914534,NS,-0.099997491224368,0.894501100025352,NS,-0.626786190286959,0.0681447222572137,DOWN IN LIMBUS
RPAIN,DOWN,-1.44193213137675,3.42501769539345e-06,NS,-0.146753253190179,0.76159959699773,NS,-0.0330814355052373,0.91731445750454,DOWN IN LIMBUS
RPGR,UP,1.08190431656507,0.001366769279417,NS,-0.0727588238846071,0.93921778619396,NS,0.769819178463312,0.0585574608491528,C1 SPECIFIC
RPL22,UP,1.12123078668704,0.0002003165482295,NS,0.0730960720339944,0.919913427707059,NS,0.3652331816977,0.241703926158649,C1 SPECIFIC
RPS27,UP,1.06894377147347,0.0048706637947605,NS,0.681584488757192,0.372992055097699,NS,0.780344320570778,0.102170817621182,C1 SPECIFIC
RPS6KA1,NS,-0.404482312220249,0.0354520678273419,NS,-0.33385612473561,0.427846152272888,DOWN,-1.39388353449994,0.0002344541488289,DOWN IN LIMBUS
RPS6KA2,UP,1.60999032323011,0.0002055937026802,NS,0.47816234278466,0.537075777556394,NS,0.0365737661656329,0.947935673439848,C1 SPECIFIC
RRAD,UP,1.10958927653148,0.0149164996512243,NS,0.535149197077536,0.593323753130151,NS,1.20599891646596,0.0506291352707272,C1 SPECIFIC
RRAGD,UP,1.98454287380102,0.0064136918323344,NS,-0.405108827836114,0.828526041990136,NS,0.729179869600085,0.431494726933001,C1 SPECIFIC
RRAS,UP,1.55716116662228,0.0006236322920693,NS,0.170078547873343,0.877704556786907,NS,-0.736192727055649,0.148721525277114,C1 SPECIFIC
RRP36,NS,-0.400015852602047,0.160110483718018,NS,0.0249514556883792,0.982192370920034,DOWN,-1.14884972939307,0.0101864272873791,DOWN IN LIMBUS
RSPO3,UP,2.81116627795226,2.56922153378565e-05,NS,0.128226388672346,0.929475592846331,UP,1.90726625866597,0.0075672285899597,SHARED C1 & C3
RTKN,NS,-0.839661438897101,0.0003538675064096,NS,-0.509692201183191,0.201174130422407,DOWN,-1.11725689914169,0.0008080966035641,DOWN IN LIMBUS
RTKN2,NS,0.110108457962945,0.689130066093566,NS,-0.105412280671652,0.896542092124102,DOWN,-1.09999430727714,0.007722299641373,DOWN IN LIMBUS
RTN4R,DOWN,-1.05350219072903,0.0002339622310108,NS,0.125390478981574,0.843160001973689,NS,-0.416100738776227,0.167709437103507,DOWN IN LIMBUS
RUNDC3B,UP,2.219226265118,9.87641189653024e-05,NS,0.0391947968004249,0.980828242198721,UP,1.59665747676283,0.0129703184192662,SHARED C1 & C3
RUNX1T1,UP,2.39192412088577,2.4205863086455e-05,NS,0.262038163891697,0.803349534079598,UP,2.03515438374177,0.0018049594105978,SHARED C1 & C3
RUNX2,UP,2.71569613082626,3.95039078857718e-05,NS,0.312063473591294,0.805023098037362,NS,0.973417764651151,0.125724166515576,C1 SPECIFIC
RUNX3,UP,1.37315138349503,0.0012136323367767,NS,0.816667050260522,0.300393979617033,UP,1.3595981559679,0.0130832892253458,SHARED C1 & C3
RYR1,DOWN,-1.11150170000047,0.0004386101005283,NS,-0.125865231283865,0.866124478300104,NS,-0.711217786246882,0.0492798933006305,DOWN IN LIMBUS
S100A14,NS,-0.461548432909701,0.307865586366202,NS,-0.530809913181892,0.626130796654559,DOWN,-1.88174739540889,0.0084700772200659,DOWN IN LIMBUS
S100A16,NS,0.688376566223159,0.0157333412489949,NS,-0.277063259091744,0.670513008637417,DOWN,-1.09604113592889,0.0091688683488284,DOWN IN LIMBUS
S100A2,UP,1.99918021452793,0.0050842078375857,NS,-0.168725283520558,0.936667455990624,DOWN,-2.51664645519834,0.011619405291431,C1 SPECIFIC
S100A8,UP,4.3125359129886,0.0017806458896146,NS,-1.3142779571828,0.643593748244895,NS,-0.264433440460291,0.894456563912727,C1 SPECIFIC
S100A9,UP,4.06652360660697,0.0009193854444006,NS,-1.67354438343761,0.471079060105695,NS,-0.229666876342694,0.892870205903547,C1 SPECIFIC
S100B,UP,2.48830811599111,0.0001617267849754,NS,0.82244623369091,0.466186235322766,UP,1.92614242843162,0.0119966264306266,SHARED C1 & C3
S1PR1,UP,1.09958666511377,0.010648110759337,NS,0.307017207529822,0.770745817463747,UP,1.15732548163999,0.0457829776910181,SHARED C1 & C3
SAA1,UP,3.21231341700535,0.0057145843643128,NS,4.42662779636331,0.0512203318023216,NS,-1.89781931018026,0.187915929271125,C1 SPECIFIC
SAA2,UP,2.89736325105827,0.0069575495161754,UP,4.36863964533906,0.0379675901338382,NS,-1.35508701492566,0.314930201535601,SHARED C1 & C2
SAA2-SAA4,UP,2.56157662187075,0.0087193969860384,UP,4.1649913242426,0.0324308892980941,NS,-0.203278131960078,0.893117800139329,SHARED C1 & C2
SAA4,NS,0.610228315496271,0.0423105885141478,NS,0.588759431440852,0.371604577182719,DOWN,-1.40855570645975,0.0035345850877443,DOWN IN LIMBUS
SACS,UP,2.82577323099681,6.37221959827122e-07,NS,0.45032282029138,0.529266645054786,NS,0.253529872075752,0.565113799203901,C1 SPECIFIC
SAMD4A,UP,2.36210610030455,1.77996533236991e-05,NS,1.25629393270966,0.109462800925036,UP,1.60260125621254,0.0058137887585873,SHARED C1 & C3
SAMD5,UP,1.60139524648322,0.0003479369762222,NS,1.04257767890816,0.174302185981494,UP,1.31859776678917,0.0143422378697514,SHARED C1 & C3
SAMD9,NS,-0.687917919171973,0.0281366093216618,NS,-0.839353096674911,0.198846858214937,DOWN,-1.99049889437639,0.0005167608978049,DOWN IN LIMBUS
SAMD9L,NS,0.728627434042954,0.0614500024250117,NS,-0.495712600210517,0.580444276245115,DOWN,-1.32940252830038,0.0219597144193322,DOWN IN LIMBUS
SAMHD1,UP,4.69763441616162,2.37083718796042e-08,NS,-0.135360168776857,0.906313653140161,NS,0.725248063512809,0.151271270313921,C1 SPECIFIC
SAMSN1,UP,1.78912734015661,0.0008432578077696,NS,-0.558618563321514,0.586672802287572,UP,1.25916351425818,0.0479149801433811,SHARED C1 & C3
SANBR,UP,1.416825780474,0.0002905316713402,NS,0.140065132237584,0.877578693186018,NS,-0.847201902140089,0.0516795895149467,C1 SPECIFIC
SAV1,UP,1.2929296410552,8.94888774552588e-06,NS,0.117332149485616,0.822328839826599,NS,0.340899812090415,0.18099168887454,C1 SPECIFIC
SCARA5,UP,3.04860751860294,0.000167159142611,NS,-0.462529849677187,0.773018128763729,UP,1.97111331783688,0.0292515053985726,SHARED C1 & C3
SCARB1,UP,1.04003218522038,3.31204074109654e-05,NS,0.228170180339102,0.568511473197947,NS,0.259847871796288,0.269983073006645,C1 SPECIFIC
SCARB2,DOWN,-1.08961988628638,0.0005416995804876,NS,0.0837472870957425,0.917804428879256,NS,-0.213051957619783,0.557604042126819,DOWN IN LIMBUS
SCARF1,UP,1.11658793318109,0.0027664921847341,NS,0.107925790965961,0.917804428879256,NS,0.983276090230523,0.039377594681585,C1 SPECIFIC
SCD,NS,-0.697602390050125,0.0894285711855802,NS,0.403953181658872,0.688114680875403,DOWN,-1.38164796708481,0.024609854351429,DOWN IN LIMBUS
SCD5,DOWN,-1.42183652150476,6.24187374826704e-05,NS,0.275922157998236,0.652250328508576,NS,0.210053014631022,0.563054067826828,DOWN IN LIMBUS
SCEL,DOWN,-1.73684091878887,0.0066085493936696,NS,-0.865371727103899,0.523530274926284,DOWN,-2.28477826512982,0.0115195568591915,DOWN IN LIMBUS
SCG2,UP,1.32869747111568,0.01892800933358,NS,2.10968292801851,0.0748520153536017,NS,1.47007249595882,0.0559824436755662,C1 SPECIFIC
SCIN,DOWN,-2.70646514367576,1.86707918339703e-05,NS,-0.376791544181229,0.721811816532704,UP,1.34974588984447,0.0304378940501378,C3 SPECIFIC
SCML1,NS,0.430062064605533,0.143672457212382,NS,0.165503388895735,0.848463378549163,UP,1.00077829587971,0.02418507202469,C3 SPECIFIC
SCN2A,NS,0.978672161791722,7.07173035980361e-05,DOWN,-2.04994568671745,2.93356701633502e-05,NS,0.571696360062104,0.0293195257164439,DOWN IN LIMBUS
SCN4B,UP,1.27846522982557,0.0004746899285794,NS,0.736437434152089,0.249817863977094,UP,1.09216347778974,0.0146003276011203,SHARED C1 & C3
SCN7A,UP,3.09805759918898,9.14911391617122e-05,NS,1.26503553263742,0.318448221168437,UP,2.20952091098784,0.0129978350992678,SHARED C1 & C3
SCNN1A,DOWN,-1.30208514748684,0.0017032491547705,NS,-0.483978769373111,0.556705829228074,NS,-0.733435405917241,0.134823131315049,DOWN IN LIMBUS
SCOC-AS1,DOWN,-1.1621638880969,0.0006631974690074,NS,0.320015962417047,0.63106928799156,NS,-0.191428935882591,0.637257942280774,DOWN IN LIMBUS
SCRG1,UP,1.4861703332848,0.0288121196169652,NS,2.51990019926529,0.0793056021497309,UP,1.98079053055981,0.0390777379024808,SHARED C1 & C3
SCRN1,UP,1.68835075355083,0.0002266403584874,NS,-0.237369551532751,0.806297543218604,NS,-0.670513705515058,0.164089723579189,C1 SPECIFIC
SCUBE2,UP,1.35237820018315,0.0091554877506927,NS,0.741366732938566,0.5085826005182,UP,1.67894321599239,0.0204737016290498,SHARED C1 & C3
SDC2,UP,1.79420353497049,0.0013458735080784,NS,1.19582455919874,0.247375226641115,UP,1.76616597715901,0.0146003276011203,SHARED C1 & C3
SDC3,UP,1.2122705535907,0.0004067885331546,NS,0.56600437955774,0.345095927969904,NS,0.992995013547041,0.0160763367817676,C1 SPECIFIC
SDC4,DOWN,-1.25021708118845,0.0001542696143835,NS,0.25970831930764,0.6641739745668,NS,-0.471951691309213,0.16546076292387,DOWN IN LIMBUS
SDCBP,UP,1.31472776443687,1.1799825570275e-06,NS,-0.143071627219177,0.704398761087077,NS,-0.0689878479165476,0.770122076943779,C1 SPECIFIC
SDE2,DOWN,-1.0335819455678,7.57828510511261e-05,NS,-0.259787452836159,0.554680367181658,NS,-0.154626826403852,0.568622902323377,DOWN IN LIMBUS
SDR16C5,DOWN,-1.30654849886149,0.0166604148966111,NS,-1.209492973774,0.288420078687073,NS,-1.18293706178774,0.100990700121605,DOWN IN LIMBUS
SDR42E1,NS,-0.440242909553528,0.117271251208304,NS,-0.141241224966563,0.866124478300104,DOWN,-1.03929078092338,0.015723433632443,DOWN IN LIMBUS
SEC14L2,NS,0.549405525311794,0.13480105571592,NS,0.0639755555506438,0.961055463414423,DOWN,-1.86304863229091,0.0026460492224464,DOWN IN LIMBUS
SEC16B,DOWN,-2.27993174319284,4.8959604776552e-05,NS,0.96341079540376,0.265858625183951,NS,0.290432702184941,0.611554903523771,DOWN IN LIMBUS
SEL1L3,NS,0.814664357953446,0.101139725249384,NS,-1.18754212974412,0.278794136792747,DOWN,-1.78716352573769,0.0176892908651769,DOWN IN LIMBUS
SELE,UP,2.70484936460283,0.0002959486004604,NS,0.186452149323328,0.919184164062622,UP,2.11241045187906,0.0166568566681887,SHARED C1 & C3
SELENBP1,NS,0.227180319260108,0.534594371957422,NS,-1.04814340491416,0.179275907920499,UP,1.12718129339802,0.0334310276349596,C3 SPECIFIC
SELENOM,UP,1.685098557067,0.0002400550449698,NS,0.724257424942449,0.35463267319365,UP,2.07184043197114,0.0009475046504688,SHARED C1 & C3
SELENOP,UP,1.41091501065683,0.0037581589898005,NS,-0.126813655511678,0.92711406023428,UP,1.25553899782246,0.0454069641715419,SHARED C1 & C3
SEMA3A,UP,2.1127063242624,0.000855159559651,NS,-0.715217712181035,0.555872860809523,DOWN,-1.58654497569502,0.0377140181484882,C1 SPECIFIC
SEMA3G,UP,1.94646880100922,0.0008956551823501,NS,0.0879492172695686,0.958490412993033,UP,1.47422260173716,0.0375158426961215,SHARED C1 & C3
SEMA4D,DOWN,-1.36026846442425,1.98323351644176e-05,NS,-0.335129481142877,0.497945050123171,NS,-0.238013410321853,0.422748157421675,DOWN IN LIMBUS
SEMA6A,UP,1.80664800865258,0.0005232557686441,NS,-0.346848204488929,0.746139329581659,NS,0.626528129330421,0.273418466832063,C1 SPECIFIC
SEMA7A,NS,0.413979466333156,0.185863802253138,NS,0.291103554066096,0.713562360580283,DOWN,-1.19081621085562,0.0140815127084137,DOWN IN LIMBUS
SEPTIN11,UP,2.44711993700189,0.0002180448224196,NS,1.15753425450748,0.300083771222279,NS,0.444900543229919,0.536422511335258,C1 SPECIFIC
SEPTIN4,UP,1.56768170880199,0.0024145022394388,NS,1.44357122054108,0.141781966756125,UP,1.54152815393395,0.0226615792130824,SHARED C1 & C3
SEPTIN6,UP,1.91593126240267,1.07222459957421e-06,NS,0.0475411612867429,0.950488596681095,NS,0.567260834200488,0.0669390507873348,C1 SPECIFIC
SERINC2,NS,-0.824258649561788,0.003433138859068,NS,-0.6516475423903,0.231461185475547,DOWN,-1.09123615878135,0.0059301876478244,DOWN IN LIMBUS
SERPINA1,UP,1.60847977020552,0.0300475843833831,NS,-1.57729017443929,0.317335856769219,NS,0.292084349397689,0.795680872062201,C1 SPECIFIC
SERPINA3,UP,3.53473535456677,3.157541532436e-05,UP,2.51165912060562,0.0450260593406694,NS,0.535448547662995,0.516931845275912,SHARED C1 & C2
SERPINB1,NS,0.649077048514663,0.0808464067647656,NS,-1.1236697849145,0.166209093633819,DOWN,-1.30657580708221,0.0195465770072831,DOWN IN LIMBUS
SERPINB3,NS,0.0678057228016078,0.860698885213998,NS,-0.286724883933421,0.750651354906121,DOWN,-1.51670321076821,0.0064687608930502,DOWN IN LIMBUS
SERPINB5,DOWN,-2.2698604050731,0.0001778825659476,NS,-0.849319720141245,0.405146970851674,DOWN,-2.3756647294833,0.0020982640550989,DOWN IN LIMBUS
SERPINB7,NS,0.834366158623615,0.0883970505107278,NS,0.151089966962543,0.923891444311676,DOWN,-2.99685272586443,0.0007454110013679,DOWN IN LIMBUS
SERPINB8,DOWN,-1.28614958789703,3.91212445997767e-06,NS,-0.441296683798305,0.229727997257715,NS,-0.697512272155365,0.008226327264447,DOWN IN LIMBUS
SERPINB9,UP,2.08131802838028,0.0001542696143835,NS,0.486541315012857,0.617674522300665,NS,-0.218355533530557,0.727634739182291,C1 SPECIFIC
SERPINE1,UP,1.43153697943744,0.0184583682485834,NS,0.306993708934275,0.857260863150171,NS,-1.36098819181028,0.092427436606255,C1 SPECIFIC
SERPINE2,UP,2.41845800211313,0.0044638138409671,NS,0.285663995827354,0.905244835005213,NS,-0.936597741910903,0.375442413604323,C1 SPECIFIC
SERPINF1,UP,1.63333064419285,0.0001087392038499,NS,0.824202875522614,0.222561176391518,UP,2.41883354593507,0.000189563416214,SHARED C1 & C3
SERPING1,UP,3.2860366182282,1.64507274823554e-08,NS,0.965884002083765,0.0727978947292949,UP,1.4642658371701,0.0008722323856275,SHARED C1 & C3
SERPINH1,UP,1.06621327157213,0.0095046035682506,NS,0.276986169932341,0.785634408365269,NS,0.222317031032171,0.696710786196424,C1 SPECIFIC
SESTD1,UP,2.66939276627085,4.342111271946e-07,NS,-0.0981836455280671,0.911383256764347,NS,-0.624584144552881,0.104987707359093,C1 SPECIFIC
SFN,DOWN,-1.25657804913344,0.0022610942883342,NS,-0.0142912192854254,0.991969979811422,DOWN,-1.16937916350915,0.0277922107592853,DOWN IN LIMBUS
SFRP2,UP,1.32882458733066,0.0284406453581439,NS,-0.53740559447481,0.714443688386792,NS,0.877959140204235,0.272945742955675,C1 SPECIFIC
SGCB,UP,1.16587285851559,0.0192383349918432,NS,0.399108737650517,0.741707408181284,NS,-0.159410643456753,0.835296034876082,C1 SPECIFIC
SGCD,UP,2.15676142803313,6.20632318677827e-05,NS,0.386576660670904,0.678848166225928,UP,1.93381447325216,0.002606709069658,SHARED C1 & C3
SGCE,UP,3.27543613067139,1.34371707039222e-06,NS,0.0882614543264859,0.94592461272976,UP,1.90303719087222,0.0028461879507644,SHARED C1 & C3
SGK1,NS,-0.88482870205597,0.0337574587013172,NS,-0.0993345078847216,0.941423520829239,UP,1.46401439170438,0.0172520412464548,C3 SPECIFIC
SGPL1,NS,-0.898538573324482,0.0019081905687037,NS,-0.353456552888037,0.543689842096098,DOWN,-1.03263322875765,0.0081804602500367,DOWN IN LIMBUS
SH3BGR,DOWN,-1.07934554754239,0.0002661358014952,NS,0.28241596910901,0.597108733956892,NS,-0.378224799565028,0.224514006553336,DOWN IN LIMBUS
SH3BGRL2,DOWN,-1.22092196763631,0.0027574255355736,NS,0.167738166250061,0.875869064584778,NS,0.0490913903511654,0.935669598831846,DOWN IN LIMBUS
SH3BP5,UP,2.64867743650643,4.28632206710102e-06,NS,0.0808076993013778,0.94592461272976,UP,1.76048663220208,0.0026710656913829,SHARED C1 & C3
SH3D21,DOWN,-1.70571026562967,1.30231530898093e-05,NS,0.186886764820734,0.783170316226331,NS,0.221839242680288,0.541944492588167,DOWN IN LIMBUS
SH3GL3,DOWN,-2.548988860556,2.53360882837864e-05,NS,-0.454491236250055,0.64498616315155,NS,-0.25593146400745,0.673047943241294,DOWN IN LIMBUS
SH3KBP1,UP,2.56874427956594,1.91926302561384e-06,NS,-0.345094323303753,0.648109019214796,DOWN,-1.33021061324416,0.0072260424627696,C1 SPECIFIC
SH3PXD2B,UP,1.68992487757521,1.82800617047826e-06,NS,0.45006263545381,0.316964123079783,NS,0.183919583927663,0.5266819117966,C1 SPECIFIC
SH3RF3,UP,1.04819691718721,0.0019508767860285,NS,0.736034787741267,0.247375226641115,UP,1.46379067648346,0.0026516305632745,SHARED C1 & C3
SH3TC1,DOWN,-1.75557780818264,8.81662137414002e-06,NS,0.839255598222911,0.124097136629699,NS,-0.195329250089165,0.589523947014209,DOWN IN LIMBUS
SH3TC2,NS,-0.266752166078109,0.252921063505952,NS,-0.167693259971136,0.791415737036723,DOWN,-1.0417030859064,0.0056441216162247,DOWN IN LIMBUS
SHC1,UP,1.41566155130785,3.24522346236138e-07,NS,-0.0228255902088002,0.963056175033764,NS,0.0247865224807899,0.918754252795679,C1 SPECIFIC
SHC3,UP,2.02573665419817,5.57963558867671e-05,UP,2.19669703276937,0.0055504026354281,UP,1.61061174592061,0.0049310432508132,CORE — all 3 contrasts
SHE,UP,2.31331785941474,0.0003487234209459,NS,0.0271978606641827,0.989182450600843,UP,1.66455521050018,0.0276442604890641,SHARED C1 & C3
SHISA2,UP,1.4515320337815,0.0008371155316325,NS,0.0469035578874708,0.970746869281469,NS,0.0977856720988175,0.867923811761276,C1 SPECIFIC
SHISA9,DOWN,-2.55788165097147,1.31023916856223e-06,NS,0.899817136856625,0.167313410196858,NS,-0.159678975600215,0.725480038357258,DOWN IN LIMBUS
SHMT1,DOWN,-1.52504149140537,2.18684737106921e-05,NS,-0.698781223123643,0.179275907920499,NS,-0.426055945458862,0.195690221056105,DOWN IN LIMBUS
SHOX,UP,1.02016344394693,0.0185164324615379,UP,1.84246280825747,0.0376019593302066,UP,1.22356440608614,0.0415043412670688,CORE — all 3 contrasts
SHPK,DOWN,-1.32208360712407,0.000128339179797,NS,-0.014715945929356,0.988668012753271,NS,-0.03551937975916,0.935214782207847,DOWN IN LIMBUS
SIAH3,DOWN,-1.97369133300485,0.0004159323790834,NS,1.71079023895932,0.0768287579158985,NS,0.439058430564914,0.481792407690103,DOWN IN LIMBUS
SIDT2,UP,1.21379746555718,2.29888732749153e-05,NS,-0.057604745495599,0.926305937787706,NS,0.815287505933629,0.0074250552143342,C1 SPECIFIC
SIGLEC15,DOWN,-1.93112962133592,0.0007082373710925,NS,-0.548364433717642,0.620485013860833,NS,-1.22753902486286,0.0633475327527092,DOWN IN LIMBUS
SIK1,DOWN,-1.56332742964558,0.0079067794418618,NS,-0.373186889159275,0.801505294372922,NS,0.0282544303462089,0.976511485562852,DOWN IN LIMBUS
SIPA1L2,UP,1.3887471785751,0.0040952355664465,NS,0.266958357704512,0.826041486390387,UP,1.32983618647306,0.0359075707776097,SHARED C1 & C3
SIRPA,UP,1.10170437656919,0.0002413656318867,NS,-0.0894177544670338,0.900976321857732,NS,0.601528822512974,0.065141948948676,C1 SPECIFIC
SIRT2,NS,-0.540042641374062,0.0031353746748894,DOWN,-0.822423826331055,0.018696313938093,NS,-0.288705162339636,0.190233011027603,DOWN IN LIMBUS
SKAP2,UP,1.04072564335048,0.0216768694432549,NS,-0.281796552730046,0.815414521034094,NS,-0.366134254699873,0.555211284241451,C1 SPECIFIC
SKIL,NS,0.570796392423521,0.0532537306011992,NS,0.0125688592353868,0.991600661916495,DOWN,-1.03302614241901,0.0191780323355213,DOWN IN LIMBUS
SLA,UP,1.14812586023774,0.0022070595415739,NS,-0.171431742400407,0.85835888280063,NS,0.855446507537999,0.0633940128720224,C1 SPECIFIC
SLC12A6,DOWN,-1.42524356429276,4.08053173794267e-06,NS,-0.495795495006167,0.222932729110663,DOWN,-1.01779374508215,0.0015524561694016,DOWN IN LIMBUS
SLC12A8,DOWN,-1.07902436610832,0.0360113104468597,NS,-0.430839085142815,0.73387638743062,NS,-1.15753792966979,0.0985182409391965,DOWN IN LIMBUS
SLC15A1,NS,-0.311553602134629,0.235021467353363,NS,-0.192048210389013,0.786640414861447,DOWN,-1.25614538390142,0.0037665863326542,DOWN IN LIMBUS
SLC16A1,UP,2.07222872144686,0.0016230687627202,NS,0.607573324021502,0.653921958786064,NS,-0.842448805187605,0.271834902598623,C1 SPECIFIC
SLC16A2,UP,1.12023909153356,0.002070413866924,NS,-0.545897141988466,0.439887055788293,NS,0.460966025237585,0.282931772850644,C1 SPECIFIC
SLC16A6,DOWN,-2.44196844661586,0.0003954393000691,NS,0.16750616974479,0.923941853264748,NS,1.29650853699422,0.0891373745561616,DOWN IN LIMBUS
SLC16A7,UP,1.32295312021016,0.0045463137137033,NS,-0.83332332661184,0.374130144480554,NS,0.82956197007696,0.151490962030138,C1 SPECIFIC
SLC1A1,UP,1.75289461269723,0.0005032526511809,NS,0.226017569466335,0.847834728279409,NS,-0.109976910828681,0.868707842045695,C1 SPECIFIC
SLC20A1,DOWN,-1.87914153187736,0.0001006548161132,NS,0.0749352610656171,0.952049407076875,NS,0.667345422483367,0.169701676328992,DOWN IN LIMBUS
SLC22A17,NS,-0.785346956792926,0.0087611431918473,NS,1.07333160402486,0.0765997406308035,UP,1.12825005573998,0.0090299727461363,C3 SPECIFIC
SLC23A2,DOWN,-1.23890080816212,0.0006423597912069,NS,-0.370060215896625,0.58921090659764,NS,0.330267562862085,0.422338731286449,DOWN IN LIMBUS
SLC24A3,DOWN,-2.11603039168101,6.86332275890064e-05,NS,0.097430053059659,0.938525378879972,NS,-0.580770449571585,0.264264447824528,DOWN IN LIMBUS
SLC25A25,NS,-0.734536628907714,0.16953887015461,NS,-0.169917902709274,0.921506396520842,UP,1.83178107937056,0.0235542594447421,C3 SPECIFIC
SLC25A27,NS,0.125023859397087,0.66454672135573,NS,0.293284784773611,0.661882239919396,UP,1.31195961755207,0.0037665863326542,C3 SPECIFIC
SLC26A2,DOWN,-1.49147152647236,0.0047768004177371,NS,0.0810048406887987,0.961438722025245,NS,1.30554188237142,0.0550463687734978,DOWN IN LIMBUS
SLC26A4,UP,2.21514922729172,0.0008477375763444,UP,2.38822579308711,0.0411148258306515,NS,0.967827947279638,0.19447058643534,SHARED C1 & C2
SLC27A6,UP,1.98588447316223,3.84286114084221e-06,NS,-0.0653554558105283,0.940141045916055,NS,-0.470168255384069,0.184505201299613,C1 SPECIFIC
SLC2A10,UP,2.33495438725554,0.0001807489213177,NS,-0.232869410083612,0.868705593644995,NS,1.05191463844138,0.108704555529464,C1 SPECIFIC
SLC2A14,UP,1.91225408428465,0.0037342631862508,NS,1.12565594500633,0.389780245171488,UP,1.74866310172624,0.0409660316977506,SHARED C1 & C3
SLC2A3,UP,2.22912022121842,0.004044155365308,NS,1.17937270380985,0.450885801620895,NS,1.60405357110644,0.0974554929730382,C1 SPECIFIC
SLC2A5,DOWN,-1.0259806911629,0.0340386864247989,NS,0.138434922235013,0.92702796079953,NS,0.48906769534979,0.459274465913847,DOWN IN LIMBUS
SLC35F2,UP,1.24180209563262,0.0001735636299026,NS,0.265100285951918,0.66057619697226,NS,-0.880018938369992,0.0194074744603862,C1 SPECIFIC
SLC35F3,DOWN,-2.31799785513972,0.0001601714137246,NS,0.303304573787419,0.812103228159008,NS,-0.754880447216034,0.229161745901551,DOWN IN LIMBUS
SLC35G2,UP,1.52698389228797,0.0004798145419752,NS,0.400168481149373,0.633235690728469,UP,1.18641019320141,0.0235542594447421,SHARED C1 & C3
SLC37A2,NS,0.293373032417842,0.131709156113641,NS,0.190653005942194,0.691907188041854,DOWN,-1.30296021094651,0.0004822124850046,DOWN IN LIMBUS
SLC38A5,UP,1.04795170356925,0.0122710613812303,NS,-0.053618766819004,0.96949522675473,DOWN,-1.42185640063272,0.0168032962760401,C1 SPECIFIC
SLC39A2,NS,-0.726225214124477,0.0555932438023326,NS,-0.359792639183321,0.696857135248276,DOWN,-1.34470918605762,0.0178919066464503,DOWN IN LIMBUS
SLC39A8,UP,1.86812150388338,0.0004473188901248,NS,0.18252444947681,0.888132382927536,NS,-0.43621946051344,0.463044487899286,C1 SPECIFIC
SLC40A1,UP,4.82437442617026,3.28279721987892e-06,NS,-1.0651397820836,0.447275697154413,UP,2.86947099270699,0.0043668440565931,SHARED C1 & C3
SLC41A2,UP,1.32870384793484,0.0004386101005283,NS,-0.82142448311162,0.206464210218373,NS,-0.290145758219581,0.49422060583112,C1 SPECIFIC
SLC43A1,UP,1.01539185081568,0.0001313065184932,NS,0.363451586821232,0.410179611659639,NS,0.944140505487734,0.0034946527101506,C1 SPECIFIC
SLC43A3,UP,2.67545279173543,1.86894762993764e-06,NS,0.94750446319012,0.179275907920499,UP,1.27008454329555,0.011738849364791,SHARED C1 & C3
SLC44A1,UP,1.72561696311167,0.0001067812379502,NS,0.772553840481314,0.28539257299466,NS,0.0371200642866425,0.946701901638879,C1 SPECIFIC
SLC44A3,NS,-0.447985356041968,0.108959789794084,NS,-0.817550681409483,0.178473538397929,DOWN,-1.28093418378425,0.0046643619280762,DOWN IN LIMBUS
SLC44A4,NS,0.247329007599059,0.390664193756935,NS,-0.671144539505274,0.291203493902428,DOWN,-1.21010608493679,0.0077065148364956,DOWN IN LIMBUS
SLC44A5,DOWN,-2.20768340586613,0.0326948877612038,NS,-0.750820443734715,0.777727619348223,NS,0.457049041619209,0.769906284383904,DOWN IN LIMBUS
SLC47A1,UP,1.28228826226974,0.000892699203506,NS,0.918333344935058,0.183479275428522,UP,1.35280162433669,0.0072205333731605,SHARED C1 & C3
SLC47A2,DOWN,-2.84619466472494,8.78009345440799e-05,NS,0.294597961567345,0.848663996527651,NS,-0.403567738882733,0.594963384613514,DOWN IN LIMBUS
SLC52A3,DOWN,-1.07786417228097,0.0009087334619886,NS,-0.801901118358161,0.172787331567183,DOWN,-1.07254651287066,0.0102244302407155,DOWN IN LIMBUS
SLC5A1,NS,-0.0306162444068141,0.92346915548465,NS,-0.0153736879930948,0.989030763801485,DOWN,-1.53677417666669,0.0015824909198135,DOWN IN LIMBUS
SLC6A14,UP,2.9421355912735,0.0096990580783754,NS,-2.9348459008906,0.198031513304971,NS,-2.97163360037509,0.050188480051294,C1 SPECIFIC
SLC6A15,NS,0.710742899058284,0.0882561010454376,NS,-0.481493216459262,0.63078803252894,DOWN,-2.4747708754656,0.0009031405905669,DOWN IN LIMBUS
SLC6A20,DOWN,-1.42266043840153,0.0004790442707384,NS,0.242645458978607,0.778648884522612,NS,0.453239951378919,0.310285742165271,DOWN IN LIMBUS
SLC6A4,DOWN,-1.28190018634969,0.0025572381257236,NS,0.572324491318894,0.509590602391374,NS,0.214711240426094,0.699965405395988,DOWN IN LIMBUS
SLC6A6,UP,1.81842438907345,0.0005188855291053,NS,0.556487412984612,0.568511473197947,UP,1.88710011596064,0.0052108510866068,SHARED C1 & C3
SLC6A8,UP,1.09563922608115,0.0121066168561332,NS,0.375536958697507,0.713974293309293,NS,0.767199285373454,0.171449428193621,C1 SPECIFIC
SLC7A2,NS,0.0459234724931505,0.914729715985532,NS,1.30604240729259,0.111109320646354,UP,1.23132923692236,0.0292249569504908,C3 SPECIFIC
SLC7A6,DOWN,-1.607685830149,0.0001118826500442,NS,0.0180000102618116,0.988492312352878,NS,0.138955403211591,0.770807287671815,DOWN IN LIMBUS
SLC7A7,UP,1.06568223734954,0.0015605164162564,NS,-0.440296692881605,0.511310631372119,NS,0.831319515669523,0.0453155224757041,C1 SPECIFIC
SLC7A8,DOWN,-1.16033647367296,0.0264003921239991,NS,0.590204848674773,0.62237864983088,NS,1.12536420576849,0.108470879480095,DOWN IN LIMBUS
SLC8A1,UP,1.84414503232037,3.0852572582302e-06,NS,-0.166008958486428,0.795631264933808,UP,1.35637421474914,0.0010986232324334,SHARED C1 & C3
SLC9A9,NS,0.371122155739957,0.205882044525532,NS,-0.0187676513393704,0.987967126207833,UP,1.14039412037693,0.0127119289918129,C3 SPECIFIC
SLC9B2,UP,1.82859506128735,1.71043054757267e-06,NS,0.620250442603459,0.189182267626317,NS,0.485476306308319,0.110325193538738,C1 SPECIFIC
SLCO2A1,UP,2.10652027107465,0.0024699916639259,NS,-0.415848855850727,0.803262881942445,NS,1.58975232612423,0.0645825730537376,C1 SPECIFIC
SLCO2B1,UP,1.581691817363,0.0005587560674678,NS,-0.182737066257286,0.868705593644995,UP,1.04559084791776,0.0494581925849768,SHARED C1 & C3
SLCO3A1,DOWN,-1.0683940067894,0.0019423246208905,NS,0.0704925715308518,0.94383583804912,NS,-0.384328694688807,0.347331357798174,DOWN IN LIMBUS
SLCO4A1-AS1,UP,1.17322569399032,0.0017842564447987,NS,-0.0603211933827783,0.957687432385494,NS,0.958472688054572,0.0410360955428367,C1 SPECIFIC
SLFN11,UP,1.97080098897867,8.60537875593103e-05,NS,0.27950165248012,0.77070444192224,NS,0.630610420003927,0.204720694474629,C1 SPECIFIC
SLIT3,UP,2.15716424577033,1.7516954181742e-06,NS,0.336737465598955,0.575317585161126,UP,1.91988449944325,0.0002395142437753,SHARED C1 & C3
SLPI,UP,3.04565475909827,0.0017962686728371,NS,-0.924418524330388,0.646166511641944,NS,-1.19573237866663,0.296467603566129,C1 SPECIFIC
SLURP1,DOWN,-1.17755978203159,0.0001321106978379,NS,0.0444814815039649,0.956011492360294,NS,-0.344465228966794,0.270816253159828,DOWN IN LIMBUS
SMAD6,UP,1.18564316809034,0.0002237210645222,NS,0.419016275978957,0.450271046308491,UP,1.15252374157695,0.0039519459606548,SHARED C1 & C3
SMAD9,UP,2.68645842900621,0.0005382848418066,NS,1.11779996788356,0.425863990972809,UP,2.46358527642382,0.0109041415549571,SHARED C1 & C3
SMARCA1,UP,1.21533574434173,0.0287510799822543,NS,0.169963466654439,0.920926869677473,NS,-0.455621108509209,0.553041218519227,C1 SPECIFIC
SMARCD3,UP,1.30342113461803,0.0003856546577104,NS,-0.275436363246655,0.700868955498831,NS,0.90073812741374,0.0344224087009657,C1 SPECIFIC
SMCO4,UP,1.72161535634214,0.0004972678505737,NS,-0.216836708233619,0.8515658028326,NS,0.903932362230484,0.101698776351164,C1 SPECIFIC
SMIM10,UP,1.02250357482179,0.0035647137025682,NS,0.478764123348767,0.510564523993359,UP,1.03268952825613,0.0261884208169854,SHARED C1 & C3
SMOC2,UP,3.4523898107678,0.0001091954860329,NS,0.305704344002727,0.876590959839034,UP,2.25279645347998,0.0225977002171058,SHARED C1 & C3
SMTN,UP,1.44470831292418,4.17773836667168e-06,NS,0.330551466197162,0.439999743404454,NS,-0.352256062919264,0.176698294490756,C1 SPECIFIC
SNAI1,NS,0.912116470033918,0.0003945005210742,UP,1.09158832406043,0.0142305870630264,UP,1.18208588550161,0.0010340962113945,SHARED C2 & C3
SNCA,UP,2.02904804828104,1.41586294774874e-05,NS,0.426656230841188,0.551262055665864,NS,0.225587182546349,0.611740048451466,C1 SPECIFIC
SNCAIP,UP,1.41572093408718,0.0045418533661857,NS,0.0831052262220693,0.95779957431751,NS,1.13205485883261,0.0732711098004421,C1 SPECIFIC
SND1,UP,1.04354300054037,0.0001200832846036,NS,0.226982987960813,0.63752473515327,NS,-0.0757113013004229,0.812150225624566,C1 SPECIFIC
SNED1,UP,1.58557284852512,0.0002218383148388,NS,0.388256638534274,0.616696237362709,UP,1.52329876421257,0.0042602778543776,SHARED C1 & C3
SNHG32,UP,1.30597997148438,7.4435847387014e-06,NS,0.44789059007455,0.270727101833268,NS,0.581025002855311,0.0329658492230146,C1 SPECIFIC
SNORA24,UP,1.13870609248074,2.9006712379848e-05,NS,0.0516316130185039,0.93134495709138,NS,0.382385888200936,0.137073044579066,C1 SPECIFIC
SNORD114-3,UP,1.0126468510014,0.0036204365920888,NS,0.448522119440364,0.537075777556394,NS,0.0177737586813098,0.974531642362603,C1 SPECIFIC
SNORD115-13,NS,0.0838489775274471,0.879495865442933,NS,0.460659840440954,0.713343935478963,UP,2.2956103037879,0.0045573719833695,C3 SPECIFIC
SNORD115-26,NS,0.0838489775274471,0.879495865442933,NS,0.460659840440954,0.713343935478963,UP,2.2956103037879,0.0045573719833695,C3 SPECIFIC
SNORD115-7,NS,0.0838489775274471,0.879495865442933,NS,0.460659840440954,0.713343935478963,UP,2.2956103037879,0.0045573719833695,C3 SPECIFIC
SNORD21,DOWN,-1.16607587748774,0.0134628563070082,NS,0.0576132397975293,0.971083681376286,NS,0.997713471849366,0.106315940218215,DOWN IN LIMBUS
SNORD35A,NS,0.0037765853726821,0.993451886179694,NS,-0.0763495174465234,0.952170205476102,UP,1.0357528041491,0.0487514619369877,C3 SPECIFIC
SNORD44,NS,0.597987170781373,0.175894043618703,NS,-0.027599367739727,0.988211801808767,UP,1.44438041166068,0.0292608962593306,C3 SPECIFIC
SNORD47,NS,0.89955695269596,0.0148350558503441,NS,-0.0276805916808414,0.983743570143102,UP,1.03003669533851,0.0421038032213408,C3 SPECIFIC
SNORD49A,UP,1.3088117661441,0.0013328508786033,NS,0.15815322419488,0.877899565969663,NS,-0.433572898943947,0.361697709836547,C1 SPECIFIC
SNTB1,UP,1.18319343298716,0.0003397094520541,NS,0.24640155023325,0.700189571010514,NS,0.939664845885946,0.0166912046785908,C1 SPECIFIC
SNTB2,UP,1.07816562896691,0.0006763269442838,NS,0.389270710046961,0.517032895080918,NS,0.462325362247952,0.190570663478433,C1 SPECIFIC
SOAT1,UP,1.5523861444385,0.0009563146015041,NS,-0.575978258137511,0.526187037809061,NS,-0.337229132828701,0.545461383309593,C1 SPECIFIC
SOBP,UP,1.66069382737024,0.0058135075760432,NS,1.52851174452995,0.195595587468273,UP,1.57689068448062,0.0460240602634983,SHARED C1 & C3
SOCS2,UP,2.34475332522569,5.72387273320326e-06,NS,0.33133758550344,0.669654146285779,NS,0.486002959310897,0.26639760706941,C1 SPECIFIC
SOCS3,NS,0.789301716682173,0.140294125647651,NS,0.0443653180353802,0.983150327930872,UP,1.83209142735676,0.0235542594447421,C3 SPECIFIC
SOD2,UP,1.39099318716585,0.00123774693846,NS,-0.237431917040697,0.813436460796634,NS,0.532960569895705,0.281625658109706,C1 SPECIFIC
SOD3,UP,1.54660767262863,0.0002482561942291,UP,1.48294906737584,0.0337541231586748,UP,1.75034278268399,0.0016677629173853,CORE — all 3 contrasts
SORBS1,NS,-0.245114047561753,0.626001032564244,NS,0.625699526322699,0.580636426182116,UP,1.38773032344736,0.0481641758071456,C3 SPECIFIC
SORBS2,NS,0.0877939954704559,0.824954752373434,NS,0.480702093176394,0.568511473197947,UP,1.21043111253404,0.0257082175526154,C3 SPECIFIC
SOSTDC1,DOWN,-1.53752337709952,0.0074386593494005,NS,1.57956109159443,0.169639939988515,NS,0.658530596160021,0.365487496693552,DOWN IN LIMBUS
SOX10,UP,1.73111501561668,0.000597410377336,NS,0.721289110483009,0.430769363141283,UP,1.52400425154944,0.0146051145985857,SHARED C1 & C3
SOX15,DOWN,-1.52099365711867,0.0001813456291532,NS,-0.468315043672825,0.51297642629648,NS,-0.137529596012793,0.772666338089897,DOWN IN LIMBUS
SOX17,UP,1.85467685048297,0.0013876140272678,NS,-0.0829448454822916,0.961438722025245,UP,1.43161499255116,0.0443210772693515,SHARED C1 & C3
SOX2,UP,1.30125328637972,0.0019457679813861,NS,0.259099285458213,0.788986232623219,NS,0.88987723968696,0.0800055233157216,C1 SPECIFIC
SOX4,NS,-0.280898882548632,0.222486342468045,NS,0.129691761231042,0.848932780389875,DOWN,-1.089807432298,0.0040618461175265,DOWN IN LIMBUS
SOX5,UP,1.54088255531957,0.0006101362542834,NS,0.316329038926464,0.730151850644687,NS,0.831882469431337,0.101567937643869,C1 SPECIFIC
SOX7,UP,2.08853608100687,0.0077793333382963,NS,-0.630852668150526,0.728291764300189,NS,1.0894980667486,0.268778250984071,C1 SPECIFIC
SOX9,UP,1.68745731501607,0.0051110868440327,NS,-0.0130079609661973,0.995255488826712,NS,0.713381673957246,0.341314520227565,C1 SPECIFIC
SPARC,NS,0.919684139405335,0.0650345307044294,NS,0.790454340853818,0.489987543621369,UP,1.46659677588874,0.0417427911108049,C3 SPECIFIC
SPARCL1,UP,2.09579791379161,0.0281127124515306,NS,0.829085012982965,0.72143311415291,UP,3.05175454718956,0.0264013522706749,SHARED C1 & C3
SPATA6,NS,0.497926973336456,0.149694531475337,NS,0.0304668639931291,0.982052640556533,UP,1.15316303222844,0.0266015125772135,C3 SPECIFIC
SPATS2L,UP,1.11191337303511,0.0037885301697948,NS,0.674382073149885,0.37658196035847,NS,0.408048847180991,0.389634003998679,C1 SPECIFIC
SPESP1,DOWN,-1.02268082648225,0.028829946022344,NS,-0.249369434478672,0.850410550745461,NS,-0.983081001245618,0.117544447153601,DOWN IN LIMBUS
SPHK1,DOWN,-1.65034953575163,0.0001164663219517,NS,-0.148865410306848,0.875869064584778,DOWN,-1.57391381009987,0.0028328473593279,DOWN IN LIMBUS
SPINK6,NS,0.2739678330128,0.501961555616756,NS,0.126965375135195,0.921506396520842,DOWN,-1.13917631668046,0.0496028206976661,DOWN IN LIMBUS
SPINK7,NS,-1.0817543981965,0.122154309169598,NS,0.286093481328268,0.895446748350131,DOWN,-3.03654142421388,0.0064687608930502,DOWN IN LIMBUS
SPINT1,DOWN,-1.09790160090351,0.0021166388550157,NS,-0.545342201957521,0.431411766374652,DOWN,-1.36774116300948,0.0055442001546617,DOWN IN LIMBUS
SPINT2,DOWN,-1.11857169422667,0.0003487234209459,NS,-0.290192892506363,0.617674522300665,DOWN,-1.45538913271021,0.0009031405905669,DOWN IN LIMBUS
SPOCK1,NS,0.202384226461673,0.614201193311394,UP,1.79653443731319,0.0324308892980941,UP,1.51508706336451,0.0120352866335305,SHARED C2 & C3
SPON1,UP,1.87568847338265,0.0267467787113524,NS,0.269071853032611,0.917804428879256,NS,1.67122519435354,0.138162151864997,C1 SPECIFIC
SPRING1,NS,-0.801034949322675,0.0209841755145993,NS,-0.159130681937427,0.873575119709591,DOWN,-1.16712674092138,0.0197200632047429,DOWN IN LIMBUS
SPRYD4,DOWN,-1.09436349371945,1.6910102588039e-05,NS,-0.667423394444579,0.0686380703498166,NS,0.0898606192044351,0.725811197759329,DOWN IN LIMBUS
SPTBN1,UP,1.20887475918521,1.68856063532529e-05,NS,0.563953474514081,0.166209093633819,NS,0.333174785301617,0.189330481612363,C1 SPECIFIC
SPTLC3,DOWN,-1.05818812208958,0.002602413538514,NS,0.0115381950499565,0.992453406897039,NS,-0.559293632559068,0.183427835956259,DOWN IN LIMBUS
SQOR,NS,0.645886201299119,0.0167413260745928,NS,-0.357761022534204,0.548568299204081,DOWN,-1.01069858507314,0.010841793115713,DOWN IN LIMBUS
SRD5A1,DOWN,-1.47300954905961,0.0006187906017149,NS,0.330584712542651,0.702118979572353,NS,-0.672942617009463,0.161481057296708,DOWN IN LIMBUS
SRGAP2,DOWN,-1.19045217281767,0.0005415922195074,NS,-0.189402539774155,0.803992953568874,NS,0.260688295704848,0.505546513921834,DOWN IN LIMBUS
SRGAP2B,DOWN,-1.19045217281767,0.0005415922195074,NS,-0.189402539774155,0.803992953568874,NS,0.260688295704848,0.505546513921834,DOWN IN LIMBUS
SRGAP2C,DOWN,-1.19045217281767,0.0005415922195074,NS,-0.189402539774155,0.803992953568874,NS,0.260688295704848,0.505546513921834,DOWN IN LIMBUS
SRGN,UP,3.11407706950482,2.63249641279919e-05,NS,-0.33730972583944,0.809330646830411,UP,2.79390815104525,0.0013864158046556,SHARED C1 & C3
SRPK2,DOWN,-1.05797190474521,0.0001475506045213,NS,0.131105030844586,0.822354863169286,NS,-0.0635898601899303,0.851098699849992,DOWN IN LIMBUS
SRPX,UP,5.38187912282204,1.58348934467076e-08,NS,0.8862581228965,0.309800707546911,UP,2.22787209389383,0.0013144284898467,SHARED C1 & C3
SRPX2,UP,1.505784237922,0.0013859878678054,NS,-0.300152127659618,0.774718415293347,NS,-1.03038680563831,0.0673830366177544,C1 SPECIFIC
SSBP2,NS,0.0019406018756393,0.995533798189481,NS,0.367326484451363,0.596630782942311,UP,1.27913269581976,0.006574922173932,C3 SPECIFIC
SSPN,NS,0.490295128567356,0.0243819688115074,NS,0.497003549442145,0.281146730181154,UP,1.10027064224188,0.0019335150656786,C3 SPECIFIC
SSTR5-AS1,DOWN,-2.70013322269436,0.0013680657454727,NS,-0.318400251284251,0.882752151063905,NS,-1.02714282262125,0.292472910086459,DOWN IN LIMBUS
SSX2IP,DOWN,-1.63096499246283,0.0005171870347559,NS,-0.161477835127074,0.888879207437701,DOWN,-1.48804808914893,0.0109014437377208,DOWN IN LIMBUS
ST14,DOWN,-1.33363141005028,0.005154323058847,NS,-0.801784589542708,0.404677431682216,DOWN,-1.3437591189791,0.0339638901241628,DOWN IN LIMBUS
ST3GAL4,NS,-0.588517204275829,0.0145583880863138,NS,-0.93594012758179,0.0556254100880885,DOWN,-1.12072919895356,0.002932583613937,DOWN IN LIMBUS
ST3GAL5,UP,1.76824110927261,3.08002636450362e-05,NS,0.259782855997095,0.722151912617512,UP,1.27217069949028,0.0059026481148287,SHARED C1 & C3
ST3GAL6,DOWN,-1.25432800656993,0.0002939695679077,NS,0.6986387484645,0.232274884621308,NS,-0.18313996236599,0.642179991613215,DOWN IN LIMBUS
ST6GAL2,UP,2.70372838462737,0.0002869975723363,NS,0.327738026644362,0.845675022060775,UP,1.94621484652441,0.024694960488801,SHARED C1 & C3
ST6GALNAC3,DOWN,-2.26836152780575,8.1333580316348e-08,NS,0.267021663552534,0.562808461219107,NS,0.395963341502624,0.149537352811158,DOWN IN LIMBUS
ST8SIA1,UP,1.00648043011967,0.0058265810132722,NS,-0.134977101907845,0.895144274835825,NS,0.867956560150414,0.0646307703487977,C1 SPECIFIC
ST8SIA4,UP,1.06079655737039,0.0187964004333674,NS,-1.48031137844408,0.109006454164429,NS,0.0842361068142146,0.908723084069749,C1 SPECIFIC
STAB1,UP,1.44294409576657,0.0003333560988886,NS,0.352140444813987,0.639449919991615,UP,1.1206212913736,0.0185703344156264,SHARED C1 & C3
STAMBPL1,UP,1.2280573705778,0.0004550949990331,NS,0.440658981220598,0.496408025910842,NS,0.811770761410591,0.0448585604055839,C1 SPECIFIC
STARD10,NS,-0.881834005793064,0.0008616695855624,NS,-0.246482818026297,0.63739135172958,DOWN,-1.07455413682727,0.0029749368191082,DOWN IN LIMBUS
STARD13,UP,1.04961619282283,0.000634392794568,NS,-0.292012347088365,0.622593622834011,NS,0.237020263687481,0.501320847500555,C1 SPECIFIC
STARD9,UP,1.60941033325387,4.83024012275266e-05,NS,0.484528057376559,0.437824131565646,UP,1.15400562146339,0.0081804602500367,SHARED C1 & C3
STAT2,UP,1.15098958826998,4.14448072841644e-06,NS,0.457053917086995,0.167313410196858,NS,0.584226752688314,0.012490157469918,C1 SPECIFIC
STAT4,DOWN,-1.0329535314614,0.0196143404160116,NS,0.206038134879662,0.870948121831307,NS,-0.82671518123136,0.155471941475026,DOWN IN LIMBUS
STEAP1,UP,2.72582295578211,1.05157467000985e-05,NS,-0.97341586057498,0.265233117927353,NS,0.408328863742136,0.466145301846412,C1 SPECIFIC
STEAP2,UP,2.27808156279101,4.63692985172063e-07,NS,-0.0542354093643329,0.946833051593211,NS,0.262442982256943,0.428817855801189,C1 SPECIFIC
STEAP4,UP,1.80851803413516,0.0015352588931219,NS,0.354408879084907,0.784576892307831,DOWN,-1.85213748952167,0.0131070990889909,C1 SPECIFIC
STIMATE,UP,1.04324371760391,0.005003670903301,NS,0.657094155366258,0.37658196035847,UP,1.23959328697315,0.0155194850133145,SHARED C1 & C3
STIMATE-MUSTN1,UP,1.04324371760391,0.005003670903301,NS,0.657094155366258,0.37658196035847,UP,1.23959328697315,0.0155194850133145,SHARED C1 & C3
STING1,UP,2.00561129936983,2.77684653508933e-05,NS,-0.0573026405389996,0.960381092218721,NS,0.893005463310621,0.055529897508888,C1 SPECIFIC
STK17A,NS,0.715072787701664,0.0362608073949537,NS,-0.557043924377298,0.461189303967907,DOWN,-1.25929905914276,0.0137868092876038,DOWN IN LIMBUS
STK17B,NS,-0.209568292400912,0.420501125139897,NS,-0.266735858403397,0.670513008637417,UP,1.08473267513491,0.0077738879410153,C3 SPECIFIC
STK26,DOWN,-1.39734785392697,0.0011639789239724,NS,-0.541536955255403,0.518175073257951,DOWN,-1.0874276196323,0.0390777379024808,DOWN IN LIMBUS
STK35,DOWN,-2.36057507334814,0.0001126357146224,NS,0.924941447341104,0.356647257184449,NS,0.464657103097676,0.463298013608499,DOWN IN LIMBUS
STK39,UP,1.35528998994729,0.001217553077368,NS,-1.05232740924285,0.171447038247055,NS,-0.4523251929323,0.351209465853349,C1 SPECIFIC
STMN1,UP,1.32790260109668,0.0091745234929353,NS,-0.101736137205458,0.951181780892477,NS,-0.450280862578902,0.499186274514323,C1 SPECIFIC
STOM,UP,1.07036090993892,2.50083185074931e-05,NS,0.0048623814834432,0.994482353576542,NS,0.254234104711697,0.279254128386859,C1 SPECIFIC
STON1,NS,0.295303989775229,0.239197663632063,UP,1.44215836430251,0.0103230592145824,UP,1.4496458527621,0.001135577119122,SHARED C2 & C3
STON2,DOWN,-1.23662245144306,0.0024289139474091,NS,0.345480714718878,0.691907188041854,NS,-0.401612803900647,0.416785973251757,DOWN IN LIMBUS
STRA6,NS,-0.26860530809041,0.454327389625709,NS,0.148016293640452,0.893456821310437,DOWN,-1.18932632731358,0.0254740090566658,DOWN IN LIMBUS
STS,UP,1.47603438736482,0.0036742733711858,NS,-1.05933044372744,0.287137883196508,DOWN,-1.5572546390398,0.0218762766082532,C1 SPECIFIC
STUM,NS,0.783312284160703,0.0031907387790571,NS,0.885696124446385,0.0878387599263413,UP,1.16518426446844,0.0028461879507644,C3 SPECIFIC
STX2,UP,1.5360832590674,0.0016596268517399,NS,0.227448421362858,0.852412141821234,NS,-0.38643236221537,0.51297063537099,C1 SPECIFIC
STXBP6,UP,1.625013607427,0.0071731127139256,NS,-0.385295295202509,0.798747293563107,NS,1.16612635209549,0.127805927820454,C1 SPECIFIC
STYXL1,NS,-0.761544147936938,0.01400497740537,NS,-0.314076326122564,0.656052166693089,DOWN,-1.13850222248656,0.0116395196565028,DOWN IN LIMBUS
SUCO,DOWN,-1.81865844248685,7.00234342045927e-06,UP,1.27407547316362,0.0214736341782513,NS,0.096375734276668,0.811695479984008,C2 SPECIFIC
SULF1,NS,0.0895302964338214,0.88881651449426,NS,0.231749040187832,0.896542092124102,UP,2.48216734372248,0.0065931268988337,C3 SPECIFIC
SULT1E1,UP,2.21853096183139,0.0025536190215266,NS,-0.0152751296906484,0.995255488826712,NS,1.0968826229388,0.210042613752221,C1 SPECIFIC
SUSD5,UP,1.50619277078499,0.0199737642688845,NS,0.901187023134913,0.531447133578151,NS,1.69995904849962,0.0542921836586204,C1 SPECIFIC
SV2A,UP,1.56252493317744,0.0012895285795714,NS,1.10118424075177,0.212340676752204,UP,1.32781515190737,0.0287369012868441,SHARED C1 & C3
SVEP1,UP,3.74807137464892,9.80562888440645e-06,NS,2.10309798636744,0.076776386238882,UP,3.92414238811223,0.0002546021175302,SHARED C1 & C3
SVIL,UP,1.51323907048271,5.17563308516058e-05,NS,0.379277269435502,0.539133987766815,NS,0.533984291613235,0.142781216514451,C1 SPECIFIC
SYBU,UP,1.78058088549207,0.0028325277401706,NS,0.474690497960739,0.718182335142422,NS,0.967594638694683,0.177037270743367,C1 SPECIFIC
SYK,DOWN,-1.23729088632812,1.90770253123312e-05,NS,-0.499881202873757,0.232274884621308,NS,-0.701419149205346,0.0166097541964448,DOWN IN LIMBUS
SYNE1,NS,0.589550261934727,0.050912477416546,NS,0.960093835596671,0.139357847321765,UP,1.40571572583028,0.0038152153604612,C3 SPECIFIC
SYNE2,DOWN,-1.70200799576293,1.66751674333072e-05,NS,0.0330038088901725,0.972127492683753,NS,-0.501783826953534,0.162835186897507,DOWN IN LIMBUS
SYNE3,UP,1.90228084233056,3.71281963190302e-05,NS,0.865673807233139,0.209006305212086,UP,1.71696506657652,0.0016677629173853,SHARED C1 & C3
SYNE4,DOWN,-1.52775752804934,6.62063465997407e-05,NS,-0.418607891713674,0.512952075136219,NS,-0.916340533181962,0.0252622991565394,DOWN IN LIMBUS
SYNM,UP,1.70923456991195,0.0007209205009111,NS,0.0501743523515144,0.973085518982067,UP,1.21458301593558,0.0431024056135094,SHARED C1 & C3
SYNPO,UP,1.41278405438786,0.0016740638505955,NS,1.08969193959228,0.189182267626317,UP,1.47677994450904,0.0127541038693186,SHARED C1 & C3
SYNPO2,UP,3.45824488810626,9.64550916721852e-05,NS,-0.0448482939558037,0.986612246981377,UP,3.01928483004079,0.0041848037729198,SHARED C1 & C3
SYNPR,DOWN,-2.47582926386955,4.94069845185046e-05,UP,3.13367856140382,0.0013327464252825,UP,1.71654494351626,0.010139127882181,SHARED C2 & C3
SYT1,DOWN,-1.87784914853904,0.000448003655344,NS,-0.130756363550753,0.924109158510501,NS,-0.582096499645605,0.320183943303891,DOWN IN LIMBUS
SYT8,DOWN,-1.39265579249119,0.0038540762278289,NS,-0.458411448383824,0.659911814303228,NS,0.4479783419102,0.45739390803283,DOWN IN LIMBUS
SYTL2,UP,1.71493800170323,0.0010649976798169,NS,-1.1053077606796,0.247533506622294,NS,-0.584274212985866,0.331596225600878,C1 SPECIFIC
SYTL4,UP,1.6507321149853,0.015836370448264,NS,-0.587372801404459,0.717653929539308,NS,0.803533598596383,0.368790863407206,C1 SPECIFIC
SYTL5,UP,1.75548265955052,0.0008196683394,NS,-1.00417546644386,0.29068503420007,NS,-0.903892777834946,0.12970287028532,C1 SPECIFIC
TAB3,NS,-0.0854203086839931,0.498912208246814,DOWN,-0.539242232541531,0.0448770848279521,NS,-0.692553345878783,0.0013864158046556,DOWN IN LIMBUS
TACC1,UP,1.04081913055042,0.0167355498497731,NS,0.0250472948440823,0.988309012397183,NS,0.9517016715072,0.0983302549893892,C1 SPECIFIC
TACR1,UP,1.20568663837473,0.0010063947546263,NS,0.0669169510550214,0.949827853910443,NS,0.951523282082688,0.0341340527852327,C1 SPECIFIC
TACSTD2,DOWN,-1.36624285359549,0.0443434699820309,NS,-1.58549224620997,0.280619738904603,NS,-1.63893784953395,0.0806020188864534,DOWN IN LIMBUS
TAGAP,UP,1.60672528133784,0.0008956551823501,NS,-0.57611670190879,0.538504455111314,NS,0.901141575042801,0.105794488140702,C1 SPECIFIC
TAGLN,UP,4.6694801061357,1.82568796308518e-08,NS,1.23494332329162,0.105157760570413,UP,2.67808327081019,0.0002344541488289,SHARED C1 & C3
TAGLN3,NS,0.271278310608995,0.341843611746194,NS,0.155195684407138,0.853284631946814,DOWN,-1.7940015633193,0.0006269924517683,DOWN IN LIMBUS
TAL1,UP,1.16530058631839,0.0028862151920035,NS,-0.2906064282726,0.740180073917172,NS,0.919098882470021,0.0597832546911706,C1 SPECIFIC
TBC1D1,UP,1.09871159354993,0.000644848972762,NS,-0.0373745955979929,0.9686381030814,NS,-0.684875338168989,0.0649530952520343,C1 SPECIFIC
TBC1D16,UP,1.60328982055728,1.76708842583994e-05,NS,-0.0641301643200043,0.937384740117926,NS,0.770900300156424,0.0342370175744625,C1 SPECIFIC
TBL1X,UP,1.09857287643433,0.0005321451591226,NS,-0.154060028809706,0.831050192961051,NS,0.5242726486445,0.136744983011231,C1 SPECIFIC
TBX3,UP,1.96335162160004,0.0002377118291505,NS,1.36912794381018,0.122669262198224,UP,1.85065047517725,0.0049832420664779,SHARED C1 & C3
TCAF2,DOWN,-1.68759307593875,4.94069845185046e-05,NS,-0.112787368768485,0.90183251862782,NS,-0.0956647279308829,0.839793616190433,DOWN IN LIMBUS
TCAF2P1,DOWN,-1.68759307593875,4.94069845185046e-05,NS,-0.112787368768485,0.90183251862782,NS,-0.0956647279308829,0.839793616190433,DOWN IN LIMBUS
TCEA3,NS,-0.640048005297094,0.0841111835669258,NS,-0.24555490238091,0.810487081351665,UP,1.60524594241617,0.0062213028615676,C3 SPECIFIC
TCEAL1,UP,1.03395538710439,1.98323351644176e-05,NS,0.277466647192336,0.448225799578114,NS,0.517212914728868,0.0309269677609405,C1 SPECIFIC
TCEAL2,UP,2.36157359053243,0.0039130447814547,NS,1.30199567430433,0.427605348037442,UP,2.16734410972433,0.0416481488266914,SHARED C1 & C3
TCEAL3,UP,1.52872045126266,0.0001792056397902,NS,0.829319672106388,0.212340676752204,UP,1.24362415649787,0.0096323866746613,SHARED C1 & C3
TCEAL7,UP,1.27855021361516,0.0157444454190778,NS,0.526320418837305,0.663407607002742,UP,1.45616666952438,0.0445541411076323,SHARED C1 & C3
TCEAL9,UP,1.35920642538354,0.0002724915064379,NS,0.653521509092528,0.305411214511982,NS,0.175563596953706,0.681601302673465,C1 SPECIFIC
TCERG1L,DOWN,-2.96302125734493,9.16834423330697e-05,NS,0.738536002657116,0.564087869673732,NS,-0.835013084447219,0.268796545315327,DOWN IN LIMBUS
TCF4,UP,2.22745426138863,0.000256729654735,NS,0.283201658575255,0.831299373389177,UP,1.39197385448839,0.0419054240434356,SHARED C1 & C3
TCIM,UP,2.86355488642692,0.0002939695679077,NS,0.419186706294033,0.804326054860315,UP,1.99695850475094,0.028624594115702,SHARED C1 & C3
TCN1,NS,0.80964906984771,0.168711099567507,NS,-1.06615716159625,0.423055914811575,DOWN,-2.75868430328973,0.0042623479257237,DOWN IN LIMBUS
TEAD1,UP,1.14496286556549,0.0036808172082806,NS,0.547365145376054,0.503803733731484,NS,0.200678605381713,0.703884405581119,C1 SPECIFIC
TEAD2,UP,1.46666865036164,6.73896911740209e-05,NS,-0.0267018854023346,0.978825915246751,NS,-0.533315369848386,0.142938986448025,C1 SPECIFIC
TEK,UP,1.62483947280089,7.79595780158224e-05,NS,0.27678409239691,0.709374519539042,UP,1.40010895820621,0.0039114994365554,SHARED C1 & C3
TENT5A,NS,0.827815666125345,0.0278574656029236,NS,1.32784972574252,0.097895337912163,UP,2.09522812509286,0.0010986232324334,C3 SPECIFIC
TFAP2B,UP,1.90180161521957,0.0002869581423925,NS,1.25701349162128,0.161419826513184,UP,2.28037508223303,0.0013079052910275,SHARED C1 & C3
TFCP2L1,UP,2.06276990475846,0.0011814001114537,NS,0.0721654923250457,0.96949522675473,NS,1.21558242733975,0.102401709778314,C1 SPECIFIC
TFPI,UP,3.9524590755011,1.10037970136946e-06,NS,-0.823274710824828,0.41664834910165,UP,1.71231598978713,0.0138001345163028,SHARED C1 & C3
TFPI2,UP,3.21196876948162,0.0002611731487316,NS,-1.8299006007228,0.211459332610366,NS,-1.87618672482049,0.0536588920735938,C1 SPECIFIC
TFRC,DOWN,-1.71049657017247,0.0002910769116903,NS,0.169401779793807,0.87727965207644,NS,0.104467803357322,0.8616783124721,DOWN IN LIMBUS
TGFA,DOWN,-1.50942033638054,8.11743289769439e-05,NS,-0.753941682512416,0.208918385114637,DOWN,-2.85786752225815,1.2328844711057e-05,DOWN IN LIMBUS
TGFB1I1,UP,1.85077479691211,4.42814639987805e-05,NS,0.411257365429773,0.575542761838256,UP,1.56867725513562,0.0029025330848618,SHARED C1 & C3
TGFB2,DOWN,-2.21104896608327,0.0004549360555424,NS,0.507431973638112,0.678400534824417,NS,-0.0673484189188844,0.936689871552268,DOWN IN LIMBUS
TGFB3,UP,1.12355206421102,0.0004067885331546,NS,0.882305335458444,0.103175261043481,NS,0.653467032967999,0.0662263477387423,C1 SPECIFIC
TGFBI,NS,-0.967268348975086,0.0009951286625698,UP,1.13274135360817,0.0324308892980941,NS,0.364030207504396,0.276307952168123,C2 SPECIFIC
TGFBR1,UP,1.25973145756816,0.0092037880158537,NS,0.917930033635354,0.356647257184449,NS,0.58302448636865,0.344677551388301,C1 SPECIFIC
TGFBR2,UP,3.27352717270878,1.20063757416571e-08,NS,0.24458454837621,0.66057619697226,NS,0.465809870259086,0.142363080733518,C1 SPECIFIC
TGFBR3,UP,1.04135922277392,0.0042116052631496,NS,0.439816121605677,0.560350328815265,UP,2.50443472384327,0.000198158551001,SHARED C1 & C3
THBD,DOWN,-1.29453750568577,0.0001568682296265,NS,0.62046486424654,0.272666353478065,NS,-0.145353979523911,0.707645579547454,DOWN IN LIMBUS
THBS1,UP,1.76482949425246,0.033594725318202,NS,2.34457703771592,0.179275907920499,NS,0.814555028308487,0.474084412291827,C1 SPECIFIC
THBS2,UP,2.75435780773479,1.01219656293713e-05,NS,-1.01513375156816,0.247051054371495,UP,1.45867162902071,0.0166300206107655,SHARED C1 & C3
THBS4,UP,1.36000987469716,0.0005096032772061,UP,2.8365021858353,0.0002165710112701,UP,1.44516242948046,0.0045183121038186,CORE — all 3 contrasts
THOC3,DOWN,-1.10195763176998,0.0011914127790483,NS,-0.0920377502017242,0.918282711139435,NS,0.0849220197773715,0.85462722547737,DOWN IN LIMBUS
THRB,UP,2.8745540592202,8.81662137414002e-06,NS,0.325321110606374,0.761651525902148,NS,1.14171935022632,0.0533996945174386,C1 SPECIFIC
THSD4,UP,2.42237234606442,6.51955962587218e-05,NS,0.435218198302789,0.679509850666194,NS,1.06884792077125,0.0795741466470895,C1 SPECIFIC
THSD7A,UP,1.69320245230679,0.0001967080199707,NS,0.183205922154063,0.857446656127855,UP,1.28366737600467,0.014893255179887,SHARED C1 & C3
THY1,UP,1.26599763908697,0.0362023149973448,NS,0.535912987802075,0.717111102300672,NS,0.564579582554311,0.497907855914674,C1 SPECIFIC
TIAM1,DOWN,-1.30879107479241,0.00024601000197,NS,0.0834849660839403,0.925025783738459,NS,-0.0451298029792575,0.92336050358058,DOWN IN LIMBUS
TIE1,UP,1.42534570742105,0.0009494455983779,NS,-0.22516581418073,0.822512404814552,UP,1.07581663562766,0.0395003748515172,SHARED C1 & C3
TIFA,UP,1.21399524381099,0.0001009544671293,NS,0.209578090820337,0.714691242007329,NS,0.330894519975944,0.290305981589474,C1 SPECIFIC
TIMP1,UP,1.95668483055448,0.000395236083222,NS,0.586057068163653,0.562205092160288,NS,1.10279033516293,0.0729472287012742,C1 SPECIFIC
TIMP2,UP,3.34939494845838,1.86619295203272e-07,NS,0.888327324055085,0.198869100680035,UP,1.24340561849585,0.0121576215534044,SHARED C1 & C3
TIMP3,UP,1.99077418742252,0.0002273712654868,NS,1.15233115985943,0.196271722258225,UP,1.73165266854859,0.007722299641373,SHARED C1 & C3
TIMP4,UP,1.26881845358895,0.0067847899235911,NS,0.208971238688346,0.871053957032961,NS,1.09076735106509,0.0710395045234219,C1 SPECIFIC
TINAGL1,NS,0.838085077827123,0.0665382023357502,NS,0.161788390322776,0.910838753634793,DOWN,-2.39628255990602,0.0018717597300726,DOWN IN LIMBUS
TJP2,NS,-0.773517518811818,0.0031661502301394,NS,0.059812090560122,0.937384740117926,DOWN,-1.07622923371202,0.0042416692329608,DOWN IN LIMBUS
TKT,DOWN,-2.29103988255123,2.9109461831444e-05,NS,0.720369172128525,0.389564726689318,NS,-0.355609595281168,0.501937927562584,DOWN IN LIMBUS
TLCD1,NS,-0.379084018131211,0.118565637887669,NS,-0.463726602635778,0.392913942353264,DOWN,-1.3147663602033,0.0016628466075501,DOWN IN LIMBUS
TLDC2,DOWN,-1.39283732219667,4.66295431437621e-06,NS,0.236839589210848,0.585615251810612,NS,0.339784333290159,0.182680314594646,DOWN IN LIMBUS
TLR4,UP,2.06519657087239,1.40553078932106e-06,DOWN,-1.33916910772328,0.012834335852984,UP,1.76900748272006,0.0002475131197956,SHARED C1 & C3
TLR6,DOWN,-1.12840808962808,3.27693415220072e-06,NS,-0.166262427895678,0.632006849235317,NS,-0.0275760929509055,0.911439140789106,DOWN IN LIMBUS
TLR8,UP,1.03937387878339,0.0034916639517293,NS,-0.165683972263148,0.85886019702574,NS,0.793457332311706,0.0744912973177033,C1 SPECIFIC
TM4SF18,UP,1.71051656735731,0.0028265435759187,NS,-0.771089245893099,0.511310631372119,NS,1.08194469267354,0.12098491304624,C1 SPECIFIC
TM6SF1,DOWN,-1.31091902809519,0.0058525086741976,NS,0.240224465970427,0.848932780389875,NS,1.19606529129115,0.0533016129171613,DOWN IN LIMBUS
TMC7,NS,0.0737111440281786,0.759426474083561,NS,0.163935361347205,0.786640414861447,DOWN,-1.41752248797035,0.0006269924517683,DOWN IN LIMBUS
TMEFF1,UP,2.30823014493813,3.49404293533997e-05,NS,0.0048950374933909,0.996898468796567,NS,0.574992805481009,0.273950852575679,C1 SPECIFIC
TMEM100,DOWN,-1.587862674534,6.9337465276556e-05,NS,0.325947835875045,0.634690298641832,NS,0.804922516067689,0.0503137581223892,DOWN IN LIMBUS
TMEM102,DOWN,-1.09681455979766,4.89340147977968e-05,NS,-0.339046507790044,0.42656131468436,DOWN,-1.04415449841357,0.0014156507996992,DOWN IN LIMBUS
TMEM119,UP,1.78486876809621,0.0364066664956812,NS,1.17785042184072,0.54520877247785,NS,2.17561724457898,0.0648915698957054,C1 SPECIFIC
TMEM139,DOWN,-1.17154325181446,0.0039571105072278,NS,-0.943190423926533,0.232274884621308,DOWN,-1.63494260652629,0.0050528051281237,DOWN IN LIMBUS
TMEM140,UP,1.32162590779135,0.0002776157398765,NS,-0.0628696082524511,0.947857829015392,UP,1.0042398611041,0.0184347245567557,SHARED C1 & C3
TMEM144,DOWN,-1.79776365555163,5.22981098012016e-07,NS,-0.395165606689218,0.349607764647804,NS,-0.45234747975626,0.0903819038013954,DOWN IN LIMBUS
TMEM156,NS,0.123618127297173,0.63319315274742,NS,-0.304522612956299,0.603833490564712,DOWN,-1.86473299451474,0.0002344541488289,DOWN IN LIMBUS
TMEM176A,UP,1.06713537405638,0.0040917357771346,NS,-0.408275635952191,0.599439411573802,NS,0.671662715002793,0.14317220333163,C1 SPECIFIC
TMEM176B,UP,1.9635891328076,0.001444938293055,NS,-1.00381870106197,0.389780245171488,NS,1.39725096024518,0.0600750913723579,C1 SPECIFIC
TMEM19,DOWN,-1.3311321619288,1.41586294774874e-05,NS,0.423062066963022,0.339556809478259,NS,0.291219333624364,0.289722602769264,DOWN IN LIMBUS
TMEM200B,NS,0.953249574439267,0.0061569835214641,NS,0.664984836708682,0.340801986578898,UP,1.08375313950669,0.0227347693310809,C3 SPECIFIC
TMEM204,NS,0.808746166507441,0.0012792457926754,NS,0.821011318702103,0.0765997406308035,UP,1.59549024564347,0.0002344541488289,C3 SPECIFIC
TMEM237,UP,1.31504228047559,0.0006160233316415,NS,0.965736286613889,0.159966130767339,UP,1.52115150320858,0.0031514146892319,SHARED C1 & C3
TMEM255A,UP,1.32620025848999,0.0119165243963095,NS,-1.00324092100822,0.361328588475695,NS,1.10572642673901,0.107224971573567,C1 SPECIFIC
TMEM30B,DOWN,-1.20768431214987,0.000809841560444,NS,-0.70601617275107,0.279458143883641,NS,-0.451030103799479,0.264832304622669,DOWN IN LIMBUS
TMEM38B,UP,1.13151452762405,0.0009479155131887,NS,0.366556132834935,0.578220628372955,NS,0.247482219989991,0.541556502895243,C1 SPECIFIC
TMEM40,NS,-0.32417874221171,0.382176536324447,NS,-0.353428515160369,0.70070036625728,DOWN,-1.12074283841812,0.0390777379024808,DOWN IN LIMBUS
TMEM45A,UP,1.31457705544101,0.0015922161014962,NS,0.996532968545777,0.194167181860279,UP,1.06154620843742,0.0402682121413672,SHARED C1 & C3
TMEM45B,NS,-0.50370738294091,0.258424073865888,NS,-1.27491934480832,0.189182267626317,DOWN,-2.4252113055138,0.0016677629173853,DOWN IN LIMBUS
TMEM47,UP,4.9237896900905,3.11408777520298e-08,NS,0.783408815477562,0.371604577182719,UP,2.28654815037072,0.0010003036900882,SHARED C1 & C3
TMEM54,NS,-0.697740110403405,0.0078258556530135,NS,-0.341485353356452,0.544748274839482,DOWN,-1.28448710443918,0.0017918435210049,DOWN IN LIMBUS
TMEM62,NS,-0.560990564201999,0.0097428749235602,NS,-0.244790560803252,0.603833490564712,DOWN,-1.00313696327135,0.0028033305905193,DOWN IN LIMBUS
TMEM79,DOWN,-1.11737488179334,0.0001988879192429,NS,0.0038759709881901,0.996562643873083,NS,-0.508738578637233,0.108749036858,DOWN IN LIMBUS
TMEM80,DOWN,-1.10019287749679,0.0013417052083615,NS,-0.0900916401626217,0.923081567294719,NS,-0.759742605451677,0.0642409609886228,DOWN IN LIMBUS
TMEM98,UP,1.92999610174556,6.1841150100807e-06,NS,0.178553805167519,0.809178814360109,NS,0.806628500037004,0.0381032211662565,C1 SPECIFIC
TMIGD3,UP,1.61885614018244,0.0126914062791556,NS,-0.740779150441279,0.603223502102136,NS,1.17687568803707,0.160890364791196,C1 SPECIFIC
TMOD3,DOWN,-1.26608657283141,5.898649389788e-05,NS,-0.352644391130509,0.497209527818043,DOWN,-1.03113624797708,0.0045052165978083,DOWN IN LIMBUS
TMPRSS11B,NS,0.137120423843605,0.640090190491688,NS,-0.164037199217935,0.840380641745444,DOWN,-1.76582267362929,0.0006501718816848,DOWN IN LIMBUS
TMPRSS11D,DOWN,-1.27178701336467,0.0195735319928878,NS,-0.234261647208932,0.881463138123255,NS,-1.19097520858863,0.100269235604067,DOWN IN LIMBUS
TMPRSS11E,NS,-0.0292828798646565,0.93142998441094,NS,-0.491560910725923,0.475827724580835,DOWN,-1.42905010301157,0.0036500894980429,DOWN IN LIMBUS
TMPRSS2,NS,0.383902156229156,0.172909935074321,NS,-0.708168834614103,0.256900498131852,DOWN,-1.73157395457974,0.0007797500255208,DOWN IN LIMBUS
TMPRSS3,DOWN,-1.32087508086384,0.0044183701643894,NS,-0.747423975758597,0.423055914811575,NS,-0.885641732655844,0.124676715533547,DOWN IN LIMBUS
TMPRSS4,DOWN,-1.80560674909154,0.0008762718308763,NS,-0.595657222720519,0.566812453888866,DOWN,-2.14656890047594,0.0034684423715082,DOWN IN LIMBUS
TMSB10,NS,0.386913600940336,0.228352189301493,NS,-0.324574259042992,0.682120574048851,DOWN,-1.25151714605562,0.0126339559003927,DOWN IN LIMBUS
TMSB15B,UP,1.16425711214746,9.29288912879227e-05,NS,0.265053801747952,0.602717828153349,NS,0.170624893794617,0.58472796148915,C1 SPECIFIC
TMT1A,NS,-0.216298133569547,0.683012518368939,NS,0.0982704868248039,0.956011492360294,UP,2.24052522760842,0.0055597668612291,C3 SPECIFIC
TMTC3,DOWN,-1.33852603272658,2.4205863086455e-05,NS,0.405495822836027,0.395914744558527,NS,-0.152316142719642,0.624624701538449,DOWN IN LIMBUS
TNC,UP,4.0516368819014,2.49836448010589e-06,UP,3.09189586318585,0.0060296909307124,NS,1.17205597704967,0.0981847681074542,SHARED C1 & C2
TNFAIP3,DOWN,-1.67371054438725,0.0003153155226131,NS,0.255523605531101,0.795132752970821,NS,0.45928543645428,0.358091548397092,DOWN IN LIMBUS
TNFAIP6,UP,2.51625657636516,0.000455631222231,NS,-0.0259799356677242,0.991065192828902,NS,0.281750777824719,0.748969389668044,C1 SPECIFIC
TNFRSF10A,NS,-0.936616371582377,0.00069541398766,NS,-0.0011221908802649,0.998576374467879,DOWN,-1.25968347168169,0.0013275111437521,DOWN IN LIMBUS
TNFRSF10B,NS,-0.891258128994903,0.085797251527814,NS,-0.0001232256867824,0.999961537794911,DOWN,-1.76201832607511,0.0233595623583636,DOWN IN LIMBUS
TNFRSF11B,UP,1.85536281321383,0.0210050776859007,NS,1.94818485067743,0.245080774591922,UP,2.29826410231127,0.0402682121413672,SHARED C1 & C3
TNFRSF17,DOWN,-1.47326619654821,0.0069815207307833,NS,0.103653199262745,0.952592965251099,NS,-1.07676570318425,0.120665344905611,DOWN IN LIMBUS
TNFRSF19,UP,2.24648833360842,4.84906490688856e-05,NS,0.749695404521397,0.386740720837814,UP,2.36160227541123,0.0007797500255208,SHARED C1 & C3
TNFRSF1B,UP,1.31983457961745,0.0002333207749945,NS,0.13040553302275,0.875163172647056,UP,1.10485442210931,0.0098046795680139,SHARED C1 & C3
TNFSF11,NS,-0.0413505601114119,0.746026946163449,DOWN,-0.807644686936793,0.0029531227265062,NS,-0.384184504745001,0.0313420292708437,DOWN IN LIMBUS
TNN,UP,1.84768244063151,0.0038540762278289,NS,2.16555005530281,0.0842837630924263,UP,1.7181510347718,0.0390777379024808,SHARED C1 & C3
TNNT1,DOWN,-1.62254509870052,0.0157448740430753,NS,-0.144116142218586,0.946913691025836,DOWN,-2.08712300523271,0.0273370021392336,DOWN IN LIMBUS
TNS1,UP,3.01523210151454,1.27871774492687e-05,NS,0.39215168940528,0.729086418138936,UP,2.47689358269902,0.0014128343817724,SHARED C1 & C3
TNS2,UP,1.56064184565707,1.39004179774744e-05,NS,0.562729343269549,0.278253667105804,UP,1.57650841798649,0.0004663019265166,SHARED C1 & C3
TNXA,UP,2.27808775740909,6.44368375149932e-06,NS,-0.650923420837811,0.355174581930292,UP,1.5850333546769,0.002693135445096,SHARED C1 & C3
TNXB,UP,2.27808775740909,6.44368375149932e-06,NS,-0.650923420837811,0.355174581930292,UP,1.5850333546769,0.002693135445096,SHARED C1 & C3
TOM1L1,DOWN,-1.93264204565942,2.24626466283543e-05,NS,-0.0056139074375032,0.996465436520426,NS,-0.792894390496174,0.0674803013727684,DOWN IN LIMBUS
TOP6BL,NS,-0.956562242613608,0.0010681549604975,NS,-0.296294944108204,0.604789883269462,DOWN,-1.02984006748301,0.0074594409683578,DOWN IN LIMBUS
TOX,UP,1.27724785127512,0.0083753489918398,NS,0.50035976183556,0.639371790417932,NS,1.0527338371671,0.092022546208475,C1 SPECIFIC
TOX3,UP,2.26987888684531,0.0008258270169612,NS,0.201830913179641,0.909665573407515,NS,1.53776293175723,0.0542921836586204,C1 SPECIFIC
TP53I3,DOWN,-1.15444578987126,6.21332274296601e-06,NS,-0.593878574967453,0.0914131677734833,NS,-0.519063201525508,0.028498346220753,DOWN IN LIMBUS
TP63,DOWN,-1.42614621375703,0.0063489590434319,NS,-0.679195741508622,0.541713277081815,NS,-0.991773792696157,0.132036723105687,DOWN IN LIMBUS
TPD52,DOWN,-1.54217474401381,0.0006236322920693,NS,0.0032393972837034,0.997802152395248,NS,-0.490743789271626,0.32922863054,DOWN IN LIMBUS
TPM1,UP,1.53762077133136,0.0013647455162856,NS,0.357098407054231,0.725990661426418,NS,-0.056902923908682,0.934803914713215,C1 SPECIFIC
TPM2,UP,3.48659023774814,3.3347282231904e-05,NS,1.25420111968452,0.324201459666964,UP,2.20895352762155,0.0129978350992678,SHARED C1 & C3
TPPP,UP,1.09805811689995,0.0038989887473231,NS,0.0802825866014389,0.94383583804912,NS,0.648587310070578,0.164859831293199,C1 SPECIFIC
TPSAB1,NS,0.987474736101199,0.0096441590415423,NS,0.468156972323484,0.568511473197947,UP,1.19362061555902,0.0243844940430008,C3 SPECIFIC
TPSB2,NS,0.987474736101199,0.0096441590415423,NS,0.468156972323484,0.568511473197947,UP,1.19362061555902,0.0243844940430008,C3 SPECIFIC
TPST1,UP,1.20213399614351,0.0114588170718187,NS,0.639374178596821,0.538520921556579,NS,-0.32358464540432,0.613904811796036,C1 SPECIFIC
TRAF4,DOWN,-1.08512519638903,0.0004827469895915,NS,-0.850026211700609,0.112667989600462,NS,-0.465498296519916,0.172873241334504,DOWN IN LIMBUS
TRAF5,UP,1.57850434934238,0.0001079729026038,NS,0.164409855371573,0.8515658028326,UP,1.28748633223733,0.0067240709930908,SHARED C1 & C3
TRERF1,DOWN,-1.18575311084455,4.42814639987805e-05,NS,-0.0321452807032845,0.963579341389477,NS,-0.0786753778090343,0.806438425694368,DOWN IN LIMBUS
TRIB1,DOWN,-1.45863791645361,0.0075314746987038,NS,-0.495104071898204,0.685656921463865,NS,0.731307040408131,0.285072812088277,DOWN IN LIMBUS
TRIB2,UP,1.72952807257119,0.0006743340328162,NS,-0.180988703986053,0.88571836820147,NS,0.956622409440266,0.0985182409391965,C1 SPECIFIC
TRIM16,DOWN,-1.25704958163768,0.0039279928972828,NS,-0.832800461911351,0.328936737979046,DOWN,-1.58538418850006,0.0090821034293715,DOWN IN LIMBUS
TRIM29,DOWN,-1.34644043844014,0.0109673589385955,NS,0.0052276861482756,0.997594341253082,NS,-0.583191740183299,0.393920861994254,DOWN IN LIMBUS
TRIM36,DOWN,-2.72481797446209,0.0006744525461847,NS,2.73767059394166,0.0515721339160806,NS,1.42793316998478,0.115741212475525,DOWN IN LIMBUS
TRIM37,DOWN,-1.02257436303461,0.0035035912273794,NS,-0.197030706351423,0.821371644744122,NS,-0.558546624306026,0.188493537369277,DOWN IN LIMBUS
TRIM63,UP,1.36217294514162,0.0007921154222913,NS,0.0017255681989176,0.998486050957243,UP,1.0591971301765,0.0315126221000514,SHARED C1 & C3
TRIM7,DOWN,-1.18417370326274,5.11124504534368e-05,NS,0.0169360800435987,0.983150327930872,NS,-0.617284107854552,0.0401935207453138,DOWN IN LIMBUS
TRIM71,DOWN,-2.75025772439373,0.0001122316547098,NS,0.128216903727291,0.941467337266125,NS,-1.16749517284218,0.110030089924001,DOWN IN LIMBUS
TRIML2,NS,-0.397430673901595,0.0859860428665069,NS,-0.242749888982026,0.6641739745668,DOWN,-1.18442852190088,0.0022984205196935,DOWN IN LIMBUS
TRIO,UP,1.1876693858284,8.22047843992412e-05,NS,-0.0474221147575946,0.950545321117083,NS,-0.110763056849641,0.74048128520055,C1 SPECIFIC
TRMT10A,DOWN,-1.35594493515057,0.0003698667391059,NS,-0.199308125054477,0.810487081351665,NS,-0.854530122127334,0.0481213257554895,DOWN IN LIMBUS
TRMT9B,UP,1.76691131711953,0.0002519158338971,NS,-0.446234660550767,0.609937134051611,UP,1.049071223373,0.049782042230221,SHARED C1 & C3
TRPC1,UP,1.49120813513569,0.00139841771944,NS,0.656045068733106,0.466186235322766,NS,0.0398746382479649,0.953055918435507,C1 SPECIFIC
TRPM1,UP,2.64190070619222,0.0003992434465587,NS,-0.531186522510772,0.720783197770296,UP,1.69284892466233,0.047058148739516,SHARED C1 & C3
TRPM3,DOWN,-1.56442050312789,0.0004898319465789,NS,0.754556719294924,0.340118681227993,NS,0.727476078559855,0.142394229600763,DOWN IN LIMBUS
TRPM6,DOWN,-1.01146220287704,0.0014022468805516,NS,-0.0819573525161292,0.9244927448488,NS,-0.383952026559078,0.29591320725683,DOWN IN LIMBUS
TSC22D1,UP,1.32331993527459,0.0005401869482377,NS,1.02403270764063,0.124097136629699,UP,1.37367381795987,0.0053448045560875,SHARED C1 & C3
TSGA10,DOWN,-1.14858712617336,9.29288912879227e-05,NS,-0.442754662407194,0.353170421933865,NS,-0.525864008512323,0.0811559473617918,DOWN IN LIMBUS
TSHZ2,UP,2.25645849753471,1.51816092551103e-05,NS,-0.0004752219827821,0.999848001510934,UP,1.40742777060107,0.0088335579197112,SHARED C1 & C3
TSHZ3,UP,1.74593648507054,1.41586294774874e-05,NS,-0.288863020770727,0.650236714461002,NS,0.483246441605033,0.181099110638663,C1 SPECIFIC
TSLP,UP,1.02968344149546,0.0098002200158418,NS,-0.419183280199004,0.636811420194423,NS,0.0245727558347335,0.970820965048171,C1 SPECIFIC
TSPAN1,DOWN,-1.74691209103316,3.7807486349273e-05,NS,-0.75417213447459,0.24028380042009,DOWN,-1.91047638844689,0.0005263851410622,DOWN IN LIMBUS
TSPAN12,NS,0.654527847677362,0.0367535818566396,NS,-1.03300763791036,0.119503445845005,DOWN,-1.38933882300548,0.0048463135762321,DOWN IN LIMBUS
TSPAN13,NS,-0.317297215943158,0.374643033185796,NS,-0.890229855849958,0.258157866369899,DOWN,-1.62367504396007,0.0048886776686543,DOWN IN LIMBUS
TSPAN15,DOWN,-1.56554515047399,0.0020816062312043,NS,0.153773597305751,0.912483759163981,NS,-0.137114978069673,0.847572195467558,DOWN IN LIMBUS
TSPAN18,NS,0.664242186487117,0.0160592444257894,NS,0.568648121885505,0.321598486926349,UP,1.16065931621592,0.0054133791396339,C3 SPECIFIC
TSPAN4,UP,1.10756285576558,7.30741417777081e-05,NS,0.162751357931516,0.754008477672132,UP,1.00380243337557,0.0027476627840782,SHARED C1 & C3
TSPAN7,UP,2.49551514170488,0.0004386101005283,NS,0.356009508213162,0.822292539497501,NS,0.681928706310951,0.383038623380647,C1 SPECIFIC
TSPAN8,UP,1.47575940346236,0.0112474255357385,NS,-1.45165761569042,0.215726189604948,NS,1.02659867086746,0.168816860496044,C1 SPECIFIC
TSPYL2,NS,-0.181314155954872,0.659451553043414,NS,0.282995285165846,0.789951410387599,UP,1.40841412770121,0.0188726265707447,C3 SPECIFIC
TSTD1,DOWN,-1.32526459566207,0.0005059060395294,NS,-0.43248853417705,0.545517722965183,DOWN,-1.35384550442944,0.0055402780655879,DOWN IN LIMBUS
TTC28,UP,1.73289928487469,1.96760936377181e-05,NS,0.613279079888583,0.305411214511982,UP,1.58355911382307,0.0009982766228495,SHARED C1 & C3
TTC29,DOWN,-1.74947109540734,7.49766467180123e-05,NS,-0.346036848518447,0.653236588052492,NS,-0.997488432006624,0.0335254293678757,DOWN IN LIMBUS
TTC39A,UP,1.00990622259269,0.0045102426681402,NS,-0.565200138923986,0.430730753965887,NS,-0.503095358942756,0.248029775665428,C1 SPECIFIC
TTC7B,UP,1.64252627379188,1.1252270374753e-05,NS,0.143195608924603,0.833936155387539,NS,0.224299486277435,0.511548829001302,C1 SPECIFIC
TTC9,NS,-0.191551919351099,0.647465792408154,NS,-1.12862667938902,0.195745572661817,DOWN,-1.61796759371142,0.0100422975973739,DOWN IN LIMBUS
TTYH2,UP,1.16904398967899,0.0006937168838922,NS,0.297806315180872,0.661882239919396,UP,1.12436201582072,0.010144327148527,SHARED C1 & C3
TUBA1A,UP,1.45984418899888,0.0029011825731751,NS,0.384793367774426,0.722151912617512,NS,0.58409319229701,0.324151697575116,C1 SPECIFIC
TUFT1,DOWN,-1.8495741906042,6.68134884602024e-06,NS,0.610419937954967,0.284123901376169,NS,0.112880807146816,0.779190008427763,DOWN IN LIMBUS
TWF1,NS,-0.844029118675352,0.0093970691670136,NS,-0.456969155229908,0.514600781689122,DOWN,-1.2753283688954,0.0072862481281802,DOWN IN LIMBUS
TWIST1,UP,1.66472321791215,2.51708909700563e-05,NS,0.642532791986278,0.27659937930102,UP,1.72659187080191,0.0005485742645104,SHARED C1 & C3
TXNDC17,NS,0.0631522666370188,0.803814101667742,NS,-0.283868193299471,0.606335916899306,DOWN,-1.01577687407333,0.0063628578474852,DOWN IN LIMBUS
TXNIP,UP,2.03062717883997,0.0001217717827305,NS,0.154038293907073,0.898997501210002,UP,1.18793896821111,0.0379950713779038,SHARED C1 & C3
TYR,UP,2.33452323061897,0.0002217532124368,NS,0.0455360990919225,0.980828242198721,UP,1.50820198384689,0.0337582342436658,SHARED C1 & C3
TYROBP,UP,1.69000520517598,0.0062290038843169,NS,-0.789836947775878,0.547894380633654,NS,1.44172087601929,0.0694856377851625,C1 SPECIFIC
TYRP1,UP,4.82317790934851,0.0007570440007612,NS,0.0934286902727539,0.983716468873168,NS,3.05814110862199,0.0657330560072863,C1 SPECIFIC
UAP1L1,UP,1.00524637898574,0.0011976291812397,NS,-0.323038106663631,0.595495955146839,NS,0.84958967399307,0.0282593494875902,C1 SPECIFIC
UBA6,NS,-0.520217593413183,0.0278103545968904,NS,-0.255597817077275,0.639371790417932,DOWN,-1.3134939720767,0.0010986232324334,DOWN IN LIMBUS
UBASH3B,NS,0.022805641196725,0.960498073936315,NS,-0.1998262643234,0.860440553778124,DOWN,-1.49154263716234,0.0120071015440712,DOWN IN LIMBUS
UBE3C,NS,-0.526224057244438,0.0828316502435253,NS,-0.423247259053328,0.548568299204081,DOWN,-1.02374280873574,0.0239648189964771,DOWN IN LIMBUS
UBXN10,DOWN,-1.54982578293412,1.42398686476212e-05,NS,-0.725995992859076,0.160621839456527,NS,-0.286172898772154,0.37788896360037,DOWN IN LIMBUS
UCA1,NS,0.449178246193548,0.441792088293555,NS,-0.741437726092319,0.581408376278539,DOWN,-2.38958684424183,0.0085114747076206,DOWN IN LIMBUS
UCHL1,UP,2.0183824033058,0.0015020364999483,NS,0.16014917640213,0.926811534718621,NS,1.03088507551065,0.165568261358288,C1 SPECIFIC
UGGT2,UP,1.01558710571149,0.0038546035362538,NS,0.107654603481484,0.914553901417025,NS,0.256170981863156,0.569228082670156,C1 SPECIFIC
UGT2A1,DOWN,-2.10524363410574,0.0060920034921871,NS,-0.217825114522434,0.922746744177755,NS,0.545221251940082,0.587315305316359,DOWN IN LIMBUS
UGT2A2,DOWN,-2.10524363410574,0.0060920034921871,NS,-0.217825114522434,0.922746744177755,NS,0.545221251940082,0.587315305316359,DOWN IN LIMBUS
UGT2B15,DOWN,-1.2147311130321,0.0194384534787821,NS,-0.315312118104996,0.820334075057649,NS,0.672555697716898,0.323493720360644,DOWN IN LIMBUS
ULBP2,DOWN,-1.77557438506292,0.0043779238695943,NS,1.27085714788872,0.305188881612942,NS,-0.986901134175692,0.195560767810852,DOWN IN LIMBUS
UNC5B,DOWN,-1.06711319586676,0.0008688937822936,NS,0.0715349759169017,0.933445333782737,NS,0.172344158274408,0.656701650902055,DOWN IN LIMBUS
UNC5CL,NS,-0.200297786054274,0.220990742389087,DOWN,-0.698021953256228,0.0497729191997527,NS,-0.226921626561498,0.318871613706499,DOWN IN LIMBUS
UPK1B,DOWN,-2.39091847782041,3.19828551091183e-05,NS,-0.192424457476625,0.871220972741446,DOWN,-2.31622511569559,0.000975841875573,DOWN IN LIMBUS
URB1,DOWN,-1.03890469964775,0.001236601268826,NS,-0.517965710905269,0.390422905422511,NS,-0.739889820826966,0.0555128603811578,DOWN IN LIMBUS
URB1-AS1,DOWN,-1.25162200394105,8.81662137414002e-06,NS,-0.367238324481647,0.358726302032401,NS,-0.0355468805336141,0.9076618221858,DOWN IN LIMBUS
USP32P2,NS,0.486644677064293,0.056826156727342,NS,1.01671315433397,0.0645546130385761,UP,1.06529596971452,0.0074986589855229,C3 SPECIFIC
USP45,DOWN,-1.27043705876512,0.0008532513179,NS,0.0383256653306425,0.973085518982067,NS,-0.663139078709807,0.126693123686725,DOWN IN LIMBUS
USP53,UP,1.60557092995934,0.0001404074362323,NS,1.09740939248385,0.104838892774521,UP,1.47240775514018,0.0039988978004644,SHARED C1 & C3
UST,UP,2.13641528220188,2.235265552645e-05,NS,0.80720317335554,0.279876058297535,UP,1.74771319059654,0.0022094878513397,SHARED C1 & C3
UXS1,DOWN,-1.10398727349272,0.000536560077906,NS,0.565092832563323,0.315689835807489,NS,-0.247322845344772,0.494956840746279,DOWN IN LIMBUS
VAMP5,UP,1.32183240026189,0.000188290550448,NS,0.465746288412213,0.439887055788293,NS,0.915053648579286,0.0230375120671016,C1 SPECIFIC
VAMP8,NS,-0.919602395026537,0.0237791079342488,NS,-0.810561996187518,0.349174396723631,DOWN,-1.62271400369634,0.0081653492634468,DOWN IN LIMBUS
VAV2,NS,-0.579387503671617,0.0998005120604342,NS,0.141231588671006,0.896820922183627,DOWN,-1.01519225812625,0.0462519343457161,DOWN IN LIMBUS
VCAM1,UP,2.33914204195594,8.41059921663505e-06,NS,1.13458936610405,0.116363866811737,UP,1.9848129136565,0.0009031405905669,SHARED C1 & C3
VCAN,UP,3.3323035507634,9.28891271515246e-08,NS,-0.15200640976454,0.863222802439948,NS,0.752574610937958,0.0720864932115761,C1 SPECIFIC
VEGFC,UP,3.30323606639761,1.21626571035834e-06,NS,-0.523583821209312,0.555872860809523,NS,0.320760366358093,0.558050197948456,C1 SPECIFIC
VEPH1,DOWN,-1.30090187429892,0.0226219778350654,NS,0.177864004539614,0.918204501184712,NS,-0.872691945976319,0.241864855173031,DOWN IN LIMBUS
VGLL1,NS,-1.03163447084608,0.0820194969347484,NS,-2.02613083880409,0.112384111401075,DOWN,-2.18080936156112,0.0156957693431539,DOWN IN LIMBUS
VGLL3,UP,3.53635151192584,3.90229585583165e-07,NS,0.130795907999032,0.909665573407515,UP,1.76472072306143,0.0032262354335045,SHARED C1 & C3
VIM,UP,3.15032720576344,0.0001429143858075,NS,-0.0333533620428277,0.989030763801485,NS,-0.506940371345336,0.56779795517426,C1 SPECIFIC
VIT,NS,0.22765637892331,0.709949507890041,NS,1.32787461621363,0.301932421280142,UP,3.08247077427642,0.0018401302063114,C3 SPECIFIC
VLDLR,UP,1.71689929274091,0.0009637077133037,NS,0.91726135199628,0.333394313338345,NS,0.671760831624027,0.254800068013343,C1 SPECIFIC
VNN2,UP,1.12982849700035,0.0049402068505352,NS,-0.479491019287196,0.568511473197947,DOWN,-2.07279806873936,0.0011338087819239,C1 SPECIFIC
VNN3P,NS,0.436748586736692,0.151746980170917,NS,-0.672391436223215,0.31973205892599,DOWN,-1.7176067490985,0.0013277970985854,DOWN IN LIMBUS
VSIG10,DOWN,-1.34319193365575,0.0002388459460602,NS,-0.286629277318308,0.67230922862908,NS,-0.637578762870822,0.102954936779309,DOWN IN LIMBUS
VSIG4,UP,2.57351958139737,0.0024202741297878,NS,-1.1317043791166,0.512306106915426,NS,1.69737043177965,0.100060025446493,C1 SPECIFIC
VSIR,DOWN,-1.02174891776101,4.64682610174918e-05,NS,-0.0082281794927503,0.990610031544979,NS,0.258088012459543,0.28273628400424,DOWN IN LIMBUS
VSNL1,DOWN,-1.65048178985967,0.0016138837639549,NS,0.244022970465958,0.851780039790521,NS,-0.5293382782704,0.393034825680181,DOWN IN LIMBUS
VSTM4,NS,0.987487526270519,9.92290148457035e-05,NS,0.0841277386072612,0.880711676117356,UP,1.12061543767407,0.0008246643467099,C3 SPECIFIC
VTCN1,NS,-0.126675521412801,0.825214509078356,NS,-1.47180712144311,0.194246334369038,DOWN,-1.82515864644121,0.0210359721808103,DOWN IN LIMBUS
VWF,UP,1.1717055936423,0.0048550103897876,NS,0.289473896135657,0.768101417705727,UP,1.15540319746716,0.0356212308902775,SHARED C1 & C3
WASF3,NS,0.291254797927193,0.255087928790155,UP,1.16878563147445,0.0363933074336008,UP,1.02606874329271,0.0105522541234822,SHARED C2 & C3
WDPCP,UP,1.26004512635828,0.0057066727533746,NS,-0.656475469440248,0.493589104306628,NS,1.13868916810102,0.0542921836586204,C1 SPECIFIC
WDR37,NS,-0.436837872824081,0.0054148689892647,DOWN,-0.626789084330365,0.039633723249101,NS,-0.17256755626813,0.380746999727495,DOWN IN LIMBUS
WDR86,UP,1.23452941409809,0.0018370126333008,NS,1.15694329868637,0.115467260503638,UP,1.30051570604396,0.0129978350992678,SHARED C1 & C3
WEE1,NS,-0.730200711417114,0.0050212417212036,NS,-0.0388073989742939,0.961438722025245,UP,1.00886894704508,0.0066559955827756,C3 SPECIFIC
WFDC2,UP,1.0612060452188,0.0294290110737984,NS,-1.65684170066793,0.103175261043481,NS,-0.263685180344984,0.71176974202795,C1 SPECIFIC
WHAMMP2,NS,0.820686134573704,0.0314026446133035,NS,-0.0629676862267328,0.961438722025245,UP,1.09598705090889,0.0418969732234275,C3 SPECIFIC
WHAMMP3,NS,0.820686134573704,0.0314026446133035,NS,-0.0629676862267328,0.961438722025245,UP,1.09598705090889,0.0418969732234275,C3 SPECIFIC
WIF1,UP,1.98050193418044,0.0187640518477977,NS,-0.481680787593775,0.832132001621114,NS,1.31445717247341,0.228508944051218,C1 SPECIFIC
WIPF1,UP,3.73111527801363,2.28328309352457e-06,NS,0.975162585664997,0.338495157791506,UP,2.52191170509695,0.0015434215053677,SHARED C1 & C3
WNK1,DOWN,-1.56292436470057,0.0003540273240647,NS,-0.20580590058193,0.832950114744517,NS,-0.336968656980481,0.486846503873181,DOWN IN LIMBUS
WNK2,DOWN,-1.06038246377576,0.001390425281637,NS,-0.0819547616251164,0.92739337277207,NS,0.229317924063253,0.569683019307403,DOWN IN LIMBUS
WNK4,NS,0.985743296013902,0.0004210549387388,UP,1.07704566480374,0.0259128926080227,NS,0.883213461816827,0.0102659591984401,C2 SPECIFIC
WNT10A,DOWN,-1.25369821132418,0.0003183106896345,NS,0.179637576503016,0.810814221896713,NS,-0.604617339016428,0.109525053604671,DOWN IN LIMBUS
WNT2,NS,0.809797733685484,0.0804855149397256,NS,0.34077779712503,0.781363293043228,UP,1.50622514954088,0.0282760477906307,C3 SPECIFIC
WNT2B,UP,1.40501366045132,1.41279593101758e-06,NS,0.572258091132452,0.107707750028246,UP,1.28148929468729,0.000189563416214,SHARED C1 & C3
WNT3,DOWN,-2.34443646175291,1.40553078932106e-06,UP,1.2616978601133,0.0336520697807574,NS,0.258397547126998,0.50690182212646,C2 SPECIFIC
WNT4,DOWN,-1.32165975453178,0.000157257438291,NS,-0.0516467936634237,0.955115628000945,NS,0.302965163270906,0.405922968569263,DOWN IN LIMBUS
WNT5A,UP,1.23136005549087,0.0385206195936326,NS,0.953294587680476,0.475164501265999,NS,0.266354192517907,0.768134340207048,C1 SPECIFIC
WNT7A,DOWN,-1.22538160709419,0.0012937017589639,NS,-0.543383563398615,0.45474825883031,DOWN,-2.11395360303657,0.0005167608978049,DOWN IN LIMBUS
WNT7B,DOWN,-1.20209454240696,6.44368375149932e-06,NS,0.373336520801537,0.309254608083692,NS,-0.208755813663335,0.366064649680952,DOWN IN LIMBUS
WSB2,NS,0.953345261889526,0.0134044285791659,NS,-0.0829704859722007,0.946760068703386,DOWN,-1.20419389489481,0.0258882321374834,DOWN IN LIMBUS
WWC1,NS,-0.604670472635366,0.0177635773330107,NS,-0.629343323742016,0.232274884621308,DOWN,-1.14789855273628,0.0037364543697262,DOWN IN LIMBUS
WWOX,DOWN,-1.1756212668525,6.37213524820899e-06,NS,0.0283661646513824,0.960985107260389,NS,0.296907060457739,0.182916403365376,DOWN IN LIMBUS
XAF1,UP,1.12802968891813,0.0016729984546326,NS,-0.602102373809124,0.37658196035847,NS,0.211401990291221,0.637122612859404,C1 SPECIFIC
XDH,DOWN,-1.20303191877496,0.0040189083284754,NS,-0.71464055525585,0.390622834559311,DOWN,-1.43133427304594,0.0129313541887134,DOWN IN LIMBUS
XM_003846750,NS,-0.589714228034405,0.105235738220407,NS,-0.185817240333092,0.863772624011378,DOWN,-1.03989101788254,0.0481071466811311,DOWN IN LIMBUS
XM_005244864,UP,1.02119958893573,4.26784020397971e-05,NS,-0.242224887059253,0.55071831499106,NS,0.120447775607229,0.635430965567652,C1 SPECIFIC
XM_005244906,NS,0.688376566223159,0.0157333412489949,NS,-0.277063259091744,0.670513008637417,DOWN,-1.09604113592889,0.0091688683488284,DOWN IN LIMBUS
XM_005244910,DOWN,-1.48278496066892,0.0034409326167665,NS,0.68244968166331,0.514027589578394,NS,0.85958165444973,0.164394245871639,DOWN IN LIMBUS
XM_005244924,DOWN,-1.59851237229413,0.0067400562236176,NS,-0.282495898696464,0.85906742669184,NS,0.0950491255397772,0.917794921361494,DOWN IN LIMBUS
XM_005244950,DOWN,-1.11434987928775,0.0004549360555424,NS,-0.195692670190741,0.768101417705727,NS,-0.0427004517685674,0.921521308311088,DOWN IN LIMBUS
XM_005244951,DOWN,-1.11434987928775,0.0004549360555424,NS,-0.195692670190741,0.768101417705727,NS,-0.0427004517685674,0.921521308311088,DOWN IN LIMBUS
XM_005245230,NS,0.690191712603776,0.0092201575963033,NS,0.0313037642478466,0.971978006598108,UP,1.35806004744429,0.0013864158046556,C3 SPECIFIC
XM_005245251,DOWN,-1.81865844248685,7.00234342045927e-06,UP,1.27407547316362,0.0214736341782513,NS,0.096375734276668,0.811695479984008,C2 SPECIFIC
XM_005245539,NS,-0.637439002699214,0.0406322166188359,DOWN,-1.45628529659628,0.0288086798105972,DOWN,-1.98741692474263,0.0005263851410622,DOWN IN LIMBUS
XM_005245589,UP,1.05272424379066,0.0002983805457329,NS,-0.0830978322903348,0.907533873360838,NS,-0.239368397185174,0.451195532745543,C1 SPECIFIC
XM_005245591,UP,1.05272424379066,0.0002983805457329,NS,-0.0830978322903348,0.907533873360838,NS,-0.239368397185174,0.451195532745543,C1 SPECIFIC
XM_005245609,DOWN,-1.60494237297981,0.0003721921466099,NS,0.093769183655783,0.935992890244237,NS,-0.881737339172098,0.0777300197564513,DOWN IN LIMBUS
XM_005245751,DOWN,-1.03547068827535,0.0216619687269369,NS,-0.710674882710178,0.470328015314014,NS,-0.845981930727438,0.155089912147522,DOWN IN LIMBUS
XM_005245895,UP,1.24123201004887,0.0218960683840325,NS,1.52515912874955,0.175068116518657,UP,1.62585399309538,0.0333721404525127,SHARED C1 & C3
XM_005245896,UP,1.24123201004887,0.0218960683840325,NS,1.52515912874955,0.175068116518657,UP,1.62585399309538,0.0333721404525127,SHARED C1 & C3
XM_005245948,NS,0.149977718411378,0.691960590155535,NS,-0.0377637351954938,0.977446776934431,DOWN,-1.22752321872298,0.0233145692513929,DOWN IN LIMBUS
XM_005245966,NS,-0.404482312220249,0.0354520678273419,NS,-0.33385612473561,0.427846152272888,DOWN,-1.39388353449994,0.0002344541488289,DOWN IN LIMBUS
XM_005245967,NS,-0.404482312220249,0.0354520678273419,NS,-0.33385612473561,0.427846152272888,DOWN,-1.39388353449994,0.0002344541488289,DOWN IN LIMBUS
XM_005245980,NS,-0.640048005297094,0.0841111835669258,NS,-0.24555490238091,0.810487081351665,UP,1.60524594241617,0.0062213028615676,C3 SPECIFIC
XM_005246411,UP,4.8147324951267,0.0002748734378275,NS,1.17630528059092,0.631546475690856,NS,-1.08925683739229,0.448927841476049,C1 SPECIFIC
XM_005246456,UP,1.11191337303511,0.0037885301697948,NS,0.674382073149885,0.37658196035847,NS,0.408048847180991,0.389634003998679,C1 SPECIFIC
XM_005246457,UP,1.11191337303511,0.0037885301697948,NS,0.674382073149885,0.37658196035847,NS,0.408048847180991,0.389634003998679,C1 SPECIFIC
XM_005246507,UP,1.06346103589462,0.0030557338651417,NS,0.809672593974902,0.24028380042009,UP,1.16450438822577,0.0158428163542319,SHARED C1 & C3
XM_005246534,UP,2.62867740569029,0.0001475506045213,NS,-0.40146425583546,0.766518974871386,NS,0.769456738126365,0.276382565098069,C1 SPECIFIC
XM_005246635,UP,2.84310605662373,0.0002733172678626,NS,0.0325766065926905,0.989030763801485,UP,1.74820166871501,0.0455818974300409,SHARED C1 & C3
XM_005246636,UP,2.84310605662373,0.0002733172678626,NS,0.0325766065926905,0.989030763801485,UP,1.74820166871501,0.0455818974300409,SHARED C1 & C3
XM_005246637,UP,2.84310605662373,0.0002733172678626,NS,0.0325766065926905,0.989030763801485,UP,1.74820166871501,0.0455818974300409,SHARED C1 & C3
XM_005246638,UP,1.9023113965057,1.76708842583994e-05,NS,0.689431955882043,0.286476927582889,UP,1.6621428837463,0.0012204919630248,SHARED C1 & C3
XM_005246662,UP,2.23387119756982,2.53360882837864e-05,NS,1.07473097862947,0.171447038247055,UP,1.69409022957444,0.0038829463002129,SHARED C1 & C3
XM_005246817,DOWN,-1.0329535314614,0.0196143404160116,NS,0.206038134879662,0.870948121831307,NS,-0.82671518123136,0.155471941475026,DOWN IN LIMBUS
XM_005246825,UP,3.01523210151454,1.27871774492687e-05,NS,0.39215168940528,0.729086418138936,UP,2.47689358269902,0.0014128343817724,SHARED C1 & C3
XM_005247067,DOWN,-1.25432800656993,0.0002939695679077,NS,0.6986387484645,0.232274884621308,NS,-0.18313996236599,0.642179991613215,DOWN IN LIMBUS
XM_005247068,DOWN,-1.25432800656993,0.0002939695679077,NS,0.6986387484645,0.232274884621308,NS,-0.18313996236599,0.642179991613215,DOWN IN LIMBUS
XM_005247069,DOWN,-1.25432800656993,0.0002939695679077,NS,0.6986387484645,0.232274884621308,NS,-0.18313996236599,0.642179991613215,DOWN IN LIMBUS
XM_005247232,UP,1.14363851649098,0.0297136293344238,NS,-0.209696004168979,0.894501100025352,NS,1.38388715303776,0.0566594736074316,C1 SPECIFIC
XM_005247321,UP,1.42229782461759,0.0060753757280842,NS,0.19005392303372,0.896542092124102,NS,-0.504415136277787,0.445847824636494,C1 SPECIFIC
XM_005247322,UP,1.42229782461759,0.0060753757280842,NS,0.19005392303372,0.896542092124102,NS,-0.504415136277787,0.445847824636494,C1 SPECIFIC
XM_005247400,UP,1.34430227051607,0.0007032965441507,NS,1.19708611626397,0.0948771528470498,UP,1.5149619141414,0.0040649203157536,SHARED C1 & C3
XM_005247444,UP,1.48011984854814,6.805112550642e-05,NS,-0.363517150912897,0.556190299103066,NS,0.425809538437856,0.240798546916428,C1 SPECIFIC
XM_005247472,NS,0.985693880197785,0.0004790442707384,NS,0.156578445642679,0.799540082812086,UP,1.15678255194554,0.0022888152714278,C3 SPECIFIC
XM_005247481,UP,2.61130547999058,1.86374831180757e-06,NS,0.604691076554437,0.392500057040826,UP,1.75404201761124,0.0013864158046556,SHARED C1 & C3
XM_005247483,UP,2.61130547999058,1.86374831180757e-06,NS,0.604691076554437,0.392500057040826,UP,1.75404201761124,0.0013864158046556,SHARED C1 & C3
XM_005247485,UP,2.61130547999058,1.86374831180757e-06,NS,0.604691076554437,0.392500057040826,UP,1.75404201761124,0.0013864158046556,SHARED C1 & C3
XM_005247491,UP,2.61130547999058,1.86374831180757e-06,NS,0.604691076554437,0.392500057040826,UP,1.75404201761124,0.0013864158046556,SHARED C1 & C3
XM_005247520,UP,1.05300655985476,0.000315531263636,NS,0.767091253925626,0.11975238709691,NS,0.813136956625641,0.0184347245567557,C1 SPECIFIC
XM_005247569,UP,1.31457705544101,0.0015922161014962,NS,0.996532968545777,0.194167181860279,UP,1.06154620843742,0.0402682121413672,SHARED C1 & C3
XM_005247740,UP,1.49120813513569,0.00139841771944,NS,0.656045068733106,0.466186235322766,NS,0.0398746382479649,0.953055918435507,C1 SPECIFIC
XM_005247767,DOWN,-1.30090187429892,0.0226219778350654,NS,0.177864004539614,0.918204501184712,NS,-0.872691945976319,0.241864855173031,DOWN IN LIMBUS
XM_005247768,DOWN,-1.30090187429892,0.0226219778350654,NS,0.177864004539614,0.918204501184712,NS,-0.872691945976319,0.241864855173031,DOWN IN LIMBUS
XM_005247894,NS,0.303752624040554,0.48620581941176,NS,0.610566490826248,0.544238246417765,UP,1.93674058556461,0.005106448558742,C3 SPECIFIC
XM_005247979,DOWN,-1.16097560860232,0.0003816298560401,NS,0.911121943258077,0.103136989016584,DOWN,-1.09739820802694,0.0070399034853478,DOWN IN LIMBUS
XM_005248070,UP,2.54286654592281,6.21332274296601e-06,NS,0.334063871369922,0.700972919248218,UP,1.57082674381916,0.0053321057225973,SHARED C1 & C3
XM_005248143,NS,0.814664357953446,0.101139725249384,NS,-1.18754212974412,0.278794136792747,DOWN,-1.78716352573769,0.0176892908651769,DOWN IN LIMBUS
XM_005248184,NS,0.94512781543573,0.0274109217932588,NS,-0.316100543622723,0.771475201819442,UP,1.5312018858053,0.0153539062587481,C3 SPECIFIC
XM_005248237,UP,1.09805811689995,0.0038989887473231,NS,0.0802825866014389,0.94383583804912,NS,0.648587310070578,0.164859831293199,C1 SPECIFIC
XM_005248273,UP,1.54382535191167,0.0003968052764535,NS,0.97603739769725,0.189182267626317,UP,1.4484337298961,0.0075672285899597,SHARED C1 & C3
XM_005248310,UP,1.30402285457242,0.0063776582892799,NS,1.01866125880284,0.288420078687073,UP,1.44130171742986,0.0266284136774343,SHARED C1 & C3
XM_005248312,DOWN,-1.70902061588806,0.0016769443378125,NS,0.479002457852921,0.670229357714289,NS,1.21371836003859,0.0652981388075314,DOWN IN LIMBUS
XM_005248326,UP,3.09017166291434,0.0011999658327229,NS,-0.806072362690429,0.679337552204675,NS,1.80437553408413,0.106068614649176,C1 SPECIFIC
XM_005248327,UP,3.09017166291434,0.0011999658327229,NS,-0.806072362690429,0.679337552204675,NS,1.80437553408413,0.106068614649176,C1 SPECIFIC
XM_005248369,UP,1.00760148324101,0.0185164324615379,NS,-0.49235934114125,0.605901351517106,NS,0.660631116363862,0.232661257371043,C1 SPECIFIC
XM_005248506,UP,2.01053756669279,4.51800498920427e-05,NS,0.699319244710601,0.36241580700574,NS,0.988811207353451,0.0472541733871564,C1 SPECIFIC
XM_005248623,NS,-0.674332596512087,0.117882059898836,NS,1.03500442461745,0.278624697315777,UP,1.8849701876742,0.0060616234046439,C3 SPECIFIC
XM_005248936,DOWN,-1.96057709973107,0.000313632754371,NS,0.689167825157034,0.479349688805727,NS,0.22523138630702,0.727152937600657,DOWN IN LIMBUS
XM_005248985,NS,-0.0764580797396368,0.833268495127376,NS,0.0295302356542049,0.98175169327854,DOWN,-1.12589396869027,0.0235521425887338,DOWN IN LIMBUS
XM_005249118,NS,-0.563326930448768,0.0185886139289157,NS,-0.0022073529530892,0.997614989180096,DOWN,-1.10838560660233,0.0032262354335045,DOWN IN LIMBUS
XM_005249454,DOWN,-1.00910074661393,0.0056391539373609,NS,-0.280571616581178,0.73813606177172,DOWN,-1.34187853052278,0.0092983016446197,DOWN IN LIMBUS
XM_005249455,DOWN,-1.00910074661393,0.0056391539373609,NS,-0.280571616581178,0.73813606177172,DOWN,-1.34187853052278,0.0092983016446197,DOWN IN LIMBUS
XM_005249484,NS,0.125023859397087,0.66454672135573,NS,0.293284784773611,0.661882239919396,UP,1.31195961755207,0.0037665863326542,C3 SPECIFIC
XM_005249582,NS,-0.209696903525731,0.588092546077318,NS,-0.421468381728339,0.639371790417932,DOWN,-1.22345634009106,0.0285400355985563,DOWN IN LIMBUS
XM_005249653,DOWN,-1.49582065695521,1.73527987631337e-05,NS,-0.811893422097609,0.103175261043481,DOWN,-1.29161027318062,0.0013079052910275,DOWN IN LIMBUS
XM_005249768,UP,1.38172796194615,0.0182714315382611,NS,1.56686863272966,0.192719341021771,UP,1.67499307865597,0.0392337973172816,SHARED C1 & C3
XM_005249901,UP,1.04072564335048,0.0216768694432549,NS,-0.281796552730046,0.815414521034094,NS,-0.366134254699873,0.555211284241451,C1 SPECIFIC
XM_005249920,UP,1.84284549759854,0.0009344424747588,NS,0.635082856471485,0.554936134905734,UP,1.43179464617776,0.0347444585760466,SHARED C1 & C3
XM_005249951,UP,2.32757619402708,0.0008831395257343,NS,-0.797092986637765,0.554336770072855,NS,1.49639683500159,0.0670838235649382,C1 SPECIFIC
XM_005250033,UP,2.05670888870375,0.0004184884439785,NS,-0.0108107102429118,0.995360103041005,UP,1.66110635964107,0.0176384105795276,SHARED C1 & C3
XM_005250111,UP,2.1127063242624,0.000855159559651,NS,-0.715217712181035,0.555872860809523,DOWN,-1.58654497569502,0.0377140181484882,C1 SPECIFIC
XM_005250158,UP,2.219226265118,9.87641189653024e-05,NS,0.0391947968004249,0.980828242198721,UP,1.59665747676283,0.0129703184192662,SHARED C1 & C3
XM_005250425,UP,2.21514922729172,0.0008477375763444,UP,2.38822579308711,0.0411148258306515,NS,0.967827947279638,0.19447058643534,SHARED C1 & C2
XM_005250435,UP,1.76434408723561,0.0023690536845432,NS,0.822698615155227,0.478398930569771,NS,0.0218833618967835,0.981207757665902,C1 SPECIFIC
XM_005250439,UP,1.76434408723561,0.0023690536845432,NS,0.822698615155227,0.478398930569771,NS,0.0218833618967835,0.981207757665902,C1 SPECIFIC
XM_005250515,UP,2.91416682428715,0.0008956551823501,NS,2.23431176331337,0.162445217638897,UP,3.14791564455425,0.0061925567049293,SHARED C1 & C3
XM_005250549,DOWN,-1.05797190474521,0.0001475506045213,NS,0.131105030844586,0.822354863169286,NS,-0.0635898601899303,0.851098699849992,DOWN IN LIMBUS
XM_005250675,UP,3.27543613067139,1.34371707039222e-06,NS,0.0882614543264859,0.94592461272976,UP,1.90303719087222,0.0028461879507644,SHARED C1 & C3
XM_005250692,UP,1.31707294316538,0.0005863049858213,NS,-0.0422161313455991,0.96949522675473,NS,0.560779184558057,0.18553933293648,C1 SPECIFIC
XM_005250713,DOWN,-2.33918600891602,0.0088382521232081,NS,-0.0004690670372262,0.99990406239537,NS,0.792745429272737,0.496478020161941,DOWN IN LIMBUS
XM_005250755,UP,2.14329915633991,1.86707918339703e-05,NS,0.374091472709264,0.639371790417932,UP,1.08706528277929,0.0281640357345438,SHARED C1 & C3
XM_005250850,UP,2.82159562548747,1.1745428174321e-06,NS,0.0529608559516692,0.962213577802167,UP,1.76053965532882,0.0016161505416578,SHARED C1 & C3
XM_005251000,UP,1.78058088549207,0.0028325277401706,NS,0.474690497960739,0.718182335142422,NS,0.967594638694683,0.177037270743367,C1 SPECIFIC
XM_005251020,UP,1.79420353497049,0.0013458735080784,NS,1.19582455919874,0.247375226641115,UP,1.76616597715901,0.0146003276011203,SHARED C1 & C3
XM_005251032,UP,1.18319343298716,0.0003397094520541,NS,0.24640155023325,0.700189571010514,NS,0.939664845885946,0.0166912046785908,C1 SPECIFIC
XM_005251180,DOWN,-1.30654849886149,0.0166604148966111,NS,-1.209492973774,0.288420078687073,NS,-1.18293706178774,0.100990700121605,DOWN IN LIMBUS
XM_005251181,DOWN,-1.30654849886149,0.0166604148966111,NS,-1.209492973774,0.288420078687073,NS,-1.18293706178774,0.100990700121605,DOWN IN LIMBUS
XM_005251275,DOWN,-1.8895243048078,0.0003400417009263,NS,1.4315484528846,0.107519703220369,NS,0.0117833132418532,0.987378154473183,DOWN IN LIMBUS
XM_005251326,UP,1.40079445781313,0.0003201455908185,NS,0.309648384643554,0.674248940992346,UP,1.29712550721986,0.0068948326713393,SHARED C1 & C3
XM_005251364,DOWN,-1.48304396768081,9.80562888440645e-06,NS,-0.211828070534213,0.688114680875403,NS,-0.13422585903543,0.673179109417372,DOWN IN LIMBUS
XM_005251389,UP,1.79830480865583,0.0208954642578074,NS,1.49594036720896,0.368743424818809,NS,1.83125567897532,0.0800395040939424,C1 SPECIFIC
XM_005251519,NS,0.0772895051071263,0.817796653270043,NS,-0.738362847904411,0.276820120292565,DOWN,-1.59519987882017,0.0021392074435519,DOWN IN LIMBUS
XM_005251664,UP,1.30240989326739,0.0017953358216851,NS,0.17912965017418,0.866124478300104,NS,0.294893296755951,0.565516582517295,C1 SPECIFIC
XM_005251780,UP,1.24564130949777,0.002583451459891,NS,0.13873817854973,0.902216933131268,NS,0.377297022392096,0.4570128214675,C1 SPECIFIC
XM_005252076,UP,1.13151452762405,0.0009479155131887,NS,0.366556132834935,0.578220628372955,NS,0.247482219989991,0.541556502895243,C1 SPECIFIC
XM_005252537,UP,1.06049918324386,0.001059771494337,NS,-0.548164911596375,0.36241580700574,NS,-0.0494496716708124,0.914961960118863,C1 SPECIFIC
XM_005252559,DOWN,-1.18971544910192,0.0055303152561378,NS,-0.0957570782575683,0.941233738711669,DOWN,-1.15143231456201,0.0418139375410616,DOWN IN LIMBUS
XM_005252561,DOWN,-1.18971544910192,0.0055303152561378,NS,-0.0957570782575683,0.941233738711669,DOWN,-1.15143231456201,0.0418139375410616,DOWN IN LIMBUS
XM_005252658,UP,1.43849787748312,0.0006196406281687,NS,0.554298917945564,0.478982180220416,UP,1.30179864475062,0.0129978350992678,SHARED C1 & C3
XM_005252659,UP,1.43849787748312,0.0006196406281687,NS,0.554298917945564,0.478982180220416,UP,1.30179864475062,0.0129978350992678,SHARED C1 & C3
XM_005252921,UP,2.09786733195705,0.00031904641415,NS,-0.356823700802842,0.762482385340568,NS,1.19548692304896,0.063736259352199,C1 SPECIFIC
XM_005252926,UP,1.54689553516156,0.0004463087387626,NS,0.121004653040441,0.914386632162844,UP,1.34547364774847,0.012846486236735,SHARED C1 & C3
XM_005252927,UP,1.54689553516156,0.0004463087387626,NS,0.121004653040441,0.914386632162844,UP,1.34547364774847,0.012846486236735,SHARED C1 & C3
XM_005252957,DOWN,-1.40059389016042,0.0092124734852609,NS,-0.199925966670339,0.896542092124102,NS,-0.57171234321118,0.409072329721308,DOWN IN LIMBUS
XM_005252958,DOWN,-1.40059389016042,0.0092124734852609,NS,-0.199925966670339,0.896542092124102,NS,-0.57171234321118,0.409072329721308,DOWN IN LIMBUS
XM_005252973,NS,0.388436383656916,0.145224779982925,NS,-0.1663243167652,0.826041486390387,DOWN,-1.5944997065863,0.0009031405905669,DOWN IN LIMBUS
XM_005252976,NS,0.388436383656916,0.145224779982925,NS,-0.1663243167652,0.826041486390387,DOWN,-1.5944997065863,0.0009031405905669,DOWN IN LIMBUS
XM_005253079,UP,1.14233192638388,0.0003350927399259,NS,0.0324043865152461,0.971083681376286,NS,0.78074899608515,0.0334261811737,C1 SPECIFIC
XM_005253080,UP,1.14233192638388,0.0003350927399259,NS,0.0324043865152461,0.971083681376286,NS,0.78074899608515,0.0334261811737,C1 SPECIFIC
XM_005253081,UP,1.14233192638388,0.0003350927399259,NS,0.0324043865152461,0.971083681376286,NS,0.78074899608515,0.0334261811737,C1 SPECIFIC
XM_005253083,UP,1.14233192638388,0.0003350927399259,NS,0.0324043865152461,0.971083681376286,NS,0.78074899608515,0.0334261811737,C1 SPECIFIC
XM_005253118,NS,-0.730200711417114,0.0050212417212036,NS,-0.0388073989742939,0.961438722025245,UP,1.00886894704508,0.0066559955827756,C3 SPECIFIC
XM_005253119,NS,-0.730200711417114,0.0050212417212036,NS,-0.0388073989742939,0.961438722025245,UP,1.00886894704508,0.0066559955827756,C3 SPECIFIC
XM_005253287,UP,1.04648085135671,0.0362591280824936,NS,0.60454745019503,0.595411547269146,NS,-0.451663393373699,0.512546596385144,C1 SPECIFIC
XM_005253291,UP,1.04648085135671,0.0362591280824936,NS,0.60454745019503,0.595411547269146,NS,-0.451663393373699,0.512546596385144,C1 SPECIFIC
XM_005253317,UP,1.91225408428465,0.0037342631862508,NS,1.12565594500633,0.389780245171488,UP,1.74866310172624,0.0409660316977506,SHARED C1 & C3
XM_005253340,UP,3.15151865195587,9.90811944604824e-08,NS,-0.13517850081957,0.875163172647056,UP,1.176178935716,0.0084700772200659,SHARED C1 & C3
XM_005253358,UP,1.68728459875273,0.0003263999409611,NS,0.474745483821755,0.576886964858571,UP,1.46886598486793,0.0100616109497367,SHARED C1 & C3
XM_005253385,UP,1.48127172604261,6.44368375149932e-06,NS,-0.18884390606943,0.714443688386792,NS,0.859333229310483,0.0078872292335134,C1 SPECIFIC
XM_005253460,UP,2.19573590318869,3.31204074109654e-05,NS,-0.389008430843753,0.65956903241658,NS,0.247363478118348,0.642179991613215,C1 SPECIFIC
XM_005253468,DOWN,-1.85133154691726,2.6753562230795e-05,NS,0.59984109290856,0.371604577182719,NS,0.29984541526621,0.478078709843,DOWN IN LIMBUS
XM_005253470,UP,1.00648043011967,0.0058265810132722,NS,-0.134977101907845,0.895144274835825,NS,0.867956560150414,0.0646307703487977,C1 SPECIFIC
XM_005253704,DOWN,-1.02476359161615,0.0009993962802583,NS,-0.172124039526377,0.810487081351665,NS,-0.56758216028939,0.115219605144241,DOWN IN LIMBUS
XM_005253705,DOWN,-1.02476359161615,0.0009993962802583,NS,-0.172124039526377,0.810487081351665,NS,-0.56758216028939,0.115219605144241,DOWN IN LIMBUS
XM_005253738,DOWN,-1.56292436470057,0.0003540273240647,NS,-0.20580590058193,0.832950114744517,NS,-0.336968656980481,0.486846503873181,DOWN IN LIMBUS
XM_005253760,UP,4.4953983377851,3.24522346236138e-07,NS,0.270249346382615,0.832950114744517,UP,2.94021016144888,0.0005263851410622,SHARED C1 & C3
XM_005253813,UP,3.64343629752502,6.16925383356978e-07,NS,0.335297610062915,0.737517410913055,NS,-0.553177947772999,0.305719900252984,C1 SPECIFIC
XM_005253968,DOWN,-1.13645984175795,0.0004507425467426,NS,0.0797404748008166,0.923841226147062,NS,-0.428513490018651,0.222460842108327,DOWN IN LIMBUS
XM_005253969,DOWN,-1.13645984175795,0.0004507425467426,NS,0.0797404748008166,0.923841226147062,NS,-0.428513490018651,0.222460842108327,DOWN IN LIMBUS
XM_005254209,DOWN,-2.96556762838446,0.0016015450589666,NS,0.72658882351713,0.718191467045212,NS,-1.6936187787609,0.12663163248994,DOWN IN LIMBUS
XM_005254342,UP,1.0540379133798,0.0006067618667997,NS,0.0093058826177152,0.992453406897039,NS,0.890659268027634,0.0181296490438184,C1 SPECIFIC
XM_005254344,UP,1.0540379133798,0.0006067618667997,NS,0.0093058826177152,0.992453406897039,NS,0.890659268027634,0.0181296490438184,C1 SPECIFIC
XM_005254577,UP,1.93231164490886,1.41279593101758e-06,NS,-0.363730896640952,0.490383115633137,NS,-0.135100351935165,0.690813087094946,C1 SPECIFIC
XM_005254578,DOWN,-2.65239141256359,1.24683771327458e-05,NS,-0.394352204548232,0.68202576442645,NS,-0.527690192010682,0.33099184612253,DOWN IN LIMBUS
XM_005254643,UP,1.53762077133136,0.0013647455162856,NS,0.357098407054231,0.725990661426418,NS,-0.056902923908682,0.934803914713215,C1 SPECIFIC
XM_005254645,UP,1.53762077133136,0.0013647455162856,NS,0.357098407054231,0.725990661426418,NS,-0.056902923908682,0.934803914713215,C1 SPECIFIC
XM_005254647,UP,1.53762077133136,0.0013647455162856,NS,0.357098407054231,0.725990661426418,NS,-0.056902923908682,0.934803914713215,C1 SPECIFIC
XM_005254648,UP,1.53762077133136,0.0013647455162856,NS,0.357098407054231,0.725990661426418,NS,-0.056902923908682,0.934803914713215,C1 SPECIFIC
XM_005254920,UP,1.16897602194766,0.0061963950525015,NS,1.11371579322982,0.185600930145851,NS,0.78335026297179,0.144904571230222,C1 SPECIFIC
XM_005255309,UP,1.05937573394586,0.0009479155131887,NS,-0.373171059173879,0.547894380633654,NS,-0.945268017758465,0.0188726265707447,C1 SPECIFIC
XM_005255762,UP,4.04595900145654,2.51708909700563e-05,UP,3.225286301982,0.0219839939660659,UP,2.80485330739041,0.006479156931132,CORE — all 3 contrasts
XM_005255767,UP,4.04595900145654,2.51708909700563e-05,UP,3.225286301982,0.0219839939660659,UP,2.80485330739041,0.006479156931132,CORE — all 3 contrasts
XM_005255893,UP,2.26987888684531,0.0008258270169612,NS,0.201830913179641,0.909665573407515,NS,1.53776293175723,0.0542921836586204,C1 SPECIFIC
XM_005256077,DOWN,-1.00486977128013,0.0124964312229003,NS,-0.258901084732747,0.80231351475909,DOWN,-1.39267060033056,0.0155194850133145,DOWN IN LIMBUS
XM_005256211,NS,0.556413534971781,0.0087054147233324,UP,0.877730213695831,0.0376019593302066,NS,0.686476121655126,0.0201409116745311,C2 SPECIFIC
XM_005256525,DOWN,-2.48008739908475,0.0003333560988886,NS,0.602235517024447,0.642162756761894,UP,1.89362652993103,0.0202979550905759,C3 SPECIFIC
XM_005256706,UP,1.12802968891813,0.0016729984546326,NS,-0.602102373809124,0.37658196035847,NS,0.211401990291221,0.637122612859404,C1 SPECIFIC
XM_005257009,UP,1.30447858041485,0.0004550949990331,NS,0.983130093035182,0.124267006146053,UP,1.49288158897382,0.0026460492224464,SHARED C1 & C3
XM_005257014,DOWN,-1.99727299925708,3.08927592059803e-05,NS,0.244807160727942,0.778648884522612,NS,0.565404495302648,0.206668390731015,DOWN IN LIMBUS
XM_005257018,DOWN,-1.99727299925708,3.08927592059803e-05,NS,0.244807160727942,0.778648884522612,NS,0.565404495302648,0.206668390731015,DOWN IN LIMBUS
XM_005257170,DOWN,-1.43787805388313,5.72387273320326e-06,NS,-0.213313387291793,0.652758332231399,NS,0.463341755668094,0.091559999678177,DOWN IN LIMBUS
XM_005257172,DOWN,-1.43787805388313,5.72387273320326e-06,NS,-0.213313387291793,0.652758332231399,NS,0.463341755668094,0.091559999678177,DOWN IN LIMBUS
XM_005257216,UP,1.22297781743869,0.0053722137329241,NS,0.2508385022158,0.822292539497501,NS,-0.533160289228396,0.329569078679282,C1 SPECIFIC
XM_005257943,NS,-0.325921274108624,0.154408199709877,NS,0.557624049992759,0.27335931982315,UP,1.2978309439041,0.0012934336378905,C3 SPECIFIC
XM_005257944,NS,-0.325921274108624,0.154408199709877,NS,0.557624049992759,0.27335931982315,UP,1.2978309439041,0.0012934336378905,C3 SPECIFIC
XM_005258046,DOWN,-1.1810560565337,2.404249184463e-05,NS,0.48957321332013,0.232274884621308,NS,0.247623568802851,0.341079875697006,DOWN IN LIMBUS
XM_005258178,UP,1.3462275121665,8.30207266716169e-05,NS,0.473273194876469,0.392325631727251,NS,0.838765841265076,0.0240898113203936,C1 SPECIFIC
XM_005258230,DOWN,-1.2005199223291,7.57828510511261e-05,NS,0.297582768862839,0.55792564098141,NS,0.432963133512006,0.152508018260627,DOWN IN LIMBUS
XM_005258365,UP,1.02957296026569,0.0140289285266272,NS,1.5371143078591,0.076191676120553,NS,0.986750304727575,0.0757452231613199,C1 SPECIFIC
XM_005258390,DOWN,-1.8361325643595,0.0001348839591302,NS,-0.0823024992872878,0.945969221976632,DOWN,-2.06176505404583,0.0010986232324334,DOWN IN LIMBUS
XM_005258501,DOWN,-3.01285349037576,2.72880336692761e-05,NS,0.858521537900062,0.43518028192455,NS,-0.735557961324223,0.271446905276326,DOWN IN LIMBUS
XM_005258599,DOWN,-1.52775752804934,6.62063465997407e-05,NS,-0.418607891713674,0.512952075136219,NS,-0.916340533181962,0.0252622991565394,DOWN IN LIMBUS
XM_005258600,DOWN,-1.52775752804934,6.62063465997407e-05,NS,-0.418607891713674,0.512952075136219,NS,-0.916340533181962,0.0252622991565394,DOWN IN LIMBUS
XM_005258732,UP,1.98400067095675,0.0003515277990605,NS,-0.0557373197006781,0.971978006598108,UP,1.35605617833492,0.0343263932525978,SHARED C1 & C3
XM_005258992,NS,-0.847848982278576,0.0153240372254533,NS,-0.410018531963361,0.594848887086039,DOWN,-1.58230582803383,0.0034684423715082,DOWN IN LIMBUS
XM_005258996,NS,-0.847848982278576,0.0153240372254533,NS,-0.410018531963361,0.594848887086039,DOWN,-1.58230582803383,0.0034684423715082,DOWN IN LIMBUS
XM_005259563,NS,0.606959668700604,0.0118197630856108,NS,0.285371888648457,0.58642861513134,UP,1.00188535935675,0.0054133791396339,C3 SPECIFIC
XM_005260194,DOWN,-1.75043056183522,0.0001494514351147,NS,-0.398224384097233,0.63106928799156,NS,-0.288558389377457,0.559593956438747,DOWN IN LIMBUS
XM_005260251,UP,1.59141749167744,0.0011061029856947,NS,0.44681723669548,0.650236714461002,NS,0.821860105247305,0.144935394585101,C1 SPECIFIC
XM_005260294,UP,1.24061040884043,0.0002449845574887,NS,0.215257000927169,0.746139329581659,NS,0.88614443162205,0.0230375120671016,C1 SPECIFIC
XM_005260384,UP,4.69763441616162,2.37083718796042e-08,NS,-0.135360168776857,0.906313653140161,NS,0.725248063512809,0.151271270313921,C1 SPECIFIC
XM_005260657,UP,1.33891346836494,0.0008734825237466,NS,0.252514400274054,0.772449419922234,UP,1.15425650106302,0.0210292165347266,SHARED C1 & C3
XM_005260658,UP,1.33891346836494,0.0008734825237466,NS,0.252514400274054,0.772449419922234,UP,1.15425650106302,0.0210292165347266,SHARED C1 & C3
XM_005260979,UP,1.23071839144994,0.000597410377336,NS,-0.48447425374879,0.462853407545409,NS,-0.24528817480444,0.554685121925188,C1 SPECIFIC
XM_005261024,DOWN,-1.07934554754239,0.0002661358014952,NS,0.28241596910901,0.597108733956892,NS,-0.378224799565028,0.224514006553336,DOWN IN LIMBUS
XM_005261039,DOWN,-1.30879107479241,0.00024601000197,NS,0.0834849660839403,0.925025783738459,NS,-0.0451298029792575,0.92336050358058,DOWN IN LIMBUS
XM_005261042,NS,0.383902156229156,0.172909935074321,NS,-0.708168834614103,0.256900498131852,DOWN,-1.73157395457974,0.0007797500255208,DOWN IN LIMBUS
XM_005261044,NS,0.383902156229156,0.172909935074321,NS,-0.708168834614103,0.256900498131852,DOWN,-1.73157395457974,0.0007797500255208,DOWN IN LIMBUS
XM_005261643,NS,-0.559717835101399,0.046313232836131,NS,-0.814855451641463,0.175068116518657,DOWN,-1.20489556336946,0.00602260854352,DOWN IN LIMBUS
XM_005262436,DOWN,-1.60860857428622,4.01532514940653e-05,NS,-0.11490977176045,0.890830677182663,NS,-0.506778865262293,0.175176972893384,DOWN IN LIMBUS
XM_005262437,DOWN,-1.60860857428622,4.01532514940653e-05,NS,-0.11490977176045,0.890830677182663,NS,-0.506778865262293,0.175176972893384,DOWN IN LIMBUS
XM_005262440,DOWN,-1.60860857428622,4.01532514940653e-05,NS,-0.11490977176045,0.890830677182663,NS,-0.506778865262293,0.175176972893384,DOWN IN LIMBUS
XM_005262441,DOWN,-1.60860857428622,4.01532514940653e-05,NS,-0.11490977176045,0.890830677182663,NS,-0.506778865262293,0.175176972893384,DOWN IN LIMBUS
XM_005262642,DOWN,-1.0488571618842,0.0081353805538936,NS,-0.225170141190818,0.826041486390387,NS,-0.82797656671026,0.103662138946362,DOWN IN LIMBUS
XM_005262670,NS,0.123618127297173,0.63319315274742,NS,-0.304522612956299,0.603833490564712,DOWN,-1.86473299451474,0.0002344541488289,DOWN IN LIMBUS
XM_005262721,UP,1.23009515877141,0.024256319272857,NS,1.37588140187758,0.229727997257715,NS,1.08679682197167,0.13375793673304,C1 SPECIFIC
XM_005262908,UP,1.08830799816748,0.0053321507625619,NS,0.0065171479324943,0.996465436520426,NS,0.485222211426458,0.317389900566019,C1 SPECIFIC
XM_005262909,UP,1.08830799816748,0.0053321507625619,NS,0.0065171479324943,0.996465436520426,NS,0.485222211426458,0.317389900566019,C1 SPECIFIC
XM_005262911,UP,1.08830799816748,0.0053321507625619,NS,0.0065171479324943,0.996465436520426,NS,0.485222211426458,0.317389900566019,C1 SPECIFIC
XM_005262912,UP,1.08830799816748,0.0053321507625619,NS,0.0065171479324943,0.996465436520426,NS,0.485222211426458,0.317389900566019,C1 SPECIFIC
XM_005262920,UP,1.53175063694527,4.49486722836966e-05,NS,-0.211227341996203,0.756059453696856,NS,0.392465546236133,0.274038793909568,C1 SPECIFIC
XM_005262925,UP,1.53175063694527,4.49486722836966e-05,NS,-0.211227341996203,0.756059453696856,NS,0.392465546236133,0.274038793909568,C1 SPECIFIC
XM_005262973,UP,2.7293936956125,0.0001088626357303,NS,-1.41064454336572,0.208918385114637,DOWN,-2.40633847476532,0.0043539504533516,C1 SPECIFIC
XM_005263014,NS,0.429975297558049,0.227889363594358,NS,0.0118399605423596,0.993323304245011,UP,1.03567591450868,0.047058148739516,C3 SPECIFIC
XM_005263059,UP,2.58800257824063,3.69028730605897e-05,NS,0.966746050191372,0.309254608083692,UP,1.92839680493735,0.0054133791396339,SHARED C1 & C3
XM_005263061,UP,2.58800257824063,3.69028730605897e-05,NS,0.966746050191372,0.309254608083692,UP,1.92839680493735,0.0054133791396339,SHARED C1 & C3
XM_005263112,DOWN,-1.79776365555163,5.22981098012016e-07,NS,-0.395165606689218,0.349607764647804,NS,-0.45234747975626,0.0903819038013954,DOWN IN LIMBUS
XM_005263120,UP,2.44711993700189,0.0002180448224196,NS,1.15753425450748,0.300083771222279,NS,0.444900543229919,0.536422511335258,C1 SPECIFIC
XM_005263121,UP,2.44711993700189,0.0002180448224196,NS,1.15753425450748,0.300083771222279,NS,0.444900543229919,0.536422511335258,C1 SPECIFIC
XM_005263122,UP,2.44711993700189,0.0002180448224196,NS,1.15753425450748,0.300083771222279,NS,0.444900543229919,0.536422511335258,C1 SPECIFIC
XM_005263271,NS,-0.318832569946027,0.193580605993862,NS,-0.267780158445667,0.65537698812264,DOWN,-1.22514658483099,0.002932583613937,DOWN IN LIMBUS
XM_005263314,NS,0.871098189639642,0.0171556491699969,NS,-0.609939361511266,0.432985591096896,DOWN,-1.21486742449371,0.0201718377757518,DOWN IN LIMBUS
XM_005263322,NS,0.881872308479168,0.0317959688703215,NS,-0.738332611669922,0.407359527251523,DOWN,-1.26764489886702,0.0314538091782868,DOWN IN LIMBUS
XM_005263368,DOWN,-1.57121541724584,0.0007363630208683,NS,0.975939900437136,0.24028380042009,NS,-0.274601312941318,0.618612041113731,DOWN IN LIMBUS
XM_005263550,DOWN,-1.55609253674943,0.001001205842899,NS,-0.304426739641553,0.768101417705727,NS,0.276915424670965,0.629201690979211,DOWN IN LIMBUS
XM_005263652,UP,2.06276990475846,0.0011814001114537,NS,0.0721654923250457,0.96949522675473,NS,1.21558242733975,0.102401709778314,C1 SPECIFIC
XM_005263683,DOWN,-1.45342322502092,1.41586294774874e-05,NS,0.490323152474247,0.309254608083692,NS,0.225148287390383,0.46618302398424,DOWN IN LIMBUS
XM_005263689,DOWN,-1.45342322502092,1.41586294774874e-05,NS,0.490323152474247,0.309254608083692,NS,0.225148287390383,0.46618302398424,DOWN IN LIMBUS
XM_005263709,UP,1.12905844623468,0.0002199225789382,NS,0.507627710383101,0.321743297469917,UP,1.12139802848846,0.0034469042504035,SHARED C1 & C3
XM_005263718,DOWN,-1.18581122444807,0.012794485231337,NS,0.86887452702504,0.381342306877817,NS,0.041060250229985,0.957630110737151,DOWN IN LIMBUS
XM_005263901,UP,1.2461374356238,6.44603061412399e-05,NS,-0.13277264238322,0.83326169021992,NS,0.56318032594287,0.0729217109820885,C1 SPECIFIC
XM_005263925,DOWN,-1.34877119675487,7.44042909652891e-05,NS,-0.0800521918969554,0.918204501184712,NS,-0.0428927505210854,0.918531220114477,DOWN IN LIMBUS
XM_005263929,UP,2.88375024921637,1.82604234146508e-07,NS,-0.458142563476141,0.465622405824352,NS,-0.103303206278067,0.81322567964098,C1 SPECIFIC
XM_005264219,UP,1.31463303189249,0.0008103788208736,NS,-0.266382580482789,0.747461576299472,NS,0.933719836926068,0.0454573269021735,C1 SPECIFIC
XM_005264367,NS,0.22765637892331,0.709949507890041,NS,1.32787461621363,0.301932421280142,UP,3.08247077427642,0.0018401302063114,C3 SPECIFIC
XM_005264478,NS,-0.839661438897101,0.0003538675064096,NS,-0.509692201183191,0.201174130422407,DOWN,-1.11725689914169,0.0008080966035641,DOWN IN LIMBUS
XM_005264605,UP,1.416825780474,0.0002905316713402,NS,0.140065132237584,0.877578693186018,NS,-0.847201902140089,0.0516795895149467,C1 SPECIFIC
XM_005264606,UP,1.416825780474,0.0002905316713402,NS,0.140065132237584,0.877578693186018,NS,-0.847201902140089,0.0516795895149467,C1 SPECIFIC
XM_005264910,UP,1.16669583379704,0.0004389632787333,NS,0.311396769506332,0.618164637785704,NS,0.0957803235290395,0.820049219976425,C1 SPECIFIC
XM_005264951,DOWN,-1.00986973059684,0.0019916168559927,NS,0.257454421158523,0.71532011558627,NS,-0.0099530231873412,0.984613780253583,DOWN IN LIMBUS
XM_005264952,DOWN,-1.00986973059684,0.0019916168559927,NS,0.257454421158523,0.71532011558627,NS,-0.0099530231873412,0.984613780253583,DOWN IN LIMBUS
XM_005264953,DOWN,-1.00986973059684,0.0019916168559927,NS,0.257454421158523,0.71532011558627,NS,-0.0099530231873412,0.984613780253583,DOWN IN LIMBUS
XM_005264984,DOWN,-1.14255533590801,0.0016101919554275,NS,0.0872855893401212,0.929475592846331,NS,0.57593521474592,0.174343872484033,DOWN IN LIMBUS
XM_005265188,DOWN,-1.71465784924761,2.63249641279919e-05,NS,0.596964320566272,0.326763045879064,NS,0.682860534836516,0.0798951086196133,DOWN IN LIMBUS
XM_005265327,UP,1.94646880100922,0.0008956551823501,NS,0.0879492172695686,0.958490412993033,UP,1.47422260173716,0.0375158426961215,SHARED C1 & C3
XM_005265403,NS,-0.643567196214992,0.244262678644281,NS,-0.09747220208558,0.960948627381865,UP,1.63822814988837,0.0436233841984989,C3 SPECIFIC
XM_005265425,UP,2.8745540592202,8.81662137414002e-06,NS,0.325321110606374,0.761651525902148,NS,1.14171935022632,0.0533996945174386,C1 SPECIFIC
XM_005265426,UP,2.02772134158668,0.0018407612431949,NS,-0.58905253609286,0.663113770435944,UP,1.66011990473568,0.0415043412670688,SHARED C1 & C3
XM_005265506,NS,0.610680587003234,0.0390215428728036,NS,0.691724234317568,0.278736575295344,UP,1.04429529423344,0.0173510286574507,C3 SPECIFIC
XM_005265606,NS,-0.35987810581438,0.226334931164023,NS,-0.0088482006649011,0.994159192797196,DOWN,-1.23108076049497,0.0089408325325839,DOWN IN LIMBUS
XM_005265639,DOWN,-1.00559222108632,0.0006763269442838,NS,-0.101732930713706,0.890830677182663,NS,0.522463679345972,0.118985751270361,DOWN IN LIMBUS
XM_005265691,NS,-0.454672899097658,0.0819052120404442,NS,0.521492731989624,0.371604577182719,DOWN,-1.01748484965663,0.0116311906818002,DOWN IN LIMBUS
XM_005266003,NS,0.702779692727863,0.120507941121233,NS,0.0081663621554479,0.996546599473231,DOWN,-2.2965395142306,0.0025744421218325,DOWN IN LIMBUS
XM_005266117,DOWN,-1.1484746000857,0.0419748868037394,NS,-1.07559875276247,0.38286829131734,NS,-0.939342276745181,0.213117385724306,DOWN IN LIMBUS
XM_005266354,DOWN,-1.66952645205922,0.0005455331486556,UP,1.77875144165466,0.0336520697807574,NS,-0.73774726000168,0.167836727901652,C2 SPECIFIC
XM_005266422,UP,1.02233439092938,0.0229371898031176,NS,0.21372162363962,0.86819350290386,NS,1.16906783775172,0.0571914226128891,C1 SPECIFIC
XM_005266582,UP,1.32331993527459,0.0005401869482377,NS,1.02403270764063,0.124097136629699,UP,1.37367381795987,0.0053448045560875,SHARED C1 & C3
XM_005266768,UP,1.58545581085137,0.0001396814782676,UP,1.31253049880337,0.0493982651377034,UP,1.6221481087976,0.0019891151089609,CORE — all 3 contrasts
XM_005266790,UP,2.13641528220188,2.235265552645e-05,NS,0.80720317335554,0.279876058297535,UP,1.74771319059654,0.0022094878513397,SHARED C1 & C3
XM_005266834,DOWN,-1.78442007326392,0.0009608766496777,NS,0.66976345298587,0.5199528841385,NS,0.132517626697309,0.856112603413616,DOWN IN LIMBUS
XM_005266841,UP,2.53927009352357,0.0004067885331546,NS,0.511860236407824,0.720783197770296,NS,1.12326525892074,0.15203588328504,C1 SPECIFIC
XM_005266852,UP,2.20119833349443,2.96904315434953e-06,UP,1.23169081895998,0.0401248801198597,UP,1.86577975779709,0.0004822124850046,CORE — all 3 contrasts
XM_005266878,UP,2.06644897160338,0.0002569307813396,NS,0.0475770183800375,0.976559688028387,NS,0.86455187563868,0.15080308638418,C1 SPECIFIC
XM_005266887,UP,2.72541403385319,2.39797282181351e-07,NS,0.0863310536897783,0.918204501184712,NS,0.461435807738519,0.203106162533803,C1 SPECIFIC
XM_005267042,UP,1.66069382737024,0.0058135075760432,NS,1.52851174452995,0.195595587468273,UP,1.57689068448062,0.0460240602634983,SHARED C1 & C3
XM_005267064,DOWN,-1.03668648225673,0.0039396788158435,NS,0.255219029618159,0.759369008831342,NS,0.358176796003434,0.423270295214407,DOWN IN LIMBUS
XM_005267091,NS,0.798003335500141,0.0009103618342208,NS,-0.12737630272675,0.818753595947691,UP,1.14599237776823,0.0010986232324334,C3 SPECIFIC
XM_005267152,DOWN,-1.47259074125393,0.0001045036641952,NS,0.143250180127938,0.863222802439948,DOWN,-1.04241192512286,0.0145827771501151,DOWN IN LIMBUS
XM_005267167,UP,2.81116627795226,2.56922153378565e-05,NS,0.128226388672346,0.929475592846331,UP,1.90726625866597,0.0075672285899597,SHARED C1 & C3
XM_005267175,DOWN,-1.27043705876512,0.0008532513179,NS,0.0383256653306425,0.973085518982067,NS,-0.663139078709807,0.126693123686725,DOWN IN LIMBUS
XM_005267267,UP,3.07288153705247,1.8088724263311e-06,NS,1.32948165717436,0.098894204070597,UP,2.72672366673617,0.0002395142437753,SHARED C1 & C3
XM_005267691,UP,1.05179675718802,0.0006631974690074,NS,-0.808580910163147,0.141071163453681,DOWN,-1.22476739502902,0.0032262354335045,C1 SPECIFIC
XM_005267930,UP,2.05753399876686,1.32276833822936e-05,NS,-0.334779144184599,0.653236588052492,NS,0.228218049723593,0.609172187569229,C1 SPECIFIC
XM_005267931,UP,2.05753399876686,1.32276833822936e-05,NS,-0.334779144184599,0.653236588052492,NS,0.228218049723593,0.609172187569229,C1 SPECIFIC
XM_005268015,UP,2.00417771697217,5.42726142956139e-06,UP,1.21350404719831,0.0376019593302066,UP,1.7029529407332,0.0006269924517683,CORE — all 3 contrasts
XM_005268028,UP,1.12355206421102,0.0004067885331546,NS,0.882305335458444,0.103175261043481,NS,0.653467032967999,0.0662263477387423,C1 SPECIFIC
XM_005268077,DOWN,-1.03988709962471,2.04488205090937e-05,NS,-0.16124832215556,0.686716782302834,NS,-0.220971309851869,0.32537980090965,DOWN IN LIMBUS
XM_005268307,UP,1.25095404172533,0.0009749831953029,NS,0.261585252590454,0.746139329581659,NS,0.948633209202607,0.039377594681585,C1 SPECIFIC
XM_005268309,UP,1.25095404172533,0.0009749831953029,NS,0.261585252590454,0.746139329581659,NS,0.948633209202607,0.039377594681585,C1 SPECIFIC
XM_005268313,UP,1.25095404172533,0.0009749831953029,NS,0.261585252590454,0.746139329581659,NS,0.948633209202607,0.039377594681585,C1 SPECIFIC
XM_005268403,UP,1.97604826508315,1.17735905055328e-05,NS,0.198862228048124,0.804448438526791,NS,0.839949149583734,0.0465356004440465,C1 SPECIFIC
XM_005268693,UP,1.35805670614983,0.0228793951880046,NS,0.909945890717747,0.493180743044682,UP,2.63613456484778,0.0045052165978083,SHARED C1 & C3
XM_005268835,UP,1.3521307967395,0.00689813207111,NS,0.187615422338813,0.894501100025352,NS,0.9798825457927,0.122586516004369,C1 SPECIFIC
XM_005268845,UP,1.11203721398462,0.000412495924039,NS,0.443179054721578,0.429245734733461,UP,1.20402054948201,0.0033386931746794,SHARED C1 & C3
XM_005269032,UP,1.18115909026342,0.0012839911880195,NS,0.0695116287931539,0.947393838073552,NS,0.819473028497336,0.0616344424281635,C1 SPECIFIC
XM_005269036,UP,2.48643129523751,4.63330199532839e-06,NS,0.395651193681946,0.614003961170658,UP,1.35909378093845,0.0089601059210337,SHARED C1 & C3
XM_005269079,UP,1.31889252215493,0.0002550282823298,NS,0.0414760145290902,0.966365016244728,NS,0.80004637362431,0.0464290742254788,C1 SPECIFIC
XM_005269111,UP,1.15098958826998,4.14448072841644e-06,NS,0.457053917086995,0.167313410196858,NS,0.584226752688314,0.012490157469918,C1 SPECIFIC
XM_005269164,NS,0.0295539211875857,0.947184172240489,NS,-0.0602996225280226,0.96380847496019,DOWN,-2.02068283492741,0.001930580424064,DOWN IN LIMBUS
XM_005269180,UP,1.32870384793484,0.0004386101005283,NS,-0.82142448311162,0.206464210218373,NS,-0.290145758219581,0.49422060583112,C1 SPECIFIC
XM_005269212,UP,1.59757986644953,1.8906596735893e-06,NS,0.543643849901488,0.196155967319918,UP,1.16790605595791,0.0008376850942865,SHARED C1 & C3
XM_005269213,UP,2.34475332522569,5.72387273320326e-06,NS,0.33133758550344,0.669654146285779,NS,0.486002959310897,0.26639760706941,C1 SPECIFIC
XM_005269223,DOWN,-1.74740147961379,1.8088724263311e-06,NS,0.323383849632735,0.511310631372119,NS,-0.0721118657127295,0.832678737012937,DOWN IN LIMBUS
XM_005269465,UP,1.57393290919521,0.001801723143429,NS,0.688863106762181,0.491637418209196,UP,1.28767638705035,0.0410360955428367,SHARED C1 & C3
XM_005269467,UP,1.57393290919521,0.001801723143429,NS,0.688863106762181,0.491637418209196,UP,1.28767638705035,0.0410360955428367,SHARED C1 & C3
XM_005269531,UP,1.53591850666727,1.85986691674374e-06,NS,-0.18625033120593,0.682016146454602,NS,0.526976909133927,0.0494581925849768,C1 SPECIFIC
XM_005269534,UP,1.53591850666727,1.85986691674374e-06,NS,-0.18625033120593,0.682016146454602,NS,0.526976909133927,0.0494581925849768,C1 SPECIFIC
XM_005269555,UP,1.12488526078247,0.000634392794568,NS,-0.208466989016606,0.764424023081281,NS,0.70099977335865,0.0641210775966103,C1 SPECIFIC
XM_005269604,UP,2.49091899384538,6.1841150100807e-06,NS,0.451484183053904,0.570601264137466,UP,2.06530454851226,0.0008291715889128,SHARED C1 & C3
XM_005269938,DOWN,-3.26066247705822,0.000157257438291,NS,2.51440513241639,0.0765997406308035,UP,2.99421337615253,0.0043541883278749,C3 SPECIFIC
XM_005269972,UP,1.78830068122063,0.001101320878191,NS,0.782629430291402,0.450271046308491,UP,1.65186257245904,0.0174491989933302,SHARED C1 & C3
XM_005270168,UP,3.0346694778664,4.37569245768126e-05,NS,1.44133411645404,0.198031513304971,UP,1.94049696511756,0.0145150832795156,SHARED C1 & C3
XM_005270241,NS,-0.726862583689682,0.0356494527158394,NS,0.401439684906196,0.613436927460312,DOWN,-1.63211965824269,0.0033132955277858,DOWN IN LIMBUS
XM_005270313,DOWN,-1.10197250400455,0.0002910769116903,NS,0.266432315217465,0.638080824043273,NS,-0.0706742351126319,0.854093744252502,DOWN IN LIMBUS
XM_005270408,NS,-0.697740110403405,0.0078258556530135,NS,-0.341485353356452,0.544748274839482,DOWN,-1.28448710443918,0.0017918435210049,DOWN IN LIMBUS
XM_005270438,UP,1.58330549544086,0.0009216753470598,NS,0.178796301637347,0.881368915059906,NS,0.944146774888736,0.0889622124875637,C1 SPECIFIC
XM_005270450,DOWN,-1.19538293120739,0.0485386358027069,NS,0.0824161961887002,0.969179299981132,NS,-0.402088354982766,0.644844083356485,DOWN IN LIMBUS
XM_005270475,UP,1.88473901261782,0.0028844695006746,NS,-0.255409844108095,0.877843943363877,UP,1.74465179980722,0.033325049848404,SHARED C1 & C3
XM_005270476,UP,1.88473901261782,0.0028844695006746,NS,-0.255409844108095,0.877843943363877,UP,1.74465179980722,0.033325049848404,SHARED C1 & C3
XM_005270486,UP,1.61885614018244,0.0126914062791556,NS,-0.740779150441279,0.603223502102136,NS,1.17687568803707,0.160890364791196,C1 SPECIFIC
XM_005270489,UP,1.61885614018244,0.0126914062791556,NS,-0.740779150441279,0.603223502102136,NS,1.17687568803707,0.160890364791196,C1 SPECIFIC
XM_005270523,DOWN,-1.04505097666387,0.0044416182833876,NS,-0.747081387755573,0.305411214511982,NS,-0.268752391983405,0.570385837452401,DOWN IN LIMBUS
XM_005270709,UP,1.27613088974528,0.0091509930556412,NS,1.18081880722149,0.231747041688149,UP,1.85007303196153,0.0089828513629161,SHARED C1 & C3
XM_005270901,UP,1.49628376315008,7.49766467180123e-05,NS,0.151379594834438,0.848989625878025,NS,0.767551673594054,0.0501254781454801,C1 SPECIFIC
XM_005271160,UP,1.16530058631839,0.0028862151920035,NS,-0.2906064282726,0.740180073917172,NS,0.919098882470021,0.0597832546911706,C1 SPECIFIC
XM_005271164,UP,1.42534570742105,0.0009494455983779,NS,-0.22516581418073,0.822512404814552,UP,1.07581663562766,0.0395003748515172,SHARED C1 & C3
XM_005271204,DOWN,-1.70571026562967,1.30231530898093e-05,NS,0.186886764820734,0.783170316226331,NS,0.221839242680288,0.541944492588167,DOWN IN LIMBUS
XM_005271205,DOWN,-1.70571026562967,1.30231530898093e-05,NS,0.186886764820734,0.783170316226331,NS,0.221839242680288,0.541944492588167,DOWN IN LIMBUS
XM_005271400,NS,-0.50370738294091,0.258424073865888,NS,-1.27491934480832,0.189182267626317,DOWN,-2.4252113055138,0.0016677629173853,DOWN IN LIMBUS
XM_005271401,NS,-0.50370738294091,0.258424073865888,NS,-1.27491934480832,0.189182267626317,DOWN,-2.4252113055138,0.0016677629173853,DOWN IN LIMBUS
XM_005271598,UP,1.24180209563262,0.0001735636299026,NS,0.265100285951918,0.66057619697226,NS,-0.880018938369992,0.0194074744603862,C1 SPECIFIC
XM_005271621,DOWN,-1.11577190658518,7.23212742000404e-05,NS,0.471003152385007,0.290545299622902,NS,0.679072571132971,0.0248827749846523,DOWN IN LIMBUS
XM_005271624,DOWN,-1.11577190658518,7.23212742000404e-05,NS,0.471003152385007,0.290545299622902,NS,0.679072571132971,0.0248827749846523,DOWN IN LIMBUS
XM_005271679,UP,1.39982528174599,3.91400994141034e-05,NS,0.235711243917997,0.682584641207265,NS,-0.199463384829437,0.555238353134567,C1 SPECIFIC
XM_005271757,DOWN,-1.13093733358522,0.0004420480158229,NS,-0.30209872150575,0.618164637785704,NS,-0.432951255878608,0.214150122100688,DOWN IN LIMBUS
XM_005271819,UP,1.3196527833969,0.0001045036641952,NS,0.663734731324567,0.221428407228734,NS,0.58772353460415,0.0930559148757934,C1 SPECIFIC
XM_005271820,UP,1.3196527833969,0.0001045036641952,NS,0.663734731324567,0.221428407228734,NS,0.58772353460415,0.0930559148757934,C1 SPECIFIC
XM_005271821,UP,1.3196527833969,0.0001045036641952,NS,0.663734731324567,0.221428407228734,NS,0.58772353460415,0.0930559148757934,C1 SPECIFIC
XM_005272012,UP,1.90524198373596,5.67518353287932e-08,UP,1.74840772981567,2.93356701633502e-05,UP,1.88033346340096,3.69361980201966e-06,CORE — all 3 contrasts
XM_005272128,NS,0.458118825339904,0.0716329713141132,DOWN,-1.17060183506469,0.0324308892980941,NS,0.444222270001038,0.197464331372066,DOWN IN LIMBUS
XM_005272432,DOWN,-1.31091902809519,0.0058525086741976,NS,0.240224465970427,0.848932780389875,NS,1.19606529129115,0.0533016129171613,DOWN IN LIMBUS
XM_005272448,DOWN,-1.30128836032747,0.0142918439258984,NS,-0.701741822721888,0.547894380633654,NS,-1.05935205982833,0.126063930166976,DOWN IN LIMBUS
XM_005272525,DOWN,-2.1714547138428,7.23580173885849e-06,NS,0.0796307950156638,0.937084427404238,NS,0.450222898779292,0.281681704786762,DOWN IN LIMBUS
XM_005272608,UP,1.08456022804676,0.0250145131524222,NS,0.125683097259166,0.933445333782737,NS,0.68739223963034,0.280224757628862,C1 SPECIFIC
XM_005272738,DOWN,-1.07384269650389,0.0048847745224725,NS,-1.0528040245169,0.165870512666263,NS,-0.773911689713932,0.106402722911042,DOWN IN LIMBUS
XM_005273048,DOWN,-1.11439777198424,0.0009050143779797,NS,-0.0353137773942329,0.971978006598108,NS,0.174189480452409,0.67115826738054,DOWN IN LIMBUS
XM_005273163,UP,3.27594426064067,0.0061936156511733,NS,-2.67133891822014,0.265142194050457,NS,-0.370573884175678,0.833136430987464,C1 SPECIFIC
XM_005273337,NS,-0.507954404730917,0.457932428349942,NS,-1.78727209916834,0.228410319292383,DOWN,-2.29716098853564,0.0239607541185985,DOWN IN LIMBUS
XM_005273338,NS,-0.507954404730917,0.457932428349942,NS,-1.78727209916834,0.228410319292383,DOWN,-2.29716098853564,0.0239607541185985,DOWN IN LIMBUS
XM_005273461,UP,1.25950129802057,0.0014608165854077,NS,-0.139997744866218,0.892907185870436,NS,0.0423599789356883,0.940475091132713,C1 SPECIFIC
XM_005273485,DOWN,-1.96480872099766,0.0008349631523617,NS,-0.383188651058383,0.761118385639795,DOWN,-1.71101621979321,0.0192359234562451,DOWN IN LIMBUS
XM_005273584,UP,1.76691131711953,0.0002519158338971,NS,-0.446234660550767,0.609937134051611,UP,1.049071223373,0.049782042230221,SHARED C1 & C3
XM_005273587,UP,1.76691131711953,0.0002519158338971,NS,-0.446234660550767,0.609937134051611,UP,1.049071223373,0.049782042230221,SHARED C1 & C3
XM_005273592,UP,1.76691131711953,0.0002519158338971,NS,-0.446234660550767,0.609937134051611,UP,1.049071223373,0.049782042230221,SHARED C1 & C3
XM_005273860,NS,-0.580245615431023,0.172909935074321,NS,-0.299684484368196,0.798717417733187,DOWN,-1.32135851338321,0.0359657553040025,DOWN IN LIMBUS
XM_005273863,DOWN,-1.27425625916732,0.0010514896453469,NS,0.345969310237617,0.659911814303228,NS,-0.756526279410617,0.0955903348410528,DOWN IN LIMBUS
XM_005273902,UP,1.67556486404627,8.03415542709191e-06,NS,0.53177193500538,0.309254608083692,UP,1.35758824268421,0.0011699681646463,SHARED C1 & C3
XM_005274017,DOWN,-1.51543186124176,0.0045303812214128,NS,-0.49029204462882,0.67230922862908,NS,0.217393996133096,0.770421783687536,DOWN IN LIMBUS
XM_005274019,NS,-0.642328169488652,0.034080398991641,NS,-0.449007901031925,0.513071173823826,DOWN,-1.12978822396093,0.0129486323122164,DOWN IN LIMBUS
XM_005274020,NS,-0.642328169488652,0.034080398991641,NS,-0.449007901031925,0.513071173823826,DOWN,-1.12978822396093,0.0129486323122164,DOWN IN LIMBUS
XM_005274311,DOWN,-1.13536288536184,0.0179241287908685,NS,-0.287623289273249,0.822292539497501,NS,-0.118090578044063,0.87584662996814,DOWN IN LIMBUS
XM_005274490,UP,3.95842653326192,1.22205004588676e-05,NS,0.859766256715927,0.529916461397027,UP,2.301939176605,0.01144107091891,SHARED C1 & C3
XM_005274506,UP,2.38704957759049,0.0008708590333813,NS,-0.914690022336996,0.5083127762198,NS,1.40464152851887,0.0899088505039586,C1 SPECIFIC
XM_005274925,UP,1.74242178705409,0.0009539352040037,NS,-0.270724945971025,0.826041486390387,NS,1.23473848140544,0.0500143757887541,C1 SPECIFIC
XM_005275000,NS,0.12827563460263,0.282147117541005,DOWN,-0.516166867331052,0.0465797673660827,NS,-0.264798175200664,0.11344379129688,DOWN IN LIMBUS
XM_005275356,UP,1.74242178705409,0.0009539352040037,NS,-0.270724945971025,0.826041486390387,NS,1.23473848140544,0.0500143757887541,C1 SPECIFIC
XM_005275641,DOWN,-1.62976610813918,7.40388025034677e-05,NS,-0.362752576819741,0.601337970020853,NS,-0.927136333327997,0.0335975312142477,DOWN IN LIMBUS
XM_005276758,DOWN,-2.20285173877745,7.96164444499809e-07,NS,-0.868169152035221,0.102627989580629,DOWN,-1.65253003335996,0.0004511212927493,DOWN IN LIMBUS
XM_005276996,NS,0.484673286660044,0.23443102053309,NS,0.0693596363800753,0.961438722025245,DOWN,-2.36172025972002,0.00111674739262,DOWN IN LIMBUS
XM_005277431,UP,1.01085856396109,1.41586294774874e-05,NS,0.238119798943387,0.504250743317612,NS,0.461074445726208,0.0388119459079074,C1 SPECIFIC
XM_005277432,UP,1.6430973914322,0.0003621444287662,UP,2.67964085231023,0.0012289918146469,UP,1.51823666177768,0.007722299641373,CORE — all 3 contrasts
XM_005277435,UP,1.6430973914322,0.0003621444287662,UP,2.67964085231023,0.0012289918146469,UP,1.51823666177768,0.007722299641373,CORE — all 3 contrasts
XM_005278365,DOWN,-1.23607920490626,0.0033814891471717,NS,-0.111631320224284,0.926305937787706,NS,-0.371890678804902,0.479733801790893,DOWN IN LIMBUS
XM_006709956,UP,1.69758291868948,6.30601406072827e-05,NS,-0.763900253468866,0.247533506622294,NS,0.46491024591871,0.25999728756271,C1 SPECIFIC
XM_006710308,NS,0.0888267512831531,0.72563310768883,NS,0.379719316214251,0.494706696502024,UP,1.15784803333366,0.0033386931746794,C3 SPECIFIC
XM_006710332,DOWN,-1.63096499246283,0.0005171870347559,NS,-0.161477835127074,0.888879207437701,DOWN,-1.48804808914893,0.0109014437377208,DOWN IN LIMBUS
XM_006710350,DOWN,-1.19538293120739,0.0485386358027069,NS,0.0824161961887002,0.969179299981132,NS,-0.402088354982766,0.644844083356485,DOWN IN LIMBUS
XM_006710410,UP,1.34508356412277,0.0012200400768292,NS,0.820874878468481,0.286476927582889,UP,1.38334655029857,0.0107016069517202,SHARED C1 & C3
XM_006710452,UP,1.02864076282298,0.0018567274688393,NS,0.222859307173673,0.762427850994223,NS,0.914048452753544,0.0298251833111755,C1 SPECIFIC
XM_006710453,DOWN,-2.83720176229449,0.0002155899517233,NS,0.187652776632184,0.919057430369859,NS,-0.907188221524553,0.255311532622942,DOWN IN LIMBUS
XM_006710554,DOWN,-2.26836152780575,8.1333580316348e-08,NS,0.267021663552534,0.562808461219107,NS,0.395963341502624,0.149537352811158,DOWN IN LIMBUS
XM_006710562,DOWN,-1.0135548806963,0.00024601000197,NS,0.381610472328303,0.423055914811575,NS,-0.111865310662856,0.730003890662952,DOWN IN LIMBUS
XM_006710573,UP,1.76251969189449,8.94888774552588e-06,NS,-0.587352496531428,0.295612516051281,NS,0.46856174392788,0.177562357910264,C1 SPECIFIC
XM_006710635,NS,-0.572258310588598,0.021754088529082,NS,-0.423945538883979,0.429245734733461,DOWN,-1.12204342505925,0.0039239746414247,DOWN IN LIMBUS
XM_006710667,UP,1.49628376315008,7.49766467180123e-05,NS,0.151379594834438,0.848989625878025,NS,0.767551673594054,0.0501254781454801,C1 SPECIFIC
XM_006710691,UP,1.24123201004887,0.0218960683840325,NS,1.52515912874955,0.175068116518657,UP,1.62585399309538,0.0333721404525127,SHARED C1 & C3
XM_006710750,UP,2.54061244324173,7.57828510511261e-05,NS,-0.716278093849601,0.5085826005182,NS,1.08476870700041,0.0947035956929739,C1 SPECIFIC
XM_006710751,UP,2.54061244324173,7.57828510511261e-05,NS,-0.716278093849601,0.5085826005182,NS,1.08476870700041,0.0947035956929739,C1 SPECIFIC
XM_006710762,DOWN,-1.1569896409423,0.0044309786307488,NS,-0.105523565986518,0.927717989883192,NS,-0.840550025712714,0.0990097130583237,DOWN IN LIMBUS
XM_006710764,NS,-0.699631673229375,0.0003456344696616,NS,-0.448422715148807,0.177584601806031,DOWN,-1.01930580752671,0.0004822124850046,DOWN IN LIMBUS
XM_006710766,NS,-0.699631673229375,0.0003456344696616,NS,-0.448422715148807,0.177584601806031,DOWN,-1.01930580752671,0.0004822124850046,DOWN IN LIMBUS
XM_006710767,NS,-0.699631673229375,0.0003456344696616,NS,-0.448422715148807,0.177584601806031,DOWN,-1.01930580752671,0.0004822124850046,DOWN IN LIMBUS
XM_006710768,NS,-0.699631673229375,0.0003456344696616,NS,-0.448422715148807,0.177584601806031,DOWN,-1.01930580752671,0.0004822124850046,DOWN IN LIMBUS
XM_006710836,DOWN,-1.0259806911629,0.0340386864247989,NS,0.138434922235013,0.92702796079953,NS,0.48906769534979,0.459274465913847,DOWN IN LIMBUS
XM_006710895,DOWN,-1.19334771347604,0.0001434428368109,NS,0.264388985326946,0.63752473515327,NS,0.578978982148143,0.0786562802887957,DOWN IN LIMBUS
XM_006710896,DOWN,-1.19334771347604,0.0001434428368109,NS,0.264388985326946,0.63752473515327,NS,0.578978982148143,0.0786562802887957,DOWN IN LIMBUS
XM_006710922,DOWN,-1.52274959436228,1.30231530898093e-05,NS,-0.50547512661751,0.310840430570372,NS,-0.654226664850888,0.0467890023183094,DOWN IN LIMBUS
XM_006710923,DOWN,-1.52274959436228,1.30231530898093e-05,NS,-0.50547512661751,0.310840430570372,NS,-0.654226664850888,0.0467890023183094,DOWN IN LIMBUS
XM_006711203,DOWN,-1.56874075049552,1.96760936377181e-05,NS,-0.328704450565085,0.563296548399884,NS,-0.589266435554987,0.0867593128350511,DOWN IN LIMBUS
XM_006711236,UP,1.1202048207511,0.0492992670082559,NS,0.789547360477416,0.547684420955594,NS,1.46674497735405,0.0651907826515819,C1 SPECIFIC
XM_006711247,DOWN,-1.19045217281767,0.0005415922195074,NS,-0.189402539774155,0.803992953568874,NS,0.260688295704848,0.505546513921834,DOWN IN LIMBUS
XM_006711285,UP,1.27706488465795,1.20531880154369e-05,NS,0.424243263690816,0.307340066419257,NS,0.728295980278023,0.0126339559003927,C1 SPECIFIC
XM_006711301,UP,1.90303431600906,0.0002365309631244,NS,0.385584764706585,0.691907188041854,UP,1.50301196614468,0.0136257820657624,SHARED C1 & C3
XM_006711316,NS,-0.52577084953736,0.297113147809345,NS,0.128704187349214,0.939820054073434,DOWN,-3.73997780126219,0.0002395142437753,DOWN IN LIMBUS
XM_006711345,UP,3.1821947705547,5.53044295932023e-07,NS,0.676813716265507,0.371604577182719,UP,2.92388760443128,7.85896586579628e-05,SHARED C1 & C3
XM_006711430,UP,2.07600397468612,6.12164764776409e-05,NS,0.723069937413038,0.37658196035847,NS,0.871211194951913,0.0913771258088446,C1 SPECIFIC
XM_006711480,NS,0.632634917867763,0.0808249765371355,NS,1.20922600765434,0.122652186947458,UP,1.17969070445976,0.0281303514335819,C3 SPECIFIC
XM_006711632,NS,-0.507161995196864,0.377200089672862,NS,0.173240299629581,0.926305937787706,DOWN,-2.28081827860042,0.010637064848217,DOWN IN LIMBUS
XM_006711726,UP,2.25705681790167,4.50498133325713e-06,NS,0.47651865435758,0.494600898330243,NS,-0.116145104451409,0.807014218075925,C1 SPECIFIC
XM_006711752,NS,0.313723600810107,0.272904130087374,NS,0.265180126875736,0.714332940736991,DOWN,-1.1703913965624,0.0094667526285007,DOWN IN LIMBUS
XM_006711874,UP,1.04967368040414,0.0051744865107426,NS,0.655556040922507,0.386201986996649,NS,-0.667871391020727,0.153828111355083,C1 SPECIFIC
XM_006712070,DOWN,-1.28107154068008,4.28632206710102e-06,NS,-0.589491177196552,0.106022066434109,NS,-0.903312246522403,0.0017918435210049,DOWN IN LIMBUS
XM_006712072,DOWN,-1.28107154068008,4.28632206710102e-06,NS,-0.589491177196552,0.106022066434109,NS,-0.903312246522403,0.0017918435210049,DOWN IN LIMBUS
XM_006712167,UP,1.42076089063133,0.0089683002009226,NS,0.363517320425021,0.786640414861447,NS,1.33996853864486,0.0606273776130334,C1 SPECIFIC
XM_006712229,UP,1.83482871697511,3.16947389943303e-05,NS,0.461923853957881,0.51297642629648,NS,-0.384838039672482,0.3566406432226,C1 SPECIFIC
XM_006712279,DOWN,-2.145392372931,5.53044295932023e-07,NS,0.085971267181856,0.904970219979185,NS,0.0544305573007247,0.887205584584495,DOWN IN LIMBUS
XM_006712280,DOWN,-2.145392372931,5.53044295932023e-07,NS,0.085971267181856,0.904970219979185,NS,0.0544305573007247,0.887205584584495,DOWN IN LIMBUS
XM_006712405,UP,1.58557284852512,0.0002218383148388,NS,0.388256638534274,0.616696237362709,UP,1.52329876421257,0.0042602778543776,SHARED C1 & C3
XM_006712459,UP,2.06276990475846,0.0011814001114537,NS,0.0721654923250457,0.96949522675473,NS,1.21558242733975,0.102401709778314,C1 SPECIFIC
XM_006712460,UP,2.05654102496268,4.29444131049374e-06,NS,0.259958732009843,0.699879698271011,UP,1.6065251421882,0.0009390845863294,SHARED C1 & C3
XM_006712483,DOWN,-1.66632110157245,0.0001269942511129,NS,0.292068642853732,0.718778112435684,DOWN,-1.44320630369702,0.0052917562146992,DOWN IN LIMBUS
XM_006712493,UP,1.04819691718721,0.0019508767860285,NS,0.736034787741267,0.247375226641115,UP,1.46379067648346,0.0026516305632745,SHARED C1 & C3
XM_006712494,UP,1.04819691718721,0.0019508767860285,NS,0.736034787741267,0.247375226641115,UP,1.46379067648346,0.0026516305632745,SHARED C1 & C3
XM_006712574,UP,2.84310605662373,0.0002733172678626,NS,0.0325766065926905,0.989030763801485,UP,1.74820166871501,0.0455818974300409,SHARED C1 & C3
XM_006712575,UP,2.84310605662373,0.0002733172678626,NS,0.0325766065926905,0.989030763801485,UP,1.74820166871501,0.0455818974300409,SHARED C1 & C3
XM_006712577,UP,2.84310605662373,0.0002733172678626,NS,0.0325766065926905,0.989030763801485,UP,1.74820166871501,0.0455818974300409,SHARED C1 & C3
XM_006712586,UP,2.80203386899325,5.72387273320326e-06,NS,0.209162110178292,0.851911624996024,NS,0.873999059180851,0.1020409638775,C1 SPECIFIC
XM_006712588,UP,2.80203386899325,5.72387273320326e-06,NS,0.209162110178292,0.851911624996024,NS,0.873999059180851,0.1020409638775,C1 SPECIFIC
XM_006712616,UP,2.76458184852215,7.267644817775e-09,NS,0.390881160086169,0.332566459658531,UP,1.91395782517927,1.16947710960298e-05,SHARED C1 & C3
XM_006712618,UP,2.76458184852215,7.267644817775e-09,NS,0.390881160086169,0.332566459658531,UP,1.91395782517927,1.16947710960298e-05,SHARED C1 & C3
XM_006712712,DOWN,-1.87914153187736,0.0001006548161132,NS,0.0749352610656171,0.952049407076875,NS,0.667345422483367,0.169701676328992,DOWN IN LIMBUS
XM_006712721,UP,3.01523210151454,1.27871774492687e-05,NS,0.39215168940528,0.729086418138936,UP,2.47689358269902,0.0014128343817724,SHARED C1 & C3
XM_006712760,DOWN,-1.04311992858821,0.0003118939350721,NS,-0.441801386742806,0.37658196035847,NS,-0.335726979317312,0.275889306848118,DOWN IN LIMBUS
XM_006712803,DOWN,-1.34620541341703,0.0005415922195074,NS,0.948357089339806,0.166209093633819,NS,0.289489532842009,0.514179995050649,DOWN IN LIMBUS
XM_006713005,DOWN,-3.68621712226523,3.3757050362228e-08,NS,0.575013864332003,0.386740720837814,NS,0.629749057410843,0.12663163248994,DOWN IN LIMBUS
XM_006713007,UP,1.16669583379704,0.0004389632787333,NS,0.311396769506332,0.618164637785704,NS,0.0957803235290395,0.820049219976425,C1 SPECIFIC
XM_006713071,UP,3.22891204465134,8.56185649452294e-08,NS,-0.0583785345210011,0.95334458436765,UP,1.50536676676246,0.001883930491996,SHARED C1 & C3
XM_006713109,UP,3.37714799559133,1.20063757416571e-08,NS,0.131132937260638,0.851911624996024,UP,1.17850875239002,0.0030805805609171,SHARED C1 & C3
XM_006713249,NS,-0.32417874221171,0.382176536324447,NS,-0.353428515160369,0.70070036625728,DOWN,-1.12074283841812,0.0390777379024808,DOWN IN LIMBUS
XM_006713279,NS,-0.3552492114551,0.219475771440419,UP,1.5845587416237,0.0133209910015983,UP,1.79887266994789,0.0007220265147935,SHARED C2 & C3
XM_006713475,DOWN,-1.25432800656993,0.0002939695679077,NS,0.6986387484645,0.232274884621308,NS,-0.18313996236599,0.642179991613215,DOWN IN LIMBUS
XM_006713582,UP,1.38376814497501,0.0019964779698915,NS,-0.925440255474158,0.276820120292565,NS,-0.37506102020598,0.491478383126383,C1 SPECIFIC
XM_006713584,UP,1.38376814497501,0.0019964779698915,NS,-0.925440255474158,0.276820120292565,NS,-0.37506102020598,0.491478383126383,C1 SPECIFIC
XM_006713586,UP,1.27196623464663,0.02560791680231,NS,-0.959366905541461,0.436336568884898,NS,0.0565882177667056,0.952240099097549,C1 SPECIFIC
XM_006713596,UP,1.42266229284754,4.50791895726865e-05,DOWN,-1.30280988319801,0.0142383514087762,UP,1.26123197351449,0.0021773678963108,SHARED C1 & C3
XM_006713597,UP,1.42266229284754,4.50791895726865e-05,DOWN,-1.30280988319801,0.0142383514087762,UP,1.26123197351449,0.0021773678963108,SHARED C1 & C3
XM_006713641,NS,0.985693880197785,0.0004790442707384,NS,0.156578445642679,0.799540082812086,UP,1.15678255194554,0.0022888152714278,C3 SPECIFIC
XM_006713642,UP,1.08246681247249,0.0009410626896038,NS,0.0809665774405657,0.926305937787706,NS,-0.378152902207105,0.309867864165895,C1 SPECIFIC
XM_006713644,UP,1.08246681247249,0.0009410626896038,NS,0.0809665774405657,0.926305937787706,NS,-0.378152902207105,0.309867864165895,C1 SPECIFIC
XM_006713648,UP,2.61130547999058,1.86374831180757e-06,NS,0.604691076554437,0.392500057040826,UP,1.75404201761124,0.0013864158046556,SHARED C1 & C3
XM_006713910,UP,1.07856831844296,0.0090061386628782,NS,0.323110499943245,0.739953192617452,NS,0.149946601122392,0.804611735577332,C1 SPECIFIC
XM_006713979,UP,4.45437923264233,8.01598767389637e-08,NS,0.187925181984102,0.873087473275844,UP,3.07710875721664,0.0001603912882052,SHARED C1 & C3
XM_006714007,UP,1.53991175593906,0.0010905788560851,NS,0.513774327586836,0.573065354058739,NS,0.850902743181509,0.120007601155273,C1 SPECIFIC
XM_006714015,DOWN,-1.47993713139588,0.000362049438375,NS,0.107892724525468,0.917804428879256,NS,0.0685482036597804,0.901027277881221,DOWN IN LIMBUS
XM_006714038,DOWN,-1.9803010299224,0.0015922161014962,NS,-0.0196819572209499,0.992531023671757,UP,2.35434972016387,0.005674546524667,C3 SPECIFIC
XM_006714075,UP,1.4861703332848,0.0288121196169652,NS,2.51990019926529,0.0793056021497309,UP,1.98079053055981,0.0390777379024808,SHARED C1 & C3
XM_006714140,DOWN,-1.55585335105816,0.0013647455162856,NS,-0.190359149475944,0.877089532887555,NS,-0.0989007886599245,0.885363856143633,DOWN IN LIMBUS
XM_006714383,NS,0.0877939954704559,0.824954752373434,NS,0.480702093176394,0.568511473197947,UP,1.21043111253404,0.0257082175526154,C3 SPECIFIC
XM_006714389,NS,0.0877939954704559,0.824954752373434,NS,0.480702093176394,0.568511473197947,UP,1.21043111253404,0.0257082175526154,C3 SPECIFIC
XM_006714403,NS,0.881872308479168,0.0317959688703215,NS,-0.738332611669922,0.407359527251523,DOWN,-1.26764489886702,0.0314538091782868,DOWN IN LIMBUS
XM_006714404,NS,0.881872308479168,0.0317959688703215,NS,-0.738332611669922,0.407359527251523,DOWN,-1.26764489886702,0.0314538091782868,DOWN IN LIMBUS
XM_006714412,NS,0.167583204735419,0.638936707703003,NS,-0.353741874495467,0.671178652949145,DOWN,-2.46398622324348,0.0002632665359847,DOWN IN LIMBUS
XM_006714465,NS,0.156908404833096,0.627884313154427,NS,0.0944797756268452,0.926305937787706,DOWN,-1.40576054347169,0.005265801188306,DOWN IN LIMBUS
XM_006714466,NS,0.156908404833096,0.627884313154427,NS,0.0944797756268452,0.926305937787706,DOWN,-1.40576054347169,0.005265801188306,DOWN IN LIMBUS
XM_006714495,UP,1.1876693858284,8.22047843992412e-05,NS,-0.0474221147575946,0.950545321117083,NS,-0.110763056849641,0.74048128520055,C1 SPECIFIC
XM_006714619,UP,2.97995613281734,3.63596128644214e-06,NS,0.211384912456673,0.851835361883918,UP,2.11119111575084,0.0015221503288539,SHARED C1 & C3
XM_006714633,UP,1.76470871408621,1.76189397778712e-05,NS,0.054801245582988,0.953937768053865,NS,0.381453209072548,0.306995771070005,C1 SPECIFIC
XM_006714773,UP,1.97604826508315,1.17735905055328e-05,NS,0.198862228048124,0.804448438526791,NS,0.839949149583734,0.0465356004440465,C1 SPECIFIC
XM_006714826,UP,1.24259044764547,0.0005844126232196,NS,-0.251364407722329,0.733546567793478,NS,-0.435931224911795,0.274966395552662,C1 SPECIFIC
XM_006714948,UP,3.40000849591577,8.94888774552588e-06,NS,1.03531648259276,0.334338006780495,UP,2.94311961951151,0.0008291715889128,SHARED C1 & C3
XM_006715008,NS,0.649077048514663,0.0808464067647656,NS,-1.1236697849145,0.166209093633819,DOWN,-1.30657580708221,0.0195465770072831,DOWN IN LIMBUS
XM_006715021,DOWN,-1.96057709973107,0.000313632754371,NS,0.689167825157034,0.479349688805727,NS,0.22523138630702,0.727152937600657,DOWN IN LIMBUS
XM_006715042,UP,1.48613530893106,0.0034292353233945,NS,0.230313054597345,0.863222802439948,UP,1.65358420905336,0.0158512186711733,SHARED C1 & C3
XM_006715053,UP,1.4004769406848,0.0009252843391165,NS,-0.220462434221197,0.822354863169286,NS,-0.59381622476027,0.213509245952516,C1 SPECIFIC
XM_006715054,UP,1.4004769406848,0.0009252843391165,NS,-0.220462434221197,0.822354863169286,NS,-0.59381622476027,0.213509245952516,C1 SPECIFIC
XM_006715088,DOWN,-1.49685216764397,6.69645822945912e-05,NS,-0.0213030495157795,0.983743570143102,NS,-0.620636013010049,0.0982581553355353,DOWN IN LIMBUS
XM_006715177,UP,1.90180161521957,0.0002869581423925,NS,1.25701349162128,0.161419826513184,UP,2.28037508223303,0.0013079052910275,SHARED C1 & C3
XM_006715178,UP,1.90180161521957,0.0002869581423925,NS,1.25701349162128,0.161419826513184,UP,2.28037508223303,0.0013079052910275,SHARED C1 & C3
XM_006715179,DOWN,-1.6629896216963,0.000315258901632,NS,-0.277806724570819,0.768101417705727,NS,-0.18390824894914,0.738152450347386,DOWN IN LIMBUS
XM_006715234,UP,2.71569613082626,3.95039078857718e-05,NS,0.312063473591294,0.805023098037362,NS,0.973417764651151,0.125724166515576,C1 SPECIFIC
XM_006715428,UP,2.06644897160338,0.0002569307813396,NS,0.0475770183800375,0.976559688028387,NS,0.86455187563868,0.15080308638418,C1 SPECIFIC
XM_006715492,DOWN,-1.19591771181774,0.00024601000197,NS,-0.375391713876726,0.518605027897252,NS,-0.626861871277511,0.0759224526601923,DOWN IN LIMBUS
XM_006715493,DOWN,-1.19591771181774,0.00024601000197,NS,-0.375391713876726,0.518605027897252,NS,-0.626861871277511,0.0759224526601923,DOWN IN LIMBUS
XM_006715539,UP,1.47969530492914,1.17735905055328e-05,NS,-0.274632294726292,0.587879318736478,NS,-0.898934176075773,0.0086668610991661,C1 SPECIFIC
XM_006715584,DOWN,-1.02934031574625,6.41391050277383e-05,NS,0.50109511823946,0.207593208211872,NS,-0.489365646247363,0.0609364772468565,DOWN IN LIMBUS
XM_006715638,NS,0.99279534038825,0.0701422178599667,NS,-0.130865440887663,0.942892921945694,DOWN,-1.7066795059666,0.0334261811737,DOWN IN LIMBUS
XM_006715639,NS,0.99279534038825,0.0701422178599667,NS,-0.130865440887663,0.942892921945694,DOWN,-1.7066795059666,0.0334261811737,DOWN IN LIMBUS
XM_006715704,UP,2.03229559611448,1.7516954181742e-06,NS,0.363631927434,0.520363273866027,NS,0.160356669243576,0.654335335878689,C1 SPECIFIC
XM_006715741,DOWN,-1.2909643315488,4.90649751177976e-05,UP,1.05145029637818,0.0317174014345795,NS,0.282640891578584,0.359643712102348,C2 SPECIFIC
XM_006715769,UP,1.66472321791215,2.51708909700563e-05,NS,0.642532791986278,0.27659937930102,UP,1.72659187080191,0.0005485742645104,SHARED C1 & C3
XM_006715836,NS,0.897299274079161,0.0022812463607057,NS,-0.960645451801443,0.0882883085483504,DOWN,-1.19825889149557,0.0039841453422953,DOWN IN LIMBUS
XM_006715871,DOWN,-1.01508865608537,0.0361424557273973,NS,0.0813559614677168,0.961234347839544,NS,-0.62867154777825,0.33298984831063,DOWN IN LIMBUS
XM_006715927,DOWN,-1.68759307593875,4.94069845185046e-05,NS,-0.112787368768485,0.90183251862782,NS,-0.0956647279308829,0.839793616190433,DOWN IN LIMBUS
XM_006716024,UP,2.21514922729172,0.0008477375763444,UP,2.38822579308711,0.0411148258306515,NS,0.967827947279638,0.19447058643534,SHARED C1 & C2
XM_006716025,UP,2.21514922729172,0.0008477375763444,UP,2.38822579308711,0.0411148258306515,NS,0.967827947279638,0.19447058643534,SHARED C1 & C2
XM_006716144,DOWN,-1.07306223194008,0.0013647455162856,NS,-0.482197768504863,0.450885801620895,NS,0.0342529498944546,0.942574887624142,DOWN IN LIMBUS
XM_006716167,UP,3.27543613067139,1.34371707039222e-06,NS,0.0882614543264859,0.94592461272976,UP,1.90303719087222,0.0028461879507644,SHARED C1 & C3
XM_006716284,DOWN,-2.50988787857669,5.25458404422838e-05,NS,-0.154422557628089,0.911904983806193,UP,1.37309259617966,0.0334261811737,C3 SPECIFIC
XM_006716305,UP,1.67809473441453,0.0010910549239179,NS,0.962510842802624,0.307997962432673,UP,1.94022214773518,0.004996933686598,SHARED C1 & C3
XM_006716319,UP,1.25950129802057,0.0014608165854077,NS,-0.139997744866218,0.892907185870436,NS,0.0423599789356883,0.940475091132713,C1 SPECIFIC
XM_006716331,UP,2.77855843615548,9.90811944604824e-08,NS,0.254936746366493,0.677611530982175,UP,1.6078754130021,0.0005859792149297,SHARED C1 & C3
XM_006716334,UP,2.77855843615548,9.90811944604824e-08,NS,0.254936746366493,0.677611530982175,UP,1.6078754130021,0.0005859792149297,SHARED C1 & C3
XM_006716365,UP,2.99984421597751,3.22759565911024e-06,NS,0.0619158265351052,0.963047686349035,UP,1.6252409928812,0.0074156918842111,SHARED C1 & C3
XM_006716448,DOWN,-1.38562090947975,1.86702344530535e-05,NS,0.584577287212588,0.208766826388479,NS,0.403470183777088,0.172097005629889,DOWN IN LIMBUS
XM_006716449,DOWN,-1.38562090947975,1.86702344530535e-05,NS,0.584577287212588,0.208766826388479,NS,0.403470183777088,0.172097005629889,DOWN IN LIMBUS
XM_006716454,UP,2.24535291064313,4.49486722836966e-05,NS,-0.0033342546665773,0.99784876658985,NS,0.202029400001203,0.730952713238503,C1 SPECIFIC
XM_006716464,UP,1.0952863391996,0.0033798087792095,NS,0.668245729977535,0.365578996682604,UP,1.4586489873035,0.005674546524667,SHARED C1 & C3
XM_006716496,DOWN,-1.45863791645361,0.0075314746987038,NS,-0.495104071898204,0.685656921463865,NS,0.731307040408131,0.285072812088277,DOWN IN LIMBUS
XM_006716497,DOWN,-1.45863791645361,0.0075314746987038,NS,-0.495104071898204,0.685656921463865,NS,0.731307040408131,0.285072812088277,DOWN IN LIMBUS
XM_006716498,UP,2.14329915633991,1.86707918339703e-05,NS,0.374091472709264,0.639371790417932,UP,1.08706528277929,0.0281640357345438,SHARED C1 & C3
XM_006716547,NS,-0.487207737492014,0.0880310367783513,NS,-0.613024230978525,0.328036136518416,DOWN,-1.06319767775609,0.0148351962554921,DOWN IN LIMBUS
XM_006716606,NS,-0.725255317861104,0.0079041063196116,NS,-0.33963854833355,0.559341179724721,DOWN,-1.35140844740038,0.0016677629173853,DOWN IN LIMBUS
XM_006716614,UP,1.79420353497049,0.0013458735080784,NS,1.19582455919874,0.247375226641115,UP,1.76616597715901,0.0146003276011203,SHARED C1 & C3
XM_006716719,UP,1.94061414767325,4.58551382097656e-06,NS,-0.654009726617371,0.247706759241446,NS,0.689707587279955,0.0609364772468565,C1 SPECIFIC
XM_006716749,DOWN,-1.81285943748328,6.87148859320536e-07,NS,-0.203795571636069,0.67125502558339,NS,-0.255921124254892,0.35090649738083,DOWN IN LIMBUS
XM_006716813,DOWN,-1.87642761037003,0.0001051993320929,NS,1.15109200316468,0.137038184364521,NS,0.107324072348914,0.852977183977485,DOWN IN LIMBUS
XM_006716859,NS,-0.51163053051429,0.0706431446179341,NS,-1.01823100161922,0.097895337912163,DOWN,-1.7750704486855,0.0006106983244221,DOWN IN LIMBUS
XM_006716863,NS,-0.495650521359009,0.0465551481994148,NS,-1.00313545416442,0.0583103098065062,DOWN,-1.52208208870207,0.0006643055622662,DOWN IN LIMBUS
XM_006716929,DOWN,-1.36026846442425,1.98323351644176e-05,NS,-0.335129481142877,0.497945050123171,NS,-0.238013410321853,0.422748157421675,DOWN IN LIMBUS
XM_006716931,DOWN,-1.36026846442425,1.98323351644176e-05,NS,-0.335129481142877,0.497945050123171,NS,-0.238013410321853,0.422748157421675,DOWN IN LIMBUS
XM_006716936,UP,1.30240989326739,0.0017953358216851,NS,0.17912965017418,0.866124478300104,NS,0.294893296755951,0.565516582517295,C1 SPECIFIC
XM_006716960,DOWN,-3.04209486487658,0.0001189482376676,NS,1.75697372251278,0.169231738084478,DOWN,-1.83600923468881,0.0333522666616221,DOWN IN LIMBUS
XM_006716995,UP,1.24564130949777,0.002583451459891,NS,0.13873817854973,0.902216933131268,NS,0.377297022392096,0.4570128214675,C1 SPECIFIC
XM_006717058,DOWN,-1.14184296352805,7.23212742000404e-05,NS,-0.431414818673297,0.345095927969904,NS,-0.636240038612405,0.0358730753300106,DOWN IN LIMBUS
XM_006717240,DOWN,-1.06038246377576,0.001390425281637,NS,-0.0819547616251164,0.92739337277207,NS,0.229317924063253,0.569683019307403,DOWN IN LIMBUS
XM_006717438,UP,1.81648429505088,0.0128952955618072,NS,1.78596380176803,0.231747041688149,NS,1.53867569470058,0.106924258944964,C1 SPECIFIC
XM_006717439,UP,1.81648429505088,0.0128952955618072,NS,1.78596380176803,0.231747041688149,NS,1.53867569470058,0.106924258944964,C1 SPECIFIC
XM_006717456,NS,-0.387801805887815,0.204034606879842,NS,-0.250437575395671,0.753477657142685,DOWN,-1.11154949049524,0.0174968311380489,DOWN IN LIMBUS
XM_006717480,UP,1.06049918324386,0.001059771494337,NS,-0.548164911596375,0.36241580700574,NS,-0.0494496716708124,0.914961960118863,C1 SPECIFIC
XM_006717685,DOWN,-2.07934056233443,0.0014654761607062,NS,1.57162027751586,0.189182267626317,NS,0.0180661402881892,0.985802353126128,DOWN IN LIMBUS
XM_006717689,NS,0.987487526270519,9.92290148457035e-05,NS,0.0841277386072612,0.880711676117356,UP,1.12061543767407,0.0008246643467099,C3 SPECIFIC
XM_006717717,DOWN,-1.53623616063594,0.0002286446708829,NS,-0.412064575629896,0.577300510790017,NS,-0.570419455373687,0.190466392300245,DOWN IN LIMBUS
XM_006717738,DOWN,-1.56554515047399,0.0020816062312043,NS,0.153773597305751,0.912483759163981,NS,-0.137114978069673,0.847572195467558,DOWN IN LIMBUS
XM_006717871,UP,1.26495805027105,7.40388025034677e-05,NS,0.0797261347719385,0.913843560366115,NS,0.0715793457875442,0.848232778620161,C1 SPECIFIC
XM_006717879,NS,0.803176246673425,0.0023472132591512,NS,0.216025574431817,0.704809394937743,UP,1.12306185916244,0.0031436197659175,C3 SPECIFIC
XM_006717970,UP,1.62419305200383,0.0002449845574887,NS,0.518805987670365,0.51297642629648,UP,1.00935595084671,0.0416481488266914,SHARED C1 & C3
XM_006718039,NS,-0.726862583689682,0.0356494527158394,NS,0.401439684906196,0.613436927460312,DOWN,-1.63211965824269,0.0033132955277858,DOWN IN LIMBUS
XM_006718089,UP,2.50386751799428,6.21332274296601e-06,NS,0.519904863122894,0.518073321927,UP,1.13920141979718,0.0271387813005173,SHARED C1 & C3
XM_006718177,NS,-0.662139423991102,0.0803743820758582,UP,2.05737318495573,0.0129719104473332,UP,1.16558751979222,0.0353422642040822,SHARED C2 & C3
XM_006718179,NS,-0.662139423991102,0.0803743820758582,UP,2.05737318495573,0.0129719104473332,UP,1.16558751979222,0.0353422642040822,SHARED C2 & C3
XM_006718180,NS,-0.662139423991102,0.0803743820758582,UP,2.05737318495573,0.0129719104473332,UP,1.16558751979222,0.0353422642040822,SHARED C2 & C3
XM_006718229,UP,2.09786733195705,0.00031904641415,NS,-0.356823700802842,0.762482385340568,NS,1.19548692304896,0.063736259352199,C1 SPECIFIC
XM_006718418,NS,0.144605347830048,0.637216186027762,NS,0.0269914653394121,0.98143432818081,UP,1.03211144926401,0.0210198611338013,C3 SPECIFIC
XM_006718427,UP,1.581691817363,0.0005587560674678,NS,-0.182737066257286,0.868705593644995,UP,1.04559084791776,0.0494581925849768,SHARED C1 & C3
XM_006718438,NS,-0.987272726334872,0.0001394678907804,UP,0.983951928608622,0.018696313938093,NS,0.332785105114745,0.205518258206121,C2 SPECIFIC
XM_006718440,NS,-0.987272726334872,0.0001394678907804,UP,0.983951928608622,0.018696313938093,NS,0.332785105114745,0.205518258206121,C2 SPECIFIC
XM_006718499,DOWN,-1.2236708374063,0.0218960683840325,NS,0.0216435757753501,0.991600661916495,NS,-1.25773300533193,0.0800874826086801,DOWN IN LIMBUS
XM_006718658,UP,1.89190987854395,0.0030657604972332,NS,-0.996903359796938,0.430730753965887,NS,1.38791297391091,0.0798891168110959,C1 SPECIFIC
XM_006718659,UP,1.89190987854395,0.0030657604972332,NS,-0.996903359796938,0.430730753965887,NS,1.38791297391091,0.0798891168110959,C1 SPECIFIC
XM_006718770,UP,2.94549385248659,3.00951134670419e-06,NS,0.303951156948512,0.754130095377148,NS,-0.183134165031035,0.751362514159496,C1 SPECIFIC
XM_006718807,NS,-0.580245615431023,0.172909935074321,NS,-0.299684484368196,0.798717417733187,DOWN,-1.32135851338321,0.0359657553040025,DOWN IN LIMBUS
XM_006718816,DOWN,-1.26477003351657,0.0003270422206067,NS,-0.293937682090604,0.65956903241658,NS,-0.775262014872795,0.0500143757887541,DOWN IN LIMBUS
XM_006718818,DOWN,-1.26477003351657,0.0003270422206067,NS,-0.293937682090604,0.65956903241658,NS,-0.775262014872795,0.0500143757887541,DOWN IN LIMBUS
XM_006718821,DOWN,-1.26477003351657,0.0003270422206067,NS,-0.293937682090604,0.65956903241658,NS,-0.775262014872795,0.0500143757887541,DOWN IN LIMBUS
XM_006718836,UP,1.7025488984323,0.0002455951786248,NS,0.869336003655299,0.267545041729673,UP,1.14688721840921,0.030055053346996,SHARED C1 & C3
XM_006718848,UP,1.06527674191443,0.0125465982389438,NS,-1.08666584261774,0.208766826388479,NS,0.583656447420954,0.285145496974615,C1 SPECIFIC
XM_006718849,UP,1.06527674191443,0.0125465982389438,NS,-1.08666584261774,0.208766826388479,NS,0.583656447420954,0.285145496974615,C1 SPECIFIC
XM_006718852,UP,1.06527674191443,0.0125465982389438,NS,-1.08666584261774,0.208766826388479,NS,0.583656447420954,0.285145496974615,C1 SPECIFIC
XM_006718853,UP,1.06527674191443,0.0125465982389438,NS,-1.08666584261774,0.208766826388479,NS,0.583656447420954,0.285145496974615,C1 SPECIFIC
XM_006718854,UP,1.69758291868948,6.30601406072827e-05,NS,-0.763900253468866,0.247533506622294,NS,0.46491024591871,0.25999728756271,C1 SPECIFIC
XM_006718883,DOWN,-1.80560674909154,0.0008762718308763,NS,-0.595657222720519,0.566812453888866,DOWN,-2.14656890047594,0.0034684423715082,DOWN IN LIMBUS
XM_006718884,DOWN,-1.80560674909154,0.0008762718308763,NS,-0.595657222720519,0.566812453888866,DOWN,-2.14656890047594,0.0034684423715082,DOWN IN LIMBUS
XM_006718887,DOWN,-1.11577190658518,7.23212742000404e-05,NS,0.471003152385007,0.290545299622902,NS,0.679072571132971,0.0248827749846523,DOWN IN LIMBUS
XM_006718897,NS,-0.588517204275829,0.0145583880863138,NS,-0.93594012758179,0.0556254100880885,DOWN,-1.12072919895356,0.002932583613937,DOWN IN LIMBUS
XM_006718899,UP,1.10933572669831,0.0118304146587669,NS,0.635500610098426,0.5085826005182,UP,1.3246349999007,0.0299464815933977,SHARED C1 & C3
XM_006718979,UP,1.00209261639352,0.0002964001446921,NS,-0.140026382535133,0.815414521034094,NS,0.887616738562576,0.0085300107237797,C1 SPECIFIC
XM_006718984,NS,0.945427250769542,0.0237737113272922,NS,0.531370629629233,0.568511473197947,UP,1.39259014329578,0.0212907934077395,C3 SPECIFIC
XM_006718991,DOWN,-1.65960396231194,3.69028730605897e-05,NS,0.259103734237527,0.708772031018644,NS,0.365870668242573,0.339721299317891,DOWN IN LIMBUS
XM_006719079,UP,1.46700467576775,0.0055299816461417,NS,-1.05283415472705,0.317175254401234,NS,0.450557008005321,0.505531281200996,C1 SPECIFIC
XM_006719080,UP,1.46700467576775,0.0055299816461417,NS,-1.05283415472705,0.317175254401234,NS,0.450557008005321,0.505531281200996,C1 SPECIFIC
XM_006719084,UP,1.48127172604261,6.44368375149932e-06,NS,-0.18884390606943,0.714443688386792,NS,0.859333229310483,0.0078872292335134,C1 SPECIFIC
XM_006719085,UP,1.48127172604261,6.44368375149932e-06,NS,-0.18884390606943,0.714443688386792,NS,0.859333229310483,0.0078872292335134,C1 SPECIFIC
XM_006719086,UP,1.83418899273476,0.0006631974690074,NS,1.18800955520939,0.209806155867805,UP,1.71712897276949,0.0115195568591915,SHARED C1 & C3
XM_006719113,UP,1.39184089802939,0.0111704781190444,NS,-0.63555431488658,0.594772185078513,DOWN,-2.69798878796022,0.001883930491996,C1 SPECIFIC
XM_006719115,NS,0.978278956429368,0.0035145945708168,DOWN,-2.23948155785857,0.0012289918146469,DOWN,-3.7586455461264,2.86299917647708e-06,DOWN IN LIMBUS
XM_006719136,DOWN,-1.85133154691726,2.6753562230795e-05,NS,0.59984109290856,0.371604577182719,NS,0.29984541526621,0.478078709843,DOWN IN LIMBUS
XM_006719150,UP,1.54088255531957,0.0006101362542834,NS,0.316329038926464,0.730151850644687,NS,0.831882469431337,0.101567937643869,C1 SPECIFIC
XM_006719160,DOWN,-1.12831900791403,2.20298476879228e-05,NS,-0.366395632992621,0.356647257184449,NS,-0.854416678210901,0.003523672708317,DOWN IN LIMBUS
XM_006719171,UP,1.35342291492551,0.0217676041723962,NS,-0.0082499200628944,0.996562643873083,NS,1.3357309224945,0.0911958232774218,C1 SPECIFIC
XM_006719174,UP,1.35342291492551,0.0217676041723962,NS,-0.0082499200628944,0.996562643873083,NS,1.3357309224945,0.0911958232774218,C1 SPECIFIC
XM_006719228,DOWN,-1.25735963333002,8.87967960423385e-05,NS,-0.263135018592448,0.638814776410378,DOWN,-1.19798610560621,0.0022888152714278,DOWN IN LIMBUS
XM_006719364,DOWN,-1.77846591443791,0.0060049831944395,NS,0.201371336768895,0.91459715969122,UP,2.02238748942979,0.0222014120231297,C3 SPECIFIC
XM_006719394,DOWN,-1.02125199887182,4.97703287931839e-05,NS,-0.281595880060086,0.493180743044682,NS,-0.320525633811763,0.185896212086803,DOWN IN LIMBUS
XM_006719515,UP,1.18115909026342,0.0012839911880195,NS,0.0695116287931539,0.947393838073552,NS,0.819473028497336,0.0616344424281635,C1 SPECIFIC
XM_006719568,UP,2.30873390827535,0.0009642723160225,NS,-0.473752577452736,0.751791922735094,NS,0.383974597978409,0.652028678599287,C1 SPECIFIC
XM_006719572,UP,1.15098958826998,4.14448072841644e-06,NS,0.457053917086995,0.167313410196858,NS,0.584226752688314,0.012490157469918,C1 SPECIFIC
XM_006719601,NS,0.578684655552892,0.0479669178137456,NS,1.03791379999957,0.0984290154632084,UP,1.88109829626736,0.0005263851410622,C3 SPECIFIC
XM_006719630,UP,1.32870384793484,0.0004386101005283,NS,-0.82142448311162,0.206464210218373,NS,-0.290145758219581,0.49422060583112,C1 SPECIFIC
XM_006719673,UP,2.34475332522569,5.72387273320326e-06,NS,0.33133758550344,0.669654146285779,NS,0.486002959310897,0.26639760706941,C1 SPECIFIC
XM_006719674,UP,2.34475332522569,5.72387273320326e-06,NS,0.33133758550344,0.669654146285779,NS,0.486002959310897,0.26639760706941,C1 SPECIFIC
XM_006719677,UP,1.5002784934649,0.0043779238695943,NS,0.591775808780897,0.58921090659764,NS,0.575066812306412,0.379006472226094,C1 SPECIFIC
XM_006719689,DOWN,-1.74740147961379,1.8088724263311e-06,NS,0.323383849632735,0.511310631372119,NS,-0.0721118657127295,0.832678737012937,DOWN IN LIMBUS
XM_006719750,UP,1.13607443014928,0.0010227299045883,NS,0.834666617970823,0.179275907920499,UP,1.77409699561795,0.000718349891268,SHARED C1 & C3
XM_006719758,DOWN,-1.14329158613859,3.57838619999195e-05,NS,0.611070600451111,0.141781966756125,NS,0.656733940184996,0.0220931503064527,DOWN IN LIMBUS
XM_006719890,UP,1.54266148752913,0.0020430293958647,NS,-0.381677931604239,0.72434424395391,NS,0.838847063723684,0.158944530566315,C1 SPECIFIC
XM_006719893,UP,1.55688591216748,0.0292996180549386,NS,-0.237103117591797,0.914553901417025,UP,2.05859206437888,0.040916415187474,SHARED C1 & C3
XM_006719921,UP,2.65994412154936,2.75135592675231e-05,NS,0.936366569648841,0.324237012997134,UP,1.65527428381861,0.0129978350992678,SHARED C1 & C3
XM_006719968,UP,1.25095404172533,0.0009749831953029,NS,0.261585252590454,0.746139329581659,NS,0.948633209202607,0.039377594681585,C1 SPECIFIC
XM_006720004,UP,1.01267438634637,5.1996843583992e-05,NS,0.120753278818672,0.803992953568874,NS,-0.0219910888760442,0.940962102174646,C1 SPECIFIC
XM_006720065,UP,1.90228084233056,3.71281963190302e-05,NS,0.865673807233139,0.209006305212086,UP,1.71696506657652,0.0016677629173853,SHARED C1 & C3
XM_006720066,UP,1.90228084233056,3.71281963190302e-05,NS,0.865673807233139,0.209006305212086,UP,1.71696506657652,0.0016677629173853,SHARED C1 & C3
XM_006720067,UP,1.90228084233056,3.71281963190302e-05,NS,0.865673807233139,0.209006305212086,UP,1.71696506657652,0.0016677629173853,SHARED C1 & C3
XM_006720166,UP,2.08456903949464,0.0033510864891532,NS,1.36357216232087,0.324201459666964,UP,2.00446532378658,0.0312807691839105,SHARED C1 & C3
XM_006720167,UP,2.08456903949464,0.0033510864891532,NS,1.36357216232087,0.324201459666964,UP,2.00446532378658,0.0312807691839105,SHARED C1 & C3
XM_006720173,UP,2.74876275047917,8.6463479030056e-05,NS,0.243930113801187,0.873575119709591,UP,2.19383096776004,0.0065235580075233,SHARED C1 & C3
XM_006720280,DOWN,-1.23662245144306,0.0024289139474091,NS,0.345480714718878,0.691907188041854,NS,-0.401612803900647,0.416785973251757,DOWN IN LIMBUS
XM_006720281,DOWN,-1.23662245144306,0.0024289139474091,NS,0.345480714718878,0.691907188041854,NS,-0.401612803900647,0.416785973251757,DOWN IN LIMBUS
XM_006720379,UP,1.6934829383533,3.84880481739404e-05,NS,0.475213784750209,0.465523410848702,NS,0.794832383483424,0.0520444346994555,C1 SPECIFIC
XM_006720472,DOWN,-1.0683940067894,0.0019423246208905,NS,0.0704925715308518,0.94383583804912,NS,-0.384328694688807,0.347331357798174,DOWN IN LIMBUS
XM_006720542,UP,2.27026831525395,1.86707918339703e-05,UP,1.62708927966688,0.0324308892980941,UP,1.95125180433842,0.0013864158046556,CORE — all 3 contrasts
XM_006720547,UP,2.27026831525395,1.86707918339703e-05,UP,1.62708927966688,0.0324308892980941,UP,1.95125180433842,0.0013864158046556,CORE — all 3 contrasts
XM_006720551,UP,2.27026831525395,1.86707918339703e-05,UP,1.62708927966688,0.0324308892980941,UP,1.95125180433842,0.0013864158046556,CORE — all 3 contrasts
XM_006720552,UP,2.27026831525395,1.86707918339703e-05,UP,1.62708927966688,0.0324308892980941,UP,1.95125180433842,0.0013864158046556,CORE — all 3 contrasts
XM_006720619,UP,1.19142344630174,4.58638052232643e-05,NS,0.066713972732023,0.918204501184712,NS,0.914256958049159,0.0053448045560875,C1 SPECIFIC
XM_006720640,DOWN,-2.548988860556,2.53360882837864e-05,NS,-0.454491236250055,0.64498616315155,NS,-0.25593146400745,0.673047943241294,DOWN IN LIMBUS
XM_006720667,UP,1.53762077133136,0.0013647455162856,NS,0.357098407054231,0.725990661426418,NS,-0.056902923908682,0.934803914713215,C1 SPECIFIC
XM_006720668,UP,1.53762077133136,0.0013647455162856,NS,0.357098407054231,0.725990661426418,NS,-0.056902923908682,0.934803914713215,C1 SPECIFIC
XM_006720669,UP,1.53762077133136,0.0013647455162856,NS,0.357098407054231,0.725990661426418,NS,-0.056902923908682,0.934803914713215,C1 SPECIFIC
XM_006720837,NS,-0.498056967145222,0.192954956373953,NS,-1.08387193111462,0.194246334369038,DOWN,-1.71608333734563,0.0055027444352016,DOWN IN LIMBUS
XM_006720915,NS,-0.099278321142326,0.662181258728125,NS,-0.375989863659894,0.4465397019839,DOWN,-1.6004564203706,0.0002451666565303,DOWN IN LIMBUS
XM_006720926,UP,1.11895295906899,0.0003515987366438,NS,0.747981365943293,0.166209093633819,NS,0.981801943141566,0.0101894994051925,C1 SPECIFIC
XM_006720927,UP,1.11895295906899,0.0003515987366438,NS,0.747981365943293,0.166209093633819,NS,0.981801943141566,0.0101894994051925,C1 SPECIFIC
XM_006720930,UP,1.11895295906899,0.0003515987366438,NS,0.747981365943293,0.166209093633819,NS,0.981801943141566,0.0101894994051925,C1 SPECIFIC
XM_006721043,UP,1.05937573394586,0.0009479155131887,NS,-0.373171059173879,0.547894380633654,NS,-0.945268017758465,0.0188726265707447,C1 SPECIFIC
XM_006721132,UP,1.18466914216156,0.000157257438291,NS,-0.186280555094678,0.76072338790423,NS,0.236394912569716,0.475390457430935,C1 SPECIFIC
XM_006721274,DOWN,-1.47387195178458,7.57813250163369e-05,NS,-0.583526294601652,0.324201459666964,NS,-0.747573908787304,0.0524257999974396,DOWN IN LIMBUS
XM_006721422,NS,-0.272742320156119,0.235247990345223,NS,-0.0530603711412123,0.946815426978355,DOWN,-1.39987517871805,0.0008290823836953,DOWN IN LIMBUS
XM_006721456,DOWN,-2.84619466472494,8.78009345440799e-05,NS,0.294597961567345,0.848663996527651,NS,-0.403567738882733,0.594963384613514,DOWN IN LIMBUS
XM_006721636,DOWN,-1.05125754975366,0.0005018098096401,NS,-0.049040532244546,0.953873714587408,NS,-0.193194128047548,0.579892369590063,DOWN IN LIMBUS
XM_006721638,DOWN,-1.05125754975366,0.0005018098096401,NS,-0.049040532244546,0.953873714587408,NS,-0.193194128047548,0.579892369590063,DOWN IN LIMBUS
XM_006721695,UP,1.60328982055728,1.76708842583994e-05,NS,-0.0641301643200043,0.937384740117926,NS,0.770900300156424,0.0342370175744625,C1 SPECIFIC
XM_006721742,UP,1.78848412274081,6.20919513241776e-05,NS,0.513411445317955,0.483311867345142,NS,0.735813349367328,0.0978852899612207,C1 SPECIFIC
XM_006721743,UP,1.78848412274081,6.20919513241776e-05,NS,0.513411445317955,0.483311867345142,NS,0.735813349367328,0.0978852899612207,C1 SPECIFIC
XM_006721749,DOWN,-1.30094585859985,0.0009108469499794,NS,-0.328939057926901,0.677192504641985,NS,-0.779217012959171,0.0871807609434673,DOWN IN LIMBUS
XM_006721780,DOWN,-1.43787805388313,5.72387273320326e-06,NS,-0.213313387291793,0.652758332231399,NS,0.463341755668094,0.091559999678177,DOWN IN LIMBUS
XM_006721891,UP,2.14185025828933,0.0321557007350956,NS,0.464860437011788,0.873575119709591,NS,0.78811413891561,0.571714061880173,C1 SPECIFIC
XM_006721899,NS,-0.728242755786188,0.0024101636886053,NS,-0.645455341941603,0.161675178097552,DOWN,-1.03320582316358,0.002932583613937,DOWN IN LIMBUS
XM_006721933,DOWN,-1.2191156727359,0.0094099308057525,NS,-0.391820126558218,0.720783197770296,NS,0.0928325031243364,0.899135877450848,DOWN IN LIMBUS
XM_006721945,UP,3.82795806925251,9.09084278658752e-05,NS,0.561196063622418,0.762373573113467,UP,2.53619236485063,0.018786265634149,SHARED C1 & C3
XM_006721958,UP,1.40980796211456,0.0043149143594145,NS,-0.213460795604987,0.873480685102616,NS,1.11021039123061,0.0750139782900523,C1 SPECIFIC
XM_006721972,UP,1.30075942465208,0.0112289129770082,NS,0.346132707689712,0.786640414861447,NS,0.747447165208955,0.252344018848965,C1 SPECIFIC
XM_006721983,UP,1.42136615452887,0.0016420427760643,NS,-1.03202078319468,0.214984338956934,NS,0.978938610096321,0.0719526765414718,C1 SPECIFIC
XM_006721984,UP,1.42136615452887,0.0016420427760643,NS,-1.03202078319468,0.214984338956934,NS,0.978938610096321,0.0719526765414718,C1 SPECIFIC
XM_006722008,UP,1.539911404607,0.0038141174245205,NS,0.92303002571901,0.380766524101027,UP,1.5184204725812,0.0306240481169288,SHARED C1 & C3
XM_006722301,UP,2.62337495638402,0.0002778046414745,NS,-0.36902774134808,0.811545551990503,NS,0.191355615364522,0.832664881046601,C1 SPECIFIC
XM_006722302,UP,2.62337495638402,0.0002778046414745,NS,-0.36902774134808,0.811545551990503,NS,0.191355615364522,0.832664881046601,C1 SPECIFIC
XM_006722304,UP,2.62337495638402,0.0002778046414745,NS,-0.36902774134808,0.811545551990503,NS,0.191355615364522,0.832664881046601,C1 SPECIFIC
XM_006722338,UP,1.59730845640033,0.0010416842956245,NS,0.797683662691243,0.37658196035847,UP,1.48086623216938,0.0164482745857916,SHARED C1 & C3
XM_006722355,UP,1.20952820609939,0.0187629412477264,NS,-0.269887339428563,0.850452927437516,NS,1.11549910222784,0.102436970053423,C1 SPECIFIC
XM_006722356,DOWN,-1.37375777776974,0.0002053122016293,NS,0.168805057923603,0.832132001621114,NS,-0.626303014679626,0.109225689614119,DOWN IN LIMBUS
XM_006722358,NS,0.0485115703766414,0.916776478914762,NS,-0.198485788572125,0.873560997213939,UP,1.73238199223956,0.007722299641373,C3 SPECIFIC
XM_006722396,UP,1.28758319233471,0.009118081169683,NS,0.706854780364139,0.5083127762198,NS,0.967859538057384,0.126063930166976,C1 SPECIFIC
XM_006722397,UP,1.28758319233471,0.009118081169683,NS,0.706854780364139,0.5083127762198,NS,0.967859538057384,0.126063930166976,C1 SPECIFIC
XM_006722398,UP,1.28758319233471,0.009118081169683,NS,0.706854780364139,0.5083127762198,NS,0.967859538057384,0.126063930166976,C1 SPECIFIC
XM_006722416,DOWN,-1.39035006901887,0.0058512468440968,NS,0.405303392952239,0.72434424395391,NS,-0.771885018476506,0.21590196528779,DOWN IN LIMBUS
XM_006722437,UP,2.69339559300399,4.29542153590485e-05,NS,0.242961816175764,0.857995676340751,UP,1.92217789393079,0.0077738879410153,SHARED C1 & C3
XM_006722498,UP,1.99535953763213,5.02799556823239e-07,NS,0.314899694841118,0.518605027897252,NS,0.846155839247977,0.0098046795680139,C1 SPECIFIC
XM_006722499,UP,1.99535953763213,5.02799556823239e-07,NS,0.314899694841118,0.518605027897252,NS,0.846155839247977,0.0098046795680139,C1 SPECIFIC
XM_006722523,UP,2.51232035498644,0.0001550993275807,NS,0.211389306288678,0.889693531429345,UP,1.80204753990064,0.0169728523520024,SHARED C1 & C3
XM_006722545,UP,1.58545581085137,0.0001396814782676,UP,1.31253049880337,0.0493982651377034,UP,1.6221481087976,0.0019891151089609,CORE — all 3 contrasts
XM_006722673,DOWN,-1.31753932128943,0.0002851292960442,NS,-0.0496169496163539,0.960042747823396,NS,-0.610948062239578,0.118552520404949,DOWN IN LIMBUS
XM_006722679,DOWN,-1.40438226692691,6.68134884602024e-06,NS,-0.559431689279921,0.18758827543579,NS,-0.597383805146453,0.0374643567255176,DOWN IN LIMBUS
XM_006722680,DOWN,-1.40438226692691,6.68134884602024e-06,NS,-0.559431689279921,0.18758827543579,NS,-0.597383805146453,0.0374643567255176,DOWN IN LIMBUS
XM_006722785,DOWN,-1.11392718935526,0.0001057447914534,NS,0.304126986702304,0.538819296691953,NS,-0.0504687750316828,0.886589700034416,DOWN IN LIMBUS
XM_006722934,DOWN,-1.50235979144678,0.0009103618342208,NS,1.36557592706454,0.097895337912163,NS,0.0987299174341567,0.873843017132694,DOWN IN LIMBUS
XM_006722935,DOWN,-1.01452985442745,0.0019423246208905,NS,-0.412877636514278,0.529488578546369,NS,0.292738434956147,0.459249477852383,DOWN IN LIMBUS
XM_006722944,DOWN,-1.83692040818441,0.0001742184171897,NS,-0.0124492277287684,0.993116457129426,DOWN,-1.35156682811662,0.0160440986000021,DOWN IN LIMBUS
XM_006723111,NS,-0.540042641374062,0.0031353746748894,DOWN,-0.822423826331055,0.018696313938093,NS,-0.288705162339636,0.190233011027603,DOWN IN LIMBUS
XM_006723242,NS,-0.847848982278576,0.0153240372254533,NS,-0.410018531963361,0.594848887086039,DOWN,-1.58230582803383,0.0034684423715082,DOWN IN LIMBUS
XM_006723246,UP,2.61781005625984,2.28328309352457e-06,NS,0.460427101118515,0.544748274839482,NS,-0.673730999682169,0.13344892534148,C1 SPECIFIC
XM_006723298,UP,1.02961423149513,5.2290125673868e-06,NS,0.277228660934972,0.372510143263858,NS,0.0013334912777258,0.995756069245074,C1 SPECIFIC
XM_006723330,UP,1.00939793059474,0.0169655507886518,NS,-0.608898618248443,0.514027589578394,NS,0.871059400227169,0.117751818127336,C1 SPECIFIC
XM_006723343,DOWN,-1.62254509870052,0.0157448740430753,NS,-0.144116142218586,0.946913691025836,DOWN,-2.08712300523271,0.0273370021392336,DOWN IN LIMBUS
XM_006723404,DOWN,-1.00437931482933,0.0370574232045504,NS,-0.0049131660591994,0.997594341253082,NS,-0.215678425769159,0.767369666616894,DOWN IN LIMBUS
XM_006723425,UP,1.46666865036164,6.73896911740209e-05,NS,-0.0267018854023346,0.978825915246751,NS,-0.533315369848386,0.142938986448025,C1 SPECIFIC
XM_006723451,UP,1.24805400325404,0.0002733172678626,NS,0.365743635506978,0.554553967783176,NS,0.815665048888248,0.0359657553040025,C1 SPECIFIC
XM_006723452,UP,1.24805400325404,0.0002733172678626,NS,0.365743635506978,0.554553967783176,NS,0.815665048888248,0.0359657553040025,C1 SPECIFIC
XM_006723453,UP,1.24805400325404,0.0002733172678626,NS,0.365743635506978,0.554553967783176,NS,0.815665048888248,0.0359657553040025,C1 SPECIFIC
XM_006723502,NS,0.489391169886231,0.0970191614053634,NS,-0.611572597434756,0.34933322863882,DOWN,-1.30189324285373,0.0056441216162247,DOWN IN LIMBUS
XM_006723503,NS,0.489391169886231,0.0970191614053634,NS,-0.611572597434756,0.34933322863882,DOWN,-1.30189324285373,0.0056441216162247,DOWN IN LIMBUS
XM_006723512,UP,1.26519411513837,9.71567026695247e-05,NS,0.293258975522963,0.596894470576453,UP,1.0590541131326,0.0053448045560875,SHARED C1 & C3
XM_006723643,NS,0.96022622360957,0.0006631974690074,NS,0.303086208656142,0.568655495786756,UP,1.05333217501595,0.0045915491023091,C3 SPECIFIC
XM_006723682,UP,1.59141749167744,0.0011061029856947,NS,0.44681723669548,0.650236714461002,NS,0.821860105247305,0.144935394585101,C1 SPECIFIC
XM_006723706,UP,1.56732152873216,0.0008462711575523,NS,0.0640789282702583,0.961438722025245,UP,1.2340246344595,0.0310979453335984,SHARED C1 & C3
XM_006723955,UP,2.36243256624474,5.78421573371603e-05,UP,2.16310090226911,0.0170288012108974,UP,2.06354090088897,0.0029025330848618,CORE — all 3 contrasts
XM_006723964,UP,2.40943654323093,3.5357466413277e-05,NS,0.709082924534554,0.432004773243342,UP,1.9637452536004,0.0031589243826116,SHARED C1 & C3
XM_006724037,UP,2.81020238876372,1.58348934467076e-08,NS,0.320036222755717,0.510126271025636,UP,2.06676135568681,1.67318514529378e-05,SHARED C1 & C3
XM_006724042,DOWN,-1.07934554754239,0.0002661358014952,NS,0.28241596910901,0.597108733956892,NS,-0.378224799565028,0.224514006553336,DOWN IN LIMBUS
XM_006724048,NS,0.383902156229156,0.172909935074321,NS,-0.708168834614103,0.256900498131852,DOWN,-1.73157395457974,0.0007797500255208,DOWN IN LIMBUS
XM_006724076,DOWN,-1.44504732509615,0.000206609126401,NS,0.924106547675686,0.158760274005846,NS,-0.323028912694777,0.434898569639547,DOWN IN LIMBUS
XM_006724217,UP,1.15153246065721,0.0002366823323685,NS,0.598709438766757,0.256789950858526,NS,0.313221619998256,0.343727574275561,C1 SPECIFIC
XM_006724218,UP,1.15153246065721,0.0002366823323685,NS,0.598709438766757,0.256789950858526,NS,0.313221619998256,0.343727574275561,C1 SPECIFIC
XM_006724267,NS,-0.559717835101399,0.046313232836131,NS,-0.814855451641463,0.175068116518657,DOWN,-1.20489556336946,0.00602260854352,DOWN IN LIMBUS
XM_006724300,UP,1.44470831292418,4.17773836667168e-06,NS,0.330551466197162,0.439999743404454,NS,-0.352256062919264,0.176698294490756,C1 SPECIFIC
XM_006724303,UP,1.44470831292418,4.17773836667168e-06,NS,0.330551466197162,0.439999743404454,NS,-0.352256062919264,0.176698294490756,C1 SPECIFIC
XM_006724305,UP,1.44470831292418,4.17773836667168e-06,NS,0.330551466197162,0.439999743404454,NS,-0.352256062919264,0.176698294490756,C1 SPECIFIC
XM_006724322,UP,1.64450848580192,0.0003263999409611,NS,0.0454512306160266,0.971978006598108,UP,1.2412210580268,0.0212117177624281,SHARED C1 & C3
XM_006724323,UP,1.64450848580192,0.0003263999409611,NS,0.0454512306160266,0.971978006598108,UP,1.2412210580268,0.0212117177624281,SHARED C1 & C3
XM_006724324,UP,1.64450848580192,0.0003263999409611,NS,0.0454512306160266,0.971978006598108,UP,1.2412210580268,0.0212117177624281,SHARED C1 & C3
XM_006724345,NS,-0.110515843349079,0.69331989301787,NS,-0.265509917738036,0.683589487788396,DOWN,-1.1688348858421,0.0059026481148287,DOWN IN LIMBUS
XM_006724570,UP,1.04795170356925,0.0122710613812303,NS,-0.053618766819004,0.96949522675473,DOWN,-1.42185640063272,0.0168032962760401,C1 SPECIFIC
XM_006724665,UP,1.70282531498378,6.46303872017515e-06,NS,-0.064623472623845,0.932849518554161,NS,-0.0054217252890982,0.989871321134107,C1 SPECIFIC
XM_006724718,UP,1.6507321149853,0.015836370448264,NS,-0.587372801404459,0.717653929539308,NS,0.803533598596383,0.368790863407206,C1 SPECIFIC
XM_006724744,UP,3.27981905107216,4.70292534573165e-05,NS,1.47474677685799,0.231461185475547,NS,1.36370355533629,0.0855044302031805,C1 SPECIFIC
XM_006724813,UP,2.07162028598745,6.37221959827122e-07,NS,-0.271529222803404,0.607866770615295,NS,0.516161782370699,0.100563998666634,C1 SPECIFIC
XM_006725027,UP,1.47969530492914,1.17735905055328e-05,NS,-0.274632294726292,0.587879318736478,NS,-0.898934176075773,0.0086668610991661,C1 SPECIFIC
XM_006725571,UP,1.11862961925249,0.0438133732433206,NS,-0.104923416690496,0.956011492360294,NS,1.3208864030186,0.084354224018493,C1 SPECIFIC
XM_006725632,DOWN,-1.51973711152271,1.8088724263311e-06,NS,-0.371245820047891,0.365054095507463,NS,-0.369397690994483,0.145259721100529,DOWN IN LIMBUS
XM_006725699,UP,1.83010966537134,0.0046419226441522,NS,0.28664187463079,0.868705593644995,UP,2.00725111459994,0.0217275678110506,SHARED C1 & C3
XM_006725907,UP,1.83010966537134,0.0046419226441522,NS,0.28664187463079,0.868705593644995,UP,2.00725111459994,0.0217275678110506,SHARED C1 & C3
XM_006725908,UP,1.83010966537134,0.0046419226441522,NS,0.28664187463079,0.868705593644995,UP,2.00725111459994,0.0217275678110506,SHARED C1 & C3
XM_006726512,UP,3.77463583594784,0.0005321451591226,NS,-0.746229782987619,0.737456310040308,UP,2.49799118744863,0.0481071466811311,SHARED C1 & C3
XM_006726540,UP,1.35342291492551,0.0217676041723962,NS,-0.0082499200628944,0.996562643873083,NS,1.3357309224945,0.0911958232774218,C1 SPECIFIC
XM_006726541,UP,1.35342291492551,0.0217676041723962,NS,-0.0082499200628944,0.996562643873083,NS,1.3357309224945,0.0911958232774218,C1 SPECIFIC
XM_006726627,NS,0.181502111447443,0.662456564544022,NS,0.289534925186969,0.786640414861447,UP,1.30552970229641,0.0281945270746783,C3 SPECIFIC
XR_241101,UP,1.58946650966805,0.0005748655066931,NS,-0.243881988357445,0.814450772393595,UP,1.16431678950213,0.0339485189228812,SHARED C1 & C3
XR_241102,UP,1.51390332001472,0.0001429143858075,NS,0.0857430026214949,0.927717989883192,NS,0.985813306188418,0.0259630008429152,C1 SPECIFIC
XR_241248,UP,2.05651310144655,2.235265552645e-05,NS,-0.907985945204719,0.19774499608058,DOWN,-2.28752357279354,0.0003076886069107,C1 SPECIFIC
XR_241306,DOWN,-1.35671627496801,0.0015027741637048,NS,0.575869034722684,0.494250700417203,NS,0.193811227407084,0.726016735007509,DOWN IN LIMBUS
XR_241312,UP,1.9023113965057,1.76708842583994e-05,NS,0.689431955882043,0.286476927582889,UP,1.6621428837463,0.0012204919630248,SHARED C1 & C3
XR_242903,UP,4.35124237019943,4.216660534077441e-09,NS,-0.607563691908725,0.309254608083692,UP,3.32368821676491,2.86299917647708e-06,SHARED C1 & C3
XR_243087,NS,-0.238388986679527,0.231469863805989,NS,-0.573606701987343,0.187746795845621,DOWN,-1.3113664364473,0.0005263851410622,DOWN IN LIMBUS
XR_243405,DOWN,-1.1735613177965,0.0291606661964701,NS,0.116829154628624,0.947431319378462,DOWN,-1.48686737001002,0.0477296005646092,DOWN IN LIMBUS
XR_243411,DOWN,-1.1756212668525,6.37213524820899e-06,NS,0.0283661646513824,0.960985107260389,NS,0.296907060457739,0.182916403365376,DOWN IN LIMBUS
XR_243543,DOWN,-2.84619466472494,8.78009345440799e-05,NS,0.294597961567345,0.848663996527651,NS,-0.403567738882733,0.594963384613514,DOWN IN LIMBUS
XR_243626,UP,3.62427157673996,7.23580173885849e-06,NS,-0.0278215585455399,0.989030763801485,UP,2.4743978503549,0.0033132955277858,SHARED C1 & C3
XR_243961,DOWN,-1.00437931482933,0.0370574232045504,NS,-0.0049131660591994,0.997594341253082,NS,-0.215678425769159,0.767369666616894,DOWN IN LIMBUS
XR_244474,UP,1.68872896625623,0.0005138530943745,NS,1.21094017181212,0.159966130767339,NS,1.06824049893277,0.0553063300742574,C1 SPECIFIC
XR_244889,UP,2.88375024921637,1.82604234146508e-07,NS,-0.458142563476141,0.465622405824352,NS,-0.103303206278067,0.81322567964098,C1 SPECIFIC
XR_244924,UP,1.35698670963424,0.0013033473109059,NS,0.175744295428159,0.868705593644995,NS,0.382242446147012,0.443491543102263,C1 SPECIFIC
XR_245162,DOWN,-1.46136002741281,0.0001005500401751,NS,0.342067010915191,0.594729192431456,NS,0.411179738834564,0.274205919349114,DOWN IN LIMBUS
XR_245392,DOWN,-1.61525975946698,0.0001181261075732,NS,0.766704357319969,0.262606180522363,NS,0.303348581637284,0.488417387721368,DOWN IN LIMBUS
XR_245462,DOWN,-1.0306353548774,0.0002983183922421,NS,-0.324686364574556,0.529488578546369,NS,-0.327671610625023,0.27982262719208,DOWN IN LIMBUS
XR_245708,UP,2.66028277857564,6.80117173639227e-07,NS,-0.490110625948972,0.457186750064017,UP,2.18671541211454,0.0002344541488289,SHARED C1 & C3
XR_245709,UP,2.66028277857564,6.80117173639227e-07,NS,-0.490110625948972,0.457186750064017,UP,2.18671541211454,0.0002344541488289,SHARED C1 & C3
XR_245927,UP,1.8553742958511,0.0028315424175162,NS,-2.17859147901168,0.0666108400190793,DOWN,-2.43133429233878,0.0053581665184921,C1 SPECIFIC
XR_245930,UP,1.48605763497765,2.75135592675231e-05,NS,0.189805523918382,0.762427850994223,NS,0.659631700880794,0.05593653560817,C1 SPECIFIC
XR_245931,UP,1.48605763497765,2.75135592675231e-05,NS,0.189805523918382,0.762427850994223,NS,0.659631700880794,0.05593653560817,C1 SPECIFIC
XR_246234,DOWN,-1.46414954941549,0.0001595693063803,NS,-0.294493955961158,0.677397075100321,NS,0.792482763485792,0.0563212984779667,DOWN IN LIMBUS
XR_247021,DOWN,-1.0335819455678,7.57828510511261e-05,NS,-0.259787452836159,0.554680367181658,NS,-0.154626826403852,0.568622902323377,DOWN IN LIMBUS
XR_247291,UP,1.20732146630746,8.11458998811229e-05,NS,0.280817083188936,0.586760991099359,NS,0.854698932414337,0.0126339559003927,C1 SPECIFIC
XR_247319,DOWN,-1.05446253259153,5.72387273320326e-06,NS,-0.502048340677864,0.105157760570413,NS,-0.760331629543187,0.001883930491996,DOWN IN LIMBUS
XR_426590,UP,1.34508356412277,0.0012200400768292,NS,0.820874878468481,0.286476927582889,UP,1.38334655029857,0.0107016069517202,SHARED C1 & C3
XR_426598,DOWN,-1.0135548806963,0.00024601000197,NS,0.381610472328303,0.423055914811575,NS,-0.111865310662856,0.730003890662952,DOWN IN LIMBUS
XR_426624,UP,2.99212994090119,9.51605338685837e-08,UP,1.47663940261479,0.012834335852984,UP,2.45053622353973,4.02927752991757e-05,CORE — all 3 contrasts
XR_426764,DOWN,-1.11434987928775,0.0004549360555424,NS,-0.195692670190741,0.768101417705727,NS,-0.0427004517685674,0.921521308311088,DOWN IN LIMBUS
XR_426767,DOWN,-1.11434987928775,0.0004549360555424,NS,-0.195692670190741,0.768101417705727,NS,-0.0427004517685674,0.921521308311088,DOWN IN LIMBUS
XR_426981,UP,1.35698670963424,0.0013033473109059,NS,0.175744295428159,0.868705593644995,NS,0.382242446147012,0.443491543102263,C1 SPECIFIC
XR_426983,NS,-0.47150001054581,0.0229411079629604,NS,0.665154390834267,0.122652186947458,UP,1.29194918800827,0.0005263851410622,C3 SPECIFIC
XR_427064,UP,1.56893306168874,0.0002117259918904,NS,0.37217454873216,0.63106928799156,UP,1.0720702100438,0.0258882321374834,SHARED C1 & C3
XR_427264,DOWN,-1.12496673627909,0.0008708590333813,NS,0.534452968344437,0.389874017977527,NS,-0.580834739759221,0.131626214317232,DOWN IN LIMBUS
XR_427357,DOWN,-1.25432800656993,0.0002939695679077,NS,0.6986387484645,0.232274884621308,NS,-0.18313996236599,0.642179991613215,DOWN IN LIMBUS
XR_427363,UP,1.42229782461759,0.0060753757280842,NS,0.19005392303372,0.896542092124102,NS,-0.504415136277787,0.445847824636494,C1 SPECIFIC
XR_427486,DOWN,-1.19873994389246,0.0028390058318791,NS,-0.235626451773703,0.809797216839306,NS,0.890149396290704,0.0732711098004421,DOWN IN LIMBUS
XR_427509,DOWN,-1.49377201800642,5.84445600961283e-06,NS,0.012310519981197,0.988430822894067,NS,-0.0186932580304848,0.957889539210252,DOWN IN LIMBUS
XR_427552,DOWN,-1.74947109540734,7.49766467180123e-05,NS,-0.346036848518447,0.653236588052492,NS,-0.997488432006624,0.0335254293678757,DOWN IN LIMBUS
XR_427700,UP,4.42701644291669,0.0001394678907804,NS,2.2835899204801,0.226270303978844,UP,4.30633968434171,0.0028033305905193,SHARED C1 & C3
XR_428070,DOWN,-2.67777838876135,6.16925383356978e-07,NS,0.124515264457,0.888483801536949,NS,0.147382176451453,0.739131815474436,DOWN IN LIMBUS
XR_428085,UP,1.66472321791215,2.51708909700563e-05,NS,0.642532791986278,0.27659937930102,UP,1.72659187080191,0.0005485742645104,SHARED C1 & C3
XR_428186,DOWN,-1.07306223194008,0.0013647455162856,NS,-0.482197768504863,0.450885801620895,NS,0.0342529498944546,0.942574887624142,DOWN IN LIMBUS
XR_428307,UP,2.77855843615548,9.90811944604824e-08,NS,0.254936746366493,0.677611530982175,UP,1.6078754130021,0.0005859792149297,SHARED C1 & C3
XR_428309,UP,2.77855843615548,9.90811944604824e-08,NS,0.254936746366493,0.677611530982175,UP,1.6078754130021,0.0005859792149297,SHARED C1 & C3
XR_428373,DOWN,-1.45863791645361,0.0075314746987038,NS,-0.495104071898204,0.685656921463865,NS,0.731307040408131,0.285072812088277,DOWN IN LIMBUS
XR_428431,NS,-0.443776452994184,0.310595509938259,NS,-1.46053130965512,0.124267006146053,DOWN,-1.28885738671782,0.0439710848029981,DOWN IN LIMBUS
XR_428432,NS,-0.443776452994184,0.310595509938259,NS,-1.46053130965512,0.124267006146053,DOWN,-1.28885738671782,0.0439710848029981,DOWN IN LIMBUS
XR_428531,UP,1.13151452762405,0.0009479155131887,NS,0.366556132834935,0.578220628372955,NS,0.247482219989991,0.541556502895243,C1 SPECIFIC
XR_428651,UP,2.1115889518766,4.87197609924002e-08,UP,0.845366817129346,0.0283303099773191,UP,1.42660404565321,0.0001311301391332,CORE — all 3 contrasts
XR_428729,UP,2.50386751799428,6.21332274296601e-06,NS,0.519904863122894,0.518073321927,UP,1.13920141979718,0.0271387813005173,SHARED C1 & C3
XR_428979,UP,1.06527674191443,0.0125465982389438,NS,-1.08666584261774,0.208766826388479,NS,0.583656447420954,0.285145496974615,C1 SPECIFIC
XR_428981,UP,1.39982528174599,3.91400994141034e-05,NS,0.235711243917997,0.682584641207265,NS,-0.199463384829437,0.555238353134567,C1 SPECIFIC
XR_429108,DOWN,-2.2792947749658,4.90649751177976e-05,NS,-0.98819531824182,0.254690209393777,NS,-0.930209369158122,0.092427436606255,DOWN IN LIMBUS
XR_429445,NS,0.271675529676592,0.219812008185884,NS,-0.332433772878471,0.523122615835913,DOWN,-1.0577701722476,0.0038109673775421,DOWN IN LIMBUS
XR_429450,DOWN,-1.0683940067894,0.0019423246208905,NS,0.0704925715308518,0.94383583804912,NS,-0.384328694688807,0.347331357798174,DOWN IN LIMBUS
XR_429646,UP,1.11895295906899,0.0003515987366438,NS,0.747981365943293,0.166209093633819,NS,0.981801943141566,0.0101894994051925,C1 SPECIFIC
XR_429679,NS,-0.885260849230128,0.0019100505184521,NS,-0.323854538241581,0.568610523382121,DOWN,-1.00197174784858,0.0089684822070543,DOWN IN LIMBUS
XR_429736,DOWN,-1.607685830149,0.0001118826500442,NS,0.0180000102618116,0.988492312352878,NS,0.138955403211591,0.770807287671815,DOWN IN LIMBUS
XR_429738,DOWN,-1.607685830149,0.0001118826500442,NS,0.0180000102618116,0.988492312352878,NS,0.138955403211591,0.770807287671815,DOWN IN LIMBUS
XR_429809,DOWN,-2.84619466472494,8.78009345440799e-05,NS,0.294597961567345,0.848663996527651,NS,-0.403567738882733,0.594963384613514,DOWN IN LIMBUS
XR_429817,UP,1.12802968891813,0.0016729984546326,NS,-0.602102373809124,0.37658196035847,NS,0.211401990291221,0.637122612859404,C1 SPECIFIC
XR_429867,DOWN,-1.05125754975366,0.0005018098096401,NS,-0.049040532244546,0.953873714587408,NS,-0.193194128047548,0.579892369590063,DOWN IN LIMBUS
XR_429880,UP,1.36232047738741,0.000356566210709,NS,0.215249728789733,0.788502235827803,NS,-0.631612897424249,0.128014606444239,C1 SPECIFIC
XR_430078,UP,1.99535953763213,5.02799556823239e-07,NS,0.314899694841118,0.518605027897252,NS,0.846155839247977,0.0098046795680139,C1 SPECIFIC
XR_430083,UP,1.58545581085137,0.0001396814782676,UP,1.31253049880337,0.0493982651377034,UP,1.6221481087976,0.0019891151089609,CORE — all 3 contrasts
XR_430154,DOWN,-1.83754019593199,4.28632206710102e-06,NS,0.147826602311774,0.829831194531906,NS,0.0656031648396205,0.870176547443928,DOWN IN LIMBUS
XR_430214,UP,1.46666865036164,6.73896911740209e-05,NS,-0.0267018854023346,0.978825915246751,NS,-0.533315369848386,0.142938986448025,C1 SPECIFIC
XR_430219,NS,0.489391169886231,0.0970191614053634,NS,-0.611572597434756,0.34933322863882,DOWN,-1.30189324285373,0.0056441216162247,DOWN IN LIMBUS
XR_430294,UP,1.24061040884043,0.0002449845574887,NS,0.215257000927169,0.746139329581659,NS,0.88614443162205,0.0230375120671016,C1 SPECIFIC
XR_430295,UP,1.24061040884043,0.0002449845574887,NS,0.215257000927169,0.746139329581659,NS,0.88614443162205,0.0230375120671016,C1 SPECIFIC
XR_430345,UP,1.61026375655857,0.0012158094748138,NS,0.420349077644501,0.679428717414638,NS,0.441919811035932,0.451195532745543,C1 SPECIFIC
XR_430346,UP,1.61026375655857,0.0012158094748138,NS,0.420349077644501,0.679428717414638,NS,0.441919811035932,0.451195532745543,C1 SPECIFIC
XR_430347,UP,1.61026375655857,0.0012158094748138,NS,0.420349077644501,0.679428717414638,NS,0.441919811035932,0.451195532745543,C1 SPECIFIC
XR_430492,NS,-0.0854203086839931,0.498912208246814,DOWN,-0.539242232541531,0.0448770848279521,NS,-0.692553345878783,0.0013864158046556,DOWN IN LIMBUS
XR_430518,DOWN,-1.36693480316493,3.24522346236138e-07,NS,-0.222040155827191,0.483369782482144,NS,-0.643979484647347,0.0040596072853855,DOWN IN LIMBUS
XR_430557,DOWN,-1.05446253259153,5.72387273320326e-06,NS,-0.502048340677864,0.105157760570413,NS,-0.760331629543187,0.001883930491996,DOWN IN LIMBUS
XR_432407,NS,-0.495650521359009,0.0465551481994148,NS,-1.00313545416442,0.0583103098065062,DOWN,-1.52208208870207,0.0006643055622662,DOWN IN LIMBUS
YIPF6,NS,-0.462443500316685,0.0970557098628429,NS,-0.285705550415263,0.67115517814732,DOWN,-1.08946194623305,0.0115978751210422,DOWN IN LIMBUS
YKT6,NS,-0.209696903525731,0.588092546077318,NS,-0.421468381728339,0.639371790417932,DOWN,-1.22345634009106,0.0285400355985563,DOWN IN LIMBUS
YOD1,DOWN,-1.10636466949344,0.020346280187259,NS,-0.330503730935591,0.785995003728371,NS,0.588256840823047,0.34868629317686,DOWN IN LIMBUS
ZBED2,DOWN,-1.86860307520021,0.0019244017269178,NS,1.17972361860603,0.303940912862845,NS,-1.41750178483077,0.055448883507887,DOWN IN LIMBUS
ZBTB16,UP,1.10933572669831,0.0118304146587669,NS,0.635500610098426,0.5085826005182,UP,1.3246349999007,0.0299464815933977,SHARED C1 & C3
ZBTB20,NS,0.810227320387765,0.128700502664246,NS,0.232570911714374,0.886666990035352,UP,1.72796801949836,0.0298931591384044,C3 SPECIFIC
ZBTB43,DOWN,-1.10473318906985,0.0061777202638173,NS,-0.0983607998754508,0.934258286770516,NS,0.383202810381353,0.457363952286432,DOWN IN LIMBUS
ZBTB7C,DOWN,-1.2005199223291,7.57828510511261e-05,NS,0.297582768862839,0.55792564098141,NS,0.432963133512006,0.152508018260627,DOWN IN LIMBUS
ZC2HC1A,UP,2.24535291064313,4.49486722836966e-05,NS,-0.0033342546665773,0.99784876658985,NS,0.202029400001203,0.730952713238503,C1 SPECIFIC
ZC3HAV1L,UP,1.31707294316538,0.0005863049858213,NS,-0.0422161313455991,0.96949522675473,NS,0.560779184558057,0.18553933293648,C1 SPECIFIC
ZCCHC2,DOWN,-1.0306353548774,0.0002983183922421,NS,-0.324686364574556,0.529488578546369,NS,-0.327671610625023,0.27982262719208,DOWN IN LIMBUS
ZCCHC24,UP,2.49091899384538,6.1841150100807e-06,NS,0.451484183053904,0.570601264137466,UP,2.06530454851226,0.0008291715889128,SHARED C1 & C3
ZDHHC11,UP,1.00760148324101,0.0185164324615379,NS,-0.49235934114125,0.605901351517106,NS,0.660631116363862,0.232661257371043,C1 SPECIFIC
ZDHHC2,UP,2.25417335754466,4.34563169181404e-05,NS,-0.26309484436305,0.803992953568874,NS,-0.265998689235841,0.636250816622072,C1 SPECIFIC
ZDHHC5,DOWN,-1.03277111796613,5.72387273320326e-06,NS,-0.0251154457264375,0.959677596141465,NS,-0.4026524564193,0.0481042329998594,DOWN IN LIMBUS
ZEB1,UP,2.76963881714284,8.32197543778064e-07,UP,1.33476559202238,0.0449747341465757,UP,2.25390222206776,0.0002475131197956,CORE — all 3 contrasts
ZEB2,UP,3.38338069099734,8.32693616913811e-07,NS,0.352336784818944,0.708785457638049,UP,2.82599520829175,0.0002344541488289,SHARED C1 & C3
ZFAND5,NS,0.323708720014077,0.272891863437142,NS,0.56995492217118,0.390849596340437,UP,1.3268643407271,0.0054031096036508,C3 SPECIFIC
ZFHX4,UP,1.2838027757175,0.0283963144053638,NS,1.33828657744358,0.283704218313078,NS,1.53209738112064,0.0574779480702041,C1 SPECIFIC
ZFP2,DOWN,-1.06891211838903,0.0010583216605901,NS,0.187967671623245,0.801505294372922,NS,-0.327547699557601,0.38601333470026,DOWN IN LIMBUS
ZFP36,NS,-0.905993210468045,0.144422893767778,NS,0.0010942698011327,0.999574559249436,UP,1.86985911531172,0.0404972708182518,C3 SPECIFIC
ZFP36L2,NS,0.830214379670705,0.0028082299285877,NS,0.0073171463504841,0.994040199663899,UP,1.12835201011139,0.0043539504533516,C3 SPECIFIC
ZFP42,NS,0.0073322427272883,0.984078970144217,NS,-0.147297217429922,0.869983507456186,DOWN,-1.78708960750533,0.0008868444605134,DOWN IN LIMBUS
ZFPM2,UP,2.82159562548747,1.1745428174321e-06,NS,0.0529608559516692,0.962213577802167,UP,1.76053965532882,0.0016161505416578,SHARED C1 & C3
ZNF106,UP,1.34752307471077,0.000111521602309,NS,0.588851039989924,0.301680475977396,NS,0.336073474114263,0.343351335505342,C1 SPECIFIC
ZNF141,DOWN,-1.23607920490626,0.0033814891471717,NS,-0.111631320224284,0.926305937787706,NS,-0.371890678804902,0.479733801790893,DOWN IN LIMBUS
ZNF165,DOWN,-1.6629896216963,0.000315258901632,NS,-0.277806724570819,0.768101417705727,NS,-0.18390824894914,0.738152450347386,DOWN IN LIMBUS
ZNF174,DOWN,-1.01440873475475,0.0030008223662192,NS,-0.162864230941117,0.853297309171264,NS,-0.340872190665539,0.415912700635473,DOWN IN LIMBUS
ZNF229,DOWN,-1.50594080166383,0.0001846226618648,NS,0.0137945526397383,0.991065192828902,NS,-0.476294610387242,0.252121662002631,DOWN IN LIMBUS
ZNF280B,UP,1.21356180214939,0.0185886139289157,NS,0.029931174700601,0.988309012397183,NS,1.25886497492383,0.0689231159755703,C1 SPECIFIC
ZNF300P1,UP,1.21581286114831,0.0037551964108838,NS,0.147096060472521,0.898997501210002,NS,0.735056205827157,0.153828111355083,C1 SPECIFIC
ZNF326,DOWN,-1.05387386555587,0.0016966927649299,NS,-0.321873601258238,0.639371790417932,NS,0.585046386990001,0.140047525188606,DOWN IN LIMBUS
ZNF423,UP,1.11288659802219,0.0059556754041483,NS,0.413569145777683,0.639371790417932,UP,1.15526329290784,0.0333522666616221,SHARED C1 & C3
ZNF431,DOWN,-1.31753932128943,0.0002851292960442,NS,-0.0496169496163539,0.960042747823396,NS,-0.610948062239578,0.118552520404949,DOWN IN LIMBUS
ZNF488,DOWN,-1.10197250400455,0.0002910769116903,NS,0.266432315217465,0.638080824043273,NS,-0.0706742351126319,0.854093744252502,DOWN IN LIMBUS
ZNF503,UP,1.40328308404188,6.92229659179921e-05,NS,0.0969755879627119,0.902216933131268,NS,0.762466262598887,0.0390777379024808,C1 SPECIFIC
ZNF521,UP,2.69339559300399,4.29542153590485e-05,NS,0.242961816175764,0.857995676340751,UP,1.92217789393079,0.0077738879410153,SHARED C1 & C3
ZNF532,UP,1.99535953763213,5.02799556823239e-07,NS,0.314899694841118,0.518605027897252,NS,0.846155839247977,0.0098046795680139,C1 SPECIFIC
ZNF536,UP,1.26519411513837,9.71567026695247e-05,NS,0.293258975522963,0.596894470576453,UP,1.0590541131326,0.0053448045560875,SHARED C1 & C3
ZNF57,DOWN,-1.28875770561705,0.0008686298467968,NS,-0.513959676292924,0.484207055321824,NS,0.23085211117362,0.617280390783244,DOWN IN LIMBUS
ZNF667-AS1,NS,-0.781264960540494,0.000966061197781,NS,0.460228946208083,0.288420078687073,UP,1.27794517082083,0.0005282411124755,C3 SPECIFIC
ZNF675,DOWN,-1.40438226692691,6.68134884602024e-06,NS,-0.559431689279921,0.18758827543579,NS,-0.597383805146453,0.0374643567255176,DOWN IN LIMBUS
ZNF702P,NS,0.300538058530536,0.170914121707556,NS,-0.278070802894492,0.588290777159547,DOWN,-1.24090900175912,0.0013144284898467,DOWN IN LIMBUS
ZNF703,UP,1.57186823532278,0.0009020904146166,NS,-0.0089662985102254,0.995500376717069,UP,1.28271043889394,0.0276993487652438,SHARED C1 & C3
ZNF704,UP,1.0952863391996,0.0033798087792095,NS,0.668245729977535,0.365578996682604,UP,1.4586489873035,0.005674546524667,SHARED C1 & C3
ZNF711,UP,2.48587002260866,4.26791287118838e-07,NS,0.392139658312654,0.51297642629648,NS,0.488038287625236,0.167205747360341,C1 SPECIFIC
ZNF750,DOWN,-1.42150176262446,0.031023252311234,NS,-0.731284111345126,0.633089656984853,NS,0.347670952407611,0.720934777000726,DOWN IN LIMBUS
ZNF826P,DOWN,-1.08150014499292,0.002915597921376,NS,0.0183853439932014,0.988668012753271,NS,-0.539930481632856,0.214165205551528,DOWN IN LIMBUS
ZNF83,DOWN,-1.62361717976958,3.09820608546244e-05,NS,-0.138683184171265,0.861409774493067,NS,-0.0209774853848668,0.964505373473077,DOWN IN LIMBUS
ZNF91,DOWN,-1.83754019593199,4.28632206710102e-06,NS,0.147826602311774,0.829831194531906,NS,0.0656031648396205,0.870176547443928,DOWN IN LIMBUS
ZNRF2,DOWN,-1.00311454550393,5.41344026233896e-05,NS,-0.0178556741973148,0.978709450977568,NS,-0.228820984551064,0.344705022684563,DOWN IN LIMBUS
