"gene","logFC","direction","degree","degree_norm","betweenness","closeness","eigenvector","clustering_coeff","module","module_sz","MCC","degree_n","betweenness_n","closeness_n","eigenvector_n","MCC_n","hub_score","hub_rank","is_hub"
"COL1A1",2.45807943562336,"Up",47,0.076797385620915,0.0434094611356186,0.302073050345508,1,0.285846438482886,4,48,2209,1,0.332601345166483,0.862466356964365,1,1,0.83901354042617,1,TRUE
"MMP9",-2.71517277726633,"Down",44,0.0718954248366013,0.0946545931114516,0.333514986376022,0.453902774267347,0.187103594080338,2,59,1936,0.934782608695652,0.725239249036034,1,0.453902774059608,0.876358695652174,0.798056665488694,2,TRUE
"COL1A2",2.45261671799679,"Up",42,0.0686274509803922,0.018601231445078,0.294939759036145,0.992193540844467,0.362369337979094,4,48,1764,0.891304347826087,0.142521801435346,0.8312638400564,0.992193540841497,0.798460144927536,0.731148735017373,3,TRUE
"PTK2",-1.35140844740038,"Down",37,0.0604575163398693,0.0603774016754046,0.313364055299539,0.805998323190327,0.310810810810811,15,43,1369,0.782608695652174,0.462608944906233,0.911855588064963,0.805998323116527,0.619565217391304,0.71652735382624,4,TRUE
"ITGA2",-1.20418504110952,"Down",36,0.0588235294117647,0.0171015959086589,0.293525179856115,0.982365990995262,0.468253968253968,15,43,1296,0.760869565217391,0.131031661184258,0.825076173120019,0.982365990988554,0.586503623188406,0.657169402739726,5,TRUE
"JUN",2.62920416301607,"Up",31,0.0506535947712418,0.130514989691007,0.31974921630094,0.0783094982468373,0.120430107526882,6,86,961,0.652173913043478,1,0.939785625612255,0.0783094978962187,0.434782608695652,0.621010329049521,6,TRUE
"ITGA6",-1.24694210403086,"Down",33,0.053921568627451,0.0275206990646182,0.285048905449464,0.874334321954275,0.446969696969697,15,43,1089,0.695652173913043,0.210862362474787,0.787999165604163,0.87433432190647,0.492753623188406,0.612320329417374,7,TRUE
"ITGB4",-2.27374438006585,"Down",32,0.0522875816993464,0.0206813456191416,0.284518828451883,0.933261702497924,0.570564516129032,15,43,1024,0.673913043478261,0.158459542985097,0.785680497297732,0.933261702472536,0.463315217391304,0.602926000724986,8,TRUE
"ITGA5",-1.7978354669209,"Down",32,0.0522875816993464,0.0075093896375052,0.288543140028289,0.932556986967075,0.532258064516129,15,43,1024,0.673913043478261,0.0575366067551598,0.803283682778309,0.932556986941419,0.463315217391304,0.586121107468891,9,TRUE
"FGF2",1.69942773565159,"Up",35,0.0571895424836601,0.0637660616974118,0.310975609756098,0.171230841550081,0.156302521008403,10,46,1225,0.739130434782609,0.488572706080561,0.90140802477042,0.17123084123481,0.554347826086957,0.570937966591071,10,TRUE
"COL4A1",2.36422264657668,"Up",31,0.0506535947712418,0.00484039510330561,0.287864534336783,0.927651108367246,0.554838709677419,15,43,961,0.652173913043478,0.0370868902856692,0.800315318716791,0.927651108339724,0.434782608695652,0.570401967816263,11,TRUE
"ITGB6",-3.40260080852674,"Down",31,0.0506535947712418,0.0045531108182525,0.279452054794521,0.949309547960155,0.612903225806452,15,43,961,0.652173913043478,0.0348857309726028,0.763517363359105,0.949309547940872,0.434782608695652,0.566933832802342,12,TRUE
"MMP2",2.11571990258637,"Up",33,0.053921568627451,0.0270638773490115,0.306613226452906,0.459339769459489,0.272727272727273,4,48,1089,0.695652173913043,0.207362214969215,0.882326042432452,0.459339769253818,0.492753623188406,0.547486764751387,13,TRUE
"COL6A1",1.9637452536004,"Up",31,0.0506535947712418,0.00323417644490997,0.267950963222417,0.902482270049187,0.544086021505376,15,43,961,0.652173913043478,0.0247801149321381,0.713209169192473,0.902482270012091,0.434782608695652,0.545485615175167,14,TRUE
"CCL2",2.40757122137359,"Up",31,0.0506535947712418,0.0651599884521676,0.318087318087318,0.160211066830814,0.251612903225806,2,59,961,0.652173913043478,0.499252910385492,0.932516133191302,0.160211066511352,0.434782608695652,0.535787326365455,15,TRUE
"IL1B",-2.9327290777741,"Down",35,0.0571895424836601,0.0360194380741525,0.31693423096841,0.177535215472831,0.215126050420168,2,59,1225,0.739130434782609,0.275979319765708,0.927472287543662,0.177535215159959,0.554347826086957,0.534893016667779,16,FALSE
"VWF",1.15540319746716,"Up",30,0.0490196078431373,0.0388610433988116,0.300294406280667,0.464778955752627,0.154022988505747,15,43,900,0.630434782608696,0.297751572373524,0.854686193628878,0.464778955549024,0.407155797101449,0.530961460252314,17,FALSE
"COL3A1",3.06314843448731,"Up",31,0.0506535947712418,0.0152826969263847,0.285714285714286,0.62398930152576,0.363440860215054,4,48,961,0.652173913043478,0.11709533872367,0.790909678866962,0.623989301382723,0.434782608695652,0.523790168142497,18,FALSE
"ITGA3",-1.44844819579334,"Down",28,0.0457516339869281,0.002284509261255,0.279452054794521,0.893801860036397,0.666666666666667,15,43,784,0.58695652173913,0.0175038075447391,0.763517363359105,0.893801859995999,0.354619565217391,0.523279823571273,19,FALSE
"ITGA11",1.37006116668092,"Up",28,0.0457516339869281,0.00111870750516799,0.272727272727273,0.918904673827436,0.71957671957672,15,43,784,0.58695652173913,0.00857148675272102,0.734101751819417,0.918904673796586,0.354619565217391,0.520630799865049,20,FALSE
"ITGB2",1.61388821514623,"Up",28,0.0457516339869281,0.0296195287841378,0.301329394387001,0.53724423415968,0.275132275132275,15,43,784,0.58695652173913,0.2269435016948,0.859213449349536,0.537244233983644,0.354619565217391,0.5129954543969,21,FALSE
"ITGA8",2.04466618459593,"Up",28,0.0457516339869281,0.00300730141171328,0.272970561998216,0.862382875720996,0.605820105820106,15,43,784,0.58695652173913,0.0230418085986371,0.735165950274366,0.862382875668645,0.354619565217391,0.512433344299634,22,FALSE
"THBS2",1.45867162902071,"Up",27,0.0441176470588235,0.00363169634933823,0.285714285714286,0.8279749891166,0.578347578347578,15,43,729,0.565217391304348,0.0278258946189725,0.790909678866962,0.82797498905116,0.329710144927536,0.508327619753796,23,FALSE
"ITGA10",1.51823666177768,"Up",27,0.0441176470588235,0.000833007240947135,0.272484416740873,0.897951492938203,0.752136752136752,15,43,729,0.565217391304348,0.00638246413625954,0.733039448642214,0.897951492899383,0.329710144927536,0.506460188381948,24,FALSE
"ITGB8",-1.88296557942165,"Down",27,0.0441176470588235,0.000833007240947135,0.272484416740873,0.897951492938203,0.752136752136752,15,43,729,0.565217391304348,0.00638246413625954,0.733039448642214,0.897951492899383,0.329710144927536,0.506460188381948,25,FALSE
"COL4A2",2.1058778152708,"Up",28,0.0457516339869281,0.00458663130459335,0.276173285198556,0.794117047420657,0.492063492063492,15,43,784,0.58695652173913,0.0351425634362165,0.749175335350083,0.794117047342338,0.354619565217391,0.504002206617032,26,FALSE
"COL6A2",1.66666885902599,"Up",28,0.0457516339869281,0.00441552581170602,0.26075841499787,0.830401760770877,0.568783068783069,15,43,784,0.58695652173913,0.0338315608204065,0.681747450070869,0.830401760706361,0.354619565217391,0.497511371710832,27,FALSE
"PECAM1",2.53619236485063,"Up",28,0.0457516339869281,0.052738190328932,0.310817673946166,0.174293978622476,0.21957671957672,2,59,784,0.58695652173913,0.404077650036897,0.900717180310822,0.174293978308371,0.354619565217391,0.484132979122522,28,FALSE
"FBN1",2.26140548368546,"Up",28,0.0457516339869281,0.0245102894940121,0.281508739650414,0.505647721326437,0.325396825396825,4,48,784,0.58695652173913,0.187796739302053,0.772513735609616,0.505647721138382,0.354619565217391,0.481506856601314,29,FALSE
"ITGA7",1.20402054948201,"Up",26,0.042483660130719,0.00240222689715824,0.274685816876122,0.789449295624786,0.556923076923077,15,43,676,0.543478260869565,0.0184057547937251,0.742668835970213,0.789449295544691,0.30570652173913,0.479941733783465,30,FALSE
"BCL2",1.80204753990064,"Up",26,0.042483660130719,0.0673844400438453,0.302371541501976,0.0833084231367443,0.116923076923077,6,86,676,0.543478260869565,0.516296558758327,0.863772020080119,0.0833084227880273,0.30570652173913,0.462512356847034,31,FALSE
"CXCL12",4.02444631278207,"Up",29,0.0473856209150327,0.0212311651175631,0.308157099697885,0.268388334447952,0.273399014778325,2,59,841,0.608695652173913,0.162672235333487,0.889079268810153,0.268388334169641,0.380434782608696,0.461854054619178,32,FALSE
"DCN",2.63613456484778,"Up",28,0.0457516339869281,0.0192197648334227,0.291012838801712,0.398590135250771,0.28042328042328,4,48,784,0.58695652173913,0.147260976527871,0.814086664795062,0.39859013502199,0.354619565217391,0.460302772660289,33,FALSE
"TLR4",1.76900748272006,"Up",25,0.0408496732026144,0.0595322141806505,0.313203684749232,0.127478129920014,0.193333333333333,2,59,625,0.521739130434783,0.456133156211348,0.911154093538738,0.1274781295881,0.282608695652174,0.459822641085028,34,FALSE
"COL6A3",1.61727955869219,"Up",25,0.0408496732026144,0.000907626469008281,0.260314759676733,0.805394595004096,0.676666666666667,15,43,625,0.521739130434783,0.00695419331646946,0.679806808358832,0.805394594930067,0.282608695652174,0.459300684538465,35,FALSE
"LAMA4",2.16261333657404,"Up",24,0.0392156862745098,0.00646650681041816,0.269247690277167,0.712718410487457,0.615942028985507,15,43,576,0.5,0.0495460852866599,0.718881326138838,0.712718410378173,0.260416666666667,0.448312497694067,36,FALSE
"ITGAM",1.10893635735468,"Up",24,0.0392156862745098,0.0534218749245112,0.309559939301973,0.150566959541442,0.246376811594203,2,59,576,0.5,0.409316010758512,0.895215584371561,0.150566959218311,0.260416666666667,0.44310304420301,37,FALSE
"PIK3R1",1.62110571441593,"Up",24,0.0392156862745098,0.0563457668850372,0.302521008403361,0.150490543312655,0.072463768115942,10,46,576,0.5,0.431718739881414,0.864425819752021,0.150490542989495,0.260416666666667,0.441410353857919,38,FALSE
"CALML5",-1.73505817620165,"Down",21,0.0343137254901961,0.09765260630062,0.261762189905902,0.00349949788879741,0.0285714285714286,5,47,441,0.434782608695652,0.748209891689925,0.686138172695441,0.00349949750972049,0.199275362318841,0.414381106581916,39,FALSE
"BGN",2.92085747167346,"Up",24,0.0392156862745098,0.0129853896624135,0.281767955801105,0.422198719948729,0.347826086956522,4,48,576,0.5,0.099493473455856,0.773647601587321,0.422198719728929,0.260416666666667,0.411151292287755,40,FALSE
"COL5A1",1.68534153669998,"Up",24,0.0392156862745098,0.00254840217227908,0.260647359454855,0.52292910909777,0.452898550724638,4,48,576,0.5,0.0195257431986349,0.681261669761563,0.522929108916289,0.260416666666667,0.396826637708631,41,FALSE
"MAPK1",-1.03644211536571,"Down",21,0.0343137254901961,0.0626992048927254,0.296799224054316,0.0244341835576383,0.0904761904761905,6,86,441,0.434782608695652,0.480398497070453,0.839397531245081,0.0244341831865251,0.199275362318841,0.39565763650331,42,FALSE
"LAMA2",2.0746439816929,"Up",20,0.0326797385620915,0.0159880623863989,0.253941908713693,0.584445351178761,0.631578947368421,15,43,400,0.41304347826087,0.122499817256627,0.651930617509149,0.584445351020681,0.18070652173913,0.390525157157291,43,FALSE
"LAMC2",-3.73997780126219,"Down",20,0.0326797385620915,0.00321789721835387,0.261986301369863,0.605717003587099,0.694736842105263,15,43,400,0.41304347826087,0.0246553842280662,0.68711848338797,0.605717003437111,0.18070652173913,0.382248174210629,44,FALSE
"PDGFRB",2.52350047708033,"Up",19,0.0310457516339869,0.0485924685221395,0.293807009121459,0.144844377089604,0.192982456140351,10,46,361,0.391304347826087,0.372313315406772,0.826308953618625,0.144844376764296,0.16304347826087,0.37956289437533,45,FALSE
"MET",-1.27707713665752,"Down",22,0.0359477124183007,0.0228986767734997,0.293525179856115,0.221107837935329,0.12987012987013,10,46,484,0.456521739130435,0.1754486348864,0.825076173120019,0.221107837639032,0.21875,0.379380876955177,46,FALSE
"LAMB3",-2.11115031801425,"Down",19,0.0310457516339869,0.000946388867731277,0.261538461538462,0.588306081158999,0.777777777777778,15,43,361,0.391304347826087,0.00725118907775915,0.685159537747685,0.588306081002387,0.16304347826087,0.367012926782958,47,FALSE
"CCN2",2.80259964005887,"Up",19,0.0310457516339869,0.0220748522965511,0.295652173913043,0.26574678185422,0.333333333333333,4,48,361,0.391304347826087,0.169136528676232,0.834380092607693,0.265746781574904,0.16304347826087,0.364722245789157,48,FALSE
"LAMA3",-1.45152747173603,"Down",19,0.0310457516339869,0.00124744620847796,0.260093497662558,0.555148236662413,0.637426900584795,15,43,361,0.391304347826087,0.00955787692610085,0.67883896175914,0.555148236493188,0.16304347826087,0.359578580253077,49,FALSE
"GNG2",2.19383096776004,"Up",20,0.0326797385620915,0.0600514188857731,0.269247690277167,0.00991733207816068,0.0526315789473684,11,29,400,0.41304347826087,0.460111279385949,0.718881326138838,0.00991733170152516,0.18070652173913,0.356531987445262,50,FALSE
"LUM",2.46012149121786,"Up",21,0.0343137254901961,0.00653335184851094,0.259872611464968,0.37319185073692,0.457142857142857,4,48,441,0.434782608695652,0.0500582489718506,0.677872759060253,0.373191850498477,0.199275362318841,0.347036165909015,51,FALSE
"MMP1",-2.54175014064434,"Down",18,0.0294117647058824,0.0185814717758366,0.303270564915758,0.177915068174156,0.34640522875817,2,59,324,0.369565217391304,0.142370403735449,0.867704537630939,0.177915067861428,0.146286231884058,0.340768291700636,52,FALSE
"LAMC3",1.23972003923119,"Up",18,0.0294117647058824,0.00122086047612227,0.248376623376623,0.540991464071923,0.679738562091503,15,43,324,0.369565217391304,0.00935417823663506,0.627586888605268,0.540991463897312,0.146286231884058,0.338756796002916,53,FALSE
"PDGFRA",2.98511707926186,"Up",20,0.0326797385620915,0.0186241224866957,0.295795070082165,0.115946503238556,0.226315789473684,10,46,400,0.41304347826087,0.142697191570012,0.835005150514308,0.115946502902255,0.18070652173913,0.337479768997315,54,FALSE
"VCAM1",1.9848129136565,"Up",20,0.0326797385620915,0.00700717142681008,0.296511627906977,0.183539077873264,0.352631578947368,2,59,400,0.41304347826087,0.0536886333393544,0.838139525191376,0.183539077562676,0.18070652173913,0.333823447218681,55,FALSE
"POSTN",2.28830198955315,"Up",19,0.0310457516339869,0.00369124506474841,0.270916334661355,0.356661077279987,0.473684210526316,4,48,361,0.391304347826087,0.0282821542068647,0.726180327729121,0.356661077035255,0.16304347826087,0.33309427701164,56,FALSE
"SPARC",1.46659677588874,"Up",19,0.0310457516339869,0.00860729838917183,0.273703041144902,0.288201633565995,0.298245614035088,4,48,361,0.391304347826087,0.0659487343909656,0.738369968162882,0.288201633295221,0.16304347826087,0.329373632387205,57,FALSE
"KIT",2.35434972016387,"Up",21,0.0343137254901961,0.016047779244368,0.289498580889309,0.0775620189443428,0.128571428571429,10,46,441,0.434782608695652,0.122957365145268,0.807462982112605,0.0775620185934398,0.199275362318841,0.328408067373161,58,FALSE
"CXCL10",-1.71787429292768,"Down",20,0.0326797385620915,0.0201596769108169,0.28021978021978,0.0892314594274636,0.368421052631579,2,59,400,0.41304347826087,0.154462540728423,0.766875555885308,0.0892314590809999,0.18070652173913,0.320863911138946,59,FALSE
"NID1",2.54622102792761,"Up",17,0.0277777777777778,0.00216599971251591,0.25542570951586,0.363226430232949,0.323529411764706,15,43,289,0.347826086956522,0.0165957926951065,0.658421074383788,0.363226429990716,0.130434782608696,0.303300833326965,60,FALSE
"ACTA2",1.99296740006964,"Up",16,0.0261437908496732,0.0233602219852227,0.26984126984127,0.171735482690746,0.408333333333333,9,30,256,0.326086956521739,0.17898497360746,0.721477768031073,0.171735482375667,0.115489130434783,0.302754862194144,61,FALSE
"BMP4",1.7029529407332,"Up",17,0.0277777777777778,0.0286427328234697,0.269722344645218,0.0653879467135799,0.117647058823529,8,25,289,0.347826086956522,0.219459334834115,0.720957564203744,0.0653879463580459,0.130434782608696,0.296813142992224,62,FALSE
"FOXO3",1.22702544887551,"Up",14,0.022875816993464,0.0317605686942636,0.288815478999528,0.045118568735187,0.120879120879121,6,86,196,0.282608695652174,0.243348053502946,0.804474950733908,0.0451185683719423,0.0883152173913044,0.292773097130455,63,FALSE
"OCLN",-1.59425647018932,"Down",16,0.0261437908496732,0.021954508388352,0.287323943661972,0.0517063570104145,0.283333333333333,18,32,256,0.326086956521739,0.168214459046651,0.797950661374264,0.0517063566496759,0.115489130434783,0.291889512805423,64,FALSE
"FLT1",1.65874768685818,"Up",17,0.0277777777777778,0.00386675416941847,0.29046037019459,0.133881216308818,0.213235294117647,10,46,289,0.347826086956522,0.0296268970987392,0.811670050877694,0.13388121597934,0.130434782608696,0.290687806704198,65,FALSE
"ENG",1.34124978013862,"Up",16,0.0261437908496732,0.0135075978239621,0.286785379568885,0.112303142752538,0.216666666666667,2,59,256,0.326086956521739,0.103494608978947,0.795594868726554,0.112303142414851,0.115489130434783,0.290593741415375,66,FALSE
"EPCAM",-2.15630918613948,"Down",10,0.0163398692810458,0.0533619854788632,0.273458445040214,0.0647621455728716,0.0888888888888889,2,59,100,0.195652173913043,0.408857140510812,0.737300053342201,0.0647621452170994,0.0448369565217391,0.290281693900979,67,FALSE
"IL1A",-2.79442203095006,"Down",17,0.0277777777777778,0.00455740886288949,0.296799224054316,0.0878072595928027,0.426470588235294,2,59,289,0.347826086956522,0.0349186623979293,0.839397531245081,0.0878072592457971,0.130434782608696,0.288076864490805,68,FALSE
"COL14A1",2.58367662911177,"Up",15,0.0245098039215686,0.00421405426753601,0.267716535433071,0.287645427201553,0.466666666666667,4,48,225,0.304347826086957,0.0322878948809845,0.712183732722332,0.287645426930568,0.101449275362319,0.287582831196632,69,FALSE
"THBS4",1.44516242948046,"Up",13,0.0212418300653595,8.51603985775231e-05,0.247974068071313,0.467145335372962,0.782051282051282,15,43,169,0.260869565217391,0.000652495156143671,0.625826027009183,0.46714533517026,0.0760869565217391,0.286116075814943,70,FALSE
"C3",-1.53368039561705,"Down",17,0.0277777777777778,0.0226602679500335,0.272363150867824,0.045561877138274,0.272058823529412,3,26,289,0.347826086956522,0.173621957168916,0.732509006201261,0.0455618767751979,0.130434782608696,0.285990741942118,71,FALSE
"TEK",1.40010895820621,"Up",17,0.0277777777777778,0.00845795560369936,0.281379310344828,0.0803077236219597,0.191176470588235,10,46,289,0.347826086956522,0.0648044766637418,0.771947584597299,0.0803077232721012,0.130434782608696,0.279064130819672,72,FALSE
"CSF1",1.02412898262895,"Up",16,0.0261437908496732,0.00456002125624639,0.28125,0.0771379726833636,0.258333333333333,2,59,256,0.326086956521739,0.0349386784387157,0.771381953944368,0.0771379723322993,0.115489130434783,0.265006938334381,73,FALSE
"CLDN5",1.70997620815451,"Up",12,0.0196078431372549,0.0212712213464628,0.284916201117318,0.0560090415392132,0.363636363636364,18,32,144,0.239130434782609,0.162979144363588,0.787418688936666,0.0560090411801114,0.0647644927536232,0.262060360403319,74,FALSE
"COL16A1",1.41923532370716,"Up",12,0.0196078431372549,0.00232308906783607,0.264705882352941,0.283151624238331,0.590909090909091,4,48,144,0.239130434782609,0.017799404293223,0.699014502760638,0.283151623965636,0.0647644927536232,0.260772091711146,75,FALSE
"MAPK13",-1.32898150560405,"Down",11,0.0179738562091503,0.0232365979384548,0.287593984962406,0.0433570334968565,0.218181818181818,6,86,121,0.217391304347826,0.178037771703214,0.79913187883437,0.0433570331329418,0.0543478260869565,0.258453162821062,76,FALSE
"CLU",1.37309259617966,"Up",13,0.0212418300653595,0.03137358173656,0.260869565217391,0.0300049230208685,0.115384615384615,3,26,169,0.260869565217391,0.240382976781722,0.682233644515136,0.0300049226518744,0.0760869565217391,0.257915613137572,77,FALSE
"GJA1",1.3324337046781,"Up",10,0.0163398692810458,0.0367917228173774,0.272241992882562,0.00651886957474941,0.0888888888888889,18,32,100,0.195652173913043,0.281896530846622,0.731979035684188,0.00651886919682109,0.0448369565217391,0.252176713232483,78,FALSE
"GNB4",1.30561521970802,"Up",12,0.0196078431372549,0.0267716252491268,0.271879164815638,0.0101324547072623,0.227272727272727,11,29,144,0.239130434782609,0.205122992481618,0.730391949386725,0.0101324543307087,0.0647644927536232,0.249908464747057,79,FALSE
"MMP7",-1.79555225436171,"Down",13,0.0212418300653595,0.00279242077525911,0.267482517482518,0.170106736677216,0.358974358974359,2,59,169,0.260869565217391,0.0213954027952662,0.711160088973292,0.170106736361518,0.0760869565217391,0.247923749973841,80,FALSE
"FGFR1",1.94022214773518,"Up",15,0.0245098039215686,0.00871511120815379,0.265279583875163,0.0397637649164398,0.171428571428571,10,46,225,0.304347826086957,0.0667747913767357,0.701523993915687,0.0397637645511581,0.101449275362319,0.242771930258571,81,FALSE
"SNAI1",1.18208588550161,"Up",9,0.0147058823529412,0.0212815704140754,0.281897742975587,0.0537029820035498,0.166666666666667,6,86,81,0.173913043478261,0.163058438455685,0.774215317993478,0.0537029816435707,0.036231884057971,0.240224333125793,82,FALSE
"HCLS1",1.59615891085981,"Up",11,0.0179738562091503,0.0205489388464693,0.265164644714038,0.0691115647481329,0.0909090909090909,15,43,121,0.217391304347826,0.157445048228703,0.701021225843723,0.0691115643940153,0.0543478260869565,0.239863393780245,83,FALSE
"PLAU",-1.93616285218136,"Down",12,0.0196078431372549,0.00498987375412016,0.272120942641174,0.118442325361572,0.348484848484849,2,59,144,0.239130434782609,0.0382321890070531,0.731449536461483,0.11844232502622,0.0647644927536232,0.238403795606198,84,FALSE
"ANGPT1",3.18424352813303,"Up",13,0.0212418300653595,0.00211215174077558,0.277425203989121,0.0810296513390396,0.282051282051282,10,46,169,0.260869565217391,0.0161832119496471,0.754651491522019,0.0810296509894558,0.0760869565217391,0.23776417524005,85,FALSE
"FGF18",1.27582743790107,"Up",13,0.0212418300653595,0.00396424752898262,0.275551553354345,0.0691863903497712,0.269230769230769,10,46,169,0.260869565217391,0.0303738868490734,0.746455749461904,0.0691863899956821,0.0760869565217391,0.236594509609158,86,FALSE
"TAGLN",2.67808327081019,"Up",11,0.0179738562091503,0.00974084950553037,0.266899258613171,0.111364571948349,0.509090909090909,9,30,121,0.217391304347826,0.0746339522271867,0.708608791971216,0.111364571610305,0.0543478260869565,0.233269289248698,87,FALSE
"RASA1",-1.2248922682995,"Down",10,0.0163398692810458,0.0434358673962636,0.236842105263158,0.00642787975517799,0.0444444444444444,7,19,100,0.195652173913043,0.332803668751747,0.577132479714356,0.00642787937721505,0.0448369565217391,0.23137063165562,88,FALSE
"SELE",2.11241045187906,"Up",11,0.0179738562091503,0.00630990056531444,0.274316450022411,0.0944974761741093,0.472727272727273,2,59,121,0.217391304347826,0.0483461752573637,0.741053147643702,0.0944974758296487,0.0543478260869565,0.231127185833099,89,FALSE
"F11R",-1.81588734969122,"Down",13,0.0212418300653595,0.00637024055353314,0.268303375712407,0.0495098928412785,0.346153846153846,18,32,169,0.260869565217391,0.0488084975420419,0.714750695565167,0.0495098924797043,0.0760869565217391,0.230005121465209,90,FALSE
"SFN",-1.16937916350915,"Down",9,0.0147058823529412,0.0283087960651893,0.265049805110437,0.00804389385557848,0.0555555555555556,6,86,81,0.173913043478261,0.21690072636262,0.700518893257312,0.00804389347823029,0.036231884057971,0.227121688126879,91,FALSE
"AGRN",-1.12204342505925,"Down",11,0.0179738562091503,0.00783231647354715,0.252059308072488,0.154709660427633,0.236363636363636,15,43,121,0.217391304347826,0.06001085769604,0.643695726237985,0.154709660106077,0.0543478260869565,0.226031074894977,92,FALSE
"CD163",2.55816347348716,"Up",11,0.0179738562091503,0.00999512032874222,0.27260579064588,0.0384660306226554,0.290909090909091,2,59,121,0.217391304347826,0.0765821638756252,0.73357036363768,0.03846603025688,0.0543478260869565,0.224071537640994,93,FALSE
"TJP2",-1.07622923371202,"Down",11,0.0179738562091503,0.0124355925274123,0.272727272727273,0.018096819128817,0.363636363636364,18,32,121,0.217391304347826,0.0952809524549894,0.734101751819417,0.018096818755293,0.0543478260869565,0.223843730692896,94,FALSE
"COL15A1",2.19758483980373,"Up",10,0.0163398692810458,1.46350158364122e-05,0.237209302325581,0.295231603699591,0.844444444444444,4,48,100,0.195652173913043,0.00011213283524797,0.578738676917291,0.295231603431492,0.0448369565217391,0.222914308723763,95,FALSE
"CXCL5",-1.02246313781676,"Down",12,0.0196078431372549,0.00221186272443573,0.269603524229075,0.0657887683973906,0.575757575757576,2,59,144,0.239130434782609,0.0169471930363884,0.720437818705778,0.0657887680420091,0.0647644927536232,0.221413741464081,96,FALSE
"SOCS3",1.83209142735676,"Up",9,0.0147058823529412,0.0125578001427663,0.275056179775281,0.0549070777346265,0.138888888888889,2,59,81,0.173913043478261,0.0962173017252407,0.744288881209066,0.0549070773751054,0.036231884057971,0.221111637569129,97,FALSE
"CCL20",-2.22896906687629,"Down",12,0.0196078431372549,0.0044973641843956,0.269603524229075,0.0416676438057195,0.515151515151515,2,59,144,0.239130434782609,0.0344586027631238,0.720437818705778,0.041667643441162,0.0647644927536232,0.220091798489259,98,FALSE
"AR",1.91624297644519,"Up",8,0.0130718954248366,0.0364072355182021,0.24928716904277,0.00473319013510103,0.0357142857142857,9,30,64,0.152173913043478,0.278950606396981,0.631569806912013,0.00473318975649342,0.0285326086956522,0.219192024960924,99,FALSE
"ALDH7A1",1.10507654211501,"Up",13,0.0212418300653595,0.0260022611427568,0.232434485377896,0.000541120283580665,0.0512820512820513,5,47,169,0.260869565217391,0.199228159189354,0.55785262304942,0.000541119903378354,0.0760869565217391,0.218915684776256,100,FALSE
"TGFA",-2.85786752225815,"Down",13,0.0212418300653595,0.0019667625401644,0.261426740709099,0.0469913855840174,0.435897435897436,10,46,169,0.260869565217391,0.0150692464123906,0.684670847335926,0.0469913852214851,0.0760869565217391,0.216737600141787,101,FALSE
"LRP1",1.2767842412278,"Up",8,0.0130718954248366,0.0161817193641253,0.268421052631579,0.053764876100948,0.321428571428571,2,59,64,0.152173913043478,0.123983608338287,0.715265439166809,0.0537648757409924,0.0285326086956522,0.214744088997044,102,FALSE
"PRKCZ",-1.01930580752671,"Down",9,0.0147058823529412,0.0183959825941599,0.26311263972485,0.0122308879900983,0.0833333333333333,18,32,81,0.173913043478261,0.140949193940958,0.692045324314742,0.0122308876143429,0.036231884057971,0.211074066681255,103,FALSE
"TNXB",1.5850333546769,"Up",8,0.0130718954248366,0.00214938459372907,0.245585874799358,0.235695119631321,0.464285714285714,15,43,64,0.152173913043478,0.0164684883998207,0.615379567203197,0.235695119340573,0.0285326086956522,0.209649939336544,104,FALSE
"ANPEP",1.22973922026612,"Up",7,0.011437908496732,0.0139713777462812,0.272120942641174,0.0512207172166317,0.142857142857143,2,59,49,0.130434782608696,0.107048069952412,0.731449536461483,0.0512207168557083,0.0217391304347826,0.208378447262616,105,FALSE
"A2M",3.06530609293026,"Up",10,0.0163398692810458,0.00529656144659629,0.263339070567986,0.0623209490132936,0.333333333333333,2,59,100,0.195652173913043,0.040582016357936,0.693035780459745,0.0623209486565928,0.0448369565217391,0.207285575181811,106,FALSE
"EGR1",3.40419890324655,"Up",10,0.0163398692810458,0.00335308774438167,0.270557029177719,0.0209479423016927,0.377777777777778,6,86,100,0.195652173913043,0.0256912079778734,0.724608649952055,0.0209479419292533,0.0448369565217391,0.202347386058793,107,FALSE
"FBLN2",1.74231207601446,"Up",11,0.0179738562091503,0.000591479822758753,0.238224990268587,0.152169153958544,0.4,4,48,121,0.217391304347826,0.00453189188582152,0.58318150966313,0.152169153636023,0.0543478260869565,0.202324337123951,108,FALSE
"BMP7",1.18513387370998,"Up",10,0.0163398692810458,0.00759224961560454,0.258664412510566,0.0386600139136587,0.266666666666667,8,25,100,0.195652173913043,0.058171476192728,0.672587842649589,0.0386600135479571,0.0448369565217391,0.201981692565011,109,FALSE
"MCAM",1.14688721840921,"Up",6,0.00980392156862745,0.0222576429570995,0.256388772517805,0.0421833837293145,0.0666666666666667,2,59,36,0.108695652173913,0.170537062522813,0.662633714566053,0.0421833833649532,0.0158514492753623,0.199980252380619,110,FALSE
"SHC3",1.61061174592061,"Up",9,0.0147058823529412,0.00257946707151766,0.263452432199742,0.0654258236684273,0.194444444444444,10,46,81,0.173913043478261,0.0197637610639554,0.693531648086365,0.0654258233129077,0.036231884057971,0.197773231999892,111,FALSE
"COL17A1",-1.02481119076831,"Down",9,0.0147058823529412,0.00569404737733813,0.229902329075883,0.186669125345393,0.555555555555556,15,43,81,0.173913043478261,0.043627535739908,0.546776438662633,0.186669125035995,0.036231884057971,0.197443605394954,112,FALSE
"AREG",-2.58271594555719,"Down",11,0.0179738562091503,0.00297747097145448,0.254575707154742,0.0378437875669017,0.345454545454545,10,46,121,0.217391304347826,0.0228132491026787,0.654702985230501,0.0378437872008896,0.0543478260869565,0.19741983039377,113,FALSE
"NFATC1",1.08474154455916,"Up",5,0.00816993464052288,0.0205556848237917,0.270437472381794,0.00615589102097464,0.4,6,86,25,0.0869565217391304,0.157496735604524,0.724085683374003,0.00615589064290824,0.0108695652173913,0.197112879315591,114,FALSE
"TIMP2",1.24340561849585,"Up",9,0.0147058823529412,0.000395977163532803,0.264935064935065,0.0711043784797471,0.611111111111111,2,59,81,0.173913043478261,0.00303395927525471,0.700016995590889,0.0711043781263877,0.036231884057971,0.196860052105753,115,FALSE
"CDK6",-1.19825889149557,"Down",8,0.0130718954248366,0.0143782207652547,0.260093497662558,0.00972789442604797,0.178571428571429,6,86,64,0.152173913043478,0.110165282924935,0.67883896175914,0.00972789404934038,0.0285326086956522,0.195887732094509,116,FALSE
"IFIH1",-1.04205853945716,"Down",9,0.0147058823529412,0.01998778076997,0.24256837098692,0.00956891878882373,0.416666666666667,19,11,81,0.173913043478261,0.153145480203392,0.602180370697113,0.00956891841205567,0.036231884057971,0.195007939369759,117,FALSE
"PRKG1",1.65186257245904,"Up",9,0.0147058823529412,0.0211608246245797,0.241897233201581,0.00215223165754616,0.111111111111111,6,86,81,0.173913043478261,0.162133289629626,0.599244672828286,0.00215223127795673,0.036231884057971,0.19473502425442,118,FALSE
"CCL19",1.54671418982249,"Up",10,0.0163398692810458,0.00016259662428039,0.260204081632653,0.0447684852585735,0.688888888888889,2,59,100,0.195652173913043,0.00124580804599791,0.679322679309283,0.0447684848951957,0.0448369565217391,0.193165220537052,119,FALSE
"CTSK",1.7104197106941,"Up",7,0.011437908496732,0.00397657184701016,0.276547672842296,0.0318472843227315,0.238095238095238,2,59,49,0.130434782608696,0.0304683152212988,0.750812985668469,0.0318472839544383,0.0217391304347826,0.193060499577537,120,FALSE
"MITF",1.63128666629676,"Up",7,0.011437908496732,0.010227556627824,0.270198675496689,0.00938638570623916,0.238095238095238,6,86,49,0.130434782608696,0.0783630803790249,0.723041135559828,0.00938638532940166,0.0217391304347826,0.192592902862347,121,FALSE
"ASPN",2.27547969986059,"Up",8,0.0130718954248366,0.00510809446547272,0.236384704519119,0.162621991260186,0.392857142857143,4,48,64,0.152173913043478,0.0391379907975788,0.575131712630746,0.162621990941641,0.0285326086956522,0.191519643221819,122,FALSE
"CACNA1C",1.0535925983504,"Up",9,0.0147058823529412,0.0197348621224443,0.238782676550917,0.000695622836950225,0.111111111111111,6,86,81,0.173913043478261,0.151207628864443,0.585620946789565,0.000695622456806688,0.036231884057971,0.189533825129409,123,FALSE
"PLAT",-1.14060333499846,"Down",8,0.0130718954248366,0.00231676377166657,0.26299957026214,0.0575074715654196,0.285714285714286,2,59,64,0.152173913043478,0.0177509401575366,0.691550734696996,0.0575074712068878,0.0285326086956522,0.18950313356011,124,FALSE
"SOX10",1.52400425154944,"Up",7,0.011437908496732,0.0184062563409844,0.252059308072488,0.00591915267681286,0.0476190476190476,10,46,49,0.130434782608696,0.141027910928554,0.643695726237985,0.0059191522986564,0.0217391304347826,0.188563340501735,125,FALSE
"EREG",-2.15837647779678,"Down",10,0.0163398692810458,0.00117415375837386,0.254364089775561,0.0377076718068452,0.422222222222222,10,46,100,0.195652173913043,0.00899631345911806,0.653777326293336,0.0377076714407813,0.0448369565217391,0.188194088325604,126,FALSE
"NCF2",-1.68772823848879,"Down",6,0.00980392156862745,0.00394392833841342,0.273458445040214,0.0487052373415562,0.2,6,86,36,0.108695652173913,0.0302182021218454,0.737300053342201,0.0487052369796759,0.0158514492753623,0.188154118778599,127,FALSE
"IDO1",-1.25382124303615,"Down",7,0.011437908496732,0.0153889403675343,0.253521126760563,0.019818658109713,0.238095238095238,2,59,49,0.130434782608696,0.117909371206843,0.650090028720933,0.019818657736844,0.0217391304347826,0.18799839414162,128,FALSE
"GPC3",1.45530662818448,"Up",7,0.011437908496732,0.0150254321994473,0.254575707154742,0.0129718295447337,0.0476190476190476,12,24,49,0.130434782608696,0.115124187919103,0.654702985230501,0.0129718291692602,0.0217391304347826,0.186994583072468,129,FALSE
"TIMP3",1.73165266854859,"Up",8,0.0130718954248366,0.000593761811335698,0.260425531914894,0.0693559258006465,0.5,2,59,64,0.152173913043478,0.00454937637999608,0.680291349433103,0.0693559254466219,0.0285326086956522,0.18698063459977,130,FALSE
"PPBP",-2.35375489482404,"Down",9,0.0147058823529412,0.0021565653213796,0.256711409395973,0.0428628190205086,0.472222222222222,2,59,81,0.173913043478261,0.0165235068131657,0.664044996148366,0.0428628186564058,0.036231884057971,0.186715249830834,131,FALSE
"SMAD9",2.46358527642382,"Up",7,0.011437908496732,0.00971987703387886,0.263339070567986,0.0107280088896983,0.285714285714286,8,25,49,0.130434782608696,0.0744732620895928,0.693035780459745,0.0107280085133712,0.0217391304347826,0.186082192821237,132,FALSE
"VAV2",-1.01519225812625,"Down",6,0.00980392156862745,0.00711730690326734,0.26131511528608,0.0658553082445519,0.333333333333333,8,25,36,0.108695652173913,0.0545324864225749,0.68418257425159,0.0658553078891956,0.0158514492753623,0.185823494002527,133,FALSE
"ADCY2",1.43734924356008,"Up",8,0.0130718954248366,0.018615226224959,0.241992882562278,0.00104199534559986,0.107142857142857,5,47,64,0.152173913043478,0.142629028811406,0.59966306325494,0.00104199496558809,0.0285326086956522,0.184808121754213,134,FALSE
"ACKR1",2.29898668118872,"Up",8,0.0130718954248366,0.0146297489890574,0.246178600160901,0.0123503764186833,0.107142857142857,2,59,64,0.152173913043478,0.112092480899652,0.617972272633726,0.0123503760429733,0.0285326086956522,0.184624330263096,135,FALSE
"NID2",1.65596208310931,"Up",8,0.0130718954248366,0.000192591068303402,0.233855559801299,0.176567341160294,0.535714285714286,15,43,64,0.152173913043478,0.00147562413144544,0.564068701546804,0.176567340847054,0.0285326086956522,0.184563637652887,136,FALSE
"CLDN1",-1.35948087200836,"Down",9,0.0147058823529412,0.00203142784296301,0.252267106347898,0.0506139371760285,0.5,18,32,81,0.173913043478261,0.0155647090634753,0.644604679611783,0.0506139368148743,0.036231884057971,0.184185650605273,137,FALSE
"COL8A1",2.17845860985762,"Up",7,0.011437908496732,0.000253407575633977,0.236384704519119,0.191462047249503,0.714285714285714,4,48,49,0.130434782608696,0.00194159748419639,0.575131712630746,0.191462046941928,0.0217391304347826,0.18414185402007,138,FALSE
"NR4A1",2.02238748942979,"Up",7,0.011437908496732,0.0093138185194772,0.26131511528608,0.00929295096789788,0.523809523809524,6,86,49,0.130434782608696,0.0713620599559299,0.68418257425159,0.00929295059102484,0.0217391304347826,0.183402299568405,139,FALSE
"ADAMTS2",1.70447559444477,"Up",7,0.011437908496732,0.00329409884810039,0.237577639751553,0.156963753330814,0.619047619047619,4,48,49,0.130434782608696,0.02523923769905,0.580349862310298,0.156963753010116,0.0217391304347826,0.182945353212589,140,FALSE
"DUSP1",1.80021463699207,"Up",8,0.0130718954248366,0.00678020880774939,0.258992805755396,0.00788124704822533,0.535714285714286,6,86,64,0.152173913043478,0.0519496559268899,0.674024303790717,0.00788124667081526,0.0285326086956522,0.182912345625511,141,FALSE
"CLDN7",-1.93610438407046,"Down",7,0.011437908496732,0.00324456680187432,0.258118937157318,0.0515234456855757,0.476190476190476,18,32,49,0.130434782608696,0.0248597253813972,0.670201818695923,0.0515234453247675,0.0217391304347826,0.179751780489113,142,FALSE
"PRKD1",2.37577517613946,"Up",5,0.00816993464052288,0.00542470098312956,0.269603524229075,0.0349246192449089,0.2,15,43,25,0.0869565217391304,0.0415638157423335,0.720437818705778,0.0349246188777864,0.0108695652173913,0.178950468056484,143,FALSE
"FBLN5",2.72672366673617,"Up",9,0.0147058823529412,0.000512660452804431,0.235023041474654,0.109073375309471,0.472222222222222,4,48,81,0.173913043478261,0.00392798140671926,0.569175512003961,0.109073374970556,0.036231884057971,0.178464359183494,144,FALSE
"S100B",1.92614242843162,"Up",6,0.00980392156862745,0.00661434353194373,0.263679448513572,0.014932847247215,0.0666666666666667,10,46,36,0.108695652173913,0.0506788036194396,0.694524665203354,0.0149328468724874,0.0158514492753623,0.176936683428911,145,FALSE
"HMGA2",-2.02068283492741,"Down",7,0.011437908496732,0.0185238815475845,0.237947122861586,0.00312922471641009,0.0476190476190476,6,86,49,0.130434782608696,0.141929149988363,0.581966059166425,0.00312922433719232,0.0217391304347826,0.175839669307092,146,FALSE
"C4A",1.00720580855768,"Up",11,0.0179738562091503,0.00383511069500211,0.233676975945017,0.0136460427709421,0.545454545454545,3,26,121,0.217391304347826,0.0293844462163442,0.56328753818848,0.013646042395725,0.0543478260869565,0.175611431447066,147,FALSE
"AOC3",1.85682950546887,"Up",4,0.0065359477124183,0.0194707052328322,0.252371134020619,0.0063357030952104,0,5,47,16,0.0652173913043478,0.14918367061844,0.645059718537882,0.0063357027172124,0.00679347826086957,0.17451799228775,148,FALSE
"PDGFD",2.268719538946,"Up",8,0.0130718954248366,0.00029146452501928,0.254047322540473,0.0359145070079952,0.321428571428571,10,46,64,0.152173913043478,0.00223318812428611,0.652391719764728,0.0359145066412492,0.0285326086956522,0.174249187253879,149,FALSE
"FBLN1",2.31151518346652,"Up",7,0.011437908496732,0.000876871087724128,0.246674727932285,0.0913265033156459,0.380952380952381,4,48,49,0.130434782608696,0.00671854696384004,0.620142439882441,0.0913265029699791,0.0217391304347826,0.174072280571948,150,FALSE
"RECK",2.439505270077,"Up",5,0.00816993464052288,0.00580068156767724,0.257792754844145,0.053140720983445,0.4,4,48,25,0.0869565217391304,0.0444445621258547,0.668775028635002,0.0531407206232521,0.0108695652173913,0.172837279668126,151,FALSE
"FMOD",3.05762371808134,"Up",7,0.011437908496732,0.00131183957334606,0.243146603098927,0.0968250402162088,0.619047619047619,4,48,49,0.130434782608696,0.010051256000953,0.604709679605042,0.0968250398726337,0.0217391304347826,0.172751977704421,152,FALSE
"MRC1",2.49799118744863,"Up",6,0.00980392156862745,8.14717207407772e-06,0.265740338688667,0.0305294711045324,0.933333333333333,2,59,36,0.108695652173913,6.24232671922672e-05,0.70353943240478,0.0305294707357379,0.0158514492753623,0.171735685571397,153,FALSE
"IL6ST",1.15001307682115,"Up",5,0.00816993464052288,0.0105792108917779,0.257250945775536,0.0102006448666673,0.1,10,46,25,0.0869565217391304,0.0810574395847103,0.666405041781673,0.0102006444901396,0.0108695652173913,0.171097842562609,154,FALSE
"KRT14",-1.14156457566276,"Down",7,0.011437908496732,0.00878987626561993,0.230943396226415,0.0842719576910021,0.380952380952381,18,32,49,0.130434782608696,0.0673476378953091,0.551330285401539,0.0842719573426517,0.0217391304347826,0.171024758736596,155,FALSE
"GATA2",1.1547770613872,"Up",4,0.0065359477124183,0.0220862643330179,0.244019138755981,0.00328783916318411,0,20,10,16,0.0652173913043478,0.169223967188036,0.608526334135368,0.00328783878402668,0.00679347826086957,0.17060980193453,156,FALSE
"NES",1.16677963181072,"Up",5,0.00816993464052288,0.00423519549787096,0.25833685099198,0.0491921574920891,0.2,10,46,25,0.0869565217391304,0.0324498780400454,0.671155019654027,0.049192157130394,0.0108695652173913,0.170124628356198,157,FALSE
"KLF4",2.15854730075272,"Up",5,0.00816993464052288,0.0106500922727,0.254469854469854,0.00928528294004728,0,6,86,25,0.0869565217391304,0.0816005295477095,0.654239963317233,0.00928528256317132,0.0108695652173913,0.168590372476927,158,FALSE
"C1S",2.94021016144888,"Up",10,0.0163398692810458,0.00183628315513858,0.237301279565723,0.00693213465986227,0.555555555555556,3,26,100,0.195652173913043,0.0140695192137391,0.579141004716088,0.00693213428209116,0.0448369565217391,0.16812635772934,159,FALSE
"FOSB",3.13657190455329,"Up",8,0.0130718954248366,0.000250359344792403,0.252788104089219,0.00736072766509184,0.571428571428571,6,86,64,0.152173913043478,0.00191824207614103,0.646883633341214,0.00736072728748377,0.0285326086956522,0.167373824888794,160,FALSE
"SPINT2",-1.45538913271021,"Down",4,0.0065359477124183,0.0353834387000845,0.217021276595745,0.00283135603884642,0.166666666666667,1,23,16,0.0652173913043478,0.271106321073575,0.490432005164412,0.00283135565951533,0.00679347826086957,0.167276110292544,161,FALSE
"NTRK2",1.58637017010695,"Up",7,0.011437908496732,0.00149297393452989,0.252892561983471,0.0245485503434556,0.19047619047619,10,46,49,0.130434782608696,0.0114390993560547,0.647340554146801,0.024548549972386,0.0217391304347826,0.167100423303744,162,FALSE
"CNN1",1.08797132891712,"Up",8,0.0130718954248366,0.00764050286281385,0.235565819861432,0.0150765952911461,0.75,9,30,64,0.152173913043478,0.0585411904096432,0.571549738858887,0.0150765949164732,0.0285326086956522,0.165174809184827,163,FALSE
"CD24",-4.73204257054684,"Down",5,0.00816993464052288,0.000499904219759348,0.257467395877156,0.0551066308968506,0.4,2,59,25,0.0869565217391304,0.00383024372099225,0.667351840063508,0.0551066305374054,0.0108695652173913,0.164822960255685,164,FALSE
"F2R",1.20502901776253,"Up",6,0.00980392156862745,0.0111052839224245,0.242664551942902,0.00859479577982216,0.133333333333333,11,29,36,0.108695652173913,0.0850881875615681,0.602601086433385,0.00859479540268354,0.0158514492753623,0.164166234169382,165,FALSE
"MYLK",2.06845745989181,"Up",8,0.0130718954248366,0.00718505680619074,0.235838150289017,0.0112150348586459,0.75,9,30,64,0.152173913043478,0.0550515831415327,0.572740969442746,0.011215034482504,0.0285326086956522,0.163942821761183,166,FALSE
"MYL9",2.01766322641198,"Up",10,0.0163398692810458,0.00542877455351749,0.223684210526316,0.0160030871391314,0.644444444444444,9,30,100,0.195652173913043,0.0415950272560268,0.5195770799425,0.0160030867648109,0.0448369565217391,0.163532864879624,167,FALSE
"SDC2",1.76616597715901,"Up",5,0.00816993464052288,0.000976286296700176,0.256281407035176,0.0484075577678856,0.5,4,48,25,0.0869565217391304,0.00748026183821127,0.662164075357198,0.0484075574058921,0.0108695652173913,0.163175596311565,168,FALSE
"BCL6",1.20049891656421,"Up",4,0.0065359477124183,0.0097718301723308,0.255106294289287,0.00864458623516982,0.5,6,86,16,0.0652173913043478,0.0748713247073422,0.657023884983334,0.00864458585805013,0.00679347826086957,0.162510133022789,169,FALSE
"ZEB1",2.25390222206776,"Up",5,0.00816993464052288,0.00465551657211111,0.255,0.021895256038568,0.1,6,86,25,0.0869565217391304,0.0356703592677975,0.656558931399517,0.0218952556664889,0.0108695652173913,0.162390126658065,170,FALSE
"LPL",2.08509363188116,"Up",7,0.011437908496732,0.0199617984175112,0.219433488705629,0.00353256523162592,0.285714285714286,14,20,49,0.130434782608696,0.152946404583646,0.500983528420649,0.00353256485256158,0.0217391304347826,0.161927282180067,171,FALSE
"XDH",-1.43133427304594,"Down",4,0.0065359477124183,0.0159368806055077,0.244116473873155,0.00543442862387825,0,16,25,16,0.0652173913043478,0.122107664745928,0.608952098415509,0.00543442824553739,0.00679347826086957,0.161701012194438,172,FALSE
"CREB5",1.45197347627286,"Up",5,0.00816993464052288,0.00392184819885698,0.258883248730964,0.00496973276630173,0.4,6,86,25,0.0869565217391304,0.0300490250824209,0.673545078316957,0.0049697323877841,0.0108695652173913,0.161277984548737,173,FALSE
"SH3KBP1",-1.33021061324416,"Down",5,0.00816993464052288,0.00789053928531107,0.249084249084249,0.0156039593616589,0.1,10,46,25,0.0869565217391304,0.0604569582696352,0.630682192322602,0.0156039589871866,0.0108695652173913,0.160913839307189,174,FALSE
"TFPI",1.71231598978713,"Up",6,0.00980392156862745,0.00588423923765584,0.244506592089493,0.0236879993109207,0.2,11,29,36,0.108695652173913,0.045084777247324,0.610658557567878,0.0236879989395237,0.0158514492753623,0.1607956870408,175,FALSE
"SERPING1",1.4642658371701,"Up",10,0.0163398692810458,0.000873020241968178,0.22972972972973,0.00774218104960478,0.644444444444444,3,26,100,0.195652173913043,0.00668904195629212,0.54602145281065,0.00774218067214181,0.0448369565217391,0.160188361174773,176,FALSE
"ACKR4",1.45296237513021,"Up",6,0.00980392156862745,0.00028257321630155,0.253521126760563,0.0228665593799286,0.666666666666667,2,59,36,0.108695652173913,0.00216506331548996,0.650090028720933,0.0228665590082191,0.0158514492753623,0.159933750498784,177,FALSE
"DDR2",2.92388760443128,"Up",4,0.0065359477124183,7.40786447620621e-06,0.241324921135647,0.130620729872396,0.833333333333333,4,48,16,0.0652173913043478,5.67587255206798e-05,0.596741259447354,0.130620729541677,0.00679347826086957,0.159885923455954,178,FALSE
"MYH11",1.9491277012856,"Up",10,0.0163398692810458,0.00298176410561036,0.222869628550619,0.0159313529097674,0.644444444444444,9,30,100,0.195652173913043,0.022846142904119,0.516013927006879,0.0159313525354197,0.0448369565217391,0.15905611057624,179,FALSE
"C4B",1.00720580855768,"Up",10,0.0163398692810458,0.00212125679556355,0.22700296735905,0.00420200458216143,0.666666666666667,3,26,100,0.195652173913043,0.0162529744712512,0.534094020537775,0.00420200420335175,0.0448369565217391,0.159007625929432,180,FALSE
"MASP1",1.42480466154941,"Up",9,0.0147058823529412,0.00363791073974322,0.22972972972973,0.00856696618881656,0.611111111111111,3,26,81,0.173913043478261,0.0278735089996631,0.54602145281065,0.00856696581166734,0.036231884057971,0.158521371031643,181,FALSE
"SMAD6",1.15252374157695,"Up",7,0.011437908496732,0.00815551425265435,0.235747303543914,0.00521024259021286,0.142857142857143,8,25,49,0.130434782608696,0.0624871845905399,0.572343586667083,0.00521024221178672,0.0217391304347826,0.158442985302578,182,FALSE
"LOXL1",1.5811663803432,"Up",7,0.011437908496732,0.00457337918597241,0.23216995447648,0.047518345658929,0.333333333333333,4,48,49,0.130434782608696,0.0350410262974379,0.556695509233909,0.0475183452965972,0.0217391304347826,0.158285758774285,183,FALSE
"JUND",1.21127862548272,"Up",6,0.00980392156862745,0.000403294937255278,0.255,0.00680338281391303,0.533333333333333,6,86,36,0.108695652173913,0.00309002772945909,0.656558931399517,0.00680338243609294,0.0158514492753623,0.158199888602869,184,FALSE
"CCN1",2.55458611727447,"Up",5,0.00816993464052288,0.00174058521376991,0.250306748466258,0.0435393065170299,0.4,4,48,25,0.0869565217391304,0.0133362858771297,0.636029661812181,0.0435393061531845,0.0108695652173913,0.158146268159803,185,FALSE
"CHRD",1.02054690933421,"Up",6,0.00980392156862745,0.00170805130974846,0.244116473873155,0.0418753004961572,0.4,8,25,36,0.108695652173913,0.0130870125630187,0.608952098415509,0.0418753001316788,0.0158514492753623,0.157692302511896,186,FALSE
"CCL8",1.15191955015103,"Up",7,0.011437908496732,4.85778058297819e-05,0.244995996797438,0.0204288823318692,0.714285714285714,2,59,49,0.130434782608696,0.00037220097051526,0.612799316722695,0.0204288819592324,0.0217391304347826,0.157154862539184,187,FALSE
"TPM2",2.20895352762155,"Up",9,0.0147058823529412,0.00477055209082967,0.224175824175824,0.0149915025146653,0.555555555555556,9,30,81,0.173913043478261,0.0365517562551544,0.521727501472438,0.01499150213996,0.036231884057971,0.156683137480757,188,FALSE
"CFH",1.60787885802222,"Up",10,0.0163398692810458,0.000364108083871357,0.225913621262458,0.00454809376281328,0.688888888888889,3,26,100,0.195652173913043,0.00278977981558578,0.529328991531752,0.00454809338413525,0.0448369565217391,0.155431199033251,189,FALSE
"EMCN",1.92839680493735,"Up",5,0.00816993464052288,0.00732574141225124,0.243630573248408,0.0108491896602564,0.1,13,7,25,0.0869565217391304,0.0561295022862498,0.606826666857797,0.0108491892839753,0.0108695652173913,0.154326289076909,190,FALSE
"TIE1",1.07581663562766,"Up",5,0.00816993464052288,0.000548596516104365,0.251437962202136,0.0213342358946472,0.6,10,46,25,0.0869565217391304,0.00420332191270262,0.64097782868067,0.0213342355223547,0.0108695652173913,0.15286829461445,191,FALSE
"PREX1",1.24450260911925,"Up",5,0.00816993464052288,0.0037733224722742,0.248881659211061,0.00720561826582348,0.5,11,29,25,0.0869565217391304,0.028911027623781,0.629796021595883,0.0072056178881564,0.0108695652173913,0.152747750812868,192,FALSE
"ACVRL1",1.17452302612304,"Up",4,0.0065359477124183,0.00555945699776228,0.250409165302782,0.00788644843226186,0.333333333333333,8,25,16,0.0652173913043478,0.0425963102853109,0.636477654601867,0.00788644805485377,0.00679347826086957,0.15179425650145,193,FALSE
"MARVELD2",-1.65253003335996,"Down",7,0.011437908496732,4.33539240360417e-05,0.240755310778914,0.0118983517833377,0.857142857142857,18,32,49,0.130434782608696,0.000332175822399265,0.594249663910864,0.0118983514074558,0.0217391304347826,0.151730820836839,194,FALSE
"ADH1B",3.65331175211986,"Up",10,0.0163398692810458,0.0134546145099471,0.199543527877405,5.77993250393295e-05,0.111111111111111,5,47,100,0.195652173913043,0.103088653202217,0.413980655255108,5.77989446531594e-05,0.0448369565217391,0.151523247567352,195,FALSE
"FZD7",2.06609064348366,"Up",7,0.011437908496732,0.0119984768967881,0.221980413492927,0.000553473094704219,0,12,24,49,0.130434782608696,0.0919317920891265,0.512124313269104,0.000553472714506607,0.0217391304347826,0.151356698223243,196,FALSE
"IL33",2.28455246113022,"Up",4,0.0065359477124183,0,0.255745925616381,0.023084319398342,1,2,59,16,0.0652173913043478,0,0.659821766975384,0.0230843190267153,0.00679347826086957,0.150983391113463,197,FALSE
"SPHK1",-1.57391381009987,"Down",4,0.0065359477124183,0.0148621911646355,0.234303215926493,0.00105552769263889,0.166666666666667,14,20,16,0.0652173913043478,0.113873442428503,0.56602684361749,0.00105552731263226,0.00679347826086957,0.150593336584768,198,FALSE
"OGN",3.01931585503492,"Up",7,0.011437908496732,0.000539959697951827,0.227763304800893,0.0578808467917869,0.571428571428571,4,48,49,0.130434782608696,0.00413714699920811,0.53741989647021,0.0578808464333971,0.0217391304347826,0.150322360589259,199,FALSE
"FZD3",-1.4575402088393,"Down",8,0.0130718954248366,0.00890629882635727,0.218337495540492,0.00427801825488311,0,12,24,64,0.152173913043478,0.0682396623364324,0.496189423738382,0.00427801787610234,0.0285326086956522,0.149882725138009,200,FALSE
"LY96",1.52837798281445,"Up",3,0.00490196078431373,4.36052207732587e-05,0.257792754844145,0.0303548538757906,0.666666666666667,2,59,9,0.0434782608695652,0.000334101246734139,0.668775028635002,0.0303548535069297,0.0036231884057971,0.149313086532806,201,FALSE
"BID",-1.11650770211707,"Down",7,0.011437908496732,0.000411991307993014,0.238132295719844,0.00559668568323175,0.285714285714286,6,86,49,0.130434782608696,0.00315665893219162,0.582776044205604,0.00559668530495262,0.0217391304347826,0.148740660297245,202,FALSE
"LRRK2",1.65250711942206,"Up",6,0.00980392156862745,0.0162440541521351,0.21779359430605,0.00043571338534382,0,12,24,36,0.108695652173913,0.124461214689537,0.493810285311541,0.000435713005101412,0.0158514492753623,0.148650862891091,203,FALSE
"RHOC",-1.06360401651908,"Down",6,0.00980392156862745,0.015851068433106,0.21779359430605,0.00246514057904277,0,9,30,36,0.108695652173913,0.121450175727962,0.493810285311541,0.00246514019957237,0.0158514492753623,0.14845454053767,204,FALSE
"CAV2",-1.22940966546635,"Down",2,0.00326797385620915,0.0101910529656199,0.242472266244057,0.0391017293434109,0,5,47,4,0.0217391304347826,0.0780833909556838,0.601759988333058,0.0391017289778774,0.00135869565217391,0.148408586870715,205,FALSE
"ACTG2",1.56198417994894,"Up",9,0.0147058823529412,0.000122144872146041,0.221739130434783,0.0159043117304355,0.805555555555556,9,30,81,0.173913043478261,0.000935868534604477,0.511068890411009,0.0159043113560775,0.036231884057971,0.147610799567584,206,FALSE
"MFAP5",3.32368821676491,"Up",7,0.011437908496732,0.00333021910262006,0.223032069970845,0.0405948328103728,0.476190476190476,4,48,49,0.130434782608696,0.0255159894699017,0.516724479953808,0.0405948324454072,0.0217391304347826,0.147001842982519,207,FALSE
"MFAP4",2.51491591477259,"Up",7,0.011437908496732,9.93688385841355e-05,0.222060957910015,0.0651019360659642,0.476190476190476,4,48,49,0.130434782608696,0.000761359586507193,0.512476631494594,0.0651019357103213,0.0217391304347826,0.14610276796698,208,FALSE
"GRB7",-1.00596775410586,"Down",3,0.00490196078431373,8.48114133345636e-05,0.251025430680886,0.0429270586463159,0.333333333333333,10,46,9,0.0434782608695652,0.000649821246857192,0.639173329017242,0.0429270582822375,0.0036231884057971,0.14597033156434,209,FALSE
"MMP10",-2.34452812297348,"Down",4,0.0065359477124183,0,0.245980707395498,0.0366684037610007,1,2,59,16,0.0652173913043478,0,0.617106648044648,0.0366684033945415,0.00679347826086957,0.145157184200881,210,FALSE
"LIFR",2.55511649181185,"Up",3,0.00490196078431373,0.00029227947744775,0.256174131435747,0.0141180455455905,0.333333333333333,10,46,9,0.0434782608695652,0.00223943225325856,0.661694829316371,0.014118045170553,0.0036231884057971,0.145030751203109,211,FALSE
"GNG7",1.26132619916123,"Up",7,0.011437908496732,0.00775811432402052,0.221819499818775,0.000893550137445771,0.19047619047619,11,29,49,0.130434782608696,0.0594423241528639,0.511420443004916,0.000893549757377527,0.0217391304347826,0.144786045991727,212,FALSE
"TWIST1",1.72659187080191,"Up",6,0.00980392156862745,0.00507003014928911,0.231379962192817,0.00505071852800658,0.133333333333333,6,86,36,0.108695652173913,0.0388463437134107,0.553239916784489,0.00505071814951975,0.0158514492753623,0.144336816019339,213,FALSE
"GNA15",-1.75905092749239,"Down",6,0.00980392156862745,0.00758156057907382,0.227678571428571,0.00128493299988432,0.266666666666667,11,29,36,0.108695652173913,0.0580895772740212,0.537049254873242,0.00128493261996496,0.0158514492753623,0.144194173243301,214,FALSE
"PLPP3",2.98013190196459,"Up",8,0.0130718954248366,0.0138971870278804,0.203728362183755,0.000205003603062075,0.142857142857143,14,20,64,0.152173913043478,0.106479623994009,0.432286000927662,0.000205003222731902,0.0285326086956522,0.143935429976707,215,FALSE
"OAS2",-1.22491710187464,"Down",8,0.0130718954248366,0.00376321254589858,0.220381706877926,0.00446101358874095,0.5,19,11,64,0.152173913043478,0.0288335658211211,0.505131234194937,0.00446101321002979,0.0285326086956522,0.143826466993044,216,FALSE
"MRAS",1.08819385629813,"Up",4,0.0065359477124183,0.00752513547473145,0.237669902912621,0.00658413883075254,0.166666666666667,7,19,16,0.0652173913043478,0.0576572506540984,0.580753440787381,0.00658413845284905,0.00679347826086957,0.143401139891909,217,FALSE
"MSX1",1.40467780298098,"Up",5,0.00816993464052288,0.00703360604488633,0.232788132369722,0.00501227973954912,0,8,25,25,0.0869565217391304,0.0538911741979855,0.559399549392864,0.00501227936104767,0.0108695652173913,0.143225817981684,218,FALSE
"NEDD4L",-1.42532557796438,"Down",4,0.0065359477124183,0.00284699064776536,0.24578313253012,0.00548161110049794,0,6,86,16,0.0652173913043478,0.0218135147120311,0.616242414017159,0.00548161072217503,0.00679347826086957,0.143109681803316,219,FALSE
"PTX3",2.96525925345181,"Up",4,0.0065359477124183,0.00202895236628618,0.246178600160901,0.00952843370399351,0.5,3,26,16,0.0652173913043478,0.0155457420721536,0.617972272633726,0.00952843332721005,0.00679347826086957,0.143011463519661,220,FALSE
"DST",1.06928215114275,"Up",4,0.0065359477124183,0,0.226918798665184,0.106416098553905,1,15,43,16,0.0652173913043478,0,0.533725848963168,0.106416098213979,0.00679347826086957,0.142430563348473,221,FALSE
"CTSV",-1.83600923468881,"Down",4,0.0065359477124183,0.00978252730442968,0.232876712328767,0.0037240125732741,0.166666666666667,6,86,16,0.0652173913043478,0.0749532856539293,0.559787016769413,0.00372401219428259,0.00679347826086957,0.142095036836568,222,FALSE
"LPAR1",1.03595800235484,"Up",6,0.00980392156862745,0.0059855563879729,0.227593901078468,0.00125317922812641,0.266666666666667,11,29,36,0.108695652173913,0.0458610647109857,0.536678888948715,0.00125317884819497,0.0158514492753623,0.141668046791434,223,FALSE
"LMOD1",1.81513384075431,"Up",8,0.0130718954248366,3.6293841049786e-06,0.221658819268381,0.0155370669832292,0.928571428571429,9,30,64,0.152173913043478,2.78081783063473e-05,0.510717592473091,0.0155370666087314,0.0285326086956522,0.141397797799852,224,FALSE
"ANK2",2.67459225488494,"Up",5,0.00816993464052288,0.0167524537419969,0.214511041009464,0.000194993498413387,0,3,26,25,0.0869565217391304,0.128356549555405,0.479451706599976,0.000194993118079406,0.0108695652173913,0.141165867245997,225,FALSE
"CTHRC1",3.4323635567784,"Up",3,0.00490196078431373,0.00314610120333059,0.236933797909408,0.05680751096918,0.333333333333333,4,48,9,0.0434782608695652,0.0241052863795872,0.577533562639595,0.0568075106103819,0.0036231884057971,0.141109561780985,226,FALSE
"WNT7A",-2.11395360303657,"Down",7,0.011437908496732,0.00548677908129393,0.221178171304662,0.00113681565567663,0.0476190476190476,12,24,49,0.130434782608696,0.0420394553474956,0.508615137159787,0.00113681527570093,0.0217391304347826,0.140793064165292,227,FALSE
"TGFB1I1",1.56867725513562,"Up",2,0.00326797385620915,0.0052148558397697,0.243436754176611,0.0338410730409604,0,9,30,4,0.0217391304347826,0.039955991661309,0.605978861461587,0.0338410726734257,0.00135869565217391,0.140574750376656,228,FALSE
"PDE1C",1.67499307865597,"Up",7,0.011437908496732,0.00545252597427426,0.220779220779221,0.000223809307713489,0.428571428571429,5,47,49,0.130434782608696,0.0417770095770844,0.506870043629233,0.00022380892739047,0.0217391304347826,0.140208955035437,229,FALSE
"PTN",3.14791564455425,"Up",3,0.00490196078431373,0.00255653718312875,0.245388933440257,0.0192477910746204,0,4,48,9,0.0434782608695652,0.0195880732870709,0.614518104265441,0.0192477907015342,0.0036231884057971,0.140091083505882,230,FALSE
"FKBP1A",-1.05799433522357,"Down",5,0.00816993464052288,0.00715297011102166,0.229988726042841,0.000516762646927359,0.2,6,86,25,0.0869565217391304,0.0548057363216,0.547154357172533,0.000516762266715782,0.0108695652173913,0.140060588543474,231,FALSE
"FKBP10",1.5184204725812,"Up",3,0.00490196078431373,0.000669158211186882,0.23394495412844,0.0835112467367821,0.333333333333333,4,48,9,0.0434782608695652,0.0051270602156205,0.564459731140736,0.0835112463881423,0.0036231884057971,0.140039897403972,232,FALSE
"JAM2",2.06676135568681,"Up",4,0.0065359477124183,6.57386763501694e-05,0.241324921135647,0.0287629349973228,0.666666666666667,18,32,16,0.0652173913043478,0.000503686791117289,0.596741259447354,0.0287629346278563,0.00679347826086957,0.139603750086309,233,FALSE
"PLEK2",-2.38950911339661,"Down",6,0.00980392156862745,0.0172830974733509,0.205369127516779,0.000278430793095076,0.0666666666666667,3,26,36,0.108695652173913,0.132422318036177,0.439463053682884,0.000278430412792835,0.0158514492753623,0.139342180716226,234,FALSE
"CFB",-2.08313066042556,"Down",7,0.011437908496732,0.00026955895076071,0.226666666666667,0.00588986523918343,0.714285714285714,3,26,49,0.130434782608696,0.00206534859634811,0.532622970557454,0.00588986486101583,0.0217391304347826,0.138550419411659,235,FALSE
"ITCH",-1.04152246711596,"Down",3,0.00490196078431373,0.00204698149577607,0.247773279352227,0.00391712662564948,0,8,25,9,0.0434782608695652,0.0156838804540557,0.624947734909436,0.00391712624673143,0.0036231884057971,0.138330038177117,236,FALSE
"SGCD",1.93381447325216,"Up",5,0.00816993464052288,0.0141840406105381,0.210020590253946,0.0245843761914406,0.3,5,47,25,0.0869565217391304,0.10867748328463,0.459809530282365,0.0245843758203845,0.0108695652173913,0.13817949526878,237,FALSE
"COL8A2",2.23393546890747,"Up",6,0.00980392156862745,0.00125567652018639,0.21927624507345,0.0547390982740558,0.266666666666667,4,48,36,0.108695652173913,0.00962093720544431,0.500295711692165,0.0547390979144708,0.0158514492753623,0.137840569652271,238,FALSE
"CXCL14",2.25487914678637,"Up",4,0.0065359477124183,0,0.241420118343195,0.0194628229098119,1,2,59,16,0.0652173913043478,0,0.597157672061013,0.0194628225368075,0.00679347826086957,0.137726272832608,239,FALSE
"MAFB",1.19328956245849,"Up",3,0.00490196078431373,0.00335938788141573,0.244408945686901,0.00329810507651043,0,6,86,9,0.0434782608695652,0.0257394793453921,0.610231431659832,0.0032981046973569,0.0036231884057971,0.137274092995589,240,FALSE
"IRS2",1.01332544877105,"Up",4,0.0065359477124183,0.00125097739338739,0.24009415457042,0.00919600451896123,0.333333333333333,2,59,16,0.0652173913043478,0.00958493270657312,0.591357627559106,0.00919600414205131,0.00679347826086957,0.13642988679459,241,FALSE
"ZFP36",1.86985911531172,"Up",4,0.0065359477124183,0,0.243050039714059,0.00477936654901941,1,6,86,16,0.0652173913043478,0,0.604287291044366,0.00477936617042936,0.00679347826086957,0.136215505356002,242,FALSE
"CGN",-1.02941735950869,"Down",5,0.00816993464052288,0,0.236293436293436,0.00758964603892517,1,18,32,25,0.0869565217391304,0,0.574732486210356,0.00758964566140418,0.0108695652173913,0.136029643765656,243,FALSE
"TXNIP",1.18793896821111,"Up",3,0.00490196078431373,0.000446000136865024,0.246277665995976,0.0103229689746715,0,8,25,9,0.0434782608695652,0.00341723305438651,0.618405607438077,0.0103229685981903,0.0036231884057971,0.135849451673203,244,FALSE
"F10",1.03177500835425,"Up",3,0.00490196078431373,0.000731527836556784,0.242953552997221,0.0222911141598445,0.333333333333333,11,29,9,0.0434782608695652,0.0056049334891622,0.603865237845785,0.0222911137879161,0.0036231884057971,0.135772546879645,245,FALSE
"PTHLH",-3.7586455461264,"Down",2,0.00326797385620915,0.00168701678538714,0.249897917517354,0.00756137941381489,0,11,29,4,0.0217391304347826,0.0129258469803441,0.634241349230734,0.00756137903628314,0.00135869565217391,0.135565280266863,246,FALSE
"LAPTM5",1.94303264330398,"Up",3,0.00490196078431373,0.00383823530862819,0.235747303543914,0.0253546377457601,0.333333333333333,20,10,9,0.0434782608695652,0.0294083868658702,0.572343586667083,0.025354637374997,0.0036231884057971,0.134841612036662,247,FALSE
"DPT",2.51661569108058,"Up",4,0.0065359477124183,0.000106960665661334,0.231030577576444,0.0486615708935618,0.666666666666667,4,48,16,0.0652173913043478,0.000819527825229599,0.55171163496801,0.0486615705316649,0.00679347826086957,0.134640720578024,248,FALSE
"CLDN11",1.92062069191513,"Up",4,0.0065359477124183,0.00652525058031942,0.228956228956229,0.00662044427335461,0.5,18,32,16,0.0652173913043478,0.0499961774181486,0.542637997696207,0.00662044389546493,0.00679347826086957,0.134253097715008,249,FALSE
"ENPP1",1.75151757812241,"Up",11,0.0179738562091503,0.00557839324102393,0.185905224787363,4.06463460470894e-05,0.163636363636364,5,47,121,0.217391304347826,0.0427413989322661,0.354323848276771,4.06459656543942e-05,0.0543478260869565,0.133769004721895,250,FALSE
"KCNJ2",1.90540617818723,"Up",5,0.00816993464052288,0.00647988860275968,0.222788496541682,0.000310430015507664,0.1,6,86,25,0.0869565217391304,0.0496486159796722,0.51565903853102,0.000310429635217597,0.0108695652173913,0.132688834220486,251,FALSE
"PPP2R2C",-1.09739820802694,"Down",3,0.00490196078431373,0.000507353924055777,0.243243243243243,0.00614624117663697,0.333333333333333,18,32,9,0.0434782608695652,0.00388732302133979,0.605132403927691,0.0061462407985669,0.0036231884057971,0.132453483404592,252,FALSE
"MEF2C",2.11119111575084,"Up",2,0.00326797385620915,0.00163635532220513,0.240282685512367,0.0338231001103384,0,6,86,4,0.0217391304347826,0.0125376811206068,0.592182301562827,0.0338230997427968,0.00135869565217391,0.132328181702637,253,FALSE
"PCOLCE2",1.26146998225156,"Up",2,0.00326797385620915,0.00478475483298952,0.232788132369722,0.0418144079589408,0,7,19,4,0.0217391304347826,0.0366605770288715,0.559399549392864,0.0418144075944391,0.00135869565217391,0.132194472020626,254,FALSE
"GIMAP5",1.23404705252301,"Up",3,0.00490196078431373,0.00652525058031942,0.232611174458381,0.00349010238509308,0.333333333333333,6,86,9,0.0434782608695652,0.0499961774181486,0.55862549825978,0.00349010200601259,0.0036231884057971,0.131842645391861,255,FALSE
"C1R",2.82883146247363,"Up",7,0.011437908496732,0,0.219354838709677,0.00380678699053547,1,3,26,49,0.130434782608696,0,0.500639496791761,0.00380678661157545,0.0217391304347826,0.131324039289363,256,FALSE
"KLF2",2.15464631420344,"Up",2,0.00326797385620915,0.000835856483188042,0.246973365617433,0.00329360564334039,0,14,20,4,0.0217391304347826,0.00640429490257729,0.62144874394547,0.00329360526418515,0.00135869565217391,0.130848894039838,257,FALSE
"WNT2B",1.28148929468729,"Up",6,0.00980392156862745,0.00528662209508766,0.216407355021216,0.000771576617465328,0.0666666666666667,12,24,36,0.108695652173913,0.04050586149226,0.48774658303897,0.000771576237350684,0.0158514492753623,0.130714224443571,258,FALSE
"OAS1",-1.66372757364296,"Down",6,0.00980392156862745,0.0026017506909915,0.220223101835193,0.00441064542067522,0.666666666666667,19,11,36,0.108695652173913,0.0199344971573849,0.50443746237027,0.00441064504194491,0.0158514492753623,0.130665941203775,259,FALSE
"C7",1.79473183992075,"Up",3,0.00490196078431373,0.00109143185160856,0.2390625,0.00489328751975584,0.333333333333333,6,86,9,0.0434782608695652,0.00836250191792161,0.586844953425857,0.00489328714120913,0.0036231884057971,0.12944043835207,260,FALSE
"ST3GAL4",-1.12072919895356,"Down",2,0.00326797385620915,0.00652525058031942,0.231379962192817,0.019434447582853,0,17,3,4,0.0217391304347826,0.0499961774181486,0.553239916784489,0.0194344472098379,0.00135869565217391,0.129153673499886,261,FALSE
"ALDH2",1.90036987933575,"Up",5,0.00816993464052288,0.00754232681613598,0.21671388101983,0.000404554523831453,0,5,47,25,0.0869565217391304,0.0577889699412487,0.489087392244662,0.000404554143577192,0.0108695652173913,0.129021400657202,262,FALSE
"RPS6KA1",-1.39388353449994,"Down",3,0.00490196078431373,0.000488764589888515,0.239905919247354,0.00330303065044259,0,10,46,9,0.0434782608695652,0.00374489237631372,0.590534246654568,0.00330303027129094,0.0036231884057971,0.128936723715507,263,FALSE
"PRELP",3.4056660022103,"Up",6,0.00980392156862745,5.35529771154078e-05,0.214963119072708,0.037343522860332,0.6,4,48,36,0.108695652173913,0.000410320509867825,0.481429191157993,0.0373435224941296,0.0158514492753623,0.128746027122253,264,FALSE
"PDE5A",1.7427452680402,"Up",6,0.00980392156862745,0.00618248868765843,0.212058212058212,0.000158552793912459,0.0666666666666667,5,47,36,0.108695652173913,0.0473699511626627,0.46872251673452,0.000158552413564617,0.0158514492753623,0.128159624352005,265,FALSE
"RHOB",1.89371235164325,"Up",4,0.0065359477124183,0.00730076682853372,0.220699603317706,0.00452978818133157,0,8,25,16,0.0652173913043478,0.0559381481454216,0.506521780102436,0.00452978780264658,0.00679347826086957,0.127800117123144,266,FALSE
"ATP1B1",-1.12011144154809,"Down",3,0.00490196078431373,0.00147085682482431,0.237209302325581,0.00112972981415232,0.333333333333333,6,86,9,0.0434782608695652,0.011269639053005,0.578738676917291,0.00112972943417392,0.0036231884057971,0.127647898935967,267,FALSE
"ADAMTS5",3.1918223172572,"Up",2,0.00326797385620915,1.58325556525885e-05,0.242857142857143,0.0103055833006064,0,2,59,4,0.0217391304347826,0.000121308331633569,0.603443519610061,0.0103055829241185,0.00135869565217391,0.127393647390554,268,FALSE
"LTBP2",1.90486748088766,"Up",4,0.0065359477124183,0.000512334806638422,0.226080531954193,0.0288952529213439,0.666666666666667,4,48,16,0.0652173913043478,0.00392548632039408,0.530059094012513,0.0288952525519277,0.00679347826086957,0.12697814049001,269,FALSE
"MYO5A",-1.48593488607707,"Down",4,0.0065359477124183,0.013330247971889,0.209948542024014,0.000146909779090338,0.333333333333333,16,25,16,0.0652173913043478,0.102135762362992,0.459494376166941,0.000146909398738067,0.00679347826086957,0.126757583498778,270,FALSE
"SCIN",1.34974588984447,"Up",3,0.00490196078431373,0.0031706690638471,0.232258064516129,0.00482149148099101,0,3,26,9,0.0434782608695652,0.0242935242254827,0.557080921084161,0.00482149110241699,0.0036231884057971,0.126659477137485,271,FALSE
"PDE1A",1.74820166871501,"Up",6,0.00980392156862745,0.00374853361208998,0.214285714285714,0.000182057726892574,0.533333333333333,5,47,36,0.108695652173913,0.028721096488339,0.47846608010546,0.000182057346553673,0.0158514492753623,0.126383267077926,272,FALSE
"MYO5B",-1.55596451173597,"Down",4,0.0065359477124183,0.00886196462441026,0.21671388101983,0.00283132359658984,0.166666666666667,1,23,16,0.0652173913043478,0.0678999756686254,0.489087392244662,0.00283132321725874,0.00679347826086957,0.126365912139153,273,FALSE
"CCL23",1.32306350907886,"Up",2,0.00326797385620915,0,0.241610738255034,0.00842670117021042,1,2,59,4,0.0217391304347826,0,0.597991483658518,0.00842670079300785,0.00135869565217391,0.125903202107697,274,FALSE
"TNFRSF1B",1.10485442210931,"Up",2,0.00326797385620915,0,0.240944881889764,0.0110757679108015,1,2,59,4,0.0217391304347826,0,0.595078887832194,0.0110757675346067,0.00135869565217391,0.125850496290752,275,FALSE
"OMD",2.20301408540623,"Up",6,0.00980392156862745,0.00328913529635161,0.207457627118644,0.0304350636963139,0.466666666666667,4,48,36,0.108695652173913,0.0252012071880679,0.448598590325547,0.0304350633274835,0.0158514492753623,0.125756392458075,276,FALSE
"KRT5",-1.09244820057205,"Down",6,0.00980392156862745,0.0100428291948929,0.199543527877405,0.0118635338358613,0.333333333333333,18,32,36,0.108695652173913,0.0769477070692737,0.413980655255108,0.0118635334599661,0.0158514492753623,0.125467799446725,277,FALSE
"ADGRA2",2.70213831479623,"Up",4,0.0065359477124183,0.00604546251343064,0.220064724919094,0.00229360436568615,0.166666666666667,12,24,16,0.0652173913043478,0.0463200627586396,0.503744688419498,0.0022936039861505,0.00679347826086957,0.124873844945901,278,FALSE
"ROBO4",1.17540871395588,"Up",3,0.00490196078431373,0.00680680083949272,0.224175824175824,0.00234631542507054,0,16,25,9,0.0434782608695652,0.0521534028819814,0.521727501472438,0.00234631504555494,0.0036231884057971,0.124665733735067,279,FALSE
"CCN3",1.15351246596353,"Up",2,0.00326797385620915,0,0.234662576687117,0.0314304682903433,1,4,48,4,0.0217391304347826,0,0.567598763187729,0.0314304679218916,0.00135869565217391,0.124425411439315,280,FALSE
"BAK1",-1.1124070009199,"Down",3,0.00490196078431373,2.18667275657786e-05,0.234932821497121,0.00391527691903558,0.666666666666667,6,86,9,0.0434782608695652,0.000167541886319325,0.568780870841511,0.00391527654011683,0.0036231884057971,0.123993027708662,281,FALSE
"TYR",1.50820198384689,"Up",4,0.0065359477124183,0.00556136022037219,0.219985621854781,0.000641870570576133,0.166666666666667,12,24,16,0.0652173913043478,0.0426108926916262,0.503398674974279,0.000641870190412148,0.00679347826086957,0.123732461484307,282,FALSE
"TCF4",1.39197385448839,"Up",5,0.00816993464052288,0.00366393886595387,0.216483905199858,0.00430261214413431,0,6,86,25,0.0869565217391304,0.0280729353358431,0.488081429625181,0.0043026117653629,0.0108695652173913,0.123656612736582,283,FALSE
"SGK1",1.46401439170438,"Up",3,0.00490196078431373,0.00105255685094744,0.232346241457859,0.00212246752295344,0,6,86,9,0.0434782608695652,0.00806464340562997,0.557466625578186,0.00212246714335268,0.0036231884057971,0.122951037080506,284,FALSE
"FGFBP1",-1.76854390857018,"Down",2,0.00326797385620915,0,0.237393328161365,0.0100353532227415,1,10,46,4,0.0217391304347826,0,0.579543644638856,0.0100353528461508,0.00135869565217391,0.122535364714393,285,FALSE
"KRT17",-1.50898127197612,"Down",4,0.0065359477124183,0.0049185404306382,0.218649517684887,0.00452397751244878,0.5,18,32,16,0.0652173913043478,0.0376856362804212,0.497554274242015,0.00452397713376158,0.00679347826086957,0.122354951444283,286,FALSE
"TNFRSF10B",-1.76201832607511,"Down",3,0.00490196078431373,2.67428302472107e-06,0.232434485377896,0.00386290674594284,0.666666666666667,6,86,9,0.0434782608695652,2.04902366467822e-05,0.55785262304942,0.00386290636700416,0.0036231884057971,0.121767493785687,287,FALSE
"PLN",1.29196133393955,"Up",4,0.0065359477124183,0.00222746578609798,0.22360248447205,0.000478552871612521,0.333333333333333,6,86,16,0.0652173913043478,0.0170667429953562,0.519219592987396,0.000478552491386409,0.00679347826086957,0.121755151607871,288,FALSE
"PLA2G7",-1.99413558828789,"Down",4,0.0065359477124183,0.0104149391770498,0.208163265306122,0.0012596233771934,0.166666666666667,14,20,16,0.0652173913043478,0.0797987970707969,0.451685200211618,0.00125962299726441,0.00679347826086957,0.120950897968979,289,FALSE
"WNT2",1.50622514954088,"Up",5,0.00816993464052288,0.00234523625086085,0.216330858960764,0.000769539064227211,0,12,24,25,0.0869565217391304,0.0179690950166964,0.487411973177105,0.000769538684111793,0.0108695652173913,0.120795338766887,290,FALSE
"BAMBI",1.95543795436477,"Up",5,0.00816993464052288,0.0054084105349896,0.210816396830865,0.000429734283989054,0,12,24,25,0.0869565217391304,0.0414389990589891,0.46329055567371,0.000429733903744371,0.0108695652173913,0.120597075118593,291,FALSE
"GGT5",1.20843152500284,"Up",3,0.00490196078431373,0.00420600017159494,0.223929747530187,0.00214776286513859,0,5,47,9,0.0434782608695652,0.0322261847589508,0.520651110454159,0.00214776248554746,0.0036231884057971,0.120425301394804,292,FALSE
"CFHR1",1.36589064713504,"Up",5,0.00816993464052288,0,0.218805863425098,0.00308251446766753,1,3,26,25,0.0869565217391304,0,0.49823816340213,0.00308251408843199,0.0108695652173913,0.119829352889417,293,FALSE
"TNFRSF11B",2.29826410231127,"Up",1,0.00163398692810458,0,0.232081911262799,0.0417414057363484,0,4,48,1,0,0,0.556310389694504,0.041741405371819,0,0.119610359013265,294,FALSE
"TNN",1.7181510347718,"Up",2,0.00326797385620915,0,0.218571428571429,0.0756225885263434,1,15,43,4,0.0217391304347826,0,0.497212696031151,0.0756225881747027,0.00135869565217391,0.119186622058562,295,FALSE
"GNG11",1.33211871557655,"Up",4,0.0065359477124183,6.83852373464388e-06,0.224257969952363,0.0011913138304448,0.833333333333333,11,29,16,0.0652173913043478,5.23964622824859e-05,0.522086824381068,0.00119131345048983,0.00679347826086957,0.119068280771811,296,FALSE
"S1PR1",1.15732548163999,"Up",3,0.00490196078431373,0.00214432174543158,0.226164079822616,0.000595502321275206,0,14,20,9,0.0434782608695652,0.0164296970831338,0.530424549966021,0.000595501941093583,0.0036231884057971,0.118910239653122,297,FALSE
"KRT7",-2.43133429233878,"Down",2,0.00326797385620915,0.000169473709582606,0.233676975945017,0.00594081069719984,0,10,46,4,0.0217391304347826,0.00129849996528241,0.56328753818848,0.00594081031905162,0.00135869565217391,0.118724934911954,298,FALSE
"SULF1",2.48216734372248,"Up",2,0.00326797385620915,0.00348897302749659,0.222707423580786,0.026092052378395,0,13,7,4,0.0217391304347826,0.0267323549253362,0.515304408343716,0.0260920520079124,0.00135869565217391,0.118245328272784,299,FALSE
"PYGB",-1.79305802473226,"Down",4,0.0065359477124183,0.00734889842698548,0.210526315789474,0.000197335734326536,0.333333333333333,5,47,16,0.0652173913043478,0.05630693029501,0.462021680170645,0.000197335353993446,0.00679347826086957,0.118107363076973,300,FALSE
"CIRBP",1.03986226055547,"Up",1,0.00163398692810458,0,0.23859649122807,0.00532111634350224,0,2,59,1,0,0,0.58480653301727,0.00532111596511828,0,0.118025529796478,301,FALSE
"STAB1",1.1206212913736,"Up",2,0.00326797385620915,0.000115462990454014,0.231117824773414,0.0136355675118437,0,2,59,4,0.0217391304347826,0.000884672256630225,0.552093272562854,0.0136355671366226,0.00135869565217391,0.117942267608613,302,FALSE
"ENPEP",1.47003513005884,"Up",3,0.00490196078431373,0.00459561388857315,0.220620043258832,0.000891076547417251,0.333333333333333,3,26,9,0.0434782608695652,0.0352113875919787,0.506173767666863,0.000891076167348066,0.0036231884057971,0.11787553614031,303,FALSE
"CD93",2.28036434886339,"Up",1,0.00163398692810458,0,0.237209302325581,0.00727527567908322,0,2,59,1,0,0,0.578738676917291,0.00727527530144264,0,0.117202790443747,304,FALSE
"CTSF",1.39326973228745,"Up",2,0.00326797385620915,0,0.232346241457859,0.00371102421928883,1,6,86,4,0.0217391304347826,0,0.557466625578186,0.00371102384029237,0.00135869565217391,0.116855095101087,305,FALSE
"CTSC",-1.76209944437464,"Down",2,0.00326797385620915,0,0.232346241457859,0.00371102421928882,1,6,86,4,0.0217391304347826,0,0.557466625578186,0.00371102384029237,0.00135869565217391,0.116855095101087,306,FALSE
"TNFRSF10A",-1.25968347168169,"Down",2,0.00326797385620915,0,0.232346241457859,0.00363865384921032,1,6,86,4,0.0217391304347826,0,0.557466625578186,0.00363865347018634,0.00135869565217391,0.116840621027066,307,FALSE
"LGALS7",-1.51176767354292,"Down",2,0.00326797385620915,0,0.232346241457859,0.00362888547227523,1,6,86,4,0.0217391304347826,0,0.557466625578186,0.00362888509324753,0.00135869565217391,0.116838667351678,308.5,FALSE
"LGALS7B",-1.51176767354292,"Down",2,0.00326797385620915,0,0.232346241457859,0.00362888547227522,1,6,86,4,0.0217391304347826,0,0.557466625578186,0.00362888509324752,0.00135869565217391,0.116838667351678,308.5,FALSE
"COL13A1",1.3515550612048,"Up",2,0.00326797385620915,0,0.222788496541682,0.0449667087107749,1,4,48,4,0.0217391304347826,0,0.51565903853102,0.0449667083474725,0.00135869565217391,0.11674471459309,310,FALSE
"ST14",-1.3437591189791,"Down",3,0.00490196078431373,0.0274541895317865,0.179314386170524,0.000118806546011222,0,1,23,9,0.0434782608695652,0.210352769415866,0.325494133568552,0.000118806165648259,0.0036231884057971,0.116613431685086,311,FALSE
"CSF2RB",1.19686578771018,"Up",1,0.00163398692810458,0,0.236476043276662,0.00628487654870771,0,2,59,1,0,0,0.575531247572326,0.00628487617069037,0,0.116363224748603,312,FALSE
"AOX1",1.56536669541053,"Up",8,0.0130718954248366,0.00741708984812541,0.183014354066986,1.43366903825351e-05,0.142857142857143,5,47,64,0.152173913043478,0.0568294099067495,0.341678571556765,1.43363099798314e-05,0.0285326086956522,0.115845767902525,313,FALSE
"TBX3",1.85065047517725,"Up",2,0.00326797385620915,0.000519363224206124,0.230421686746988,0.00140749793229311,0,6,86,4,0.0217391304347826,0.00397933774071248,0.549048218379896,0.00140749755242037,0.00135869565217391,0.115506575951997,314,FALSE
"GDA",-1.53479126042849,"Down",3,0.00490196078431373,0.0116013480553127,0.205714285714286,0.000227918949543712,0,16,25,9,0.0434782608695652,0.0888890087091053,0.44097284825408,0.000227918569222257,0.0036231884057971,0.115438244961554,315,FALSE
"FZD4",1.11169434334238,"Up",7,0.011437908496732,0.00401809493099255,0.194656488549618,0.000234692557374093,0.0476190476190476,12,24,49,0.130434782608696,0.0307864632292839,0.392603717087033,0.000234692177055214,0.0217391304347826,0.11515975710737,316,FALSE
"STRA6",-1.18932632731358,"Down",3,0.00490196078431373,0.00885157934056057,0.210164835164835,0.000146829061282768,0,5,47,9,0.0434782608695652,0.0678204040893433,0.46044048786922,0.000146828680930466,0.0036231884057971,0.115101833982971,317,FALSE
"ABCA6",2.05071564040465,"Up",2,0.00326797385620915,0.00326797385620915,0.224340175953079,0.00188659959109436,0,6,86,4,0.0217391304347826,0.0250390691823679,0.522446410722915,0.00188659921140388,0.00135869565217391,0.114493981040729,318,FALSE
"LEPR",1.84002036721812,"Up",3,0.00490196078431373,0.00326797385620915,0.218415417558887,0.00268042298676002,0.333333333333333,2,59,9,0.0434782608695652,0.0250390691823679,0.49653027104028,0.00268042260737151,0.0036231884057971,0.114270242421076,319,FALSE
"SAMD9",-1.99049889437639,"Down",5,0.00816993464052288,0.00977361302768061,0.19584,0.000798031185716799,0.5,19,11,25,0.0869565217391304,0.0748849848651067,0.39778064516129,0.000798030805612219,0.0108695652173913,0.114257949557706,320,FALSE
"ANTXR1",2.15453394463536,"Up",1,0.00163398692810458,0,0.231030577576444,0.0194005269697867,0,15,43,1,0,0,0.55171163496801,0.0194005265967587,0,0.114222432312954,321,FALSE
"SVEP1",3.92414238811223,"Up",1,0.00163398692810458,0,0.231030577576444,0.0194005269697867,0,15,43,1,0,0,0.55171163496801,0.0194005265967587,0,0.114222432312954,322,FALSE
"NFATC4",1.56263528892945,"Up",2,0.00326797385620915,0.00363123375488291,0.222626409603492,0.000393147714748025,0,10,46,4,0.0217391304347826,0.027822350240994,0.514950036163097,0.000393147334489424,0.00135869565217391,0.113252671965107,323,FALSE
"PODXL",1.17235414724512,"Up",3,0.00490196078431373,0.0030384169792426,0.21671388101983,0.004406910614708,0,13,7,9,0.0434782608695652,0.0232802146821298,0.489087392244662,0.00440691023597627,0.0036231884057971,0.112775193287626,324,FALSE
"INPP4B",-1.26764489886702,"Down",1,0.00163398692810458,0,0.232346241457859,0.00628168682789705,0,10,46,1,0,0,0.557466625578186,0.00628168644987849,0,0.112749662405613,325.5,FALSE
"ZFPM2",1.76053965532882,"Up",1,0.00163398692810458,0,0.232346241457859,0.00628168682789705,0,10,46,1,0,0,0.557466625578186,0.0062816864498785,0,0.112749662405613,325.5,FALSE
"FOLH1",-1.04405520359349,"Down",3,0.00490196078431373,0.0130237583303916,0.200130804447351,0.000198261493662374,0,9,30,9,0.0434782608695652,0.0997874524698294,0.416549526524862,0.000198261113329637,0.0036231884057971,0.112727337876677,327,FALSE
"NECTIN1",-1.17274960854818,"Down",3,0.00490196078431373,0.00136898897856194,0.218884120171674,0.00260114624921926,0,8,25,9,0.0434782608695652,0.0104891321816981,0.498580474875514,0.0026011458698006,0.0036231884057971,0.111754440440475,328,FALSE
"PLXND1",1.83374445601196,"Up",3,0.00490196078431373,0.00616712057063945,0.210816396830865,0.000389458799234087,0,16,25,9,0.0434782608695652,0.0472522013390191,0.46329055567371,0.000389458418974083,0.0036231884057971,0.111606732941413,329,FALSE
"MYH14",-1.27368865543349,"Down",4,0.0065359477124183,0,0.213911219853198,0.00916533721026371,1,9,30,16,0.0652173913043478,0,0.4768279626705,0.00916533683334212,0.00679347826086957,0.111600833813812,330,FALSE
"DAB2",1.59721027618192,"Up",2,0.00326797385620915,0.000888753266455456,0.225414364640884,0.000923437978670455,0,10,46,4,0.0217391304347826,0.00680958768459908,0.527145138034048,0.000923437598613581,0.00135869565217391,0.111595197880843,331,FALSE
"TFAP2B",2.28037508223303,"Up",2,0.00326797385620915,0.000337718322002165,0.225830258302583,0.00332194779197052,0,6,86,4,0.0217391304347826,0.00258758264320221,0.528964344407135,0.00332194741282606,0.00135869565217391,0.111594340110024,332,FALSE
"CITED2",2.06929157936809,"Up",2,0.00326797385620915,0.000254514089041955,0.225414364640884,0.00202197525443838,0,6,86,4,0.0217391304347826,0.0019500755403231,0.527145138034048,0.0020219748747994,0.00135869565217391,0.110843002907225,333,FALSE
"MYOC",3.56633049465402,"Up",2,0.00326797385620915,0.000786722291234131,0.220064724919094,0.0211768804178923,0,4,48,4,0.0217391304347826,0.00602783092652185,0.503744688419498,0.02117688004554,0.00135869565217391,0.110809445095703,334,FALSE
"SERPINF1",2.41883354593507,"Up",3,0.00490196078431373,0.000106277338416595,0.217484008528785,0.00848768355571021,0,2,59,9,0.0434782608695652,0.000814292202514101,0.492456091990304,0.00848768317853084,0.0036231884057971,0.109771903329342,335,FALSE
"DSG2",-2.37423090789489,"Down",3,0.00490196078431373,0.00114573823968216,0.217098261794963,0.000460431486770502,0.666666666666667,18,32,9,0.0434782608695652,0.00877859502877548,0.490768754622143,0.000460431106537497,0.0036231884057971,0.109421846006564,336.5,FALSE
"DSC2",-1.15780906232994,"Down",3,0.00490196078431373,0.00114573823968216,0.217098261794963,0.0004604314867705,0.666666666666667,18,32,9,0.0434782608695652,0.00877859502877548,0.490768754622143,0.000460431106537494,0.0036231884057971,0.109421846006564,336.5,FALSE
"GREM2",1.19658746771831,"Up",3,0.00490196078431373,0,0.217716115261473,0.00609104204892279,1,8,25,9,0.0434782608695652,0,0.493471375670314,0.00609104167083172,0.0036231884057971,0.109332773323302,338.5,FALSE
"BMPER",1.84487138028205,"Up",3,0.00490196078431373,0,0.217716115261473,0.00609104204892279,1,8,25,9,0.0434782608695652,0,0.493471375670314,0.00609104167083171,0.0036231884057971,0.109332773323302,338.5,FALSE
"NEXN",2.17713099959738,"Up",2,0.00326797385620915,0.00664853032980295,0.21183800623053,0.00293292741804962,0,1,23,4,0.0217391304347826,0.0509407413320362,0.467759290116749,0.00293292703875717,0.00135869565217391,0.1089461569149,340,FALSE
"MACC1",-2.68288064742667,"Down",1,0.00163398692810458,0,0.22700296735905,0.00922935197474536,0,10,46,1,0,0,0.534094020537775,0.00922935159784813,0,0.108664674427125,341,FALSE
"MTNR1A",-1.46596634027719,"Down",2,0.00326797385620915,0,0.22360248447205,0.000836906285137612,1,11,29,4,0.0217391304347826,0,0.519219592987396,0.00083690590504782,0.00135869565217391,0.10863086499588,342.5,FALSE
"PTGER2",1.45485827238126,"Up",2,0.00326797385620915,0,0.22360248447205,0.00083690628513762,1,11,29,4,0.0217391304347826,0,0.519219592987396,0.000836905905047829,0.00135869565217391,0.10863086499588,342.5,FALSE
"DEPTOR",1.52235487814393,"Up",3,0.00490196078431373,0.000985080545974642,0.21617802896503,0.000247832719512353,0,6,86,9,0.0434782608695652,0.00754764298190431,0.486743462622985,0.000247832339198473,0.0036231884057971,0.10832807744389,344,FALSE
"PDE3A",1.71712897276949,"Up",5,0.00816993464052288,0.00208283498093937,0.202649006622517,7.0136001018019e-05,0.2,5,47,25,0.0869565217391304,0.0159585882500582,0.42756467262511,7.01356206365419e-05,0.0108695652173913,0.108283896690465,345,FALSE
"CPA3",1.99293893589612,"Up",4,0.0065359477124183,0.00705519966403969,0.198765833062683,0.000182396633499716,0.166666666666667,20,10,16,0.0652173913043478,0.0540566235398924,0.41057885452201,0.000182396253160944,0.00679347826086957,0.107365748776056,346,FALSE
"ALDH3A1",1.89362652993103,"Up",4,0.0065359477124183,0.00333419758441845,0.205162587998659,0.000271978158655464,0.5,5,47,16,0.0652173913043478,0.0255464724190849,0.438559606378296,0.000271977778350769,0.00679347826086957,0.10727778522819,347,FALSE
"IL11RA",1.40369821765699,"Up",3,0.00490196078431373,0.00653059914636886,0.204956463496316,0.000427278188141118,0,10,46,9,0.0434782608695652,0.0500371578914422,0.437657974440027,0.000427277807895501,0.0036231884057971,0.107044771882945,348,FALSE
"BST1",1.5312018858053,"Up",4,0.0065359477124183,0.00692149771509439,0.198186528497409,9.18789596215906e-05,0,5,47,16,0.0652173913043478,0.0530322052009579,0.408044854477868,9.18785792483846e-05,0.00679347826086957,0.106635961564658,349,FALSE
"LPAR6",1.06033497166444,"Up",4,0.0065359477124183,0.00368151602638126,0.203728362183755,0.000414696881026596,0.333333333333333,11,29,16,0.0652173913043478,0.0282076107510502,0.432286000927662,0.000414696500776193,0.00679347826086957,0.106583835548941,350,FALSE
"DUOX1",-1.12050742051153,"Down",2,0.00326797385620915,0.000117781190805048,0.220223101835193,0.00225986576349358,0,16,25,4,0.0217391304347826,0.000902434203794473,0.50443746237027,0.00225986538394509,0.00135869565217391,0.106139517608993,351,FALSE
"DLC1",2.1858362573937,"Up",4,0.0065359477124183,0.00743835210158855,0.196468699839486,0.000372505235225333,0,7,19,16,0.0652173913043478,0.056992320339593,0.400530710526749,0.00037250485495888,0.00679347826086957,0.105981281057304,352,FALSE
"ANGPTL2",1.97142291432028,"Up",2,0.00326797385620915,0,0.219748653500898,0.00424267827202019,1,10,46,4,0.0217391304347826,0,0.502362125540362,0.00424267789322598,0.00135869565217391,0.105940525904109,353,FALSE
"EBF1",3.13869249961889,"Up",3,0.00490196078431373,0.00653059914636886,0.203592814371257,0.000362098984139986,0,6,86,9,0.0434782608695652,0.0500371578914422,0.431693086278888,0.000362098603869574,0.0036231884057971,0.105838758409912,354,FALSE
"LLGL2",-1.03320582316358,"Down",2,0.00326797385620915,0.00652525058031942,0.208660075008524,0.000511427095812469,0,18,32,4,0.0217391304347826,0.0499961774181486,0.453858350370068,0.000511426715598863,0.00135869565217391,0.105492756118154,355,FALSE
"SOX17",1.43161499255116,"Up",2,0.00326797385620915,0.00306180696075463,0.214060860440714,0.00273432975032349,0,16,25,4,0.0217391304347826,0.0234594276718975,0.477482522082077,0.00273432937095549,0.00135869565217391,0.105354821042377,356,FALSE
"SCN4B",1.09216347778974,"Up",4,0.0065359477124183,0.00420441100066442,0.201448321263989,5.02208651107472e-05,0.166666666666667,6,86,16,0.0652173913043478,0.0322140086025239,0.422312622263532,5.02204847216942e-05,0.00679347826086957,0.105317544183199,357,FALSE
"KCNQ5",1.15045821202427,"Up",3,0.00490196078431373,0.0035557708589106,0.208092485549133,0.000159309318266464,0,6,86,9,0.0434782608695652,0.0272441569150705,0.451375594663712,0.00015930893791891,0.0036231884057971,0.105176101958413,358,FALSE
"KMO",-2.29716098853564,"Down",3,0.00490196078431373,0.00571725582012927,0.204,0.000864807176978437,0.333333333333333,16,25,9,0.0434782608695652,0.0438053577881347,0.433474201883804,0.000864806796899259,0.0036231884057971,0.10504916314884,359,FALSE
"RUNX3",1.3595981559679,"Up",1,0.00163398692810458,0,0.224175824175824,0.00188331248381877,0,6,86,1,0,0,0.521727501472438,0.00188331210412704,0,0.104722162715313,360.5,FALSE
"TRIM63",1.0591971301765,"Up",1,0.00163398692810458,0,0.224175824175824,0.00188331248381877,0,6,86,1,0,0,0.521727501472438,0.00188331210412704,0,0.104722162715313,360.5,FALSE
"SV2A",1.32781515190737,"Up",2,0.00326797385620915,3.34285378090134e-07,0.208375893769152,0.0478652234098616,0,15,43,4,0.0217391304347826,2.56127958084778e-06,0.452615281842251,0.0478652230476618,0.00135869565217391,0.10471617845129,362,FALSE
"TMOD3",-1.03113624797708,"Down",3,0.00490196078431373,0.00223020602002367,0.209016393442623,0.000835161523957762,0,3,26,9,0.0434782608695652,0.0170877385448496,0.455416962164038,0.000835161143867306,0.0036231884057971,0.104088262225624,363,FALSE
"MAPKAPK3",-1.00562942225164,"Down",1,0.00163398692810458,0,0.223439211391019,0.00180978352671674,0,6,86,1,0,0,0.51850540218114,0.00180978314699704,0,0.104063037065628,364,FALSE
"NTRK3",1.95125180433842,"Up",2,0.00326797385620915,0,0.217484008528785,0.00375565685150397,1,10,46,4,0.0217391304347826,0,0.492456091990304,0.0037556564725245,0.00135869565217391,0.103861914909957,365,FALSE
"ADGRD1",2.09323738404369,"Up",2,0.00326797385620915,0.00326797385620915,0.21235253296322,0.000414685907995417,0,11,29,4,0.0217391304347826,0.0250390691823679,0.47000993829304,0.00041468552774501,0.00135869565217391,0.103712303818022,366,FALSE
"IRF6",-1.48151400838874,"Down",3,0.00490196078431373,0.00050306953193403,0.211545108883512,0.00045546264540059,0,8,25,9,0.0434782608695652,0.0038544962009731,0.46647809550037,0.000455462265165694,0.0036231884057971,0.103577900648374,367,FALSE
"EPS8",1.176178935716,"Up",4,0.0065359477124183,0.00758374973469544,0.192816635160681,0.000273689562925858,0,7,19,16,0.0652173913043478,0.0581063504862537,0.384555811290567,0.000273689182621815,0.00679347826086957,0.102989344104932,368,FALSE
"PRSS3",-1.59519987882017,"Down",3,0.00490196078431373,0.00326797385620915,0.205369127516779,0.00134988120689389,0.333333333333333,11,29,9,0.0434782608695652,0.0250390691823679,0.439463053682884,0.00134988082699924,0.0036231884057971,0.102590690593523,369,FALSE
"PGM5",1.50689478433142,"Up",5,0.00816993464052288,0.00423161429161389,0.191070871058383,0.00113031856266017,0.4,5,47,25,0.0869565217391304,0.0324224389982499,0.376919471828619,0.001130318182682,0.0108695652173913,0.101659663193215,370,FALSE
"PLP1",3.02476857555498,"Up",2,0.00326797385620915,0.00717480331420187,0.202917771883289,0.00024760411185793,0,10,46,4,0.0217391304347826,0.05497302134558,0.42874030841928,0.000247603731543963,0.00135869565217391,0.101411751916672,371,FALSE
"LRP4",1.8315169404434,"Up",2,0.00326797385620915,0.00114939424377511,0.211691456243514,0.00650525099077354,0,12,24,4,0.0217391304347826,0.00880660716823629,0.467118249641968,0.00650525061284004,0.00135869565217391,0.101105586702,372,FALSE
"ADAMTS1",1.91359223661605,"Up",2,0.00326797385620915,4.09052439603489e-05,0.214060860440714,0.00339704475023681,0,10,46,4,0.0217391304347826,0.000313414145434112,0.477482522082077,0.00339704437112092,0.00135869565217391,0.100858161337118,373,FALSE
"PKP1",-1.37920667852006,"Down",4,0.0065359477124183,0.00156836372611235,0.199869366427172,0.00405126867249226,0.333333333333333,18,32,16,0.0652173913043478,0.0120167325594205,0.415405941622571,0.00405126829362524,0.00679347826086957,0.100696962408167,374,FALSE
"LDB3",1.28767638705035,"Up",4,0.0065359477124183,0.0101551861908828,0.185454545454545,0.00115265770222933,0,1,23,16,0.0652173913043478,0.0778085813355627,0.352352482059909,0.00115265732225965,0.00679347826086957,0.10066491805659,375,FALSE
"PITX2",2.40102651857642,"Up",2,0.00326797385620915,0.000706035331076832,0.212647671994441,0.00274289700710123,0,8,25,4,0.0217391304347826,0.00540961105500881,0.471300938507733,0.00274289662773649,0.00135869565217391,0.100510254455487,376,FALSE
"DPYSL2",1.13483462802893,"Up",5,0.00816993464052288,0.00784506040019141,0.183673469387755,1.14951998032068e-05,0,16,25,25,0.0869565217391304,0.0601085010906757,0.344561680636246,1.14948193994222e-05,0.0108695652173913,0.100501552700568,377,FALSE
"SLC8A1",1.35637421474914,"Up",3,0.00490196078431373,0.000321575100081127,0.208234093228989,0.00013884891951314,0.666666666666667,6,86,9,0.0434782608695652,0.00246389400054702,0.451995016447205,0.000138848539157802,0.0036231884057971,0.100339841652454,378,FALSE
"NRG1",-1.71101621979321,"Down",3,0.00490196078431373,0,0.207598371777476,0.00511511061146848,1,10,46,9,0.0434782608695652,0,0.449214237073515,0.00511511023300616,0.0036231884057971,0.100286159316377,379,FALSE
"ALDH1A3",-2.33153230626468,"Down",6,0.00980392156862745,0.00356993586198773,0.184004810583283,9.30421170047223e-06,0.266666666666667,5,47,36,0.108695652173913,0.0273526885336276,0.346011036733928,9.30383129585416e-06,0.0158514492753623,0.0995840261096253,380,FALSE
"LDB2",3.07710875721664,"Up",3,0.00490196078431373,0.00653059914636886,0.196468699839486,0.000137718936293463,0,20,10,9,0.0434782608695652,0.0500371578914422,0.400530710526749,0.000137718555937695,0.0036231884057971,0.0995614072498982,381,FALSE
"KCNN4",-1.08420179172227,"Down",2,0.00326797385620915,0.00326797385620915,0.207668815744825,0.000146328916699251,0,5,47,4,0.0217391304347826,0.0250390691823679,0.449522373806889,0.000146328536346758,0.00135869565217391,0.099561119522512,382,FALSE
"ADRA2A",2.03898295535863,"Up",2,0.00326797385620915,0.000183016494600948,0.212647671994441,0.00045126142092949,0,11,29,4,0.0217391304347826,0.00140226417696724,0.471300938507733,0.000451261040692996,0.00135869565217391,0.09925045796247,383,FALSE
"ZBTB16",1.3246349999007,"Up",3,0.00490196078431373,0.00173349832802984,0.204204204204204,0.000236465135653728,0,9,30,9,0.0434782608695652,0.0132819864762958,0.434367434034017,0.000236464755335524,0.0036231884057971,0.0989974669082022,384,FALSE
"GMPR",1.55286231698637,"Up",6,0.00980392156862745,0.00279349937025829,0.184392889424525,2.83042333422949e-05,0.333333333333333,5,47,36,0.108695652173913,0.0214036669417963,0.347708575230581,2.83038529449046e-05,0.0158514492753623,0.0987375294949195,385,FALSE
"SPOCK1",1.51508706336451,"Up",1,0.00163398692810458,0,0.214963119072708,0.0120299413205566,0,4,48,1,0,0,0.481429191157993,0.0120299409447247,0,0.0986918264205436,386,FALSE
"CCNA1",-2.34203449293955,"Down",3,0.00490196078431373,2.67428302472107e-06,0.206617150573937,0.000441493150432894,0.666666666666667,6,86,9,0.0434782608695652,2.04902366467822e-05,0.444922169097305,0.000441492770192684,0.0036231884057971,0.0984971202759013,387,FALSE
"PPP1R15A",1.7710437799229,"Up",2,0.00326797385620915,0.00326797385620915,0.205921938088829,0.00032954851794534,0,6,86,4,0.0217391304347826,0.0250390691823679,0.441881163426792,0.000329548137662546,0.00135869565217391,0.0980695213667558,388,FALSE
"TMPRSS2",-1.73157395457974,"Down",3,0.00490196078431373,0.00326797385620915,0.199804113614104,0.000206536575719866,0.333333333333333,9,30,9,0.0434782608695652,0.0250390691823679,0.415120512090151,0.000206536195390276,0.0036231884057971,0.0974935133486543,389,FALSE
"GHR",1.56824876649108,"Up",1,0.00163398692810458,0,0.215796897038082,0.00229189860951827,0,2,59,1,0,0,0.485076311390965,0.00229189822998197,0,0.0974736419241894,390,FALSE
"MGLL",1.07670589994925,"Up",5,0.00816993464052288,0.00348407175162396,0.187557462457861,0.000168167329219356,0.4,14,20,25,0.0869565217391304,0.0266948015693253,0.361551083449686,0.000168166948875171,0.0108695652173913,0.0972480277848815,391,FALSE
"PDE7B",1.63983652681759,"Up",3,0.00490196078431373,0.00106096018058388,0.202514890800794,6.77781074272335e-05,0,5,47,9,0.0434782608695652,0.00812902934058147,0.426978021805253,6.77777270448593e-05,0.0036231884057971,0.0964552556296483,392,FALSE
"P3H2",-1.10236599154216,"Down",1,0.00163398692810458,0,0.206896551724138,0.0346621368205153,0,15,43,1,0,0,0.446144328509443,0.034662136453293,0,0.0961612929925472,393,FALSE
"MS4A4A",2.60455981688691,"Up",1,0.00163398692810458,0,0.214285714285714,0.00160562619128706,0,2,59,1,0,0,0.47846608010546,0.0016056258114897,0,0.09601434118339,394.5,FALSE
"MS4A7",1.95227907035421,"Up",1,0.00163398692810458,0,0.214285714285714,0.00160562619128706,0,2,59,1,0,0,0.47846608010546,0.0016056258114897,0,0.09601434118339,394.5,FALSE
"USP53",1.47240775514018,"Up",1,0.00163398692810458,0,0.214360770577933,0.000755386669793267,0,18,32,1,0,0,0.47879439211817,0.000755386289672464,0,0.0959099556815684,396,FALSE
"CDO1",4.30633968434171,"Up",1,0.00163398692810458,0,0.213986013986014,0.00213802473944619,0,2,59,1,0,0,0.477155127942825,0.00213802435985136,0,0.0958586304605352,397,FALSE
"PBX1",1.35806004744429,"Up",2,0.00326797385620915,0.00326797385620915,0.203052422030524,0.000388257240620916,0,6,86,4,0.0217391304347826,0.0250390691823679,0.429329296491343,0.000388256860360455,0.00135869565217391,0.0955708897242055,398,FALSE
"GJC1",1.04843143178648,"Up",1,0.00163398692810458,0,0.214060860440714,0.000272106779861957,0,18,32,1,0,0,0.477482522082077,0.000272106399557311,0,0.0955509256963269,399,FALSE
"CACNA2D1",2.04302767947077,"Up",3,0.00490196078431373,0.00326797385620915,0.197292069632495,5.06950025732773e-05,0.333333333333333,6,86,9,0.0434782608695652,0.0250390691823679,0.404132303224097,5.06946221844047e-05,0.0036231884057971,0.0952647032608024,400,FALSE
"ALDH4A1",1.02362470900928,"Up",3,0.00490196078431373,0.000806101341048053,0.201514652617715,0.000129124437010054,0,5,47,9,0.0434782608695652,0.00617631233742952,0.422602769559693,0.000129124056651017,0.0036231884057971,0.0952019310458272,401,FALSE
"GYPC",1.6065251421882,"Up",2,0.00326797385620915,0.00421954960834144,0.200787401574803,0.000516901960479292,0,7,19,4,0.0217391304347826,0.0323299999358785,0.419421620496988,0.000516901580267768,0.00135869565217391,0.0950732696200181,402,FALSE
"MGP",3.45588134845831,"Up",1,0.00163398692810458,0,0.2125,0.00272938481403827,0,8,25,1,0,0,0.470654990136423,0.00272938443466839,0,0.0946768749142183,403.5,FALSE
"TGFBR3",2.50443472384327,"Up",1,0.00163398692810458,0,0.2125,0.00272938481403827,0,8,25,1,0,0,0.470654990136423,0.00272938443466839,0,0.0946768749142183,403.5,FALSE
"PKD2",1.00245238694477,"Up",1,0.00163398692810458,0,0.21242624088858,0.00145780270208924,0,15,43,1,0,0,0.470332352265435,0.00145780232223564,0,0.0943580309175342,405,FALSE
"ZEB2",2.82599520829175,"Up",2,0.00326797385620915,0,0.206896551724138,0.00112476285734472,1,6,86,4,0.0217391304347826,0,0.446144328509443,0.00112476247736443,0.00135869565217391,0.0940733834147528,406,FALSE
"ADGRF1",-2.07546764199033,"Down",1,0.00163398692810458,0,0.212205270457698,0.000413963382096599,0,11,29,1,0,0,0.469365781112407,0.000413963001845917,0,0.0939559488228506,408.5,FALSE
"ADM",2.14021455713878,"Up",1,0.00163398692810458,0,0.212205270457698,0.000413963382096603,0,11,29,1,0,0,0.469365781112407,0.000413963001845921,0,0.0939559488228506,408.5,FALSE
"GPR183",2.13133395848265,"Up",1,0.00163398692810458,0,0.212205270457698,0.000413963382096604,0,11,29,1,0,0,0.469365781112407,0.000413963001845921,0,0.0939559488228506,408.5,FALSE
"KCTD12",2.02951255368967,"Up",1,0.00163398692810458,0,0.212205270457698,0.000413963382096605,0,11,29,1,0,0,0.469365781112407,0.000413963001845923,0,0.0939559488228506,408.5,FALSE
"SAMD9L",-1.32940252830038,"Down",4,0.0065359477124183,7.13142139925619e-06,0.195652173913043,0.000644507980432335,0.833333333333333,19,11,16,0.0652173913043478,5.46406310580859e-05,0.396959054341591,0.000644507600269353,0.00679347826086957,0.0939338144276271,411,FALSE
"HERC5",1.22964763631093,"Up",4,0.0065359477124183,0,0.195464707761099,0.000803265052353144,1,19,11,16,0.0652173913043478,0,0.396139037953356,0.000803264672250555,0.00679347826086957,0.0937906344381648,412.5,FALSE
"IFI27",-1.37557514687648,"Down",4,0.0065359477124183,0,0.195464707761099,0.000803265052353151,1,19,11,16,0.0652173913043478,0,0.396139037953356,0.000803264672250563,0.00679347826086957,0.0937906344381648,412.5,FALSE
"E2F5",-1.06193155641702,"Down",2,0.00326797385620915,0,0.206547418157273,0.000424484532920076,1,6,86,4,0.0217391304347826,0,0.444617144836327,0.000424484152673395,0.00135869565217391,0.0936278910151914,414.5,FALSE
"WEE1",1.00886894704508,"Up",2,0.00326797385620915,0,0.206547418157273,0.000424484532920075,1,6,86,4,0.0217391304347826,0,0.444617144836327,0.000424484152673395,0.00135869565217391,0.0936278910151914,414.5,FALSE
"RAB27B",-1.47298844027583,"Down",5,0.00816993464052288,0.00580842392685282,0.17910447761194,7.16141448205161e-06,0.2,16,25,25,0.0869565217391304,0.0445038837347665,0.324575949372184,7.1610340766184e-06,0.0108695652173913,0.0933826162195097,416,FALSE
"GSTA4",1.13294611412153,"Up",4,0.0065359477124183,0.00100799333051276,0.192090395480226,0.000104172106807647,0.5,5,47,16,0.0652173913043478,0.00772319970985075,0.381379086140022,0.000104171726439117,0.00679347826086957,0.0922434654283059,417,FALSE
"ARPC1A",-1.18470827779175,"Down",1,0.00163398692810458,0,0.209660842754368,0.00288481386522573,0,15,43,1,0,0,0.458235919034572,0.00288481348591498,0,0.0922241465040974,418.5,FALSE
"WIPF1",2.52191170509695,"Up",1,0.00163398692810458,0,0.209660842754368,0.00288481386522573,0,15,43,1,0,0,0.458235919034572,0.00288481348591498,0,0.0922241465040974,418.5,FALSE
"GRB14",-1.46233527589469,"Down",1,0.00163398692810458,0,0.209732693625771,0.00165979544498189,0,10,46,1,0,0,0.458550209862267,0.00165979506520513,0,0.0920420009854944,420,FALSE
"DKK2",1.81753274203649,"Up",5,0.00816993464052288,0.000826061860720421,0.186188013386066,0.000397854978032304,0.1,12,24,25,0.0869565217391304,0.00632924894432521,0.355560825101316,0.000397854597775494,0.0108695652173913,0.0920228031199878,421,FALSE
"GFRA1",1.31245891772699,"Up",2,0.00326797385620915,0.000547087896331351,0.203728362183755,0.000256944140668069,0,9,30,4,0.0217391304347826,0.0041917629356335,0.432286000927662,0.000256943760357656,0.00135869565217391,0.0919665067421219,422,FALSE
"SERPINB5",-2.3756647294833,"Down",1,0.00163398692810458,0,0.20958904109589,0.000335763437125823,0,6,86,1,0,0,0.457921843474567,0.000335763056845393,0,0.0916515213062825,423,FALSE
"ACSS3",1.88109829626736,"Up",3,0.00490196078431373,0.00146625086760206,0.195902688860435,4.00722294410183e-05,0,5,47,9,0.0434782608695652,0.011234348415254,0.398054859425484,4.00718490481047e-05,0.0036231884057971,0.0912861457930296,424,FALSE
"IGF2BP2",-1.08543524484689,"Down",3,0.00490196078431373,0.00326797385620915,0.192452830188679,0.00013654624875355,0.333333333333333,6,86,9,0.0434782608695652,0.0250390691823679,0.382964451804775,0.000136545868397336,0.0036231884057971,0.0910483032261805,425,FALSE
"S100A2",-2.51664645519834,"Down",1,0.00163398692810458,0,0.208731241473397,0.000623318035744918,0,10,46,1,0,0,0.454169647459614,0.000623317655573876,0,0.0909585930230376,426,FALSE
"KLK5",-3.40803047261926,"Down",4,0.0065359477124183,0.0227046628798819,0.152618453865337,4.98601945068232e-06,0.166666666666667,1,23,16,0.0652173913043478,0.173962109131181,0.208720509304383,4.98563904442158e-06,0.00679347826086957,0.0909396947279653,427,FALSE
"ROR1",1.83709901299835,"Up",3,0.00490196078431373,0.000465217179839009,0.197164948453608,0.000211469637995455,0,12,24,9,0.0434782608695652,0.00356447317614939,0.403576248443554,0.000211469257667742,0.0036231884057971,0.0908907280305467,428,FALSE
"PARD3B",1.04622333060428,"Up",1,0.00163398692810458,0,0.208375893769152,0.000510534458110529,0,18,32,1,0,0,0.452615281842251,0.000510534077896583,0,0.0906251631840296,429.5,FALSE
"WWC1",-1.14789855273628,"Down",1,0.00163398692810458,0,0.208375893769152,0.000510534458110528,0,18,32,1,0,0,0.452615281842251,0.000510534077896582,0,0.0906251631840296,429.5,FALSE
"KYNU",-2.30127988468299,"Down",2,0.00326797385620915,0,0.202917771883289,0.000863356916565473,1,16,25,4,0.0217391304347826,0,0.42874030841928,0.000863356536485743,0.00135869565217391,0.0905402982085444,431,FALSE
"KRT16",-1.56184048731609,"Down",3,0.00490196078431373,0,0.196658097686375,0.00420166773837534,1,18,32,9,0.0434782608695652,0,0.401359176555064,0.00420166735956553,0.0036231884057971,0.0905324586379984,432,FALSE
"LRAT",-2.46398622324348,"Down",5,0.00816993464052288,0.00221492310326415,0.181494661921708,8.78574046228244e-06,0.3,5,47,25,0.0869565217391304,0.0169706415217743,0.335031118396444,8.78536005746714e-06,0.0108695652173913,0.0899673264469595,433,FALSE
"DCLK1",2.05859206437888,"Up",1,0.00163398692810458,0,0.207527975584944,0.000146073961249787,0,5,47,1,0,0,0.448906309317241,0.000146073580897197,0,0.0898104765796277,434.5,FALSE
"RGN",1.20864448350101,"Up",1,0.00163398692810458,0,0.207527975584944,0.000146073961249788,0,5,47,1,0,0,0.448906309317241,0.000146073580897198,0,0.0898104765796277,434.5,FALSE
"ARHGEF6",1.47020251446522,"Up",2,0.00326797385620915,0,0.201913559881227,0.000543139947244237,1,7,19,4,0.0217391304347826,0,0.424347673853468,0.000543139567042695,0.00135869565217391,0.0895977279014935,436,FALSE
"SAA4",-1.40855570645975,"Down",1,0.00163398692810458,0,0.206966520121745,0.00125244766590197,0,3,26,1,0,0,0.446450385000714,0.00125244728597026,0,0.0895405664573369,437.5,FALSE
"APOD",2.91876189517223,"Up",1,0.00163398692810458,0,0.206966520121745,0.00125244766590197,0,3,26,1,0,0,0.446450385000714,0.00125244728597025,0,0.0895405664573369,437.5,FALSE
"NPR2",1.30935217533499,"Up",5,0.00816993464052288,5.05015002303279e-05,0.184281842818428,2.81838879651094e-05,0.4,5,47,25,0.0869565217391304,0.000386940230772648,0.347222834013231,2.81835075676733e-05,0.0108695652173913,0.0890928089416186,439,FALSE
"GBP2",1.74798630886392,"Up",3,0.00490196078431373,0,0.195402298850575,0.00061253176893701,1,19,11,9,0.0434782608695652,0,0.395866048248972,0.000612531388761865,0.0036231884057971,0.0887160057826192,440,FALSE
"MAP1B",1.80584919537201,"Up",3,0.00490196078431373,0.00612740157817246,0.184448462929476,1.87630365741916e-05,0,16,25,9,0.0434782608695652,0.0469478761993472,0.347951665432934,1.87626561731717e-05,0.0036231884057971,0.0884039507127634,441,FALSE
"ADARB1",2.06354090088897,"Up",1,0.00163398692810458,0,0.205576083305341,0.00161372332654291,0,8,25,1,0,0,0.440368321841965,0.00161372294674862,0,0.0883964089577428,442,FALSE
"RTKN",-1.11725689914169,"Down",3,0.00490196078431373,0.00347499149217873,0.189005558987029,0.000292487774080587,0,8,25,9,0.0434782608695652,0.0266252290285257,0.367885362322668,0.000292487393783694,0.0036231884057971,0.088380905604068,443,FALSE
"SYNM",1.21458301593558,"Up",1,0.00163398692810458,0,0.205369127516779,0.00205334980492365,0,10,46,1,0,0,0.439463053682884,0.0020533494252966,0,0.0883032806216361,444,FALSE
"SPARCL1",3.05175454718956,"Up",2,0.00326797385620915,2.45731402572751e-05,0.199738903394256,0.00168738261452758,0,4,48,4,0.0217391304347826,0.000188278299032562,0.414835268869437,0.00168738223476132,0.00135869565217391,0.0879617510980374,445,FALSE
"GK",-1.56134447037277,"Down",4,0.0065359477124183,0.0033261279987051,0.183014354066986,0.000155456823006704,0.333333333333333,14,20,16,0.0652173913043478,0.0254846436151103,0.341678571556765,0.000155456442657683,0.00679347826086957,0.08786590823595,446,FALSE
"LIPG",-2.06176505404583,"Down",4,0.0065359477124183,0.000394290461594033,0.187902978200798,0.000169774676667032,0.666666666666667,14,20,16,0.0652173913043478,0.00302103584061503,0.363062441999815,0.000169774296323458,0.00679347826086957,0.0876528243403943,447,FALSE
"ERG",1.25547253802714,"Up",2,0.00326797385620915,0,0.199738903394256,0.00020619113686306,1,9,30,4,0.0217391304347826,0,0.414835268869437,0.00020619075653334,0.00135869565217391,0.0876278571425853,448,FALSE
"FRZB",2.60103691663857,"Up",2,0.00326797385620915,0.00109029875104779,0.19527760051053,0.00680467754490663,0,12,24,4,0.0217391304347826,0.00835382015222211,0.395320591475246,0.00680467716708703,0.00135869565217391,0.0867153829763023,449,FALSE
"SRGN",2.79390815104525,"Up",2,0.00326797385620915,0.00113230193243598,0.19527760051053,0.00106595171332777,0,20,10,4,0.0217391304347826,0.00867564664500753,0.395320591475246,0.00106595133332511,0.00135869565217391,0.085632003108107,450,FALSE
"INMT",1.10837441643986,"Up",1,0.00163398692810458,0,0.202314049586777,0.000827258649307505,0,2,59,1,0,0,0.426099500081632,0.000827258269214043,0,0.0853853516701692,451,FALSE
"SLIT3",1.91988449944325,"Up",3,0.00490196078431373,0.00146467840941324,0.188423645320197,0.000103762831250418,0,16,25,9,0.0434782608695652,0.0112223003111049,0.3653399495194,0.000103762450881733,0.0036231884057971,0.0847534923113497,452,FALSE
"MBOAT2",-2.28752357279354,"Down",6,0.00980392156862745,0.00191796673273126,0.169811320754717,1.2369600882841e-05,0.266666666666667,14,20,36,0.108695652173913,0.0146953751233635,0.28392572615962,1.2369220479389e-05,0.0158514492753623,0.0846361143905476,453,FALSE
"CSTA",-2.06104512660442,"Down",2,0.00326797385620915,0.00326797385620915,0.189063948100093,0.000155716832225009,0,6,86,4,0.0217391304347826,0.0250390691823679,0.368140768587266,0.000155716451876087,0.00135869565217391,0.0832866760616932,454,FALSE
"NR3C2",1.03567591450868,"Up",1,0.00163398692810458,0,0.199608610567515,0.000197570009856537,0,9,30,1,0,0,0.414265340633919,0.000197569629523537,0,0.0828925820526885,455.5,FALSE
"PMEPA1",-1.44119166993096,"Down",1,0.00163398692810458,0,0.199608610567515,0.000197570009856538,0,9,30,1,0,0,0.414265340633919,0.000197569629523537,0,0.0828925820526885,455.5,FALSE
"ASAP2",-1.16474789532904,"Down",1,0.00163398692810458,0,0.199478487614081,0.000651331198808501,0,10,46,1,0,0,0.413696155459986,0.000651330818648115,0,0.0828694972557269,457.5,FALSE
"CBLC",-1.46605461184496,"Down",1,0.00163398692810458,0,0.199478487614081,0.000651331198808501,0,10,46,1,0,0,0.413696155459986,0.000651330818648116,0,0.0828694972557269,457.5,FALSE
"PLS1",-1.49240560338545,"Down",2,0.00326797385620915,0.0017009591960024,0.190832553788587,0.00174891624526085,0,7,19,4,0.0217391304347826,0.0130326731054372,0.375877021952713,0.001748915865518,0.00135869565217391,0.0827512874021249,459,FALSE
"FUT2",-1.2174538725906,"Down",2,0.00326797385620915,0.00326797385620915,0.188076213890596,0.000812637055890498,0,17,3,4,0.0217391304347826,0.0250390691823679,0.363820211352777,0.000812636675791474,0.00135869565217391,0.0825539486595785,460,FALSE
"RUNX1T1",2.03515438374177,"Up",2,0.00326797385620915,0.00066268352848886,0.192331866750471,0.000674867452905388,0,9,30,4,0.0217391304347826,0.00507745148704955,0.382435332277444,0.000674867072753956,0.00135869565217391,0.0822570953848408,461,FALSE
"SGPL1",-1.03263322875765,"Down",2,0.00326797385620915,0,0.192999053926206,5.26163482572264e-05,1,14,20,4,0.0217391304347826,0,0.385353749348722,5.26159678690846e-05,0.00135869565217391,0.0817008382807094,462,FALSE
"CD82",-1.09545828986034,"Down",1,0.00163398692810458,0,0.197610590894414,0.000515522073088891,0,2,59,1,0,0,0.405525582235081,0.000515521692876842,0,0.0812082207855916,463.5,FALSE
"FYB1",-1.40576054347169,"Down",1,0.00163398692810458,0,0.197610590894414,0.000515522073088893,0,2,59,1,0,0,0.405525582235081,0.000515521692876844,0,0.0812082207855916,463.5,FALSE
"IGF2BP3",-1.7066795059666,"Down",2,0.00326797385620915,0,0.192392329456146,0.000136317870898891,1,6,86,4,0.0217391304347826,0,0.382699808872369,0.000136317490542589,0.00135869565217391,0.0811867904899736,465,FALSE
"PMP22",3.07066560222327,"Up",2,0.00326797385620915,0.00326797385620915,0.186471663619744,0.000276828982148841,0,18,32,4,0.0217391304347826,0.0250390691823679,0.356801570898514,0.000276828601845991,0.00135869565217391,0.0810430589539368,466,FALSE
"SEMA3A",-1.58654497569502,"Down",3,0.00490196078431373,0.00183542067915581,0.183288409703504,2.10675899950109e-05,0,16,25,9,0.0434782608695652,0.0140629109614241,0.34287734856745,2.10672095948678e-05,0.0036231884057971,0.0808125552027663,467,FALSE
"EPHA3",1.97965629335393,"Up",2,0.00326797385620915,0,0.191609267376331,0.00027999617064904,1,7,19,4,0.0217391304347826,0,0.379274530592573,0.000279995790347395,0.00135869565217391,0.0805304704939754,468.5,FALSE
"EPHB2",-1.05817157485898,"Down",2,0.00326797385620915,0,0.191609267376331,0.00027999617064903,1,7,19,4,0.0217391304347826,0,0.379274530592573,0.000279995790347385,0.00135869565217391,0.0805304704939754,468.5,FALSE
"AGTR1",1.32724416978522,"Up",2,0.00326797385620915,0.00326797385620915,0.185623293903549,5.37285233136243e-05,0,11,29,4,0.0217391304347826,0.0250390691823679,0.353090623277597,5.37281429259056e-05,0.00135869565217391,0.0802562493379694,470,FALSE
"QKI",1.14328974388022,"Up",4,0.0065359477124183,0.00470798118288959,0.171813587871982,1.27058097428236e-05,0.166666666666667,1,23,16,0.0652173913043478,0.0360723407635835,0.292684063772821,1.27054293394996e-05,0.00679347826086957,0.0801559959061924,471,FALSE
"BTNL9",1.47041426392725,"Up",1,0.00163398692810458,0,0.196279666452854,0.000226840690134533,0,16,25,1,0,0,0.399703838724274,0.000226840309812668,0,0.0799861358068173,472,FALSE
"FLI1",2.05030989560459,"Up",1,0.00163398692810458,0,0.196216736133376,0.000137239028506331,0,20,10,1,0,0,0.399428568267428,0.00013723864815038,0,0.0799131613831156,473,FALSE
"ADGRL4",2.93509588503465,"Up",1,0.00163398692810458,0,0.195965417867435,0.000452860427519361,0,13,7,1,0,0,0.398329249299196,0.000452860047283476,0,0.079756421869296,474.5,FALSE
"CD300LG",1.11809275666991,"Up",1,0.00163398692810458,0,0.195965417867435,0.000452860427519362,0,13,7,1,0,0,0.398329249299196,0.000452860047283476,0,0.079756421869296,474.5,FALSE
"PDE8B",1.8849701876742,"Up",2,0.00326797385620915,0.000194544006752048,0.189944134078212,2.42837569311621e-05,0,5,47,4,0.0217391304347826,0.00149058745828835,0.371990887231429,2.42833765322423e-05,0.00135869565217391,0.0793207168306413,476,FALSE
"RAB38",-1.32135851338321,"Down",2,0.00326797385620915,0.000639748136806425,0.188365650969529,4.49798691190436e-05,0,12,24,4,0.0217391304347826,0.00490172154417683,0.365086270028572,4.49794887279968e-05,0.00135869565217391,0.0786261594296867,477,FALSE
"LPCAT4",-1.3113664364473,"Down",4,0.0065359477124183,0.00236921341711846,0.173814257313263,5.58628773349512e-05,0.333333333333333,14,20,16,0.0652173913043478,0.0181528069896611,0.301435412815146,5.58624969480444e-05,0.00679347826086957,0.0783309903733946,478,FALSE
"OSR2",3.3208028894731,"Up",2,0.00326797385620915,1.85926343623465e-05,0.189005558987029,0.000323711979139038,0,8,25,4,0.0217391304347826,0.000142455930972867,0.367885362322668,0.000323711598854023,0.00135869565217391,0.0782898711878904,479,FALSE
"GIMAP1-GIMAP5",1.23404705252301,"Up",2,0.00326797385620915,0,0.188830607837087,0.000152027626560994,1,6,86,4,0.0217391304347826,0,0.367120089186135,0.00015202724621067,0.00135869565217391,0.0780739885038604,480.5,FALSE
"GIMAP6",1.97170783172652,"Up",2,0.00326797385620915,0,0.188830607837087,0.000152027626560992,1,6,86,4,0.0217391304347826,0,0.367120089186135,0.000152027246210667,0.00135869565217391,0.0780739885038604,480.5,FALSE
"CCBE1",1.09496211153062,"Up",1,0.00163398692810458,0,0.192030122372137,0.00655188771368164,0,4,48,1,0,0,0.381115438884823,0.00655188733576587,0,0.0775334652441178,482,FALSE
"PNLIPRP3",-3.4295297828295,"Down",3,0.00490196078431373,0,0.182686567164179,0.000161560413006485,1,14,20,9,0.0434782608695652,0,0.340244762683208,0.000161560032659787,0.0036231884057971,0.077501554398246,483,FALSE
"CACHD1",1.42198546608995,"Up",1,0.00163398692810458,0,0.192816635160681,2.90362750766112e-05,0,6,86,1,0,0,0.384555811290567,2.90358946794993e-05,0,0.0769169694370493,484,FALSE
"OR4F16",1.47649538835697,"Up",2,0.00326797385620915,0.00326797385620915,0.181710213776722,3.73631383083574e-05,0,11,29,4,0.0217391304347826,0.0250390691823679,0.335973987558647,3.73627579144132e-05,0.00135869565217391,0.0768296491171772,485,FALSE
"LHFPL6",1.77409699561795,"Up",1,0.00163398692810458,0,0.192271442035815,0.000130618238527887,0,6,86,1,0,0,0.382171021863226,0.000130617858169417,0,0.076460327944279,486,FALSE
"MPP1",1.19770314706047,"Up",3,0.00490196078431373,0.00359199377696224,0.175207557973089,3.30579999896275e-05,0,7,19,9,0.0434782608695652,0.0275216952893017,0.307530003027525,3.30576195940456e-05,0.0036231884057971,0.0764372410423566,487,FALSE
"CHPT1",1.35909378093845,"Up",3,0.00490196078431373,0.000264774132918075,0.180958013010053,6.34673840636902e-05,0.333333333333333,14,20,9,0.0434782608695652,0.00202868753654217,0.332683703155239,6.34670036796762e-05,0.0036231884057971,0.0763754613941646,488,FALSE
"RGL1",2.09834518437084,"Up",1,0.00163398692810458,0,0.192090395480226,0.000274831210358895,0,7,19,1,0,0,0.381379086140022,0.000274830830055285,0,0.0763307833940155,489,FALSE
"CHN1",1.63410965501504,"Up",1,0.00163398692810458,0,0.191549295774648,0.000268308736885346,0,7,19,1,0,0,0.379012202189828,0.000268308356579255,0,0.0758561021092814,490.5,FALSE
"EPHA1",-1.35413878753028,"Down",1,0.00163398692810458,0,0.191549295774648,0.000268308736885344,0,7,19,1,0,0,0.379012202189828,0.000268308356579254,0,0.0758561021092814,490.5,FALSE
"GSTM3",1.03435566900696,"Up",3,0.00490196078431373,0,0.180265095729013,1.81136659262956e-05,1,5,47,9,0.0434782608695652,0,0.329652737190189,1.81132855250287e-05,0.0036231884057971,0.0753544599502152,492,FALSE
"PGM2L1",-1.44116116808589,"Down",3,0.00490196078431373,0.000441597691829195,0.179419525065963,5.71147923101831e-05,0.666666666666667,5,47,9,0.0434782608695652,0.00338350171788446,0.325954033216601,5.71144119237526e-05,0.0036231884057971,0.0752992197243543,493,FALSE
"SKIL",-1.03302614241901,"Down",1,0.00163398692810458,0,0.190832553788587,0.000217482849942882,0,8,25,1,0,0,0.375877021952713,0.000217482469617457,0,0.0752189008844661,494,FALSE
"ENPP2",2.82857799762756,"Up",2,0.00326797385620915,0,0.185567010309278,6.96194933901292e-05,1,11,29,4,0.0217391304347826,0,0.352844426995166,6.96191130084555e-05,0.00135869565217391,0.0752023744390262,495,FALSE
"SSPN",1.10027064224188,"Up",3,0.00490196078431373,0,0.179419525065963,0.00112012301642031,1,5,47,9,0.0434782608695652,0,0.325954033216601,0.00112012263643825,0.0036231884057971,0.0748351210256803,496.5,FALSE
"SGCE",1.90303719087222,"Up",3,0.00490196078431373,0,0.179419525065963,0.0011201230164203,1,5,47,9,0.0434782608695652,0,0.325954033216601,0.00112012263643824,0.0036231884057971,0.0748351210256803,496.5,FALSE
"LIMK2",-1.17448768708289,"Down",2,0.00326797385620915,0.00326797385620915,0.178999707516818,0.000103078030593322,0,9,30,4,0.0217391304347826,0.0250390691823679,0.324117662934306,0.000103077650224376,0.00135869565217391,0.074471527170771,498,FALSE
"RAB25",-1.81871049395932,"Down",2,0.00326797385620915,0.0025148284227818,0.179419525065963,0.000118411879259825,0,1,23,4,0.0217391304347826,0.0192685026351045,0.325954033216601,0.000118411498896713,0.00135869565217391,0.0736877546875117,499,FALSE
"SCEL",-2.28477826512982,"Down",2,0.00326797385620915,0.000405336774613791,0.182850313713774,0.00109871163796488,0,13,7,4,0.0217391304347826,0.00310567219576405,0.340961024540569,0.00109871125797468,0.00135869565217391,0.0736526468162528,500,FALSE
"SCUBE2",1.67894321599239,"Up",1,0.00163398692810458,0,0.188947205927755,0.000155445519788301,0,6,86,1,0,0,0.367630113764934,0.000155445139439276,0,0.0735571117808747,501,FALSE
"CSRNP1",1.63822814988837,"Up",1,0.00163398692810458,0,0.188888888888889,0.000209219602272604,0,8,25,1,0,0,0.367375022768038,0.000209219221944036,0,0.0735168483979964,502,FALSE
"SERPINB1",-1.30657580708221,"Down",1,0.00163398692810458,0,0.18848167539267,0.00198348254606941,0,4,48,1,0,0,0.365593785264918,0.00198348216641579,0,0.0735154534862668,503,FALSE
"CDH3",-2.62093076803746,"Down",3,0.00490196078431373,0.00652525058031942,0.166575939031029,0.000497007939619859,0.333333333333333,18,32,9,0.0434782608695652,0.0499961774181486,0.269773485831992,0.000497007559400768,0.0036231884057971,0.0734736240169806,504,FALSE
"AASS",1.84232960743354,"Up",1,0.00163398692810458,0,0.18865598027127,2.25871213091067e-05,0,5,47,1,0,0,0.366356231474638,2.25867409095416e-05,0,0.0732757636431095,505,FALSE
"GPD2",-1.19179404899093,"Down",4,0.0065359477124183,0.000564173566403898,0.170616113744076,1.58825338009264e-05,0.5,14,20,16,0.0652173913043478,0.00432267257377542,0.287446060009566,1.58821533988108e-05,0.00679347826086957,0.0727590968603915,506,FALSE
"PRRX1",2.77803938916406,"Up",1,0.00163398692810458,0,0.187960687960688,0.00021082409133762,0,6,86,1,0,0,0.363314876630706,0.000210823711009662,0,0.072705140068343,507,FALSE
"GPNMB",2.86168138816837,"Up",2,0.00326797385620915,0.000558629969545966,0.181710213776722,1.89690852531287e-05,0,12,24,4,0.0217391304347826,0.00428019778317048,0.335973987558647,1.89687048521872e-05,0.00135869565217391,0.0726741960267253,508,FALSE
"NRCAM",-1.41912819607619,"Down",2,0.00326797385620915,0.00326797385620915,0.176776429809359,8.15350895841388e-06,0,3,26,4,0.0217391304347826,0.0250390691823679,0.3143925785028,8.15312855335808e-06,0.00135869565217391,0.0725075253801356,509,FALSE
"MISP",-1.19487294355091,"Down",1,0.00163398692810458,0,0.186870229007634,0.000357597211616973,0,3,26,1,0,0,0.35854497975639,0.000357596831344849,0,0.0717805153175469,510,FALSE
"SYNPO",1.47677994450904,"Up",2,0.00326797385620915,0.00017364047122746,0.181118674163954,0.000229812412279895,0,13,7,4,0.0217391304347826,0.00133042550620854,0.333386468842721,0.000229812031959161,0.00135869565217391,0.0716089064935691,511,FALSE
"PRSS8",-1.44851584041368,"Down",2,0.00326797385620915,0.00160991838088209,0.178477690288714,0.000118598422550309,0,1,23,4,0.0217391304347826,0.0123351224613629,0.321834249755206,0.000118598042187267,0.00135869565217391,0.0714771592691426,512,FALSE
"ROBO2",1.79887266994789,"Up",2,0.00326797385620915,0.00040463728445762,0.180424528301887,0.000118465973964808,0,16,25,4,0.0217391304347826,0.00310031273354574,0.330350128805786,0.000118465593601716,0.00135869565217391,0.0713333466439781,513,FALSE
"ADHFE1",1.27306963289346,"Up",2,0.00326797385620915,0.00259910949707473,0.175609756097561,9.43216579830239e-06,0,14,20,4,0.0217391304347826,0.0199142604479999,0.309289302239477,9.43178539373299e-06,0.00135869565217391,0.0704621641119653,514,FALSE
"DKK3",1.16558751979222,"Up",2,0.00326797385620915,0,0.178842781998831,4.88137187085824e-05,1,12,24,4,0.0217391304347826,0,0.323431237704224,4.88133383189941e-05,0.00135869565217391,0.0693155754259,515,FALSE
"YKT6",-1.22345634009106,"Down",2,0.00326797385620915,0.00326797385620915,0.172783738001129,2.13849458633734e-05,0,18,32,4,0.0217391304347826,0.0250390691823679,0.296927704540477,2.1384565463351e-05,0.00135869565217391,0.069017196875053,516,FALSE
"MSLN",-1.71608333734563,"Down",2,0.00326797385620915,0.00652525058031942,0.166984993178718,8.29018301838672e-06,0,9,30,4,0.0217391304347826,0.0499961774181486,0.271562774731882,8.28980261338291e-06,0.00135869565217391,0.0689330136079201,517,FALSE
"CYP27C1",-1.44320630369702,"Down",4,0.0065359477124183,0.000298664970478598,0.166666666666667,2.90246522030702e-06,0.5,5,47,16,0.0652173913043478,0.00228835761459802,0.270170347597793,2.90208481325367e-06,0.00679347826086957,0.0688944953724843,518,FALSE
"TNNT1",-2.08712300523271,"Down",1,0.00163398692810458,0,0.183178689015265,0.000625766389062135,0,9,30,1,0,0,0.342397407193762,0.000625766008892024,0,0.0686046346405308,519,FALSE
"OPN3",-1.12722093986567,"Down",2,0.00326797385620915,0.00285540095703002,0.173027989821883,3.61941888307465e-05,0,16,25,4,0.0217391304347826,0.0218779541245811,0.297996113390802,3.61938084363576e-05,0.00135869565217391,0.0686016174821551,520,FALSE
"ABCA9",1.59846460871103,"Up",1,0.00163398692810458,0,0.183288409703504,7.87493189939049e-05,0,6,86,1,0,0,0.34287734856745,7.87489386157043e-05,0,0.0685912195012132,521,FALSE
"TMSB10",-1.25151714605562,"Down",2,0.00326797385620915,0.000419472752886861,0.177237185056473,1.87295093908162e-05,0,12,24,4,0.0217391304347826,0.00321398142757364,0.316408018888591,1.87291289897836e-05,0.00135869565217391,0.0685477111064222,522,FALSE
"MMRN2",1.00935595084671,"Up",1,0.00163398692810458,0,0.183178689015265,9.79385041433271e-05,0,16,25,1,0,0,0.342397407193762,9.79381237724262e-05,0,0.0684990690635069,523,FALSE
"MEGF6",1.38334655029857,"Up",1,0.00163398692810458,0,0.182414307004471,0.001694485387137,0,4,48,1,0,0,0.339053839465828,0.00169448500737344,0,0.0681496648946402,524,FALSE
"KCNJ15",-1.59475947940854,"Down",1,0.00163398692810458,0,0.182251340083383,1.29577852300502e-05,0,6,86,1,0,0,0.338340987867574,1.2957404826822e-05,0,0.0676707890544802,525,FALSE
"AXIN2",1.50432390580066,"Up",1,0.00163398692810458,0,0.181710213776722,2.3102745010205e-05,0,12,24,1,0,0,0.335973987558647,2.3102364610836e-05,0,0.0671994179846516,526,FALSE
"RHPN2",-1.06982656903231,"Down",1,0.00163398692810458,0,0.180851063829787,0.000189079726376681,0,8,25,1,0,0,0.332215884940502,0.000189079346040451,0,0.0664809928573085,527,FALSE
"GALNT3",-1.23332117932108,"Down",2,0.00326797385620915,0.00652525058031942,0.163987138263666,3.33691856232767e-05,0,19,11,4,0.0217391304347826,0.0499961774181486,0.25844952663675,3.33688052278132e-05,0.00135869565217391,0.0663153797894166,528,FALSE
"TRPM1",1.69284892466233,"Up",1,0.00163398692810458,0,0.180371352785146,2.6792579916646e-05,0,12,24,1,0,0,0.330117527908355,2.67921995186806e-05,0,0.0660288640215747,529,FALSE
"MREG",-1.35168076744033,"Down",2,0.00326797385620915,0,0.174957118353345,6.4311482031965e-06,1,16,25,4,0.0217391304347826,0,0.30643452744261,6.4307677974855e-06,0.00135869565217391,0.0659077568594727,530.5,FALSE
"MYRIP",1.47022694399545,"Up",2,0.00326797385620915,0,0.174957118353345,6.43114820320021e-06,1,16,25,4,0.0217391304347826,0,0.30643452744261,6.4307677974892e-06,0.00135869565217391,0.0659077568594727,530.5,FALSE
"LEPROT",1.84002036721812,"Up",1,0.00163398692810458,0,0.179314386170524,0.00011188462343539,0,2,59,1,0,0,0.325494133568552,0.000111884243069795,0,0.0651212035623243,532,FALSE
"CELSR1",-1.0731591930354,"Down",1,0.00163398692810458,0,0.179261862917399,0.000178570495724583,0,12,24,1,0,0,0.325264385809399,0.000178570115384355,0,0.0650885911849567,533,FALSE
"RAP1GDS1",-1.4009046630417,"Down",1,0.00163398692810458,0,0.178895059923999,0.000102898433106966,0,9,30,1,0,0,0.323659912347277,0.000102898052737952,0,0.064752562080003,534,FALSE
"ATP13A2",-1.56191093059711,"Down",1,0.00163398692810458,0,0.178895059923999,1.81872892023988e-05,0,12,24,1,0,0,0.323659912347277,1.81869088011599e-05,0,0.0647356198512156,535,FALSE
"MAP1LC3C",1.63030210079197,"Up",3,0.00490196078431373,0.00371396372078497,0.161137440758294,2.29799574507523e-06,0,16,25,9,0.0434782608695652,0.028456223530935,0.24598435022131,2.29761533779194e-06,0.0036231884057971,0.064308864128589,536,FALSE
"DHRS9",-3.62779614085946,"Down",4,0.0065359477124183,9.58196162924769e-05,0.161690885072655,1.4746866215688e-06,0.333333333333333,5,47,16,0.0652173913043478,0.000734165604420833,0.248405232087414,1.47430621397232e-06,0.00679347826086957,0.0642303483126533,537,FALSE
"RDH11",-1.00364312561186,"Down",4,0.0065359477124183,9.58196162924769e-05,0.161690885072655,1.47468662156795e-06,0.333333333333333,5,47,16,0.0652173913043478,0.000734165604420833,0.248405232087414,1.47430621397147e-06,0.00679347826086957,0.0642303483126533,538,FALSE
"RAB3IP",-1.19798610560621,"Down",1,0.00163398692810458,0,0.178165938864629,0.000118183427016156,0,1,23,1,0,0,0.320470583439164,0.000118183046652957,0,0.0641177532971634,539,FALSE
"ID4",1.96664853121523,"Up",1,0.00163398692810458,0,0.178010471204188,0.000179597079234453,0,6,86,1,0,0,0.319790535184698,0.000179596698894616,0,0.0639940263767185,540,FALSE
"NNMT",2.88941311235819,"Up",2,0.00326797385620915,0.000511974178907595,0.171332586786114,4.43359054237615e-06,0,5,47,4,0.0217391304347826,0.0039227232068875,0.290580063828947,4.43321013590525e-06,0.00135869565217391,0.0635210092665854,541,FALSE
"FERMT1",-2.92272637616925,"Down",2,0.00326797385620915,0,0.170473537604457,1.21283469552535e-05,1,3,26,4,0.0217391304347826,0,0.286822401979325,1.21279665517098e-05,0.00135869565217391,0.0619864712065666,542.5,FALSE
"FERMT2",1.34584042725919,"Up",2,0.00326797385620915,0,0.170473537604457,1.21283469552527e-05,1,3,26,4,0.0217391304347826,0,0.286822401979325,1.21279665517089e-05,0.00135869565217391,0.0619864712065666,542.5,FALSE
"NPR3",1.44130171742986,"Up",1,0.00163398692810458,0,0.175207557973089,1.73095727387882e-05,0,11,29,1,0,0,0.307530003027525,1.73091923372154e-05,0,0.0615094624439724,544,FALSE
"TWF1",-1.2753283688954,"Down",2,0.00326797385620915,0.00017348108712314,0.169529085872576,8.44264096842265e-05,0,7,19,4,0.0217391304347826,0.00132920431234646,0.28269117140781,8.44260293081855e-05,0.00135869565217391,0.0614405255672843,545,FALSE
"RHOBTB1",1.13920141979718,"Up",1,0.00163398692810458,0,0.175007148984844,6.61821650133632e-06,0,5,47,1,0,0,0.306653371950365,6.61783609569648e-06,0,0.0613319979572922,546,FALSE
"CDS1",-1.86194088626699,"Down",2,0.00326797385620915,0,0.169482137911936,9.07346310208063e-06,1,14,20,4,0.0217391304347826,0,0.282485811150932,9.07308269737478e-06,0.00135869565217391,0.0611185420641172,547,FALSE
"KLF15",1.5149619141414,"Up",1,0.00163398692810458,0,0.174160500853728,1.6256557756426e-05,0,16,25,1,0,0,0.302949954904776,1.62561773544526e-05,0,0.0605932422164261,548,FALSE
"MBNL1",1.15678255194554,"Up",3,0.00490196078431373,0.00138101279431878,0.160587772238258,4.87509901286555e-05,0.333333333333333,1,23,9,0.0434782608695652,0.010581258118997,0.243579984473946,4.87506097390433e-05,0.0036231884057971,0.0602622884956088,549,FALSE
"ENTPD3",-1.23108076049497,"Down",3,0.00490196078431373,0.00326797385620915,0.157003591585428,2.8831174952777e-06,0.333333333333333,5,47,9,0.0434782608695652,0.0250390691823679,0.227902024249007,2.88273708821699e-06,0.0036231884057971,0.0600090850887652,550,FALSE
"PLA2G5",1.62585399309538,"Up",1,0.00163398692810458,0,0.172345818079414,5.25784504624223e-05,0,14,20,1,0,0,0.295012150672137,5.25780700742661e-05,0,0.0590129457484423,551,FALSE
"KCNE4",3.12744444365153,"Up",1,0.00163398692810458,0,0.172297297297297,6.64979489134659e-06,0,6,86,1,0,0,0.294799910563226,6.64941448571876e-06,0,0.0589613119955424,552,FALSE
"ECM2",1.78133309515732,"Up",1,0.00163398692810458,0,0.171861836562763,0.00127040234235945,0,4,48,1,0,0,0.292895113696986,0.00127040196243457,0,0.0588331031318842,553,FALSE
"KCNJ13",1.59998483951492,"Up",1,0.00163398692810458,0,0.172006745362563,6.10797468291132e-06,0,5,47,1,0,0,0.29352897527361,6.10759427707738e-06,0,0.0587070165735775,554,FALSE
"TPSAB1",1.19362061555902,"Up",2,0.00326797385620915,0,0.165898617511521,7.94513289986879e-06,1,20,10,4,0.0217391304347826,0,0.266810739008959,7.94475249473372e-06,0.00135869565217391,0.0579833019696821,555.5,FALSE
"TPSB2",1.19362061555902,"Up",2,0.00326797385620915,0,0.165898617511521,7.94513289986827e-06,1,20,10,4,0.0217391304347826,0,0.266810739008959,7.9447524947332e-06,0.00135869565217391,0.0579833019696821,555.5,FALSE
"ERO1A",-1.31845018693721,"Down",1,0.00163398692810458,0,0.170806586659224,1.37558183973746e-05,0,6,86,1,0,0,0.288279228612623,1.375543799445e-05,0,0.0576585968101236,557,FALSE
"PRSS2",-2.36172025972002,"Down",1,0.00163398692810458,0,0.170426065162907,5.63459391528343e-05,0,11,29,1,0,0,0.286614747532609,5.63455587661113e-05,0,0.0573342186182749,558,FALSE
"ADAP1",-1.01273406043522,"Down",1,0.00163398692810458,0,0.170426065162907,1.16220927040784e-05,0,3,26,1,0,0,0.286614747532609,1.16217123003421e-05,0,0.0573252738489818,559.5,FALSE
"OSBPL3",-1.19086423052444,"Down",1,0.00163398692810458,0,0.170426065162907,1.16220927040765e-05,0,3,26,1,0,0,0.286614747532609,1.16217123003402e-05,0,0.0573252738489818,559.5,FALSE
"GALE",-1.00227101386518,"Down",1,0.00163398692810458,0,0.170141784820684,1.78351922134935e-05,0,10,46,1,0,0,0.285371245508069,1.78348118121207e-05,0,0.0570778160639762,561.5,FALSE
"IL19",-1.23697094876682,"Down",1,0.00163398692810458,0,0.170141784820684,1.78351922134951e-05,0,10,46,1,0,0,0.285371245508069,1.78348118121223e-05,0,0.0570778160639762,561.5,FALSE
"GPAT3",-1.21486742449371,"Down",3,0.00490196078431373,6.20163996005708e-05,0.158713692946058,7.66827014037263e-06,0.666666666666667,14,20,9,0.0434782608695652,0.000475166873532259,0.235382367376076,7.66788973513224e-06,0.0036231884057971,0.0565933302829412,563,FALSE
"LIPH",-2.46366960180784,"Down",1,0.00163398692810458,0,0.169294605809129,1.73100307685321e-05,0,11,29,1,0,0,0.281665506279751,1.73096503669596e-05,0,0.0563365631860236,564,FALSE
"ZNF423",1.15526329290784,"Up",1,0.00163398692810458,0,0.169200995299972,1.51145206137118e-05,0,6,86,1,0,0,0.281256034218674,1.5114140211304e-05,0,0.056254229671777,565.5,FALSE
"ZNF521",1.92217789393079,"Up",1,0.00163398692810458,0,0.169200995299972,1.5114520613712e-05,0,6,86,1,0,0,0.281256034218674,1.51141402113042e-05,0,0.056254229671777,565.5,FALSE
"PKNOX2",1.12579191125163,"Up",1,0.00163398692810458,0,0.168827586206897,1.6206403010842e-05,0,6,86,1,0,0,0.279622664286761,1.62060226088496e-05,0,0.055927774061874,567,FALSE
"SCN7A",2.20952091098784,"Up",1,0.00163398692810458,0,0.167717182789805,2.09628950702098e-06,0,6,86,1,0,0,0.274765526130779,2.09590909966096e-06,0,0.0549535244079758,568,FALSE
"PDLIM3",1.25578783423419,"Up",2,0.00326797385620915,0.00326797385620915,0.156561780506523,4.81975295462376e-05,0,1,23,4,0.0217391304347826,0.0250390691823679,0.225969449640486,4.81971491564149e-05,0.00135869565217391,0.0548309084117934,569,FALSE
"GRP",2.99392190354294,"Up",1,0.00163398692810458,0,0.166802943581357,8.27571344886166e-06,0,9,30,1,0,0,0.270766451492949,8.27533304385234e-06,0,0.0541549453651987,570,FALSE
"CYP26B1",1.59784597571785,"Up",2,0.00326797385620915,0,0.161520190023753,9.86804485827754e-07,1,5,47,4,0.0217391304347826,0,0.247658576032237,9.86424078045676e-07,0.00135869565217391,0.0541514777086543,571,FALSE
"TMPRSS4",-2.14656890047594,"Down",1,0.00163398692810458,0,0.166575939031029,8.62112700652319e-06,0,9,30,1,0,0,0.269773485831992,8.62074660164527e-06,0,0.0539564213157186,572,FALSE
"KLK7",-3.14497754591117,"Down",4,0.0065359477124183,0.00978252730442968,0.132639791937581,2.17950725590481e-07,0.166666666666667,1,23,16,0.0652173913043478,0.0749532856539293,0.121329638868321,2.17570317515925e-07,0.00679347826086957,0.0536588023315571,573,FALSE
"SCRG1",1.98079053055981,"Up",1,0.00163398692810458,0,0.165450121654501,3.83515693220271e-06,0,5,47,1,0,0,0.264848923774604,3.83477652550417e-06,0,0.0529705517102259,574,FALSE
"KCNJ8",1.46886598486793,"Up",1,0.00163398692810458,0,0.164826286022085,2.11608067122106e-06,0,6,86,1,0,0,0.262120135474213,2.11570026386857e-06,0,0.0524244502348954,575,FALSE
"ESRP1",-1.64088692475695,"Down",2,0.00326797385620915,0.00047356982874738,0.158672543427534,5.47303665587913e-06,0,1,23,4,0.0217391304347826,0.00362847079763446,0.235202370724908,5.47265624980365e-06,0.00135869565217391,0.0523868280531498,576,FALSE
"TNS1",2.47689358269902,"Up",1,0.00163398692810458,0,0.164251207729469,1.55488921624593e-05,0,7,19,1,0,0,0.25960462203581,1.55485117602168e-05,0,0.051924034109514,577.5,FALSE
"TNS2",1.57650841798649,"Up",1,0.00163398692810458,0,0.164251207729469,1.55488921624591e-05,0,7,19,1,0,0,0.25960462203581,1.55485117602166e-05,0,0.051924034109514,577.5,FALSE
"LMO3",1.52309467615948,"Up",1,0.00163398692810458,0,0.164251207729469,5.74858199740883e-06,0,20,10,1,0,0,0.25960462203581,5.74820159143817e-06,0,0.0519220740474802,579.5,FALSE
"SSBP2",1.27913269581976,"Up",1,0.00163398692810458,0,0.164251207729469,5.74858199741006e-06,0,20,10,1,0,0,0.25960462203581,5.7482015914394e-06,0,0.0519220740474802,579.5,FALSE
"TSPAN12",-1.38933882300548,"Down",1,0.00163398692810458,0,0.162982689747004,9.79639726065629e-06,0,12,24,1,0,0,0.254055857506321,9.79601685622545e-06,0,0.0508131307046354,581,FALSE
"BAIAP2L1",-1.43073494997784,"Down",1,0.00163398692810458,0,0.161690885072655,1.14241870918961e-05,0,7,19,1,0,0,0.248405232087414,1.14238066880845e-05,0,0.0496833311788205,582,FALSE
"HHEX",1.41312895805955,"Up",1,0.00163398692810458,0,0.161434977578475,5.69963237100144e-06,0,6,86,1,0,0,0.247285838869372,5.69925196501216e-06,0,0.0494583076242674,583,FALSE
"PI3",-3.11570932792487,"Down",1,0.00163398692810458,0,0.159043659043659,6.49983947388997e-06,0,6,86,1,0,0,0.236825708506129,6.49945906820509e-06,0,0.0473664415930394,584,FALSE
"SEPTIN4",1.54152815393395,"Up",1,0.00163398692810458,0,0.15900233826968,1.22088508508232e-05,0,8,25,1,0,0,0.236644962747572,1.22084704473101e-05,0,0.0473314342436038,585,FALSE
"LYPLA1",-1.14953818616324,"Down",2,0.00326797385620915,0,0.15357590966123,2.84811955769246e-06,1,14,20,4,0.0217391304347826,0,0.212908622387717,2.84773915061844e-06,0.00135869565217391,0.0472018592427649,586,FALSE
"B3GNT3",-1.48054468184299,"Down",1,0.00163398692810458,0,0.158344113842173,3.39206130663225e-05,0,17,3,1,0,0,0.233765750622649,3.39202326710688e-05,0,0.046759934171064,587,FALSE
"SPINT1",-1.36774116300948,"Down",2,0.00326797385620915,2.40685472224896e-05,0.152163102933864,9.90961711656159e-06,0,1,23,4,0.0217391304347826,0.00018441212982104,0.20672870853218,9.90923671217382e-06,0.00135869565217391,0.046004171197134,588,FALSE
"SH3TC2",-1.0417030859064,"Down",1,0.00163398692810458,0,0.157205240174672,1.15552308634601e-05,0,18,32,1,0,0,0.228784077601728,1.15548504596984e-05,0,0.0457591264904375,589,FALSE
"PTGFR",2.45053622353973,"Up",1,0.00163398692810458,0,0.156601842374616,2.24270409125512e-06,0,11,29,1,0,0,0.226144688679846,2.2423236839508e-06,0,0.0452293862007061,590,FALSE
"DPYSL4",1.30179864475062,"Up",1,0.00163398692810458,0,0.155211767689576,4.79825799010089e-07,0,16,25,1,0,0,0.220064209559872,4.79445391035152e-07,0,0.0440129378010525,591,FALSE
"MBNL2",1.07630246777322,"Up",2,0.00326797385620915,0,0.149816401468788,2.56529321870296e-06,1,1,23,4,0.0217391304347826,0,0.196463742618641,2.56491281152135e-06,0.00135869565217391,0.0439128267236818,592,FALSE
"MUC16",-1.55709509927698,"Down",2,0.00326797385620915,0.00326797385620915,0.143191389798783,3.46647873177906e-07,0,9,30,4,0.0217391304347826,0.0250390691823679,0.167484547786455,3.46267465152307e-07,0.00135869565217391,0.043124357864649,593,FALSE
"OR4F29",1.47649538835697,"Up",1,0.00163398692810458,0,0.153807489318924,1.55958991571878e-06,0,11,29,1,0,0,0.213921600530819,1.5592095081546e-06,0,0.0427846319480654,594,FALSE
"CHSY3",1.05998863639752,"Up",2,0.00326797385620915,0.00326797385620915,0.140981340704907,1.39530782374922e-06,0,19,11,4,0.0217391304347826,0.0250390691823679,0.157817328093829,1.39492741612254e-06,0.00135869565217391,0.041191123658114,595,FALSE
"EXPH5",1.24001371574337,"Up",1,0.00163398692810458,0,0.151936444885799,2.98927507545808e-07,0,16,25,1,0,0,0.205737258545024,2.98547099502056e-07,0,0.0411475114184246,596,FALSE
"COLEC12",1.73238199223956,"Up",1,0.00163398692810458,0,0.151861042183623,4.30262189750529e-06,0,9,30,1,0,0,0.205407431262282,4.30224149098457e-06,0,0.0410823467007546,597,FALSE
"GLDN",2.06747469458151,"Up",1,0.00163398692810458,0,0.150257795236926,3.40338925613325e-07,0,3,26,1,0,0,0.198394491822072,3.39958517585326e-07,0,0.0396789663561178,598,FALSE
"LIN7A",1.16790605595791,"Up",1,0.00163398692810458,0,0.149122807017544,1.37988739040535e-06,0,7,19,1,0,0,0.193429814568652,1.37950698277281e-06,0,0.0386862388151269,599,FALSE
"CDH19",2.62224385368716,"Up",2,0.00326797385620915,0,0.142857142857143,2.16494902170033e-05,1,18,32,4,0.0217391304347826,0,0.166022481343959,2.16491098170815e-05,0.00135869565217391,0.0378283913081465,600.5,FALSE
"CDH11",2.80485330739041,"Up",2,0.00326797385620915,0,0.142857142857143,2.16494902169999e-05,1,18,32,4,0.0217391304347826,0,0.166022481343959,2.16491098170781e-05,0.00135869565217391,0.0378283913081465,600.5,FALSE
"VAMP8",-1.62271400369634,"Down",1,0.00163398692810458,0,0.147363351793884,8.92637701938315e-07,0,18,32,1,0,0,0.185733587261492,8.92257294120415e-07,0,0.0371468959037571,602,FALSE
"SPINK6",-1.13917631668046,"Down",2,0.00326797385620915,0.00326797385620915,0.132496211301147,2.0848671669611e-07,0,1,23,4,0.0217391304347826,0.0250390691823679,0.120701586957683,2.08106308617954e-07,0.00135869565217391,0.0337677380666633,603,FALSE
"MAP1A",1.43704192081208,"Up",1,0.00163398692810458,0,0.138806985711046,9.59215727806983e-08,0,16,25,1,0,0,0.148306241904091,9.5541164659721e-08,0,0.0296612674890512,604,FALSE
"KLK8",-1.56970743555795,"Down",2,0.00326797385620915,0,0.132553606237817,2.17221030576237e-07,1,1,23,4,0.0217391304347826,0,0.120952644485574,2.16840622501403e-07,0.00135869565217391,0.0288101374826307,605,FALSE
"P2RY2",-1.12978822396093,"Down",1,0.00163398692810458,0,0.135728542914172,1.20345377159497e-07,0,5,47,1,0,0,0.134840485459577,1.19964969047811e-07,0,0.0269681210849093,606,FALSE
"SORBS2",1.21043111253404,"Up",1,0.00163398692810458,0,0.135398230088496,2.01183263628546e-06,0,1,23,1,0,0,0.133395627667979,2.01145222889332e-06,0,0.0266795278240416,607,FALSE
"A2ML1",-2.20988888715101,"Down",2,0.00326797385620915,0.00326797385620915,0.117174037909248,9.11344845035391e-09,0,1,23,4,0.0217391304347826,0.0250390691823679,0.0536791770219024,8.73304029635419e-09,0.00135869565217391,0.0203632162048534,608,FALSE
"MUC20",-1.87415720034838,"Down",1,0.00163398692810458,0,0.125281473899693,1.44695695296717e-08,0,9,30,1,0,0,0.0891428077080683,1.40891613777095e-08,0,0.0178285643594459,609,FALSE
"CSGALNACT1",1.6252409928812,"Up",1,0.00163398692810458,0,0.123586429725363,5.82421100037485e-08,0,19,11,1,0,0,0.0817283278816473,5.78617018684377e-08,0,0.0163456771486698,610,FALSE
"KLK10",-2.08601291149117,"Down",1,0.00163398692810458,0,0.117129186602871,9.09756966958335e-09,0,1,23,1,0,0,0.0534829879718734,8.71716151557759e-09,0,0.010696599337807,611,FALSE
"KLK12",-1.26777646652419,"Down",1,0.00163398692810458,0,0.117017208413002,8.70252863812624e-09,0,1,23,1,0,0,0.0529931718111172,8.3221204839702e-09,0,0.0105986360266475,612,FALSE
"KLK6",-2.33162447196908,"Down",1,0.00163398692810458,0,0.104902296880357,3.80408157321847e-10,0,1,23,1,0,0,0,0,0,0,613,FALSE
