"gene","logFC","direction","degree","degree_norm","betweenness","closeness","eigenvector","clustering_coeff","module","module_sz","MCC","degree_n","betweenness_n","closeness_n","eigenvector_n","MCC_n","hub_score","hub_rank","is_hub"
"FN1",4.8147324951267,"Up",90,0.104529616724739,0.181548288107324,0.357409713574097,1,0.122846441947566,2,91,8100,1,1,1,1,1,1,1,TRUE
"IL6",3.22329199315399,"Up",74,0.0859465737514518,0.116232077489678,0.343164607413312,0.740119504674445,0.14142910033321,1,120,5476,0.820224719101124,0.640226788704093,0.94111189805896,0.740119502541064,0.676009383874552,0.763538458455958,2,TRUE
"CXCR4",1.57221803127129,"Up",48,0.0557491289198606,0.0576885935836354,0.333591631150717,0.555684301090172,0.209219858156028,1,120,2304,0.528089887640449,0.317758950993425,0.901537998386471,0.555684297442746,0.284356093344857,0.51748544556159,3,TRUE
"PECAM1",3.82795806925251,"Up",44,0.0511033681765389,0.0513354222763009,0.337779521380934,0.498987330938356,0.183932346723044,14,77,1936,0.48314606741573,0.282764562593691,0.918850393535466,0.4989873268255,0.238918384985801,0.484533347071238,4,TRUE
"ITGB2",1.8084435072249,"Up",43,0.0499419279907085,0.0543285499860896,0.323684210526316,0.434796843952555,0.158361018826135,11,52,1849,0.471910112359551,0.299251238072665,0.86058153311922,0.434796839312754,0.228176318063959,0.45894320818563,5,TRUE
"CXCL8",2.11468342175027,"Up",44,0.0511033681765389,0.0326159174553967,0.315615835777126,0.53836981914901,0.228329809725159,1,120,1936,0.48314606741573,0.179654227508416,0.827227532849516,0.538369815359449,0.238918384985801,0.453463205623782,6,TRUE
"BCL2",2.51232035498644,"Up",37,0.0429732868757259,0.0894094707873533,0.33230412967966,0.29353323790307,0.10960960960961,5,75,1369,0.404494382022472,0.492483138890839,0.896215572774401,0.293533232103624,0.16890974194345,0.451127213546957,7,TRUE
"FGF2",1.6750347795953,"Up",41,0.0476190476190476,0.039239201247322,0.316777041942605,0.527960883680695,0.231707317073171,10,50,1681,0.449438202247191,0.216136443127051,0.83202786401416,0.527960879805685,0.20743301642178,0.446599281123173,8,TRUE
"ITGAM",1.66702039467958,"Up",41,0.0476190476190476,0.0358215243619173,0.32380594208349,0.444319495970374,0.21219512195122,1,120,1681,0.449438202247191,0.197311275888986,0.861084761404598,0.444319491408745,0.20743301642178,0.43191734947426,9,TRUE
"COL1A1",3.65294205286332,"Up",45,0.0522648083623693,0.0213173053159255,0.296079779917469,0.539349084697587,0.257575757575758,2,91,2025,0.49438202247191,0.117419478520908,0.746467078276256,0.539349080916064,0.249907395974812,0.42950501123199,10,TRUE
"IGF1",1.3521307967395,"Up",38,0.0441347270615563,0.0400071474226968,0.325889477668433,0.463075724523215,0.244665718349929,10,50,1444,0.415730337078652,0.220366426143585,0.869697926834118,0.463075720115557,0.178170144462279,0.429408110926838,11,TRUE
"CCL2",2.39618493287212,"Up",40,0.0464576074332172,0.0245815656919708,0.320789865871833,0.518394984442119,0.257692307692308,1,120,1600,0.438202247191011,0.13539960055938,0.848616549415912,0.518394980488582,0.197431781701445,0.427609031871266,12,TRUE
"KIT",-1.9803010299224,"Down",37,0.0429732868757259,0.0395316877816577,0.329128440366972,0.416507150701467,0.16966966966967,10,50,1369,0.404494382022472,0.217747510559219,0.883087533301207,0.416507145911524,0.16890974194345,0.418149262747574,13,TRUE
"CXCL12",5.38135898122799,"Up",35,0.040650406504065,0.00949603213618234,0.319125277983692,0.541012621590278,0.310924369747899,1,120,1225,0.382022471910112,0.052305820314696,0.8417352794457,0.541012617822412,0.151129769107297,0.393641191720043,14,TRUE
"ICAM1",2.36240812580402,"Up",35,0.040650406504065,0.0198656058132793,0.316195372750643,0.473811754331086,0.258823529411765,1,120,1225,0.382022471910112,0.10942326154866,0.829623291223644,0.473811750011561,0.151129769107297,0.389202108760255,15,TRUE
"COL1A2",3.25242309022047,"Up",39,0.0452961672473868,0.00899855373743373,0.290387858347386,0.51193263733483,0.349527665317139,2,91,1521,0.426966292134831,0.0495656215282743,0.722937140775182,0.511932633328244,0.187677491048278,0.379815835762962,16,FALSE
"MMP2",4.49304483105422,"Up",32,0.0371660859465738,0.012529008343408,0.314808043875686,0.510696372940201,0.298387096774194,2,91,1024,0.348314606741573,0.0690119883477025,0.82388818730149,0.510696368923466,0.126311890356834,0.375644608334213,17,FALSE
"PRKACB",3.36208444225778,"Up",33,0.0383275261324042,0.0848256612495534,0.298958333333333,0.0358812024596406,0.0909090909090909,7,128,1089,0.359550561797753,0.467234707271973,0.758366782292699,0.0358811945451072,0.13433757253982,0.35107416368947,18,FALSE
"PDGFRB",2.73551620390883,"Up",29,0.0336817653890825,0.0131275093221132,0.312522686025408,0.399538180198236,0.238916256157635,10,50,841,0.314606741573034,0.0723086373271266,0.814440705159913,0.399538175268994,0.10371650821089,0.340922153507991,19,FALSE
"PIK3R1",1.59205072847007,"Up",33,0.0383275261324042,0.0377418128208947,0.300943725969941,0.210589466604599,0.125,11,52,1089,0.359550561797753,0.207888563502087,0.766574232813452,0.21058946012426,0.13433757253982,0.335788078155474,20,FALSE
"CD36",-2.33918600891602,"Down",24,0.0278745644599303,0.0444215689661089,0.317360855141909,0.263709482319764,0.173913043478261,11,52,576,0.258426966292135,0.2446818388056,0.834441299955396,0.263709476275492,0.0709964193110261,0.33445120012793,21,FALSE
"IL7",1.62679014177615,"Up",28,0.032520325203252,0.00732295334045527,0.309489575844716,0.356774245755138,0.291005291005291,1,120,784,0.303370786516854,0.0403361189290104,0.80190207613862,0.356774240474843,0.0966786022965798,0.319812364871181,22,FALSE
"FYN",2.72541403385319,"Up",29,0.0336817653890825,0.0442444787442189,0.304455445544554,0.14779928296294,0.113300492610837,11,52,841,0.314606741573034,0.243706394620826,0.781091393862592,0.147799275967152,0.10371650821089,0.318184062846899,23,FALSE
"ITGA4",2.43479821738615,"Up",27,0.0313588850174216,0.00812190612473916,0.30020920502092,0.39798035078098,0.384615384615385,2,91,729,0.292134831460674,0.0447368918176624,0.763537783380538,0.39798034583895,0.0898876404494382,0.317655498589452,24,FALSE
"ITGA5",1.54191561570333,"Up",28,0.032520325203252,0.00974846113414669,0.296589734757148,0.385301720049228,0.386243386243386,2,91,784,0.303370786516854,0.0536962437695022,0.748575189809114,0.385301715003117,0.0966786022965798,0.317524507479033,25,FALSE
"COL3A1",4.76060067594518,"Up",31,0.0360046457607433,0.00456768185078334,0.278821243523316,0.413668740160228,0.404301075268817,2,91,961,0.337078651685393,0.0251595974735003,0.675121702604025,0.413668735346985,0.118533152241017,0.313912367870184,26,FALSE
"PDGFRA",3.92164138049084,"Up",29,0.0336817653890825,0.00832856107518993,0.299791086350975,0.337505204828615,0.238916256157635,10,50,841,0.314606741573034,0.0458751837432167,0.761809315050341,0.337505199390139,0.10371650821089,0.312702589593524,27,FALSE
"CALML5",-1.05942298959027,"Down",33,0.0383275261324042,0.0669100678885098,0.27900194426442,0.0196899733782699,0.0568181818181818,7,128,1089,0.359550561797753,0.368552458335246,0.675868704665143,0.0196899653308214,0.13433757253982,0.311599852533756,28,FALSE
"FBN1",3.13680351581926,"Up",30,0.0348432055749129,0.00882079137219284,0.280913539967374,0.376079874091914,0.377011494252874,2,91,900,0.325842696629214,0.0485864750593426,0.683771084707454,0.3760798689701,0.111001358192369,0.309056296711696,29,FALSE
"CCL5",1.41418932846345,"Up",29,0.0336817653890825,0.00367837848580247,0.290094339622642,0.368679671866758,0.38423645320197,1,120,841,0.314606741573034,0.0202611576465428,0.721723758411493,0.368679666684196,0.10371650821089,0.305797566505231,30,FALSE
"FLT1",2.15383255682664,"Up",27,0.0313588850174216,0.00601151044582499,0.296589734757148,0.339844595042892,0.225071225071225,10,50,729,0.292134831460674,0.0331124600980607,0.748575189809114,0.33984458962362,0.0898876404494382,0.300710942288181,31,FALSE
"DCN",1.35805670614983,"Up",27,0.0313588850174216,0.00505492881658891,0.284628099173554,0.375243776807393,0.324786324786325,2,91,729,0.292134831460674,0.0278434397222222,0.699126768177313,0.375243771678715,0.0898876404494382,0.296847290297673,32,FALSE
"COL6A1",2.40943654323093,"Up",28,0.032520325203252,0.00113818978510342,0.274904214559387,0.402943013617451,0.502645502645503,2,91,784,0.303370786516854,0.00626935013802259,0.658929025741507,0.40294300871616,0.0966786022965798,0.293638154681824,33,FALSE
"COL4A1",3.65923953738175,"Up",27,0.0313588850174216,0.00130561836708363,0.274816469837217,0.396453897109851,0.524216524216524,2,91,729,0.292134831460674,0.00719157630564825,0.658566296247909,0.39645389215529,0.0898876404494382,0.288846847323792,34,FALSE
"CSF1",1.18567076585738,"Up",24,0.0278745644599303,0.00297532343845684,0.295876288659794,0.349695543156655,0.347826086956522,1,120,576,0.258426966292135,0.0163886064114135,0.745625862086582,0.34969553781825,0.0709964193110261,0.288226678383881,35,FALSE
"COL4A2",3.4675150003765,"Up",27,0.0313588850174216,0.00381008902389315,0.273942093541203,0.354050352878876,0.427350427350427,2,91,729,0.292134831460674,0.0209866425269776,0.654951696267162,0.35405034757622,0.0898876404494382,0.282402231656094,36,FALSE
"FGF18",1.04114981199493,"Up",20,0.0232288037166086,0.00413702251590391,0.307061340941512,0.307180673591666,0.31578947368421,10,50,400,0.213483146067416,0.0227874498792204,0.791863951964417,0.307180667904253,0.0492653414001729,0.276916111443096,37,FALSE
"CCN2",2.73757362627349,"Up",20,0.0232288037166086,0.011172290784169,0.297923875432526,0.305631960990835,0.373684210526316,2,91,400,0.213483146067416,0.0615389486766431,0.754090418071269,0.305631955290709,0.0492653414001729,0.276801961901242,38,FALSE
"ITGA1",1.54606609014291,"Up",23,0.0267131242740999,0.00632441337989546,0.288249079343823,0.321845682893057,0.482213438735178,2,91,529,0.247191011235955,0.0348359846618698,0.714095603578507,0.32184567732603,0.0651932337325596,0.276632302106984,39,FALSE
"COL5A1",1.65960994102382,"Up",26,0.0301974448315912,0.00277261504880425,0.273942093541203,0.346431311161932,0.473846153846154,2,91,676,0.280898876404494,0.0152720528389956,0.654951696267162,0.346431305796731,0.0833436226694654,0.27617951079537,40,FALSE
"PPARGC1A",1.96551063437415,"Up",19,0.0220673635307782,0.056034250188795,0.299791086350975,0.0628302325537169,0.105263157894737,5,75,361,0.202247191011236,0.30864653571214,0.761809315050341,0.0628302248604104,0.0444499320903815,0.275996639744902,41,FALSE
"CXCL1",3.46395946102032,"Up",23,0.0267131242740999,0.00171582106418184,0.288635601743212,0.341035067739925,0.529644268774704,1,120,529,0.247191011235955,0.00945104513002908,0.715693455514516,0.341035062330426,0.0651932337325596,0.275712761588697,42,FALSE
"IRS1",2.62867740569029,"Up",21,0.024390243902439,0.00768786437145831,0.31004681310767,0.250086947020468,0.295238095238095,10,50,441,0.224719101123595,0.0423461132660946,0.804205649336026,0.250086940864368,0.054327694777133,0.275137099873443,43,FALSE
"COL6A2",1.54770382055129,"Up",25,0.0290360046457607,0.000742513572151947,0.273159898477157,0.37311861851894,0.57,2,91,625,0.269662921348315,0.0040898957511128,0.651718165948092,0.373118613372817,0.0770465489566613,0.2751272290754,44,FALSE
"FGF9",-1.24153074381668,"Down",20,0.0232288037166086,0.00645990288756478,0.305427456544874,0.284914855251222,0.21578947368421,10,50,400,0.213483146067416,0.0355822847734369,0.785109607712918,0.284914849381027,0.0492653414001729,0.273671045866994,45,FALSE
"ENG",1.97628893124351,"Up",23,0.0267131242740999,0.0134794698284339,0.296487603305785,0.230609850637175,0.201581027667984,14,77,529,0.247191011235955,0.0742472978895037,0.748152986755564,0.230609844321186,0.0651932337325596,0.273078874786954,46,FALSE
"NT5E",2.91383743378992,"Up",18,0.0209059233449477,0.0502871857906204,0.295673076923077,0.105683123466239,0.176470588235294,7,128,324,0.191011235955056,0.276990691098627,0.744785801413651,0.105683116124715,0.039881466847759,0.271670462287962,47,FALSE
"BGN",1.29846956876938,"Up",25,0.0290360046457607,0.00203162022463553,0.274641148325359,0.335983201111591,0.406666666666667,2,91,625,0.269662921348315,0.0111905226197149,0.657841531479839,0.335983195660621,0.0770465489566613,0.27034494401303,48,FALSE
"CCR1",1.13056032794777,"Up",23,0.0267131242740999,0.00536751866846769,0.291567897053844,0.280978190619927,0.41897233201581,1,120,529,0.247191011235955,0.0295652397740849,0.727815324121511,0.280978184717416,0.0651932337325596,0.270148598716305,49,FALSE
"GNG2",2.74876275047917,"Up",24,0.0278745644599303,0.0370007109402186,0.287575150300601,0.0982223992528226,0.148550724637681,7,128,576,0.258426966292135,0.203806443596677,0.711309636120606,0.0982223918500534,0.0709964193110261,0.268552371434099,50,FALSE
"FGF5",1.2296048704334,"Up",19,0.0220673635307782,0.00329540276977108,0.305210918114144,0.286611835106476,0.274853801169591,10,50,361,0.202247191011236,0.0181516598373154,0.78421445557863,0.286611829250212,0.0444499320903815,0.267135013553555,51,FALSE
"CCL3",1.11862961925249,"Up",21,0.024390243902439,0.0040166480042808,0.292260692464358,0.293113637354478,0.476190476190476,1,120,441,0.224719101123595,0.022124405832493,0.730679283596309,0.293113631551588,0.054327694777133,0.264992823376224,52,FALSE
"FLNA",1.76367087322671,"Up",17,0.0197444831591173,0.0314535563335768,0.303275801338499,0.157518219803771,0.191176470588235,2,91,289,0.179775280898876,0.173251737383404,0.776214841348609,0.157518212887766,0.0355599456723052,0.264464003638192,53,FALSE
"ITGA8",2.42502592466457,"Up",22,0.0255516840882695,0.0058516537292592,0.281280627245998,0.302730430816817,0.519480519480519,2,91,484,0.235955056179775,0.032231941100981,0.685288593446308,0.302730425092872,0.0596369922212619,0.263168601608239,54,FALSE
"OCLN",-1.70347920180931,"Down",20,0.0232288037166086,0.0352838044593799,0.290878378378378,0.124522148435238,0.189473684210526,14,77,400,0.213483146067416,0.19434941980021,0.724964910400986,0.124522141248366,0.0492653414001729,0.26131699178343,55,FALSE
"COL6A3",2.73206158862657,"Up",22,0.0255516840882695,0.0004010262947378,0.272900158478605,0.353124617743062,0.645021645021645,2,91,484,0.235955056179775,0.00220892358126081,0.650644422071405,0.353124612432807,0.0596369922212619,0.260314001297302,56,FALSE
"BMP2",1.76012242983833,"Up",21,0.024390243902439,0.0216722950232486,0.285477453580902,0.187395878013295,0.2,13,34,441,0.224719101123595,0.119374824456823,0.702637929720053,0.187395871342558,0.054327694777133,0.257691084284033,57,FALSE
"IL15",1.09610869984882,"Up",25,0.0290360046457607,0.0039898562273265,0.278100775193798,0.2346293218845,0.25,1,120,625,0.269662921348315,0.0219768319983709,0.672143345548974,0.234629315601507,0.0770465489566613,0.255091792690766,58,FALSE
"LUM",2.01496552024943,"Up",23,0.0267131242740999,0.00514787627823739,0.271951989892609,0.28714414951323,0.422924901185771,2,91,529,0.247191011235955,0.0283554107389554,0.646724770808773,0.287144143661335,0.0651932337325596,0.254921714035516,59,FALSE
"LOX",2.39922256662375,"Up",20,0.0232288037166086,0.0120287203266078,0.280364702051449,0.256260739359994,0.363157894736842,2,91,400,0.213483146067416,0.0662563136893744,0.681502233722612,0.256260733254575,0.0492653414001729,0.25335355362683,60,FALSE
"LAMC1",1.35480503007513,"Up",21,0.024390243902439,0.00402005413498351,0.276759884281581,0.294610826971323,0.49047619047619,2,91,441,0.224719101123595,0.0221431674013198,0.666600212360692,0.294610821180723,0.054327694777133,0.252480199368693,61,FALSE
"MMP3",3.63600284375041,"Up",18,0.0209059233449477,0.00774968291893403,0.292558613659531,0.247498296474711,0.26797385620915,1,120,324,0.191011235955056,0.0426866207317401,0.731910865412106,0.247498290297361,0.039881466847759,0.250597695848805,62,FALSE
"CD86",1.14206982323496,"Up",20,0.0232288037166086,0.00821639877195958,0.287479131886477,0.230748013190712,0.357894736842105,1,120,400,0.213483146067416,0.0452573739891305,0.710912703862235,0.230748006875857,0.0492653414001729,0.249933314438962,63,FALSE
"EPHA2",-1.03547068827535,"Down",24,0.0278745644599303,0.00764786540561123,0.280913539967374,0.191670569014745,0.101449275362319,10,50,576,0.258426966292135,0.0421257919055129,0.683771084707454,0.1916705623791,0.0709964193110261,0.249398164919045,64,FALSE
"FGFR1",1.67809473441453,"Up",23,0.0267131242740999,0.00786707896163352,0.279273434965942,0.210072401429465,0.24901185770751,10,50,529,0.247191011235955,0.0433332588461689,0.676991024985317,0.210072394944882,0.0651932337325596,0.248556184748976,65,FALSE
"PIK3R3",1.90186393413092,"Up",22,0.0255516840882695,0.00806183370364734,0.291173486641867,0.16985815191263,0.186147186147186,11,52,484,0.235955056179775,0.0444060023241944,0.726184863787629,0.169858145097925,0.0596369922212619,0.247208211922157,66,FALSE
"ITGA10",1.6430973914322,"Up",19,0.0220673635307782,0.000683311282149175,0.280091086532206,0.302505374656651,0.68421052631579,2,91,361,0.202247191011236,0.00376379909319348,0.680371129580039,0.302505368930858,0.0444499320903815,0.246667484141142,67,FALSE
"LGALS3",-1.33356009538625,"Down",17,0.0197444831591173,0.0096435248370103,0.301048951048951,0.186033609924627,0.161764705882353,14,77,289,0.179775280898876,0.0531182361318077,0.767009224670275,0.186033603242708,0.0355599456723052,0.244299258123195,68,FALSE
"CXCL2",3.04193721810055,"Up",19,0.0220673635307782,0.000372337557801803,0.281925343811395,0.283231658419289,0.631578947368421,1,120,361,0.202247191011236,0.00205090095689414,0.687953798913901,0.283231652535277,0.0444499320903815,0.243986695101538,69,FALSE
"LYN",1.84504894300565,"Up",16,0.0185830429732869,0.0278386286445484,0.291666666666667,0.118828385692985,0.3,11,52,256,0.168539325842697,0.153340077919607,0.728223629609933,0.118828378459372,0.0314853685640202,0.240083356079126,70,FALSE
"CD163",3.15316490833043,"Up",20,0.0232288037166086,0.00856689892959035,0.284440039643211,0.185786355209722,0.289473684210526,1,120,400,0.213483146067416,0.0471879906932856,0.698349345484298,0.185786348525773,0.0492653414001729,0.238814434434189,71,FALSE
"LAMA4",3.88206188158047,"Up",19,0.0220673635307782,0.00680347651051502,0.273854961832061,0.250994719929603,0.543859649122807,2,91,361,0.202247191011236,0.0374747489025789,0.654591500919208,0.250994713780954,0.0444499320903815,0.237951617340872,72,FALSE
"IL7R",1.37986321806892,"Up",17,0.0197444831591173,0.0142457814459043,0.293956981905087,0.152992332777237,0.227941176470588,1,120,289,0.179775280898876,0.0784682774727283,0.737691605187996,0.152992325824079,0.0355599456723052,0.236897487011197,73,FALSE
"LPL",2.74282148556724,"Up",18,0.0209059233449477,0.0363336996564498,0.283223684210526,0.0585833988783963,0.163398692810458,8,28,324,0.191011235955056,0.20013242777024,0.693321031766731,0.0585833911502272,0.039881466847759,0.236585910698003,74,FALSE
"ITGA7",1.11203721398462,"Up",17,0.0197444831591173,0.0028491437292097,0.285193772772441,0.249657766493653,0.433823529411765,2,91,289,0.179775280898876,0.0156935863120086,0.701465216496382,0.24965776033403,0.0355599456723052,0.23643035794272,75,FALSE
"BMP4",2.00417771697217,"Up",19,0.0220673635307782,0.0189398232274756,0.278100775193798,0.156520376697137,0.198830409356725,13,34,361,0.202247191011236,0.104323887737675,0.672143345548974,0.156520369772941,0.0444499320903815,0.235936945232242,76,FALSE
"ABL1",1.13489236060339,"Up",15,0.0174216027874564,0.0359392206110936,0.287575150300601,0.0829137918907803,0.0952380952380952,10,50,225,0.157303370786517,0.197959567593652,0.711309636120606,0.0829137843623415,0.0276577355229041,0.235428818877204,77,FALSE
"IGF2",1.62390298965513,"Up",21,0.024390243902439,0.00818756564829186,0.279273434965942,0.173622358696222,0.171428571428571,10,50,441,0.224719101123595,0.0450985560571725,0.676991024985317,0.173622351912418,0.054327694777133,0.234951745771127,78,FALSE
"PPARG",1.33140718839087,"Up",17,0.0197444831591173,0.0192729548560877,0.291075050709939,0.122361002945235,0.161764705882353,1,120,289,0.179775280898876,0.106158835519806,0.725777937708695,0.122360995740622,0.0355599456723052,0.233926599108061,79,FALSE
"CDH5",1.03761123129689,"Up",17,0.0197444831591173,0.00673776498664314,0.294964028776978,0.1746892213275,0.257352941176471,14,77,289,0.179775280898876,0.0371127982361367,0.741854654461338,0.174689214552453,0.0355599456723052,0.233798378764222,80,FALSE
"PGF",1.46839525443622,"Up",16,0.0185830429732869,0.00138313386823251,0.290192113245703,0.236057081739999,0.441666666666667,10,50,256,0.168539325842697,0.00761854536141293,0.722127946559829,0.236057075468727,0.0314853685640202,0.233165652359337,81,FALSE
"ANGPT1",3.14120290651092,"Up",17,0.0197444831591173,0.00737477964383749,0.285004965243297,0.208123515022225,0.375,10,50,289,0.179775280898876,0.0406215873513377,0.700684701637595,0.208123508521644,0.0355599456723052,0.232953004816352,82,FALSE
"POSTN",6.18697360200037,"Up",18,0.0209059233449477,0.00242979062416317,0.274378585086042,0.262576988533782,0.549019607843137,2,91,324,0.191011235955056,0.0133837154263155,0.656756116557105,0.262576982480213,0.039881466847759,0.23272190345329,83,FALSE
"MMP1",3.7815808613715,"Up",14,0.016260162601626,0.0015685881945921,0.291469194312796,0.253854329091993,0.516483516483517,1,120,196,0.146067415730337,0.00864006050921733,0.727407295075532,0.25385432296682,0.0240770465489567,0.232009228166173,84,FALSE
"ITGA9",1.55072230065235,"Up",16,0.0185830429732869,0.00093653919308801,0.279908972691808,0.256677448093571,0.583333333333333,2,91,256,0.168539325842697,0.00515862310160901,0.679618285882197,0.256677441991573,0.0314853685640202,0.228295809076419,85,FALSE
"ANGPT2",1.74925161917396,"Up",15,0.0174216027874564,0.00061589427544713,0.290976681311254,0.225785389312905,0.495238095238095,10,50,225,0.157303370786517,0.00339245432643814,0.725371286672734,0.225785382957311,0.0276577355229041,0.227902046053181,86,FALSE
"C3",4.38013678691779,"Up",19,0.0220673635307782,0.0164328751556317,0.27711618925008,0.127055978212207,0.175438596491228,1,120,361,0.202247191011236,0.0905151754772661,0.668073147912751,0.127055971046135,0.0444499320903815,0.226468283507554,87,FALSE
"HSPG2",1.64033981345118,"Up",18,0.0209059233449477,0.00253228388061757,0.274116523400191,0.2293779476919,0.339869281045752,2,91,324,0.191011235955056,0.0139482663649276,0.655672775015311,0.229377941365798,0.039881466847759,0.22597833710977,88,FALSE
"CCL19",1.61785584513451,"Up",16,0.0185830429732869,0.000450895835440797,0.276315789473684,0.238950717282194,0.666666666666667,1,120,256,0.168539325842697,0.00248361380953505,0.664764360804111,0.238950711034675,0.0314853685640202,0.221244676011008,89,FALSE
"NID1",3.72413819531546,"Up",17,0.0197444831591173,0.00057649993070139,0.271951989892609,0.238523921516236,0.441176470588235,2,91,289,0.179775280898876,0.00317546332555109,0.646724770808773,0.238523915265214,0.0355599456723052,0.220751875194144,90,FALSE
"FGFR3",-1.15500497997239,"Down",18,0.0209059233449477,0.00340688459335719,0.275961538461538,0.178952594262364,0.215686274509804,10,50,324,0.191011235955056,0.0187657213894695,0.663299916139361,0.178952587522316,0.039881466847759,0.218382185570792,91,FALSE
"CYBB",1.7685596850016,"Up",13,0.0150987224157956,0.0113706331709692,0.295876288659794,0.123354999388112,0.217948717948718,3,63,169,0.134831460674157,0.062631453535091,0.745625862086582,0.123354992191659,0.020743301642178,0.217437414025933,92,FALSE
"CD68",1.04209580290105,"Up",15,0.0174216027874564,0.00577376761979394,0.283503457359236,0.166647241347361,0.419047619047619,1,120,225,0.157303370786517,0.0318029306692263,0.694477591045099,0.166647234506297,0.0276577355229041,0.215577772506009,93,FALSE
"FCER1G",2.44529584496871,"Up",17,0.0197444831591173,0.00502682027518111,0.287767379679144,0.119403131867747,0.316176470588235,11,52,289,0.179775280898876,0.0276886129171841,0.712104296624497,0.119403124638853,0.0355599456723052,0.214906252150343,94,FALSE
"COL14A1",3.51123269938883,"Up",16,0.0185830429732869,0.0025236353928095,0.269146608315098,0.214425556737587,0.5,2,91,256,0.168539325842697,0.0139006289682976,0.635127553178009,0.21442555028874,0.0314853685640202,0.212695685368353,95,FALSE
"FOXO3",1.16743587368386,"Up",15,0.0174216027874564,0.0233878876021723,0.283503457359236,0.042141941023162,0.104761904761905,5,75,225,0.157303370786517,0.128824611049741,0.694477591045099,0.0421419331600235,0.0276577355229041,0.210081048312857,96,FALSE
"IGFBP3",3.5104433293805,"Up",11,0.0127758420441347,0.00138225475338981,0.290192113245703,0.180562567929429,0.472727272727273,10,50,121,0.112359550561798,0.00761370304176418,0.722127946559829,0.180562561202597,0.0148166440301272,0.207496081079223,97,FALSE
"NTRK2",-1.37395418601009,"Down",15,0.0174216027874564,0.00518082025765369,0.279908972691808,0.138259517032437,0.19047619047619,10,50,225,0.157303370786517,0.0285368719896218,0.679618285882197,0.138259509958335,0.0276577355229041,0.206275154827915,98,FALSE
"MRC1",3.77463583594784,"Up",15,0.0174216027874564,0.00167337394429565,0.281372549019608,0.148562038674314,0.352380952380952,1,120,225,0.157303370786517,0.00921723890509186,0.685668590528382,0.148562031684787,0.0276577355229041,0.205681793485536,99,FALSE
"COMP",1.6253093348221,"Up",12,0.0139372822299652,0.00727574925654455,0.281280627245998,0.148601956686658,0.257575757575758,2,91,144,0.123595505617978,0.0400761105069932,0.685288593446308,0.148601949697458,0.0176565008025682,0.203043732014261,100,FALSE
"AIF1",1.74242178705409,"Up",14,0.016260162601626,0.00454512787282276,0.279818004549886,0.139641947080452,0.417582417582418,1,120,196,0.146067415730337,0.0250353661838764,0.679242231035404,0.139641940017699,0.0240770465489567,0.202812799903255,101,FALSE
"NRP1",1.72531641627884,"Up",17,0.0197444831591173,0.0097260141187637,0.267890479153703,0.114012242012841,0.183823529411765,10,50,289,0.179775280898876,0.0535726016486262,0.629934818124126,0.114012234739692,0.0355599456723052,0.202570976216725,102,FALSE
"MUC1",2.28103265852867,"Up",14,0.016260162601626,0.0167285099076834,0.275784753363229,0.0838248408829725,0.131868131868132,14,77,196,0.146067415730337,0.0921435838480291,0.662569101024794,0.0838248333620126,0.0240770465489567,0.201736396102826,103,FALSE
"ACTA2",2.74833466804834,"Up",15,0.0174216027874564,0.0144824081940663,0.265004616805171,0.124832262420799,0.371428571428571,6,36,225,0.157303370786517,0.0797716593477593,0.618004899578768,0.124832255236473,0.0276577355229041,0.201513984094484,104,FALSE
"CADM1",-1.57940811400223,"Down",10,0.0116144018583043,0.0248002190084573,0.28,0.0766413009157479,0.111111111111111,7,128,100,0.101123595505618,0.136603981601834,0.679994585317508,0.0766412933358177,0.0122237313248549,0.201317437417127,105,FALSE
"FBLN2",1.24413362789642,"Up",15,0.0174216027874564,0.00202427770677903,0.269399249061327,0.169750952451601,0.428571428571429,2,91,225,0.157303370786517,0.0111500787359799,0.636171949327145,0.169750945636016,0.0276577355229041,0.200406816001712,106,FALSE
"FCGR2A",1.37880356738353,"Up",13,0.0150987224157956,0.0063070903334659,0.283037475345168,0.111672936865109,0.256410256410256,1,120,169,0.134831460674157,0.03474056626597,0.692551259571157,0.111672929572756,0.020743301642178,0.198907903545244,107,FALSE
"CLU",-2.50988787857669,"Down",14,0.016260162601626,0.0137575439894856,0.280913539967374,0.0646581678610428,0.0989010989010989,1,120,196,0.146067415730337,0.0757789794269647,0.683771084707454,0.064658160182742,0.0240770465489567,0.198870537319291,108,FALSE
"GPX2",-1.33420596982037,"Down",11,0.0127758420441347,0.0209190169587787,0.283410138248848,0.0572660555287843,0.272727272727273,3,63,121,0.112359550561798,0.115225635982931,0.69409181748725,0.057266047789801,0.0148166440301272,0.198751939170381,109.5,FALSE
"GPX3",3.56875838309047,"Up",11,0.0127758420441347,0.0209190169587787,0.283410138248848,0.0572660555287844,0.272727272727273,3,63,121,0.112359550561798,0.115225635982931,0.69409181748725,0.0572660477898011,0.0148166440301272,0.198751939170381,109.5,FALSE
"CD69",2.53059434694835,"Up",11,0.0127758420441347,0.00351472025891044,0.283503457359236,0.147273930624243,0.345454545454545,1,120,121,0.112359550561798,0.0193596992599164,0.694477591045099,0.147273923624142,0.0148166440301272,0.197657481704216,111,FALSE
"EPCAM",-1.54333868027859,"Down",13,0.0150987224157956,0.0150256348179258,0.277473412826297,0.0779401119251696,0.17948717948718,14,77,169,0.134831460674157,0.082763847429083,0.669549880913864,0.0779401043559014,0.020743301642178,0.197165719003037,112,FALSE
"IL1R1",2.88375024921637,"Up",12,0.0139372822299652,0.00293197865325959,0.27552,0.155462675704929,0.424242424242424,1,120,144,0.123595505617978,0.0161498556875751,0.661474632309217,0.15546266877205,0.0176565008025682,0.194867832637878,113,FALSE
"GNB4",4.20995634123732,"Up",14,0.016260162601626,0.00929713682759788,0.284910655195235,0.0499979488574935,0.351648351648352,7,128,196,0.146067415730337,0.0512102698655125,0.700294831624578,0.0499979410588457,0.0240770465489567,0.194329500965646,114,FALSE
"CCL21",2.00680315840981,"Up",16,0.0185830429732869,0.00069032975250389,0.260988178235829,0.165318169133804,0.45,1,120,256,0.168539325842697,0.00380245806611955,0.601401271550889,0.16531816228183,0.0314853685640202,0.194109317261111,115,FALSE
"CXCL6",1.55795343024132,"Up",11,0.0127758420441347,2.66692791585164e-05,0.271694540864626,0.197406458560584,0.963636363636364,1,120,121,0.112359550561798,0.000146899094651615,0.645660497616748,0.197406451972025,0.0148166440301272,0.19407800865507,116,FALSE
"ENPP1",1.7384938193068,"Up",21,0.024390243902439,0.0233589265652902,0.248556581986143,0.0080640874056443,0.242857142857143,7,128,441,0.224719101123595,0.128665088549231,0.550010071023605,0.00806407926275785,0.054327694777133,0.193157206947265,117,FALSE
"C1QA",1.60220350274557,"Up",18,0.0209059233449477,0.00631986745648914,0.263222256190767,0.0833619548957159,0.22875816993464,1,120,324,0.191011235955056,0.0348109449137471,0.61063676680587,0.083361947370956,0.039881466847759,0.191940472378678,118,FALSE
"MSN",2.73226479078179,"Up",8,0.00929152148664344,0.01697136741042,0.28220255653884,0.0782823733864144,0.107142857142857,14,77,64,0.0786516853932584,0.0934812858184995,0.689099773620503,0.0782823658199558,0.00777873811581677,0.189458769753607,119,FALSE
"FBLN5",3.07288153705247,"Up",13,0.0150987224157956,0.00236132891878491,0.269990592662277,0.138896312336852,0.487179487179487,2,91,169,0.134831460674157,0.0130066162749438,0.63861651533191,0.138896305267978,0.020743301642178,0.189218839838233,120,FALSE
"CD47",1.22149494368548,"Up",7,0.00813008130081301,0.00729036974937211,0.291765503219248,0.101824058959778,0.380952380952381,11,52,49,0.0674157303370786,0.0401566427608633,0.728632211821831,0.101824051586575,0.00592665761205087,0.18879105882368,121,FALSE
"F11R",-1.77717357822755,"Down",15,0.0174216027874564,0.00363415257986868,0.271694540864626,0.0914624404881269,0.352380952380952,14,77,225,0.157303370786517,0.0200175535542385,0.645660497616748,0.0914624330298646,0.0276577355229041,0.188420318102054,122,FALSE
"F3",2.31776755736994,"Up",8,0.00929152148664344,0.00425815989993647,0.284816407542177,0.130242508912224,0.357142857142857,1,120,64,0.0786516853932584,0.0234546959617665,0.699905219547395,0.130242501772311,0.00777873811581677,0.188006568158109,123,FALSE
"ADCY9",1.37162656727602,"Up",20,0.0232288037166086,0.00848263727046343,0.262740311260299,0.016297285135323,0.352631578947368,7,128,400,0.213483146067416,0.0467238626092075,0.608644445943179,0.0162972770600236,0.0492653414001729,0.186882814616,124,FALSE
"BMP7",-1.14266712575463,"Down",11,0.0127758420441347,0.00497971158065668,0.277027027027027,0.111065873436508,0.327272727272727,13,34,121,0.112359550561798,0.0274291299167353,0.66770455858662,0.111065866139172,0.0148166440301272,0.18667514984689,125,FALSE
"GNB5",-1.01127549493283,"Down",14,0.016260162601626,0.00794139745012962,0.279545454545455,0.0408403423663467,0.373626373626374,7,128,196,0.146067415730337,0.0437426181922189,0.678115531643777,0.0408403344925234,0.0240770465489567,0.186568589321563,126,FALSE
"FMOD",2.73618934819401,"Up",11,0.0127758420441347,0.00293487418208805,0.269399249061327,0.142170880427323,0.490909090909091,2,91,121,0.112359550561798,0.0161658047711972,0.636171949327145,0.142170873385331,0.0148166440301272,0.184336964415119,127,FALSE
"A2M",4.24537252526713,"Up",8,0.00929152148664344,0.00380713255412104,0.282017687520472,0.122888501044994,0.392857142857143,1,120,64,0.0786516853932584,0.0209703577698867,0.688335540242631,0.122888493844711,0.00777873811581677,0.183724963073261,128,FALSE
"DPP4",1.75201444661929,"Up",8,0.00929152148664344,0.00153099778458791,0.282665791201576,0.13028486396963,0.357142857142857,1,120,64,0.0786516853932584,0.00843300589914044,0.691014747769093,0.130284856830064,0.00777873811581677,0.183232606801475,129,FALSE
"ITIH4",-1.21372929969597,"Down",8,0.00929152148664344,0.000992686148394216,0.28220255653884,0.132573805495039,0.321428571428571,1,120,64,0.0786516853932584,0.00546789043699151,0.689099773620503,0.132573798374263,0.00777873811581677,0.182714377188167,130,FALSE
"CCL3L1",1.11862961925249,"Up",9,0.0104529616724739,9.59881190419757e-07,0.27066960075448,0.169246245511769,0.972222222222222,1,120,81,0.0898876404494382,5.2871949409532e-06,0.641423479162233,0.16924623869204,0.00987776268675145,0.182088081637081,131,FALSE
"PDGFC",2.59137255148465,"Up",12,0.0139372822299652,0.000267855677799208,0.268224299065421,0.135622357894139,0.424242424242424,10,50,144,0.123595505617978,0.00147539632894176,0.631314802293378,0.135622350798389,0.0176565008025682,0.181932911168251,132,FALSE
"AREG",-2.52939701078984,"Down",12,0.0139372822299652,0.00396059969499986,0.267474370922647,0.113890966817556,0.0909090909090909,10,50,144,0.123595505617978,0.021815681856821,0.628214660783609,0.113890959543412,0.0176565008025682,0.181034661720878,133,FALSE
"IFIT3",1.36479916363384,"Up",14,0.016260162601626,0.0195484211174189,0.257707273271476,0.0351019846745057,0.472527472527473,19,15,196,0.146067415730337,0.107676152285515,0.587838279192743,0.0351019767535756,0.0240770465489567,0.180152174102226,134,FALSE
"FBLN1",3.59428812087673,"Up",11,0.0127758420441347,0.00199367532390992,0.267723880597015,0.12723265754608,0.436363636363636,2,91,121,0.112359550561798,0.0109815154122045,0.629246113338165,0.127232650381458,0.0148166440301272,0.178927294744751,135,FALSE
"COL11A1",1.49633695969802,"Up",16,0.0185830429732869,0.000592133738672568,0.232451403887689,0.201016084858143,0.575,2,91,256,0.168539325842697,0.00326157709800338,0.483432584065227,0.201016078299216,0.0314853685640202,0.177546986773833,136,FALSE
"NID2",2.37044987951851,"Up",10,0.0116144018583043,0.000174635905029594,0.267723880597015,0.1391262127073,0.6,2,91,100,0.101123595505618,0.000961925374511691,0.629246113338165,0.139126205640313,0.0122237313248549,0.176536314236693,137,FALSE
"ANPEP",2.27118197570475,"Up",8,0.00929152148664344,0.00674088033442296,0.280091086532206,0.069253486247588,0.214285714285714,14,77,64,0.0786516853932584,0.0371299581213237,0.680371129580039,0.0692534786070105,0.00777873811581677,0.17463699796349,138,FALSE
"HAVCR2",1.00427705157125,"Up",10,0.0116144018583043,0.00421619274978051,0.275608194622279,0.0747625210127482,0.244444444444444,1,120,100,0.101123595505618,0.0232235334947806,0.66183922165301,0.0747625134173949,0.0122237313248549,0.174634519079132,139,FALSE
"ADCY4",1.08200861894301,"Up",18,0.0209059233449477,0.00459116317856469,0.259963768115942,0.0142834759184822,0.294117647058824,7,128,324,0.191011235955056,0.0252889367695419,0.597166444032691,0.0142834678266512,0.039881466847759,0.17352631028634,140,FALSE
"DLG3",-1.36693480316493,"Down",13,0.0150987224157956,0.0161325111993388,0.26122572815534,0.0118057207367772,0.128205128205128,7,128,169,0.134831460674157,0.0888607178152071,0.602383283458581,0.0118057126246061,0.020743301642178,0.171724895242946,141,FALSE
"LCN2",3.10618205669708,"Up",5,0.00580720092915215,0.000588087166602906,0.280547409579668,0.12028188129717,0.6,2,91,25,0.0449438202247191,0.00323928786513951,0.68225753167727,0.120281874075489,0.00296332880602544,0.170737168529729,142,FALSE
"MCAM",1.7025488984323,"Up",7,0.00813008130081301,0.0155483726755964,0.269821372610467,0.0548216443126744,0.238095238095238,14,77,49,0.0674157303370786,0.0856431797715706,0.637916973499861,0.0548216365536248,0.00592665761205087,0.170344835554837,143,FALSE
"GNA12",1.00257938494975,"Up",13,0.0150987224157956,0.00862340374508761,0.262740311260299,0.0396817739256436,0.217948717948718,7,128,169,0.134831460674157,0.0474992291857348,0.608644445943179,0.0396817660423095,0.020743301642178,0.170280040697512,144,FALSE
"ADCY2",1.62309680160182,"Up",16,0.0185830429732869,0.00542431203784801,0.261463710901913,0.0147488894947086,0.141666666666667,7,128,256,0.168539325842697,0.0298780676722293,0.603367084637895,0.0147488814066983,0.0314853685640202,0.169603745624708,145,FALSE
"CLDN5",2.25632303436177,"Up",10,0.0116144018583043,0.00225375681292956,0.270925110132159,0.0746444208506085,0.533333333333333,14,77,100,0.101123595505618,0.0124140901378108,0.642479733998794,0.0746444132542857,0.0122237313248549,0.168577112844273,146,FALSE
"AR",2.04758857156392,"Up",8,0.00929152148664344,0.012749108039219,0.273680864589955,0.030957588012128,0.0357142857142857,2,91,64,0.0786516853932584,0.0702243363026496,0.653871797182005,0.0309575800571762,0.00777873811581677,0.168296827410181,147,FALSE
"HCLS1",2.08281229268815,"Up",11,0.0127758420441347,0.0128454208644197,0.261702127659574,0.0348295849827639,0.127272727272727,11,52,121,0.112359550561798,0.0707548443355521,0.604352679983492,0.0348295770595977,0.0148166440301272,0.167422659194113,148,FALSE
"PDGFD",2.53929019648366,"Up",9,0.0104529616724739,4.71041722649785e-05,0.265658747300216,0.115409398112155,0.5,10,50,81,0.0898876404494382,0.000259458091045906,0.620709021460359,0.115409390850476,0.00987776268675145,0.167228654707614,149,FALSE
"IL6ST",1.21412157019274,"Up",10,0.0116144018583043,0.000713885445073793,0.267723880597015,0.0880677797460319,0.466666666666667,1,120,100,0.101123595505618,0.00393220697653603,0.629246113338165,0.0880677722599026,0.0122237313248549,0.166918683881015,150,FALSE
"ANXA5",1.76802839414926,"Up",7,0.00813008130081301,0.00259858629300434,0.278280542986425,0.0711598203936188,0.238095238095238,5,75,49,0.0674157303370786,0.0143134717495554,0.672886490877513,0.0711598127686906,0.00592665761205087,0.166340432668978,151,FALSE
"C3AR1",1.91586370203143,"Up",9,0.0104529616724739,0.001118156382575,0.268894440974391,0.0899897406116275,0.5,1,120,81,0.0898876404494382,0.00615900262256392,0.634085114048517,0.0899897331412757,0.00987776268675145,0.165999850589709,152,FALSE
"GRB10",2.03229559611448,"Up",9,0.0104529616724739,0.0058466576821519,0.267142413900093,0.0696885002271982,0.305555555555556,10,50,81,0.0898876404494382,0.0322044219921016,0.626842377645559,0.0696884925901918,0.00987776268675145,0.165700139072808,153,FALSE
"LAMA2",2.47907224994929,"Up",13,0.0150987224157956,2.17222223111747e-05,0.239766081871345,0.158580860659343,0.666666666666667,2,91,169,0.134831460674157,0.00011964983276699,0.513670863647391,0.158580853752061,0.020743301642178,0.165589225909711,154,FALSE
"JAM3",2.14277288748319,"Up",9,0.0104529616724739,0.00744131354258905,0.265004616805171,0.0671056353259828,0.333333333333333,14,77,81,0.0898876404494382,0.0409880678037021,0.618004899578768,0.0671056276677735,0.00987776268675145,0.165172799637287,155,FALSE
"L1CAM",1.58004085520679,"Up",10,0.0116144018583043,0.00899522412854294,0.262900763358779,0.0526289372072981,0.0888888888888889,14,77,100,0.101123595505618,0.0495472814550877,0.609307741774412,0.0526289294302483,0.0122237313248549,0.164966255898044,156,FALSE
"GRIN2A",-3.17702483521827,"Down",9,0.0104529616724739,0.0140593465207618,0.26881049016547,0.00998258558513467,0.194444444444444,7,128,81,0.0898876404494382,0.0774413610138285,0.633738068281501,0.00998257745799733,0.00987776268675145,0.164185481977903,157,FALSE
"AFDN",-1.19591771181774,"Down",11,0.0127758420441347,0.00588409917394792,0.267142413900093,0.0342885075158155,0.145454545454545,14,77,121,0.112359550561798,0.0324106563344155,0.626842377645559,0.0342884995882075,0.0148166440301272,0.164143545632021,158,FALSE
"IL10RA",1.25633661003786,"Up",9,0.0104529616724739,7.94017410138801e-05,0.264516129032258,0.103150822459969,0.611111111111111,1,120,81,0.0898876404494382,0.000437358797715245,0.615985531141387,0.103150815097658,0.00987776268675145,0.16386782163459,159,FALSE
"CCL18",2.12411459645676,"Up",9,0.0104529616724739,0.000109914011930738,0.260514372163389,0.118221565757995,0.611111111111111,1,120,81,0.0898876404494382,0.000605425768959941,0.599442596060568,0.118221558519401,0.00987776268675145,0.163606996697024,160,FALSE
"IL4R",1.05937573394586,"Up",10,0.0116144018583043,0.000422183191696095,0.262740311260299,0.091187136124299,0.511111111111111,1,120,100,0.101123595505618,0.00232545950224833,0.608644445943179,0.0911871286637768,0.0122237313248549,0.163100872187935,161,FALSE
"AKT3",2.25705681790167,"Up",9,0.0104529616724739,0.00422966049482559,0.274203821656051,0.0336478869730812,0.138888888888889,5,75,81,0.0898876404494382,0.0232977162104948,0.656033658853756,0.0336478790402143,0.00987776268675145,0.162548931448131,162,FALSE
"GNG11",3.03181614298547,"Up",10,0.0116144018583043,0.00231507492409375,0.270584538026398,0.0441731749001697,0.377777777777778,7,128,100,0.101123595505618,0.0127518411119645,0.641071836812496,0.0441731670537058,0.0122237313248549,0.162268834361728,163,FALSE
"ADRB2",-1.30487798710995,"Down",9,0.0104529616724739,0.00635472985714284,0.271437578814628,0.0306351409181451,0.166666666666667,7,128,81,0.0898876404494382,0.0350029731670407,0.644598237551819,0.0306351329605464,0.00987776268675145,0.162000349363119,164,FALSE
"MYLK",3.7053830020399,"Up",11,0.0127758420441347,0.0190379844780741,0.252418645558487,0.0106185118579431,0.4,6,36,121,0.112359550561798,0.104864577223772,0.565975525459955,0.0106185037360261,0.0148166440301272,0.161726960202336,165,FALSE
"IGFBP5",4.77370864093494,"Up",6,0.00696864111498258,0.00317169821409488,0.27246835443038,0.0808498290351668,0.533333333333333,10,50,36,0.0561797752808989,0.0174702733204507,0.648859379508474,0.0808498214897847,0.00432152117545376,0.161536154155013,166,FALSE
"COL16A1",1.59261223691686,"Up",13,0.0150987224157956,0.000335696002909696,0.232200647249191,0.160635222114597,0.602564102564103,2,91,169,0.134831460674157,0.00184907280817347,0.482395976663106,0.16063521522418,0.020743301642178,0.160091005402359,167,FALSE
"IL33",4.50982993660571,"Up",7,0.00813008130081301,0.00062379209902995,0.265658747300216,0.0991697065625829,0.571428571428571,1,120,49,0.0674157303370786,0.00343595693208183,0.620709021460359,0.0991696991675902,0.00592665761205087,0.159331413101832,168,FALSE
"ADCY7",1.48218537169598,"Up",16,0.0185830429732869,0.00266490247120113,0.253682969946965,0.0087684756628116,0.325,7,128,256,0.168539325842697,0.0146787529586935,0.57120213891126,0.00876846752570753,0.0314853685640202,0.158934810760476,169,FALSE
"ALCAM",1.78664553549817,"Up",7,0.00813008130081301,0.000717024448502956,0.271523178807947,0.0685735150143563,0.428571428571429,14,77,49,0.0674157303370786,0.003949497161213,0.644952100912038,0.0685735073681969,0.00592665761205087,0.158163498678115,170,FALSE
"PLCB4",-1.09059044934866,"Down",7,0.00813008130081301,0.00979363824796404,0.27066960075448,0.0217998377200813,0.0476190476190476,11,52,49,0.0674157303370786,0.0539450872826431,0.641423479162233,0.0217998296899528,0.00592665761205087,0.158102156816792,171,FALSE
"ICAM2",1.17719160681445,"Up",6,0.00696864111498258,0.00045509023006489,0.269399249061327,0.0872940627810218,0.666666666666667,14,77,36,0.0561797752808989,0.00250671727510787,0.636171949327145,0.0872940552885409,0.00432152117545376,0.157294803669429,172,FALSE
"MAPK13",-1.33425019333954,"Down",11,0.0127758420441347,0.00908547370079857,0.258480936655659,0.015858166941015,0.0909090909090909,5,75,121,0.112359550561798,0.0500443920210781,0.59103654024616,0.0158581588621108,0.0148166440301272,0.156823057144255,173,FALSE
"ENO1",-1.13516274759808,"Down",6,0.00696864111498258,0.00847830623299842,0.268558951965066,0.0441676141522361,0.0666666666666667,3,63,36,0.0561797752808989,0.0467000064907601,0.632698229966484,0.0441676063057266,0.00432152117545376,0.156813427843865,174,FALSE
"MMP10",3.71865530497671,"Up",5,0.00580720092915215,5.76048040225082e-05,0.27032967032967,0.0951552741462578,0.5,1,120,25,0.0449438202247191,0.000317297423308418,0.640018234632421,0.0951552667183103,0.00296332880602544,0.156679589560957,175,FALSE
"MITF",2.66963556158548,"Up",8,0.00929152148664344,0.0155966983911511,0.257784431137725,0.0212240391272874,0.178571428571429,16,32,64,0.0786516853932584,0.085909366338563,0.588157243491214,0.0212240310924322,0.00777873811581677,0.156344212886257,176,FALSE
"LIFR",4.37044772328989,"Up",7,0.00813008130081301,0.00264464151626896,0.267391304347826,0.0647744784444602,0.380952380952381,1,120,49,0.0674157303370786,0.0145671520444497,0.627871270367931,0.0647744707671142,0.00592665761205087,0.156111056225725,177,FALSE
"LPA",-1.49785470132317,"Down",5,0.00580720092915215,0.00328855814490874,0.27552,0.0497071916385814,0.5,1,120,25,0.0449438202247191,0.0181139584360315,0.661474632309217,0.0497071838375467,0.00296332880602544,0.155440584722708,178,FALSE
"LPIN1",1.04967368040414,"Up",13,0.0150987224157956,0.0124597962192765,0.246,0.0115055508722726,0.5,8,28,169,0.134831460674157,0.0686307557574474,0.539441370522441,0.0115055427576374,0.020743301642178,0.155030486270772,179,FALSE
"IL13RA1",1.00390021817394,"Up",9,0.0104529616724739,1.80199082835841e-05,0.258558558558559,0.0823958330729911,0.638888888888889,1,120,81,0.0898876404494382,9.92568339335234e-05,0.591357422834133,0.0823958255403003,0.00987776268675145,0.154723581668911,180,FALSE
"EPHA1",-1.34350251017283,"Down",5,0.00580720092915215,0.00133522461569192,0.274116523400191,0.0580273761348508,0.3,10,50,25,0.0449438202247191,0.00735465274617511,0.655672775015311,0.0580273684021172,0.00296332880602544,0.15379238903887,181,FALSE
"EFNB2",1.12302432414393,"Up",9,0.0104529616724739,0.00676929396900515,0.256326287585591,0.0470173687536522,0.194444444444444,10,50,81,0.0898876404494382,0.0372864654333915,0.582129397494594,0.0470173609305366,0.00987776268675145,0.153239725398942,182,FALSE
"LAMC3",1.09415499212325,"Up",11,0.0127758420441347,1.90780194931915e-05,0.238504155124654,0.129707637232859,0.6,2,91,121,0.112359550561798,0.000105085097150094,0.508454161850822,0.129707630088555,0.0148166440301272,0.15308861432569,183,FALSE
"LMO2",2.09786733195705,"Up",8,0.00929152148664344,0.00780644756160514,0.26226012793177,0.0291919753805244,0.25,5,75,64,0.0786516853932584,0.0429992903981021,0.606659407398597,0.0291919674110786,0.00777873811581677,0.153056217743371,184,FALSE
"CFTR",-2.02925708150864,"Down",8,0.00929152148664344,0.0118948556051338,0.261146496815287,0.010736918807635,0.107142857142857,6,36,64,0.0786516853932584,0.0655189631868193,0.602055747589258,0.01073691068669,0.00777873811581677,0.152948408994369,185,FALSE
"ADCY3",1.93705921493431,"Up",15,0.0174216027874564,0.0023325940347734,0.250655021834061,0.00775630394375672,0.238095238095238,7,128,225,0.157303370786517,0.0128483394643439,0.558684849455339,0.00775629579834365,0.0276577355229041,0.152850118205489,186,FALSE
"LEPR",3.26665127273548,"Up",6,0.00696864111498258,0.00236787035256329,0.264434889434889,0.0737138716771097,0.4,1,120,36,0.0561797752808989,0.0130426476462477,0.615649693300833,0.0737138640731479,0.00432152117545376,0.152581500295316,187,FALSE
"IL13RA2",1.56254371516201,"Up",7,0.00813008130081301,0.000450934830582124,0.263222256190767,0.0739748208561719,0.476190476190476,1,120,49,0.0674157303370786,0.00248382860165308,0.61063676680587,0.0739748132543523,0.00592665761205087,0.152087559322201,188,FALSE
"ALDH1A1",-1.73130464906154,"Down",14,0.016260162601626,0.0150275282410221,0.236473496292227,0.00579892081855267,0.362637362637363,3,63,196,0.146067415730337,0.0827742767375391,0.50005958458466,0.00579891265707128,0.0240770465489567,0.151755447251713,189,FALSE
"GAP43",1.03090637480521,"Up",2,0.00232288037166086,0.00452293995929102,0.279273434965942,0.0440295945051304,0,7,128,4,0.0112359550561798,0.0249131512417085,0.676991024985317,0.0440295866574878,0.000370416100753179,0.151508026808289,190,FALSE
"EPHX2",-1.59785117250112,"Down",13,0.0150987224157956,0.0138784799448471,0.240973971452561,0.00673361793594203,0.166666666666667,3,63,169,0.134831460674157,0.0764451160048546,0.51866418022849,0.00673360978213364,0.020743301642178,0.151483533666363,191,FALSE
"CD24",-2.50278786162843,"Down",6,0.00696864111498258,0.00492662092268954,0.267059553349876,0.0403528127287932,0.4,14,77,36,0.0561797752808989,0.0271366972062944,0.626499838918714,0.0403528048509677,0.00432152117545376,0.150898127486466,192,FALSE
"NTF3",-1.12287463406411,"Down",7,0.00813008130081301,0.000143872548099688,0.259571902321375,0.0825680502925313,0.380952380952381,10,50,49,0.0674157303370786,0.000792475377210035,0.595546502938731,0.0825680427612542,0.00592665761205087,0.150449881805265,193,FALSE
"CSF2RB",1.79014425746001,"Up",5,0.00580720092915215,3.0900502580767e-05,0.2654130702836,0.0811337948123636,0.7,1,120,25,0.0449438202247191,0.000170205419742101,0.619693412798989,0.0811337872693126,0.00296332880602544,0.149780910903758,194,FALSE
"COL15A1",3.33938023572895,"Up",10,0.0116144018583043,5.17120373289033e-06,0.231016903675879,0.157754937571603,0.844444444444444,2,91,100,0.101123595505618,2.84839024746591e-05,0.477502477700694,0.157754930657542,0.0122237313248549,0.149726643818237,195,FALSE
"AKAP12",2.69646618395404,"Up",7,0.00813008130081301,0.0124813402154714,0.258947368421053,0.0128041933771244,0.142857142857143,7,128,49,0.0674157303370786,0.0687494238893233,0.592964730955238,0.0128041852731499,0.00592665761205087,0.149572145613368,196,FALSE
"ACKR1",2.97454534786876,"Up",6,0.00696864111498258,0.00878933263950256,0.25043630017452,0.0799929315598412,0.533333333333333,1,120,36,0.0561797752808989,0.0484131948096732,0.557780672031991,0.0799929240074248,0.00432152117545376,0.149337617461088,197,FALSE
"CNR1",1.08788451220443,"Up",11,0.0127758420441347,0.00686565306485633,0.251460280373832,0.0169954292877427,0.309090909090909,7,128,121,0.112359550561798,0.0378172283332004,0.562013722293749,0.0169954212181744,0.0148166440301272,0.14880051328741,198,FALSE
"LYVE1",2.39499959139589,"Up",7,0.00813008130081301,0.000276277538273113,0.262100456621005,0.0567478603256196,0.238095238095238,14,77,49,0.0674157303370786,0.00152178542223317,0.605999339279815,0.0567478525823824,0.00592665761205087,0.147522273046712,199,FALSE
"LGALS1",3.06713236326356,"Up",4,0.00464576074332172,0.00236911918551868,0.266728624535316,0.0637297435794911,0.333333333333333,2,91,16,0.0337078651685393,0.0130495264384875,0.625131806308281,0.0637297358935688,0.0018520805037659,0.147494202862529,200,FALSE
"ABCA1",1.24564130949777,"Up",7,0.00813008130081301,0.0163321334162097,0.249131944444444,0.019621902549926,0.0952380952380952,1,120,49,0.0674157303370786,0.0899602722034748,0.5523885722938,0.0196218945019186,0.00592665761205087,0.147062625389665,201,FALSE
"LY96",2.36656535986557,"Up",4,0.00464576074332172,0.000263199340326833,0.269483568075117,0.0598255194679964,0.166666666666667,11,52,16,0.0337078651685393,0.00144974840066374,0.636520517222928,0.0598255117500239,0.0018520805037659,0.146671144609184,202,FALSE
"GIMAP5",1.70032599184035,"Up",7,0.00813008130081301,0.0161534721659509,0.25050916496945,0.0128461749691005,0.523809523809524,5,75,49,0.0674157303370786,0.0889761745172811,0.558081889125309,0.0128461668654707,0.00592665761205087,0.146649323691438,203,FALSE
"CXCL14",-2.23605856982741,"Down",6,0.00696864111498258,0,0.254884547069272,0.0947746497450962,1,1,120,36,0.0561797752808989,0,0.57616936030433,0.0947746423140242,0.00432152117545376,0.146289059814941,204,FALSE
"DPYSL2",2.26674241925338,"Up",9,0.0104529616724739,0.00933321748119427,0.253533568904594,0.00887837104835145,0.222222222222222,14,77,81,0.0898876404494382,0.0514090084709411,0.5705845272407,0.00887836291214953,0.00987776268675145,0.146127460351996,205,FALSE
"ADAMTS2",1.81584217383637,"Up",9,0.0104529616724739,0.00234741477545134,0.236538461538462,0.115170381927546,0.638888888888889,2,91,81,0.0898876404494382,0.012929974718702,0.500328145590782,0.115170374663904,0.00987776268675145,0.145638779621915,206,FALSE
"LPAR1",1.91389045501565,"Up",8,0.00929152148664344,0.00433601654567514,0.256173757810176,0.0336729554654286,0.357142857142857,7,128,64,0.0786516853932584,0.0238835441021171,0.581498851897929,0.0336729475327676,0.00777873811581677,0.145097153408378,207,FALSE
"C1QB",2.46780571528807,"Up",10,0.0116144018583043,0.0014683449810143,0.251166861143524,0.0424300919889525,0.355555555555556,1,120,100,0.101123595505618,0.00808790320372658,0.560800751231912,0.0424300841281795,0.0122237313248549,0.144933213078858,208,FALSE
"CD99L2",1.13916614098724,"Up",3,0.00348432055749129,0,0.272382157545081,0.052205083531981,1,5,75,9,0.0224719101123595,0,0.648503048645707,0.0522050757514518,0.000987776268675145,0.144833562155639,209,FALSE
"AMPD3",-1.86226140590706,"Down",13,0.0150987224157956,0.00308137635757489,0.246704871060172,0.00763541114556958,0.294871794871795,7,128,169,0.134831460674157,0.0169727645999796,0.542355249743711,0.0076354029991641,0.020743301642178,0.144507635931838,210,FALSE
"ANO1",1.02645874987494,"Up",6,0.00696864111498258,0.0050217419871217,0.260514372163389,0.034213322913474,0.2,6,36,36,0.0561797752808989,0.0276606408106313,0.599442596060568,0.0342133149852489,0.00432152117545376,0.14436356966256,211,FALSE
"GAS6",1.644135324384,"Up",4,0.00464576074332172,0.00085901354746716,0.267557489123679,0.0529190929763011,0.333333333333333,11,52,16,0.0337078651685393,0.004731598168303,0.628558264617818,0.0529190852016332,0.0018520805037659,0.144353778732012,212,FALSE
"MX1",1.23071839144994,"Up",11,0.0127758420441347,0.00684819808069149,0.24342663273961,0.0265037816078989,0.654545454545455,19,15,121,0.112359550561798,0.0377210832009779,0.528803281072552,0.0265037736163855,0.0148166440301272,0.144040866496368,213,FALSE
"PAX6",-1.40059389016042,"Down",7,0.00813008130081301,0.0135840770105976,0.247200689061154,0.0255707777534417,0.0952380952380952,16,32,49,0.0674157303370786,0.0748234927038652,0.544404920743455,0.0255707697542692,0.00592665761205087,0.143628314230144,214,FALSE
"CALD1",2.53224887128555,"Up",9,0.0104529616724739,0.00437428841430789,0.253309796999117,0.0235308479189754,0.444444444444444,6,36,81,0.0898876404494382,0.0240943523065444,0.569659472514361,0.0235308399030569,0.00987776268675145,0.14341001357203,215,FALSE
"HBEGF",-1.40569320436072,"Down",7,0.00813008130081301,0.00191698417007096,0.253533568904594,0.0616799032555408,0.238095238095238,10,50,49,0.0674157303370786,0.0105590870068558,0.5705845272407,0.0616798955527912,0.00592665761205087,0.143233179549895,216,FALSE
"KRT19",3.51898448546452,"Up",7,0.00813008130081301,0.000500548568875413,0.260042283298097,0.0403303542484258,0.476190476190476,14,77,49,0.0674157303370786,0.00275710982512547,0.597491019363931,0.0403303463704159,0.00592665761205087,0.14278417270172,217,FALSE
"CTSK",2.92230703811472,"Up",5,0.00580720092915215,0.00169755160006726,0.264678758069474,0.0395978055788876,0.1,1,120,25,0.0449438202247191,0.00935041369855131,0.616657826259027,0.0395977976948641,0.00296332880602544,0.142702637336637,218,FALSE
"LCP2",1.53130362794186,"Up",9,0.0104529616724739,0.00140933363314597,0.254057244024786,0.0326708824469909,0.361111111111111,11,52,81,0.0898876404494382,0.00776285828877011,0.572749357289265,0.0326708745061037,0.00987776268675145,0.142589698644066,219,FALSE
"ENPEP",1.65033617899454,"Up",4,0.00464576074332172,0.00195142286837085,0.26797385620915,0.0361943900457726,0.333333333333333,1,120,16,0.0337078651685393,0.0107487814328343,0.630279492041283,0.0361943821338102,0.0018520805037659,0.142556520256047,220,FALSE
"ACTN1",2.10419545765239,"Up",8,0.00929152148664344,0.00077661908766554,0.246211038032599,0.0802703275065423,0.428571428571429,2,91,64,0.0786516853932584,0.00427775494752357,0.540313784461437,0.0802703199564031,0.00777873811581677,0.142258456574888,221,FALSE
"ACKR4",2.65616185523617,"Up",6,0.00696864111498258,6.24280202518999e-05,0.252714998532433,0.082574073926285,0.733333333333333,1,120,36,0.0561797752808989,0.000343864549221169,0.567200624377666,0.0825740663950574,0.00432152117545376,0.142123970355659,222,FALSE
"ALOX5",2.19986693723818,"Up",9,0.0104529616724739,0.0147176735676479,0.239299610894942,0.016212718040238,0.111111111111111,3,63,81,0.0898876404494382,0.0810675425314251,0.511742510843212,0.0162127099642444,0.00987776268675145,0.141757633295014,223,FALSE
"ANK2",3.23980465812005,"Up",7,0.00813008130081301,0.00962819921329098,0.254357459379616,0.00767094171622972,0.0952380952380952,12,25,49,0.0674157303370786,0.0530338198925851,0.573990422973153,0.0076709335701159,0.00592665761205087,0.141607512876997,224,FALSE
"NR4A1",-1.77846591443791,"Down",5,0.00580720092915215,0.0029984149615674,0.267225325884544,0.0160797397698668,0.2,5,75,25,0.0449438202247191,0.0165157985945583,0.627185128997311,0.0160797316927815,0.00296332880602544,0.141537561663079,225,FALSE
"LAPTM5",1.73920075904916,"Up",8,0.00929152148664344,0.00647126762313145,0.250072611094975,0.0267647954826613,0.25,11,52,64,0.0786516853932584,0.0356448837419271,0.55627721116976,0.0267647874932906,0.00777873811581677,0.14102346118281,226,FALSE
"PCOLCE",1.76707503318758,"Up",8,0.00929152148664344,2.35290545807283e-06,0.232451403887689,0.13491154012603,0.964285714285714,2,91,64,0.0786516853932584,1.29602183672582e-05,0.483432584065227,0.134911533024445,0.00777873811581677,0.140957500163423,227,FALSE
"CCND2",3.64343629752502,"Up",5,0.00580720092915215,0.00350369969610985,0.262180267965895,0.0302280742758757,0.3,5,75,25,0.0449438202247191,0.0192989960557414,0.606329272841624,0.0302280663149353,0.00296332880602544,0.140752696848609,228,FALSE
"LOXL2",1.96617215143951,"Up",3,0.00348432055749129,0,0.265494912118409,0.0602420351880793,1,2,91,9,0.0224719101123595,0,0.620031740239785,0.060242027473526,0.000987776268675145,0.140746690818869,229,FALSE
"DBN1",1.24259044764547,"Up",6,0.00696864111498258,0.0072353067622346,0.254507833284067,0.0283733679940113,0.133333333333333,7,128,36,0.0561797752808989,0.0398533461133898,0.574612056375857,0.0283733600178455,0.00432152117545376,0.140668011792689,230,FALSE
"IL27RA",1.12984313743786,"Up",5,0.00580720092915215,0.00120439805043695,0.257476076555024,0.0615193827176405,0.6,1,120,25,0.0449438202247191,0.00663403694407165,0.586882530906056,0.0615193750135731,0.00296332880602544,0.140588618378889,231,FALSE
"OSMR",3.10232546080282,"Up",5,0.00580720092915215,0.00232423088350485,0.257476076555024,0.0540636422598489,0.5,1,120,25,0.0449438202247191,0.0128022737517131,0.586882530906056,0.0540636344945767,0.00296332880602544,0.140331117636618,232,FALSE
"AOC3",1.80590194413466,"Up",5,0.00580720092915215,0.00907589850039759,0.253757736516357,0.0305396629153062,0.3,1,120,25,0.0449438202247191,0.0499916501279939,0.571511217784414,0.0305396549569237,0.00296332880602544,0.139989934380015,233,FALSE
"IL11RA",1.22335407375764,"Up",5,0.00580720092915215,0,0.257399103139013,0.0648548739568541,1,1,120,25,0.0449438202247191,0,0.586564329109761,0.0648548662801681,0.00296332880602544,0.139865268884135,234,FALSE
"KLF4",-1.2282539063336,"Down",5,0.00580720092915215,0.00761307779120837,0.256631892697466,0.0247766911231993,0,5,75,25,0.0449438202247191,0.0419341755880828,0.583392743992591,0.024776683117508,0.00296332880602544,0.139602150345785,235,FALSE
"EMCN",2.58800257824063,"Up",6,0.00696864111498258,0.00364047183879336,0.256173757810176,0.0353552204912199,0.2,14,77,36,0.0561797752808989,0.0200523611472517,0.581498851897929,0.0353552125723687,0.00432152117545376,0.13948154441478,236,FALSE
"GGT5",1.22336892711294,"Up",6,0.00696864111498258,0.0113149726952447,0.250290697674419,0.0097507151575153,0.133333333333333,3,63,36,0.0561797752808989,0.0623248658150701,0.557178763224007,0.00975070702847453,0.00432152117545376,0.137951126504781,237,FALSE
"JAM2",2.81020238876372,"Up",6,0.00696864111498258,0.000369308353934818,0.254809115122817,0.0492774611120753,0.6,14,77,36,0.0561797752808989,0.0020342155675767,0.575857530816907,0.049277453307513,0.00432152117545376,0.13753409922967,238,FALSE
"PDE5A",3.20832890650232,"Up",11,0.0127758420441347,0.00231702943128801,0.245929734361611,0.00797548248315284,0.272727272727273,7,128,121,0.112359550561798,0.0127626068824085,0.539150898129347,0.00797547433953903,0.0148166440301272,0.137413034788644,239,FALSE
"PLXNA4",-1.94568133711951,"Down",7,0.00813008130081301,0.00446066956792187,0.254207263064659,0.0154968978709973,0.333333333333333,14,77,49,0.0674157303370786,0.0245701549401827,0.573369523710872,0.0154968897891275,0.00592665761205087,0.137355791277862,240,FALSE
"CEACAM6",2.18539002526946,"Up",2,0.00232288037166086,0.000439176546244352,0.267308289351133,0.0441833535860143,0,14,77,4,0.0112359550561798,0.00241906189710105,0.627528093172008,0.044183345739634,0.000370416100753179,0.137147374393135,241,FALSE
"CLDN4",-1.16325415429572,"Down",9,0.0104529616724739,0.00117483342887565,0.249059878507376,0.0272841769808452,0.527777777777778,14,77,81,0.0898876404494382,0.00647118979266351,0.552090657613443,0.0272841689957381,0.00987776268675145,0.137122283907607,242,FALSE
"CEACAM5",2.38906563146825,"Up",8,0.00929152148664344,0.00315664679366045,0.25050916496945,0.0232509099450358,0.285714285714286,14,77,64,0.0786516853932584,0.0173873674412968,0.558081889125309,0.0232509019268193,0.00777873811581677,0.1370301164005,243,FALSE
"MFAP2",2.13539734339277,"Up",10,0.0116144018583043,0.000100705480648731,0.232639827073764,0.0855968114898562,0.6,2,91,100,0.101123595505618,0.000554703554071509,0.484211510081249,0.0855968039834425,0.0122237313248549,0.136742068889847,244,FALSE
"FAP",1.43991875212306,"Up",2,0.00232288037166086,0.000301397297298475,0.267059553349876,0.0437632286017038,0,7,128,4,0.0112359550561798,0.00166014948662199,0.626499838918714,0.0437632207518747,0.000370416100753179,0.136705916062829,245,FALSE
"CLEC7A",-1.85133154691726,"Down",6,0.00696864111498258,0.0058836438516452,0.251607247223846,0.025579889444869,0.0666666666666667,11,52,36,0.0561797752808989,0.0324081483388432,0.562621271212506,0.0255798814457712,0.00432152117545376,0.136222119490695,246,FALSE
"KRT7",1.8553742958511,"Up",6,0.00696864111498258,0.00111869965631692,0.257014925373134,0.0285148301432816,0.4,14,77,36,0.0561797752808989,0.00616199507017984,0.584976169696611,0.0285148221682771,0.00432152117545376,0.136030856678284,247,FALSE
"IL20RA",-2.45096478949279,"Down",4,0.00464576074332172,0.00111578129753593,0.255945303210464,0.0577166694102434,0.5,1,120,16,0.0337078651685393,0.00614592023515157,0.580554439297217,0.0577166616749592,0.0018520805037659,0.135995393375927,248,FALSE
"CD248",1.42820664461104,"Up",2,0.00232288037166086,0.00232288037166086,0.263544536271809,0.043260050032122,0,2,91,4,0.0112359550561798,0.0127948348942165,0.611969046260424,0.0432600421781623,0.000370416100753179,0.135926058897947,249,FALSE
"PDPN",1.42549175011173,"Up",5,0.00580720092915215,0.00132805890726985,0.258093525179856,0.0346453453626547,0.2,14,77,25,0.0449438202247191,0.00731518275999804,0.589435012941084,0.034645337437976,0.00296332880602544,0.135860536433961,250,FALSE
"ASPN",2.90533029090357,"Up",9,0.0104529616724739,0.00210007735747828,0.231700753498385,0.0872683322672295,0.305555555555556,2,91,81,0.0898876404494382,0.0115675965847544,0.480329456847469,0.0872683247745375,0.00987776268675145,0.13578615626859,251,FALSE
"PLXNA1",1.00612026342828,"Up",8,0.00929152148664344,0.00352723704361447,0.250072611094975,0.0152085684958244,0.321428571428571,14,77,64,0.0786516853932584,0.0194286439183019,0.55627721116976,0.0152085604115876,0.00777873811581677,0.135468967801745,252,FALSE
"AGTR1",1.70590069368214,"Up",5,0.00580720092915215,0.000579784318407421,0.259025270758123,0.0327681693407302,0.1,7,128,25,0.0449438202247191,0.00319355431247402,0.593286772835098,0.0327681614006417,0.00296332880602544,0.135431127515792,253,FALSE
"ADA",1.2602857701414,"Up",9,0.0104529616724739,0.00221860188053981,0.247841105354059,0.0135211534282638,0.166666666666667,7,128,81,0.0898876404494382,0.0122204505681059,0.547052349236834,0.0135211453301749,0.00987776268675145,0.134511869654261,254,FALSE
"ELMO1",1.84284549759854,"Up",7,0.00813008130081301,0.0229108125052054,0.228200371057514,0.00674171992123292,0.142857142857143,11,52,49,0.0674157303370786,0.126196797249123,0.465859162580507,0.00674171176749104,0.00592665761205087,0.13442801190925,255,FALSE
"FGL2",3.04576742880683,"Up",2,0.00232288037166086,0.000232878157206907,0.264191469776005,0.0441408085322199,0,1,120,4,0.0112359550561798,0.00128273397471663,0.614643416371405,0.0441408006854904,0.000370416100753179,0.134334664437709,256,FALSE
"GMPR",1.21810275272551,"Up",10,0.0116144018583043,0.00158624239618367,0.246211038032599,0.00688878938521876,0.4,7,128,100,0.101123595505618,0.00873730296617257,0.540313784461437,0.00688878123268419,0.0122237313248549,0.133857439098153,257,FALSE
"FLNB",1.3413586067261,"Up",7,0.00813008130081301,0.00087111590795714,0.248915871639202,0.0394258899080922,0.285714285714286,2,91,49,0.0674157303370786,0.00479826010500397,0.551495345017136,0.0394258820226575,0.00592665761205087,0.133812375018785,258,FALSE
"PLPP3",2.462513596979,"Up",14,0.016260162601626,0.00841141708791509,0.223927178153446,0.00386276466792295,0.428571428571429,8,28,196,0.146067415730337,0.046331569278927,0.448194133165619,0.00386275649054749,0.0240770465489567,0.133706584242877,259,FALSE
"CD14",1.12918025778074,"Up",4,0.00464576074332172,6.77816164070084e-05,0.257399103139013,0.0456986947290191,0.5,11,52,16,0.0337078651685393,0.000373353101335434,0.586564329109761,0.0456986868950784,0.0018520805037659,0.133639262955696,260,FALSE
"PAPPA",2.63935718947219,"Up",6,0.00696864111498258,4.5136487697003e-05,0.249854904236796,0.0502572520059491,0.533333333333333,10,50,36,0.0561797752808989,0.000248619737302729,0.555377228852113,0.0502572442094299,0.00432152117545376,0.13327687785104,261,FALSE
"AOX1",3.23988973267542,"Up",15,0.0174216027874564,0.00981801795549772,0.218472468916519,0.00110732303802753,0.323809523809524,3,63,225,0.157303370786517,0.0540793750128544,0.425644812017898,0.00110731483803241,0.0276577355229041,0.133158521635641,262,FALSE
"ACKR3",1.18251541759171,"Up",4,0.00464576074332172,0.00112442767201248,0.252937720329025,0.0546689592938504,0.5,1,120,16,0.0337078651685393,0.00619354599117876,0.568121338039897,0.0546689515335474,0.0018520805037659,0.132908756247386,263,FALSE
"NLGN1",1.14363851649098,"Up",8,0.00929152148664344,0.0108158381706488,0.238768718801997,0.00411644171916122,0.178571428571429,7,128,64,0.0786516853932584,0.0595755447953046,0.509547846420485,0.00411643354386821,0.00777873811581677,0.131934049653747,264,FALSE
"BNIP3",1.84596107302131,"Up",4,0.00464576074332172,0.00772333167090663,0.252418645558487,0.014548596041289,0.166666666666667,5,75,16,0.0337078651685393,0.0425414734086664,0.565975525459955,0.0145485879516345,0.0018520805037659,0.131725106498512,265,FALSE
"F13A1",1.92425751123827,"Up",1,0.00116144018583043,0,0.26338329764454,0.0431793933986217,0,2,91,1,0,0,0.611302498983605,0.0431793855439998,0,0.130896376905521,266,FALSE
"GRK5",2.1950135028861,"Up",4,0.00464576074332172,0.000980096740444035,0.256938227394808,0.0268426964725253,0.5,7,128,16,0.0337078651685393,0.00539854575695388,0.584659106537137,0.026842688483794,0.0018520805037659,0.130492057290038,267,FALSE
"PDE1C",1.38172796194615,"Up",13,0.0150987224157956,0.00193483927029021,0.231763122476447,0.00491336286729104,0.346153846153846,7,128,169,0.134831460674157,0.0106574360488952,0.480587285093646,0.00491335469854003,0.020743301642178,0.130346567631483,268,FALSE
"PDE3A",1.83418899273476,"Up",11,0.0127758420441347,0.00276687513752594,0.237386269644334,0.0051261302635485,0.272727272727273,7,128,121,0.112359550561798,0.0152404363950283,0.503832914849891,0.00512612209654411,0.0148166440301272,0.130275133586678,269,FALSE
"GPC3",1.533298443967,"Up",5,0.00580720092915215,0.00277232199934328,0.249059878507376,0.035466912450916,0.1,14,77,25,0.0449438202247191,0.0152704386708642,0.552090657613443,0.0354669045329816,0.00296332880602544,0.130147029969607,270,FALSE
"PREX1",1.32414279204336,"Up",6,0.00696864111498258,0.000766703678829181,0.250655021834061,0.0264983942145116,0.6,7,128,36,0.0561797752808989,0.00422313912635704,0.558684849455339,0.026498386222954,0.00432152117545376,0.1299815342522,271,FALSE
"COL8A1",1.56184234722014,"Up",7,0.00813008130081301,8.05785989330428e-05,0.23039871554723,0.101104179538731,0.714285714285714,2,91,49,0.0674157303370786,0.000443841138757574,0.474946938617468,0.101104172159619,0.00592665761205087,0.129967467972995,272,FALSE
"EPHB3",-1.10957852213001,"Down",5,0.00580720092915215,0.000511621390498666,0.254884547069272,0.0217490079407988,0.4,10,50,25,0.0449438202247191,0.00281810088011525,0.57616936030433,0.021748999910253,0.00296332880602544,0.129728722025089,273,FALSE
"F2R",2.44900170697598,"Up",6,0.00696864111498258,0.00157636845940558,0.245019920318725,0.0432198465790815,0.4,7,128,36,0.0561797752808989,0.00868291558041957,0.535389801406014,0.0432198387247916,0.00432152117545376,0.129558770433516,274,FALSE
"FGFBP1",-1.23474523593436,"Down",5,0.00580720092915215,6.77266142403746e-06,0.243014394580864,0.0706434822861252,0.5,10,50,25,0.0449438202247191,3.73050139698025e-05,0.527099122293935,0.0706434746569583,0.00296332880602544,0.129137410199122,275,FALSE
"GSTM3",1.29975762944778,"Up",10,0.0116144018583043,0.00878339531103554,0.231078904991948,0.00559688071766104,0.311111111111111,3,63,100,0.101123595505618,0.0483804909570018,0.477758786062315,0.00559687255452108,0.0122237313248549,0.129016695280862,276,FALSE
"CASK",1.04563806045178,"Up",7,0.00813008130081301,0.0138617814678476,0.234668847097302,0.00217662250091425,0.238095238095238,7,128,49,0.0674157303370786,0.0763531378475628,0.492599312645714,0.0021766143096971,0.00592665761205087,0.128894290550421,277,FALSE
"FGR",1.02864076282298,"Up",7,0.00813008130081301,0.00289013148286207,0.244324631101022,0.0211618955760197,0.428571428571429,11,52,49,0.0674157303370786,0.0159193540902657,0.532515532736585,0.0211618875406543,0.00592665761205087,0.128587832463327,278,FALSE
"CD53",1.31961639318829,"Up",5,0.00580720092915215,0.00479683936442726,0.247769784172662,0.0215105673024594,0.2,11,52,25,0.0449438202247191,0.0264218374870688,0.546757513315413,0.0215105592699562,0.00296332880602544,0.128519411820637,279,FALSE
"EFEMP2",1.78201054868427,"Up",9,0.0104529616724739,4.36950184222201e-05,0.227236737925574,0.0796616690492039,0.666666666666667,2,91,81,0.0898876404494382,0.000240679870230389,0.461875582151766,0.0796616614940681,0.00987776268675145,0.128308665330451,280,FALSE
"CLDN1",-2.13141752768641,"Down",8,0.00929152148664344,0.000443483205205075,0.242945823927765,0.0253589214883161,0.571428571428571,14,77,64,0.0786516853932584,0.00244278373444593,0.526815656831183,0.0253589134874044,0.00777873811581677,0.128209555512422,281,FALSE
"C1S",4.4953983377851,"Up",9,0.0104529616724739,0.000738707079740543,0.239100249930575,0.0237841795376486,0.416666666666667,1,120,81,0.0898876404494382,0.00406892891936193,0.510918368947729,0.0237841715238097,0.00987776268675145,0.127707374505418,282,FALSE
"PDE7A",-1.2779836295966,"Down",8,0.00929152148664344,0.000469619117399057,0.246351931330472,0.00791206476096164,0.285714285714286,7,128,64,0.0786516853932584,0.00258674494975925,0.540896225813175,0.00791205661682723,0.00777873811581677,0.127565090177767,283,FALSE
"GJB2",-1.66952645205922,"Down",8,0.00929152148664344,0.0143935485122745,0.228139904610493,0.00575019903694579,0.142857142857143,6,36,64,0.0786516853932584,0.0792822045436506,0.4656091992418,0.00575019087506444,0.00777873811581677,0.127414403633918,284,FALSE
"C7",2.6098303059365,"Up",3,0.00348432055749129,0.000480588833725928,0.258947368421053,0.016947044576571,0.333333333333333,14,77,9,0.0224719101123595,0.00264716808258651,0.592964730955238,0.0169470365066055,0.000987776268675145,0.127203724385093,285,FALSE
"ITCH",-1.10711724427338,"Down",3,0.00348432055749129,0.00486852699770083,0.251240151736212,0.0241133235116211,0,6,36,9,0.0224719101123595,0.0268167056184124,0.561103728538282,0.0241133155004842,0.000987776268675145,0.127098687207643,286,FALSE
"NLGN4X",-1.11643281819484,"Down",7,0.00813008130081301,0.0084929577989879,0.238636363636364,0.00410876677817474,0.238095238095238,7,128,49,0.0674157303370786,0.0467807099010882,0.509000701008001,0.00410875860281872,0.00592665761205087,0.126646511492208,287,FALSE
"CD93",3.16812913692302,"Up",3,0.00348432055749129,0.000290201455877408,0.256173757810176,0.0258579560462222,0,14,77,9,0.0224719101123595,0.00159848081688246,0.581498851897929,0.0258579480494071,0.000987776268675145,0.126482993429051,288,FALSE
"GATA3",1.14942486859101,"Up",8,0.00929152148664344,0.00178249586704446,0.23983286908078,0.0185271494579653,0.214285714285714,1,120,64,0.0786516853932584,0.0098183017070958,0.513946956500134,0.0185271414009711,0.00777873811581677,0.125744564623455,289,FALSE
"ETS1",3.81205357757907,"Up",6,0.00696864111498258,0.00414478720311536,0.243909348441926,0.0134765595743712,0.133333333333333,1,120,36,0.0561797752808989,0.0228302191462424,0.530798788242924,0.0134765514759162,0.00432152117545376,0.125521371064287,290,FALSE
"BCL2L11",-1.55609253674943,"Down",4,0.00464576074332172,0.000101197154744217,0.254057244024786,0.0181480056998564,0.5,5,75,16,0.0337078651685393,0.000557411781731556,0.572749357289265,0.0181479976397497,0.0018520805037659,0.12540294247661,291,FALSE
"P2RY12",1.52995073805245,"Up",7,0.00813008130081301,0.0069832249033589,0.234604904632153,0.0225749628821864,0.142857142857143,1,120,49,0.0674157303370786,0.0384648347619268,0.492334979732813,0.022574954858421,0.00592665761205087,0.125343431460458,292,FALSE
"KAT2B",-1.46136002741281,"Down",6,0.00696864111498258,0.0118452180506214,0.235181644359465,0.00457197743882385,0.133333333333333,16,32,36,0.0561797752808989,0.06524555077941,0.494719174520276,0.00457196926727037,0.00432152117545376,0.125007598204662,293,FALSE
"MSR1",1.5366697108175,"Up",4,0.00464576074332172,0.000146640713084506,0.248126801152738,0.040285040454862,0.333333333333333,1,120,16,0.0337078651685393,0.000807722918311509,0.548233392265004,0.0402850325764801,0.0018520805037659,0.12497721868642,294,FALSE
"MGST1",1.46700467576775,"Up",9,0.0104529616724739,0.00725613314747252,0.231078904991948,0.00556499592947933,0.333333333333333,3,63,81,0.0898876404494382,0.039968061517512,0.477758786062315,0.00556498776607763,0.00987776268675145,0.124611447696419,295,FALSE
"GDA",-3.29839951739652,"Down",5,0.00580720092915215,0.00566339252763159,0.245579007415859,0.00608810844018757,0.1,7,128,25,0.0449438202247191,0.0311949651890059,0.537701021666383,0.00608810028108014,0.00296332880602544,0.124578247233443,296,FALSE
"MFAP5",4.35124237019943,"Up",9,0.0104529616724739,0.00235108266080787,0.22515690376569,0.0562581775536151,0.583333333333333,2,91,81,0.0898876404494382,0.0129501780783413,0.45327771811023,0.0562581698063581,0.00987776268675145,0.124450293826224,297,FALSE
"NFATC1",1.06683798932029,"Up",5,0.00580720092915215,0.00408182686259681,0.247769784172662,0.00510219192300254,0.3,7,128,25,0.0449438202247191,0.0224834224830795,0.546757513315413,0.00510218375580164,0.00296332880602544,0.124450053717008,298,FALSE
"MFAP4",2.72861060433986,"Up",10,0.0116144018583043,0.000186498819926887,0.222136222910217,0.0669859048163275,0.466666666666667,2,91,100,0.101123595505618,0.00102726840264468,0.440790470901208,0.0669858971571353,0.0122237313248549,0.124430192658292,299,FALSE
"MFGE8",1.16897602194766,"Up",5,0.00580720092915215,0.00145042482593444,0.245929734361611,0.0269865893905273,0.2,11,52,25,0.0449438202247191,0.00798919582803782,0.539150898129347,0.0269865814029773,0.00296332880602544,0.124406764878221,300,FALSE
"IGFBP4",2.59586411602135,"Up",4,0.00464576074332172,0.00198391341992804,0.24748490945674,0.0297499471059412,0.5,10,50,16,0.0337078651685393,0.0109277451228581,0.545579864576102,0.0297499391410758,0.0018520805037659,0.124363498902468,301,FALSE
"MOCS1",-1.0120949815809,"Down",12,0.0139372822299652,0.0047371025353818,0.224511082138201,0.00365391474314335,0.424242424242424,7,128,144,0.123595505617978,0.0260927964937979,0.45060794440647,0.00365390656405342,0.0176565008025682,0.124321330776973,302,FALSE
"MAP2K4",-1.26111031905623,"Down",5,0.00580720092915215,0.00284162440706454,0.24762726488352,0.0106614464088837,0.2,5,75,25,0.0449438202247191,0.0156521685590595,0.546168350248967,0.0106614382873192,0.00296332880602544,0.124077821225218,303,FALSE
"PDE1A",2.84310605662373,"Up",11,0.0127758420441347,0.00179772969267324,0.231265108783239,0.00362829627533604,0.381818181818182,7,128,121,0.112359550561798,0.0099022123062405,0.478528537282108,0.0036282880960358,0.0148166440301272,0.123847046455262,304,FALSE
"BRD7",-1.11159811030553,"Down",5,0.00580720092915215,0.0132357647193781,0.233776812381211,0.00917450226808941,0.6,16,32,25,0.0449438202247191,0.0729049271538909,0.48891171420291,0.00917449413431845,0.00296332880602544,0.123779656904373,305,FALSE
"MS4A6A",1.89190987854395,"Up",7,0.00813008130081301,0.000651594375279084,0.240704500978474,0.0222656007397497,0.142857142857143,1,120,49,0.0674157303370786,0.00358909677459414,0.517550211363039,0.0222655927134447,0.00592665761205087,0.123349457760041,306,FALSE
"NEDD4L",-1.06043119835516,"Down",4,0.00464576074332172,0.00222563095389812,0.249059878507376,0.015620730068614,0,6,36,16,0.0337078651685393,0.0122591679442464,0.552090657613443,0.0156207219877607,0.0018520805037659,0.123106098643551,307,FALSE
"GRK3",1.09182482351664,"Up",2,0.00232288037166086,0,0.255338078291815,0.0253169178437375,1,7,128,4,0.0112359550561798,0,0.578044221226047,0.025316909842481,0.000370416100753179,0.122993500445092,308,FALSE
"ACVRL1",1.40441737161823,"Up",4,0.00464576074332172,0.000120575974729321,0.247413793103448,0.0323506633307813,0.5,13,34,16,0.0337078651685393,0.000664153741058917,0.545285875397286,0.0323506553872654,0.0018520805037659,0.122772126039583,309,FALSE
"MARVELD2",-2.20285173877745,"Down",8,0.00929152148664344,0.00017372575286783,0.238174273858921,0.0175376969046036,0.642857142857143,14,77,64,0.0786516853932584,0.000956912095833865,0.507090459721428,0.0175376888394868,0.00777873811581677,0.122403096833165,310,FALSE
"PPP2R2C",-1.16097560860232,"Down",2,0.00232288037166086,0.000438500975772003,0.254432624113475,0.0180513779891146,0,5,75,4,0.0112359550561798,0.00241534073575389,0.574301147825598,0.0180513699282147,0.000370416100753179,0.1212748459293,311,FALSE
"GRB7",-1.30407754079512,"Down",2,0.00232288037166086,2.0167103289599e-06,0.25050916496945,0.0352363423740267,0,10,50,4,0.0112359550561798,1.11083962839005e-05,0.558081889125309,0.0352363344541996,0.000370416100753179,0.120987140626545,312,FALSE
"PLOD3",1.00478666724763,"Up",6,0.00696864111498258,0.000728818472258292,0.23039871554723,0.064345706746758,0.4,2,91,36,0.0561797752808989,0.00401446072478218,0.474946938617468,0.0643456990658921,0.00432152117545376,0.120761678972899,313,FALSE
"NES",1.37056035371354,"Up",3,0.00348432055749129,0.000121378865363019,0.246422438465942,0.0384744313810344,0.666666666666667,10,50,9,0.0224719101123595,0.000668576204316862,0.541187696535417,0.0384744234877891,0.000987776268675145,0.120758076521712,314,FALSE
"PARVA",1.39892378575359,"Up",6,0.00696864111498258,0.00470916007489895,0.230337078651685,0.0419159128650093,0.0666666666666667,2,91,36,0.0561797752808989,0.0259388844917947,0.474692136740444,0.0419159050000154,0.00432152117545376,0.120609644537721,315,FALSE
"PDE4B",1.34885089716042,"Up",8,0.00929152148664344,0.00135787789147972,0.237451737451737,0.00489806015383823,0.392857142857143,7,128,64,0.0786516853932584,0.00747943098574961,0.504103553402718,0.0048980519849616,0.00777873811581677,0.120582291976501,316,FALSE
"CREB5",1.78997795751948,"Up",4,0.00464576074332172,0.000532490444140453,0.25043630017452,0.00578694215714638,0.166666666666667,5,75,16,0.0337078651685393,0.00293305130933356,0.557780672031991,0.00578693399556666,0.0018520805037659,0.120412120601839,317,FALSE
"CACNA1D",-3.06703305632317,"Down",7,0.00813008130081301,0.00328019596342464,0.238306116800443,0.00262347688188486,0.285714285714286,7,128,49,0.0674157303370786,0.0180678980651446,0.507635487641396,0.00262346869433597,0.00592665761205087,0.120333848470001,318,FALSE
"CCL23",1.84524179925056,"Up",3,0.00348432055749129,2.78477764714961e-06,0.245159453302961,0.0416547870592778,0.666666666666667,1,120,9,0.0224719101123595,1.53390465764313e-05,0.535966619332612,0.0416547791921403,0.000987776268675145,0.120219284790473,319,FALSE
"MSX1",1.68693302982273,"Up",6,0.00696864111498258,0.0117888004897731,0.226578947368421,0.0162076128573811,0.2,13,34,36,0.0561797752808989,0.0649347929009612,0.459156329873246,0.0162076047813456,0.00432152117545376,0.120160004802381,320,FALSE
"AK9",-1.00790056335749,"Down",13,0.0150987224157956,0.000699005494315841,0.221052631578947,0.00395926189564223,0.397435897435897,7,128,169,0.134831460674157,0.00385024558261115,0.43631099310315,0.00395925371905892,0.020743301642178,0.119939050944231,321,FALSE
"NBEA",-2.29050914983383,"Down",5,0.00580720092915215,0.00524013166351159,0.241446999439147,0.00211179847164816,0.1,7,128,25,0.0449438202247191,0.0288635696769216,0.52061963917563,0.00211179027989886,0.00296332880602544,0.119900429632639,322,FALSE
"DLGAP1",-1.08742821098361,"Down",8,0.00929152148664344,0.00389848806923986,0.233017591339648,0.0029476168543072,0.214285714285714,7,128,64,0.0786516853932584,0.0214735600642801,0.4857731566108,0.0029476086694192,0.00777873811581677,0.119324949770715,323,FALSE
"CFL2",1.51413649276176,"Up",6,0.00696864111498258,0.00063735710865753,0.240167364016736,0.0155886440352996,0.2,2,91,36,0.0561797752808989,0.00351067539827613,0.515329731164291,0.0155886359541829,0.00432152117545376,0.118986067794621,324,FALSE
"INPP5F",-1.12258818413022,"Down",5,0.00580720092915215,0.00287149892791833,0.239632618981353,0.0175055453741364,0.2,11,52,25,0.0449438202247191,0.0158167226904437,0.513119138993147,0.0175055373087557,0.00296332880602544,0.118869709604618,325,FALSE
"IKZF1",1.08088350315525,"Up",5,0.00580720092915215,0.000902006321476041,0.243564356435644,0.0118183561544891,0.2,1,120,25,0.0449438202247191,0.00496840995241338,0.529372619549935,0.0118183480424218,0.00296332880602544,0.118813305315103,326,FALSE
"LCP1",1.19644675685903,"Up",3,0.00348432055749129,0,0.248055315471046,0.0214338719587675,1,11,52,9,0.0224719101123595,0,0.547937876312839,0.0214338639256347,0.000987776268675145,0.118566285323902,327,FALSE
"CNTN1",1.62409879728559,"Up",6,0.00696864111498258,0.011712054381125,0.227476882430647,0.00475842773802144,0.133333333333333,12,25,36,0.0561797752808989,0.0645120617948283,0.462868319863632,0.00475841956799855,0.00432152117545376,0.118528019536562,328,FALSE
"IFITM1",3.52362679237225,"Up",9,0.0104529616724739,0.00221297456267907,0.229538789656092,0.00902059262475611,0.638888888888889,19,15,81,0.0898876404494382,0.0121894543085465,0.471392075426731,0.0090205844897217,0.00987776268675145,0.118473503472238,329,FALSE
"MGLL",2.66886434596667,"Up",7,0.00813008130081301,0.00572990689316887,0.232325957906098,0.00369197425889795,0.238095238095238,8,28,49,0.0674157303370786,0.03156133804898,0.482914000653589,0.00369196608012046,0.00592665761205087,0.118301938546364,330,FALSE
"NTRK3",2.27026831525395,"Up",4,0.00464576074332172,6.38690106204484e-05,0.244047619047619,0.0239139703102659,0.5,10,50,16,0.0337078651685393,0.00035180177839348,0.531370387600035,0.0239139622974925,0.0018520805037659,0.118239219469645,331,FALSE
"BNIPL",-1.59851237229413,"Down",2,0.00232288037166086,0,0.251901696898771,0.0157472250339392,1,5,75,4,0.0112359550561798,0,0.563838502047981,0.0157472169541243,0.000370416100753179,0.118238418031808,332,FALSE
"PCK1",-2.06247216193399,"Down",3,0.00348432055749129,0.000601424522173453,0.248628356915969,0.00990357599854398,0.333333333333333,3,63,9,0.0224719101123595,0.00331275237262449,0.55030678270386,0.00990356787075806,0.000987776268675145,0.117396557865656,333,FALSE
"PLPP4",-2.07934056233443,"Down",11,0.0127758420441347,0.00145898211506039,0.223752598752599,0.00384009537900975,0.654545454545455,8,28,121,0.112359550561798,0.00803633088623729,0.447472436223675,0.00384008720144819,0.0148166440301272,0.117305009780657,334,FALSE
"LPIN2",1.3462275121665,"Up",11,0.0127758420441347,0.00145898211506039,0.223752598752599,0.00384009537900974,0.654545454545455,8,28,121,0.112359550561798,0.00803633088623729,0.447472436223675,0.00384008720144818,0.0148166440301272,0.117305009780657,335,FALSE
"PLIN2",1.94061414767325,"Up",3,0.00348432055749129,0.00106393603602659,0.245789323437054,0.0167518379116463,0.333333333333333,11,52,9,0.0224719101123595,0.00586034738811548,0.538570450869381,0.0167518298400783,0.000987776268675145,0.116928462895722,336,FALSE
"CLDN7",-1.45785394095189,"Down",6,0.00696864111498258,0.000287750404656114,0.23751724137931,0.017849972425795,0.733333333333333,14,77,36,0.0561797752808989,0.00158497999433631,0.504374341273367,0.0178499643632417,0.00432152117545376,0.11686211641746,337,FALSE
"CORO1A",1.24081802818638,"Up",3,0.00348432055749129,0.000107259915695472,0.245579007415859,0.0206030598002373,0.333333333333333,11,52,9,0.0224719101123595,0.000590806538655239,0.537701021666383,0.0206030517602843,0.000987776268675145,0.116470913269271,338,FALSE
"EVPL",-1.28481621550746,"Down",5,0.00580720092915215,0.0144070372380229,0.224511082138201,0.00364033805068746,0.5,17,9,25,0.0449438202247191,0.0793565028247802,0.45060794440647,0.00364032987148607,0.00296332880602544,0.116302385226696,339,FALSE
"DKK1",3.54158929144037,"Up",7,0.00813008130081301,0.00656506336894237,0.225924954080294,0.0152722719638505,0.238095238095238,13,34,49,0.0674157303370786,0.036161527257483,0.456452775193815,0.0152722638801367,0.00592665761205087,0.116245790856113,340,FALSE
"NR1D1",-1.64455423259207,"Down",4,0.00464576074332172,0.0115711854792967,0.231327243417517,0.00272874549778959,0.166666666666667,5,75,16,0.0337078651685393,0.0637361310311901,0.478785396770282,0.00272873731110487,0.0018520805037659,0.116162042156976,341,FALSE
"IL16",1.0540379133798,"Up",2,0.00232288037166086,0,0.243909348441926,0.0383033455587082,1,1,120,4,0.0112359550561798,0,0.530798788242924,0.0383033376640584,0.000370416100753179,0.116141699412783,342,FALSE
"GIPC1",-1.10499601699021,"Down",5,0.00580720092915215,0.00150361623166897,0.238372093023256,0.0165001655120317,0.1,14,77,25,0.0449438202247191,0.00828218347495566,0.507908227941879,0.0165001574383978,0.00296332880602544,0.116119543577195,343,FALSE
"CP",3.28264939729872,"Up",5,0.00580720092915215,0.00464581862240075,0.234796836651214,0.0136351960196975,0.2,1,120,25,0.0449438202247191,0.0255899885966114,0.493128410976964,0.0136351879225447,0.00296332880602544,0.116052147305373,344,FALSE
"MAOB",1.08456022804676,"Up",10,0.0116144018583043,0.00843529358085511,0.216712811477473,0.00165843159990969,0.244444444444444,3,63,100,0.101123595505618,0.0464630852143783,0.418370532312136,0.00165842340443867,0.0122237313248549,0.115967873552285,345,FALSE
"HRK",-2.19558599196017,"Down",2,0.00232288037166086,0,0.249565217391304,0.0134582070325024,1,5,75,4,0.0112359550561798,0,0.554179687163356,0.0134581989338967,0.000370416100753179,0.115848851450837,346,FALSE
"LTBP2",3.23471611873486,"Up",4,0.00464576074332172,0.00532101253092098,0.23384030418251,0.0251188854644258,0.166666666666667,2,91,16,0.0337078651685393,0.0293090757637737,0.48917418410837,0.0251188774615437,0.0018520805037659,0.115832416601198,347,FALSE
"PDE2A",1.2573511271713,"Up",12,0.0139372822299652,0.00025039969171246,0.219979560551865,0.00425087062422671,0.318181818181818,7,128,144,0.123595505617978,0.00137924567795667,0.431875005380801,0.00425086245003724,0.0176565008025682,0.115751423985868,348,FALSE
"MYH11",2.35212379412231,"Up",9,0.0104529616724739,0.0014289191189613,0.227236737925574,0.00863585242353639,0.638888888888889,6,36,81,0.0898876404494382,0.00787073859995077,0.461875582151766,0.00863584428534361,0.00987776268675145,0.11562951363465,349,FALSE
"NRG1",-1.96480872099766,"Down",4,0.00464576074332172,0.0005560417873541,0.242466910729372,0.014316965327617,0.5,10,50,16,0.0337078651685393,0.00306277626272846,0.524835868900537,0.014316957236061,0.0018520805037659,0.115555109614326,350,FALSE
"PLXND1",2.04730190784781,"Up",6,0.00696864111498258,0.00290555159645085,0.234796836651214,0.00766990363757503,0.266666666666667,14,77,36,0.0561797752808989,0.0160042907963594,0.493128410976964,0.00766989549145269,0.00432152117545376,0.115460778744226,351,FALSE
"ANOS1",-1.48053505354046,"Down",2,0.00232288037166086,0,0.244532803180915,0.0318678295590487,1,10,50,4,0.0112359550561798,0,0.533376099061866,0.0318678216115692,0.000370416100753179,0.115370058366074,352,FALSE
"IMPDH2",1.04004827260863,"Up",5,0.00580720092915215,0.00168364100821657,0.239632618981353,0.00552843554337031,0.6,7,128,25,0.0449438202247191,0.00927379170450379,0.513119138993147,0.00552842737966848,0.00296332880602544,0.115165701421613,353,FALSE
"DDR2",3.1821947705547,"Up",4,0.00464576074332172,0,0.230152365677626,0.0647891780532362,1,2,91,16,0.0337078651685393,0,0.473928548436962,0.0647891703760109,0.0018520805037659,0.114855532897056,354,FALSE
"OGN",3.45438723888086,"Up",7,0.00813008130081301,0.000114866626508815,0.224102030192608,0.0507821142462944,0.571428571428571,2,91,49,0.0674157303370786,0.000632705643805965,0.448916957172021,0.0507821064540839,0.00592665761205087,0.114734831443808,355,FALSE
"DPT",3.08419676792738,"Up",5,0.00580720092915215,8.4662157540064e-05,0.229661242998133,0.0528785289551405,0.5,2,91,25,0.0449438202247191,0.00046633409999446,0.471898287511622,0.0528785211801396,0.00296332880602544,0.1146300583645,356,FALSE
"DPYD",2.3865573387173,"Up",5,0.00580720092915215,0.00348998589524721,0.236408566721582,0.00518568932376956,0.3,14,77,25,0.0449438202247191,0.0192234580211743,0.499791171058497,0.00518568115725409,0.00296332880602544,0.114421491853534,357,FALSE
"PRELP",3.6437527336305,"Up",8,0.00929152148664344,0.0023691919397025,0.219307182883342,0.0433985193347466,0.392857142857143,2,91,64,0.0786516853932584,0.0130499271813675,0.42909545117882,0.0433985114819235,0.00777873811581677,0.114394862670237,358,FALSE
"MSX2",-2.56517710764153,"Down",5,0.00580720092915215,0.00072472186578295,0.234030986681163,0.0280727516595788,0.5,13,34,25,0.0449438202247191,0.00399189589358465,0.489962449937515,0.0280727436809452,0.00296332880602544,0.113986847708558,359,FALSE
"CACNA2D1",2.49247148564976,"Up",5,0.00580720092915215,0.00629212413636314,0.232200647249191,0.0017004399819184,0.3,7,128,25,0.0449438202247191,0.0346581298119622,0.482395976663106,0.00170043178679222,0.00296332880602544,0.113332337458521,360,FALSE
"CTSC",-1.03186570461033,"Down",1,0.00116144018583043,0,0.249492900608519,0.0126745871549879,0,5,75,1,0,0,0.553880735507354,0.0126745790499494,0,0.113311062911461,362,FALSE
"CTSV",-3.04209486487658,"Down",1,0.00116144018583043,0,0.249492900608519,0.0126745871549879,0,5,75,1,0,0,0.553880735507354,0.0126745790499494,0,0.113311062911461,362,FALSE
"CTSZ",1.49145657845005,"Up",1,0.00116144018583043,0,0.249492900608519,0.0126745871549879,0,5,75,1,0,0,0.553880735507354,0.0126745790499494,0,0.113311062911461,362,FALSE
"ALDH3A1",-2.48008739908475,"Down",10,0.0116144018583043,0.00366750458168682,0.219474891664542,0.00234921950030492,0.333333333333333,3,63,100,0.101123595505618,0.0202012622642784,0.42978874554197,0.00234921131050463,0.0122237313248549,0.113137309189445,364,FALSE
"FST",3.28324611122057,"Up",6,0.00696864111498258,0.0037020301000087,0.227657324167107,0.0208079422569349,0.266666666666667,13,34,36,0.0561797752808989,0.0203914349102549,0.463614251220769,0.0208079342186639,0.00432152117545376,0.113062983361208,365,FALSE
"ANG",1.72337919517966,"Up",2,0.00232288037166086,0.00074357875448094,0.242466910729372,0.0241449565395079,0,13,34,4,0.0112359550561798,0.00409576296330244,0.524835868900537,0.0241449485286307,0.000370416100753179,0.112936590309881,366,FALSE
"DGKB",-2.67777838876135,"Down",5,0.00580720092915215,0.00310099116338578,0.235374521596501,0.00363854159685365,0.1,8,28,25,0.0449438202247191,0.0170808064108685,0.495516513218107,0.00363853341763752,0.00296332880602544,0.112828600415471,367,FALSE
"GCH1",1.99407350655569,"Up",11,0.0127758420441347,0.000133350851026988,0.220035778175313,0.00360808030912279,0.509090909090909,7,128,121,0.112359550561798,0.000734520013475181,0.432107404430912,0.0036080721296566,0.0148166440301272,0.112725238233194,368,FALSE
"CYP1B1",4.33541423117502,"Up",9,0.0104529616724739,0.013377118223417,0.207971014492754,0.00209881719165194,0.111111111111111,3,63,81,0.0898876404494382,0.0736835271919996,0.382232659686014,0.00209880899979608,0.00987776268675145,0.1115560798028,369,FALSE
"CFB",1.40693690573834,"Up",6,0.00696864111498258,0.000254688679488568,0.231700753498385,0.0155369155173108,0.266666666666667,1,120,36,0.0561797752808989,0.00140287017929911,0.480329456847469,0.0155369074357694,0.00432152117545376,0.111554106183778,370,FALSE
"MRAS",1.15911499287414,"Up",3,0.00348432055749129,0.000220955816181382,0.239966555183946,0.0179080543426012,0.333333333333333,11,52,9,0.0224719101123595,0.00121706361698526,0.514499603899354,0.0179080462805247,0.000987776268675145,0.11141688003558,371,FALSE
"ACTG2",1.04276917053205,"Up",8,0.00929152148664344,0.000294080410317061,0.226877470355731,0.00857104412852652,0.821428571428571,6,36,64,0.0786516853932584,0.00161984678226882,0.460390399448442,0.00857103598980173,0.00777873811581677,0.111402341145918,372.5,FALSE
"MYL9",2.65700331631985,"Up",8,0.00929152148664344,0.000294080410317061,0.226877470355731,0.00857104412852651,0.821428571428571,6,36,64,0.0786516853932584,0.00161984678226882,0.460390399448442,0.00857103598980172,0.00777873811581677,0.111402341145918,372.5,FALSE
"AXL",1.80190740103615,"Up",3,0.00348432055749129,0.000262919607248365,0.240906547285954,0.0125434043178285,0.333333333333333,11,52,9,0.0224719101123595,0.00144820758151648,0.518385454246976,0.0125433962117131,0.000987776268675145,0.111167348884248,374,FALSE
"ADH1C",1.09220926346129,"Up",13,0.0150987224157956,0.00228904026524668,0.208879184861718,0.00113999785767183,0.461538461538462,3,63,169,0.134831460674157,0.0126084376179493,0.385986961596,0.00113998965794494,0.020743301642178,0.111062030237646,375,FALSE
"CFH",4.15765357323121,"Up",9,0.0104529616724739,0.000439753563091101,0.221850038649833,0.0133744614647385,0.305555555555556,1,120,81,0.0898876404494382,0.00242224020769139,0.439607408612363,0.0133744533654453,0.00987776268675145,0.111033901064338,376,FALSE
"H6PD",1.11799899452846,"Up",5,0.00580720092915215,0.00305952518106187,0.232263285675749,0.00696086311950231,0.2,3,63,25,0.0449438202247191,0.0168524044647185,0.482654918787294,0.0069608549675594,0.00296332880602544,0.110875065450063,377,FALSE
"DPYSL3",2.20074031759285,"Up",7,0.00813008130081301,0.00134223574409987,0.228563843907619,0.00450900799573058,0.333333333333333,14,77,49,0.0674157303370786,0.0073932712783631,0.467361729567947,0.00450899982366018,0.00592665761205087,0.11052127772382,378,FALSE
"PLN",1.7276541519986,"Up",3,0.00348432055749129,0.0092591092023877,0.230707395498392,0.00155539617259573,0.333333333333333,15,5,9,0.0224719101123595,0.0510008069969467,0.476222996249191,0.00155538797627888,0.000987776268675145,0.11044777552069,379,FALSE
"CTHRC1",4.63575364526727,"Up",3,0.00348432055749129,0.00211352878585119,0.231016903675879,0.0347951884295492,0.333333333333333,2,91,9,0.0224719101123595,0.0116416894253597,0.477502477700694,0.0347951805061006,0.000987776268675145,0.109479806802638,380,FALSE
"PLTP",2.48971684269674,"Up",4,0.00464576074332172,0.000350969898565962,0.235890410958904,0.00831508432524041,0.666666666666667,1,120,16,0.0337078651685393,0.00193320412009879,0.497649157581764,0.00831507618441441,0.0018520805037659,0.108691476711717,381,FALSE
"CNTNAP2",-2.46657487540481,"Down",9,0.0104529616724739,0.014689862501721,0.203018156095261,0.000608604208857735,0.138888888888889,12,25,81,0.0898876404494382,0.0809143542738169,0.361757948798003,0.000608596004768589,0.00987776268675145,0.108609260442556,382,FALSE
"MPDZ",2.47076913892105,"Up",5,0.00580720092915215,0.00184634976386729,0.230152365677626,0.010748357650825,0.4,14,77,25,0.0449438202247191,0.0101700202360256,0.473928548436962,0.010748349529974,0.00296332880602544,0.108550813446741,383,FALSE
"FZD7",2.31441332335252,"Up",4,0.00464576074332172,0.00748278124017904,0.227176781002639,0.00433615317403036,0,13,34,16,0.0337078651685393,0.0412164791978403,0.46162772514389,0.00433614500054098,0.0018520805037659,0.108548059002915,384,FALSE
"AMOTL2",1.05300655985476,"Up",4,0.00464576074332172,0.00182431790364607,0.232263285675749,0.0143148395173421,0.333333333333333,14,77,16,0.0337078651685393,0.0100486648630232,0.482654918787294,0.0143148314257686,0.0018520805037659,0.108515672149678,385,FALSE
"ADH1B",4.85601743626372,"Up",12,0.0139372822299652,0.00228591362570484,0.208828522920204,0.00110423738511704,0.393939393939394,3,63,144,0.123595505617978,0.0125912155357449,0.385777529279896,0.00110422918509659,0.0176565008025682,0.108144996084257,386,FALSE
"CLDN11",1.64551088481117,"Up",5,0.00580720092915215,0.00232288037166086,0.228806803082647,0.0108932988256537,0.6,14,77,25,0.0449438202247191,0.0127948348942165,0.468366102894834,0.0108932907059925,0.00296332880602544,0.107992275505158,387,FALSE
"ENAH",1.08926751655045,"Up",4,0.00464576074332172,0.00822380952046041,0.224394057857701,0.00360112619444885,0.166666666666667,9,9,16,0.0337078651685393,0.0452981936992919,0.450124175617256,0.00360111801492557,0.0018520805037659,0.106916686600756,388,FALSE
"CD59",1.87117549783861,"Up",4,0.00464576074332172,0.00051593883967775,0.233270116499594,0.00900916585576585,0.333333333333333,1,120,16,0.0337078651685393,0.00284188215188649,0.486817074935711,0.00900915772063763,0.0018520805037659,0.106845612096108,389,FALSE
"FKBP1B",-1.04383343684133,"Down",3,0.00348432055749129,0.000448536453665224,0.237451737451737,0.00244086880865267,0.666666666666667,7,128,9,0.0224719101123595,0.00247061791846843,0.504103553402718,0.00244086061960474,0.000987776268675145,0.106494943664365,390,FALSE
"LIPG",-1.8361325643595,"Down",7,0.00813008130081301,0.000239882274195309,0.22515690376569,0.00381270502278702,0.619047619047619,8,28,49,0.0674157303370786,0.0013213138867688,0.45327771811023,0.00381269684500061,0.00592665761205087,0.106350823358226,391,FALSE
"CHI3L1",3.14260334875409,"Up",3,0.00348432055749129,1.41521202651913e-05,0.233967391304348,0.0164207049908993,0,14,77,9,0.0224719101123595,7.79523751654717e-05,0.489699551859353,0.016420696916613,0.000987776268675145,0.105931577506433,392,FALSE
"PIP4P2",1.34235997930702,"Up",3,0.00348432055749129,0.000345623829930285,0.233459869848156,0.0165316032158168,0.333333333333333,11,52,9,0.0224719101123595,0.00190375703088958,0.487601499734494,0.0165315951424409,0.000987776268675145,0.105899307657772,393,FALSE
"NQO1",-2.15634709411278,"Down",4,0.00464576074332172,0.00707171052935363,0.22421875,0.0050455548666564,0.166666666666667,3,63,16,0.0337078651685393,0.0389522292007133,0.449399467294351,0.00504554669899056,0.0018520805037659,0.105791437773272,394,FALSE
"FKBP10",1.539911404607,"Up",2,0.00232288037166086,0,0.229661242998133,0.0453937070484182,1,2,91,4,0.0112359550561798,0,0.471898287511622,0.0453936992119738,0.000370416100753179,0.105779671576106,395,FALSE
"IFI44L",2.44331510669976,"Up",11,0.0127758420441347,9.2423316020845e-05,0.211236506378803,0.00430534220282804,0.709090909090909,19,15,121,0.112359550561798,0.000509083930145395,0.395731935641056,0.00430533402908573,0.0148166440301272,0.105544509638442,397,FALSE
"IFI44",2.12709591703011,"Up",11,0.0127758420441347,9.2423316020845e-05,0.211236506378803,0.00430534220282804,0.709090909090909,19,15,121,0.112359550561798,0.000509083930145395,0.395731935641056,0.00430533402908573,0.0148166440301272,0.105544509638442,397,FALSE
"OAS1",-1.12168032964645,"Down",11,0.0127758420441347,9.2423316020845e-05,0.211236506378803,0.00430534220282803,0.709090909090909,19,15,121,0.112359550561798,0.000509083930145395,0.395731935641056,0.00430533402908573,0.0148166440301272,0.105544509638442,397,FALSE
"GPR183",2.12245139296419,"Up",2,0.00232288037166086,6.69071842702253e-05,0.237582781456954,0.0106003826056796,0,1,120,4,0.0112359550561798,0.000368536574857001,0.504645278585446,0.0106003744836138,0.000370416100753179,0.10544411216017,399,FALSE
"ADH5",1.08039646541669,"Up",11,0.0127758420441347,0.00228591362570484,0.208777885548012,0.00105501296914705,0.272727272727273,3,63,121,0.112359550561798,0.0125912155357449,0.385568198531356,0.00105500476872251,0.0148166440301272,0.10527812268555,400,FALSE
"FZD3",-1.2185321543753,"Down",5,0.00580720092915215,0.00802250133501456,0.219251336898396,0.00390248735836461,0.3,13,34,25,0.0449438202247191,0.0441893526986714,0.428864588451833,0.00390247918131523,0.00296332880602544,0.104972713872513,401,FALSE
"LMOD1",1.89300444402569,"Up",6,0.00696864111498258,0,0.225688073394495,0.00797780584967983,1,6,36,36,0.0561797752808989,0,0.455473529843467,0.00797779770608509,0.00432152117545376,0.104790524801181,402,FALSE
"FERMT2",3.7071951486316,"Up",3,0.00348432055749129,0.000206787504304066,0.233396584440228,0.0103138308820504,0.333333333333333,2,91,9,0.0224719101123595,0.00113902205556365,0.487339883042318,0.0103138227576323,0.000987776268675145,0.10445048284731,403,FALSE
"FHL2",1.2461374356238,"Up",4,0.00464576074332172,0.00240277326922516,0.228685258964143,0.00489906872760013,0.166666666666667,3,63,16,0.0337078651685393,0.0132348990688622,0.467863649465567,0.00489906055873177,0.0018520805037659,0.104311510953093,404,FALSE
"ADH7",-2.9152315018206,"Down",11,0.0127758420441347,0.00149006970467413,0.208626120668767,0.000863944236616318,0.418181818181818,3,63,121,0.112359550561798,0.00820756681436326,0.384940814952801,0.000863936034623281,0.0148166440301272,0.104237702478742,405,FALSE
"MYO6",-1.29994956933356,"Down",6,0.00696864111498258,0.00344378551533104,0.221279876638396,0.00398060146313625,0.2,14,77,36,0.0561797752808989,0.0189689781778345,0.437250405563498,0.00398059328672812,0.00432152117545376,0.104140254696883,406,FALSE
"DOCK3",-1.16474830487843,"Down",2,0.00232288037166086,0.00134751172036572,0.235245901639344,0.00667298675975322,0,11,52,4,0.0112359550561798,0.0074223322864335,0.494984808851484,0.00667297860544711,0.000370416100753179,0.10413729818006,407,FALSE
"MYH10",1.08619914797981,"Up",6,0.00696864111498258,0.00018948137444461,0.224745497259201,0.00726683455043543,0.933333333333333,6,36,36,0.0561797752808989,0.00104369683911641,0.451576997313916,0.00726682640100427,0.00432152117545376,0.104077763402078,408,FALSE
"C1R",3.98790744700758,"Up",7,0.00813008130081301,7.93927711140418e-05,0.220035778175313,0.013417752962665,0.571428571428571,1,120,49,0.0674157303370786,0.000437309389924448,0.432107404430912,0.0134177448637273,0.00592665761205087,0.103860969326739,409,FALSE
"GUCY1A1",3.14821994152948,"Up",10,0.0116144018583043,3.00372257669073e-05,0.213013359722909,0.0020388595558284,0.466666666666667,7,128,100,0.101123595505618,0.000165450338750374,0.40307730180969,0.00203885136348035,0.0122237313248549,0.103725786068479,410.5,FALSE
"GUCY1B1",3.21634875956942,"Up",10,0.0116144018583043,3.00372257669073e-05,0.213013359722909,0.00203885955582841,0.466666666666667,7,128,100,0.101123595505618,0.000165450338750374,0.40307730180969,0.00203885136348035,0.0122237313248549,0.103725786068479,410.5,FALSE
"ID2",1.89860995781201,"Up",3,0.00348432055749129,0.00464305971963374,0.227476882430647,0.0066308420035142,0,1,120,9,0.0224719101123595,0.0255747920734397,0.462868319863632,0.00663083384886211,0.000987776268675145,0.103706726433394,412,FALSE
"ADD3",1.53591850666727,"Up",4,0.00464576074332172,0.00549097484687513,0.224452554744526,0.00133583634095042,0.166666666666667,12,25,16,0.0337078651685393,0.0302452581851341,0.450365996955451,0.00133582814283119,0.0018520805037659,0.103501405791144,413,FALSE
"BEX1",1.3628092593267,"Up",3,0.00348432055749129,0.00188119241083882,0.231887961217344,0.00217436979096139,0.333333333333333,5,75,9,0.0224719101123595,0.0103619396825529,0.481103358222002,0.00217436159972575,0.000987776268675145,0.103419869177063,414,FALSE
"MS4A4A",3.6399798996633,"Up",4,0.00464576074332172,1.34597715831003e-05,0.228260869565217,0.0144151815321459,0.666666666666667,1,120,16,0.0337078651685393,7.41387964790032e-05,0.466109258455449,0.0144151734413961,0.0018520805037659,0.103231703273126,415,FALSE
"ADA2",1.17300021690887,"Up",3,0.00348432055749129,0,0.233333333333333,0.00543792190467801,1,7,128,9,0.0224719101123595,0,0.487078408147808,0.00543791374023315,0.000987776268675145,0.103195201653815,416,FALSE
"CCN1",2.04887018808597,"Up",3,0.00348432055749129,0.000329322591900191,0.23039871554723,0.0140536563998029,0.333333333333333,14,77,9,0.0224719101123595,0.00181396693592346,0.474946938617468,0.0140536483060854,0.000987776268675145,0.102854848048102,417,FALSE
"LRRK2",2.03310097716032,"Up",4,0.00464576074332172,0.00545416689190762,0.223056994818653,0.00366502272977006,0,5,75,16,0.0337078651685393,0.0300425134754415,0.444596866543081,0.00366501455077132,0.0018520805037659,0.10277286804832,418,FALSE
"OMD",2.62761552428524,"Up",6,0.00696864111498258,0.00233867064031214,0.215465465465465,0.0264216810156433,0.466666666666667,2,91,36,0.0561797752808989,0.0128818104796979,0.413214106078328,0.0264216730234559,0.00432152117545376,0.102603777207567,419,FALSE
"CBS",1.51611547841144,"Up",4,0.00464576074332172,0.00505054392040974,0.22386895475819,0.00109317592350778,0.166666666666667,7,128,16,0.0337078651685393,0.0278192869404754,0.447953442419164,0.00109316772339652,0.0018520805037659,0.102485168551068,420,FALSE
"PKIA",1.9436234537779,"Up",2,0.00232288037166086,0.000671048566017917,0.235181644359465,0.00213316375970254,0,7,128,4,0.0112359550561798,0.00369625388933009,0.494719174520276,0.00213315556812863,0.000370416100753179,0.102430991026934,421,FALSE
"LY75-CD302",2.70658203513001,"Up",3,0.00348432055749129,0.00234347641417205,0.227056962025316,0.0110887578926441,0,11,52,9,0.0224719101123595,0.0129082815299623,0.461132403306946,0.0110887497745875,0.000987776268675145,0.101717824198506,422,FALSE
"BMPER",1.3253045983175,"Up",4,0.00464576074332172,0.00104670287842112,0.22369446609509,0.0197232405269361,0.5,13,34,16,0.0337078651685393,0.00576542411571709,0.447232120579631,0.0197232324797606,0.0018520805037659,0.101656144569483,423,FALSE
"PIK3AP1",1.46299645282326,"Up",2,0.00232288037166086,0,0.231638418079096,0.0164274973875242,1,11,52,4,0.0112359550561798,0,0.480071767330506,0.0164274893132937,0.000370416100753179,0.101621125560147,424,FALSE
"CYP26A1",-2.42464783674405,"Down",12,0.0139372822299652,0.00389413853834403,0.198845265588915,0.000584146809266632,0.439393939393939,3,63,144,0.123595505617978,0.0214496020807531,0.344507561278745,0.000584138604976713,0.0176565008025682,0.101558661677004,425,FALSE
"PDCD1LG2",1.12383027103198,"Up",3,0.00348432055749129,9.98731677371272e-05,0.229294274300932,0.0133560531017455,0.666666666666667,1,120,9,0.0224719101123595,0.00055011902771612,0.470381268978659,0.0133560450023013,0.000987776268675145,0.101549423877942,426,FALSE
"ALDH4A1",1.03930673821467,"Up",6,0.00696864111498258,0.0084593794113769,0.212225782597979,0.000736855074977993,0.133333333333333,3,63,36,0.0561797752808989,0.0465957542181618,0.399821522491806,0.000736846871941669,0.00432152117545376,0.101531084007652,427,FALSE
"DOCK2",1.29967729357269,"Up",4,0.00464576074332172,3.87337320324923e-05,0.22735674676525,0.00774650768941904,0.833333333333333,11,52,16,0.0337078651685393,0.000213352229515898,0.462371688864126,0.00774649954392555,0.0018520805037659,0.101178297261974,428,FALSE
"ALDH1A3",1.40975419672064,"Up",11,0.0127758420441347,0.000511917476136935,0.206128800574575,0.000872917905099752,0.581818181818182,3,63,121,0.112359550561798,0.00281973177204684,0.374617098258361,0.00087290970318038,0.0148166440301272,0.101097186865103,429,FALSE
"NPR2",1.74067870505527,"Up",9,0.0104529616724739,3.00372257669073e-05,0.212960672767747,0.00195082283698275,0.333333333333333,7,128,81,0.0898876404494382,0.000165450338750374,0.402859498253046,0.00195081464391199,0.00987776268675145,0.10094823327438,430,FALSE
"P4HA1",1.10381922991649,"Up",2,0.00232288037166086,6.26681980912826e-05,0.228685258964143,0.0244138656554699,0,2,91,4,0.0112359550561798,0.000345187491133134,0.467863649465567,0.0244138576468002,0.000370416100753179,0.100845813152087,431,FALSE
"PDK4",2.68128703916205,"Up",2,0.00232288037166086,0.00232288037166086,0.23083109919571,0.00271803900380366,0,5,75,4,0.0112359550561798,0.0127948348942165,0.476734377200371,0.00271803081703105,0.000370416100753179,0.10077072281371,432,FALSE
"KCNMB2",-1.373333229675,"Down",3,0.00348432055749129,0.000266641394485033,0.23083109919571,0.00170782388012116,0.666666666666667,7,128,9,0.0224719101123595,0.00146870784222105,0.476734377200371,0.0017078156850556,0.000987776268675145,0.100674117421736,433,FALSE
"MICU3",2.77855843615548,"Up",1,0.00116144018583043,0,0.234030986681163,0.0123024506200039,0,10,50,1,0,0,0.489962449937515,0.0123024425119105,0,0.100452978489885,434,FALSE
"MEF2C",2.97995613281734,"Up",2,0.00232288037166086,0.000972365942555887,0.232200647249191,0.00278057800663942,0,5,75,4,0.0112359550561798,0.00535596315830344,0.482395976663106,0.00278056982038019,0.000370416100753179,0.100427776159745,435,FALSE
"NECTIN3",1.42229782461759,"Up",3,0.00348432055749129,0.000346865434490668,0.229538789656092,0.00486287803075519,0.333333333333333,14,77,9,0.0224719101123595,0.00191059600785448,0.471392075426731,0.00486286986158974,0.000987776268675145,0.100325045535442,436,FALSE
"C1QC",2.23569058698482,"Up",5,0.00580720092915215,2.1443943520981e-05,0.22167868177137,0.0130676357254073,0.7,1,120,25,0.0449438202247191,0.000118117024096114,0.438899033313975,0.0130676276235954,0.00296332880602544,0.0999983853984821,437,FALSE
"KCNN4",-2.02906218017899,"Down",5,0.00580720092915215,0.00309295501794788,0.220486555697823,0.00104714725212143,0.3,7,128,25,0.0449438202247191,0.017036541904044,0.433970881782269,0.00104713905163232,0.00296332880602544,0.0999923423537381,438,FALSE
"CLIC5",1.25589679293645,"Up",3,0.00348432055749129,0.00695243497285471,0.220486555697823,0.00339342315000898,0.333333333333333,14,77,9,0.0224719101123595,0.0382952383926898,0.433970881782269,0.00339341496878065,0.000987776268675145,0.0998238443049549,439,FALSE
"FBXW7",-1.47767430548262,"Down",3,0.00348432055749129,0.00189358444634953,0.226698262243286,0.00362075692150263,0,5,75,9,0.0224719101123595,0.0104301972003731,0.459649567791926,0.00362074874214051,0.000987776268675145,0.0994320400230949,440,FALSE
"GPNMB",1.11457722672495,"Up",3,0.00348432055749129,0.000552008355566942,0.227898358920064,0.00589419214467491,0,5,75,9,0.0224719101123595,0.00304055940885885,0.464610669144455,0.00589418398397561,0.000987776268675145,0.0994010197836648,441,FALSE
"GATA2",1.22426260429285,"Up",6,0.00696864111498258,0.00349668791314631,0.215627347858753,0.00272297393552191,0.2,5,75,36,0.0561797752808989,0.0192603739181457,0.41388331463113,0.00272296574878981,0.00432152117545376,0.0992735901508836,442,FALSE
"PITX2",2.16852329677419,"Up",3,0.00348432055749129,0.00436655964735281,0.221964423820572,0.00689222990715036,0,13,34,9,0.0224719101123595,0.0240517808946316,0.44008026753802,0.00689222175464403,0.000987776268675145,0.0988967913136661,443,FALSE
"BACE2",1.51432892616079,"Up",1,0.00116144018583043,0,0.233459869848156,0.00638188338309098,0,11,52,1,0,0,0.487601499734494,0.00638187522639518,0,0.0987966749921778,445,FALSE
"CBLC",-1.18106458245836,"Down",1,0.00116144018583043,0,0.233459869848156,0.00638188338309098,0,11,52,1,0,0,0.487601499734494,0.00638187522639518,0,0.0987966749921778,445,FALSE
"KIRREL1",2.07600397468612,"Up",1,0.00116144018583043,0,0.233459869848156,0.00638188338309098,0,11,52,1,0,0,0.487601499734494,0.00638187522639518,0,0.0987966749921778,445,FALSE
"DYRK1A",-1.00925396371583,"Down",2,0.00232288037166086,0,0.231763122476447,0.00176963810885901,1,7,128,4,0.0112359550561798,0,0.480587285093646,0.00176962991430089,0.000370416100753179,0.0987926572329759,447,FALSE
"CAMK2D",1.71273052582007,"Up",3,0.00348432055749129,0.000406671894713957,0.228200371057514,0.00139211205049633,0.333333333333333,7,128,9,0.0224719101123595,0.0022400205419373,0.465859162580507,0.00139210385283906,0.000987776268675145,0.0985901946712636,448,FALSE
"KCNQ5",1.41802461885676,"Up",4,0.00464576074332172,0.00352285361761721,0.221109399075501,0.000882775811241896,0,7,128,16,0.0337078651685393,0.0194044992345763,0.436545665283634,0.000882767609403448,0.0018520805037659,0.0984785755599837,449,FALSE
"FILIP1",1.46997291387306,"Up",1,0.00116144018583043,0,0.232765612327656,0.00680154118035759,0,2,91,1,0,0,0.48473149601679,0.00680153302710679,0,0.0983066058087793,450,FALSE
"HAPLN1",1.10272466839513,"Up",3,0.00348432055749129,0.00232745076372637,0.221850038649833,0.0151244939693606,0,2,91,9,0.0224719101123595,0.0128200094200309,0.439607408612363,0.0151244858844336,0.000987776268675145,0.0982023180595723,451,FALSE
"EBF1",4.57515977476396,"Up",2,0.00232288037166086,0.000158196599082389,0.229538789656092,0.00579378333254193,0,1,120,4,0.0112359550561798,0.000871374777099906,0.471392075426731,0.00579377517101836,0.000370416100753179,0.0979327193063565,452,FALSE
"GREM2",1.40281966908128,"Up",3,0.00348432055749129,0,0.223520249221184,0.0196458523005988,1,13,34,9,0.0224719101123595,0,0.446511922294366,0.0196458442527881,0.000987776268675145,0.0979234905856378,453,FALSE
"GYPC",2.05654102496268,"Up",3,0.00348432055749129,0.00967711057477543,0.213859910581222,0.00351829886753963,0,12,25,9,0.0224719101123595,0.0533032323006798,0.406576873710377,0.00351829068733642,0.000987776268675145,0.0973716166158856,454,FALSE
"COL8A2",1.5979357639426,"Up",4,0.00464576074332172,2.06847626019492e-06,0.216006021073758,0.0355192079312611,0.666666666666667,2,91,16,0.0337078651685393,1.13935321657901e-05,0.415448718681888,0.0355192000137561,0.0018520805037659,0.0973078515800231,455,FALSE
"ACSL5",2.05708762848032,"Up",4,0.00464576074332172,9.00341229325914e-07,0.223636363636364,0.0029753003975431,0.833333333333333,8,28,16,0.0337078651685393,4.95923833109166e-06,0.446991929774883,0.00297529221288237,0.0018520805037659,0.0971064253796804,456,FALSE
"IFITM3",2.39181609946804,"Up",8,0.00929152148664344,2.44085657359299e-05,0.211029411764706,0.00386635849383695,0.821428571428571,19,15,64,0.0786516853932584,0.000134446686280515,0.394875823471113,0.00386635031649098,0.00777873811581677,0.0970614087965919,457,FALSE
"MX2",1.8127467222318,"Up",8,0.00929152148664344,1.22640393078496e-05,0.211029411764706,0.00392723238880103,0.928571428571429,19,15,64,0.0786516853932584,6.75524921534903e-05,0.394875823471113,0.00392722421195479,0.00777873811581677,0.0970602047368593,458,FALSE
"GBP1",1.76251969189449,"Up",8,0.00929152148664344,0.00150417022091512,0.20913286373573,0.00346212785816094,0.642857142857143,19,15,64,0.0786516853932584,0.00828523494545932,0.387035649280353,0.00346211967749661,0.00777873811581677,0.0970426854824769,459,FALSE
"CYP2C18",-1.39934744840359,"Down",7,0.00813008130081301,0.0010068729165766,0.213435795736242,0.000910916880283147,0.571428571428571,3,63,49,0.0674157303370786,0.00554603365899754,0.404823617683781,0.000910908678675712,0.00592665761205087,0.0969245895941167,460,FALSE
"MAL",-3.51752935871708,"Down",2,0.00232288037166086,0.00232288037166086,0.2255107386066,0.00538683437141574,0,14,77,4,0.0112359550561798,0.0127948348942165,0.454740442357182,0.0053868262065515,0.000370416100753179,0.0969056949229767,461,FALSE
"DUOX1",-1.08698145731676,"Down",2,0.00232288037166086,0,0.228442557707615,0.00556676351817439,1,3,63,4,0.0112359550561798,0,0.466860342352628,0.0055667553547872,0.000370416100753179,0.0968066937728697,462.5,FALSE
"NOX4",1.06527674191443,"Up",2,0.00232288037166086,0,0.228442557707615,0.00556676351817439,1,3,63,4,0.0112359550561798,0,0.466860342352628,0.0055667553547872,0.000370416100753179,0.0968066937728697,462.5,FALSE
"LY75",2.70658203513001,"Up",2,0.00232288037166086,2.05960425111897e-05,0.226937269372694,0.0110680833469454,0,1,120,4,0.0112359550561798,0.000113446635745825,0.460637603685962,0.011068075228719,0.000370416100753179,0.0966850993414719,464,FALSE
"NRCAM",1.58368475621032,"Up",5,0.00580720092915215,0.00222276555418765,0.217369351173946,0.0012235636531922,0.3,12,25,25,0.0449438202247191,0.0122433848171217,0.421084613635073,0.0012235554541513,0.00296332880602544,0.0964917405874181,465,FALSE
"NEXN",2.96817704210022,"Up",3,0.00348432055749129,0.00639742155830778,0.216931216931217,0.00273418864738913,0,7,128,9,0.0224719101123595,0.0352381265888108,0.419273402566621,0.00273418046074909,0.000987776268675145,0.0961410791994431,466,FALSE
"MYH14",-1.62071588079623,"Down",6,0.00696864111498258,0.00142887365745876,0.21327718602923,0.0070653248237138,0.666666666666667,6,36,36,0.0561797752808989,0.00787048818997439,0.404167938147949,0.00706531667262842,0.00432152117545376,0.0959210078933809,467,FALSE
"COL13A1",1.17147889629448,"Up",4,0.00464576074332172,1.85924036638457e-05,0.216440422322775,0.0260563954138882,0.5,2,91,16,0.0337078651685393,0.000102410239488762,0.417244497860134,0.0260563874187022,0.0018520805037659,0.095792648238126,468,FALSE
"DIO2",1.14471965312447,"Up",1,0.00116144018583043,0,0.230707395498392,0.00271297132876383,0,5,75,1,0,0,0.476222996249191,0.00271296314194961,0,0.0957871918782282,469.5,FALSE
"ESRRG",-1.56874075049552,"Down",1,0.00116144018583043,0,0.230707395498392,0.00271297132876383,0,5,75,1,0,0,0.476222996249191,0.00271296314194961,0,0.0957871918782282,469.5,FALSE
"ADRB1",-1.91835390923979,"Down",4,0.00464576074332172,0.0013109082777021,0.220373688251856,0.00256763574347064,0.166666666666667,7,128,16,0.0337078651685393,0.00722071406659118,0.433504297006491,0.00256762755546335,0.0018520805037659,0.0957705168601702,471,FALSE
"LRG1",1.01821800975661,"Up",1,0.00116144018583043,0,0.22874601487779,0.00995759346225998,0,14,77,1,0,0,0.46811480943559,0.00995758533491749,0,0.0956144789541015,472,FALSE
"CAVIN1",1.05787086581097,"Up",5,0.00580720092915215,0.00468241085345146,0.213118811881188,0.000804120772160487,0.3,3,63,25,0.0449438202247191,0.0257915450609119,0.403513232393606,0.000804112569676354,0.00296332880602544,0.0956032078109878,473,FALSE
"EPSTI1",1.40550737801605,"Up",8,0.00929152148664344,2.67920566829242e-05,0.20913286373573,0.00359931234360065,0.785714285714286,19,15,64,0.0786516853932584,0.000147575374916704,0.387035649280353,0.00359930416406248,0.00777873811581677,0.0954425904656816,474,FALSE
"COL17A1",-1.20458370052523,"Down",3,0.00348432055749129,0.00404467393398612,0.216494845360825,0.0136498301142148,0,2,91,9,0.0224719101123595,0.0222787775976993,0.417469478241215,0.0136498220171822,0.000987776268675145,0.0953715528474263,475,FALSE
"NMU",-1.51074059971957,"Down",2,0.00232288037166086,0,0.226340694006309,0.00614855451457467,1,7,128,4,0.0112359550561798,0,0.458171409991465,0.00614854635596344,0.000370416100753179,0.0951852655008723,476,FALSE
"GPR161",1.63991467864477,"Up",1,0.00116144018583043,0,0.230213903743316,0.00154932855662041,0,7,128,1,0,0,0.474182941759459,0.00154932036025375,0,0.0951464524239426,477.5,FALSE
"PALM2AKAP2",3.16959148506765,"Up",1,0.00116144018583043,0,0.230213903743316,0.00154932855662041,0,7,128,1,0,0,0.474182941759459,0.00154932036025375,0,0.0951464524239426,477.5,FALSE
"ADGRD1",2.93366338859727,"Up",2,0.00232288037166086,0.00232288037166086,0.223520249221184,0.00424910590595218,0,7,128,4,0.0112359550561798,0.0127948348942165,0.446511922294366,0.00424909773174822,0.000370416100753179,0.0950324452154528,479,FALSE
"MATN3",1.11795670687241,"Up",3,0.00348432055749129,0.00026913765250744,0.221792890262751,0.0103971716435302,0.333333333333333,2,91,9,0.0224719101123595,0.0014824576718032,0.439371161861638,0.0103971635197963,0.000987776268675145,0.0949420938868544,480,FALSE
"ADARB1",2.36243256624474,"Up",2,0.00232288037166086,0.000118818040094154,0.225984251968504,0.00537959224535864,0,7,128,4,0.0112359550561798,0.00065447072695014,0.456697907806123,0.00537958408043494,0.000370416100753179,0.0948676667540882,481,FALSE
"ACSL4",1.51366652203453,"Up",3,0.00348432055749129,0,0.223578291352895,0.00281748450208578,1,8,28,9,0.0224719101123595,0,0.446751863712179,0.00281747631612952,0.000987776268675145,0.0946058052818686,482,FALSE
"MEST",1.96268526543217,"Up",3,0.00348432055749129,6.34601881749748e-05,0.221507589400566,0.0106558140569679,0.666666666666667,10,50,9,0.0224719101123595,0.000349549912238554,0.438191751468581,0.0106558059353572,0.000987776268675145,0.0945313587394423,483,FALSE
"FSTL1",2.14111516952816,"Up",2,0.00232288037166086,0,0.223288381742739,0.0148500952583223,1,13,34,4,0.0112359550561798,0,0.445553401132546,0.0148500871711428,0.000370416100753179,0.0944019718921243,484.5,FALSE
"MGP",2.74114686579461,"Up",2,0.00232288037166086,0,0.223288381742739,0.0148500952583223,1,13,34,4,0.0112359550561798,0,0.445553401132546,0.0148500871711428,0.000370416100753179,0.0944019718921243,484.5,FALSE
"APOD",1.93799333646929,"Up",2,0.00232288037166086,2.96282873160354e-05,0.22562893081761,0.00462400610043678,0,1,120,4,0.0112359550561798,0.000163197833617248,0.455229039275452,0.00462399792931041,0.000370416100753179,0.0943245212390625,486,FALSE
"EPHA3",2.10564762649232,"Up",2,0.00232288037166086,5.95044689263712e-05,0.225333682282125,0.00561034870020547,0,10,50,4,0.0112359550561798,0.000327761112741501,0.454008506015865,0.00561034053717607,0.000370416100753179,0.0943105957645431,487,FALSE
"GALNT3",-1.20692676651859,"Down",2,0.00232288037166086,0.00695243497285471,0.216549295774648,0.00362629331230151,0,14,77,4,0.0112359550561798,0.0382952383926898,0.417694571791502,0.00362628513298483,0.000370416100753179,0.094244493294822,488,FALSE
"NNMT",3.0360651870855,"Up",4,0.00464576074332172,0.00151646145377299,0.218306288032454,0.000846951103098288,0.333333333333333,3,63,16,0.0337078651685393,0.00835293722448386,0.424957833856348,0.000846942900965752,0.0018520805037659,0.0939435319308205,489,FALSE
"MS4A7",2.97900851245525,"Up",2,0.00232288037166086,0,0.224043715846995,0.00898355725329495,1,1,120,4,0.0112359550561798,0,0.448675890444238,0.00898354911795651,0.000370416100753179,0.0938531621438254,490,FALSE
"ADAMTS5",3.78951046898751,"Up",1,0.00116144018583043,0,0.226400210360242,0.0106868263089703,0,1,120,1,0,0,0.458417445723175,0.0106868181876141,0,0.0938208527821577,491,FALSE
"PRDM1",1.66437693683521,"Up",1,0.00116144018583043,0,0.227236737925574,0.00660611612396116,0,1,120,1,0,0,0.461875582151766,0.0066061079691061,0,0.0936963380241745,492,FALSE
"FOSB",-1.68028750038037,"Down",4,0.00464576074332172,0.000174097286771583,0.219530851606323,0.00166160099695585,0.166666666666667,5,75,16,0.0337078651685393,0.00095895857012248,0.430020079357178,0.00166159280151084,0.0018520805037659,0.0936401152802232,493,FALSE
"CCL14",3.03173174347857,"Up",1,0.00116144018583043,0,0.225806451612903,0.0121324678292108,0,1,120,1,0,0,0.455962895701082,0.012132459719722,0,0.0936190710841608,494,FALSE
"CLCA4",-2.83720176229449,"Down",4,0.00464576074332172,0.00116008967398644,0.217974683544304,0.00203645063531944,0.666666666666667,6,36,16,0.0337078651685393,0.00638997858961161,0.423587008066641,0.00203644244295161,0.0018520805037659,0.0935146749543018,495.5,FALSE
"CLCA2",-1.67784358871327,"Down",4,0.00464576074332172,0.00116008967398644,0.217974683544304,0.00203645063531944,0.666666666666667,6,36,16,0.0337078651685393,0.00638997858961161,0.423587008066641,0.00203644244295161,0.0018520805037659,0.0935146749543018,495.5,FALSE
"PAX3",1.9830287121526,"Up",4,0.00464576074332172,0.00736091115306322,0.209642074506939,0.00166581741026638,0.166666666666667,16,32,16,0.0337078651685393,0.0405451972574467,0.389140684895111,0.00166580921485598,0.0018520805037659,0.0933823274079438,497,FALSE
"ADRA2A",2.20827115585956,"Up",2,0.00232288037166086,0,0.224160374902369,0.00595461854498465,1,7,128,4,0.0112359550561798,0,0.449158149422704,0.00595461038478139,0.000370416100753179,0.0933438261928837,498,FALSE
"LPAR6",-1.26277492746422,"Down",5,0.00580720092915215,0.00238076708841853,0.21238283177109,0.00511547655811359,0.4,7,128,25,0.0449438202247191,0.0131136851426058,0.400470750908327,0.00511546839102174,0.00296332880602544,0.0933214106945398,499,FALSE
"MASP1",1.5387059267652,"Up",4,0.00464576074332172,0,0.217919514047077,0.00767005807857228,1,1,120,16,0.0337078651685393,0,0.423358941884467,0.00767004993245121,0.0018520805037659,0.0933177874978447,500,FALSE
"EFEMP1",1.07248051496377,"Up",4,0.00464576074332172,0.000283577350841054,0.21535767883942,0.0162934839983402,0.5,2,91,16,0.0337078651685393,0.00156199407770463,0.412768524995897,0.0162934759230095,0.0018520805037659,0.0932367881337833,501,FALSE
"INS-IGF2",1.62390298965513,"Up",2,0.00232288037166086,0.000293121857238633,0.223056994818653,0.00834416997837346,0,1,120,4,0.0112359550561798,0.00161456690280302,0.444596866543081,0.00834416183778623,0.000370416100753179,0.0932323932881207,502,FALSE
"LDB2",4.45437923264233,"Up",4,0.00464576074332172,0.00254958662457104,0.215789473684211,0.00147470565013015,0.333333333333333,5,75,16,0.0337078651685393,0.0140435729312073,0.414553529512582,0.0014746974531509,0.0018520805037659,0.0931263491138491,503,FALSE
"CFHR1",2.63710615810876,"Up",4,0.00464576074332172,7.81484494311656e-06,0.217699115044248,0.00698448887846041,0.666666666666667,1,120,16,0.0337078651685393,4.30455446569495e-05,0.422447830461372,0.00698448072671144,0.0018520805037659,0.0930070604810092,504,FALSE
"HERC5",2.74256014406561,"Up",7,0.00813008130081301,4.50170614662957e-07,0.209031318281136,0.003542797447939,0.952380952380952,19,15,49,0.0674157303370786,2.47961916554583e-06,0.386615868689442,0.0035427892679369,0.00592665761205087,0.0927007051051349,505,FALSE
"ABCA6",2.20861694972823,"Up",2,0.00232288037166086,0.00232288037166086,0.221052631578947,0.00182306247711273,0,5,75,4,0.0112359550561798,0.0127948348942165,0.43631099310315,0.00182305428299318,0.000370416100753179,0.0925070506874585,506,FALSE
"ASPH",-1.38562090947975,"Down",3,0.00348432055749129,0.00232288037166086,0.218361653563277,0.000957381340259275,0.333333333333333,7,128,9,0.0224719101123595,0.0127948348942165,0.425186710425345,0.00095737313903327,0.000987776268675145,0.0924797209679259,507,FALSE
"MBOAT2",2.05651310144655,"Up",9,0.0104529616724739,0.000186491523170345,0.202588235294118,0.00135769464744693,0.722222222222222,8,28,81,0.0898876404494382,0.00102722821082234,0.359980691424241,0.00135768644950713,0.00987776268675145,0.092426201844152,508,FALSE
"MYOCD",1.36041438025413,"Up",4,0.00464576074332172,0.00258765154231408,0.214820359281437,0.0015657162492177,0,5,75,16,0.0337078651685393,0.0142532412136234,0.410547289959229,0.00156570805298557,0.0018520805037659,0.0923852369796287,509,FALSE
"CD200",2.61130547999058,"Up",1,0.00116144018583043,0,0.225924954080294,0.00439670109926872,0,11,52,1,0,0,0.456452775193815,0.00439669292627639,0,0.0921698936240182,510,FALSE
"CHPT1",2.48643129523751,"Up",8,0.00929152148664344,0.00254412847115005,0.202302631578947,0.00121524151478691,0.428571428571429,8,28,64,0.0786516853932584,0.0140135084592264,0.358800029061753,0.0012152333156777,0.00777873811581677,0.0920918388691463,511,FALSE
"DCLK1",1.55688591216748,"Up",3,0.00348432055749129,0.000921051741760047,0.219754977029096,0.000949171332305858,0.333333333333333,7,128,9,0.0224719101123595,0.00507331548736807,0.430946595495062,0.000949163131012457,0.000987776268675145,0.0920857520988954,512,FALSE
"ADIRF",-1.53605843418447,"Down",1,0.00116144018583043,0,0.2255107386066,0.00528347388282221,0,1,120,1,0,0,0.454740442357182,0.00528346571710947,0,0.0920047816148584,513.5,FALSE
"EBF2",1.08281583716663,"Up",1,0.00116144018583043,0,0.2255107386066,0.00528347388282222,0,1,120,1,0,0,0.454740442357182,0.00528346571710947,0,0.0920047816148584,513.5,FALSE
"NRG4",-2.12101593135509,"Down",3,0.00348432055749129,0,0.219083969465649,0.00819924154638017,1,10,50,9,0.0224719101123595,0,0.428172705195228,0.00819923340460321,0.000987776268675145,0.0919663249961731,515,FALSE
"CXADR",-1.70517497288726,"Down",1,0.00116144018583043,0,0.225392670157068,0.00537679083412672,0,14,77,1,0,0,0.454252357058723,0.00537678266918003,0,0.0919258279455806,516,FALSE
"H2AC6",1.68276527846151,"Up",9,0.0104529616724739,0.00353431164200231,0.197658402203857,0.000480410933314798,0.416666666666667,16,32,81,0.0898876404494382,0.0194676120543366,0.339601165270144,0.000480402728173302,0.00987776268675145,0.0918629166377688,517,FALSE
"FLRT3",3.12387957170487,"Up",2,0.00232288037166086,0.00232288037166086,0.218472468916519,0.00908774259620668,0,10,50,4,0.0112359550561798,0.0127948348942165,0.425644812017898,0.0090877344617235,0.000370416100753179,0.0918267505061542,518,FALSE
"ABCG2",1.46278950084234,"Up",3,0.00348432055749129,0.0031791886952181,0.216331658291457,0.000715341249552033,0,6,36,9,0.0224719101123595,0.0175115322119627,0.416794876264374,0.000715333046339101,0.000987776268675145,0.0916962855807422,519,FALSE
"GPD1L",-1.14255533590801,"Down",8,0.00929152148664344,0.00216417001251038,0.201733833177132,0.0011220981796648,0.571428571428571,8,28,64,0.0786516853932584,0.011920630236023,0.356448663063358,0.00112208997979097,0.00777873811581677,0.0911843613576494,520,FALSE
"NPNT",2.55480788841021,"Up",2,0.00232288037166086,0,0.219642857142857,0.0136616166873791,1,2,91,4,0.0112359550561798,0,0.430483101069962,0.0136616085904432,0.000370416100753179,0.0911502161634677,521.5,FALSE
"FRAS1",2.69343531058164,"Up",2,0.00232288037166086,0,0.219642857142857,0.0136616166873791,1,2,91,4,0.0112359550561798,0,0.430483101069962,0.0136616085904432,0.000370416100753179,0.0911502161634677,521.5,FALSE
"EPB41L3",2.62337495638402,"Up",2,0.00232288037166086,0.00232288037166086,0.218916857360793,0.00331550651214219,0,7,128,4,0.0112359550561798,0.0127948348942165,0.427481877443209,0.00331549833027423,0.000370416100753179,0.0910397163649266,523,FALSE
"KDM4C",-1.22461308393866,"Down",2,0.00232288037166086,0.00398341950562934,0.216931216931217,0.00133942858482349,0,16,32,4,0.0112359550561798,0.0219413773996839,0.419273402566621,0.00133942038673374,0.000370416100753179,0.0908321143019943,524,FALSE
"BDKRB1",-1.26275846855244,"Down",1,0.00116144018583043,0,0.223404255319149,0.00424118361789411,0,7,128,1,0,0,0.446032413005318,0.00424117544362512,0,0.0900547176897887,526.5,FALSE
"ADGRF1",-1.82659316029792,"Down",1,0.00116144018583043,0,0.223404255319149,0.00424118361789412,0,7,128,1,0,0,0.446032413005318,0.00424117544362513,0,0.0900547176897887,526.5,FALSE
"CALCRL",1.49777969892943,"Up",1,0.00116144018583043,0,0.223404255319149,0.00424118361789411,0,7,128,1,0,0,0.446032413005318,0.00424117544362512,0,0.0900547176897887,526.5,FALSE
"KCTD12",3.14014530212369,"Up",1,0.00116144018583043,0,0.223404255319149,0.00424118361789411,0,7,128,1,0,0,0.446032413005318,0.00424117544362512,0,0.0900547176897887,526.5,FALSE
"CNGA1",-1.48478478203312,"Down",2,0.00232288037166086,0.00232288037166086,0.218306288032454,0.000851789233475108,0,7,128,4,0.0112359550561798,0.0127948348942165,0.424957833856348,0.000851781031382289,0.000370416100753179,0.0900421641877759,529,FALSE
"HMGCS1",-1.09990049808223,"Down",4,0.00464576074332172,0.0115765875266726,0.199953553181607,0.000852174763013066,0.166666666666667,4,6,16,0.0337078651685393,0.0637658864611766,0.349089131398464,0.000852166560923411,0.0018520805037659,0.0898534260185738,530,FALSE
"AGPAT4",1.0735095603766,"Up",8,0.00929152148664344,0.000134592766803944,0.202397743300423,0.0013095222958057,0.75,8,28,64,0.0786516853932584,0.00074136070467587,0.359193213126991,0.00130951409747046,0.00777873811581677,0.0895349022876425,531,FALSE
"NFASC",1.1202048207511,"Up",5,0.00580720092915215,0.00198917919291011,0.209234507897934,0.000619240364655122,0.4,12,25,25,0.0449438202247191,0.0109567499294413,0.387455837920441,0.00061923216065329,0.00296332880602544,0.0893877938082561,532,FALSE
"MTMR1",-1.05446253259153,"Down",3,0.00348432055749129,0.00010335099637606,0.217204843592331,0.00241100719807445,0.333333333333333,11,52,9,0.0224719101123595,0.000569275521424709,0.420404552768774,0.00241099900878138,0.000987776268675145,0.089368902736003,533,FALSE
"C1RL",1.48127172604261,"Up",1,0.00116144018583043,0,0.221507589400566,0.00802214211969664,0,1,120,1,0,0,0.438191751468581,0.00802213397646586,0,0.0892427770890094,534,FALSE
"LAMP3",1.27196623464663,"Up",1,0.00116144018583043,0,0.220939183987683,0.00719572679293277,0,1,120,1,0,0,0.435842010054239,0.00719571864291787,0,0.0886075457394313,535,FALSE
"ADGRE5",1.44218132526471,"Up",3,0.00348432055749129,0.000190546311123351,0.215142428785607,0.0035564230347061,0.333333333333333,7,128,9,0.0224719101123595,0.00104956269822113,0.411878698906246,0.00355641485481585,0.000987776268675145,0.0879888725680635,536,FALSE
"FCGRT",1.39516546028922,"Up",1,0.00116144018583043,0,0.220656073808303,0.00482196967287798,0,1,120,1,0,0,0.434671655764445,0.00482196150337671,0,0.0878987234535643,537,FALSE
"CFD",2.19479664738465,"Up",2,0.00232288037166086,0,0.217369351173946,0.00615707465419473,1,1,120,4,0.0112359550561798,0,0.421084613635073,0.00615706649565345,0.000370416100753179,0.0877696102575318,538,FALSE
"LMF1",1.11895295906899,"Up",1,0.00116144018583043,0,0.220769230769231,0.00252959562679865,0,8,28,1,0,0,0.43513943737135,0.00252958743847908,0,0.0875338049619659,539.5,FALSE
"PCSK5",-1.68694792308795,"Down",1,0.00116144018583043,0,0.220769230769231,0.00252959562679865,0,8,28,1,0,0,0.43513943737135,0.00252958743847908,0,0.0875338049619659,539.5,FALSE
"BTG1",-1.03794793720777,"Down",1,0.00116144018583043,0,0.220939183987683,0.00181966345002063,0,5,75,1,0,0,0.435842010054239,0.00181965525587317,0,0.0875323330620224,542.5,FALSE
"CCNG2",1.28801259967114,"Up",1,0.00116144018583043,0,0.220939183987683,0.00181966345002063,0,5,75,1,0,0,0.435842010054239,0.00181965525587317,0,0.0875323330620224,542.5,FALSE
"CITED2",1.28529386042653,"Up",1,0.00116144018583043,0,0.220939183987683,0.00181966345002062,0,5,75,1,0,0,0.435842010054239,0.00181965525587317,0,0.0875323330620224,542.5,FALSE
"NLK",-2.06370175075777,"Down",1,0.00116144018583043,0,0.220939183987683,0.00181966345002063,0,5,75,1,0,0,0.435842010054239,0.00181965525587317,0,0.0875323330620224,542.5,FALSE
"CFHR2",1.27706488465795,"Up",2,0.00232288037166086,0,0.217095310136157,0.00578778605984295,1,1,120,4,0.0112359550561798,0,0.419951750433691,0.00578777789827015,0.000370416100753179,0.0874691798977789,545,FALSE
"DAB2",3.56230609917042,"Up",3,0.00348432055749129,0.00289436277412581,0.211599901695748,0.000636680663262347,0,6,36,9,0.0224719101123595,0.0159426607890391,0.397234182112767,0.000636672459403683,0.000987776268675145,0.0874546403484489,546,FALSE
"MAP1B",3.89264011582998,"Up",3,0.00348432055749129,0.00418308047991613,0.209795321637427,0.000543813597397463,0,5,75,9,0.0224719101123595,0.023041145270636,0.38977419597888,0.000543805392776445,0.000987776268675145,0.0873637666046655,547,FALSE
"PLD1",1.2964819779192,"Up",8,0.00929152148664344,0.000661732299952558,0.198753462603878,0.00116380524616822,0.714285714285714,8,28,64,0.0786516853932584,0.00364493825224818,0.344128055258903,0.00116379704663676,0.00777873811581677,0.0870734428133725,548,FALSE
"GYG1",-1.50305102083266,"Down",4,0.00464576074332172,0.0092591092023877,0.199536500579374,0.000365345351101535,0.333333333333333,7,128,16,0.0337078651685393,0.0510008069969467,0.347365070104862,0.000365337145015456,0.0018520805037659,0.0868582319838258,549,FALSE
"PHLDA2",-1.281944846114,"Down",1,0.00116144018583043,0,0.218361653563277,0.0074969081289408,0,10,50,1,0,0,0.425186710425345,0.00749689998139832,0,0.0865367220813487,550,FALSE
"KALRN",1.05960170970246,"Up",3,0.00348432055749129,0.0092591092023877,0.202017832003754,0.000480090589289737,0.333333333333333,6,36,9,0.0224719101123595,0.0510008069969467,0.357622690948056,0.000480082384145612,0.000987776268675145,0.0865126533420366,551,FALSE
"MICB",1.32305425982173,"Up",1,0.00116144018583043,0,0.217644084934277,0.0101311517925026,0,1,120,1,0,0,0.422220340494698,0.0101311436665849,0,0.0864702968322567,552,FALSE
"MUC4",2.33866409034741,"Up",2,0.00232288037166086,0,0.216277317256971,0.0037828468117124,1,14,77,4,0.0112359550561798,0,0.416570234879304,0.00378283863368088,0.000370416100753179,0.0863918889339836,553.5,FALSE
"MUC15",-2.72907048793192,"Down",2,0.00232288037166086,0,0.216277317256971,0.0037828468117124,1,14,77,4,0.0112359550561798,0,0.416570234879304,0.00378283863368088,0.000370416100753179,0.0863918889339836,553.5,FALSE
"PDLIM4",1.52738243851737,"Up",3,0.00348432055749129,0,0.213488718075874,0.00326415681363014,1,14,77,9,0.0224719101123595,0,0.405042394300539,0.00326414863134065,0.000987776268675145,0.0863532458625829,555,FALSE
"COL24A1",1.22902442996667,"Up",1,0.00116144018583043,0,0.216821959204231,0.012721116797288,0,2,91,1,0,0,0.418821740073411,0.0127211086926315,0,0.0863085697532086,556,FALSE
"MTUS2",-2.24475665189252,"Down",2,0.00232288037166086,0,0.216168717047452,0.00380490657741534,1,1,120,4,0.0112359550561798,0,0.416121290509442,0.00380489839956491,0.000370416100753179,0.086306512013188,557,FALSE
"CACNG4",-1.30899781354883,"Down",3,0.00348432055749129,0.000310365249200072,0.213488718075874,0.000617746097401049,0.333333333333333,7,128,9,0.0224719101123595,0.00170954654783964,0.405042394300539,0.00061773789338695,0.000987776268675145,0.08616587302456,558,FALSE
"CDO1",4.42701644291669,"Up",1,0.00116144018583043,0,0.218861209964413,0.00299032352691065,0,14,77,1,0,0,0.427251835665084,0.00299031534237324,0,0.0860484302014915,559,FALSE
"IQGAP2",1.14241255453592,"Up",1,0.00116144018583043,0,0.218195641155601,0.000850201106508697,0,7,128,1,0,0,0.424500428731382,0.00085019290440284,0,0.085070124327157,561,FALSE
"MARCKSL1",1.51809567015545,"Up",1,0.00116144018583043,0,0.218195641155601,0.000850201106508699,0,7,128,1,0,0,0.424500428731382,0.000850192904402843,0,0.085070124327157,561,FALSE
"NFATC4",1.08614332882902,"Up",1,0.00116144018583043,0,0.218195641155601,0.000850201106508697,0,7,128,1,0,0,0.424500428731382,0.00085019290440284,0,0.085070124327157,561,FALSE
"HOMER2",-1.30128836032747,"Down",3,0.00348432055749129,5.23139642730355e-05,0.212278106508876,0.00141345317718608,0.666666666666667,7,128,9,0.0224719101123595,0.000288154544548003,0.400037825253195,0.00141344497970401,0.000987776268675145,0.0850398222316963,563.5,FALSE
"HOMER3",-1.83692040818441,"Down",3,0.00348432055749129,5.23139642730355e-05,0.212278106508876,0.00141345317718608,0.666666666666667,7,128,9,0.0224719101123595,0.000288154544548003,0.400037825253195,0.00141344497970401,0.000987776268675145,0.0850398222316963,563.5,FALSE
"DPYSL4",1.43849787748312,"Up",3,0.00348432055749129,0,0.21248766041461,0.000801973825674968,1,14,77,9,0.0224719101123595,0,0.400904103933307,0.00080196562317321,0.000987776268675145,0.085033151187503,565,FALSE
"ADAMTS1",5.44205305225771,"Up",2,0.00232288037166086,4.7568375793413e-05,0.213913043478261,0.00552457121914079,0,14,77,4,0.0112359550561798,0.00026201500597622,0.406796520754206,0.00552456305540723,0.000370416100753179,0.0848378939945045,566,FALSE
"MYO5B",-1.4318168022097,"Down",1,0.00116144018583043,0,0.217259651778955,0.00336540675434951,0,14,77,1,0,0,0.420631125322514,0.00336539857289119,0,0.084799304779081,567,FALSE
"IRAK3",2.56862834941811,"Up",1,0.00116144018583043,0,0.216060225846926,0.0067127840330655,0,1,120,1,0,0,0.415672796773829,0.00671277587908609,0,0.0844771145305829,568,FALSE
"GAPDHS",1.98400067095675,"Up",2,0.00232288037166086,0,0.214339058999253,0.00220769663398889,1,3,63,4,0.0112359550561798,0,0.408557634019737,0.00220768844302683,0.000370416100753179,0.0844743387239394,569,FALSE
"EVI2B",1.71829841446434,"Up",4,0.00464576074332172,0.00537781560741477,0.200886607559496,0.00209233390874852,0.166666666666667,11,52,16,0.0337078651685393,0.0296219571304116,0.352946301762902,0.00209232571683944,0.0018520805037659,0.0840441060564916,570,FALSE
"HEY2",2.06644897160338,"Up",3,0.00348432055749129,0.0037927918772009,0.205882352941176,0.00204748355855239,0.333333333333333,12,25,9,0.0224719101123595,0.0208913667914002,0.373598303930337,0.00204747536627513,0.000987776268675145,0.0839993664938094,571,FALSE
"GIMAP1",1.99280021167423,"Up",6,0.00696864111498258,0.00116008967398644,0.200652528548124,0.000674422330699828,0.733333333333333,5,75,36,0.0561797752808989,0.00638997858961161,0.351978638305126,0.000674414127150989,0.00432152117545376,0.0839088654956482,572.5,FALSE
"GIMAP7",3.39009832316959,"Up",6,0.00696864111498258,0.00116008967398644,0.200652528548124,0.000674422330699834,0.733333333333333,5,75,36,0.0561797752808989,0.00638997858961161,0.351978638305126,0.000674414127150995,0.00432152117545376,0.0839088654956482,572.5,FALSE
"MAGI2",1.38795035644137,"Up",5,0.00580720092915215,0.00320050710569063,0.200839748075577,0.00059442792437043,0.2,7,128,25,0.0449438202247191,0.0176289577778812,0.352752588495008,0.00059441972016491,0.00296332880602544,0.0837766230047596,574,FALSE
"DSG1",-2.80497808884203,"Down",8,0.00929152148664344,0.00559421439881735,0.188032321467569,0.000778653279276183,0.285714285714286,17,9,64,0.0786516853932584,0.030813919850956,0.299807736053613,0.000778645076582984,0.00777873811581677,0.0835661448980455,575,FALSE
"NCALD",1.12485020061111,"Up",2,0.00232288037166086,0.000373608095364136,0.213066072754269,0.000547881584083974,0,7,128,4,0.0112359550561798,0.00205789930193819,0.403295213163194,0.000547873379496351,0.000370416100753179,0.0835014714003124,576,FALSE
"BCO1",-1.2428049220266,"Down",7,0.00813008130081301,1.0067451927917e-06,0.198524325570671,0.000515663610549318,0.809523809523809,3,63,49,0.0674157303370786,5.54533013385704e-06,0.343180821534024,0.000515655405697215,0.00592665761205087,0.083408882043797,577,FALSE
"CDS1",-1.86300998101267,"Down",7,0.00813008130081301,1.11007981115752e-06,0.198341395991707,0.0011606417349371,0.952380952380952,8,28,49,0.0674157303370786,6.11451544231188e-06,0.342424605639774,0.00116063353537968,0.00592665761205087,0.0833867483279451,578,FALSE
"FBXO45",-1.06294425307988,"Down",2,0.00232288037166086,0.00032404658190633,0.212908011869436,0.000666105947561917,0,5,75,4,0.0112359550561798,0.00178490574207324,0.402641802413295,0.000666097743944807,0.000370416100753179,0.0833398354112492,579,FALSE
"NECTIN4",-1.34933372159796,"Down",2,0.00232288037166086,0,0.212750185322461,0.00169053307861649,1,14,77,4,0.0112359550561798,0,0.401989360396902,0.00169052488340899,0.000370416100753179,0.0830572512874489,580,FALSE
"DCT",4.53552939257668,"Up",4,0.00464576074332172,4.14384815907792e-05,0.20672268907563,0.00107527497831807,0.666666666666667,16,32,16,0.0337078651685393,0.000228250467260162,0.377072184671688,0.00107526677805986,0.0018520805037659,0.0827871295178627,581,FALSE
"GIMAP6",3.10176055110377,"Up",6,0.00696864111498258,6.75255921994436e-06,0.200652528548124,0.000696215685784207,0.733333333333333,5,75,36,0.0561797752808989,3.71942874831875e-05,0.351978638305126,0.000696207482414271,0.00432152117545376,0.0826426673062752,582,FALSE
"GBP4",1.73382731823222,"Up",4,0.00464576074332172,0.000840325245360047,0.205146533238027,0.0018304589261971,0.666666666666667,19,15,16,0.0337078651685393,0.00462865970327013,0.370556485554243,0.00183045073213826,0.0018520805037659,0.0825151083323914,583,FALSE
"PMEPA1",2.20706697129989,"Up",1,0.00116144018583043,0,0.214927608587119,0.00133672987144813,0,2,91,1,0,0,0.410990649803293,0.00133672167333623,0,0.0824654742953259,584,FALSE
"EDNRA",3.70474737879154,"Up",2,0.00232288037166086,0.00105675149131363,0.210359149767896,0.00171828450003563,0,7,128,4,0.0112359550561798,0.00582077364832499,0.392105015282685,0.00171827630505595,0.000370416100753179,0.0822500872785999,585,FALSE
"GLS",-1.35671627496801,"Down",4,0.00464576074332172,0.00306558972265098,0.202160131486264,0.000455920850077423,0.333333333333333,3,63,16,0.0337078651685393,0.0168858090297097,0.358210945351894,0.000455912644734886,0.0018520805037659,0.0822225225397288,586,FALSE
"LIN7A",1.59757986644953,"Up",2,0.00232288037166086,0,0.211860236220472,0.000603749099294841,1,7,128,4,0.0112359550561798,0,0.398310383711947,0.000603740895165839,0.000370416100753179,0.0821040991528091,587,FALSE
"H2BC4",1.61930638396577,"Up",7,0.00813008130081301,0.00127168949258095,0.195105370496261,0.000474366677667312,0.571428571428571,16,32,49,0.0674157303370786,0.00700469007908893,0.329047141329665,0.000474358472476198,0.00592665761205087,0.0819737155660718,588,FALSE
"PLAGL1",3.15338661670323,"Up",2,0.00232288037166086,0,0.210926016658501,0.00346921875381851,1,10,50,4,0.0112359550561798,0,0.39444839657196,0.0034692105732124,0.000370416100753179,0.081904795660421,589,FALSE
"CYP26B1",1.96006321823188,"Up",6,0.00696864111498258,0.000997712032863904,0.198295716259788,0.00040229460980846,0.733333333333333,3,63,36,0.0561797752808989,0.00549557389532694,0.342235769370004,0.000402286404025701,0.00432152117545376,0.0817269852251419,590,FALSE
"H2BC12",1.85335267041223,"Up",6,0.00696864111498258,0.00325206978139237,0.195238095238095,0.000237855485031911,0.266666666666667,16,32,36,0.0561797752808989,0.0179129740924347,0.329595814539889,0.000237847277899257,0.00432152117545376,0.0816495864733152,591,FALSE
"PLSCR1",1.71629382556684,"Up",4,0.00464576074332172,0,0.205097665555026,0.00207338859940768,1,19,15,16,0.0337078651685393,0,0.37035447055585,0.00207338040734307,0.0018520805037659,0.0815975593270997,592,FALSE
"GPRASP1",2.17313323834406,"Up",1,0.00116144018583043,0,0.213541666666667,0.00132280680152681,0,7,128,1,0,0,0.405261279437444,0.00132279860330061,0,0.0813168156081489,593,FALSE
"AVPR1A",1.63619511201953,"Up",2,0.00232288037166086,1.10956338166451e-05,0.21,0.00407400742713295,0,7,128,4,0.0112359550561798,6.11167085755487e-05,0.390620319562958,0.00407399925149159,0.000370416100753179,0.0812723613359916,594,FALSE
"NDFIP2",-1.02101737178551,"Down",2,0.00232288037166086,0.000107603422323182,0.210359149767896,0.0017156923308629,0,6,36,4,0.0112359550561798,0.000592698633762778,0.392105015282685,0.00171568413586193,0.000370416100753179,0.0812039538418486,595,FALSE
"KCNE3",1.87212445783964,"Up",6,0.00696864111498258,0.00138865432008782,0.197115384615385,0.000176957371488808,0.2,7,128,36,0.0561797752808989,0.00764895298416091,0.337356375042203,0.000176949163856237,0.00432152117545376,0.0811367147293145,596,FALSE
"MEIS2",1.10131333204386,"Up",3,0.00348432055749129,0.00279203390826556,0.203835227272727,0.00111399171394272,0,16,32,9,0.0224719101123595,0.0153790153428218,0.365135654112983,0.00111398351400235,0.000987776268675145,0.0810176678701684,597,FALSE
"DOCK4",1.85312764456936,"Up",4,0.00464576074332172,0.0138576020311698,0.186323306643584,0.000292848069188162,0.333333333333333,18,7,16,0.0337078651685393,0.0763301167729974,0.292742808769977,0.000292839862506947,0.0018520805037659,0.0809851422155574,598,FALSE
"ITPKC",-1.00437931482933,"Down",1,0.00116144018583043,0,0.213066072754269,0.000941303768941505,0,11,52,1,0,0,0.403295213163194,0.000941295567583518,0,0.0808473017461556,599,FALSE
"FZD8",-1.77979109423045,"Down",4,0.00464576074332172,0.000386576935197926,0.20354609929078,0.00202949675909465,0.5,13,34,16,0.0337078651685393,0.00212933395973086,0.36394042272034,0.00202948856666973,0.0018520805037659,0.0807318381838091,600,FALSE
"IFITM2",3.26611486993929,"Up",3,0.00348432055749129,0,0.206921413121846,0.00207213313739141,1,19,15,9,0.0224719101123595,0,0.377893693599708,0.0020721249453165,0.000987776268675145,0.0806851009852118,601,FALSE
"CHL1",-1.3285328676664,"Down",1,0.00116144018583043,0,0.211340206185567,0.00492297945013135,0,10,50,1,0,0,0.39616062214736,0.00492297128145928,0,0.0802167186857639,602.5,FALSE
"PLXNC1",3.53532172297995,"Up",1,0.00116144018583043,0,0.211340206185567,0.00492297945013135,0,10,50,1,0,0,0.39616062214736,0.00492297128145928,0,0.0802167186857639,602.5,FALSE
"GIMAP4",2.09769981996191,"Up",5,0.00580720092915215,0,0.200605778191985,0.000672011559405286,1,5,75,25,0.0449438202247191,0,0.351785376162533,0.000672003355836656,0.00296332880602544,0.0800729057098229,604.5,FALSE
"GIMAP8",2.32757619402708,"Up",5,0.00580720092915215,0,0.200605778191985,0.000672011559405287,1,5,75,25,0.0449438202247191,0,0.351785376162533,0.000672003355836658,0.00296332880602544,0.0800729057098229,604.5,FALSE
"CA6",-3.0945299321191,"Down",1,0.00116144018583043,0,0.211756025577964,0.00190713078695794,0,3,63,1,0,0,0.397879585452521,0.00190712259352851,0,0.0799573416092099,606.5,FALSE
"CLEC3B",2.02772134158668,"Up",1,0.00116144018583043,0,0.211756025577964,0.00190713078695794,0,3,63,1,0,0,0.397879585452521,0.00190712259352851,0,0.0799573416092099,606.5,FALSE
"EPS8",3.15151865195587,"Up",4,0.00464576074332172,0.00880466598795003,0.191844919786096,0.000101588061621562,0.166666666666667,9,9,16,0.0337078651685393,0.0484976535980613,0.315568705182767,0.000101579853370277,0.0018520805037659,0.0799455768613007,608,FALSE
"DAAM1",-1.51077361743902,"Down",5,0.00580720092915215,0.00350447674012078,0.195637355146558,0.000373207346220142,0.3,13,34,25,0.0449438202247191,0.0193032761512412,0.331246322294983,0.000373199140198604,0.00296332880602544,0.0797659893234334,609,FALSE
"HSPA12B",1.33891346836494,"Up",2,0.00232288037166086,0.00232288037166086,0.205833134114272,0.000553910046115378,0,7,128,4,0.0112359550561798,0.0127948348942165,0.373394837331812,0.000553901841577243,0.000370416100753179,0.0796699890449077,610,FALSE
"CRLF1",-1.50235979144678,"Down",1,0.00116144018583043,0,0.211029411764706,0.0027969226869439,0,1,120,1,0,0,0.394875823471113,0.00279691450081884,0,0.0795345475943864,611,FALSE
"COBL",-1.13093733358522,"Down",1,0.00116144018583043,0,0.210874357090375,0.00300910716667013,0,10,50,1,0,0,0.394234840149164,0.00300909898228692,0,0.0794487878262903,612,FALSE
"MNDA",1.72868962297771,"Up",2,0.00232288037166086,1.68020822748965e-05,0.208121827411168,0.00184257106191794,0,11,52,4,0.0112359550561798,9.25488334264201e-05,0.382856107936476,0.00184256286795853,0.000370416100753179,0.0792795181589588,613,FALSE
"EMP3",2.11611172473032,"Up",1,0.00116144018583043,0,0.210616438356164,0.00275181166921214,0,2,91,1,0,0,0.393168625230072,0.00275180348271677,0,0.0791840857425578,614,FALSE
"MLANA",3.77290282052496,"Up",3,0.00348432055749129,0,0.205097665555026,0.00100632328530789,1,16,32,9,0.0224719101123595,0,0.37035447055585,0.00100631508448365,0.000987776268675145,0.0789640944042737,615.5,FALSE
"PMEL",2.30873390827535,"Up",3,0.00348432055749129,0,0.205097665555026,0.00100632328530789,1,16,32,9,0.0224719101123595,0,0.37035447055585,0.00100631508448365,0.000987776268675145,0.0789640944042737,615.5,FALSE
"ARPC1B",1.07337983163911,"Up",2,0.00232288037166086,0.000134352765576597,0.207569913211186,0.00155672469379392,0,11,52,4,0.0112359550561798,0.000740038735574159,0.380574539845346,0.00155671649748797,0.000370416100753179,0.0788955332470681,617,FALSE
"PODXL",1.63545438020204,"Up",2,0.00232288037166086,8.70329855015051e-06,0.207320009631592,0.00302258197113058,0,14,77,4,0.0112359550561798,4.79393038672194e-05,0.379541458918851,0.00302257378685799,0.000370416100753179,0.0788436686333019,618,FALSE
"BTNL9",2.04078850269378,"Up",2,0.00232288037166086,1.49247863539995e-05,0.207419898819562,0.00188859875911758,0,11,52,4,0.0112359550561798,8.22083562978935e-05,0.379954392639217,0.00188859056553601,0.000370416100753179,0.0787063125435969,619,FALSE
"MAP1A",1.2318342415879,"Up",2,0.00232288037166086,0.00319568127194108,0.203161868806041,0.000630397014762583,0,5,75,4,0.0112359550561798,0.0176023762342057,0.362352045371739,0.000630388810852336,0.000370416100753179,0.078438236314746,620,FALSE
"LEPROT",3.26665127273548,"Up",1,0.00116144018583043,0,0.209183673469388,0.00318292026408144,0,1,120,1,0,0,0.387245692557074,0.00318291208112507,0,0.0780857209276398,621,FALSE
"FOLR2",1.01170290007133,"Up",1,0.00116144018583043,0,0.208424110384895,0.00359951864492027,0,1,120,1,0,0,0.38410572098751,0.0035995104653838,0,0.0775410462905788,622,FALSE
"FOSL1",-1.13536288536184,"Down",2,0.00232288037166086,0,0.206128800574575,0.000756492952046209,1,5,75,4,0.0112359550561798,0,0.374617098258361,0.000756484749171094,0.000370416100753179,0.077395990832893,623,FALSE
"PLXDC1",1.42136615452887,"Up",1,0.00116144018583043,0,0.208626120668767,0.00186794271878106,0,2,91,1,0,0,0.384940814952801,0.00186793452502993,0,0.0773617498955661,624,FALSE
"IL17D",1.02233439092938,"Up",2,0.00232288037166086,6.75255921994436e-07,0.204902427415516,0.00514854040212847,0,1,120,4,0.0112359550561798,3.71942874831875e-06,0.369547372080594,0.00514853223530805,0.000370416100753179,0.0772611989803167,625,FALSE
"MAB21L1",-3.31543307200509,"Down",3,0.00348432055749129,0.000938857298608367,0.201686577652846,0.000180272305805389,0.333333333333333,7,128,9,0.0224719101123595,0.00517139163577986,0.356253312597027,0.00018026409820003,0.000987776268675145,0.0770129309424084,626,FALSE
"FZD1",1.22187943628683,"Up",4,0.00464576074332172,0.000619552184392403,0.198983129188814,0.000977566273425869,0.5,13,34,16,0.0337078651685393,0.00341260273424418,0.34507747810725,0.000977558072365564,0.0018520805037659,0.0770055169172329,627,FALSE
"ELP4",-1.10258770834495,"Down",3,0.00348432055749129,0.000506162900671105,0.201639344262295,0.00116467360864659,0.333333333333333,16,32,9,0.0224719101123595,0.00278803455514756,0.356058053629744,0.00116466540912227,0.000987776268675145,0.0766940879950098,628,FALSE
"E2F3",1.24838907748493,"Up",1,0.00116144018583043,0,0.20777027027027,0.0013052299108408,0,5,75,1,0,0,0.381402799514792,0.00130522171247031,0,0.0765416042454524,629,FALSE
"AXIN2",1.45413333247369,"Up",3,0.00348432055749129,0.0024528274132874,0.198845265588915,0.000848644868230748,0,13,34,9,0.0224719101123595,0.0135106061250073,0.344507561278745,0.000848636666112116,0.000987776268675145,0.0764652980901799,630,FALSE
"GULP1",2.80203386899325,"Up",2,0.00232288037166086,0.000470822284920507,0.204173583115959,0.00113836522609492,0,1,120,4,0.0112359550561798,0.00259337220873257,0.36653438945154,0.00113835702635463,0.000370416100753179,0.0763744979687121,631,FALSE
"H2BC10",1.6563363117707,"Up",6,0.00696864111498258,0.000814114210105888,0.192016057091882,0.000464922301247661,0.8,16,32,36,0.0561797752808989,0.00448428469688801,0.316276172785696,0.000464914095979018,0.00432152117545376,0.0763453336069831,632.5,FALSE
"H2BC8",1.63174678597165,"Up",6,0.00696864111498258,0.000814114210105888,0.192016057091882,0.000464922301247663,0.8,16,32,36,0.0561797752808989,0.00448428469688801,0.316276172785696,0.00046491409597902,0.00432152117545376,0.0763453336069831,632.5,FALSE
"PLXDC2",-1.8748811409866,"Down",1,0.00116144018583043,0,0.207469879518072,0.00150392035188149,0,11,52,1,0,0,0.380161008752552,0.00150391215514207,0,0.0763329841815389,634,FALSE
"ALOX5AP",1.39911617866907,"Up",4,0.00464576074332172,0.000389513205286927,0.198341395991707,0.0010045502955553,0.333333333333333,3,63,16,0.0337078651685393,0.00214550745340359,0.342424605639774,0.00100454209471651,0.0018520805037659,0.0762269201720399,635,FALSE
"LSP1",1.54689553516156,"Up",2,0.00232288037166086,0.00232288037166086,0.201168224299065,0.00110658729720119,0,11,52,4,0.0112359550561798,0.0127948348942165,0.35411048229486,0.00110657909720003,0.000370416100753179,0.075923653488642,636,FALSE
"ENPP2",3.52801107060752,"Up",2,0.00232288037166086,0,0.204076795449159,0.00167486096566024,1,7,128,4,0.0112359550561798,0,0.366134277165619,0.00167485277032408,0.000370416100753179,0.0758831002185751,637,FALSE
"AK7",-1.09784042776564,"Down",3,0.00348432055749129,0,0.201262272089762,0.000848853351064064,1,7,128,9,0.0224719101123595,0,0.354499268157411,0.000848845148947144,0.000987776268675145,0.0757615599374785,638,FALSE
"PKP1",-1.54643957559069,"Down",7,0.00813008130081301,0.00360932265133393,0.184368308351178,0.000212646430214219,0.380952380952381,17,9,49,0.0674157303370786,0.0198807859273244,0.284661005978315,0.000212638222874622,0.00592665761205087,0.0756193636155287,639,FALSE
"NOTCH2",1.49628376315008,"Up",5,0.00580720092915215,0.00522821341997497,0.188320209973753,0.000299367046197398,0.1,12,25,25,0.0449438202247191,0.028797921888882,0.300997843554987,0.000299358839569698,0.00296332880602544,0.0756004546628366,640,FALSE
"ARRDC1",-1.14401026046104,"Down",2,0.00232288037166086,0.0013255567828237,0.201309328968903,0.00104517251755892,0,6,36,4,0.0112359550561798,0.00730140061711894,0.354693797440988,0.0010451643170536,0.000370416100753179,0.0749293467064186,641,FALSE
"DUSP4",1.44237636618177,"Up",1,0.00116144018583043,0,0.205440229062276,0.000684746028927105,0,5,75,1,0,0,0.371770600032776,0.000684737825463014,0,0.0744910675716478,642.5,FALSE
"ELK4",-1.11434987928775,"Down",1,0.00116144018583043,0,0.205440229062276,0.000684746028927106,0,5,75,1,0,0,0.371770600032776,0.000684737825463014,0,0.0744910675716478,642.5,FALSE
"IL31RA",-1.14965449487404,"Down",1,0.00116144018583043,0,0.204804947668887,0.00233443527770037,0,1,120,1,0,0,0.369144398793353,0.00233442708777872,0,0.0742957651762263,644,FALSE
"ARHGAP31",1.88922218383836,"Up",2,0.00232288037166086,0,0.20182841068917,0.000479230921243979,1,6,36,4,0.0112359550561798,0,0.356839638750542,0.000479222716092797,0.000370416100753179,0.0737850465247135,645,FALSE
"FBXO15",-1.39035006901887,"Down",1,0.00116144018583043,0,0.204270462633452,0.00106984249312476,0,5,75,1,0,0,0.366934881440699,0.00106983429282196,0,0.0736009431467042,646.5,FALSE
"MYCL",-1.12022205916927,"Down",1,0.00116144018583043,0,0.204270462633452,0.00106984249312476,0,5,75,1,0,0,0.366934881440699,0.00106983429282196,0,0.0736009431467042,646.5,FALSE
"BCL11B",1.31300276498879,"Up",2,0.00232288037166086,0.00232288037166086,0.198341395991707,0.00110619312497417,0,16,32,4,0.0112359550561798,0.0127948348942165,0.342424605639774,0.00110618492496977,0.000370416100753179,0.0735863993231787,648,FALSE
"FRZB",2.64657974781081,"Up",4,0.00464576074332172,0.000299870158505966,0.194312796208531,0.00491983858556287,0.333333333333333,13,34,16,0.0337078651685393,0.00165173773673203,0.325770704150124,0.00491983041686501,0.0018520805037659,0.0735804435952052,649,FALSE
"ADGRL4",4.07022766826093,"Up",1,0.00116144018583043,0,0.203980099502488,0.0015266169742854,0,14,77,1,0,0,0.365734544043199,0.0015266087777323,0,0.0734522305641862,650,FALSE
"GIMAP1-GIMAP5",1.70032599184035,"Up",2,0.00232288037166086,0,0.200418994413408,0.000584752213645094,1,5,75,4,0.0112359550561798,0,0.35101322732281,0.000584744009360145,0.000370416100753179,0.0726408684978206,651,FALSE
"GMFG",1.58226144548265,"Up",2,0.00232288037166086,1.81098953245361e-05,0.200186003255057,0.00122290606134617,0,11,52,4,0.0112359550561798,9.97524984307773e-05,0.350050060960309,0.00122289786229988,0.000370416100753179,0.0725958164955945,652,FALSE
"ASAP1",1.30120715622932,"Up",1,0.00116144018583043,0,0.202826855123675,0.000331226610102985,0,12,25,1,0,0,0.360967126252421,0.000331218403736823,0,0.0722596689312315,653,FALSE
"MICAL2",-1.82221736994609,"Down",1,0.00116144018583043,0,0.202731339769249,0.000669146649630061,0,14,77,1,0,0,0.36057227360163,0.000669138446037913,0,0.0722482824095337,654,FALSE
"AGL",-1.54476492542594,"Down",2,0.00232288037166086,0,0.19935170178282,0.000363977793130758,1,7,128,4,0.0112359550561798,0,0.346601127018216,0.000363969587033453,0.000370416100753179,0.0717142935524365,655,FALSE
"AMOTL1",1.21934355483499,"Up",3,0.00348432055749129,0.00103059225653315,0.194928684627575,0.00108618748585391,0.333333333333333,14,77,9,0.0224719101123595,0.00567668396809065,0.328316736422234,0.00108617928568528,0.000987776268675145,0.0717078572114089,656,FALSE
"PLA2G5",1.24123201004887,"Up",3,0.00348432055749129,0.000976030938053771,0.194796380090498,0.000712713900834563,0.333333333333333,8,28,9,0.0224719101123595,0.00537615060009148,0.327769800304051,0.000712705697600063,0.000987776268675145,0.0714636685965554,657,FALSE
"DCDC1",-4.09810017479122,"Down",2,0.00232288037166086,0,0.198799353498037,0.00115442057205333,1,16,32,4,0.0112359550561798,0,0.344317764456076,0.00115441237244484,0.000370416100753179,0.0714157095970908,658,FALSE
"BCL2L13",-1.44504732509615,"Down",1,0.00116144018583043,0,0.201592132989932,0.000628199551864456,0,5,75,1,0,0,0.355862886097239,0.00062819134793617,0,0.0712982154890351,659,FALSE
"BHLHE41",-1.70806666434734,"Down",4,0.00464576074332172,0.00348161953380331,0.188114485470832,0.000123856425497177,0.333333333333333,5,75,16,0.0337078651685393,0.0191773746263315,0.300147395312409,0.000123848217428695,0.0018520805037659,0.0710017127656949,660,FALSE
"PLA2G2A",3.64561280285259,"Up",3,0.00348432055749129,0.000470790757131751,0.194796380090498,0.000739261024022716,0.333333333333333,8,28,9,0.0224719101123595,0.0025931985481099,0.327769800304051,0.000739252821006144,0.000987776268675145,0.0709123876108403,661,FALSE
"PLA2G4C",1.24805400325404,"Up",3,0.00348432055749129,0.000509565034327174,0.194664255030522,0.000737263646754491,0.333333333333333,8,28,9,0.0224719101123595,0.00280677410753628,0.327223606129505,0.000737255443721521,0.000987776268675145,0.0708454644123596,662,FALSE
"CNRIP1",2.53538550059017,"Up",1,0.00116144018583043,0,0.200980392156863,0.000733852327193904,0,7,128,1,0,0,0.353333999605789,0.000733844124132931,0,0.0708135687459844,663,FALSE
"GRP",1.96488267403729,"Up",1,0.00116144018583043,0,0.200372352804282,0.00100396018739263,0,14,77,1,0,0,0.350820414731462,0.00100395198654899,0,0.0703648733436021,664,FALSE
"GLYR1",1.38809886871152,"Up",4,0.00464576074332172,0.00209651511449971,0.188981562774363,0.000105323092095376,0.166666666666667,16,32,16,0.0337078651685393,0.0115479751219705,0.303731821856148,0.000105314883874753,0.0018520805037659,0.0701890115068597,665,FALSE
"CNTN4",-3.68621712226523,"Down",3,0.00348432055749129,7.71721053707927e-07,0.194444444444444,0.000381438674050484,0.666666666666667,7,128,9,0.0224719101123595,4.25077571236428e-06,0.326314927173058,0.000381430468096517,0.000987776268675145,0.0700320589595803,666,FALSE
"ATXN7",-1.08828770157972,"Down",3,0.00348432055749129,0.000526344675964984,0.193657219973009,0.000228168533391017,0.333333333333333,16,32,9,0.0224719101123595,0.00289919933397461,0.323060605695836,0.000228160326178843,0.000987776268675145,0.0699295303474048,667,FALSE
"KCNJ8",1.68728459875273,"Up",3,0.00348432055749129,0.00292607611025142,0.190318302387268,8.14386434743034e-05,0.333333333333333,7,128,9,0.0224719101123595,0.0161173434393479,0.309257793913137,8.14304350576104e-05,0.000987776268675145,0.0697832508337155,668,FALSE
"HS6ST2",-2.81285797436017,"Down",1,0.00116144018583043,0,0.199444058373871,0.00153143976535258,0,14,77,1,0,0,0.346982921599971,0.00153143156883907,0,0.0697028706337621,669,FALSE
"OSR2",5.35001196323198,"Up",3,0.00348432055749129,0.004779664951359,0.1875,0.000999303840508754,0,13,34,9,0.0224719101123595,0.0263272377899452,0.297607162713281,0.000999295639626895,0.000987776268675145,0.0696786765047775,670,FALSE
"BAIAP2",-1.05125754975366,"Down",3,0.00348432055749129,0.00194612497815897,0.191290824261275,0.000160369364652295,0.333333333333333,9,9,9,0.0224719101123595,0.010719599718883,0.313278119673439,0.000160361156883551,0.000987776268675145,0.0695235533860481,671,FALSE
"ATP1A2",2.42342060747699,"Up",3,0.00348432055749129,0.00464035869594576,0.187704381948986,7.03235128690304e-05,0.333333333333333,15,5,9,0.0224719101123595,0.0255599143584464,0.298452060947872,7.03153043610924e-05,0.000987776268675145,0.0695083953983428,672,FALSE
"NMRK1",-1.56585879338889,"Down",1,0.00116144018583043,0,0.199121184088807,0.000348202402489186,0,7,128,1,0,0,0.345648185754665,0.000348194196262379,0,0.0691992759901855,673.5,FALSE
"PANK1",-1.28849112103175,"Down",1,0.00116144018583043,0,0.199121184088807,0.000348202402489184,0,7,128,1,0,0,0.345648185754665,0.000348194196262378,0,0.0691992759901855,673.5,FALSE
"MAP3K20",1.39759524654331,"Up",1,0.00116144018583043,0,0.198524325570671,0.000460354788687516,0,5,75,1,0,0,0.343180821534024,0.000460346583381378,0,0.0687282336234811,675,FALSE
"COTL1",1.56964097160792,"Up",2,0.00232288037166086,0,0.194884563150747,0.000743431202720857,1,3,63,4,0.0112359550561798,0,0.32813434185136,0.000743422999738518,0.000370416100753179,0.0680968272016062,676.5,FALSE
"CYSLTR1",1.81575105157414,"Up",2,0.00232288037166086,0,0.194884563150747,0.000743431202720859,1,3,63,4,0.0112359550561798,0,0.32813434185136,0.00074342299973852,0.000370416100753179,0.0680968272016062,676.5,FALSE
"DKK2",1.93107225680095,"Up",4,0.00464576074332172,4.87272333716577e-05,0.188443860801051,0.00100172624261725,0.666666666666667,13,34,16,0.0337078651685393,0.000268398197965117,0.301509005945831,0.00100171804175527,0.0018520805037659,0.0676678135715713,678,FALSE
"ERCC6",-1.24824985925035,"Down",2,0.00232288037166086,0.000457058746755501,0.1931792685663,0.000247705112369348,0,16,32,4,0.0112359550561798,0.00251756021232933,0.321084793733224,0.000247696905317551,0.000370416100753179,0.0670912844015607,679,FALSE
"KCNE4",3.38092690054089,"Up",3,0.00348432055749129,0.000389789044874422,0.190360380278576,9.42101547263361e-05,0.333333333333333,7,128,9,0.0224719101123595,0.00214702682651568,0.309431740468878,9.42019464144856e-05,0.000987776268675145,0.0670265311245685,680,FALSE
"FOXN2",1.62904410464628,"Up",1,0.00116144018583043,0,0.196127562642369,0.000581909667521738,0,1,120,1,0,0,0.333272799925951,0.000581901463213454,0,0.0667709402778329,681,FALSE
"MAP1LC3C",1.76718855313298,"Up",4,0.00464576074332172,0.00475407785368262,0.181072555205047,5.08914721852301e-05,0,5,75,16,0.0337078651685393,0.0261862995418178,0.271036632453033,5.08832635177729e-05,0.0018520805037659,0.0665667521861348,682,FALSE
"FLI1",2.76789026899215,"Up",2,0.00232288037166086,7.40459195179711e-05,0.192962796952039,0.000273918450290446,0,5,75,4,0.0112359550561798,0.000407857988031251,0.320189917812747,0.000273910243453836,0.000370416100753179,0.0664956114402329,683,FALSE
"ODC1",-1.4794459232498,"Down",3,0.00348432055749129,0.00310730038742483,0.185560344827586,0.000220061760690848,0,3,63,9,0.0224719101123595,0.0171155587299612,0.289588787122791,0.000220053553412124,0.000987776268675145,0.0660768171574399,684,FALSE
"BHLHE40",-1.34317371590322,"Down",3,0.00348432055749129,0.00115873916214245,0.188073394495413,0.000123635058631312,0.666666666666667,5,75,9,0.0224719101123595,0.00638253973211497,0.299977528586106,0.000123626850561013,0.000987776268675145,0.0659886763099634,685,FALSE
"GLRB",1.0547182511881,"Up",1,0.00116144018583043,0,0.194532309082693,9.11861769859093e-05,0,7,128,1,0,0,0.326678152389901,9.11779686492347e-05,0,0.06535386607171,686,FALSE
"CELSR1",-1.02649874836065,"Down",4,0.00464576074332172,0.0018749697916295,0.183269476372925,0.000193484947424524,0.5,13,34,16,0.0337078651685393,0.0103276643981412,0.280118524594106,0.000193476739927629,0.0018520805037659,0.0652399222808961,687,FALSE
"ARL4A",1.40940324708507,"Up",2,0.00232288037166086,0.00388926161485247,0.18624269954575,0.000291818573598154,0,11,52,4,0.0112359550561798,0.0214227391257652,0.292409585630687,0.000291810366908488,0.000370416100753179,0.0651461012560587,688,FALSE
"ALDH1L1",1.07966152467096,"Up",1,0.00116144018583043,0,0.194225129709001,0.000290753537852056,0,3,63,1,0,0,0.325408298022512,0.000290745331153647,0,0.0651398086707331,689.5,FALSE
"PLPPR4",2.17207892799488,"Up",1,0.00116144018583043,0,0.194225129709001,0.000290753537852057,0,3,63,1,0,0,0.325408298022512,0.000290745331153648,0,0.0651398086707331,689.5,FALSE
"ABAT",-1.40553019280796,"Down",2,0.00232288037166086,1.25136916534963e-05,0.191163410301954,0.00014925141006173,0,3,63,4,0.0112359550561798,6.89276213174686e-05,0.312751400803074,0.000149243202201718,0.000370416100753179,0.0649151885567053,691,FALSE
"DSC3",-1.3880514498765,"Down",4,0.00464576074332172,0.000536636445927978,0.184249946501177,0.000202216572310443,0.833333333333333,17,9,16,0.0337078651685393,0.00295588821862501,0.284171707786353,0.000202208364885226,0.0018520805037659,0.0645779500084338,692,FALSE
"PLCD4",-1.34620541341703,"Down",1,0.00116144018583043,0,0.193352795867954,0.000755878830367262,0,11,52,1,0,0,0.321802141383288,0.000755870627487106,0,0.064511602402155,693,FALSE
"NPTX2",2.68406103327341,"Up",1,0.00116144018583043,0,0.192789968652038,0.000177745456394163,0,7,128,1,0,0,0.319475459778252,0.000177737248768061,0,0.063930639405404,694,FALSE
"PRICKLE1",1.96914907369171,"Up",4,0.00464576074332172,0.000525968108504075,0.183464734711272,0.000194941431637994,0.5,13,34,16,0.0337078651685393,0.00289712513396515,0.280925706569703,0.000194933224153055,0.0018520805037659,0.0639155421200253,695,FALSE
"LDB3",1.57393290919521,"Up",3,0.00348432055749129,0.00449515656951625,0.180844360428481,0.000118655600440157,0,7,128,9,0.0224719101123595,0.0247601154292289,0.270093293939922,0.000118647392328981,0.000987776268675145,0.0636863486285029,696,FALSE
"CCBE1",2.3400986628424,"Up",1,0.00116144018583043,0,0.191333333333333,0.00497298722911901,0,2,91,1,0,0,0.313453848695078,0.00497297906085745,0,0.063685365551187,697,FALSE
"CACHD1",1.75002840962516,"Up",1,0.00116144018583043,0,0.192488262910798,0.0001132801403551,0,7,128,1,0,0,0.318228232959036,0.000113271932199796,0,0.0636683009782472,698,FALSE
"KCNJ2",1.91411651280853,"Up",2,0.00232288037166086,0.000206157799139531,0.189023051591658,0.000112312206434204,0,7,128,4,0.0112359550561798,0.00113555352842357,0.303903333228169,0.000112303998270955,0.000370416100753179,0.0633515123823594,699,FALSE
"KDM1B",-1.06391049691035,"Down",3,0.00348432055749129,0.00255284049161502,0.182841367593969,6.25000298275208e-05,0,16,32,9,0.0224719101123595,0.0140614958049391,0.27834875797163,6.24918212553591e-05,0.000987776268675145,0.0631864863957718,700,FALSE
"INHBA",2.16872994664288,"Up",3,0.00348432055749129,4.05153553196662e-06,0.185600344901919,0.00179224903932302,0.333333333333333,13,34,9,0.0224719101123595,2.23165724899125e-05,0.289754144153363,0.00179224084495051,0.000987776268675145,0.0630056775903677,701,FALSE
"GJB3",-1.14771838225026,"Down",3,0.00348432055749129,1.35051184398887e-06,0.185880829015544,0.000271714870201189,0.666666666666667,6,36,9,0.0224719101123595,7.4388574966375e-06,0.290913642502452,0.00027170666334649,0.000987776268675145,0.062930494880866,702,FALSE
"GJB4",-1.09463876001177,"Down",3,0.00348432055749129,1.35051184398887e-06,0.185880829015544,0.000271249339334928,0.666666666666667,6,36,9,0.0224719101123595,7.4388574966375e-06,0.290913642502452,0.000271241132476408,0.000987776268675145,0.062930401774692,703.5,FALSE
"GJB6",-2.35694083741799,"Down",3,0.00348432055749129,1.35051184398887e-06,0.185880829015544,0.000271249339334931,0.666666666666667,6,36,9,0.0224719101123595,7.4388574966375e-06,0.290913642502452,0.00027124113247641,0.000987776268675145,0.062930401774692,703.5,FALSE
"CYB5R3",1.56042881316789,"Up",1,0.00116144018583043,0,0.191248334073745,0.000223914919354083,0,14,77,1,0,0,0.313102468718891,0.00022390671210699,0,0.0626652750861996,705,FALSE
"IRF6",-1.27030379015225,"Down",2,0.00232288037166086,0.00232288037166086,0.184843280377845,0.000701142143111582,0,13,34,4,0.0112359550561798,0.0127948348942165,0.286624501427896,0.000701133939782088,0.000370416100753179,0.0623453682837655,706,FALSE
"MECOM",2.80660107668123,"Up",1,0.00116144018583043,0,0.190444591904446,0.000197415212440602,0,16,32,1,0,0,0.309779864431793,0.000197407004975971,0,0.0619954542873537,707,FALSE
"ATP1B3",-1.02654643753804,"Down",2,0.00232288037166086,0,0.187622575724559,7.01975898545783e-05,1,15,5,4,0.0112359550561798,0,0.298113880717474,7.01893813456066e-05,0.000370416100753179,0.0619580882511505,708,FALSE
"HEPH",1.78196292035888,"Up",1,0.00116144018583043,0,0.190192180251822,0.000588759493001842,0,1,120,1,0,0,0.308736415336852,0.000588751288749789,0,0.0618650333251204,709.5,FALSE
"HFE",1.00807454527056,"Up",1,0.00116144018583043,0,0.190192180251822,0.000588759493001842,0,1,120,1,0,0,0.308736415336852,0.000588751288749789,0,0.0618650333251204,709.5,FALSE
"ABCB1",1.69398206968944,"Up",1,0.00116144018583043,0,0.190066225165563,0.000974773203249212,0,1,120,1,0,0,0.308215727328218,0.000974765002165979,0,0.0618380984660768,712,FALSE
"OLFML3",2.33206029370724,"Up",1,0.00116144018583043,0,0.190066225165563,0.000974773203249214,0,1,120,1,0,0,0.308215727328218,0.000974765002165981,0,0.0618380984660768,712,FALSE
"P2RY14",3.37837146208986,"Up",1,0.00116144018583043,0,0.190066225165563,0.000974773203249212,0,1,120,1,0,0,0.308215727328218,0.000974765002165978,0,0.0618380984660768,712,FALSE
"KLF15",1.34430227051607,"Up",1,0.00116144018583043,0,0.190192180251822,0.000331181786496376,0,14,77,1,0,0,0.308736415336852,0.000331173580129846,0,0.0618135177833965,714,FALSE
"CHSY3",1.16281257489712,"Up",3,0.00348432055749129,0.00464035869594576,0.178187086092715,0.000157193760831754,0.333333333333333,14,77,9,0.0224719101123595,0.0255599143584464,0.259108339513911,0.000157185553036941,0.000987776268675145,0.0616570251612859,715,FALSE
"DSC1",-2.30695136263816,"Down",3,0.00348432055749129,0,0.184210526315789,0.000199991308926637,1,17,9,9,0.0224719101123595,0,0.284008747969176,0.000199983101483153,0.000987776268675145,0.0615336834903388,716,FALSE
"CLIC4",3.7426670334671,"Up",3,0.00348432055749129,0.00232288037166086,0.180806383872323,0.000153424964359425,0.333333333333333,14,77,9,0.0224719101123595,0.0127948348942165,0.269936301967717,0.000153416756533674,0.000987776268675145,0.0612688479999004,717,FALSE
"CERS3",-1.11409829878943,"Down",3,0.00348432055749129,0,0.183074633212843,0.000182557258574038,1,8,28,9,0.0224719101123595,0,0.27931305893145,0.000182549050987437,0.000987776268675145,0.0605910588726944,719,FALSE
"DEGS1",1.71259150224421,"Up",3,0.00348432055749129,0,0.183074633212843,0.000182557258574033,1,8,28,9,0.0224719101123595,0,0.27931305893145,0.000182549050987431,0.000987776268675145,0.0605910588726944,719,FALSE
"CERS6",-1.19448526542576,"Down",3,0.00348432055749129,0,0.183074633212843,0.000182557258574035,1,8,28,9,0.0224719101123595,0,0.27931305893145,0.000182549050987433,0.000987776268675145,0.0605910588726944,719,FALSE
"GJA3",-1.04351106430202,"Down",2,0.00232288037166086,0,0.185840707964602,0.000260002488268924,1,6,36,4,0.0112359550561798,0,0.290747785364485,0.000259994281318077,0.000370416100753179,0.0605228301605471,721.5,FALSE
"GJC1",2.68786358675328,"Up",2,0.00232288037166086,0,0.185840707964602,0.000260002488268926,1,6,36,4,0.0112359550561798,0,0.290747785364485,0.000259994281318079,0.000370416100753179,0.0605228301605471,721.5,FALSE
"ABHD6",-1.13996894099975,"Down",1,0.00116144018583043,0,0.188567674113009,0.000159417208942542,0,8,28,1,0,0,0.302020840034955,0.000159409001165982,0,0.0604360498072242,723.5,FALSE
"NAAA",1.53175063694527,"Up",1,0.00116144018583043,0,0.188567674113009,0.000159417208942543,0,8,28,1,0,0,0.302020840034955,0.000159409001165982,0,0.0604360498072242,723.5,FALSE
"INHBB",1.16129808928558,"Up",2,0.00232288037166086,0,0.185560344827586,0.000975862550865235,1,13,34,4,0.0112359550561798,0,0.289588787122791,0.000975854349790944,0.000370416100753179,0.0604342025259031,725,FALSE
"HSD11B1",1.66829371547043,"Up",1,0.00116144018583043,0,0.188526384935406,0.000300565847030952,0,3,63,1,0,0,0.301850153957062,0.000300557640413093,0,0.0604301423194951,726,FALSE
"GCNT2",1.4004769406848,"Up",2,0.00232288037166086,0.00695243497285471,0.176434426229508,0.000152202317097435,0,12,25,4,0.0112359550561798,0.0382952383926898,0.25186298721344,0.000152194109261647,0.000370416100753179,0.0603833581744648,727,FALSE
"ADGRA2",3.29291538005412,"Up",2,0.00232288037166086,0.0017268948445586,0.182996811902232,0.000158597654152169,0,5,75,4,0.0112359550561798,0.00951204146600233,0.278991352008333,0.000158589446368881,0.000370416100753179,0.0600536708155274,728,FALSE
"DBP",-1.12703985983342,"Down",1,0.00116144018583043,0,0.187909209951986,0.000117825575333779,0,5,75,1,0,0,0.299298803133215,0.000117817367215789,0,0.0598833241000862,729,FALSE
"LPCAT2",2.3295631387722,"Up",5,0.00580720092915215,0.000250216142232839,0.175750153092468,0.000170708666343938,0.3,8,28,25,0.0449438202247191,0.00137823465504076,0.24903425811906,0.00017070045866007,0.00296332880602544,0.059698068452701,730,FALSE
"LIMS2",1.12905844623468,"Up",1,0.00116144018583043,0,0.187255328403654,0.00180990369126059,0,2,91,1,0,0,0.296595710376943,0.00180989549703301,0,0.0596811211747951,731.5,FALSE
"LIMS3",1.42076089063133,"Up",1,0.00116144018583043,0,0.187255328403654,0.00180990369126059,0,2,91,1,0,0,0.296595710376943,0.00180989549703302,0,0.0596811211747951,731.5,FALSE
"PDK2",-1.10752609708977,"Down",1,0.00116144018583043,0,0.187581699346405,0.000117363275418041,0,5,75,1,0,0,0.29794490111869,0.000117355067296256,0,0.0596124512371973,733,FALSE
"PMP22",3.21432462127408,"Up",1,0.00116144018583043,0,0.18624269954575,0.000470366035401649,0,14,77,1,0,0,0.292409585630687,0.000470357830177694,0,0.0585759886921729,734,FALSE
"ESRP1",-1.67464079550836,"Down",2,0.00232288037166086,0,0.183347529812606,0.000162511596798185,1,9,9,4,0.0112359550561798,0,0.280441191119786,0.000162503389047026,0.000370416100753179,0.0584420131331531,735.5,FALSE
"ESRP2",-1.47387195178458,"Down",2,0.00232288037166086,0,0.183347529812606,0.000162511596798184,1,9,9,4,0.0112359550561798,0,0.280441191119786,0.000162503389047026,0.000370416100753179,0.0584420131331531,735.5,FALSE
"PANX1",-1.27425625916732,"Down",1,0.00116144018583043,0,0.185800604229607,0.000248290106336661,0,6,36,1,0,0,0.290581999809227,0.000248281899289666,0,0.0581660563417033,737,FALSE
"BHMT2",1.73698725905303,"Up",2,0.00232288037166086,0,0.182996811902232,4.93328351515312e-05,1,7,128,4,0.0112359550561798,0,0.278991352008333,4.93246264712789e-05,0.000370416100753179,0.0581294095583475,738.5,FALSE
"MAT1A",-1.55372236428572,"Down",2,0.00232288037166086,0,0.182996811902232,4.93328351515337e-05,1,7,128,4,0.0112359550561798,0,0.278991352008333,4.93246264712815e-05,0.000370416100753179,0.0581294095583475,738.5,FALSE
"ID4",2.30144216981886,"Up",1,0.00116144018583043,0,0.185360602798708,0.00028631573543385,0,1,120,1,0,0,0.288763069937836,0.000286307528699011,0,0.057809875493307,740.5,FALSE
"PKD2",1.5139815049239,"Up",1,0.00116144018583043,0,0.185360602798708,0.00028631573543385,0,1,120,1,0,0,0.288763069937836,0.00028630752869901,0,0.057809875493307,740.5,FALSE
"KCNJ13",2.01144563149636,"Up",2,0.00232288037166086,0,0.182608695652174,5.28560951039466e-05,1,7,128,4,0.0112359550561798,0,0.277386911224221,5.28478864526171e-05,0.000370416100753179,0.0578092260535212,742,FALSE
"OAT",1.26495805027105,"Up",3,0.00348432055749129,0.00262924406810322,0.176181706568447,4.13962701876271e-05,0,3,63,9,0.0224719101123595,0.0144823401835049,0.250818264836849,4.13880614422229e-05,0.000987776268675145,0.0577603358925661,743,FALSE
"CD302",3.49929535161327,"Up",1,0.00116144018583043,0,0.185081685296647,0.000478805839348558,0,11,52,1,0,0,0.287610047832619,0.000478797634193886,0,0.0576177690933626,744,FALSE
"CYP27C1",-1.66632110157245,"Down",5,0.00580720092915215,1.0067451927917e-06,0.173134928614518,0.000204987229410084,0.6,3,63,25,0.0449438202247191,5.54533013385704e-06,0.238223134360632,0.000204979022007611,0.00296332880602544,0.0572681615487035,745,FALSE
"PAFAH1B2",-1.00470812517238,"Down",4,0.00464576074332172,0.000159227180072146,0.175642594859241,0.000122453639048476,0.333333333333333,8,28,16,0.0337078651685393,0.000877051399008605,0.248589621193833,0.000122445430968479,0.0018520805037659,0.0570298127392231,746,FALSE
"MEGF6",1.34508356412277,"Up",1,0.00116144018583043,0,0.183817250213493,0.00242919398047706,0,2,91,1,0,0,0.282382976778591,0.00242918579133329,0,0.0569624325139849,747,FALSE
"H2AJ",1.33376601972921,"Up",5,0.00580720092915215,6.75810554646824e-05,0.172475961538462,9.16472995237477e-05,0.7,16,32,25,0.0449438202247191,0.000372248376281748,0.235499018449341,9.16390911908585e-05,0.00296332880602544,0.0567740109895115,748,FALSE
"INF2",-1.02864165188784,"Down",1,0.00116144018583043,0,0.184053014108593,0.000232600240496582,0,14,77,1,0,0,0.28335760540768,0.000232592033320788,0,0.0567180394882001,749,FALSE
"CLIC2",1.89060005275708,"Up",2,0.00232288037166086,0,0.18076842326265,0.000153150750055482,1,14,77,4,0.0112359550561798,0,0.269779375916978,0.00015314254222748,0.000370416100753179,0.0563077779232277,750,FALSE
"ANKRD29",2.57856656596507,"Up",1,0.00116144018583043,0,0.183347529812606,5.76806028820794e-05,0,12,25,1,0,0,0.280441191119786,5.76723942703547e-05,0,0.0560997727028112,751,FALSE
"NPR3",1.30402285457242,"Up",1,0.00116144018583043,0,0.182724957555178,0.000183473815505521,0,7,128,1,0,0,0.277867528407322,0.000183465607926443,0,0.0556101988030497,752,FALSE
"EYA2",2.01440370265593,"Up",2,0.00232288037166086,0.00464035869594576,0.173483779971791,7.20635959575318e-05,0,16,32,4,0.0112359550561798,0.0255599143584464,0.239665257294465,7.20553874638783e-05,0.000370416100753179,0.0553807196394616,753,FALSE
"GLDN",2.64374802568385,"Up",2,0.00232288037166086,0,0.17948717948718,7.95711596431992e-05,1,12,25,4,0.0112359550561798,0,0.264482819105846,7.95629512111759e-05,0.000370416100753179,0.055233750642798,754,FALSE
"ANO2",-1.65960396231194,"Down",2,0.00232288037166086,0,0.179039301310044,0.00017586540623867,1,6,36,4,0.0112359550561798,0,0.262631327410758,0.000175857198597134,0.000370416100753179,0.0548827111532576,755,FALSE
"EDIL3",-1.18162879990818,"Down",1,0.00116144018583043,0,0.181607255853196,0.000653066475058107,0,2,91,1,0,0,0.273247041130981,0.000653058271333956,0,0.054780019880463,756,FALSE
"ESD",1.15975392627514,"Up",4,0.00464576074332172,1.0067451927917e-06,0.172961028525512,0.000179764124530211,0.333333333333333,3,63,16,0.0337078651685393,5.54533013385704e-06,0.237504245638192,0.00017975591692068,0.0018520805037659,0.0546498985115103,757,FALSE
"PPP1R3B",1.76154192526239,"Up",4,0.00464576074332172,0.00464305971963374,0.166537717601547,1.6549128002413e-05,0.166666666666667,7,128,16,0.0337078651685393,0.0255747920734397,0.21095080446197,1.65409190530365e-05,0.0018520805037659,0.0544204166253536,758,FALSE
"PAK3",1.68872896625623,"Up",1,0.00116144018583043,0,0.18122500526205,0.000171879956539893,0,14,77,1,0,0,0.271666848500311,0.00017187174886564,0,0.0543677440498352,759,FALSE
"ABCA9",1.62382283426644,"Up",1,0.00116144018583043,0,0.181072555205047,7.87187318895233e-05,0,5,75,1,0,0,0.271036632453033,7.87105234505024e-05,0,0.0542230685952967,760,FALSE
"PAM",1.76470871408621,"Up",2,0.00232288037166086,0.00695243497285471,0.168295543393276,2.0768888117895e-05,0,6,36,4,0.0112359550561798,0.0382952383926898,0.218217512287768,2.07606792031589e-05,0.000370416100753179,0.0536279765033188,761,FALSE
"ITIH5",1.2072324232267,"Up",1,0.00116144018583043,0,0.17989970748015,0.00187392173927272,0,2,91,1,0,0,0.266188176035406,0.00187391354557067,0,0.0536124179161952,762,FALSE
"EPB41L2",2.53927009352357,"Up",1,0.00116144018583043,0,0.179636970582099,0.000143161560003485,0,7,128,1,0,0,0.265102043221687,0.000143153352093481,0,0.0530490393147561,763,FALSE
"PNMA2",2.24353993617386,"Up",4,0.00464576074332172,0.00154408520829395,0.168989205103042,2.88269318108362e-05,0.666666666666667,12,25,16,0.0337078651685393,0.00850509373782223,0.221085052972706,2.88187229622493e-05,0.0018520805037659,0.0530357822211591,764,FALSE
"MACROD2",-1.06440202029963,"Down",1,0.00116144018583043,0,0.179337637992085,0.000392403212667025,0,10,50,1,0,0,0.263864626815234,0.000392395006803066,0,0.0528514043644075,765,FALSE
"JPH1",-1.8895243048078,"Down",1,0.00116144018583043,0,0.179262960649594,4.13391455235601e-05,0,7,128,1,0,0,0.26355591679878,4.1330936777687e-05,0,0.0527194495471115,766,FALSE
"GUCA1B",-1.3566324039076,"Down",1,0.00116144018583043,0,0.179225645295587,3.67797424049386e-05,0,7,128,1,0,0,0.263401658182106,3.67715336216369e-05,0,0.0526876859431456,767,FALSE
"CAVIN2",2.25697800638962,"Up",2,0.00232288037166086,0,0.175750153092468,3.62883563769178e-05,1,3,63,4,0.0112359550561798,0,0.24903425811906,3.62801475895823e-05,0.000370416100753179,0.0521353818847164,768.5,FALSE
"CAVIN3",1.42264946125018,"Up",2,0.00232288037166086,0,0.175750153092468,3.62883563769181e-05,1,3,63,4,0.0112359550561798,0,0.24903425811906,3.62801475895826e-05,0.000370416100753179,0.0521353818847164,768.5,FALSE
"AHRR",1.27072046936167,"Up",2,0.00232288037166086,0.00232288037166086,0.172268907563025,9.07949367191481e-05,0,3,63,4,0.0112359550561798,0.0127948348942165,0.234643074276291,9.07867283792618e-05,0.000370416100753179,0.051827013411164,770,FALSE
"BCHE",1.47961837626974,"Up",1,0.00116144018583043,0,0.178150217256363,7.16100704772082e-05,0,3,63,1,0,0,0.258955926764643,7.16018619798317e-05,0,0.0518055057253245,771.5,FALSE
"HNMT",3.23400606262934,"Up",1,0.00116144018583043,0,0.178150217256363,7.16100704772084e-05,0,3,63,1,0,0,0.258955926764643,7.16018619798318e-05,0,0.0518055057253245,771.5,FALSE
"L2HGDH",-1.03988709962471,"Down",2,0.00232288037166086,0,0.175178026449644,5.15033409043786e-05,1,3,63,4,0.0112359550561798,0,0.246669133444977,5.14951322419442e-05,0.000370416100753179,0.0516653999468304,773,FALSE
"AKR1C3",2.24286104267636,"Up",3,0.00348432055749129,0,0.172268907563025,9.91917307150053e-05,1,3,63,9,0.0224719101123595,0,0.234643074276291,9.9183522444049e-05,0.000987776268675145,0.051640388835954,775,FALSE
"HSD17B2",-1.1735613177965,"Down",3,0.00348432055749129,0,0.172268907563025,9.91917307150067e-05,1,3,63,9,0.0224719101123595,0,0.234643074276291,9.91835224440504e-05,0.000987776268675145,0.051640388835954,775,FALSE
"HSD17B8",-1.35995906056209,"Down",3,0.00348432055749129,0,0.172268907563025,9.91917307150072e-05,1,3,63,9,0.0224719101123595,0,0.234643074276291,9.91835224440508e-05,0.000987776268675145,0.051640388835954,775,FALSE
"ABCC1",1.0361190121644,"Up",1,0.00116144018583043,0,0.177892561983471,3.08880012286741e-05,0,6,36,1,0,0,0.257890800973061,3.08797923970066e-05,0,0.0515843361530915,777,FALSE
"ECM2",1.74854229350519,"Up",1,0.00116144018583043,0,0.177306425041186,0.00114087215882736,0,2,91,1,0,0,0.255467758868699,0.00114086395910765,0,0.0513217245655613,778,FALSE
"LMO3",1.65617630695116,"Up",1,0.00116144018583043,0,0.177525773195876,6.3676895414144e-05,0,5,75,1,0,0,0.256374526171671,6.36686868516434e-05,0,0.0512876389717046,779,FALSE
"CPA3",2.56868835646612,"Up",1,0.00116144018583043,0,0.177416031320832,0.000117576362776096,0,5,75,1,0,0,0.255920862250052,0.00011756815465606,0,0.0512076860809417,780,FALSE
"HEY1",1.23848072907382,"Up",2,0.00232288037166086,0,0.174432739059968,0.000101335585510294,1,12,25,4,0.0112359550561798,0,0.243588176428352,0.000101327377256937,0.000370416100753179,0.0510591749925084,781,FALSE
"PHACTR1",-1.96057709973107,"Down",1,0.00116144018583043,0,0.176869350862777,6.76066778755895e-05,0,5,75,1,0,0,0.253660930019309,6.75984693453488e-05,0,0.0507457056977308,782,FALSE
"ABCC9",1.04648085135671,"Up",3,0.00348432055749129,0.00278166217728407,0.16734693877551,8.65608700289648e-06,0,7,128,9,0.0224719101123595,0.0153218860187746,0.21429605850552,8.64787798872532e-06,0.000987776268675145,0.0506172557566637,783,FALSE
"DPP10",-1.18581122444807,"Down",3,0.00348432055749129,0.00154318486706462,0.168956043956044,2.76811506524701e-05,0.666666666666667,12,25,9,0.0224719101123595,0.00850013449949114,0.220947967507503,2.76729417944773e-05,0.000987776268675145,0.0505870922659647,784.5,FALSE
"DPP6",-1.01508865608537,"Down",3,0.00348432055749129,0.00154318486706462,0.168956043956044,2.7681150652468e-05,0.666666666666667,12,25,9,0.0224719101123595,0.00850013449949114,0.220947967507503,2.76729417944752e-05,0.000987776268675145,0.0505870922659647,784.5,FALSE
"MRPS10",-1.19132440968508,"Down",5,0.00580720092915215,0.0058004483699322,0.157317741640782,1.38674521919008e-05,0.3,18,7,25,0.0449438202247191,0.031949892948058,0.17283617912024,1.38592432205102e-05,0.00296332880602544,0.0505414160684527,786,FALSE
"ANKRD6",1.03191804339894,"Up",3,0.00348432055749129,0.000516163268420641,0.169889502762431,4.55070143439128e-05,0,13,34,9,0.0224719101123595,0.00284311834499649,0.224806809746222,4.5498805632254e-05,0.000987776268675145,0.0502310226555772,787,FALSE
"GBP2",3.48693895882351,"Up",2,0.00232288037166086,0,0.173030546623794,0.000228530686858149,1,19,15,4,0.0112359550561798,0,0.23779162776172,0.000228522479648947,0.000370416100753179,0.0499253042796604,788,FALSE
"HECW2",1.32184586919473,"Up",2,0.00232288037166086,3.71744336955929e-05,0.172961028525512,9.20308320614622e-05,0,6,36,4,0.0112359550561798,0.000204763339181788,0.237504245638192,9.20226237317214e-05,0.000370416100753179,0.0498814805516076,789,FALSE
"CH25H",1.37741626091207,"Up",2,0.00232288037166086,0.00464035869594576,0.166795815575358,3.68652515146713e-05,0,4,6,4,0.0112359550561798,0.0255599143584464,0.212017760342888,3.68570427320716e-05,0.000370416100753179,0.0498441805802,790,FALSE
"LIPH",-1.86076117521854,"Down",1,0.00116144018583043,0,0.175213675213675,0.000220883174724217,0,7,128,1,0,0,0.246816502515214,0.000220874967452236,0,0.0494074754965333,791,FALSE
"KMT5A",-1.02125199887182,"Down",2,0.00232288037166086,0,0.172372372372372,3.10143082428145e-05,1,16,32,4,0.0112359550561798,0,0.235070789322524,3.10060994121839e-05,0.000370416100753179,0.0493416333157738,792,FALSE
"IFFO1",1.00209261639352,"Up",1,0.00116144018583043,0,0.175106772422209,3.1816955160248e-05,0,3,63,1,0,0,0.246374575132532,3.18087463362064e-05,0,0.0492812767757736,793,FALSE
"LDLRAP1",-1.0135548806963,"Down",1,0.00116144018583043,0,0.174680462568472,2.74914848283071e-05,0,6,36,1,0,0,0.244612245119548,2.74832759687573e-05,0,0.0489279456791033,794,FALSE
"CENPU",-1.17255245625539,"Down",4,0.00464576074332172,0,0.165195702225633,8.13768439635317e-05,1,16,32,16,0.0337078651685393,0,0.205403022832877,8.13686355463314e-05,0.0018520805037659,0.0482088674281457,795,FALSE
"BAIAP2L1",-1.55189105147501,"Down",2,0.00232288037166086,0,0.169454831726038,1.13111627627769e-05,1,9,9,4,0.0112359550561798,0,0.223009915289066,1.13029537704015e-05,0.000370416100753179,0.046925517879954,796,FALSE
"CYTIP",1.11865272889397,"Up",2,0.00232288037166086,0.000806493731107918,0.16813122437024,9.10609059030441e-05,0,11,52,4,0.0112359550561798,0.00444230975414734,0.21753823090719,9.10526975653411e-05,0.000370416100753179,0.0467355929031671,797,FALSE
"MAGI3",-1.03362649415336,"Down",2,0.00232288037166086,0.000715402971358741,0.16796722590714,2.60112330820548e-05,0,5,75,4,0.0112359550561798,0.00394056577903849,0.216860274695126,2.60030242103536e-05,0.000370416100753179,0.0464866429310615,798,FALSE
"HSPA4L",-1.55585335105816,"Down",1,0.00116144018583043,0,0.170731707317073,2.39174997886705e-05,0,7,128,1,0,0,0.228288414383576,2.39092908997816e-05,0,0.0456624647348951,799,FALSE
"PALLD",1.9755792060718,"Up",2,0.00232288037166086,0.00464035869594576,0.161115269461078,4.39471996252528e-06,0,9,9,4,0.0112359550561798,0.0255599143584464,0.188534848044248,4.3865109133722e-06,0.000370416100753179,0.0451411040141083,800,FALSE
"GIMAP2",1.91225434877914,"Up",2,0.00232288037166086,0,0.167184466019417,5.82422942682128e-05,1,5,75,4,0.0112359550561798,0,0.213624409441242,5.82340856610991e-05,0.000370416100753179,0.0450578029367673,801,FALSE
"MVK",-1.02888254857284,"Down",2,0.00232288037166086,0,0.166698935140368,3.84569365277672e-05,1,4,6,4,0.0112359550561798,0,0.211617264560869,3.84487277582338e-05,0.000370416100753179,0.044652416889112,802.5,FALSE
"PMVK",-1.08028635815583,"Down",2,0.00232288037166086,0,0.166698935140368,3.84569365277641e-05,1,4,6,4,0.0112359550561798,0,0.211617264560869,3.84487277582306e-05,0.000370416100753179,0.044652416889112,802.5,FALSE
"DLX3",-1.7223903177838,"Down",1,0.00116144018583043,0,0.169354838709677,4.81014864591418e-05,0,16,32,1,0,0,0.222596552350638,4.80932777687813e-05,0,0.0445289291256814,804,FALSE
"PPP1R3C",-1.56864106817785,"Down",2,0.00232288037166086,0,0.166473317865429,1.64899719500016e-05,1,7,128,4,0.0112359550561798,0,0.210684581228342,1.64817630001395e-05,0.000370416100753179,0.044461486829655,805,FALSE
"FOXP2",-1.06955554337636,"Down",1,0.00116144018583043,0,0.168790433248383,2.62791605583267e-05,0,12,25,1,0,0,0.220263346408495,2.62709516888248e-05,0,0.0440579234720367,806,FALSE
"CRABP1",1.13168048275676,"Up",2,0.00232288037166086,0,0.165927924455579,4.25939420989414e-05,1,3,63,4,0.0112359550561798,0,0.208429969549445,4.2585733363369e-05,0.000370416100753179,0.0440157852879483,807,FALSE
"GFPT2",1.79463608346014,"Up",1,0.00116144018583043,0,0.16819691345966,1.9686385744131e-05,0,3,63,1,0,0,0.217809784221746,1.96781768205085e-05,0,0.0435658924797134,808,FALSE
"PLK3",-1.46414954941549,"Down",1,0.00116144018583043,0,0.167509727626459,4.77817682357719e-05,0,11,52,1,0,0,0.21496901428004,4.77735595427868e-05,0,0.0430033575679165,809,FALSE
"EVI2A",2.06059518864918,"Up",1,0.00116144018583043,0,0.167314418966187,9.03457089671323e-05,0,11,52,1,0,0,0.21416162427773,9.03375006235582e-05,0,0.0428503923556708,810,FALSE
"CYTH3",1.5813819501223,"Up",3,0.00348432055749129,0.00238043784062587,0.157807917888563,1.65633854395147e-05,0,11,52,9,0.0224719101123595,0.0131118715876772,0.174862527574411,1.65551764902553e-05,0.000987776268675145,0.0422901281439226,811,FALSE
"CRABP2",1.03487433728459,"Up",1,0.00116144018583043,0,0.165895953757225,2.52231048798735e-05,0,3,63,1,0,0,0.20829780530142,2.52148960017024e-05,0,0.0416646040394844,812,FALSE
"NR2F1",2.30971633177258,"Up",1,0.00116144018583043,0,0.165545087483176,4.77647481181154e-05,0,16,32,1,0,0,0.206847352866692,4.77565394249906e-05,0,0.0413790218812233,813,FALSE
"EIF5A2",1.21106573334894,"Up",3,0.00348432055749129,0.00115603813845447,0.157231555880205,1.32944324068914e-05,0.666666666666667,18,7,9,0.0224719101123595,0.0063676620171217,0.17247989424616,1.32862234307968e-05,0.000987776268675145,0.0404641057735494,814,FALSE
"PERP",-1.06526013608209,"Down",3,0.00348432055749129,0,0.158388520971302,5.15353090595508e-05,1,17,9,9,0.0224719101123595,0,0.177262693156733,5.15271003973788e-05,0.000987776268675145,0.040154781327633,815,FALSE
"FXYD6",1.08602724147459,"Up",2,0.00232288037166086,0.00232288037166086,0.158126721763085,3.04219868516186e-06,0,15,5,4,0.0112359550561798,0.0127948348942165,0.176180436675977,3.03398962490582e-06,0.000370416100753179,0.0401169353433502,816,FALSE
"FOXL2",1.23700726483267,"Up",2,0.00232288037166086,0.00232288037166086,0.157981651376147,4.32299341377103e-05,0,13,34,4,0.0112359550561798,0.0127948348942165,0.175580727580218,4.32217254073588e-05,0.000370416100753179,0.040005031071355,817,FALSE
"DAAM2",1.48613530893106,"Up",1,0.00116144018583043,0,0.163657099410758,1.61148668216977e-05,0,13,34,1,0,0,0.19904256483513,1.61066578687563e-05,0,0.0398117342985998,818,FALSE
"FZD4",1.11150868002844,"Up",2,0.00232288037166086,0.000120918012972028,0.159090909090909,7.97129976678065e-06,0,5,75,4,0.0112359550561798,0.000666037748042804,0.180166308105103,7.96309074698802e-06,0.000370416100753179,0.0384893360201651,819,FALSE
"NR1D2",-1.00559222108632,"Down",2,0.00232288037166086,0,0.158388520971302,1.06865321560012e-05,1,5,75,4,0.0112359550561798,0,0.177262693156733,1.06783231584981e-05,0.000370416100753179,0.0377759485273649,820,FALSE
"DSC2",-2.13062578203191,"Down",2,0.00232288037166086,0,0.158359389369137,4.28037201320271e-05,1,17,9,4,0.0112359550561798,0,0.177142265499779,4.27955113981768e-05,0.000370416100753179,0.0377582864336221,821,FALSE
"NSA2",1.05830454749273,"Up",2,0.00232288037166086,0,0.157202848274603,1.32437901591401e-05,1,18,7,4,0.0112359550561798,0,0.172361219356266,1.32355811826298e-05,0.000370416100753179,0.0367961652188764,822,FALSE
"FUT1",-1.0062282972552,"Down",2,0.00232288037166086,0.00464035869594576,0.15010460251046,6.58430282666404e-06,0,12,25,4,0.0112359550561798,0.0255599143584464,0.143017652839922,6.57609379548543e-06,0.000370416100753179,0.0360381028898194,823,FALSE
"PRICKLE2",1.16669583379704,"Up",2,0.00232288037166086,3.53705482949466e-06,0.156091370558376,1.03195279363166e-05,0,13,34,4,0.0112359550561798,1.9482722015003e-05,0.167766461527184,1.03113189358008e-05,0.000370416100753179,0.0358805253450135,824,FALSE
"HES5",-1.87404453513528,"Down",1,0.00116144018583043,0,0.158505154639175,1.29264874583443e-05,0,12,25,1,0,0,0.177744847185347,1.29182784792292e-05,0,0.0355515530927652,825.5,FALSE
"MDK",1.04006468406017,"Up",1,0.00116144018583043,0,0.158505154639175,1.29264874583438e-05,0,12,25,1,0,0,0.177744847185347,1.29182784792287e-05,0,0.0355515530927652,825.5,FALSE
"CIART",-1.48278496066892,"Down",1,0.00116144018583043,0,0.158359389369137,5.34804532149282e-06,0,5,75,1,0,0,0.177142265499779,5.33983628016567e-06,0,0.0354295210672119,827,FALSE
"KLK5",-1.32232149782948,"Down",1,0.00116144018583043,0,0.158301158301158,3.36217762669945e-05,0,17,9,1,0,0,0.176901543034914,3.36135674577688e-05,0,0.0353870313204744,828,FALSE
"AASS",1.5959279559004,"Up",1,0.00116144018583043,0,0.156545454545455,9.50213333686742e-06,0,3,63,1,0,0,0.16964360753221,9.49392432964153e-06,0,0.033930620291308,829,FALSE
"DNER",-2.07303429467272,"Down",4,0.00464576074332172,0.00232378071289019,0.144681566123341,3.64203043677127e-06,0.333333333333333,12,25,16,0.0337078651685393,0.0127997941325476,0.120599264658737,3.6338213814393e-06,0.0018520805037659,0.0337925276569942,830,FALSE
"GRHL3",-1.18860747135341,"Down",1,0.00116144018583043,0,0.156034795215658,3.02748924257734e-05,0,13,34,1,0,0,0.167532583694915,3.02666835890729e-05,0,0.0335125700757009,831,FALSE
"CPE",3.54796937703346,"Up",3,0.00348432055749129,0.00464305971963374,0.144172806430007,9.00144557581469e-07,0,6,36,9,0.0224719101123595,0.0255747920734397,0.118496093762965,8.91935479741124e-07,0.000987776268675145,0.0335062928305839,832,FALSE
"CPEB2",-1.19873994389246,"Down",1,0.00116144018583043,0,0.155696202531646,9.18194386503519e-06,0,17,9,1,0,0,0.166132869275974,9.17373485518084e-06,0,0.0332284086021658,833,FALSE
"MBD5",-1.06371166330651,"Down",1,0.00116144018583043,0,0.154605853833722,2.69871337535272e-06,0,16,32,1,0,0,0.161625457077717,2.69050431227698e-06,0,0.0323256295164059,834,FALSE
"CSGALNACT2",1.3196527833969,"Up",2,0.00232288037166086,0,0.151291512915129,7.09383889931197e-06,1,14,77,4,0.0112359550561798,0,0.147924243223743,7.08562987231619e-06,0.000370416100753179,0.0319075400021097,835.5,FALSE
"CSGALNACT1",2.99984421597751,"Up",2,0.00232288037166086,0,0.151291512915129,7.09383889931044e-06,1,14,77,4,0.0112359550561798,0,0.147924243223743,7.08562987231466e-06,0.000370416100753179,0.0319075400021097,835.5,FALSE
"MEOX1",1.53666408062207,"Up",2,0.00232288037166086,0.00232288037166086,0.147912729771517,3.11747476663007e-06,0,16,32,4,0.0112359550561798,0.0127948348942165,0.133956630490506,3.10926570699198e-06,0.000370416100753179,0.0316721891614724,837,FALSE
"ATG10",-1.0485152964475,"Down",1,0.00116144018583043,0,0.153339269813001,2.19746289812486e-06,0,5,75,1,0,0,0.156389502491821,2.18925383093431e-06,0,0.0312783383491304,838.5,FALSE
"PLEKHM1",-1.51973711152271,"Down",1,0.00116144018583043,0,0.153339269813001,2.19746289812446e-06,0,5,75,1,0,0,0.156389502491821,2.18925383093391e-06,0,0.0312783383491304,838.5,FALSE
"PDLIM3",1.75510675382366,"Up",1,0.00116144018583043,0,0.153175591531756,5.12347685035966e-06,0,7,128,1,0,0,0.155712869885318,5.11526780718901e-06,0,0.031143597030625,840,FALSE
"CLIC6",3.12177217017765,"Up",1,0.00116144018583043,0,0.153148345784418,6.6247968932497e-06,0,14,77,1,0,0,0.155600238197736,6.61658786240351e-06,0,0.0311213709571197,841,FALSE
"ALAD",-1.04504791103047,"Down",1,0.00116144018583043,0,0.149817295980512,1.78746583567158e-06,0,3,63,1,0,0,0.141829951180631,1.77925676511533e-06,0,0.0283663460874792,842,FALSE
"FA2H",-2.06338316652612,"Down",2,0.00232288037166086,0.00232288037166086,0.143023255813953,1.59479262498535e-06,0,4,6,4,0.0112359550561798,0.0127948348942165,0.11374394568485,1.58658355284743e-06,0.000370416100753179,0.0276293476639104,843,FALSE
"ARNT2",1.33747795675139,"Up",1,0.00116144018583043,0,0.146978490952544,3.92047029120393e-06,0,3,63,1,0,0,0.130094563743651,3.9122612381577e-06,0,0.0260196952009778,844,FALSE
"LASP1",1.74294690702728,"Up",2,0.00232288037166086,0.00232288037166086,0.13882618510158,1.90115805464485e-07,0,9,9,4,0.0112359550561798,0.0127948348942165,0.0963935991746644,1.81906721795453e-07,0.000370416100753179,0.0241589974265071,845,FALSE
"EYA4",2.20119833349443,"Up",1,0.00116144018583043,0,0.14338051623647,3.73764585995252e-07,0,7,128,1,0,0,0.115220831005546,3.65555503833808e-07,0,0.02304423931221,846,FALSE
"MFHAS1",1.88843930492077,"Up",1,0.00116144018583043,0,0.142786069651741,7.14581308425264e-07,0,7,128,1,0,0,0.112763437520031,7.06372229061614e-07,0,0.022552828778452,847.5,FALSE
"LYPLAL1",-1.11439777198424,"Down",1,0.00116144018583043,0,0.142786069651741,7.14581308424817e-07,0,7,128,1,0,0,0.112763437520031,7.06372229061167e-07,0,0.022552828778452,847.5,FALSE
"HABP4",1.13940298921582,"Up",2,0.00232288037166086,0.00232288037166086,0.13599747275312,5.99906675648831e-07,0,18,7,4,0.0112359550561798,0.0127948348942165,0.0846999340479986,5.91697595343807e-07,0.000370416100753179,0.0218203463593487,849,FALSE
"MRPL33",-1.52527497085529,"Down",2,0.00232288037166086,0,0.135975994946304,1.17283370054773e-06,1,18,7,4,0.0112359550561798,0,0.0846111465540396,1.16462462494591e-06,0.000370416100753179,0.0192437364671195,850,FALSE
"FXYD5",2.61781005625984,"Up",1,0.00116144018583043,0,0.136558287073751,1.31360293828105e-07,0,15,5,1,0,0,0.0870182945088179,1.23151209676744e-07,0,0.0174036835320055,851,FALSE
"FUT8",1.87443945379333,"Up",2,0.00232288037166086,0.00232288037166086,0.130573248407643,2.84837269719044e-07,0,12,25,4,0.0112359550561798,0.0127948348942165,0.0622766349442822,2.76628186827588e-07,0.000370416100753179,0.0173356235247237,852,FALSE
"POF1B",-2.75044442103961,"Down",1,0.00116144018583043,0,0.136450079239303,1.86664233273486e-06,0,13,34,1,0,0,0.0865709721853556,1.85843326282857e-06,0,0.0173145661237237,853,FALSE
"FRMD4B",-1.05649077491196,"Down",1,0.00116144018583043,0,0.1363204559848,7.15196935908707e-07,0,11,52,1,0,0,0.0860351202696943,7.0698785655011e-07,0,0.0172071654515102,854,FALSE
"MEOX2",2.59233103126168,"Up",1,0.00116144018583043,0,0.128872923215088,1.34610669363962e-07,0,16,32,1,0,0,0.0552476298851424,1.26401585239284e-07,0,0.0110495512573455,855,FALSE
"ARHGAP26",1.97604826508315,"Up",1,0.00116144018583043,0,0.126413155190134,1.57260665004679e-07,0,12,25,1,0,0,0.0450791503687485,1.49051581065937e-07,0,0.00901585988406592,856,FALSE
"PCSK2",2.15004686956417,"Up",1,0.00116144018583043,0,0.126024590163934,3.88676959730438e-08,0,6,36,1,0,0,0.0434728543808301,3.06586110624031e-08,0,0.00869457700788824,857.5,FALSE
"PENK",3.30332682815261,"Up",1,0.00116144018583043,0,0.126024590163934,3.88676959719223e-08,0,6,36,1,0,0,0.0434728543808301,3.06586110612816e-08,0,0.00869457700788824,857.5,FALSE
"FAXDC2",1.30121075680011,"Up",1,0.00116144018583043,0,0.125145348837209,6.88621781484739e-08,0,4,6,1,0,0,0.0398381427616567,6.06530934840604e-08,0,0.00796764068295004,859,FALSE
"LPP",1.48011984854814,"Up",1,0.00116144018583043,0,0.121920135938828,8.20908516231987e-09,0,9,9,1,0,0,0.0265053768420663,0,0,0.00530107536841326,860,FALSE
"DAPL1",-2.84497230570198,"Down",1,0.00116144018583043,0,0.119732999582812,2.59036063544371e-08,0,18,7,1,0,0,0.0174639343116788,1.7694521337373e-08,0,0.00349279040124004,861,FALSE
"B4GALNT3",-1.41955869754498,"Down",1,0.00116144018583043,0,0.115508451837939,1.22991005291016e-08,0,12,25,1,0,0,0,4.090015400357e-09,0,8.18003080071401e-10,862,FALSE
