"","Symbol","logFC","AveExpr","t","P.Value","adj.P.Val","B","status"
"PLPP3","PLPP3",2.98013190196459,9.59671384890955,13.406725115274,7.1381436990277e-10,2.86299917647708e-06,12.5577240790355,"Up"
"MFAP5","MFAP5",3.32368821676491,4.70749465367828,13.4042453118987,7.15690153273165e-10,2.86299917647708e-06,12.5554853988917,"Up"
"XR_242903","XR_242903",3.32368821676491,4.70749465367828,13.4042453118987,7.15690153273165e-10,2.86299917647708e-06,12.5554853988917,"Up"
"PMP22","PMP22",3.07066560222327,9.59620177397039,13.0631952683181,1.03088862769712e-09,3.53476983456946e-06,12.2427920897117,"Up"
"PRR16","PRR16",1.88033346340096,3.77916808890541,12.7926422765713,1.38499200975656e-09,3.69361980201966e-06,11.9877926708027,"Up"
"XM_005272012","XM_005272012",1.88033346340096,3.77916808890541,12.7926422765713,1.38499200975656e-09,3.69361980201966e-06,11.9877926708027,"Up"
"ABI3BP","ABI3BP",3.32014322924231,9.91853700610743,11.4409566410532,6.57704319071678e-09,1.16947710960298e-05,10.6148498467502,"Up"
"DOCK10","DOCK10",1.91395782517927,4.52203558638106,11.4311543095232,6.65534095890924e-09,1.16947710960298e-05,10.6042536636039,"Up"
"XM_006712616","XM_006712616",1.91395782517927,4.52203558638106,11.4311543095232,6.65534095890924e-09,1.16947710960298e-05,10.6042536636039,"Up"
"XM_006712618","XM_006712618",1.91395782517927,4.52203558638106,11.4311543095232,6.65534095890924e-09,1.16947710960298e-05,10.6042536636039,"Up"
"CXCL12","CXCL12",4.02444631278207,6.13809045249661,11.410764944319,6.82138135757094e-09,1.16947710960298e-05,10.582182010095,"Up"
"CTSF","CTSF",1.39326973228745,8.63931844238122,11.2001171818242,8.81746125888654e-09,1.32272940709872e-05,10.3516785493677,"Up"
"JAM2","JAM2",2.06676135568681,4.67524005853873,10.9156244292847,1.25478429361253e-08,1.67318514529378e-05,10.0330663837562,"Up"
"XM_006724037","XM_006724037",2.06676135568681,4.67524005853873,10.9156244292847,1.25478429361253e-08,1.67318514529378e-05,10.0330663837562,"Up"
"NID1","NID1",2.54622102792761,7.59993401350099,10.72795999829,1.58991511397104e-08,2.00848118765962e-05,9.81818466824401,"Up"
"LAMA4","LAMA4",2.16261333657404,6.16574050022651,10.0854626635518,3.66634273514568e-08,4.02927752991757e-05,9.0529691454695,"Up"
"PTGFR","PTGFR",2.45053622353973,5.18455174332097,10.0466575510822,3.86106921040347e-08,4.02927752991757e-05,9.00524157596051,"Up"
"XR_426624","XR_426624",2.45053622353973,5.18455174332097,10.0466575510822,3.86106921040347e-08,4.02927752991757e-05,9.00524157596051,"Up"
"DDR2","DDR2",2.92388760443128,7.59877581053048,9.46748956042271,8.51317025709121e-08,7.85896586579628e-05,8.27152074406351,"Up"
"XM_006711345","XM_006711345",2.92388760443128,7.59877581053048,9.46748956042271,8.51317025709121e-08,7.85896586579628e-05,8.27152074406351,"Up"
"ADGRD1","ADGRD1",2.09323738404369,5.04559907405745,9.12988777753019,1.3721083111469e-07,0.000113563254083268,7.82471504580372,"Up"
"CTSK","CTSK",1.7104197106941,9.27299677846488,9.0096607609642,1.63129069682487e-07,0.000126255074223643,7.66207886705006,"Up"
"MMP2","MMP2",2.11571990258637,8.66413695921714,8.99642587979738,1.66282442722832e-07,0.000126255074223643,7.64406080262367,"Up"
"PLXND1","PLXND1",1.83374445601196,7.26638293821005,8.9879891675754,1.68326071792208e-07,0.000126255074223643,7.63256307595175,"Up"
"HACD1","HACD1",1.42660404565321,5.10452310232078,8.9088004880155,1.88849580954552e-07,0.000131130139133252,7.52418908573237,"Up"
"XR_428651","XR_428651",1.42660404565321,5.10452310232078,8.9088004880155,1.88849580954552e-07,0.000131130139133252,7.52418908573237,"Up"
"LAMA2","LAMA2",2.0746439816929,6.95682575611766,8.86441190253558,2.01492585573022e-07,0.000134339584414546,7.46308049726498,"Up"
"MRGPRF","MRGPRF",1.95537655414269,5.83872706913365,8.80826971050638,2.18773487523907e-07,0.000141918952636454,7.38541810844273,"Up"
"LDB2","LDB2",3.07710875721664,5.50914486618213,8.68968278037494,2.6061412548973e-07,0.000160391288205243,7.2199965247267,"Up"
"XM_006713979","XM_006713979",3.07710875721664,5.50914486618213,8.68968278037494,2.6061412548973e-07,0.000160391288205243,7.2199965247267,"Up"
"SERPINF1","SERPINF1",2.41883354593507,10.9189305908769,8.55012523379437,3.2089011917447e-07,0.000189563416214006,7.02290266374385,"Up"
"FBLN2","FBLN2",1.74231207601446,8.20014047065937,8.51755570155552,3.36967303313368e-07,0.000189563416214006,6.9765256915189,"Up"
"ADAMTS5","ADAMTS5",3.1918223172572,5.00749950439944,8.5136915835427,3.38930253952336e-07,0.000189563416214006,6.97101384310225,"Up"
"WNT2B","WNT2B",1.28148929468729,5.64240377326927,8.51236650812042,3.396061535373e-07,0.000189563416214006,6.96912326261559,"Up"
"MATN2","MATN2",2.33475318764387,9.88457711286704,8.48964893524045,3.51417369397806e-07,0.000191698175006503,6.9366732029017,"Up"
"TGFBR3","TGFBR3",2.50443472384327,9.90577027975667,8.45277841142647,3.7151632343338e-07,0.000198158551001067,6.88385674095154,"Up"
"COL3A1","COL3A1",3.06314843448731,6.24673567396675,8.4297768165706,3.84664893522012e-07,0.000200711451615551,6.85081296590931,"Up"
"TAGLN","TAGLN",2.67808327081019,7.31129126890792,8.31269574655718,4.59617151719388e-07,0.000234454148828933,6.6814867354017,"Up"
"TMEM204","TMEM204",1.59549024564347,7.91571824763763,8.2901950834009,4.75704213581896e-07,0.000234454148828933,6.64872837877401,"Up"
"RHOJ","RHOJ",2.18671541211454,4.97096982087593,8.24769135520247,5.07730460933275e-07,0.000234454148828933,6.58665584183473,"Up"
"XR_245708","XR_245708",2.18671541211454,4.97096982087593,8.24769135520247,5.07730460933275e-07,0.000234454148828933,6.58665584183473,"Up"
"XR_245709","XR_245709",2.18671541211454,4.97096982087593,8.24769135520247,5.07730460933275e-07,0.000234454148828933,6.58665584183473,"Up"
"ZEB2","ZEB2",2.82599520829175,5.01173071916677,8.20648002812918,5.4095441420844e-07,0.000234454148828933,6.52623025235988,"Up"
"CACNA2D1","CACNA2D1",2.04302767947077,6.21321882744542,8.18224914218078,5.61549641439015e-07,0.000234454148828933,6.49059117274846,"Up"
"SLIT3","SLIT3",1.91988449944325,5.06695129028636,8.14146211919538,5.9810061539133e-07,0.00023951424377537,6.43041523229968,"Up"
"PDGFRB","PDGFRB",2.52350047708033,6.97716776288812,8.0851018366018,6.52775552702244e-07,0.00023951424377537,6.34687795963196,"Up"
"FBLN5","FBLN5",2.72672366673617,7.24526604030429,8.08314721186895,6.5476350592317e-07,0.00023951424377537,6.34397277713336,"Up"
"XM_005267267","XM_005267267",2.72672366673617,7.24526604030429,8.08314721186895,6.5476350592317e-07,0.00023951424377537,6.34397277713336,"Up"
"TLR4","TLR4",1.76900748272006,4.36390424711397,8.00352000778219,7.41409183379955e-07,0.000247513119795655,6.22516234600391,"Up"
"ZEB1","ZEB1",2.25390222206776,7.61428196451441,8.00243577221221,7.4266893635172e-07,0.000247513119795655,6.22353837276063,"Up"
"F2RL2","F2RL2",3.59991402763159,4.88327688008839,7.99850874333586,7.47250541201384e-07,0.000247513119795655,6.21765505214734,"Up"
"AEBP1","AEBP1",2.71354858382843,8.72212629075742,7.99379464489988,7.52789673572321e-07,0.000247513119795655,6.21058968053453,"Up"
"COL14A1","COL14A1",2.58367662911177,4.78174653721212,7.98341104005328,7.65143330988482e-07,0.000248175273383588,6.19501585232506,"Up"
"PDGFRA","PDGFRA",2.98511707926186,8.90822643016085,7.97194713283602,7.79030089760707e-07,0.000249310402859153,6.17780392001936,"Up"
"PRKD1","PRKD1",2.37577517613946,5.54435844354662,7.9481078670879,8.08762707777022e-07,0.000250354528753752,6.14195167270013,"Up"
"CPXM2","CPXM2",3.18195658278753,9.5574450748555,7.94432882497765,8.1358441974805e-07,0.000250354528753752,6.13626087287588,"Up"
"SVEP1","SVEP1",3.92414238811223,7.5848324716215,7.92555081999737,8.37995470581298e-07,0.000254602117530283,6.10795314884759,"Up"
"NFIX","NFIX",1.73894101969923,8.59347122833904,7.90758233527509,8.62075510893841e-07,0.000258644205155925,6.08081861454666,"Up"
"GFRA1","GFRA1",1.31245891772699,5.24258895462977,7.87341370479511,9.0989363336158e-07,0.000262146517138701,6.0290925053685,"Up"
"PRELP","PRELP",3.4056660022103,8.19499739015346,7.86072199382348,9.28358218348035e-07,0.000262146517138701,6.00983657565904,"Up"
"NNMT","NNMT",2.88941311235819,8.5641424933878,7.79228082932495,1.03494887638039e-06,0.00028228230603275,5.90559841527489,"Up"
"GHR","GHR",1.56824876649108,6.98553950270493,7.75187913212469,1.10383807631889e-06,0.000294381350086732,5.84374856399739,"Up"
"RGL1","RGL1",2.09834518437084,7.49453364959758,7.73355900678387,1.13664727633322e-06,0.000299800087104943,5.8156250873539,"Up"
"FIBIN","FIBIN",3.0098416424653,8.25138203159628,7.64338496914132,1.31374151602642e-06,0.000328462748621523,5.67648886782618,"Up"
"DEPTOR","DEPTOR",1.52235487814393,6.74734349624913,7.48693947597183,1.69314469268668e-06,0.000410493524382482,5.43228735555859,"Up"
"PDGFD","PDGFD",2.268719538946,9.28954198010488,7.36786414722243,2.0582097481219e-06,0.00046630192651667,5.24401255344827,"Up"
"TNS2","TNS2",1.57650841798649,6.83350945934671,7.36753430352628,2.0593285647349e-06,0.00046630192651667,5.24348812263248,"Up"
"EYA4","EYA4",1.86577975779709,3.75869850750268,7.31910647196525,2.23071929040269e-06,0.000482212485004635,5.16631648511086,"Up"
"XM_005266852","XM_005266852",1.86577975779709,3.75869850750268,7.31910647196525,2.23071929040269e-06,0.000482212485004635,5.16631648511086,"Up"
"COL4A1","COL4A1",2.36422264657668,6.42769500140319,7.26964809699177,2.42126460346738e-06,0.000505349504455862,5.08714450445032,"Up"
"CEP126","CEP126",1.70818001689018,4.58860413678448,7.26058405302338,2.45799688995407e-06,0.000508593459936875,5.07259566425873,"Up"
"C1R","C1R",2.82883146247363,8.96212486899664,7.25104120415713,2.49730137252702e-06,0.000512309637123021,5.05726511949951,"Up"
"RECK","RECK",2.439505270077,8.19402674696289,7.21744116798978,2.64101574488151e-06,0.000516760897804983,5.00317923928541,"Up"
"LRRN4CL","LRRN4CL",1.83383542293811,7.5238518567397,7.21342878789594,2.6587479529207e-06,0.000516760897804983,4.99670931707586,"Up"
"ACSS3","ACSS3",1.88109829626736,6.56443304260672,7.17215029824446,2.8485869411149e-06,0.000526385141062296,4.93000921922274,"Up"
"XM_006719601","XM_006719601",1.88109829626736,6.56443304260672,7.17215029824446,2.8485869411149e-06,0.000526385141062296,4.93000921922274,"Up"
"CYP2U1","CYP2U1",1.02248309529701,6.90193736845971,7.168081869708,2.8680515051972e-06,0.000526385141062296,4.92342150406132,"Up"
"C1S","C1S",2.94021016144888,9.89285713634072,7.153095015966,2.94096361847472e-06,0.000526385141062296,4.89913311146118,"Up"
"XM_005253760","XM_005253760",2.94021016144888,9.89285713634072,7.153095015966,2.94096361847472e-06,0.000526385141062296,4.89913311146118,"Up"
"CRIM1","CRIM1",1.29194918800827,10.0963632493836,7.14034309960984,3.00453146927483e-06,0.000526385141062296,4.87844042875292,"Up"
"XR_426983","XR_426983",1.29194918800827,10.0963632493836,7.14034309960984,3.00453146927483e-06,0.000526385141062296,4.87844042875292,"Up"
"ZNF667-AS1","ZNF667-AS1",1.27794517082083,8.74405128792669,7.13391227887453,3.03713330229259e-06,0.000528241112475556,4.86799587395687,"Up"
"CD302","CD302",2.05588629715618,7.94737142111286,7.10746951937685,3.17513312293946e-06,0.00054827010947333,4.82498435315451,"Up"
"TWIST1","TWIST1",1.72659187080191,8.7491477856597,7.09162873270814,3.26093512878599e-06,0.000548574264510474,4.79916795868457,"Up"
"XM_006715769","XM_006715769",1.72659187080191,8.7491477856597,7.09162873270814,3.26093512878599e-06,0.000548574264510474,4.79916795868457,"Up"
"XR_428085","XR_428085",1.72659187080191,8.7491477856597,7.09162873270814,3.26093512878599e-06,0.000548574264510474,4.79916795868457,"Up"
"RAB30","RAB30",1.23217234799099,6.75359823005839,7.09028652711401,3.26831596637771e-06,0.000548574264510474,4.79697878982285,"Up"
"GNB4","GNB4",1.30561521970802,7.38374012523608,7.0780870996258,3.33620876168327e-06,0.000552246087571874,4.77706891232577,"Up"
"MICU3","MICU3",1.6078754130021,4.26547004696934,7.00740992034278,3.75971998580054e-06,0.00058597921492977,4.66128403646842,"Up"
"XM_006716331","XM_006716331",1.6078754130021,4.26547004696934,7.00740992034278,3.75971998580054e-06,0.00058597921492977,4.66128403646842,"Up"
"XM_006716334","XM_006716334",1.6078754130021,4.26547004696934,7.00740992034278,3.75971998580054e-06,0.00058597921492977,4.66128403646842,"Up"
"XR_428307","XR_428307",1.6078754130021,4.26547004696934,7.00740992034278,3.75971998580054e-06,0.00058597921492977,4.66128403646842,"Up"
"XR_428309","XR_428309",1.6078754130021,4.26547004696934,7.00740992034278,3.75971998580054e-06,0.00058597921492977,4.66128403646842,"Up"
"ADM","ADM",2.14021455713878,12.3680808225966,6.99294323794262,3.85314433710756e-06,0.000592840835764459,4.63749236309111,"Up"
"CNTN3","CNTN3",2.95070675463703,8.3532119883857,6.98613408749575,3.89795526026293e-06,0.000595915427750516,4.62628331016478,"Up"
"KCNE4","KCNE4",3.12744444365153,6.2977536508031,6.97090598896437,4.00015691065631e-06,0.000607669406136537,4.60119009358256,"Up"
"PCDH18","PCDH18",2.44907070552013,6.78131680877891,6.94014389772277,4.21526347352539e-06,0.000610698324422111,4.55039373638822,"Up"
"ADGRL4","ADGRL4",2.93509588503465,5.02401273040663,6.93949813008095,4.21990669371322e-06,0.000610698324422111,4.54932588487343,"Up"
"CYTL1","CYTL1",3.22390099172869,8.57145492346405,6.92847783571417,4.29997570316377e-06,0.000610698324422111,4.53109292719553,"Up"
"ARHGEF6","ARHGEF6",1.47020251446522,6.9822767680848,6.89347905108067,4.56497447237214e-06,0.000626992451768305,4.47306719419697,"Up"
"BMP4","BMP4",1.7029529407332,6.7352702936176,6.88617255367223,4.62242167262804e-06,0.000626992451768305,4.46093033530694,"Up"
"XM_005268015","XM_005268015",1.7029529407332,6.7352702936176,6.88617255367223,4.62242167262804e-06,0.000626992451768305,4.46093033530694,"Up"
"PRRX1","PRRX1",2.77803938916406,9.6817373495892,6.8857167039069,4.62603075935126e-06,0.000626992451768305,4.46017285587284,"Up"
"PLCL2","PLCL2",1.93030575730568,5.27036721066426,6.86472887854109,4.79543127673455e-06,0.000639444119467681,4.42526394064083,"Up"
"ANGPT1","ANGPT1",3.18424352813303,4.16144049138222,6.83242863943194,5.06893055625777e-06,0.0006643055622662,4.3714101408313,"Up"
"CSF1","CSF1",1.02412898262895,6.42886960146725,6.8210750638513,5.16890063688112e-06,0.000664881161202403,4.35244330040123,"Up"
"FZD4","FZD4",1.11169434334238,7.08344566995598,6.81981740599398,5.18010070597656e-06,0.000664881161202403,4.35034111688924,"Up"
"LHFPL6","LHFPL6",1.77409699561795,8.96342272951801,6.76270869661239,5.71639151871496e-06,0.000718349891268044,4.2546335279767,"Up"
"XM_006719750","XM_006719750",1.77409699561795,8.96342272951801,6.76270869661239,5.71639151871496e-06,0.000718349891268044,4.2546335279767,"Up"
"ROBO2","ROBO2",1.79887266994789,7.46909642248403,6.75373403120359,5.80581273873618e-06,0.000722026514793502,4.23954853884389,"Up"
"XM_006713279","XM_006713279",1.79887266994789,7.46909642248403,6.75373403120359,5.80581273873618e-06,0.000722026514793502,4.23954853884389,"Up"
"ARNT2","ARNT2",1.18083777404959,5.45266399701807,6.74400977913697,5.90435555436067e-06,0.000730496608328685,4.22318997200968,"Up"
"CPED1","CPED1",1.96116943010072,6.99501131309739,6.71391974932223,6.22050961798227e-06,0.000761758529851074,4.17248131298732,"Up"
"TNFRSF19","TNFRSF19",2.36160227541123,7.04949947767657,6.68199732503898,6.57533261793391e-06,0.00077975002552081,4.1185361264259,"Up"
"ADAMTSL1","ADAMTSL1",1.70787203815676,5.91032096086491,6.68029521554937,6.59483606285828e-06,0.00077975002552081,4.11565546545316,"Up"
"FBLN1","FBLN1",2.31151518346652,7.79604012882566,6.6625955955784,6.80126572786451e-06,0.000796312097561971,4.08567475372536,"Up"
"VSTM4","VSTM4",1.12061543767407,4.48040821764238,6.63018854345527,7.19691877222091e-06,0.000824664346709976,4.0306598772189,"Up"
"XM_006717689","XM_006717689",1.12061543767407,4.48040821764238,6.63018854345527,7.19691877222091e-06,0.000824664346709976,4.0306598772189,"Up"
"JCAD","JCAD",2.783137372666,6.1696955943697,6.6287355593407,7.21521176606512e-06,0.000824664346709976,4.02818957151859,"Up"
"RCAN2","RCAN2",2.94311961951151,7.8112954915215,6.6072283012713,7.49174261967186e-06,0.000829171588912866,3.99158675599841,"Up"
"XM_006714948","XM_006714948",2.94311961951151,7.8112954915215,6.6072283012713,7.49174261967186e-06,0.000829171588912866,3.99158675599841,"Up"
"ZCCHC24","ZCCHC24",2.06530454851226,6.29854730713439,6.60686800017962,7.4964684107196e-06,0.000829171588912866,3.99097297523784,"Up"
"XM_005269604","XM_005269604",2.06530454851226,6.29854730713439,6.60686800017962,7.4964684107196e-06,0.000829171588912866,3.99097297523784,"Up"
"PODN","PODN",1.68634935768234,6.12037911627939,6.59928539208989,7.59664943815506e-06,0.00083439065281211,3.97805132128099,"Up"
"ARID5B","ARID5B",1.9343908335,9.32582879699286,6.5980442363047,7.61318027522091e-06,0.00083439065281211,3.97593542506081,"Up"
"LIN7A","LIN7A",1.16790605595791,3.64907184342892,6.58643442097261,7.76964241344582e-06,0.000837685094286542,3.95613207116674,"Up"
"XM_005269212","XM_005269212",1.16790605595791,3.64907184342892,6.58643442097261,7.76964241344582e-06,0.000837685094286542,3.95613207116674,"Up"
"SERPING1","SERPING1",1.4642658371701,10.0008669973895,6.55735244958584,8.17649724048779e-06,0.000872232385627502,3.90643701642804,"Up"
"VCAM1","VCAM1",1.9848129136565,4.52331328899104,6.5243345535396,8.66552037112224e-06,0.000903140590566997,3.84986264729107,"Up"
"NEGR1","NEGR1",2.55774175733397,4.40680161433781,6.52209441170548,8.69978631789739e-06,0.000903140590566997,3.84601837010152,"Up"
"ADAMTS1","ADAMTS1",1.91359223661605,7.14012053955363,6.50675616725714,8.93823892661184e-06,0.00090904919795143,3.81967642698203,"Up"
"AASS","AASS",1.84232960743354,5.04633685270717,6.50309762264643,8.99611738923425e-06,0.000911075145891985,3.8133880291312,"Up"
"GYPC","GYPC",1.6065251421882,7.01670298470414,6.47647882982908,9.42918862200624e-06,0.000939084586329434,3.76757466472357,"Up"
"XM_006712460","XM_006712460",1.6065251421882,7.01670298470414,6.47647882982908,9.42918862200624e-06,0.000939084586329434,3.76757466472357,"Up"
"SELENOM","SELENOM",2.07184043197114,8.66222981680353,6.46861172503359,9.56130691118595e-06,0.000947504650468802,3.75401436272973,"Up"
"FBN1","FBN1",2.26140548368546,7.95819267577618,6.45291935801227,9.83064534296932e-06,0.000967029301319465,3.72693823210967,"Up"
"CITED2","CITED2",2.06929157936809,8.74782350919154,6.44260546617456,1.00119730648295e-05,0.000976628461725503,3.70912224695376,"Up"
"APOD","APOD",2.91876189517223,11.3063135402398,6.44045056974584,1.00502970605033e-05,0.000976628461725503,3.70539791890632,"Up"
"NEXN","NEXN",2.17713099959738,5.12824769359127,6.43445835673042,1.01576732322912e-05,0.000983082552102634,3.69503787161563,"Up"
"TTC28","TTC28",1.58355911382307,6.53182140946584,6.42354843420528,1.03562569406524e-05,0.000998276622849557,3.6761617277206,"Up"
"BCKDHB","BCKDHB",1.16578789708361,7.62500671158764,6.41922246537746,1.04361167643489e-05,0.00100030369008824,3.66867209372338,"Up"
"KCTD12","KCTD12",2.02951255368967,9.43667384539526,6.41487763027617,1.05169719852893e-05,0.00100030369008824,3.66114698246771,"Up"
"TMEM47","TMEM47",2.28654815037072,7.90118286305638,6.41343358894487,1.05439894005635e-05,0.00100030369008824,3.65864532618289,"Up"
"GATA2","GATA2",1.1547770613872,6.76490014072789,6.40624938492682,1.06794835332215e-05,0.00100916914867867,3.64619478720069,"Up"
"SNAI1","SNAI1",1.18208588550161,5.20424745067762,6.39032389300222,1.09863567163406e-05,0.00103409621139454,3.61856774176061,"Up"
"FLT1","FLT1",1.65874768685818,5.21450115426556,6.36030314980039,1.1590117155748e-05,0.00107824027896226,3.56638579293193,"Up"
"IGFBP5","IGFBP5",3.80467713784365,9.81326389260688,6.3465594183135,1.18779793700401e-05,0.00109862323243343,3.54245164841697,"Up"
"COL1A1","COL1A1",2.45807943562336,9.74085943792568,6.34371255677209,1.19385336936406e-05,0.00109862323243343,3.53749043700547,"Up"
"TENT5A","TENT5A",2.09522812509286,7.64829019604274,6.33590840575313,1.21061893207756e-05,0.00109862323243343,3.52388399118697,"Up"
"SLC8A1","SLC8A1",1.35637421474914,4.34516298135626,6.32356139449634,1.23764727596201e-05,0.00109862323243343,3.50233859716591,"Up"
"REV3L","REV3L",1.14599237776823,8.35954849759123,6.32230828670729,1.24042536450904e-05,0.00109862323243343,3.50015066985748,"Up"
"XM_005267091","XM_005267091",1.14599237776823,8.35954849759123,6.32230828670729,1.24042536450904e-05,0.00109862323243343,3.50015066985748,"Up"
"MPP1","MPP1",1.19770314706047,7.20661221061366,6.31750704577661,1.25112986127216e-05,0.00110403010772994,3.49176553592562,"Up"
"ABCA6","ABCA6",2.05071564040465,6.84286146677404,6.31065949508636,1.26656363208757e-05,0.00111127009356992,3.47980068711265,"Up"
"STON1","STON1",1.4496458527621,7.72715631752585,6.27967474986945,1.33892310937228e-05,0.00113557711912203,3.42557332963593,"Up"
"FZD7","FZD7",2.06609064348366,7.61889149615739,6.2648834310132,1.37497325869791e-05,0.00116204606180518,3.39963628819415,"Up"
"ADGRA2","ADGRA2",2.70213831479623,5.14408374534393,6.25598717812677,1.39714171065314e-05,0.00116996816464639,3.38402078958959,"Up"
"LRRC32","LRRC32",1.35758824268421,5.9769423716205,6.25525992223413,1.39897034936053e-05,0.00116996816464639,3.38274372579181,"Up"
"XM_005273902","XM_005273902",1.35758824268421,5.9769423716205,6.25525992223413,1.39897034936053e-05,0.00116996816464639,3.38274372579181,"Up"
"FMOD","FMOD",3.05762371808134,9.19858988271559,6.2297642587884,1.46468036711592e-05,0.00121644491942963,3.33792368629397,"Up"
"MFAP4","MFAP4",2.51491591477259,6.73390243029472,6.22666674426924,1.47288000365884e-05,0.00121840257386619,3.33247185519308,"Up"
"PARD3B","PARD3B",1.04622333060428,7.13726200775591,6.2250457805034,1.47719002164429e-05,0.00121840257386619,3.32961828495708,"Up"
"FKBP7","FKBP7",1.6621428837463,6.17565861954484,6.21840759123413,1.49497807319932e-05,0.00122049196302483,3.3179282521445,"Up"
"XM_005246638","XM_005246638",1.6621428837463,6.17565861954484,6.21840759123413,1.49497807319932e-05,0.00122049196302483,3.3179282521445,"Up"
"XR_241312","XR_241312",1.6621428837463,6.17565861954484,6.21840759123413,1.49497807319932e-05,0.00122049196302483,3.3179282521445,"Up"
"PLBD2","PLBD2",1.31523990266427,6.41896057643999,6.21192364824766,1.51256842020944e-05,0.00123066668548702,3.30650355319868,"Up"
"AXIN2","AXIN2",1.50432390580066,7.38704419390564,6.18538915774317,1.58683258470778e-05,0.00128239581475273,3.25968501411411,"Up"
"COL4A2","COL4A2",2.1058778152708,6.50027972922485,6.1817959992369,1.59717735282408e-05,0.00128642452424441,3.25333709755159,"Up"
"LYRM9","LYRM9",1.2978309439041,7.14533584294853,6.17325632718131,1.62204618367243e-05,0.00129343363789055,3.23824268443758,"Up"
"XM_005257943","XM_005257943",1.2978309439041,7.14533584294853,6.17325632718131,1.62204618367243e-05,0.00129343363789055,3.23824268443758,"Up"
"XM_005257944","XM_005257944",1.2978309439041,7.14533584294853,6.17325632718131,1.62204618367243e-05,0.00129343363789055,3.23824268443758,"Up"
"TFAP2B","TFAP2B",2.28037508223303,7.22269670298457,6.15801456303064,1.66744029270236e-05,0.00130790529102752,3.21127514523414,"Up"
"XM_006715177","XM_006715177",2.28037508223303,7.22269670298457,6.15801456303064,1.66744029270236e-05,0.00130790529102752,3.21127514523414,"Up"
"XM_006715178","XM_006715178",2.28037508223303,7.22269670298457,6.15801456303064,1.66744029270236e-05,0.00130790529102752,3.21127514523414,"Up"
"SRPX","SRPX",2.22787209389383,7.73246026143845,6.15167494085136,1.68670933619195e-05,0.00131442848984672,3.20004824159812,"Up"
"EGR1","EGR1",3.40419890324655,10.6543658283217,6.14963861797413,1.69294777253703e-05,0.0013150204671985,3.19644083865169,"Up"
"ENG","ENG",1.34124978013862,7.07776134600787,6.14288487343588,1.71381103083777e-05,0.00132693201168284,3.18447201647333,"Up"
"IFITM2","IFITM2",1.38771778874163,9.86181697875005,6.13322834975356,1.74410776400982e-05,0.00133318708763579,3.16734728686239,"Up"
"DOCK11","DOCK11",1.84370690006129,6.3683210361102,6.12216715525193,1.77949823546214e-05,0.00135592116341467,3.14771466647949,"Up"
"LMO3","LMO3",1.52309467615948,5.1283086247049,6.11228499344742,1.81174905823791e-05,0.00137612661062742,3.13015949847113,"Up"
"ALDH2","ALDH2",1.90036987933575,8.96391865437119,6.10793242579384,1.82614639040614e-05,0.00138268661395988,3.12242282424288,"Up"
"JADE1","JADE1",1.12923612233136,8.01728345696981,6.09926035218911,1.85518802943866e-05,0.00138641580465566,3.10699994427232,"Up"
"SRGN","SRGN",2.79390815104525,7.62229925061204,6.09771855741387,1.86040145449606e-05,0.00138641580465566,3.10425677733269,"Up"
"NR_036430","NR_036430",2.79390815104525,7.62229925061204,6.09771855741387,1.86040145449606e-05,0.00138641580465566,3.10425677733269,"Up"
"PBX1","PBX1",1.35806004744429,9.01410086185716,6.08011017483214,1.92103620277864e-05,0.00138641580465566,3.07290313046864,"Up"
"XM_005245230","XM_005245230",1.35806004744429,9.01410086185716,6.08011017483214,1.92103620277864e-05,0.00138641580465566,3.07290313046864,"Up"
"GPNMB","GPNMB",2.86168138816837,7.55477650481094,6.07430399323478,1.94147812289261e-05,0.00138641580465566,3.06255461954259,"Up"
"NTRK3","NTRK3",1.95125180433842,6.08819060802822,6.0734218697532,1.94460359372504e-05,0.00138641580465566,3.06098195510722,"Up"
"XM_006720542","XM_006720542",1.95125180433842,6.08819060802822,6.0734218697532,1.94460359372504e-05,0.00138641580465566,3.06098195510722,"Up"
"XM_006720547","XM_006720547",1.95125180433842,6.08819060802822,6.0734218697532,1.94460359372504e-05,0.00138641580465566,3.06098195510722,"Up"
"XM_006720551","XM_006720551",1.95125180433842,6.08819060802822,6.0734218697532,1.94460359372504e-05,0.00138641580465566,3.06098195510722,"Up"
"XM_006720552","XM_006720552",1.95125180433842,6.08819060802822,6.0734218697532,1.94460359372504e-05,0.00138641580465566,3.06098195510722,"Up"
"CD200","CD200",1.75404201761124,5.18423177735347,6.06639134202678,1.96970164731098e-05,0.00138641580465566,3.04844373723785,"Up"
"XM_005247481","XM_005247481",1.75404201761124,5.18423177735347,6.06639134202678,1.96970164731098e-05,0.00138641580465566,3.04844373723785,"Up"
"XM_005247483","XM_005247483",1.75404201761124,5.18423177735347,6.06639134202678,1.96970164731098e-05,0.00138641580465566,3.04844373723785,"Up"
"XM_005247485","XM_005247485",1.75404201761124,5.18423177735347,6.06639134202678,1.96970164731098e-05,0.00138641580465566,3.04844373723785,"Up"
"XM_005247491","XM_005247491",1.75404201761124,5.18423177735347,6.06639134202678,1.96970164731098e-05,0.00138641580465566,3.04844373723785,"Up"
"XM_006713648","XM_006713648",1.75404201761124,5.18423177735347,6.06639134202678,1.96970164731098e-05,0.00138641580465566,3.04844373723785,"Up"
"ATP8B2","ATP8B2",1.79071435745054,7.28564402273739,6.05931176564343,1.99531579323714e-05,0.00140033829442333,3.03581073010562,"Up"
"TNS1","TNS1",2.47689358269902,7.83928284908552,6.04966429344933,2.03078019211517e-05,0.00141283438177242,3.01858368212081,"Up"
"XM_005246825","XM_005246825",2.47689358269902,7.83928284908552,6.04966429344933,2.03078019211517e-05,0.00141283438177242,3.01858368212081,"Up"
"XM_006712721","XM_006712721",2.47689358269902,7.83928284908552,6.04966429344933,2.03078019211517e-05,0.00141283438177242,3.01858368212081,"Up"
"GASK1B","GASK1B",1.59334470920045,8.74924600551222,6.04768688246952,2.03812989983968e-05,0.00141384953340901,3.01505102859705,"Up"
"KCNT2","KCNT2",3.04131344234526,5.54966276913953,6.0250966403381,2.12408645216525e-05,0.00146500928232386,2.9746529014996,"Up"
"GPC3","GPC3",1.45530662818448,5.05995405211297,6.00520407322588,2.20290232534282e-05,0.00150638352173443,2.9390173472189,"Up"
"MEF2C","MEF2C",2.11119111575084,5.74819221055351,5.9964262494029,2.23864288844861e-05,0.00152215032885392,2.92327441014271,"Up"
"XM_006714619","XM_006714619",2.11119111575084,5.74819221055351,5.9964262494029,2.23864288844861e-05,0.00152215032885392,2.92327441014271,"Up"
"CALHM5","CALHM5",1.44326096267618,5.34797882050053,5.98849629259565,2.2714500690931e-05,0.00154009447905007,2.90904246987875,"Up"
"DPT","DPT",2.51661569108058,5.31830474236477,5.98670564524822,2.27892719262495e-05,0.00154081156274321,2.90582751828021,"Up"
"WIPF1","WIPF1",2.52191170509695,6.44704149214221,5.98317483033914,2.29374578950774e-05,0.00154342150536772,2.89948688088488,"Up"
"KANK2","KANK2",1.60412784774006,8.11499084211193,5.96577213128296,2.36826261254128e-05,0.00157459942454891,2.86820864321847,"Up"
"PTGIS","PTGIS",2.45830656266958,6.65931024734618,5.95123205762515,2.43245203708092e-05,0.00160394818115429,2.84204175408722,"Up"
"ZFPM2","ZFPM2",1.76053965532882,4.50457156784731,5.94413801306705,2.46442420734433e-05,0.00161615054165788,2.82926390815951,"Up"
"XM_005250850","XM_005250850",1.76053965532882,4.50457156784731,5.94413801306705,2.46442420734433e-05,0.00161615054165788,2.82926390815951,"Up"
"SOD3","SOD3",1.75034278268399,7.76971863969798,5.92325105648295,2.5611227677824e-05,0.00166776291738537,2.79159986776504,"Up"
"SYNE3","SYNE3",1.71696506657652,6.51656719275304,5.91102266741873,2.619559286119e-05,0.00166776291738537,2.76951997225678,"Up"
"XM_006720065","XM_006720065",1.71696506657652,6.51656719275304,5.91102266741873,2.619559286119e-05,0.00166776291738537,2.76951997225678,"Up"
"XM_006720066","XM_006720066",1.71696506657652,6.51656719275304,5.91102266741873,2.619559286119e-05,0.00166776291738537,2.76951997225678,"Up"
"XM_006720067","XM_006720067",1.71696506657652,6.51656719275304,5.91102266741873,2.619559286119e-05,0.00166776291738537,2.76951997225678,"Up"
"GLDN","GLDN",2.06747469458151,6.00180577801949,5.88525484248993,2.74728238499981e-05,0.00174289715720075,2.72292231437278,"Up"
"NUDT11","NUDT11",1.50895446347978,5.1911044693009,5.88336954927327,2.756877856835e-05,0.00174289715720075,2.71950926021911,"Up"
"DLC1","DLC1",2.1858362573937,5.87742005267742,5.88288351980261,2.75935721913292e-05,0.00174289715720075,2.718629290365,"Up"
"ASPN","ASPN",2.27547969986059,4.73632657112508,5.87268802427583,2.81190496959742e-05,0.00177142632756633,2.70016223302879,"Up"
"MYL9","MYL9",2.01766322641198,5.76451086018087,5.87081060452137,2.82169410746945e-05,0.00177293984208067,2.69676004192632,"Up"
"EML1","EML1",1.0705263787122,5.1751879781764,5.86527437520557,2.85076762131615e-05,0.0017865306644081,2.6867245432604,"Up"
"ANTXR1","ANTXR1",2.15453394463536,9.73799977084616,5.86365930647338,2.85930770434346e-05,0.00178721623749093,2.68379608615088,"Up"
"NR_026779","NR_026779",1.70415420209983,6.52247391665954,5.85251447594383,2.91896848892984e-05,0.00179184352100496,2.66357797894936,"Up"
"ABCA9","ABCA9",1.59846460871103,5.49271371496557,5.84881528008898,2.93905596891321e-05,0.00179957197361875,2.65686324194166,"Up"
"RUNX1T1","RUNX1T1",2.03515438374177,5.17996457432809,5.84523165626992,2.9586529199893e-05,0.00180495941059783,2.65035642052502,"Up"
"RFTN2","RFTN2",1.71335164108162,3.65653704433645,5.84445920912061,2.96289479116551e-05,0.00180495941059783,2.64895363961534,"Up"
"ADAMTS2","ADAMTS2",1.70447559444477,4.46318376584928,5.83512435246498,3.01465956286018e-05,0.00182721865726692,2.63199458382414,"Up"
"DPYSL2","DPYSL2",1.13483462802893,10.9479682422657,5.8305013411926,3.040642813072e-05,0.00183370625124006,2.62359113544694,"Up"
"VIT","VIT",3.08247077427642,8.52463312154793,5.82591884484682,3.06662812484203e-05,0.00184013020631146,2.61525831819294,"Up"
"XM_005264367","XM_005264367",3.08247077427642,8.52463312154793,5.82591884484682,3.06662812484203e-05,0.00184013020631146,2.61525831819294,"Up"
"CFHR1","CFHR1",1.36589064713504,10.5991727248903,5.82077727807136,3.09605861594308e-05,0.00185315707979715,2.60590531580021,"Up"
"EBF1","EBF1",3.13869249961889,5.45058237595178,5.81739133986417,3.11560000258505e-05,0.00186021470801111,2.59974390894527,"Up"
"ABCB4","ABCB4",1.32945206842415,4.55415793799341,5.81491122498252,3.12999487555027e-05,0.00186417213406843,2.59522979487319,"Up"
"CLDN11","CLDN11",1.92062069191513,8.91679276766588,5.80902831620024,3.16441703928407e-05,0.00187175973007262,2.58451866915285,"Up"
"RFTN1","RFTN1",1.50536676676246,6.50478172241988,5.7976390880623,3.23218042793837e-05,0.00188393049199608,2.56376806603835,"Up"
"XM_006713071","XM_006713071",1.50536676676246,6.50478172241988,5.7976390880623,3.23218042793837e-05,0.00188393049199608,2.56376806603835,"Up"
"PAPSS2","PAPSS2",2.3818951001006,7.54883887734809,5.78876487607114,3.28602421793301e-05,0.00190510032074464,2.54758689962364,"Up"
"PLPP1","PLPP1",1.53427225773131,9.62365326414306,5.78624139425533,3.30150486946367e-05,0.00190946312956306,2.54298355859437,"Up"
"SSPN","SSPN",1.10027064224188,8.76828974127702,5.77565830443969,3.36725813454572e-05,0.00193351506567862,2.52366801224154,"Up"
"ALDH7A1","ALDH7A1",1.10507654211501,9.89818645076496,5.76330510640049,3.44573330484411e-05,0.00196915454244924,2.50110168461323,"Up"
"ROR1","ROR1",1.83709901299835,3.57708713517341,5.75770585749412,3.48192662606281e-05,0.00198040765115544,2.49086608007941,"Up"
"CCDC102B","CCDC102B",1.6221481087976,5.13647267734577,5.74978027316079,3.53383366059575e-05,0.00198911510896093,2.47637027657378,"Up"
"XM_005266768","XM_005266768",1.6221481087976,5.13647267734577,5.74978027316079,3.53383366059575e-05,0.00198911510896093,2.47637027657378,"Up"
"XM_006722545","XM_006722545",1.6221481087976,5.13647267734577,5.74978027316079,3.53383366059575e-05,0.00198911510896093,2.47637027657378,"Up"
"XR_430083","XR_430083",1.6221481087976,5.13647267734577,5.74978027316079,3.53383366059575e-05,0.00198911510896093,2.47637027657378,"Up"
"POSTN","POSTN",2.28830198955315,6.9036156008206,5.7272631588336,3.68573602212401e-05,0.00205805238197011,2.43513831679669,"Up"
"LIFR","LIFR",2.55511649181185,5.61810821075039,5.72707455716317,3.68703659797995e-05,0.00205805238197011,2.43479265898233,"Up"
"GREM2","GREM2",1.19658746771831,4.71162484757126,5.695806517781,3.90938561574439e-05,0.0021374276434874,2.37741730041991,"Up"
"IGSF10","IGSF10",1.26123197351449,4.88167001330268,5.67870167916889,4.03686656886228e-05,0.00217736789631084,2.34597269563824,"Up"
"XM_006713596","XM_006713596",1.26123197351449,4.88167001330268,5.67870167916889,4.03686656886228e-05,0.00217736789631084,2.34597269563824,"Up"
"XM_006713597","XM_006713597",1.26123197351449,4.88167001330268,5.67870167916889,4.03686656886228e-05,0.00217736789631084,2.34597269563824,"Up"
"ADH1B","ADH1B",3.65331175211986,7.46875314876389,5.67617574642484,4.05605465844258e-05,0.00218281219533495,2.34132568924175,"Up"
"UST","UST",1.74771319059654,6.67817621270536,5.66533029613119,4.13952352564652e-05,0.0022094878513397,2.32136297985742,"Up"
"XM_005266790","XM_005266790",1.74771319059654,6.67817621270536,5.66533029613119,4.13952352564652e-05,0.0022094878513397,2.32136297985742,"Up"
"FADS3","FADS3",1.20148986005426,7.03764239948279,5.66495488166589,4.14244451755214e-05,0.0022094878513397,2.3206716781452,"Up"
"RORB","RORB",2.1120920480311,5.68743427480381,5.6420574853069,4.32470873473812e-05,0.00228135514398208,2.27847046840098,"Up"
"MBNL1","MBNL1",1.15678255194554,4.93163561051318,5.6333646134386,4.39606632834031e-05,0.00228881527142786,2.26242991493623,"Up"
"XM_005247472","XM_005247472",1.15678255194554,4.93163561051318,5.6333646134386,4.39606632834031e-05,0.00228881527142786,2.26242991493623,"Up"
"XM_006713641","XM_006713641",1.15678255194554,4.93163561051318,5.6333646134386,4.39606632834031e-05,0.00228881527142786,2.26242991493623,"Up"
"C14orf132","C14orf132",1.57777105323932,8.36317700161472,5.59160074301202,4.75632671691576e-05,0.00242380793756714,2.18521908903148,"Up"
"MASP1","MASP1",1.42480466154941,6.35465434048491,5.56966052720796,4.95772576768683e-05,0.00250681281405715,2.14456084303623,"Up"
"NAP1L3","NAP1L3",1.68155445961755,5.99126436210006,5.56725248638842,4.98036254348121e-05,0.00251131642371084,2.14009438658378,"Up"
"ACTA2","ACTA2",1.99296740006964,9.09636260022443,5.5434140593952,5.21032343426839e-05,0.00259456811347116,2.09583583635166,"Up"
"SGCD","SGCD",1.93381447325216,5.26664004156335,5.53985747585742,5.24556487228076e-05,0.00260670906965803,2.08922601028949,"Up"
"RNF157","RNF157",1.49288158897382,4.3722796154854,5.52765329859873,5.36838382641156e-05,0.00264604922244642,2.06653173513819,"Up"
"XM_005257009","XM_005257009",1.49288158897382,4.3722796154854,5.52765329859873,5.36838382641156e-05,0.00264604922244642,2.06653173513819,"Up"
"MEDAG","MEDAG",1.36516893962852,5.88801520840167,5.52760974071347,5.36882747825768e-05,0.00264604922244642,2.06645070078361,"Up"
"SH3RF3","SH3RF3",1.46379067648346,5.76558928752513,5.52214644008743,5.42477548533633e-05,0.00265163056327453,2.05628482395946,"Up"
"XM_006712493","XM_006712493",1.46379067648346,5.76558928752513,5.52214644008743,5.42477548533633e-05,0.00265163056327453,2.05628482395946,"Up"
"XM_006712494","XM_006712494",1.46379067648346,5.76558928752513,5.52214644008743,5.42477548533633e-05,0.00265163056327453,2.05628482395946,"Up"
"MGARP","MGARP",2.67042687089446,11.3778112482356,5.51598751773179,5.48857240605031e-05,0.00267106569138299,2.04481970338045,"Up"
"SH3BP5","SH3BP5",1.76048663220208,8.41240212427927,5.51502381217035,5.4986250486367e-05,0.00267106569138299,2.04302525494628,"Up"
"FLI1","FLI1",2.05030989560459,5.46544862696776,5.51341940730529,5.51540333105592e-05,0.00267106569138299,2.04003752597912,"Up"
"GMPR","GMPR",1.55286231698637,6.85162142530716,5.51300530702742,5.51974245032066e-05,0.00267106569138299,2.03926633017313,"Up"
"TNXB","TNXB",1.5850333546769,7.6399868960219,5.502344989032,5.63267224997169e-05,0.00269313544509603,2.01940519034089,"Up"
"TNXA","TNXA",1.5850333546769,7.6399868960219,5.502344989032,5.63267224997169e-05,0.00269313544509603,2.01940519034089,"Up"
"MSRB3","MSRB3",1.98659953726518,7.5628722777388,5.49668623648988,5.69358836358891e-05,0.00271684906367517,2.00885617397624,"Up"
"DEPP1","DEPP1",1.85877431283879,7.95547967956436,5.49266536454256,5.7372873894458e-05,0.00273226928415631,2.00135785689313,"Up"
"TSPAN4","TSPAN4",1.00380243337557,7.75403129901599,5.48866953201474,5.78105868660748e-05,0.00274766278407827,1.99390407287968,"Up"
"CDO1","CDO1",4.30633968434171,6.10714371989729,5.46987572869683,5.99161983558222e-05,0.00280333059051938,1.95881746377395,"Up"
"XR_427700","XR_427700",4.30633968434171,6.10714371989729,5.46987572869683,5.99161983558222e-05,0.00280333059051938,1.95881746377395,"Up"
"SGCE","SGCE",1.90303719087222,5.88183685443786,5.45774837795986,6.13169573806123e-05,0.00284618795076448,1.93615142737731,"Up"
"XM_005250675","XM_005250675",1.90303719087222,5.88183685443786,5.45774837795986,6.13169573806123e-05,0.00284618795076448,1.93615142737731,"Up"
"XM_006716167","XM_006716167",1.90303719087222,5.88183685443786,5.45774837795986,6.13169573806123e-05,0.00284618795076448,1.93615142737731,"Up"
"STUM","STUM",1.16518426446844,4.2802196482396,5.45682403695172,6.14251045119574e-05,0.00284618795076448,1.93442302420056,"Up"
"ADARB1","ADARB1",2.06354090088897,7.28454776349312,5.4439369394507,6.29536342836165e-05,0.00290253308486187,1.91031384421278,"Up"
"XM_006723955","XM_006723955",2.06354090088897,7.28454776349312,5.4439369394507,6.29536342836165e-05,0.00290253308486187,1.91031384421278,"Up"
"TGFB1I1","TGFB1I1",1.56867725513562,7.28209190202579,5.44351862533086,6.30039053917604e-05,0.00290253308486187,1.90953089038192,"Up"
"PIK3R1","PIK3R1",1.62110571441593,9.597422264224,5.43821919662288,6.36443788344983e-05,0.00292279861943159,1.89960998790683,"Up"
"ITGA8","ITGA8",2.04466618459593,4.54233542346679,5.43432644395855,6.41191388849083e-05,0.00293258361393701,1.8923200963958,"Up"
"GBP2","GBP2",1.74798630886392,7.0048026744788,5.43152817450958,6.44626806095179e-05,0.00293258361393701,1.88707857800211,"Up"
"CHRD","CHRD",1.02054690933421,4.6781530255932,5.42492791590742,6.52805617772928e-05,0.00293420232917338,1.87471131829024,"Up"
"BGN","BGN",2.92085747167346,8.02525556522024,5.41874621129801,6.60563242605181e-05,0.0029617593096586,1.86312307561975,"Up"
"ISLR","ISLR",1.95387670657053,6.19740447612368,5.41808040368204,6.61404462118577e-05,0.0029617593096586,1.86187464799056,"Up"
"PITX2","PITX2",2.40102651857642,7.50930374192842,5.39931661896341,6.85573536265368e-05,0.00304724741063729,1.82666732340947,"Up"
"RBMS3","RBMS3",1.17850875239002,7.5988921781782,5.39074023125026,6.96923274967925e-05,0.00308058056091715,1.8105595703432,"Up"
"XM_006713109","XM_006713109",1.17850875239002,7.5988921781782,5.39074023125026,6.96923274967925e-05,0.00308058056091715,1.8105595703432,"Up"
"FCGRT","FCGRT",1.11695893359768,7.84871360831951,5.37629520097224,7.16481129327347e-05,0.00314361976591757,1.78340772037266,"Up"
"CALHM2","CALHM2",1.12306185916244,7.04124914945965,5.37443327651937,7.19043101195211e-05,0.00314361976591757,1.77990592681525,"Up"
"XM_006717879","XM_006717879",1.12306185916244,7.04124914945965,5.37443327651937,7.19043101195211e-05,0.00314361976591757,1.77990592681525,"Up"
"TMEM237","TMEM237",1.52115150320858,6.57422187763334,5.37219244362679,7.22139021363869e-05,0.00315141468923192,1.77569090228025,"Up"
"COL6A1","COL6A1",1.9637452536004,9.55658204838127,5.3690584632098,7.26492066995092e-05,0.00315892438261163,1.76979475568391,"Up"
"XM_006723964","XM_006723964",1.9637452536004,9.55658204838127,5.3690584632098,7.26492066995092e-05,0.00315892438261163,1.76979475568391,"Up"
"DCHS1","DCHS1",1.7849919986085,5.65964185566413,5.3585328894063,7.41311732149122e-05,0.00321166156174946,1.74998294429188,"Up"
"CNRIP1","CNRIP1",2.05776699536107,7.16785026119189,5.3569071565614,7.43628453877179e-05,0.00321166156174946,1.74692160916791,"Up"
"VGLL3","VGLL3",1.76472072306143,6.02760921435071,5.34970441048108,7.53983085643714e-05,0.00322623543350452,1.73335433216486,"Up"
"PDGFRL","PDGFRL",2.16780437455398,7.41017744098823,5.34554986120685,7.60023384124611e-05,0.00323654369026677,1.72552564024709,"Up"
"PLSCR4","PLSCR4",1.39423498521865,8.48040080518054,5.34520680231887,7.60524390180175e-05,0.00323654369026677,1.72487909120282,"Up"
"LRP1","LRP1",1.2767842412278,7.24128310685015,5.3391373150579,7.69445049463422e-05,0.00325718167146756,1.7134376443707,"Up"
"MEST","MEST",1.77438109651438,6.51368768372241,5.33637763118863,7.73536845964589e-05,0.00326873791845811,1.70823384541432,"Up"
"NPR2","NPR2",1.30935217533499,5.51107188149334,5.327382142502,7.87031491478136e-05,0.0033132955277858,1.69126463471742,"Up"
"ABCA8","ABCA8",2.4743978503549,7.18294493848643,5.32026191648509,7.97885515815429e-05,0.0033132955277858,1.67782550919764,"Up"
"XR_243626","XR_243626",2.4743978503549,7.18294493848643,5.32026191648509,7.97885515815429e-05,0.0033132955277858,1.67782550919764,"Up"
"AR","AR",1.91624297644519,5.07595891974213,5.31564892603136,8.05000083421147e-05,0.00332873407830741,1.66911518426786,"Up"
"FAXDC2","FAXDC2",1.42487918108473,7.15732302867804,5.3081786878059,8.16660849351697e-05,0.00333869317467947,1.65500392949629,"Up"
"ITGA7","ITGA7",1.20402054948201,6.05112820586269,5.3074666272989,8.17781432331519e-05,0.00333869317467947,1.6536584739243,"Up"
"XM_005268845","XM_005268845",1.20402054948201,6.05112820586269,5.3074666272989,8.17781432331519e-05,0.00333869317467947,1.6536584739243,"Up"
"DNAJB4","DNAJB4",1.15784803333366,7.44457010218502,5.30738393582227,8.17911668490763e-05,0.00333869317467947,1.6535022221424,"Up"
"XM_006710308","XM_006710308",1.15784803333366,7.44457010218502,5.30738393582227,8.17911668490763e-05,0.00333869317467947,1.6535022221424,"Up"
"IRAG1","IRAG1",1.7622606450517,6.5403624831277,5.2898605597809,8.46000148637644e-05,0.0034416433165425,1.62037063862443,"Up"
"CLIP3","CLIP3",1.30392584230522,6.64673921404903,5.28512097493752,8.53767388776141e-05,0.00344690425040356,1.611402696772,"Up"
"LIMS2","LIMS2",1.12139802848846,5.69610863715384,5.28469213192127,8.54473805928721e-05,0.00344690425040356,1.61059112528123,"Up"
"XM_005263709","XM_005263709",1.12139802848846,5.69610863715384,5.28469213192127,8.54473805928721e-05,0.00344690425040356,1.61059112528123,"Up"
"GGT5","GGT5",1.20843152500284,6.39786853150608,5.28182544565569,8.59211542404783e-05,0.00345252704145316,1.60516541006801,"Up"
"PREX1","PREX1",1.24450260911925,5.16188745253667,5.27733917550733,8.66680533914459e-05,0.00345962311436351,1.59667223429964,"Up"
"CRISPLD2","CRISPLD2",3.1255387961184,7.09813526816737,5.27410763726737,8.72102150276356e-05,0.00346844237150828,1.59055285947426,"Up"
"NES","NES",1.16677963181072,6.00930151788931,5.23459910480728,9.41293990072824e-05,0.00362647485549405,1.51563052624013,"Up"
"ENPP2","ENPP2",2.82857799762756,7.40919526810798,5.23065989751037,9.48497042557699e-05,0.00364253216247518,1.50814955056371,"Up"
"DIRAS3","DIRAS3",1.83566452561582,5.55545339753796,5.22322383103185,9.62249966508898e-05,0.00367184796441122,1.49402234290656,"Up"
"RHOB","RHOB",1.89371235164325,10.8837216715414,5.21468711074291,9.78292937203177e-05,0.00371534605676434,1.47779552632183,"Up"
"BAMBI","BAMBI",1.95543795436477,7.7626729667022,5.21346231682796,9.80617250023201e-05,0.00371828992654927,1.4754666573506,"Up"
"HLX","HLX",1.2537804191826,5.56475921618427,5.20822144533866,9.90627573379837e-05,0.00373852877614196,1.46549934792801,"Up"
"COL6A2","COL6A2",1.66666885902599,7.67117820937775,5.20417757474573,9.98423695492516e-05,0.00375026064776391,1.45780619841246,"Up"
"SLC25A27","SLC25A27",1.31195961755207,6.17489331679737,5.19952188670222,0.000100747788749439,0.00376658633265425,1.44894658622276,"Up"
"XM_005249484","XM_005249484",1.31195961755207,6.17489331679737,5.19952188670222,0.000100747788749439,0.00376658633265425,1.44894658622276,"Up"
"EMX2","EMX2",1.71770247989772,8.04185260921404,5.19397874975821,0.000101836867813181,0.003793528982446,1.43839466732508,"Up"
"SYNE1","SYNE1",1.40571572583028,7.13940659261643,5.18732024026494,0.0001031611852737,0.00381521536046124,1.42571447207135,"Up"
"CCDC3","CCDC3",1.55038409911844,6.9605728892661,5.18201016859284,0.000104230054960053,0.00384881504484798,1.41559824254776,"Up"
"FIGN","FIGN",1.69409022957444,4.68164651903616,5.17588157950942,0.000105477917995953,0.00388294630021297,1.40391831160777,"Up"
"XM_005246662","XM_005246662",1.69409022957444,4.68164651903616,5.17588157950942,0.000105477917995953,0.00388294630021297,1.40391831160777,"Up"
"C1QTNF7","C1QTNF7",2.44393627351764,5.91052086259675,5.17227133531405,0.000106220224798097,0.00390428458744857,1.39703569544925,"Up"
"POU3F3","POU3F3",1.81902522596731,7.65731332208021,5.1706886387105,0.000106547344164409,0.00391032011411948,1.39401791468291,"Up"
"TEK","TEK",1.40010895820621,5.15153474461526,5.16974707955104,0.000106742443585693,0.00391149943655543,1.39222246555135,"Up"
"SMAD6","SMAD6",1.15252374157695,6.89496690122453,5.1605684201273,0.000108663783980206,0.00395194596065482,1.37471405349699,"Up"
"USP53","USP53",1.47240775514018,8.9378247832357,5.15058786029591,0.000110793560424501,0.00399889780046447,1.35566425020092,"Up"
"ELAPOR2","ELAPOR2",1.17553946197811,6.2557725231347,5.14247785472769,0.000112555895833914,0.00405640632403244,1.34017576612064,"Up"
"ANGPTL2","ANGPTL2",1.97142291432028,7.85318593024516,5.13745089977256,0.000113662779142189,0.00406492031575365,1.33057125474223,"Up"
"KLF15","KLF15",1.5149619141414,6.99263836293936,5.13679384123681,0.000113808284817367,0.00406492031575365,1.32931564938641,"Up"
"XM_005247400","XM_005247400",1.5149619141414,6.99263836293936,5.13679384123681,0.000113808284817367,0.00406492031575365,1.32931564938641,"Up"
"CTHRC1","CTHRC1",3.4323635567784,7.16144769420673,5.12122924992695,0.000117311880405142,0.00416577117357905,1.29955714556106,"Up"
"SYNPO2","SYNPO2",3.01928483004079,6.78945523712724,5.1180700655196,0.000118036503385833,0.00418480377291989,1.29351339610592,"Up"
"SNED1","SNED1",1.52329876421257,7.01938916774178,5.10588346213118,0.000120875311175369,0.00426027785437769,1.27018822901489,"Up"
"XM_006712405","XM_006712405",1.52329876421257,7.01938916774178,5.10588346213118,0.000120875311175369,0.00426027785437769,1.27018822901489,"Up"
"HMCN1","HMCN1",1.94999178188316,4.69889277840608,5.10338151441386,0.000121466793650322,0.00426234792572373,1.26539728210816,"Up"
"NOVA1","NOVA1",1.62612250487143,5.75700297188912,5.09219892232252,0.00012414719215002,0.00434665460367486,1.24397468055403,"Up"
"ITGA11","ITGA11",1.37006116668092,5.44244383724323,5.09185114251567,0.00012423152479464,0.00434665460367486,1.24330819465104,"Up"
"ZFP36L2","ZFP36L2",1.12835201011139,8.71852094724044,5.08873059205095,0.00012499087265859,0.00435395045335163,1.23732731718583,"Up"
"CRTAC1","CRTAC1",2.99421337615253,10.6874206027118,5.08650526809377,0.000125535302178545,0.0043541883278749,1.23306152736648,"Up"
"XM_005269938","XM_005269938",2.99421337615253,10.6874206027118,5.08650526809377,0.000125535302178545,0.0043541883278749,1.23306152736648,"Up"
"SLC40A1","SLC40A1",2.86947099270699,6.48692843724785,5.08428020217247,0.000126082115291187,0.00436684405659316,1.22879563992953,"Up"
"IGFBP4","IGFBP4",1.58295039843678,6.53732427281917,5.06897418806471,0.000129910800439892,0.0044736284535987,1.19943500436889,"Up"
"DCN","DCN",2.63613456484778,12.3601499266027,5.06172184211239,0.000131766604935484,0.00450521659780838,1.18551352426457,"Up"
"XM_005268693","XM_005268693",2.63613456484778,12.3601499266027,5.06172184211239,0.000131766604935484,0.00450521659780838,1.18551352426457,"Up"
"THBS4","THBS4",1.44516242948046,9.58517143935207,5.05951059898469,0.000132337863885697,0.00451831210381863,1.18126761944997,"Up"
"SNORD115-7","SNORD115-7",2.2956103037879,4.85902018103999,5.05149070072314,0.000134431270903492,0.00455737198336952,1.16586341063419,"Up"
"SNORD115-13","SNORD115-13",2.2956103037879,4.85902018103999,5.05149070072314,0.000134431270903492,0.00455737198336952,1.16586341063419,"Up"
"SNORD115-26","SNORD115-26",2.2956103037879,4.85902018103999,5.05149070072314,0.000134431270903492,0.00455737198336952,1.16586341063419,"Up"
"HLF","HLF",2.00189241026374,8.64406548442343,5.04118298789686,0.000137172120665524,0.00459154910230916,1.14605374830303,"Up"
"ADAM33","ADAM33",1.05333217501595,5.86011526802189,5.04054682658837,0.000137343154392539,0.00459154910230916,1.1448307456541,"Up"
"XM_006723643","XM_006723643",1.05333217501595,5.86011526802189,5.04054682658837,0.000137343154392539,0.00459154910230916,1.1448307456541,"Up"
"GAGE12J","GAGE12J",1.50031822580929,3.0636715245987,5.03838395981934,0.000137926293757391,0.00459154910230916,1.1406723383798,"Up"
"GAGE12C","GAGE12C",1.50031822580929,3.0636715245987,5.03838395981934,0.000137926293757391,0.00459154910230916,1.1406723383798,"Up"
"GAGE12H","GAGE12H",1.50031822580929,3.0636715245987,5.03838395981934,0.000137926293757391,0.00459154910230916,1.1406723383798,"Up"
"GAGE13","GAGE13",1.50031822580929,3.0636715245987,5.03838395981934,0.000137926293757391,0.00459154910230916,1.1406723383798,"Up"
"GAGE12E","GAGE12E",1.50031822580929,3.0636715245987,5.03838395981934,0.000137926293757391,0.00459154910230916,1.1406723383798,"Up"
"GAGE12D","GAGE12D",1.50031822580929,3.0636715245987,5.03838395981934,0.000137926293757391,0.00459154910230916,1.1406723383798,"Up"
"GAGE2E","GAGE2E",1.50031822580929,3.0636715245987,5.03838395981934,0.000137926293757391,0.00459154910230916,1.1406723383798,"Up"
"GAGE2A","GAGE2A",1.50031822580929,3.0636715245987,5.03838395981934,0.000137926293757391,0.00459154910230916,1.1406723383798,"Up"
"GAGE8","GAGE8",1.50031822580929,3.0636715245987,5.03838395981934,0.000137926293757391,0.00459154910230916,1.1406723383798,"Up"
"HHEX","HHEX",1.41312895805955,4.17395566225395,5.02088617275385,0.000142738839019022,0.00468548176684469,1.10701031675205,"Up"
"FOXO3","FOXO3",1.22702544887551,7.98034751546045,4.99846602922886,0.000149159386878729,0.00481847053009858,1.06382666960164,"Up"
"OLFML3","OLFML3",2.56065782079734,8.58985483268043,4.99477550045406,0.000150244459920878,0.00484631357623214,1.05671273818474,"Up"
"OR7E2P","OR7E2P",1.01344101357842,2.55143165538007,4.99143791765111,0.000151232766794345,0.00484631357623214,1.05027780209203,"Up"
"LMOD1","LMOD1",1.81513384075431,6.08102500020194,4.98461892161207,0.000153272853695692,0.00488559765525098,1.037126644345,"Up"
"OLFML2B","OLFML2B",1.13103246524021,6.78883018530132,4.9810381967072,0.000154355459703742,0.00489410798389594,1.03021870223428,"Up"
"CCN2","CCN2",2.80259964005887,8.97654648584938,4.97650090698577,0.000155738604579306,0.00491847103567435,1.02146324723362,"Up"
"SHC3","SHC3",1.61061174592061,6.09415646761106,4.97386634480313,0.000156547577581856,0.00493104325081327,1.01637834287436,"Up"
"CIRBP","CIRBP",1.03986226055547,10.8367423482225,4.97048670073427,0.000157591680732986,0.00495742532235011,1.00985421575255,"Up"
"TBX3","TBX3",1.85065047517725,5.51264626410781,4.96585192199721,0.000159035223019837,0.00498324206647796,1.00090504021284,"Up"
"FGFR1","FGFR1",1.94022214773518,5.9486605572443,4.96313247421913,0.000159888553924977,0.00499693368659804,0.995652992206416,"Up"
"XM_006716305","XM_006716305",1.94022214773518,5.9486605572443,4.96313247421913,0.000159888553924977,0.00499693368659804,0.995652992206416,"Up"
"GAGE12F","GAGE12F",1.480069441893,2.80396073312654,4.95316016770487,0.000163058322701972,0.00504996885353901,0.976386386139672,"Up"
"GAGE12G","GAGE12G",1.480069441893,2.80396073312654,4.95316016770487,0.000163058322701972,0.00504996885353901,0.976386386139672,"Up"
"GAGE6","GAGE6",1.480069441893,2.80396073312654,4.95316016770487,0.000163058322701972,0.00504996885353901,0.976386386139672,"Up"
"BOC","BOC",1.93674058556461,10.4632684069502,4.94294867223409,0.000166371251268072,0.00510644855874203,0.956646031938088,"Up"
"XM_005247894","XM_005247894",1.93674058556461,10.4632684069502,4.94294867223409,0.000166371251268072,0.00510644855874203,0.956646031938088,"Up"
"EFHD1","EFHD1",1.35260824857739,8.14399990451367,4.93984079256987,0.00016739324633051,0.00512471007452156,0.950635706270493,"Up"
"SLC6A6","SLC6A6",1.88710011596064,10.7734279386577,4.92944731391377,0.00017085825369384,0.0052108510866068,0.930527907382979,"Up"
"GALNT16","GALNT16",1.33438414811262,4.30225364959961,4.91247530664499,0.00017667604353783,0.00532067552947929,0.897667038932402,"Up"
"LIMCH1","LIMCH1",1.57082674381916,6.79155425774342,4.91011853662752,0.000177499894690246,0.00533210572259736,0.893101380771961,"Up"
"XM_005248070","XM_005248070",1.57082674381916,6.79155425774342,4.91011853662752,0.000177499894690246,0.00533210572259736,0.893101380771961,"Up"
"C1QTNF5","C1QTNF5",1.16344901281161,6.17401119968803,4.90465656044277,0.000179424466330836,0.00534480455608755,0.88251779647744,"Up"
"TSC22D1","TSC22D1",1.37367381795987,11.3495691206918,4.90461015298281,0.000179440910098828,0.00534480455608755,0.882427859383604,"Up"
"XM_005266582","XM_005266582",1.37367381795987,11.3495691206918,4.90461015298281,0.000179440910098828,0.00534480455608755,0.882427859383604,"Up"
"ZNF536","ZNF536",1.0590541131326,3.70026633995887,4.90324096509062,0.000179926759491657,0.00534480455608755,0.879774283112837,"Up"
"XM_006723512","XM_006723512",1.0590541131326,3.70026633995887,4.90324096509062,0.000179926759491657,0.00534480455608755,0.879774283112837,"Up"
"ZFAND5","ZFAND5",1.3268643407271,10.9333055888787,4.8915229280099,0.000184140640604382,0.00540310960365082,0.857055527621579,"Up"
"NFIC","NFIC",1.00188535935675,6.96108336640348,4.8887042528512,0.000185169326937574,0.0054133791396339,0.851588476613142,"Up"
"XM_005259563","XM_005259563",1.00188535935675,6.96108336640348,4.8887042528512,0.000185169326937574,0.0054133791396339,0.851588476613142,"Up"
"PCOLCE2","PCOLCE2",1.26146998225156,6.91341094011345,4.88742031225637,0.000185639865011499,0.0054133791396339,0.849097880920787,"Up"
"TSPAN18","TSPAN18",1.16065931621592,5.53659556376832,4.88629896480647,0.000186051822737587,0.0054133791396339,0.846922537111611,"Up"
"EMCN","EMCN",1.92839680493735,5.3062619052479,4.88563839673469,0.000186294940810666,0.0054133791396339,0.845641012192655,"Up"
"XM_005263059","XM_005263059",1.92839680493735,5.3062619052479,4.88563839673469,0.000186294940810666,0.0054133791396339,0.845641012192655,"Up"
"XM_005263061","XM_005263061",1.92839680493735,5.3062619052479,4.88563839673469,0.000186294940810666,0.0054133791396339,0.845641012192655,"Up"
"TMT1A","TMT1A",2.24052522760842,11.2807099663582,4.86425542547952,0.000194343987858148,0.00555976686122916,0.804131689485669,"Up"
"MAP1B","MAP1B",1.80584919537201,6.85892646095131,4.85744618416532,0.000196981592132558,0.00562851449329245,0.790902988236168,"Up"
"MAN1C1","MAN1C1",1.00442631988222,6.80695523615949,4.85090082501046,0.000199551703436427,0.00564412161622473,0.778182249633601,"Up"
"DKK2","DKK2",1.81753274203649,7.67087205927474,4.84965108780238,0.000200046336533301,0.00564412161622473,0.775752895260285,"Up"
"PNRC1","PNRC1",1.10774743565556,10.8878064188107,4.84947919272956,0.000200114469436182,0.00564412161622473,0.77541873669986,"Up"
"ZNF704","ZNF704",1.4586489873035,6.20238639555418,4.84282716100339,0.000202769510305386,0.00567454652466704,0.762484973425031,"Up"
"XM_006716464","XM_006716464",1.4586489873035,6.20238639555418,4.84282716100339,0.000202769510305386,0.00567454652466704,0.762484973425031,"Up"
"HSD17B11","HSD17B11",1.25009957225866,7.82929135122284,4.84155446907367,0.000203281598414652,0.00567454652466704,0.76000989882989,"Up"
"EPHA3","EPHA3",1.97965629335393,3.6718287304514,4.84054340004033,0.00020368936642626,0.00567454652466704,0.758043493838364,"Up"
"KIT","KIT",2.35434972016387,9.06850882886626,4.84028475710215,0.000203793813193192,0.00567454652466704,0.757540447636502,"Up"
"XM_006714038","XM_006714038",2.35434972016387,9.06850882886626,4.84028475710215,0.000203793813193192,0.00567454652466704,0.757540447636502,"Up"
"CLSTN2","CLSTN2",1.51921094863474,4.16989901928933,4.83840756028238,0.00020455352701655,0.00568910052775346,0.753889190434075,"Up"
"ANK2","ANK2",2.67459225488494,5.8625285260589,4.83218892857682,0.000207091122138289,0.00574543632301908,0.741790915681045,"Up"
"PEAK1","PEAK1",1.35639769797082,8.33346497753104,4.8319264200347,0.000207198951754735,0.00574543632301908,0.741280118192502,"Up"
"SAMD4A","SAMD4A",1.60260125621254,7.36698680940346,4.82409863176444,0.000210441016201751,0.00581378875858736,0.726045209586524,"Up"
"ACVRL1","ACVRL1",1.17452302612304,5.54735452023036,4.81760075510574,0.000213171873654257,0.00586088351826973,0.713393746032578,"Up"
"DSEL","DSEL",1.74702706580274,5.64586795134668,4.81309108662989,0.000215088547886248,0.00590140872319482,0.704610745866204,"Up"
"GPRASP1","GPRASP1",1.74407708731927,6.05236458200635,4.8129762209366,0.000215137598233292,0.00590140872319482,0.704387006364699,"Up"
"ST3GAL5","ST3GAL5",1.27217069949028,7.0910113366853,4.80835034644669,0.000217122543661402,0.0059026481148287,0.695375415285822,"Up"
"IL11RA","IL11RA",1.40369821765699,7.77029242365785,4.80829702661521,0.000217145532451095,0.0059026481148287,0.695271530744727,"Up"
"OR4F29","OR4F29",1.47649538835697,3.88417382877424,4.80672182099942,0.000217825810951145,0.0059026481148287,0.692202379002944,"Up"
"OR4F3","OR4F3",1.47649538835697,3.88417382877424,4.80672182099942,0.000217825810951145,0.0059026481148287,0.692202379002944,"Up"
"OR4F16","OR4F16",1.47649538835697,3.88417382877424,4.80672182099942,0.000217825810951145,0.0059026481148287,0.692202379002944,"Up"
"OR4F21","OR4F21",1.47649538835697,3.88417382877424,4.80672182099942,0.000217825810951145,0.0059026481148287,0.692202379002944,"Up"
"EPB41L4A-AS1","EPB41L4A-AS1",1.19470082451928,6.66734119718937,4.79703311873056,0.000222058500134967,0.00597516605408014,0.673319096796819,"Up"
"PLAGL1","PLAGL1",1.64713092619647,7.03631055763835,4.78732349148279,0.000226385202633764,0.00605763392822253,0.654385261961473,"Up"
"PDE8B","PDE8B",1.8849701876742,5.93176478614234,4.78587203833379,0.000227039390083114,0.00606162340464394,0.651554082371837,"Up"
"XM_005248623","XM_005248623",1.8849701876742,5.93176478614234,4.78587203833379,0.000227039390083114,0.00606162340464394,0.651554082371837,"Up"
"AGTR1","AGTR1",1.32724416978522,4.04365355394968,4.77403431716309,0.000232447872356432,0.00618538118880164,0.628455539914116,"Up"
"PTN","PTN",3.14791564455425,6.13063040842374,4.7723382983628,0.000233233533091248,0.00619255670492936,0.625144979891703,"Up"
"XM_005250515","XM_005250515",3.14791564455425,6.13063040842374,4.7723382983628,0.000233233533091248,0.00619255670492936,0.625144979891703,"Up"
"TCEA3","TCEA3",1.60524594241617,9.41394367519784,4.76834577743189,0.000235093812825676,0.00622130286156767,0.6173505811196,"Up"
"XM_005245980","XM_005245980",1.60524594241617,9.41394367519784,4.76834577743189,0.000235093812825676,0.00622130286156767,0.6173505811196,"Up"
"GJC1","GJC1",1.04843143178648,4.58663429586282,4.7637507237254,0.000237253721578203,0.00626464667251928,0.60837787743791,"Up"
"CAVIN2","CAVIN2",1.77818883361458,6.45823346394142,4.74200985139694,0.000247752902819675,0.00647069115721202,0.565895768500262,"Up"
"CDH11","CDH11",2.80485330739041,8.09061022224526,4.73917471187206,0.000249156813908627,0.00647915693113203,0.560352343557484,"Up"
"XM_005255762","XM_005255762",2.80485330739041,8.09061022224526,4.73917471187206,0.000249156813908627,0.00647915693113203,0.560352343557484,"Up"
"XM_005255767","XM_005255767",2.80485330739041,8.09061022224526,4.73917471187206,0.000249156813908627,0.00647915693113203,0.560352343557484,"Up"
"GNG2","GNG2",2.19383096776004,6.28947987820589,4.73466291498855,0.000251407847552665,0.00652355800752332,0.551528966951683,"Up"
"XM_006720173","XM_006720173",2.19383096776004,6.28947987820589,4.73466291498855,0.000251407847552665,0.00652355800752332,0.551528966951683,"Up"
"SSBP2","SSBP2",1.27913269581976,3.70250090070257,4.72964645331215,0.000253935207700817,0.00657492217393205,0.541716273945496,"Up"
"COL16A1","COL16A1",1.41923532370716,8.16441990762204,4.72863650259535,0.000254447181874296,0.00657629192809024,0.539740408299783,"Up"
"SULF1","SULF1",2.48216734372248,7.26430336968956,4.72664002227811,0.000255462378798243,0.00659312689883379,0.535834200162907,"Up"
"ECM2","ECM2",1.78133309515732,6.89007690618429,4.72440847083352,0.000256602032381124,0.00661542640302012,0.531467596577163,"Up"
"WEE1","WEE1",1.00886894704508,7.53553396658706,4.71973141060361,0.000259007577464897,0.00665599558277566,0.522314128532074,"Up"
"XM_005253118","XM_005253118",1.00886894704508,7.53553396658706,4.71973141060361,0.000259007577464897,0.00665599558277566,0.522314128532074,"Up"
"XM_005253119","XM_005253119",1.00886894704508,7.53553396658706,4.71973141060361,0.000259007577464897,0.00665599558277566,0.522314128532074,"Up"
"CYBRD1","CYBRD1",2.03856781737147,7.85302678935338,4.71618113653143,0.000260849036863525,0.00669614821689659,0.515364450661927,"Up"
"TRAF5","TRAF5",1.28748633223733,5.93911179121912,4.71300517940602,0.000262507736415389,0.00672407099309085,0.509146448509512,"Up"
"CREB5","CREB5",1.45197347627286,4.75550869060584,4.70786797638743,0.000265213692870629,0.00675759984743188,0.499086552986797,"Up"
"LINC00965","LINC00965",1.02661863603315,5.32437360939385,4.70531134493527,0.000266571022360628,0.00676643711006777,0.494079082464028,"Up"
"GALNT15","GALNT15",2.09422393804863,7.14922953515124,4.69743332197302,0.00027079852718827,0.006849005531689,0.478645015971398,"Up"
"LRCH2","LRCH2",1.04083462810869,3.85416848039812,4.69490308523389,0.000272170856381331,0.0068764683103839,0.473686674039361,"Up"
"EDIL3","EDIL3",1.941919541533,9.7276086667568,4.69026882165065,0.000274702891884424,0.00689483267133936,0.464603597377695,"Up"
"FAM110B","FAM110B",1.29712550721986,5.06332308397755,4.68989435402953,0.000274908543724347,0.00689483267133936,0.463869556580055,"Up"
"XM_005251326","XM_005251326",1.29712550721986,5.06332308397755,4.68989435402953,0.000274908543724347,0.00689483267133936,0.463869556580055,"Up"
"SLC47A1","SLC47A1",1.35280162433669,5.99683227269106,4.66330944119374,0.000289919900657726,0.00722053337316053,0.411722744166633,"Up"
"COL13A1","COL13A1",1.3515550612048,3.35606467503566,4.65585361727152,0.000294279083638714,0.00725928732322344,0.397085924855335,"Up"
"MEOX2","MEOX2",1.91660263740219,3.88008257060988,4.64997458519483,0.000297763747713196,0.00731517448578519,0.385540873628544,"Up"
"CFH","CFH",1.60787885802222,9.62046513979494,4.64378288143548,0.000301479530211313,0.0073780739616452,0.373378304300629,"Up"
"CSGALNACT1","CSGALNACT1",1.6252409928812,5.85279771365636,4.63966916725526,0.000303974531262541,0.00741569188421118,0.365295619878962,"Up"
"XM_006716365","XM_006716365",1.6252409928812,5.85279771365636,4.63966916725526,0.000303974531262541,0.00741569188421118,0.365295619878962,"Up"
"USP32P2","USP32P2",1.06529596971452,9.1982942084943,4.63101309776688,0.000309293908660435,0.00749865898552298,0.348282916309529,"Up"
"GRP","GRP",2.99392190354294,7.18814295687892,4.62480876175313,0.000313165291740176,0.00755436515813839,0.336084606762078,"Up"
"RSPO3","RSPO3",1.90726625866597,5.09509290785523,4.62288017101222,0.000314378790816663,0.00756722858995977,0.332292093855563,"Up"
"XM_005267167","XM_005267167",1.90726625866597,5.09509290785523,4.62288017101222,0.000314378790816663,0.00756722858995977,0.332292093855563,"Up"
"FBXL7","FBXL7",1.4484337298961,7.17462286906533,4.6219597328567,0.000314959643420124,0.00756722858995977,0.330481960870878,"Up"
"XM_005248273","XM_005248273",1.4484337298961,7.17462286906533,4.6219597328567,0.000314959643420124,0.00756722858995977,0.330481960870878,"Up"
"LRRK2","LRRK2",1.65250711942206,4.94742606662839,4.6165911385811,0.000318369550627053,0.00762625344725602,0.319922541169239,"Up"
"APOLD1","APOLD1",1.87024751651852,7.1587206678765,4.609883189743,0.000322683418493381,0.00770651483649565,0.306725065262468,"Up"
"TIMP3","TIMP3",1.73165266854859,8.49292065027683,4.60602902857137,0.0003251890835613,0.00772229964137301,0.299140391142582,"Up"
"COLEC12","COLEC12",1.73238199223956,9.02552211160473,4.60554403751458,0.000325505795485747,0.00772229964137301,0.298185873066585,"Up"
"XM_006722358","XM_006722358",1.73238199223956,9.02552211160473,4.60554403751458,0.000325505795485747,0.00772229964137301,0.298185873066585,"Up"
"LIX1L","LIX1L",1.16766004293959,8.07884614533019,4.60501981850189,0.000325848479921074,0.00772229964137301,0.297154125938886,"Up"
"CD248","CD248",1.62030910152999,7.83219905334492,4.60481804756008,0.000325980477084091,0.00772229964137301,0.296757001727475,"Up"
"ITGA10","ITGA10",1.51823666177768,7.4089224180267,4.60294994933008,0.000327205180204831,0.00772229964137301,0.293080048624711,"Up"
"XM_005277432","XM_005277432",1.51823666177768,7.4089224180267,4.60294994933008,0.000327205180204831,0.00772229964137301,0.293080048624711,"Up"
"XM_005277435","XM_005277435",1.51823666177768,7.4089224180267,4.60294994933008,0.000327205180204831,0.00772229964137301,0.293080048624711,"Up"
"STK17B","STK17B",1.08473267513491,7.24484289762818,4.5990408846704,0.00032978320120376,0.00777388794101534,0.285384869470659,"Up"
"ZNF521","ZNF521",1.92217789393079,5.60076817510445,4.59816648939246,0.000330362707267546,0.00777388794101534,0.283663392571714,"Up"
"XM_006722437","XM_006722437",1.92217789393079,5.60076817510445,4.59816648939246,0.000330362707267546,0.00777388794101534,0.283663392571714,"Up"
"ARHGAP20","ARHGAP20",1.18181791939925,5.70928302694309,4.58650247362059,0.000338193632054251,0.00788722923351342,0.260693157724297,"Up"
"PLN","PLN",1.29196133393955,4.34730447673792,4.56422679879125,0.000353681792283833,0.00816534926344689,0.216791574757131,"Up"
"STARD9","STARD9",1.15400562146339,4.75376749904597,4.56055093506785,0.000356306619003746,0.00818046025003672,0.209542883595521,"Up"
"GEM","GEM",3.26945221911455,5.86110613456474,4.55747397661764,0.000358519124651867,0.00821888828070115,0.203474311435138,"Up"
"ANKRD28","ANKRD28",1.48860701944041,4.43303187466356,4.54755624334628,0.000365746791079416,0.00834472859266933,0.183908351923334,"Up"
"PTX3","PTX3",2.96525925345181,6.50877133873084,4.53902033678726,0.000372086870352589,0.00845545382179431,0.167061722633266,"Up"
"EPS8","EPS8",1.176178935716,8.25899038807307,4.53405262821831,0.000375828357610627,0.00847007722006597,0.157254494018602,"Up"
"XM_005253340","XM_005253340",1.176178935716,8.25899038807307,4.53405262821831,0.000375828357610627,0.00847007722006597,0.157254494018602,"Up"
"PCDHB14","PCDHB14",1.07808439850756,6.16492500893204,4.53137173927132,0.000377863483262495,0.00850795433889908,0.151961023910085,"Up"
"IL33","IL33",2.28455246113022,5.17889051345558,4.52423104853146,0.000383339383223546,0.00859095413270921,0.137858619380705,"Up"
"OSR2","OSR2",3.3208028894731,7.22304667593554,4.5205272857601,0.00038621157850312,0.00864724842092527,0.130542235930296,"Up"
"A2M","A2M",3.06530609293026,7.26367021008592,4.5139935537777,0.000391332188062215,0.008713130962773,0.11763275457106,"Up"
"TSHZ2","TSHZ2",1.40742777060107,4.73371576151788,4.50260885660311,0.000400421257255472,0.00883355791971124,0.0951301601468986,"Up"
"LTBP2","LTBP2",1.90486748088766,7.4362275011285,4.49678976619424,0.000405150135462773,0.00890514061481455,0.0836242222823547,"Up"
"PPP1R14A","PPP1R14A",1.15150344229645,4.028635316692,4.49325836146664,0.000408047756598872,0.00894425776610605,0.076640314681792,"Up"
"CHPT1","CHPT1",1.35909378093845,6.76779733963253,4.49147708754242,0.000409517381692111,0.00896010592103377,0.0731171797234937,"Up"
"XM_005269036","XM_005269036",1.35909378093845,6.76779733963253,4.49147708754242,0.000409517381692111,0.00896010592103377,0.0731171797234937,"Up"
"DDAH1","DDAH1",1.85007303196153,8.30380645642348,4.4876787985049,0.00041266924301951,0.00898285136291612,0.0656037818707249,"Up"
"XM_005270709","XM_005270709",1.85007303196153,8.30380645642348,4.4876787985049,0.00041266924301951,0.00898285136291612,0.0656037818707249,"Up"
"KLF4","KLF4",2.15854730075272,9.51254800371371,4.48751889360972,0.000412802477014269,0.00898285136291612,0.0652874482184549,"Up"
"SLC22A17","SLC22A17",1.12825005573998,6.96331254557138,4.483379630102,0.000416266701976876,0.00902997274613636,0.0570981837183071,"Up"
"FOSB","FOSB",3.13657190455329,10.6021933263843,4.47477014199571,0.000423567729131744,0.00915074044520263,0.0400604484727607,"Up"
"CCL14","CCL14",2.24826382695378,6.99946445465112,4.4720317676936,0.000425917285396656,0.00916886834882845,0.034640101329722,"Up"
"CCL15-CCL14","CCL15-CCL14",2.24826382695378,6.99946445465112,4.4720317676936,0.000425917285396656,0.00916886834882845,0.034640101329722,"Up"
"COL1A2","COL1A2",2.45261671799679,10.3570173389266,4.46496779518997,0.000432040002997719,0.00928363845295547,0.0206548949472101,"Up"
"FERMT2","FERMT2",1.34584042725919,8.16291780916348,4.45747599198685,0.000438631973368182,0.00938328397930758,0.0058183590091403,"Up"
"LAMC3","LAMC3",1.23972003923119,5.57410721228774,4.4518512723589,0.000443648651194053,0.00945688714561249,-0.00532355886803426,"Up"
"A1BG","A1BG",1.208745939333,5.14444386509269,4.44656297647836,0.000448418787527829,0.00952473251171942,-0.0158013108131314,"Up"
"ID4","ID4",1.96664853121523,8.54744590772778,4.44561101840346,0.000449283024807562,0.00953465177845368,-0.0176876652183502,"Up"
"DAB2","DAB2",1.59721027618192,7.4917637258576,4.44364067771192,0.000451077217603544,0.00954886068325839,-0.0215922205695209,"Up"
"MAP1A","MAP1A",1.43704192081208,5.58201406089338,4.44071169939512,0.000453757895686992,0.00956198157355503,-0.0273970288175738,"Up"
"TCEAL3","TCEAL3",1.24362415649787,8.84502343450587,4.43565124564254,0.000458427798074929,0.00963238667466131,-0.037427666300462,"Up"
"DCAF16","DCAF16",1.05433952382296,8.4785535590774,4.43535339254551,0.000458704190031576,0.00963238667466131,-0.0380181205035122,"Up"
"C1orf198","C1orf198",1.18419231370149,8.44251218423743,4.43435132822869,0.000459635304117783,0.00964125285230957,-0.040004629749947,"Up"
"LY96","LY96",1.52837798281445,5.27656901538811,4.43403484823218,0.00045992977734749,0.00964125285230957,-0.0406320410018015,"Up"
"KLF2","KLF2",2.15464631420344,8.13258702141645,4.43101885354266,0.000462745746674686,0.00968034205379206,-0.0466115355708512,"Up"
"AQP1","AQP1",2.0031398941245,8.80621234101908,4.43031254121797,0.000463407758512086,0.00968034205379206,-0.0480119667205177,"Up"
"PNMA2","PNMA2",1.99877036950687,4.29326673234369,4.42715981427371,0.000466374569566738,0.00973384558151377,-0.0542634556126496,"Up"
"MAP1LC3C","MAP1LC3C",1.63030210079197,4.56733798891147,4.4238143423664,0.000469543996801233,0.00978298178057569,-0.0608979592311822,"Up"
"ADHFE1","ADHFE1",1.27306963289346,6.97506854704587,4.42205310862314,0.00047122138849509,0.00980091487578783,-0.0643910534118568,"Up"
"TNFRSF1B","TNFRSF1B",1.10485442210931,6.1864246187138,4.42069554001526,0.000472518510150403,0.00980467956801394,-0.0670837090797747,"Up"
"C4B","C4B",1.00720580855768,6.00941113689895,4.41346047733142,0.000479493231542359,0.00986186507581808,-0.0814363538848282,"Up"
"C4B_2","C4B_2",1.00720580855768,6.00941113689895,4.41346047733142,0.000479493231542359,0.00986186507581808,-0.0814363538848282,"Up"
"C4A","C4A",1.00720580855768,6.00941113689895,4.41346047733142,0.000479493231542359,0.00986186507581808,-0.0814363538848282,"Up"
"PCMTD2","PCMTD2",1.0169577608125,10.0166667749912,4.40816607998058,0.000484663712621545,0.00993415749815741,-0.0919416557494444,"Up"
"RGN","RGN",1.20864448350101,5.16726133576754,4.40550073022665,0.000487288204534694,0.00997942959491614,-0.0972311095783915,"Up"
"KCNJ8","KCNJ8",1.46886598486793,4.64307035989338,4.39926041109046,0.000493489812026986,0.0100616109497367,-0.109617229943757,"Up"
"XM_005253358","XM_005253358",1.46886598486793,4.64307035989338,4.39926041109046,0.000493489812026986,0.0100616109497367,-0.109617229943757,"Up"
"KCNQ5","KCNQ5",1.15045821202427,3.726725779939,4.39893415598009,0.000493816252761847,0.0100616109497367,-0.110264877311137,"Up"
"QKI","QKI",1.14328974388022,8.43524401801312,4.39621026823733,0.000496550314769229,0.0101087367727659,-0.115672357156202,"Up"
"COL5A1","COL5A1",1.68534153669998,6.35833355577573,4.39546957285359,0.000497296447748991,0.010114928333497,-0.117142884273872,"Up"
"SYNPR","SYNPR",1.71654494351626,7.00771544256519,4.39347591305493,0.000499310438994166,0.010139127882181,-0.121101161964098,"Up"
"TTYH2","TTYH2",1.12436201582072,5.98708186610582,4.39280592699405,0.000499989126602261,0.010144327148527,-0.122431439282663,"Up"
"CCN1","CCN1",2.55458611727447,9.20616243133678,4.37505229670053,0.00051832082612758,0.0103016463236701,-0.157693608140884,"Up"
"OGN","OGN",3.01931585503492,4.82013953726636,4.36715476438006,0.000526694727877618,0.0104218688033954,-0.173386876027497,"Up"
"MEOX1","MEOX1",1.61847031376586,5.38899669731291,4.36613837338185,0.0005277824145123,0.0104347887258025,-0.175406876658665,"Up"
"LRRC3B","LRRC3B",1.28859997627791,3.76074638427384,4.36464986257661,0.00052937947872704,0.0104491498753342,-0.178365310806028,"Up"
"WASF3","WASF3",1.02606874329271,8.55460037461162,4.3590038092172,0.00053548227324395,0.0105522541234822,-0.189588322949147,"Up"
"GJA1","GJA1",1.3324337046781,12.8197135868183,4.35118849937584,0.000544048539801287,0.0106859681279137,-0.205126957416494,"Up"
"MEGF6","MEGF6",1.38334655029857,7.24459639624042,4.34926129921808,0.000546182339632418,0.0107016069517202,-0.208959322760973,"Up"
"XM_006710410","XM_006710410",1.38334655029857,7.24459639624042,4.34926129921808,0.000546182339632418,0.0107016069517202,-0.208959322760973,"Up"
"XR_426590","XR_426590",1.38334655029857,7.24459639624042,4.34926129921808,0.000546182339632418,0.0107016069517202,-0.208959322760973,"Up"
"ABCB1","ABCB1",1.21020357998435,4.48418538446617,4.34579925307296,0.000550037005745848,0.0107683427503359,-0.215844471121885,"Up"
"MNS1","MNS1",1.54294110898905,4.61142990059905,4.34170411509249,0.000554632429632661,0.010841793115713,-0.22398973846572,"Up"
"HECW2","HECW2",1.12746837990444,5.35534256967351,4.33790310340422,0.000558932858424804,0.0108886751809204,-0.231551005402799,"Up"
"ANGPTL7","ANGPTL7",2.83572449622628,11.0881273576049,4.33658798110019,0.000560428686611248,0.0109006558638924,-0.234167376142636,"Up"
"MAGI2","MAGI2",1.45079176339279,6.25288560314719,4.33582848657696,0.000561294400636531,0.0109014437377208,-0.235678406052954,"Up"
"SMAD9","SMAD9",2.46358527642382,7.19582748000297,4.33483831780202,0.000562425099784887,0.0109041415549571,-0.237648425458255,"Up"
"ADRA2A","ADRA2A",2.03898295535863,6.1414638057506,4.32755384421628,0.000570815197112497,0.0110045834225656,-0.252143485365161,"Up"
"IRS2","IRS2",1.01332544877105,9.99419738591,4.31489411150705,0.000585701474846221,0.0112374155070016,-0.277342923081296,"Up"
"CAND2","CAND2",1.0346605191258,6.25179067269991,4.30932545329981,0.000592374382866631,0.0113563657648282,-0.288430770260111,"Up"
"GPM6B","GPM6B",2.301939176605,6.51752437087145,4.30488891540404,0.000597746143334435,0.01144107091891,-0.297265872697488,"Up"
"XM_005274490","XM_005274490",2.301939176605,6.51752437087145,4.30488891540404,0.000597746143334435,0.01144107091891,-0.297265872697488,"Up"
"PDE3A","PDE3A",1.71712897276949,3.97821580455029,4.30035551726099,0.000603286516623772,0.0115195568591915,-0.306295174842645,"Up"
"XM_006719086","XM_006719086",1.71712897276949,3.97821580455029,4.30035551726099,0.000603286516623772,0.0115195568591915,-0.306295174842645,"Up"
"NFATC4","NFATC4",1.56263528892945,6.16389984692957,4.29857510530751,0.000605476698095035,0.0115490618963351,-0.309841633250929,"Up"
"SLC43A3","SLC43A3",1.27008454329555,7.0884332351233,4.28496414927849,0.000622490473615136,0.011738849364791,-0.33696035695174,"Up"
"S100B","S100B",1.92614242843162,5.09059585862676,4.27210545179508,0.000639011694203975,0.0119966264306266,-0.362590883813405,"Up"
"SPOCK1","SPOCK1",1.51508706336451,10.4060760595851,4.26956374770885,0.000642329896573308,0.0120352866335305,-0.367658323213091,"Up"
"CEMIP","CEMIP",2.56708762425671,8.70185173462506,4.26506106329923,0.000648251341758355,0.0121120882841199,-0.376636366283322,"Up"
"TIMP2","TIMP2",1.24340561849585,10.4124190624654,4.26269017724608,0.000651391605602785,0.0121576215534044,-0.3813642423396,"Up"
"COL24A1","COL24A1",1.182625538108,3.35908606020177,4.25600535104507,0.000660329468157013,0.0122519682198608,-0.394696528931323,"Up"
"CACNA1C","CACNA1C",1.0535925983504,3.63103169390239,4.25216999252704,0.000665513805448349,0.0123253567580025,-0.402347008356625,"Up"
"PKNOX2","PKNOX2",1.12579191125163,3.57336605110914,4.24533512852125,0.000674855678558806,0.0124407726549681,-0.415982820063758,"Up"
"CREBRF","CREBRF",1.10646278220153,6.97697078885595,4.24098664877337,0.000680868601951364,0.012490157469918,-0.424659621335797,"Up"
"ACKR1","ACKR1",2.29898668118872,6.60793290689933,4.23556244362036,0.000688445568661742,0.0125753961484164,-0.435484419293302,"Up"
"NID2","NID2",1.65596208310931,4.88846444721234,4.23269071760577,0.000692491744152516,0.012620491148936,-0.441216053834593,"Up"
"PTPRG","PTPRG",1.31477511133036,6.37931600948025,4.22493646480395,0.000703538681348225,0.0127119289918129,-0.456694990790112,"Up"
"SLC9A9","SLC9A9",1.14039412037693,7.25678209706045,4.2243412439901,0.000704394032126953,0.0127119289918129,-0.457883302932157,"Up"
"SYNPO","SYNPO",1.47677994450904,6.43305425355973,4.22235056202593,0.000707262405218858,0.0127541038693186,-0.46185768922182,"Up"
"LSP1","LSP1",1.34547364774847,6.67487163178138,4.21697920802802,0.000715061478721688,0.012846486236735,-0.472582672790903,"Up"
"XM_005252926","XM_005252926",1.34547364774847,6.67487163178138,4.21697920802802,0.000715061478721688,0.012846486236735,-0.472582672790903,"Up"
"XM_005252927","XM_005252927",1.34547364774847,6.67487163178138,4.21697920802802,0.000715061478721688,0.012846486236735,-0.472582672790903,"Up"
"PELI2","PELI2",1.43544650051215,7.62411664494733,4.21270704601164,0.00072132703899999,0.0129300161240312,-0.481114040159316,"Up"
"IRX1","IRX1",1.24058322367969,7.31670963135543,4.21045158619203,0.000724657416888774,0.0129486323122164,-0.485618523924675,"Up"
"DCXR","DCXR",1.00164364927913,9.27659476816786,4.20863488819283,0.000727351305938625,0.0129605687046317,-0.489246938200128,"Up"
"RUNDC3B","RUNDC3B",1.59665747676283,4.43729446609441,4.20717759637359,0.00072951961778224,0.0129703184192662,-0.492157655583658,"Up"
"XM_005250158","XM_005250158",1.59665747676283,4.43729446609441,4.20717759637359,0.00072951961778224,0.0129703184192662,-0.492157655583658,"Up"
"DZIP1","DZIP1",1.65527428381861,3.86452544252348,4.20441921574857,0.000733641859477837,0.0129978350992678,-0.497667414103712,"Up"
"XM_006719921","XM_006719921",1.65527428381861,3.86452544252348,4.20441921574857,0.000733641859477837,0.0129978350992678,-0.497667414103712,"Up"
"SCN7A","SCN7A",2.20952091098784,4.57831413362876,4.20429728823373,0.000733824619431606,0.0129978350992678,-0.497910969091846,"Up"
"WDR86","WDR86",1.30051570604396,4.37332143826231,4.20200233062719,0.000737273243182014,0.0129978350992678,-0.502495386311905,"Up"
"DPYSL4","DPYSL4",1.30179864475062,4.17608963575951,4.19854920249872,0.000742493359402047,0.0129978350992678,-0.509393902802932,"Up"
"XM_005252658","XM_005252658",1.30179864475062,4.17608963575951,4.19854920249872,0.000742493359402047,0.0129978350992678,-0.509393902802932,"Up"
"XM_005252659","XM_005252659",1.30179864475062,4.17608963575951,4.19854920249872,0.000742493359402047,0.0129978350992678,-0.509393902802932,"Up"
"TPM2","TPM2",2.20895352762155,7.4226844046476,4.1972245862089,0.00074450576014343,0.0129978350992678,-0.512040335503797,"Up"
"RUNX3","RUNX3",1.3595981559679,5.18139718875284,4.19182178777147,0.000752771536547059,0.0130832892253458,-0.52283547676636,"Up"
"PLXNC1","PLXNC1",2.44105700936967,5.71933364111701,4.1888440841711,0.000757367006440167,0.0131187838052132,-0.528785779227023,"Up"
"NFIL3","NFIL3",1.52871421229161,9.41851191817626,4.16471891158596,0.000795667755522874,0.0136257820657624,-0.577011614477638,"Up"
"CLIC6","CLIC6",1.85976045616885,6.20699083661565,4.16425551460514,0.000796422419684957,0.0136257820657624,-0.577938225500454,"Up"
"PEAR1","PEAR1",1.50301196614468,5.90233532989828,4.16422377420315,0.00079647413708294,0.0136257820657624,-0.578001694163935,"Up"
"XM_006711301","XM_006711301",1.50301196614468,5.90233532989828,4.16422377420315,0.00079647413708294,0.0136257820657624,-0.578001694163935,"Up"
"CCBE1","CCBE1",1.09496211153062,4.94322213813054,4.16345038002488,0.000797735351716381,0.0136376381138865,-0.579548202135554,"Up"
"OMD","OMD",2.20301408540623,4.81949352576907,4.15837204283569,0.000806067478674981,0.0137409315505376,-0.58970376873427,"Up"
"PDZRN3","PDZRN3",1.9868124887381,8.36174691822674,4.15725594702648,0.000807910511721729,0.0137549091132444,-0.591935886597586,"Up"
"TFPI","TFPI",1.71231598978713,6.77225395165579,4.15488480866488,0.000811840260687426,0.0138001345163028,-0.596678208283567,"Up"
"FAM110D","FAM110D",1.0437922766757,4.21168506662899,4.15143491493537,0.000817592604073936,0.0138488762759228,-0.603578548315726,"Up"
"NPTX2","NPTX2",1.94443125797977,5.1640233378464,4.14882468732674,0.000821972420511548,0.0138661354433897,-0.608799802849282,"Up"
"KRTAP4-5","KRTAP4-5",1.12687097464812,4.34309329504993,4.14660272770596,0.000825719539761534,0.01388220443405,-0.613244659612922,"Up"
"CNN1","CNN1",1.08797132891712,4.69715518733695,4.14284505793707,0.000832096054398702,0.0139566523393974,-0.620762119065871,"Up"
"MXRA8","MXRA8",1.55537258596811,7.58189620565936,4.13873515208313,0.000839127635644534,0.0140647636248185,-0.628985012334156,"Up"
"FGF2","FGF2",1.69942773565159,5.37266963370454,4.13736275074379,0.000841489088058182,0.0140846730066754,-0.63173102023552,"Up"
"BHMT2","BHMT2",1.80283366310937,3.78950027242197,4.13614409231753,0.000843591661999139,0.0141001999103784,-0.634169480847944,"Up"
"SAMD5","SAMD5",1.31859776678917,4.66823276215554,4.12410880482965,0.00086464537111617,0.0143422378697514,-0.658255022810868,"Up"
"IGSF11","IGSF11",1.03795906983528,4.62921113553368,4.12364638828652,0.000865464862248477,0.0143459168671878,-0.659180562457944,"Up"
"FOXO3B","FOXO3B",1.01356081615134,6.14167837040368,4.12044089567912,0.00087116735577954,0.0143874927590323,-0.66559670959635,"Up"
"PLP1","PLP1",3.02476857555498,5.0994650167856,4.1171579446993,0.000877047230893589,0.014447095090115,-0.672168373690177,"Up"
"GLT8D2","GLT8D2",2.15149868715017,8.1593643700063,4.11326111655836,0.000884078952369432,0.0144844116141782,-0.679969488500346,"Up"
"BICC1","BICC1",1.94049696511756,6.88724763401539,4.11156328460991,0.000887160535415773,0.0145150832795156,-0.683368610554417,"Up"
"XM_005270168","XM_005270168",1.94049696511756,6.88724763401539,4.11156328460991,0.000887160535415773,0.0145150832795156,-0.683368610554417,"Up"
"PKD2","PKD2",1.00245238694477,8.59782200099962,4.10720344314554,0.000895123785214473,0.0145827771501151,-0.692097748297504,"Up"
"SCN4B","SCN4B",1.09216347778974,4.31712529552115,4.10534803247098,0.000898534685440507,0.0146003276011203,-0.69581284246659,"Up"
"SDC2","SDC2",1.76616597715901,8.35028783012286,4.10440221394502,0.000900278512193069,0.0146003276011203,-0.697706714515745,"Up"
"XM_005251020","XM_005251020",1.76616597715901,8.35028783012286,4.10440221394502,0.000900278512193069,0.0146003276011203,-0.697706714515745,"Up"
"XM_006716614","XM_006716614",1.76616597715901,8.35028783012286,4.10440221394502,0.000900278512193069,0.0146003276011203,-0.697706714515745,"Up"
"SOX10","SOX10",1.52400425154944,5.70907049825479,4.10391281274276,0.000901182181505937,0.0146051145985857,-0.698686688422923,"Up"
"PTGER2","PTGER2",1.45485827238126,4.47738252682606,4.10262682085307,0.000903561133724439,0.0146337883479447,-0.701261799285727,"Up"
"GFPT2","GFPT2",1.41659120814479,4.86206996936619,4.10111864417621,0.000906359234588293,0.01464945073979,-0.704281909698826,"Up"
"ITGB2","ITGB2",1.61388821514623,5.74692028147763,4.0908853339823,0.000925578882967082,0.0148799359336744,-0.724776549579671,"Up"
"THSD7A","THSD7A",1.28366737600467,3.77669855015333,4.09012259851239,0.000927027882624411,0.014893255179887,-0.726304283280522,"Up"
"MYRIP","MYRIP",1.47022694399545,4.17299385611959,4.08855496109354,0.000930013224831467,0.0149212415925166,-0.729444283769891,"Up"
"CD93","CD93",2.28036434886339,6.28162720826115,4.0801804046463,0.000946127567265914,0.0151090844108559,-0.746220334447176,"Up"
"MRAS","MRAS",1.08819385629813,6.95402512716107,4.0760769650413,0.000954126625174046,0.0152165762507824,-0.754441439562778,"Up"
"PTGDS","PTGDS",2.21983155983785,11.8052800640108,4.0735763961979,0.000959034756102233,0.0152710595260825,-0.759451572503367,"Up"
"BST1","BST1",1.5312018858053,6.40755717625355,4.06911509043024,0.00096785518579643,0.0153539062587481,-0.768390839328352,"Up"
"XM_005248184","XM_005248184",1.5312018858053,6.40755717625355,4.06911509043024,0.00096785518579643,0.0153539062587481,-0.768390839328352,"Up"
"AOX1","AOX1",1.56536669541053,6.71549568044531,4.06376155329556,0.00097854842779705,0.0155030490851385,-0.779118913308263,"Up"
"STIMATE-MUSTN1","STIMATE-MUSTN1",1.23959328697315,6.21964184140194,4.06170664785294,0.000982684709681823,0.0155194850133145,-0.783237074751376,"Up"
"STIMATE","STIMATE",1.23959328697315,6.21964184140194,4.06170664785294,0.000982684709681823,0.0155194850133145,-0.783237074751376,"Up"
"PALM2AKAP2","PALM2AKAP2",1.92434575664659,7.54646035793752,4.05632607382181,0.000993599435514794,0.0156075743790747,-0.79402083981307,"Up"
"C3orf70","C3orf70",1.31302493657378,4.79755921162756,4.05232028697461,0.00100180517651302,0.0156957693431539,-0.802049949590716,"Up"
"LRP4","LRP4",1.8315169404434,8.14657606420323,4.04883102557904,0.00100900885554676,0.0157465738301907,-0.809044225911033,"Up"
"HNMT","HNMT",2.22544521640769,6.6515995652925,4.04703544064316,0.00101273635273911,0.0157672791534522,-0.81264367448297,"Up"
"HOXD1","HOXD1",1.16450438822577,4.15506945542964,4.04293746069641,0.00102129586440542,0.0158428163542319,-0.820858961325678,"Up"
"XM_005246507","XM_005246507",1.16450438822577,4.15506945542964,4.04293746069641,0.00102129586440542,0.0158428163542319,-0.820858961325678,"Up"
"CMKLR1","CMKLR1",1.09970973280211,5.34776720308653,4.0397500809645,0.00102800411080904,0.0158428163542319,-0.827249165032495,"Up"
"AOC3","AOC3",1.85682950546887,5.12278910138299,4.03957346301622,0.0010283771302347,0.0158428163542319,-0.827603267167761,"Up"
"NUPR1","NUPR1",1.06685578132219,10.4290146266143,4.03751804740828,0.00103272830576247,0.0158512186711733,-0.831724259520778,"Up"
"DAAM2","DAAM2",1.65358420905336,6.22323165614385,4.03740584410502,0.00103296636943703,0.0158512186711733,-0.831949225052882,"Up"
"XM_006715042","XM_006715042",1.65358420905336,6.22323165614385,4.03740584410502,0.00103296636943703,0.0158512186711733,-0.831949225052882,"Up"
"CXCL14","CXCL14",2.25487914678637,5.87240763141825,4.03629861199572,0.00103531859013737,0.0158682738189509,-0.834169228235988,"Up"
"GSTA4","GSTA4",1.13294611412153,10.9415072571469,4.02754374718441,0.00105410992394615,0.0160440986000021,-0.851724235408217,"Up"
"CPA3","CPA3",1.99293893589612,5.24406247165083,4.02209994789467,0.00106596848665084,0.0160835252759001,-0.862641289170122,"Up"
"CACHD1","CACHD1",1.42198546608995,7.90672996279734,4.02203314100176,0.00106611485351042,0.0160835252759001,-0.862775270523275,"Up"
"FAM86B2-DT","FAM86B2-DT",1.30251685851869,8.59640847193051,4.00993759168857,0.00109295364425002,0.0163649865061067,-0.88703529786273,"Up"
"C7","C7",1.79473183992075,5.57427661213111,4.0087904005377,0.00109553444947626,0.0163657814462638,-0.889336459179773,"Up"
"PTPRM","PTPRM",1.48086623216938,7.75040324176516,4.00447063625193,0.00110530806419207,0.0164482745857916,-0.898001881009656,"Up"
"XM_006722338","XM_006722338",1.48086623216938,7.75040324176516,4.00447063625193,0.00110530806419207,0.0164482745857916,-0.898001881009656,"Up"
"ITGBL1","ITGBL1",2.7383301044744,9.31020756382119,4.00158101780667,0.00111189521940029,0.0165248972483256,-0.903798758557282,"Up"
"MBNL2","MBNL2",1.07630246777322,5.58296249218693,3.9968187253105,0.00112283825971646,0.01661805993357,-0.913352966943604,"Up"
"THBS2","THBS2",1.45867162902071,7.22927589029149,3.99609472645653,0.0011245114345168,0.0166300206107655,-0.914805527505439,"Up"
"SELE","SELE",2.11241045187906,4.48051665240522,3.99411394476015,0.00112910198313237,0.0166568566681887,-0.918779653487286,"Up"
"PODXL","PODXL",1.17235414724512,6.19601292200621,3.99343888106515,0.00113067080844143,0.0166697547568864,-0.920134088640106,"Up"
"BCL2","BCL2",1.80204753990064,5.54000042914473,3.98133988472302,0.00115916607929864,0.0169728523520024,-0.944411511084803,"Up"
"XM_006722523","XM_006722523",1.80204753990064,5.54000042914473,3.98133988472302,0.00115916607929864,0.0169728523520024,-0.944411511084803,"Up"
"FGF7P6","FGF7P6",1.77668615548287,7.50639012499602,3.97469061658142,0.00117513501032553,0.017104663746412,-0.95775544090991,"Up"
"FOXF2","FOXF2",1.92638192417441,4.6941578104214,3.97261674266203,0.00118016109663223,0.0171528380258778,-0.961917591363864,"Up"
"SGK1","SGK1",1.46401439170438,12.3588720434927,3.96875718491363,0.00118957287988012,0.0172520412464548,-0.969663814082094,"Up"
"ACOX2","ACOX2",1.04429529423344,6.38497724070783,3.96509768766538,0.00119856701583423,0.0173510286574507,-0.977008869547748,"Up"
"XM_005265506","XM_005265506",1.04429529423344,6.38497724070783,3.96509768766538,0.00119856701583423,0.0173510286574507,-0.977008869547748,"Up"
"LSP1P4","LSP1P4",1.21788244018873,8.56749678666872,3.96422718406978,0.00120071661895785,0.0173612049929075,-0.978756126707962,"Up"
"LSP1P5","LSP1P5",1.21788244018873,8.56749678666872,3.96422718406978,0.00120071661895785,0.0173612049929075,-0.978756126707962,"Up"
"PRKG1","PRKG1",1.65186257245904,5.46488494449181,3.95943586616749,0.00121261827851324,0.0174491989933302,-0.988373506177243,"Up"
"XM_005269972","XM_005269972",1.65186257245904,5.46488494449181,3.95943586616749,0.00121261827851324,0.0174491989933302,-0.988373506177243,"Up"
"RARRES2","RARRES2",1.66110635964107,6.56547418458102,3.95129449768345,0.00123311611334253,0.0176384105795276,-1.00471658028955,"Up"
"XM_005250033","XM_005250033",1.66110635964107,6.56547418458102,3.95129449768345,0.00123311611334253,0.0176384105795276,-1.00471658028955,"Up"
"GPHA2","GPHA2",4.08643089574687,5.35975085012467,3.95003163111057,0.00123632696553972,0.0176632856112407,-1.00725181582663,"Up"
"TMEM140","TMEM140",1.0042398611041,5.95913232118343,3.91953571661766,0.00131648652260516,0.0184347245567557,-1.06848392432105,"Up"
"STAB1","STAB1",1.1206212913736,6.8124063295241,3.91430206458763,0.00133076306953077,0.0185703344156264,-1.07899439872347,"Up"
"PECAM1","PECAM1",2.53619236485063,6.83888111835554,3.90812950328204,0.00134780224239666,0.018786265634149,-1.09139109834834,"Up"
"XM_006721945","XM_006721945",2.53619236485063,6.83888111835554,3.90812950328204,0.00134780224239666,0.018786265634149,-1.09139109834834,"Up"
"GLIPR1","GLIPR1",1.41892027341648,5.2625312073841,3.90579158110036,0.00135431347964626,0.018846226528216,-1.09608665893359,"Up"
"TSPYL2","TSPYL2",1.40841412770121,7.46310002624276,3.90465748019349,0.00135748346108531,0.0188726265707447,-1.09836445981076,"Up"
"FAM162B","FAM162B",1.55358025153323,4.97911156141317,3.90102967627546,0.00136767419836173,0.0189018281967457,-1.10565092396838,"Up"
"CLDN5","CLDN5",1.70997620815451,6.88430738041586,3.89363280134037,0.00138869283292766,0.0191010919059769,-1.12050827576218,"Up"
"CYP26B1","CYP26B1",1.59784597571785,6.50986611230037,3.8898224072111,0.00139964743868025,0.0191902919671392,-1.12816217328368,"Up"
"GAS1","GAS1",1.85190917577533,11.3831095934688,3.88738196074714,0.00140670940020021,0.0192167552780908,-1.13306439042088,"Up"
"NFATC1","NFATC1",1.08474154455916,6.10975887710024,3.88608598161332,0.00141047422944438,0.0192359234562451,-1.13566770956975,"Up"
"PLAC9","PLAC9",1.27888637231786,8.2275609538458,3.88455475178198,0.00141493559318692,0.0192742815594055,-1.13874362478513,"Up"
"RGCC","RGCC",1.9889478967771,7.33177428429955,3.8767795043146,0.00143781049366285,0.0194314906919458,-1.15436296793862,"Up"
"MYLK","MYLK",2.06845745989181,6.30776813323034,3.87281059771251,0.00144963080845654,0.0195472127329067,-1.16233624811305,"Up"
"ALDH4A1","ALDH4A1",1.02362470900928,5.71104009140178,3.86242257212502,0.0014810357370325,0.019870217864871,-1.18320608580187,"Up"
"ANKRD44","ANKRD44",1.13400159007539,5.23578486536409,3.86156725230568,0.00148365195963284,0.0198830900810203,-1.18492450583247,"Up"
"LPL","LPL",2.08509363188116,4.45942641521043,3.8523349661757,0.00151219028877378,0.0201718377757518,-1.20347357892702,"Up"
"ALDH3A1","ALDH3A1",1.89362652993103,12.3794904442883,3.84832531085472,0.00152475681311176,0.0202979550905759,-1.21152986751459,"Up"
"XM_005256525","XM_005256525",1.89362652993103,12.3794904442883,3.84832531085472,0.00152475681311176,0.0202979550905759,-1.21152986751459,"Up"
"SCUBE2","SCUBE2",1.67894321599239,6.40530470117209,3.84253931040473,0.00154307667056708,0.0204737016290498,-1.22315550000385,"Up"
"MGP","MGP",3.45588134845831,10.6324677629849,3.83538109484108,0.00156604920966322,0.0207207048803609,-1.23753868895492,"Up"
"RNASE4","RNASE4",1.35774394294297,7.69831573020397,3.83512645825715,0.00156687273384947,0.0207207048803609,-1.23805034456816,"Up"
"FGL2","FGL2",2.43093969082074,6.23516472499057,3.82925683822479,0.00158597743603383,0.0208813112559977,-1.24984463737423,"Up"
"NXF1","NXF1",1.03211144926401,8.63282748070316,3.82446296084542,0.00160175510431308,0.0210198611338013,-1.25947753383649,"Up"
"XM_006718418","XM_006718418",1.03211144926401,8.63282748070316,3.82446296084542,0.00160175510431308,0.0210198611338013,-1.25947753383649,"Up"
"HSPA12B","HSPA12B",1.15425650106302,5.54074553496768,3.82160713268642,0.00161122944785277,0.0210292165347266,-1.26521615137033,"Up"
"XM_005260657","XM_005260657",1.15425650106302,5.54074553496768,3.82160713268642,0.00161122944785277,0.0210292165347266,-1.26521615137033,"Up"
"XM_005260658","XM_005260658",1.15425650106302,5.54074553496768,3.82160713268642,0.00161122944785277,0.0210292165347266,-1.26521615137033,"Up"
"CH25H","CH25H",1.83406153581732,7.12001332658408,3.81883091532566,0.00162049389578884,0.0211042292385913,-1.27079484131401,"Up"
"APOL3","APOL3",1.2412210580268,6.6425845393718,3.81370655586538,0.0016377357049951,0.0212117177624281,-1.28109212977133,"Up"
"XM_006724322","XM_006724322",1.2412210580268,6.6425845393718,3.81370655586538,0.0016377357049951,0.0212117177624281,-1.28109212977133,"Up"
"XM_006724323","XM_006724323",1.2412210580268,6.6425845393718,3.81370655586538,0.0016377357049951,0.0212117177624281,-1.28109212977133,"Up"
"XM_006724324","XM_006724324",1.2412210580268,6.6425845393718,3.81370655586538,0.0016377357049951,0.0212117177624281,-1.28109212977133,"Up"
"NINJ2","NINJ2",1.39259014329578,6.32172684545169,3.81081887961391,0.00164753323065793,0.0212907934077395,-1.28689490750131,"Up"
"XM_006718984","XM_006718984",1.39259014329578,6.32172684545169,3.81081887961391,0.00164753323065793,0.0212907934077395,-1.28689490750131,"Up"
"JUN","JUN",2.62920416301607,10.3085677481294,3.81064504530549,0.00164812491257312,0.0212907934077395,-1.28724422824762,"Up"
"PCDHB7","PCDHB7",1.10969346004323,4.55363205192786,3.81019018568078,0.00164967413840177,0.021299343017708,-1.28815827110684,"Up"
"LUM","LUM",2.46012149121786,5.67156721650062,3.80805559864088,0.00165696406972835,0.0213704737246748,-1.2924477465011,"Up"
"FGF18","FGF18",1.27582743790107,5.77676283185867,3.80587113297993,0.00166445799619652,0.0214284674261648,-1.29683747165234,"Up"
"JUND","JUND",1.21127862548272,5.50915137949715,3.8050975439848,0.00166712002550909,0.0214284674261648,-1.29839201751443,"Up"
"FGFBP2","FGFBP2",2.26967859845555,5.55518260553341,3.80440824223078,0.00166949562898626,0.0214284674261648,-1.29977718784205,"Up"
"RGS16","RGS16",1.90036899588605,7.19065793033052,3.79812432573994,0.0016913105523955,0.0216621322724635,-1.31240495275769,"Up"
"ACTG2","ACTG2",1.56198417994894,5.41351834908123,3.79717692664142,0.00169462434715976,0.0216929992429486,-1.31430879569694,"Up"
"XM_006725699","XM_006725699",2.00725111459994,8.56270120830166,3.79434562262285,0.00170456671061612,0.0217275678110506,-1.31999844545972,"Up"
"XM_006725907","XM_006725907",2.00725111459994,8.56270120830166,3.79434562262285,0.00170456671061612,0.0217275678110506,-1.31999844545972,"Up"
"XM_006725908","XM_006725908",2.00725111459994,8.56270120830166,3.79434562262285,0.00170456671061612,0.0217275678110506,-1.31999844545972,"Up"
"MEG3","MEG3",1.52799831778337,5.16305607208374,3.78547192665789,0.00173611020248087,0.0219547508324267,-1.3378306689573,"Up"
"CCN3","CCN3",1.15351246596353,6.13184103966833,3.77960750668075,0.00175727896618583,0.0220931503064527,-1.3496156002196,"Up"
"FKBP11","FKBP11",1.13148284970874,7.20143236750067,3.77596173890288,0.00177057005934572,0.0221918816653433,-1.35694200175733,"Up"
"NR4A1","NR4A1",2.02238748942979,8.48569662172845,3.77499401589176,0.00177411500126501,0.0222014120231297,-1.35888670074795,"Up"
"XM_006719364","XM_006719364",2.02238748942979,8.48569662172845,3.77499401589176,0.00177411500126501,0.0222014120231297,-1.35888670074795,"Up"
"SMOC2","SMOC2",2.25279645347998,5.67515854937208,3.76492378563068,0.00181143134812564,0.0225977002171058,-1.37912336368555,"Up"
"PPP1R16B","PPP1R16B",1.10115656676858,4.05193986240907,3.7640849253795,0.00181457530589808,0.0226251618141121,-1.38080908821138,"Up"
"F10","F10",1.03177500835425,5.6835598366555,3.76299402727811,0.00181867210153445,0.0226316276654305,-1.38300129039113,"Up"
"PLVAP","PLVAP",1.43883613441194,5.7940566026953,3.762942589812,0.00181886550148385,0.0226316276654305,-1.38310465589738,"Up"
"SEPTIN4","SEPTIN4",1.54152815393395,5.36353445032515,3.76180156887423,0.00182316096410558,0.0226615792130824,-1.38539757801376,"Up"
"TMEM200B","TMEM200B",1.08375313950669,6.18174602832038,3.75874121613271,0.00183473244705873,0.0227347693310809,-1.39154744523879,"Up"
"CCL19","CCL19",1.54671418982249,5.51094153400337,3.75204151773519,0.00186032364062528,0.0230162309393237,-1.40501056108836,"Up"
"PREX2","PREX2",1.15288873726398,3.82322177440827,3.74817473298578,0.00187525716975804,0.0230375120671016,-1.41278081639822,"Up"
"COL6A3","COL6A3",1.61727955869219,10.6087707627353,3.74569514532544,0.00188489683012867,0.0231413267093342,-1.41776347664184,"Up"
"SOCS3","SOCS3",1.83209142735676,9.68259258465038,3.73027377659225,0.00194597969266452,0.0235542594447421,-1.44875141910614,"Up"
"SLC25A25","SLC25A25",1.83178107937056,8.18003052258271,3.72892259198171,0.00195142569343269,0.0235542594447421,-1.45146642937347,"Up"
"SLC35G2","SLC35G2",1.18641019320141,6.28316217152774,3.72883338084945,0.00195178580184135,0.0235542594447421,-1.45164568573723,"Up"
"RHOU","RHOU",1.20208229974405,8.27236230967148,3.7286027262083,0.00195271716928774,0.0235542594447421,-1.45210915127549,"Up"
"ADGRF5","ADGRF5",1.58567659076369,4.88490695735013,3.71753106294306,0.00199795397615569,0.0239607541185985,-1.47435543330603,"Up"
"SCML1","SCML1",1.00077829587971,7.03084179705612,3.70999151672221,0.00202936151394574,0.02418507202469,-1.4895039536007,"Up"
"CCL23","CCL23",1.32306350907886,4.81100952372337,3.70962347453414,0.00203090732645101,0.0241914827044552,-1.49024341148836,"Up"
"TPSAB1","TPSAB1",1.19362061555902,5.99611780531577,3.7048239426909,0.00205117463014826,0.0243844940430008,-1.49988632690707,"Up"
"TPSB2","TPSB2",1.19362061555902,5.99611780531577,3.7048239426909,0.00205117463014826,0.0243844940430008,-1.49988632690707,"Up"
"DST","DST",1.06928215114275,8.14769548622215,3.70424562835951,0.00205363041519587,0.0243895285628556,-1.50104822125162,"Up"
"PDLIM3","PDLIM3",1.25578783423419,5.79135518191884,3.70268361526991,0.00206027822737877,0.0244201471671829,-1.50418644974977,"Up"
"RNASE2","RNASE2",1.5584129886685,4.33812736584056,3.69932136499731,0.00207466126782435,0.0245784895115104,-1.5109414186886,"Up"
"ST6GAL2","ST6GAL2",1.94621484652441,4.94698726078692,3.696559786145,0.00208655028211351,0.024694960488801,-1.51648949366898,"Up"
"PCP4L1","PCP4L1",1.11260173595112,8.68452801875221,3.66662112495854,0.00221992342699604,0.0255429540243331,-1.57662975963464,"Up"
"AHRR","AHRR",1.09228804907367,4.51154430124425,3.66411405272942,0.00223147372578175,0.0256389815060859,-1.581665248846,"Up"
"HCLS1","HCLS1",1.59615891085981,5.98001200815217,3.66172538761252,0.00224253469570339,0.0257082175526154,-1.58646280778469,"Up"
"SORBS2","SORBS2",1.21043111253404,8.42835210790427,3.66142573282825,0.0022439261633501,0.0257082175526154,-1.58706464746639,"Up"
"XM_006714383","XM_006714383",1.21043111253404,8.42835210790427,3.66142573282825,0.0022439261633501,0.0257082175526154,-1.58706464746639,"Up"
"XM_006714389","XM_006714389",1.21043111253404,8.42835210790427,3.66142573282825,0.0022439261633501,0.0257082175526154,-1.58706464746639,"Up"
"MITF","MITF",1.63128666629676,7.02401577386603,3.6594658945749,0.00225304822643231,0.025737639593806,-1.59100082965789,"Up"
"CDH19","CDH19",2.62224385368716,5.05884114164896,3.65843898566373,0.00225784284078657,0.0257635804183584,-1.59306326665798,"Up"
"HLA-DPB1","HLA-DPB1",2.11892683917816,8.50599763982843,3.65819972816018,0.00225896140049879,0.0257635804183584,-1.59354378689886,"Up"
"C1orf21","C1orf21",1.03125031414047,6.15784074284223,3.65515687129299,0.00227323581611128,0.0258882321374834,-1.59965490520555,"Up"
"NOSTRIN","NOSTRIN",1.0720702100438,4.23103498990246,3.6534399016087,0.00228133029377826,0.0258882321374834,-1.60310309825086,"Up"
"XR_427064","XR_427064",1.0720702100438,4.23103498990246,3.6534399016087,0.00228133029377826,0.0258882321374834,-1.60310309825086,"Up"
"ENPEP","ENPEP",1.47003513005884,4.05219564700211,3.64864975038345,0.00230406639024835,0.0259878766441451,-1.61272284910766,"Up"
"SMIM10","SMIM10",1.03268952825613,3.93129914192352,3.64312433466698,0.00233057523810852,0.0261884208169854,-1.62381858420449,"Up"
"BTNL9","BTNL9",1.47041426392725,5.14870101345995,3.64281107926567,0.00233208726218481,0.0261931485573046,-1.62444762096989,"Up"
"SPARCL1","SPARCL1",3.05175454718956,9.11601477038749,3.6387611399938,0.00235172448773865,0.0264013522706749,-1.63257996057936,"Up"
"SPATA6","SPATA6",1.15316303222844,6.46723343700527,3.63421060850533,0.00237398716525253,0.0266015125772135,-1.64171705325208,"Up"
"NPR3","NPR3",1.44130171742986,6.8187634407501,3.63327172946228,0.00237860673795597,0.0266284136774343,-1.64360218529404,"Up"
"XM_005248310","XM_005248310",1.44130171742986,6.8187634407501,3.63327172946228,0.00237860673795597,0.0266284136774343,-1.64360218529404,"Up"
"PRUNE2","PRUNE2",2.4415331212367,8.03222113101297,3.63172915534741,0.0023862162818737,0.0266887060566322,-1.64669940374072,"Up"
"CCDC71L","CCDC71L",1.37344410561777,6.61587677136357,3.63036234423188,0.00239297920616611,0.0267518802544941,-1.64944367355067,"Up"
"MYCT1","MYCT1",1.87992875635963,5.04170495861619,3.62512549194146,0.00241906953053349,0.0269807188066287,-1.65995775411215,"Up"
"EVI2A","EVI2A",1.52437364541082,4.61448569222173,3.62463070241247,0.00242154932034027,0.0269958322279643,-1.66095111301453,"Up"
"GAS7","GAS7",1.2744370128624,5.84998116926442,3.62272414246748,0.00243112851599699,0.0270022890518092,-1.66477874025199,"Up"
"EID3","EID3",1.98396469308827,3.78834836088381,3.62003053264997,0.00244472698268566,0.0270906449854207,-1.67018629882927,"Up"
"RHOBTB1","RHOBTB1",1.13920141979718,4.62542809371029,3.61739297967063,0.00245811642976937,0.0271387813005173,-1.67548113920457,"Up"
"NR_024554","NR_024554",1.13920141979718,4.62542809371029,3.61739297967063,0.00245811642976937,0.0271387813005173,-1.67548113920457,"Up"
"NR_024555","NR_024555",1.13920141979718,4.62542809371029,3.61739297967063,0.00245811642976937,0.0271387813005173,-1.67548113920457,"Up"
"XM_006718089","XM_006718089",1.13920141979718,4.62542809371029,3.61739297967063,0.00245811642976937,0.0271387813005173,-1.67548113920457,"Up"
"XR_428729","XR_428729",1.13920141979718,4.62542809371029,3.61739297967063,0.00245811642976937,0.0271387813005173,-1.67548113920457,"Up"
"PAMR1","PAMR1",1.01249840027662,6.74416719389588,3.61577846867893,0.0024663487297876,0.0272046425608281,-1.67872215127807,"Up"
"ANPEP","ANPEP",1.22973922026612,6.64331810395574,3.61434280435922,0.00247369234001548,0.0272605893227969,-1.68160408380863,"Up"
"ENPP1","ENPP1",1.75151757812241,6.45299260282116,3.61236223675537,0.00248385923283821,0.0273370021392336,-1.68557975701149,"Up"
"IL6ST","IL6ST",1.15001307682115,6.31065983224842,3.60732598042293,0.00250990124362585,0.0274329005689925,-1.69568875587132,"Up"
"SHE","SHE",1.66455521050018,5.63426005461308,3.60264640185187,0.00253434439407307,0.0276442604890641,-1.70508118060451,"Up"
"INMT","INMT",1.10837441643986,5.87461561336006,3.60101831844972,0.00254290434959366,0.0276715516194037,-1.70834877497837,"Up"
"ZNF703","ZNF703",1.28271043889394,7.70654212132925,3.59962572672137,0.00255024917403058,0.0276993487652438,-1.71114367209379,"Up"
"FAM13C","FAM13C",1.32771754948354,6.68784530655039,3.59672747501081,0.00256560347245068,0.0277922107592853,-1.71696020911545,"Up"
"OLFM1","OLFM1",1.12518477917401,7.7094831223421,3.59156142463572,0.00259320237337748,0.0279833150638853,-1.72732739690933,"Up"
"LGR6","LGR6",1.17969070445976,7.25016748329242,3.58821910460783,0.00261121669002669,0.0281303514335819,-1.73403430345602,"Up"
"XM_006711480","XM_006711480",1.17969070445976,7.25016748329242,3.58821910460783,0.00261121669002669,0.0281303514335819,-1.73403430345602,"Up"
"CPQ","CPQ",1.08706528277929,7.27342166680971,3.58699168219601,0.00261786366651809,0.0281640357345438,-1.73649723817418,"Up"
"XM_005250755","XM_005250755",1.08706528277929,7.27342166680971,3.58699168219601,0.00261786366651809,0.0281640357345438,-1.73649723817418,"Up"
"XM_006716498","XM_006716498",1.08706528277929,7.27342166680971,3.58699168219601,0.00261786366651809,0.0281640357345438,-1.73649723817418,"Up"
"XM_006726627","XM_006726627",1.30552970229641,10.142555349538,3.5860366637038,0.00262304720263964,0.0281945270746783,-1.73841353692397,"Up"
"WNT2","WNT2",1.50622514954088,3.95373600293793,3.58377870049712,0.00263534367584538,0.0282760477906307,-1.7429441532794,"Up"
"KLF9","KLF9",1.22116210975255,7.24297034193611,3.58326349433359,0.00263815748748192,0.0282812959969425,-1.74397789468524,"Up"
"BHLHE22","BHLHE22",1.14872301053563,4.58730104242535,3.57770597683785,0.00266870217482627,0.0284180078084206,-1.75512829443194,"Up"
"TCIM","TCIM",1.99695850475094,4.08833580532065,3.56982649386605,0.00271261725588302,0.028624594115702,-1.7709356453068,"Up"
"PDE7B","PDE7B",1.63983652681759,6.59101804455035,3.5688168981377,0.00271829618266008,0.0286537307756729,-1.77296088375422,"Up"
"SV2A","SV2A",1.32781515190737,5.58340391862811,3.56699386239398,0.0027285808696241,0.0287369012868441,-1.77661778495346,"Up"
"SLC7A2","SLC7A2",1.23132923692236,8.02986044483876,3.55696084642405,0.00278588409831121,0.0292249569504908,-1.79674131404774,"Up"
"MUSTN1","MUSTN1",1.22231897306654,6.15464901535556,3.55675055041762,0.00278709801098548,0.0292249569504908,-1.79716307236516,"Up"
"SCARA5","SCARA5",1.97111331783688,6.63008594680103,3.55504855564619,0.00279694212522807,0.0292515053985726,-1.80057644134215,"Up"
"SNORD44","SNORD44",1.44438041166068,10.5779197617252,3.55468331681833,0.0027990591538798,0.0292608962593306,-1.80130891783821,"Up"
"COL15A1","COL15A1",2.19758483980373,4.88507532089705,3.5530687578839,0.0028084368476264,0.0293206181890947,-1.804546812352,"Up"
"COL8A2","COL8A2",2.23393546890747,7.76006954360546,3.55196326353969,0.00281487593417452,0.0293622999443967,-1.80676375434369,"Up"
"BMPER","BMPER",1.84487138028205,3.49700329371688,3.55054819898876,0.00282313973447407,0.0294050135786431,-1.80960143687074,"Up"
"COPZ2","COPZ2",1.12216545010613,8.45589550753522,3.54511060760042,0.0028551213104403,0.0296275926040589,-1.82050493635195,"Up"
"PGM5","PGM5",1.50689478433142,5.35398220747027,3.54459192810608,0.00285819085262717,0.0296466278499384,-1.82154493699769,"Up"
"EMILIN1","EMILIN1",1.08707719153506,5.46833514985618,3.54427624325402,0.00286006069134197,0.0296516100480303,-1.82217790938438,"Up"
"MAN1A1","MAN1A1",1.16852348956024,9.71480408686692,3.54409379016286,0.00286114194113983,0.0296516100480303,-1.82254374008512,"Up"
"ZBTB20","ZBTB20",1.72796801949836,5.80606834375608,3.53781193045478,0.00289862009120762,0.0298931591384044,-1.83513849285298,"Up"
"ZBTB16","ZBTB16",1.3246349999007,7.51963686465848,3.53521136291397,0.00291427881982506,0.0299464815933977,-1.84035201508763,"Up"
"XM_006718899","XM_006718899",1.3246349999007,7.51963686465848,3.53521136291397,0.00291427881982506,0.0299464815933977,-1.84035201508763,"Up"
"MCAM","MCAM",1.14688721840921,6.4507382498172,3.5323878756545,0.00293137571391207,0.030055053346996,-1.84601212823396,"Up"
"XM_006718836","XM_006718836",1.14688721840921,6.4507382498172,3.5323878756545,0.00293137571391207,0.030055053346996,-1.84601212823396,"Up"
"KCNJ13","KCNJ13",1.59998483951492,4.83929134456474,3.52633639624629,0.00296835784417593,0.0303305768309538,-1.85814213984955,"Up"
"FAM107A","FAM107A",1.56637830602742,7.06095778801093,3.52437603453286,0.002980437976497,0.030428103918282,-1.86207129820842,"Up"
"SCIN","SCIN",1.34974588984447,7.30919506918372,3.52401549191889,0.00298266506149171,0.0304378940501378,-1.86279391703305,"Up"
"MMP27","MMP27",1.60922805830448,4.92501947790821,3.52371423777564,0.00298452719658039,0.0304439531544082,-1.86339770248911,"Up"
"CCN5","CCN5",1.29985312386873,5.65872703098464,3.52119342425921,0.00300015471205015,0.0305903625312777,-1.86844986459973,"Up"
"FKBP10","FKBP10",1.5184204725812,6.10526133642062,3.51859066508911,0.00301637617026482,0.0306240481169288,-1.87366597350374,"Up"
"XM_006722008","XM_006722008",1.5184204725812,6.10526133642062,3.51859066508911,0.00301637617026482,0.0306240481169288,-1.87366597350374,"Up"
"ITM2A","ITM2A",2.38019182954823,5.29264225195464,3.51264877256203,0.00305373810272294,0.0308743984589536,-1.8855728264117,"Up"
"CCM2L","CCM2L",1.2340246344595,4.98550332524799,3.5073401521701,0.00308750952962107,0.0310979453335984,-1.89620934628877,"Up"
"XM_006723706","XM_006723706",1.2340246344595,4.98550332524799,3.5073401521701,0.00308750952962107,0.0310979453335984,-1.89620934628877,"Up"
"PPP1R15A","PPP1R15A",1.7710437799229,8.51556154980025,3.50465787067514,0.00310471500117599,0.0312021754236074,-1.90158316395674,"Up"
"DACT1","DACT1",2.00446532378658,4.33309372093658,3.50230065941712,0.00311991446496958,0.0312807691839105,-1.90630544622015,"Up"
"XM_006720166","XM_006720166",2.00446532378658,4.33309372093658,3.50230065941712,0.00311991446496958,0.0312807691839105,-1.90630544622015,"Up"
"XM_006720167","XM_006720167",2.00446532378658,4.33309372093658,3.50230065941712,0.00311991446496958,0.0312807691839105,-1.90630544622015,"Up"
"CSF2RB","CSF2RB",1.19686578771018,4.89803244343614,3.49739893114379,0.00315175984602792,0.0314024656805156,-1.91612441728788,"Up"
"TRIM63","TRIM63",1.0591971301765,4.91750568151448,3.49348140728035,0.00317744462172811,0.0315126221000514,-1.92397104715517,"Up"
"DUSP1","DUSP1",1.80021463699207,7.14470738109902,3.48954412325164,0.00320346982329012,0.0316809570245609,-1.93185651212459,"Up"
"LEPR","LEPR",1.84002036721812,9.34233552604175,3.48463790020481,0.00323619806759422,0.0318863817809509,-1.94168147647464,"Up"
"LEPROT","LEPROT",1.84002036721812,9.34233552604175,3.48463790020481,0.00323619806759422,0.0318863817809509,-1.94168147647464,"Up"
"P2RY14","P2RY14",2.33851646157662,5.36930221878603,3.48081967013571,0.00326189966307912,0.0320807159864031,-1.94932685177866,"Up"
"CHI3L2","CHI3L2",2.62386878879255,5.61707219568784,3.480320104192,0.00326527744166248,0.0320807159864031,-1.95032709593084,"Up"
"CD300LG","CD300LG",1.11809275666991,3.96102082008526,3.47888072007395,0.00327502929103137,0.0321502057436953,-1.95320899831669,"Up"
"MYOC","MYOC",3.56633049465402,8.27233403114328,3.47458052987878,0.00330433684943802,0.032358503900535,-1.96181811305546,"Up"
"CLEC1A","CLEC1A",1.0495641149477,5.36374122465707,3.47272712722984,0.00331704923064767,0.0324565086155749,-1.96552838955853,"Up"
"DAPL1","DAPL1",1.41180559216841,11.2949765651899,3.46343791961382,0.00338150331579155,0.0327798233382992,-1.98412149042958,"Up"
"IRX3","IRX3",1.60373454160168,8.14920227019617,3.46276711308884,0.00338620592058846,0.0328121576527914,-1.98546398646286,"Up"
"C1orf162","C1orf162",1.74465179980722,6.59208882597322,3.45116072678313,0.00346861302562493,0.033325049848404,-2.00868815424378,"Up"
"XM_005270475","XM_005270475",1.74465179980722,6.59208882597322,3.45116072678313,0.00346861302562493,0.033325049848404,-2.00868815424378,"Up"
"XM_005270476","XM_005270476",1.74465179980722,6.59208882597322,3.45116072678313,0.00346861302562493,0.033325049848404,-2.00868815424378,"Up"
"DNM3OS","DNM3OS",1.159577539386,3.450139234407,3.45101203139695,0.00346968167532546,0.033325049848404,-2.00898564269904,"Up"
"ZNF423","ZNF423",1.15526329290784,7.20271832846003,3.45042355114938,0.00347391421364647,0.0333522666616221,-2.01016297762835,"Up"
"PLA2G5","PLA2G5",1.62585399309538,5.75965831682927,3.44637975020077,0.00350313827173034,0.0333721404525127,-2.01825262468055,"Up"
"XM_005245895","XM_005245895",1.62585399309538,5.75965831682927,3.44637975020077,0.00350313827173034,0.0333721404525127,-2.01825262468055,"Up"
"XM_005245896","XM_005245896",1.62585399309538,5.75965831682927,3.44637975020077,0.00350313827173034,0.0333721404525127,-2.01825262468055,"Up"
"XM_006710691","XM_006710691",1.62585399309538,5.75965831682927,3.44637975020077,0.00350313827173034,0.0333721404525127,-2.01825262468055,"Up"
"CLU","CLU",1.37309259617966,5.07702644650915,3.44169390650601,0.00353730939843338,0.0334261811737,-2.02762551728001,"Up"
"XM_006716284","XM_006716284",1.37309259617966,5.07702644650915,3.44169390650601,0.00353730939843338,0.0334261811737,-2.02762551728001,"Up"
"SELENBP1","SELENBP1",1.12718129339802,7.96121330350884,3.4414339097359,0.00353921511625833,0.0334310276349596,-2.02814554071351,"Up"
"COL8A1","COL8A1",2.17845860985762,8.604396143328,3.43998619504253,0.00354984529427213,0.0335050675395673,-2.03104106495486,"Up"
"TYR","TYR",1.50820198384689,6.77612316004374,3.43407975751538,0.00359354589169928,0.0337582342436658,-2.04285305854138,"Up"
"PENK","PENK",3.07035270637388,5.87822837357268,3.43286317270571,0.00360261363304528,0.0338246972173244,-2.04528579117062,"Up"
"MYH11","MYH11",1.9491277012856,7.24636355451817,3.43260304131531,0.00360455546762299,0.0338246972173244,-2.04580594910042,"Up"
"CHRDL1","CHRDL1",2.20767175341958,6.53079534955959,3.43188988549786,0.00360988440714768,0.0338587125988115,-2.04723195261261,"Up"
"CD84","CD84",1.16431678950213,5.48471622054265,3.42985715540648,0.00362511682357072,0.0339485189228812,-2.05129636777758,"Up"
"XR_241101","XR_241101",1.16431678950213,5.48471622054265,3.42985715540648,0.00362511682357072,0.0339485189228812,-2.05129636777758,"Up"
"CYGB","CYGB",1.04187387697461,6.39792681563704,3.42959414668857,0.00362709237928646,0.0339537719530553,-2.05182223190352,"Up"
"RFLNB","RFLNB",1.6400310950521,7.80326693422691,3.42303211475474,0.0036767314498199,0.0341652761357249,-2.0649411155743,"Up"
"EYA2","EYA2",1.29957873261716,6.6095908965773,3.41961493673972,0.00370284874575229,0.0343017273622333,-2.07177173097632,"Up"
"GAPDHS","GAPDHS",1.35605617833492,5.56345797992159,3.41889539446579,0.00370837170669053,0.0343263932525978,-2.07320993580544,"Up"
"XM_005258732","XM_005258732",1.35605617833492,5.56345797992159,3.41889539446579,0.00370837170669053,0.0343263932525978,-2.07320993580544,"Up"
"PLPPR4","PLPPR4",1.35708553112202,4.30103644665726,3.41654057718756,0.00372650398739485,0.0344198269122627,-2.0779164658955,"Up"
"NR2F1","NR2F1",1.62438155674339,4.73866532457014,3.41420915797831,0.00374454320524803,0.0345280545571891,-2.08257588855417,"Up"
"AFF3","AFF3",1.56694201994965,4.87798675999967,3.40900787253768,0.00378510229677096,0.0347344460205409,-2.09296959956546,"Up"
"ELMO1","ELMO1",1.43179464617776,4.81133642913935,3.40694542537162,0.00380130606702351,0.0347444585760466,-2.09709050212922,"Up"
"XM_005249920","XM_005249920",1.43179464617776,4.81133642913935,3.40694542537162,0.00380130606702351,0.0347444585760466,-2.09709050212922,"Up"
"DKK3","DKK3",1.16558751979222,9.56168913618562,3.39294374139856,0.0039131546047335,0.0353422642040822,-2.12505942914228,"Up"
"XM_006718177","XM_006718177",1.16558751979222,9.56168913618562,3.39294374139856,0.0039131546047335,0.0353422642040822,-2.12505942914228,"Up"
"XM_006718179","XM_006718179",1.16558751979222,9.56168913618562,3.39294374139856,0.0039131546047335,0.0353422642040822,-2.12505942914228,"Up"
"XM_006718180","XM_006718180",1.16558751979222,9.56168913618562,3.39294374139856,0.0039131546047335,0.0353422642040822,-2.12505942914228,"Up"
"GPR183","GPR183",2.13133395848265,5.60523109996634,3.3928604581326,0.00391382960813476,0.0353422642040822,-2.12522575191055,"Up"
"VWF","VWF",1.15540319746716,7.66192801344171,3.38652738434971,0.00396549991412472,0.0356212308902775,-2.13787198811393,"Up"
"CHN1","CHN1",1.63410965501504,6.61744389769026,3.38289957227531,0.00399540410474623,0.0357960766413285,-2.14511497165169,"Up"
"SIPA1L2","SIPA1L2",1.32983618647306,7.76841376891569,3.38036711556048,0.00401641227996164,0.0359075707776097,-2.15017052162727,"Up"
"ACKR4","ACKR4",1.45296237513021,5.86618198430985,3.37166168204603,0.00408947150877417,0.0362384265618263,-2.16754577029402,"Up"
"GIMAP6","GIMAP6",1.97170783172652,5.23866593937287,3.36893689077998,0.00411260977443106,0.0363930331453458,-2.17298309757552,"Up"
"CMAHP","CMAHP",1.55522892328941,5.14995590003897,3.35511140451579,0.00423203611089854,0.0370812921316562,-2.20056356364707,"Up"
"HLA-DPA1","HLA-DPA1",2.64102514463049,8.05615283525934,3.35502681718238,0.00423277731024414,0.0370812921316562,-2.2007322634818,"Up"
"SEMA3G","SEMA3G",1.47422260173716,4.92265465736593,3.34567490336792,0.00431552544304605,0.0375158426961215,-2.21938026547188,"Up"
"XM_005265327","XM_005265327",1.47422260173716,4.92265465736593,3.34567490336792,0.00431552544304605,0.0375158426961215,-2.21938026547188,"Up"
"GSTM3","GSTM3",1.03435566900696,9.17911691565945,3.34466781696689,0.00432453183876798,0.0375566880798221,-2.22138802937266,"Up"
"PDE5A","PDE5A",1.7427452680402,6.43681449673047,3.34210622109156,0.00434752460182967,0.0376848268303054,-2.22649456760898,"Up"
"INHBB","INHBB",1.04113679740902,6.10673891179661,3.33509279098281,0.0044111009101333,0.0379889644940866,-2.2404732218668,"Up"
"TXNIP","TXNIP",1.18793896821111,10.3940280143035,3.33484181922601,0.0044133930089824,0.0379950713779038,-2.2409733688864,"Up"
"HERC5","HERC5",1.22964763631093,4.91799404537805,3.33139244383678,0.0044450160591282,0.0381236745844457,-2.24784692348942,"Up"
"FAM241A","FAM241A",1.73590348244862,5.60260829923006,3.32949568328605,0.00446250101130713,0.038225891960526,-2.25162618642989,"Up"
"RERG","RERG",2.96890999642081,7.36972719345714,3.32765527041465,0.00447953189571107,0.0383307395938885,-2.25529290244178,"Up"
"NR1D1","NR1D1",1.59038514513735,10.6897963176414,3.326989869135,0.00448570530439919,0.0383698855011366,-2.25661853667574,"Up"
"ERG","ERG",1.25547253802714,6.27477985162186,3.32113613824963,0.00454038037062865,0.038696074726215,-2.26827898788741,"Up"
"CPE","CPE",1.80322202462181,8.31527883404393,3.3200032762763,0.00455103779051002,0.0387492050542112,-2.27053529180015,"Up"
"BCL6","BCL6",1.20049891656421,8.14576613158614,3.31939677802153,0.00455675364902863,0.0387721526042813,-2.27174320190838,"Up"
"ROBO4","ROBO4",1.17540871395588,5.68979574330596,3.31509911833187,0.00459746125963055,0.0390061029175159,-2.28030161115484,"Up"
"SCRG1","SCRG1",1.98079053055981,5.72154146133174,3.3137554222242,0.00461026281229281,0.0390777379024808,-2.28297714939688,"Up"
"XM_006714075","XM_006714075",1.98079053055981,5.72154146133174,3.3137554222242,0.00461026281229281,0.0390777379024808,-2.28297714939688,"Up"
"CNKSR3","CNKSR3",1.27989621924921,3.21184626668833,3.31246365777143,0.00462260299802284,0.0390777379024808,-2.28554914074633,"Up"
"TNN","TNN",1.7181510347718,4.25673379194816,3.31222820094088,0.00462485584369285,0.0390777379024808,-2.28601793639016,"Up"
"PNISR","PNISR",1.07123601142725,7.54401780557943,3.31056835231581,0.00464076822021255,0.0391453568421874,-2.28932257109728,"Up"
"BMP7","BMP7",1.18513387370998,8.78436444903287,3.31048173317062,0.00464160009886115,0.0391453568421874,-2.28949501700981,"Up"
"PDE1C","PDE1C",1.67499307865597,3.26627065276561,3.30804397362028,0.00466507286997305,0.0392337973172816,-2.29434797710386,"Up"
"XM_005249768","XM_005249768",1.67499307865597,3.26627065276561,3.30804397362028,0.00466507286997305,0.0392337973172816,-2.29434797710386,"Up"
"ARMCX4","ARMCX4",1.25420311224887,5.2340767881198,3.30763117572124,0.00466905928991681,0.0392528059812901,-2.29516970327132,"Up"
"LAPTM5","LAPTM5",1.94303264330398,8.03972029274562,3.30669852791012,0.00467807840394103,0.0392873470438742,-2.29702620305015,"Up"
"TIE1","TIE1",1.07581663562766,4.63971539013483,3.30065842945782,0.00473690924385209,0.0395003748515172,-2.30904764382871,"Up"
"XM_005271164","XM_005271164",1.07581663562766,4.63971539013483,3.30065842945782,0.00473690924385209,0.0395003748515172,-2.30904764382871,"Up"
"PRKAR2B","PRKAR2B",1.80972168400766,6.26979898182022,3.29265490214557,0.00481599731479612,0.0399977742386631,-2.32497200244799,"Up"
"TMEM45A","TMEM45A",1.06154620843742,8.76556902576274,3.28780185621911,0.00486459054119508,0.0402682121413672,-2.33462522236666,"Up"
"XM_005247569","XM_005247569",1.06154620843742,8.76556902576274,3.28780185621911,0.00486459054119508,0.0402682121413672,-2.33462522236666,"Up"
"TNFRSF11B","TNFRSF11B",2.29826410231127,4.6883847532856,3.28750866030326,0.00486754183535323,0.0402682121413672,-2.33520835328047,"Up"
"ZFP36","ZFP36",1.86985911531172,11.6927939591154,3.28315530446625,0.00491157217531585,0.0404972708182518,-2.34386574649498,"Up"
"PRDM11","PRDM11",1.14298834329274,4.37264102434523,3.28215914981497,0.00492170284894061,0.0405435316201937,-2.3458465322236,"Up"
"NR_046338","NR_046338",1.14298834329274,4.37264102434523,3.28215914981497,0.00492170284894061,0.0405435316201937,-2.3458465322236,"Up"
"HEPH","HEPH",1.60138611728768,6.56431583456242,3.27815916396151,0.00496259107750516,0.0407918188500955,-2.35379933160531,"Up"
"DCLK1","DCLK1",2.05859206437888,5.8452621973771,3.2756921231346,0.0049879772868323,0.040916415187474,-2.35870359622075,"Up"
"XM_006719893","XM_006719893",2.05859206437888,5.8452621973771,3.2756921231346,0.0049879772868323,0.040916415187474,-2.35870359622075,"Up"
"SLC2A14","SLC2A14",1.74866310172624,6.37346926507028,3.27432030868564,0.00500214916334398,0.0409660316977506,-2.36143040507462,"Up"
"XM_005253317","XM_005253317",1.74866310172624,6.37346926507028,3.27432030868564,0.00500214916334398,0.0409660316977506,-2.36143040507462,"Up"
"LDB3","LDB3",1.28767638705035,5.21233852638071,3.27201288553117,0.00502607675384047,0.0410360955428367,-2.36601657080423,"Up"
"XM_005269465","XM_005269465",1.28767638705035,5.21233852638071,3.27201288553117,0.00502607675384047,0.0410360955428367,-2.36601657080423,"Up"
"XM_005269467","XM_005269467",1.28767638705035,5.21233852638071,3.27201288553117,0.00502607675384047,0.0410360955428367,-2.36601657080423,"Up"
"SHOX","SHOX",1.22356440608614,6.40570235199489,3.26447191380627,0.00510507010231631,0.0415043412670688,-2.38100135069393,"Up"
"CLEC3B","CLEC3B",1.66011990473568,7.01485612611062,3.26435184153384,0.00510633779525265,0.0415043412670688,-2.3812399053071,"Up"
"XM_005265426","XM_005265426",1.66011990473568,7.01485612611062,3.26435184153384,0.00510633779525265,0.0415043412670688,-2.3812399053071,"Up"
"CCL2","CCL2",2.40757122137359,6.92710036427389,3.26339502042394,0.00511645083612459,0.041516245087445,-2.38314082953001,"Up"
"TCEAL2","TCEAL2",2.16734410972433,6.12755053303766,3.26122007926263,0.00513951265168724,0.0416481488266914,-2.38746148266551,"Up"
"MMRN2","MMRN2",1.00935595084671,6.40557720754136,3.26120739999608,0.00513964739707774,0.0416481488266914,-2.38748666949471,"Up"
"XM_006717970","XM_006717970",1.00935595084671,6.40557720754136,3.26120739999608,0.00513964739707774,0.0416481488266914,-2.38748666949471,"Up"
"CPZ","CPZ",1.15896177274187,6.17363701890042,3.2602459324372,0.00514987533917699,0.0417028704085446,-2.38939654010694,"Up"
"SPARC","SPARC",1.46659677588874,10.5593930212137,3.25945695714319,0.00515828341115938,0.0417427911108049,-2.39096370474406,"Up"
"WHAMMP3","WHAMMP3",1.09598705090889,5.3325896288684,3.25653978664168,0.0051894899434795,0.0418969732234275,-2.39675765270417,"Up"
"WHAMMP2","WHAMMP2",1.09598705090889,5.3325896288684,3.25653978664168,0.0051894899434795,0.0418969732234275,-2.39675765270417,"Up"
"TCF4","TCF4",1.39197385448839,6.59512707059044,3.2561109046247,0.0051940936809108,0.0419054240434356,-2.39760940986752,"Up"
"FRZB","FRZB",2.60103691663857,4.5624615779396,3.25577672786856,0.00519768363280702,0.0419062151678314,-2.39827307077156,"Up"
"SNORD47","SNORD47",1.03003669533851,10.8143939772489,3.25204144691038,0.00523797835259244,0.0421038032213408,-2.40569045295829,"Up"
"NTRK2","NTRK2",1.58637017010695,9.79253572330963,3.25069263171817,0.00525260481262772,0.0421507926154098,-2.40836855038911,"Up"
"F2R","F2R",1.20502901776253,8.53296937203468,3.24339494777312,0.00533244531042417,0.0423964145820575,-2.42285517472625,"Up"
"ACADSB","ACADSB",1.01872648505037,7.81870696243306,3.24256520799144,0.00534159891137677,0.0423964145820575,-2.42450196073268,"Up"
"SYNM","SYNM",1.21458301593558,6.6856404058277,3.22822491072363,0.00550228192649749,0.0431024056135094,-2.45295236706729,"Up"
"CSRNP1","CSRNP1",1.63822814988837,9.49564214540171,3.21943234962777,0.00560316074575502,0.0436233841984989,-2.47038607085098,"Up"
"XM_005265403","XM_005265403",1.63822814988837,9.49564214540171,3.21943234962777,0.00560316074575502,0.0436233841984989,-2.47038607085098,"Up"
"RNF150","RNF150",1.18877876392149,5.40399859836835,3.2151014135363,0.0056535214911382,0.0438129665365689,-2.47897042899359,"Up"
"MS4A7","MS4A7",1.95227907035421,5.46295069048919,3.21334581487221,0.005674063249456,0.043917725286502,-2.48244964832953,"Up"
"ADCY2","ADCY2",1.43734924356008,6.17870692792978,3.20836010581981,0.00573280329386172,0.044172951736523,-2.49232848761876,"Up"
"GIMAP1-GIMAP5","GIMAP1-GIMAP5",1.23404705252301,6.18863148875031,3.20582498379234,0.00576290170930149,0.0442319918330612,-2.49735064975127,"Up"
"GIMAP5","GIMAP5",1.23404705252301,6.18863148875031,3.20582498379234,0.00576290170930149,0.0442319918330612,-2.49735064975127,"Up"
"SOX17","SOX17",1.43161499255116,3.95609530941337,3.20388971848787,0.00578598348861379,0.0443210772693515,-2.50118401525503,"Up"
"TCEAL7","TCEAL7",1.45616666952438,5.35451104180553,3.19832929041041,0.00585281255363572,0.0445541411076323,-2.51219585533523,"Up"
"GNG11","GNG11",1.33211871557655,8.20363189144205,3.18690766965202,0.00599248974508531,0.045230106560232,-2.5348046405894,"Up"
"MS4A4A","MS4A4A",2.60455981688691,5.56660474455019,3.1850461588137,0.00601556485075983,0.0453155224757041,-2.53848809083525,"Up"
"PCSK2","PCSK2",1.53064008283884,4.38908127601315,3.18445168712101,0.0060229523555805,0.045331734850625,-2.53966431609462,"Up"
"FCGR2C","FCGR2C",1.32042110614028,5.51452486313688,3.18320697138605,0.00603844951461664,0.0453914391637422,-2.5421269907515,"Up"
"SELENOP","SELENOP",1.25553899782246,5.18503960564025,3.18288964741563,0.00604240661461148,0.0454069641715419,-2.54275478977561,"Up"
"CCL8","CCL8",1.15191955015103,4.14854638202671,3.17863458830304,0.00609571646570715,0.0455818974300409,-2.55117198125461,"Up"
"PDE1A","PDE1A",1.74820166871501,5.56799776285375,3.17732603645427,0.00611220404579387,0.0455818974300409,-2.55376009848924,"Up"
"XM_005246635","XM_005246635",1.74820166871501,5.56799776285375,3.17732603645427,0.00611220404579387,0.0455818974300409,-2.55376009848924,"Up"
"XM_005246636","XM_005246636",1.74820166871501,5.56799776285375,3.17732603645427,0.00611220404579387,0.0455818974300409,-2.55376009848924,"Up"
"XM_005246637","XM_005246637",1.74820166871501,5.56799776285375,3.17732603645427,0.00611220404579387,0.0455818974300409,-2.55376009848924,"Up"
"XM_006712574","XM_006712574",1.74820166871501,5.56799776285375,3.17732603645427,0.00611220404579387,0.0455818974300409,-2.55376009848924,"Up"
"XM_006712575","XM_006712575",1.74820166871501,5.56799776285375,3.17732603645427,0.00611220404579387,0.0455818974300409,-2.55376009848924,"Up"
"XM_006712577","XM_006712577",1.74820166871501,5.56799776285375,3.17732603645427,0.00611220404579387,0.0455818974300409,-2.55376009848924,"Up"
"S1PR1","S1PR1",1.15732548163999,6.72421918494462,3.17313437033434,0.00616531579476389,0.0457829776910181,-2.56204927560235,"Up"
"GNG7","GNG7",1.26132619916123,5.8698938930653,3.17256564017239,0.00617255711224626,0.0457829776910181,-2.56317380719374,"Up"
"SOBP","SOBP",1.57689068448062,6.37619733736787,3.16972156609335,0.00620889538926787,0.0460240602634983,-2.56879674840848,"Up"
"XM_005267042","XM_005267042",1.57689068448062,6.37619733736787,3.16972156609335,0.00620889538926787,0.0460240602634983,-2.56879674840848,"Up"
"CD163","CD163",2.55816347348716,7.92419281557614,3.16777090678154,0.0062339407820203,0.0461384664354151,-2.57265280827854,"Up"
"GLYR1","GLYR1",1.05559172051804,5.79194083117418,3.16362156164194,0.0062875485602833,0.0464290742254788,-2.58085376890505,"Up"
"MGLL","MGLL",1.07670589994925,7.59987839965779,3.1549164194768,0.00640149954064804,0.0469873981573805,-2.59805251423467,"Up"
"TRPM1","TRPM1",1.69284892466233,4.3301673849891,3.1540123906599,0.00641344961676104,0.047058148739516,-2.59983809388522,"Up"
"NR3C2","NR3C2",1.03567591450868,7.59608770916495,3.15335509056968,0.00642215209112889,0.047058148739516,-2.60113629019022,"Up"
"XM_005263014","XM_005263014",1.03567591450868,7.59608770916495,3.15335509056968,0.00642215209112889,0.047058148739516,-2.60113629019022,"Up"
"LPAR1","LPAR1",1.03595800235484,7.45574820541256,3.14979933118425,0.00646943191823685,0.0472260659676159,-2.60815818212362,"Up"
"EPDR1","EPDR1",2.26565761087698,5.90967427911825,3.14929917561861,0.00647610984309045,0.0472317193721838,-2.60914576570715,"Up"
"CHSY3","CHSY3",1.05998863639752,4.80303995051888,3.14719718595134,0.00650424944956459,0.0473649864346023,-2.61329592893905,"Up"
"LRRC70","LRRC70",1.01657660989457,4.63782803151827,3.14664528871945,0.00651165775458424,0.0474045524493573,-2.61438550589705,"Up"
"LPAR6","LPAR6",1.06033497166444,9.51221807581773,3.14321177611989,0.00655793443358185,0.0476978870302575,-2.62116325844349,"Up"
"MT1M","MT1M",1.40877645008581,8.30940396525433,3.14234227495629,0.00656970493940809,0.0477296005646092,-2.62287942811082,"Up"
"EXPH5","EXPH5",1.24001371574337,8.79619014636437,3.1369911907938,0.00664260336956384,0.0478990744688977,-2.63343906292582,"Up"
"SAMSN1","SAMSN1",1.25916351425818,4.12471024217644,3.1366229271375,0.00664764952410045,0.0479149801433811,-2.63416565288266,"Up"
"PARM1","PARM1",1.83530347341421,6.00087400465143,3.13633655683175,0.00665157614445043,0.0479288894083156,-2.63473065452813,"Up"
"MRC1","MRC1",2.49799118744863,6.68355932133299,3.13250203858724,0.00670437487077675,0.0481071466811311,-2.64229509793231,"Up"
"XM_006726512","XM_006726512",2.49799118744863,6.68355932133299,3.13250203858724,0.00670437487077675,0.0481071466811311,-2.64229509793231,"Up"
"SORBS1","SORBS1",1.38773032344736,7.81626160649016,3.12959723674928,0.00674464709630253,0.0481641758071456,-2.64802426383162,"Up"
"SNORD35A","SNORD35A",1.0357528041491,11.9920232177684,3.1191363651128,0.00689166362603946,0.0487514619369877,-2.66864763723295,"Up"
"MSX1","MSX1",1.40467780298098,4.79313157043238,3.11752231405174,0.00691462708873315,0.0488706947537612,-2.67182847930327,"Up"
"ITGAM","ITGAM",1.10893635735468,4.74632086243862,3.11276677215373,0.0069827247173153,0.0491944918782834,-2.68119839774143,"Up"
"MAFB","MAFB",1.19328956245849,11.1006006621674,3.10966771444959,0.00702745745346817,0.0493484592738862,-2.68730296659541,"Up"
"SLCO2B1","SLCO2B1",1.04559084791776,6.318853110875,3.1063434400247,0.00707575504248508,0.0494581925849768,-2.6938497990178,"Up"
"XM_006718427","XM_006718427",1.04559084791776,6.318853110875,3.1063434400247,0.00707575504248508,0.0494581925849768,-2.6938497990178,"Up"
"LOXL1","LOXL1",1.5811663803432,7.50523708475487,3.10300216968303,0.00712462916798019,0.0496819724839804,-2.70042866408825,"Up"
"ERRFI1","ERRFI1",1.00521645491617,10.0363451819834,3.10108627224196,0.00715280368275794,0.049782042230221,-2.70420035671661,"Up"
"TRMT9B","TRMT9B",1.049071223373,4.7854584024346,3.10103913869063,0.00715349819398518,0.049782042230221,-2.70429313919681,"Up"
"XM_005273584","XM_005273584",1.049071223373,4.7854584024346,3.10103913869063,0.00715349819398518,0.049782042230221,-2.70429313919681,"Up"
"XM_005273587","XM_005273587",1.049071223373,4.7854584024346,3.10103913869063,0.00715349819398518,0.049782042230221,-2.70429313919681,"Up"
"XM_005273592","XM_005273592",1.049071223373,4.7854584024346,3.10103913869063,0.00715349819398518,0.049782042230221,-2.70429313919681,"Up"
"KCNJ2","KCNJ2",1.90540617818723,7.38186657081263,3.09832488677133,0.00719360487575424,0.0499886810155916,-2.70963565915444,"Up"
