Symbol,logFC,AveExpr,t,P.Value,adj.P.Val,B,status,contrast
PLPP3,2.980131901964592,9.596713848909552,13.406725115273954,7.138143699027823e-10,2.862999176477103e-6,12.557724079035472,Up,C3
MFAP5,3.3236882167649138,4.707494653678284,13.404245311898743,7.156901532731697e-10,2.862999176477103e-6,12.555485398891689,Up,C3
XR_242903,3.3236882167649138,4.707494653678284,13.404245311898743,7.156901532731697e-10,2.862999176477103e-6,12.555485398891689,Up,C3
PMP22,3.070665602223265,9.596201773970387,13.063195268318102,1.0308886276971174e-9,3.5347698345694586e-6,12.242792089711715,Up,C3
PRR16,1.8803334634009632,3.779168088905413,12.79264227657124,1.3849920097565864e-9,3.6936198020197318e-6,11.987792670802639,Up,C3
XM_005272012,1.8803334634009632,3.779168088905413,12.79264227657124,1.3849920097565864e-9,3.6936198020197318e-6,11.987792670802639,Up,C3
ABI3BP,3.3201432292423068,9.91853700610743,11.440956641053184,6.577043190716896e-9,1.1694771096029835e-5,10.614849846750202,Up,C3
DOCK10,1.9139578251792724,4.522035586381062,11.43115430952318,6.655340958909287e-9,1.1694771096029835e-5,10.604253663603915,Up,C3
XM_006712616,1.9139578251792724,4.522035586381062,11.43115430952318,6.655340958909287e-9,1.1694771096029835e-5,10.604253663603915,Up,C3
XM_006712618,1.9139578251792724,4.522035586381062,11.43115430952318,6.655340958909287e-9,1.1694771096029835e-5,10.604253663603915,Up,C3
CXCL12,4.024446312782069,6.138090452496608,11.410764944319023,6.8213813575709404e-9,1.1694771096029835e-5,10.582182010095034,Up,C3
CTSF,1.3932697322874459,8.639318442381215,11.200117181824131,8.817461258886823e-9,1.3227294070987595e-5,10.351678549367682,Up,C3
JAM2,2.066761355686811,4.675240058538733,10.915624429284673,1.2547842936125264e-8,1.67318514529377e-5,10.033066383756191,Up,C3
XM_006724037,2.066761355686811,4.675240058538733,10.915624429284673,1.2547842936125264e-8,1.67318514529377e-5,10.033066383756191,Up,C3
NID1,2.5462210279276016,7.5999340135009925,10.727959998289966,1.5899151139710555e-8,2.0084811876596462e-5,9.818184668244006,Up,C3
LAMA4,2.1626133365740365,6.165740500226513,10.085462663551837,3.666342735145741e-8,4.0292775299175994e-5,9.052969145469483,Up,C3
PTGFR,2.4505362235397277,5.184551743320969,10.046657551082154,3.8610692104035e-8,4.0292775299175994e-5,9.0052415759605,Up,C3
XR_426624,2.4505362235397277,5.184551743320969,10.046657551082154,3.8610692104035e-8,4.0292775299175994e-5,9.0052415759605,Up,C3
DDR2,2.923887604431277,7.5987758105304835,9.467489560422706,8.513170257091268e-8,7.858965865796331e-5,8.271520744063508,Up,C3
XM_006711345,2.923887604431277,7.5987758105304835,9.467489560422706,8.513170257091268e-8,7.858965865796331e-5,8.271520744063508,Up,C3
ADGRD1,2.093237384043692,5.04559907405745,9.129887777530179,1.3721083111469109e-7,1.135632540832695e-4,7.8247150458037105,Up,C3
CTSK,1.7104197106940955,9.272996778464876,9.009660760964188,1.63129069682491e-7,1.2625507422364446e-4,7.662078867050038,Up,C3
MMP2,2.1157199025863633,8.664136959217137,8.996425879797373,1.6628244272283353e-7,1.2625507422364446e-4,7.644060802623663,Up,C3
PLXND1,1.833744456011961,7.2663829382100475,8.987989167575394,1.6832607179220994e-7,1.2625507422364446e-4,7.632563075951733,Up,C3
HACD1,1.4266040456532068,5.104523102320779,8.908800488015503,1.8884958095455252e-7,1.3113013913325296e-4,7.5241890857323686,Up,C3
XR_428651,1.4266040456532068,5.104523102320779,8.908800488015503,1.8884958095455252e-7,1.3113013913325296e-4,7.5241890857323686,Up,C3
LAMA2,2.074643981692896,6.956825756117658,8.864411902535563,2.014925855730261e-7,1.3433958441454923e-4,7.463080497264963,Up,C3
MRGPRF,1.9553765541426857,5.838727069133647,8.808269710506375,2.1877348752390885e-7,1.419189526364557e-4,7.385418108442726,Up,C3
LDB2,3.0771087572166422,5.509144866182135,8.68968278037493,2.606141254897329e-7,1.6039128820524536e-4,7.219996524726687,Up,C3
XM_006713979,3.0771087572166422,5.509144866182135,8.68968278037493,2.606141254897329e-7,1.6039128820524536e-4,7.219996524726687,Up,C3
SERPINF1,2.418833545935062,10.918930590876892,8.550125233794372,3.208901191744684e-7,1.895634162140055e-4,7.022902663743848,Up,C3
FBLN2,1.742312076014457,8.200140470659369,8.517555701555507,3.369673033133776e-7,1.895634162140055e-4,6.976525691518869,Up,C3
ADAMTS5,3.191822317257202,5.007499504399439,8.513691583542691,3.3893025395233904e-7,1.895634162140055e-4,6.971013843102247,Up,C3
WNT2B,1.2814892946872884,5.642403773269272,8.512366508120428,3.3960615353729844e-7,1.895634162140055e-4,6.969123262615588,Up,C3
MATN2,2.334753187643866,9.884577112867037,8.489648935240405,3.514173693978287e-7,1.9169817500651557e-4,6.936673202901638,Up,C3
TGFBR3,2.504434723843268,9.90577027975667,8.452778411426461,3.71516323433385e-7,1.9815855100106903e-4,6.88385674095152,Up,C3
COL3A1,3.063148434487305,6.246735673966753,8.4297768165706,3.846648935220083e-7,2.0071145161554876e-4,6.850812965909316,Up,C3
TAGLN,2.6780832708101867,7.311291268907924,8.312695746557178,4.5961715171939135e-7,2.344541488289286e-4,6.681486735401684,Up,C3
TMEM204,1.5954902456434645,7.915718247637632,8.290195083400878,4.757042135819111e-7,2.344541488289286e-4,6.648728378773978,Up,C3
RHOJ,2.1867154121145402,4.970969820875927,8.247691355202463,5.07730460933279e-7,2.344541488289286e-4,6.586655841834718,Up,C3
XR_245708,2.1867154121145402,4.970969820875927,8.247691355202463,5.07730460933279e-7,2.344541488289286e-4,6.586655841834718,Up,C3
XR_245709,2.1867154121145402,4.970969820875927,8.247691355202463,5.07730460933279e-7,2.344541488289286e-4,6.586655841834718,Up,C3
ZEB2,2.8259952082917517,5.011730719166768,8.206480028129173,5.409544142084458e-7,2.344541488289286e-4,6.526230252359866,Up,C3
CACNA2D1,2.0430276794707654,6.213218827445424,8.182249142180776,5.615496414390184e-7,2.344541488289286e-4,6.490591172748459,Up,C3
SLIT3,1.9198844994432473,5.066951290286355,8.141462119195376,5.981006153913393e-7,2.3951424377536914e-4,6.430415232299662,Up,C3
PDGFRB,2.52350047708033,6.977167762888121,8.085101836601803,6.527755527022455e-7,2.3951424377536914e-4,6.346877959631961,Up,C3
FBLN5,2.726723666736171,7.245266040304289,8.083147211868951,6.547635059231684e-7,2.3951424377536914e-4,6.3439727771333665,Up,C3
XM_005267267,2.726723666736171,7.245266040304289,8.083147211868951,6.547635059231684e-7,2.3951424377536914e-4,6.3439727771333665,Up,C3
TLR4,1.7690074827200615,4.363904247113973,8.00352000778219,7.414091833799542e-7,2.4751311979565635e-4,6.2251623460039145,Up,C3
ZEB1,2.253902222067758,7.61428196451441,8.002435772212205,7.426689363517271e-7,2.4751311979565635e-4,6.22353837276062,Up,C3
F2RL2,3.5999140276315833,4.883276880088389,7.998508743335858,7.472505412013897e-7,2.4751311979565635e-4,6.2176550521473395,Up,C3
AEBP1,2.7135485838284303,8.722126290757423,7.993794644899877,7.527896735723237e-7,2.4751311979565635e-4,6.210589680534518,Up,C3
COL14A1,2.5836766291117677,4.781746537212116,7.983411040053275,7.651433309884902e-7,2.481752733835911e-4,6.195015852325051,Up,C3
PDGFRA,2.985117079261853,8.908226430160846,7.971947132836025,7.790300897607057e-7,2.4931040285915276e-4,6.177803920019363,Up,C3
PRKD1,2.3757751761394603,5.544358443546619,7.948107867087909,8.087627077770187e-7,2.503545287537587e-4,6.141951672700138,Up,C3
CPXM2,3.181956582787529,9.5574450748555,7.944328824977632,8.135844197480701e-7,2.503545287537587e-4,6.136260872875859,Up,C3
SVEP1,3.9241423881122257,7.584832471621498,7.925550819997365,8.379954705813073e-7,2.546021175302853e-4,6.107953148847578,Up,C3
NFIX,1.738941019699224,8.59347122833904,7.907582335275083,8.620755108938553e-7,2.586442051559289e-4,6.080818614546647,Up,C3
GFRA1,1.3124589177269872,5.242588954629774,7.87341370479512,9.098936333615636e-7,2.6214651713870154e-4,6.029092505368514,Up,C3
PRELP,3.405666002210295,8.194997390153457,7.860721993823475,9.28358218348039e-7,2.6214651713870154e-4,6.009836575659037,Up,C3
NNMT,2.889413112358186,8.564142493387802,7.792280829324941,1.03494887638041e-6,2.822823060327568e-4,5.905598415274868,Up,C3
GHR,1.5682487664910738,6.985539502704931,7.751879132124682,1.1038380763188981e-6,2.9438135008673545e-4,5.843748563997375,Up,C3
RGL1,2.0983451843708414,7.494533649597576,7.733559006783864,1.13664727633322e-6,2.998000871049445e-4,5.815625087353892,Up,C3
FIBIN,3.0098416424652914,8.251382031596279,7.643384969141311,1.3137415160264461e-6,3.2846274862152877e-4,5.676488867826164,Up,C3
DEPTOR,1.52235487814393,6.747343496249126,7.486939475971818,1.6931446926867161e-6,4.1049352438249056e-4,5.432287355558566,Up,C3
PDGFD,2.2687195389459944,9.289541980104875,7.367864147222428,2.05820974812192e-6,4.663019265166741e-4,5.244012553448263,Up,C3
TNS2,1.5765084179864859,6.833509459346714,7.367534303526279,2.059328564734916e-6,4.663019265166741e-4,5.243488122632474,Up,C3
EYA4,1.8657797577970903,3.7586985075026775,7.319106471965245,2.2307192904026917e-6,4.822124850046166e-4,5.166316485110858,Up,C3
XM_005266852,1.8657797577970903,3.7586985075026775,7.319106471965245,2.2307192904026917e-6,4.822124850046166e-4,5.166316485110858,Up,C3
COL4A1,2.364222646576679,6.42769500140319,7.26964809699177,2.4212646034673822e-6,5.053495044558617e-4,5.087144504450324,Up,C3
CEP126,1.7081800168901742,4.588604136784477,7.260584053023373,2.4579968899540836e-6,5.085934599368786e-4,5.072595664258722,Up,C3
C1R,2.82883146247363,8.962124868996643,7.25104120415713,2.4973013725270405e-6,0.00051230963712302585,5.057265119499506,Up,C3
RECK,2.4395052700769906,8.194026746962894,7.217441167989768,2.641015744881588e-6,5.167608978049739e-4,5.003179239285384,Up,C3
LRRN4CL,1.83383542293811,7.523851856739696,7.213428787895929,2.6587479529207387e-6,5.167608978049739e-4,4.996709317075846,Up,C3
ACSS3,1.8810982962673606,6.564433042606722,7.172150298244446,2.8485869411149586e-6,5.263851410623311e-4,4.930009219222718,Up,C3
XM_006719601,1.8810982962673606,6.564433042606722,7.172150298244446,2.8485869411149586e-6,5.263851410623311e-4,4.930009219222718,Up,C3
CYP2U1,1.0224830952970088,6.901937368459713,7.168081869707978,2.868051505197306e-6,5.263851410623311e-4,4.923421504061286,Up,C3
C1S,2.940210161448876,9.892857136340725,7.153095015965978,2.94096361847482e-6,5.263851410623311e-4,4.8991331114611505,Up,C3
XM_005253760,2.940210161448876,9.892857136340725,7.153095015965978,2.94096361847482e-6,5.263851410623311e-4,4.8991331114611505,Up,C3
CRIM1,1.2919491880082674,10.096363249383634,7.140343099609805,3.0045314692750336e-6,5.263851410623311e-4,4.878440428752853,Up,C3
XR_426983,1.2919491880082674,10.096363249383634,7.140343099609805,3.0045314692750336e-6,5.263851410623311e-4,4.878440428752853,Up,C3
ZNF667-AS1,1.2779451708208267,8.744051287926686,7.133912278874511,3.0371333022927227e-6,5.282411124755792e-4,4.867995873956836,Up,C3
CD302,2.0558862971561753,7.9473714211128605,7.107469519376842,3.175133122939481e-6,5.482701094733339e-4,4.824984353154502,Up,C3
TWIST1,1.726591870801908,8.749147785659703,7.091628732708134,3.2609351287860423e-6,5.485742645104715e-4,4.799167958684549,Up,C3
XM_006715769,1.726591870801908,8.749147785659703,7.091628732708134,3.2609351287860423e-6,5.485742645104715e-4,4.799167958684549,Up,C3
XR_428085,1.726591870801908,8.749147785659703,7.091628732708134,3.2609351287860423e-6,5.485742645104715e-4,4.799167958684549,Up,C3
RAB30,1.2321723479909856,6.753598230058393,7.09028652711402,3.2683159663776948e-6,5.485742645104715e-4,4.796978789822861,Up,C3
GNB4,1.3056152197080184,7.383740125236084,7.078087099625805,3.336208761683224e-6,5.522460875718671e-4,4.777068912325783,Up,C3
MICU3,1.6078754130021027,4.265470046969339,7.007409920342773,3.759719985800565e-6,5.859792149297738e-4,4.661284036468407,Up,C3
XM_006716331,1.6078754130021027,4.265470046969339,7.007409920342773,3.759719985800565e-6,5.859792149297738e-4,4.661284036468407,Up,C3
XM_006716334,1.6078754130021027,4.265470046969339,7.007409920342773,3.759719985800565e-6,5.859792149297738e-4,4.661284036468407,Up,C3
XR_428307,1.6078754130021027,4.265470046969339,7.007409920342773,3.759719985800565e-6,5.859792149297738e-4,4.661284036468407,Up,C3
XR_428309,1.6078754130021027,4.265470046969339,7.007409920342773,3.759719985800565e-6,5.859792149297738e-4,4.661284036468407,Up,C3
ADM,2.1402145571387763,12.36808082259656,6.992943237942599,3.8531443371076806e-6,5.928408357644779e-4,4.637492363091084,Up,C3
CNTN3,2.9507067546370243,8.353211988385697,6.98613408749574,3.897955260263034e-6,5.959154277505309e-4,4.626283310164755,Up,C3
KCNE4,3.1274444436515294,6.297753650803098,6.970905988964364,4.000156910656328e-6,6.07669406136539e-4,4.601190093582554,Up,C3
PCDH18,2.449070705520131,6.781316808778906,6.94014389772277,4.215263473525434e-6,6.106983244221264e-4,4.550393736388212,Up,C3
ADGRL4,2.935095885034654,5.024012730406628,6.939498130080946,4.219906693713232e-6,6.106983244221264e-4,4.549325884873431,Up,C3
CYTL1,3.22390099172869,8.571454923464048,6.928477835714153,4.299975703163876e-6,6.106983244221264e-4,4.531092927195511,Up,C3
ARHGEF6,1.4702025144652175,6.982276768084801,6.893479051080672,4.5649744723721025e-6,6.269924517682951e-4,4.473067194196981,Up,C3
BMP4,1.7029529407331943,6.735270293617601,6.886172553672204,4.622421672628276e-6,6.269924517682951e-4,4.460930335306889,Up,C3
XM_005268015,1.7029529407331943,6.735270293617601,6.886172553672204,4.622421672628276e-6,6.269924517682951e-4,4.460930335306889,Up,C3
PRRX1,2.7780393891640625,9.681737349589197,6.885716703906899,4.6260307593513e-6,6.269924517682951e-4,4.460172855872834,Up,C3
PLCL2,1.930305757305681,5.270367210664264,6.864728878541079,4.795431276734615e-6,6.394441194676902e-4,4.425263940640818,Up,C3
ANGPT1,3.184243528133031,4.161440491382219,6.832428639431935,5.068930556257809e-6,6.643055622661617e-4,4.371410140831291,Up,C3
CSF1,1.0241289826289437,6.428869601467254,6.821075063851292,5.168900636881201e-6,6.648811612024052e-4,4.352443300401214,Up,C3
FZD4,1.1116943433423767,7.083445669955982,6.81981740599398,5.1801007059765766e-6,6.648811612024052e-4,4.350341116889227,Up,C3
LHFPL6,1.7740969956179526,8.963422729518008,6.762708696612379,5.716391518715049e-6,7.183498912680555e-4,4.254633527976688,Up,C3
XM_006719750,1.7740969956179526,8.963422729518008,6.762708696612379,5.716391518715049e-6,7.183498912680555e-4,4.254633527976688,Up,C3
ROBO2,1.7988726699478823,7.469096422484029,6.753734031203577,5.805812738736341e-6,7.220265147935215e-4,4.2395485388438665,Up,C3
XM_006713279,1.7988726699478823,7.469096422484029,6.753734031203577,5.805812738736341e-6,7.220265147935215e-4,4.2395485388438665,Up,C3
ARNT2,1.1808377740495848,5.452663997018069,6.744009779136961,5.904355554360801e-6,7.304966083287009e-4,4.223189972009653,Up,C3
CPED1,1.9611694301007176,6.995011313097385,6.713919749322223,6.220509617982384e-6,7.617585298510877e-4,4.172481312987308,Up,C3
TNFRSF19,2.361602275411234,7.049499477676569,6.681997325038979,6.5753326179338754e-6,7.797500255208231e-4,4.118536126425905,Up,C3
ADAMTSL1,1.7078720381567614,5.910320960864911,6.680295215549356,6.5948360628583905e-6,7.797500255208231e-4,4.115655465453141,Up,C3
FBLN1,2.311515183466512,7.796040128825662,6.6625955955783915,6.801265727864663e-6,7.963120975619885e-4,4.0856747537253355,Up,C3
VSTM4,1.1206154376740707,4.480408217642383,6.63018854345528,7.196918772220848e-6,8.246643467099824e-4,4.030659877218913,Up,C3
XM_006717689,1.1206154376740707,4.480408217642383,6.63018854345528,7.196918772220848e-6,8.246643467099824e-4,4.030659877218913,Up,C3
JCAD,2.783137372665994,6.169695594369699,6.628735559340694,7.215211766065174e-6,8.246643467099824e-4,4.028189571518581,Up,C3
RCAN2,2.9431196195115072,7.811295491521504,6.607228301271297,7.491742619671916e-6,8.291715889128688e-4,3.9915867559983997,Up,C3
XM_006714948,2.9431196195115072,7.811295491521504,6.607228301271297,7.491742619671916e-6,8.291715889128688e-4,3.9915867559983997,Up,C3
XM_005269604,2.065304548512258,6.298547307134387,6.606868000179614,7.4964684107196296e-6,8.291715889128688e-4,3.990972975237833,Up,C3
ZCCHC24,2.065304548512258,6.298547307134387,6.606868000179614,7.4964684107196296e-6,8.291715889128688e-4,3.990972975237833,Up,C3
PODN,1.6863493576823405,6.12037911627939,6.59928539208988,7.596649438155242e-6,8.343906528121199e-4,3.9780513212809687,Up,C3
ARID5B,1.934390833500002,9.325828796992855,6.5980442363046965,7.613180275220992e-6,8.343906528121199e-4,3.9759354250607952,Up,C3
LIN7A,1.1679060559579044,3.649071843428916,6.586434420972593,7.769642413446034e-6,8.376850942865207e-4,3.956132071166719,Up,C3
XM_005269212,1.1679060559579044,3.649071843428916,6.586434420972593,7.769642413446034e-6,8.376850942865207e-4,3.956132071166719,Up,C3
SERPING1,1.4642658371700978,10.000866997389517,6.55735244958582,8.176497240488041e-6,8.722323856275288e-4,3.906437016428006,Up,C3
VCAM1,1.9848129136564987,4.523313288991039,6.524334553539595,8.665520371122307e-6,9.031405905669744e-4,3.8498626472910633,Up,C3
NEGR1,2.5577417573339742,4.406801614337811,6.52209441170548,8.69978631789738e-6,9.031405905669744e-4,3.8460183701015183,Up,C3
ADAMTS1,1.9135922366160445,7.140120539553625,6.5067561672571435,8.938238926611844e-6,9.0904919795143e-4,3.8196764269820296,Up,C3
AASS,1.8423296074335367,5.046336852707172,6.50309762264643,8.996117389234333e-6,9.110751458919935e-4,3.8133880291311986,Up,C3
GYPC,1.6065251421881959,7.016702984704143,6.4764788298290785,9.429188622006219e-6,9.390845863294326e-4,3.7675746647235737,Up,C3
XM_006712460,1.6065251421881959,7.016702984704143,6.4764788298290785,9.429188622006219e-6,9.390845863294326e-4,3.7675746647235737,Up,C3
SELENOM,2.0718404319711414,8.662229816803535,6.468611725033586,9.561306911185968e-6,9.475046504687956e-4,3.754014362729727,Up,C3
FBN1,2.2614054836854516,7.958192675776178,6.452919358012256,9.830645342969499e-6,9.670293013194833e-4,3.7269382321096476,Up,C3
CITED2,2.069291579368091,8.747823509191536,6.442605466174553,1.0011973064829675e-5,9.76628461725531e-4,3.7091222469537417,Up,C3
APOD,2.9187618951722296,11.30631354023981,6.440450569745829,1.005029706050355e-5,9.76628461725531e-4,3.7053979189062964,Up,C3
NEXN,2.1771309995973818,5.128247693591272,6.434458356730426,1.0157673232291141e-5,9.83082552102629e-4,3.6950378716156287,Up,C3
TTC28,1.5835591138230676,6.531821409465844,6.423548434205269,1.0356256940652664e-5,9.982766228495792e-4,3.6761617277205794,Up,C3
BCKDHB,1.1657878970836109,7.625006711587638,6.419222465377471,1.0436116764348785e-5,0.0010003036900882785,3.668672093723396,Up,C3
KCTD12,2.0295125536896705,9.436673845395255,6.41487763027617,1.0516971985289336e-5,0.0010003036900882785,3.6611469824677076,Up,C3
TMEM47,2.286548150370715,7.901182863056385,6.413433588944845,1.054398940056389e-5,0.0010003036900882785,3.6586453261828478,Up,C3
GATA2,1.1547770613871915,6.764900140727885,6.4062493849268,1.0679483533221906e-5,0.0010091691486787094,3.6461947872006473,Up,C3
SNAI1,1.182085885501606,5.204247450677625,6.390323893002204,1.0986356716340929e-5,0.0010340962113945685,3.618567741760577,Up,C3
FLT1,1.6587476868581783,5.214501154265561,6.360303149800383,1.159011715574811e-5,0.0010782402789622717,3.566385792931925,Up,C3
IGFBP5,3.8046771378436457,9.81326389260688,6.346559418313506,1.1877979370040097e-5,0.0010986232324334529,3.542451648416977,Up,C3
COL1A1,2.458079435623361,9.740859437925682,6.34371255677209,1.1938533693640693e-5,0.0010986232324334529,3.5374904370054647,Up,C3
TENT5A,2.095228125092853,7.648290196042744,6.335908405753133,1.2106189320775703e-5,0.0010986232324334529,3.523883991186967,Up,C3
SLC8A1,1.3563742147491418,4.345162981356256,6.323561394496336,1.2376472759620119e-5,0.0010986232324334529,3.5023385971659096,Up,C3
REV3L,1.145992377768228,8.359548497591232,6.322308286707282,1.2404253645090647e-5,0.0010986232324334529,3.5001506698574705,Up,C3
XM_005267091,1.145992377768228,8.359548497591232,6.322308286707282,1.2404253645090647e-5,0.0010986232324334529,3.5001506698574705,Up,C3
MPP1,1.1977031470604622,7.206612210613657,6.31750704577659,1.251129861272207e-5,0.001104030107729982,3.4917655359255875,Up,C3
ABCA6,2.0507156404046496,6.842861466774044,6.310659495086353,1.2665636320875935e-5,0.001111270093569897,3.4798006871126326,Up,C3
STON1,1.449645852762103,7.7271563175258535,6.279674749869443,1.3389231093723005e-5,0.001135577119122048,3.425573329635913,Up,C3
FZD7,2.0660906434836566,7.618891496157394,6.264883431013204,1.3749732586979032e-5,0.0011620460618051787,3.399636288194154,Up,C3
ADGRA2,2.7021383147962315,5.144083745343932,6.255987178126764,1.3971417106531521e-5,0.0011699681646464015,3.3840207895895897,Up,C3
LRRC32,1.3575882426842076,5.976942371620503,6.255259922234122,1.3989703493605417e-5,0.0011699681646464015,3.382743725791803,Up,C3
XM_005273902,1.3575882426842076,5.976942371620503,6.255259922234122,1.3989703493605417e-5,0.0011699681646464015,3.382743725791803,Up,C3
FMOD,3.057623718081338,9.19858988271559,6.229764258788386,1.464680367115957e-5,0.001216444919429661,3.3379236862939408,Up,C3
MFAP4,2.5149159147725832,6.733902430294717,6.2266667442692345,1.472880003658869e-5,0.0012184025738662147,3.332471855193061,Up,C3
PARD3B,1.0462233306042803,7.1372620077559095,6.225045780503391,1.4771900216443149e-5,0.0012184025738662147,3.329618284957059,Up,C3
FKBP7,1.662142883746295,6.17565861954484,6.2184075912341195,1.4949780731993519e-5,0.0012204919630248586,3.3179282521444833,Up,C3
XM_005246638,1.662142883746295,6.17565861954484,6.2184075912341195,1.4949780731993519e-5,0.0012204919630248586,3.3179282521444833,Up,C3
XR_241312,1.662142883746295,6.17565861954484,6.2184075912341195,1.4949780731993519e-5,0.0012204919630248586,3.3179282521444833,Up,C3
PLBD2,1.3152399026642634,6.418960576439987,6.211923648247645,1.5125684202094805e-5,0.0012306666854870491,3.3065035531986524,Up,C3
AXIN2,1.5043239058006614,7.38704419390564,6.185389157743164,1.5868325847078077e-5,0.0012823958147527542,3.2596850141140923,Up,C3
COL4A2,2.1058778152708024,6.500279729224855,6.181795999236896,1.5971773528240993e-5,0.0012864245242444304,3.253337097551581,Up,C3
LYRM9,1.2978309439040956,7.145335842948533,6.173256327181294,1.62204618367249e-5,0.0012934336378906015,3.238242684437548,Up,C3
XM_005257943,1.2978309439040956,7.145335842948533,6.173256327181294,1.62204618367249e-5,0.0012934336378906015,3.238242684437548,Up,C3
XM_005257944,1.2978309439040956,7.145335842948533,6.173256327181294,1.62204618367249e-5,0.0012934336378906015,3.238242684437548,Up,C3
TFAP2B,2.2803750822330295,7.222696702984574,6.158014563030622,1.6674402927024075e-5,0.001307905291027555,3.211275145234115,Up,C3
XM_006715177,2.2803750822330295,7.222696702984574,6.158014563030622,1.6674402927024075e-5,0.001307905291027555,3.211275145234115,Up,C3
XM_006715178,2.2803750822330295,7.222696702984574,6.158014563030622,1.6674402927024075e-5,0.001307905291027555,3.211275145234115,Up,C3
SRPX,2.227872093893833,7.732460261438451,6.15167494085136,1.6867093361919666e-5,0.0013144284898467396,3.2000482415981075,Up,C3
EGR1,3.4041989032465443,10.654365828321657,6.149638617974134,1.692947772537024e-5,0.0013150204671985,3.196440838651691,Up,C3
ENG,1.341249780138619,7.07776134600787,6.1428848734358725,1.7138110308377786e-5,0.0013269320116828503,3.184472016473327,Up,C3
IFITM2,1.3877177887416199,9.861816978750054,6.133228349753541,1.7441077640098843e-5,0.0013331870876358359,3.1673472868623556,Up,C3
DOCK11,1.8437069000612807,6.368321036110203,6.1221671552519075,1.7794982354622062e-5,0.0013559211634147261,3.1477146664794518,Up,C3
LMO3,1.5230946761594764,5.128308624704905,6.112284993447408,1.811749058237961e-5,0.0013761266106274536,3.130159498471105,Up,C3
ALDH2,1.900369879335745,8.96391865437119,6.1079324257938366,1.8261463904061592e-5,0.001382686613959894,3.122422824242875,Up,C3
JADE1,1.1292361223313563,8.017283456969814,6.0992603521891064,1.855188029438666e-5,0.0013864158046556511,3.1069999442723226,Up,C3
NR_036430,2.793908151045244,7.622299250612041,6.097718557413872,1.860401454496066e-5,0.0013864158046556511,3.1042567773326866,Up,C3
SRGN,2.793908151045244,7.622299250612041,6.097718557413872,1.860401454496066e-5,0.0013864158046556511,3.1042567773326866,Up,C3
PBX1,1.3580600474442868,9.014100861857155,6.080110174832123,1.9210362027786832e-5,0.0013864158046556511,3.072903130468619,Up,C3
XM_005245230,1.3580600474442868,9.014100861857155,6.080110174832123,1.9210362027786832e-5,0.0013864158046556511,3.072903130468619,Up,C3
GPNMB,2.8616813881683685,7.554776504810939,6.074303993234781,1.9414781228925982e-5,0.0013864158046556511,3.0625546195425883,Up,C3
NTRK3,1.9512518043384155,6.08819060802822,6.073421869753191,1.9446035937250574e-5,0.0013864158046556511,3.060981955107213,Up,C3
XM_006720542,1.9512518043384155,6.08819060802822,6.073421869753191,1.9446035937250574e-5,0.0013864158046556511,3.060981955107213,Up,C3
XM_006720547,1.9512518043384155,6.08819060802822,6.073421869753191,1.9446035937250574e-5,0.0013864158046556511,3.060981955107213,Up,C3
XM_006720551,1.9512518043384155,6.08819060802822,6.073421869753191,1.9446035937250574e-5,0.0013864158046556511,3.060981955107213,Up,C3
XM_006720552,1.9512518043384155,6.08819060802822,6.073421869753191,1.9446035937250574e-5,0.0013864158046556511,3.060981955107213,Up,C3
CD200,1.7540420176112415,5.1842317773534745,6.066391342026786,1.9697016473109617e-5,0.0013864158046556511,3.0484437372378625,Up,C3
XM_005247481,1.7540420176112415,5.1842317773534745,6.066391342026786,1.9697016473109617e-5,0.0013864158046556511,3.0484437372378625,Up,C3
XM_005247483,1.7540420176112415,5.1842317773534745,6.066391342026786,1.9697016473109617e-5,0.0013864158046556511,3.0484437372378625,Up,C3
XM_005247485,1.7540420176112415,5.1842317773534745,6.066391342026786,1.9697016473109617e-5,0.0013864158046556511,3.0484437372378625,Up,C3
XM_005247491,1.7540420176112415,5.1842317773534745,6.066391342026786,1.9697016473109617e-5,0.0013864158046556511,3.0484437372378625,Up,C3
XM_006713648,1.7540420176112415,5.1842317773534745,6.066391342026786,1.9697016473109617e-5,0.0013864158046556511,3.0484437372378625,Up,C3
ATP8B2,1.790714357450537,7.285644022737392,6.059311765643423,1.9953157932371567e-5,0.0014003382944233404,3.0358107301056165,Up,C3
TNS1,2.4768935826990157,7.839282849085519,6.0496642934493305,2.0307801921151866e-5,0.0014128343817724261,3.018583682120804,Up,C3
XM_005246825,2.4768935826990157,7.839282849085519,6.0496642934493305,2.0307801921151866e-5,0.0014128343817724261,3.018583682120804,Up,C3
XM_006712721,2.4768935826990157,7.839282849085519,6.0496642934493305,2.0307801921151866e-5,0.0014128343817724261,3.018583682120804,Up,C3
GASK1B,1.593344709200454,8.74924600551222,6.047686882469533,2.038129899839646e-5,0.0014138495334089938,3.015051028597064,Up,C3
KCNT2,3.041313442345256,5.549662769139531,6.025096640338103,2.1240864521652417e-5,0.0014650092823238544,2.9746529014996046,Up,C3
GPC3,1.4553066281844806,5.059954052112975,6.005204073225881,2.202902325342802e-5,0.0015063835217344142,2.939017347218906,Up,C3
MEF2C,2.1111911157508336,5.748192210553507,5.996426249402896,2.23864288844864e-5,0.0015221503288539448,2.923274410142694,Up,C3
XM_006714619,2.1111911157508336,5.748192210553507,5.996426249402896,2.23864288844864e-5,0.0015221503288539448,2.923274410142694,Up,C3
CALHM5,1.4432609626761774,5.3479788205005265,5.988496292595647,2.271450069093095e-5,0.0015400944790500695,2.9090424698787523,Up,C3
DPT,2.5166156910805775,5.318304742364772,5.986705645248213,2.2789271926249955e-5,0.0015408115627432433,2.9058275182801925,Up,C3
WIPF1,2.5219117050969473,6.447041492142208,5.983174830339136,2.2937457895077443e-5,0.001543421505367882,2.8994868808848775,Up,C3
KANK2,1.6041278477400516,8.114990842111933,5.965772131282932,2.3682626125414053e-5,0.0015745994245489974,2.868208643218418,Up,C3
PTGIS,2.4583065626695735,6.659310247346177,5.95123205762515,2.4324520370809336e-5,0.0016039481811543012,2.8420417540872087,Up,C3
XM_005250850,1.7605396553288228,4.504571567847306,5.944138013067043,2.4644242073443498e-5,0.0016161505416578984,2.8292639081595006,Up,C3
ZFPM2,1.7605396553288228,4.504571567847306,5.944138013067043,2.4644242073443498e-5,0.0016161505416578984,2.8292639081595006,Up,C3
SOD3,1.750342782683994,7.769718639697978,5.923251056482953,2.5611227677823862e-5,0.0016677629173853928,2.7915998677650435,Up,C3
SYNE3,1.716965066576516,6.516567192753041,5.911022667418719,2.6195592861190448e-5,0.0016677629173853928,2.7695199722567647,Up,C3
XM_006720065,1.716965066576516,6.516567192753041,5.911022667418719,2.6195592861190448e-5,0.0016677629173853928,2.7695199722567647,Up,C3
XM_006720066,1.716965066576516,6.516567192753041,5.911022667418719,2.6195592861190448e-5,0.0016677629173853928,2.7695199722567647,Up,C3
XM_006720067,1.716965066576516,6.516567192753041,5.911022667418719,2.6195592861190448e-5,0.0016677629173853928,2.7695199722567647,Up,C3
GLDN,2.067474694581505,6.001805778019494,5.885254842489919,2.747282384999837e-5,0.001742897157200778,2.7229223143727648,Up,C3
NUDT11,1.5089544634797791,5.191104469300901,5.883369549273253,2.756877856835078e-5,0.001742897157200778,2.7195092602190787,Up,C3
DLC1,2.185836257393701,5.877420052677416,5.8828835198026,2.759357219132971e-5,0.001742897157200778,2.7186292903649854,Up,C3
ASPN,2.2754796998605897,4.736326571125078,5.872688024275829,2.8119049695974274e-5,0.0017714263275663373,2.7001622330287827,Up,C3
MYL9,2.0176632264119823,5.764510860180874,5.870810604521375,2.821694107469445e-5,0.0017729398420806709,2.6967600419263267,Up,C3
EML1,1.0705263787121977,5.175187978176404,5.8652743752055665,2.8507676213161526e-5,0.0017865306644081018,2.6867245432604054,Up,C3
ANTXR1,2.1545339446353626,9.737999770846164,5.863659306473377,2.8593077043434697e-5,0.0017872162374909365,2.6837960861508723,Up,C3
NR_026779,1.7041542020998337,6.522473916659538,5.85251447594383,2.9189684889298515e-5,0.0017918435210049692,2.6635779789493608,Up,C3
ABCA9,1.598464608711029,5.492713714965568,5.84881528008897,2.9390559689132688e-5,0.0017995719736187824,2.656863241941643,Up,C3
RUNX1T1,2.035154383741771,5.179964574328088,5.845231656269913,2.9586529199893234e-5,0.001804959410597858,2.650356420525009,Up,C3
RFTN2,1.7133516410816165,3.6565370443364467,5.844459209120602,2.9628947911655532e-5,0.001804959410597858,2.64895363961533,Up,C3
ADAMTS2,1.7044755944447667,4.463183765849279,5.835124352464974,3.014659562860205e-5,0.0018272186572669354,2.631994583824129,Up,C3
DPYSL2,1.1348346280289299,10.947968242265738,5.83050134119258,3.040642813072142e-5,0.0018337062512401394,2.6235911354468957,Up,C3
VIT,3.082470774276409,8.524633121547932,5.825918844846808,3.066628124842121e-5,0.0018401302063115147,2.615258318192918,Up,C3
XM_005264367,3.082470774276409,8.524633121547932,5.825918844846808,3.066628124842121e-5,0.0018401302063115147,2.615258318192918,Up,C3
CFHR1,1.3658906471350356,10.59917272489025,5.820777278071344,3.096058615943191e-5,0.0018531570797972186,2.605905315800177,Up,C3
EBF1,3.1386924996188936,5.450582375951783,5.817391339864168,3.115600002585083e-5,0.0018602147080111233,2.5997439089452534,Up,C3
ABCB4,1.3294520684241462,4.55415793799341,5.814911224982514,3.12999487555032e-5,0.001864172134068456,2.5952297948731697,Up,C3
CLDN11,1.9206206919151239,8.91679276766588,5.809028316200227,3.164417039284141e-5,0.0018717597300725588,2.5845186691528212,Up,C3
RFTN1,1.5053667667624557,6.504781722419881,5.797639088062302,3.2321804279383555e-5,0.0018839304919960774,2.563768066038355,Up,C3
XM_006713071,1.5053667667624557,6.504781722419881,5.797639088062302,3.2321804279383555e-5,0.0018839304919960774,2.563768066038355,Up,C3
PAPSS2,2.381895100100601,7.548838877348093,5.788764876071138,3.2860242179330274e-5,0.0019051003207446503,2.5475868996236333,Up,C3
PLPP1,1.534272257731308,9.623653264143064,5.786241394255317,3.301504869463733e-5,0.0019094631295630967,2.5429835585943525,Up,C3
SSPN,1.1002706422418722,8.768289741277018,5.775658304439675,3.3672581345458276e-5,0.001933515065678683,2.5236680122415063,Up,C3
ALDH7A1,1.1050765421150128,9.898186450764962,5.763305106400494,3.445733304844114e-5,0.001969154542449248,2.501101684613225,Up,C3
ROR1,1.8370990129983458,3.57708713517341,5.757705857494119,3.481926626062834e-5,0.0019804076511554533,2.4908660800794014,Up,C3
CCDC102B,1.6221481087975915,5.136472677345774,5.749780273160778,3.5338336605958485e-5,0.0019891151089608725,2.476370276573755,Up,C3
XM_005266768,1.6221481087975915,5.136472677345774,5.749780273160778,3.5338336605958485e-5,0.0019891151089608725,2.476370276573755,Up,C3
XM_006722545,1.6221481087975915,5.136472677345774,5.749780273160778,3.5338336605958485e-5,0.0019891151089608725,2.476370276573755,Up,C3
XR_430083,1.6221481087975915,5.136472677345774,5.749780273160778,3.5338336605958485e-5,0.0019891151089608725,2.476370276573755,Up,C3
POSTN,2.2883019895531485,6.903615600820597,5.727263158833602,3.6857360221240074e-5,0.0020580523819701273,2.435138316796687,Up,C3
LIFR,2.5551164918118534,5.618108210750386,5.727074557163167,3.6870365979799795e-5,0.0020580523819701273,2.4347926589823192,Up,C3
GREM2,1.1965874677183077,4.711624847571259,5.695806517780998,3.9093856157443796e-5,0.002137427643487394,2.3774173004199106,Up,C3
IGSF10,1.2612319735144863,4.881670013302678,5.678701679168888,4.036866568862298e-5,0.002177367896310851,2.3459726956382347,Up,C3
XM_006713596,1.2612319735144863,4.881670013302678,5.678701679168888,4.036866568862298e-5,0.002177367896310851,2.3459726956382347,Up,C3
XM_006713597,1.2612319735144863,4.881670013302678,5.678701679168888,4.036866568862298e-5,0.002177367896310851,2.3459726956382347,Up,C3
ADH1B,3.6533117521198566,7.468753148763893,5.676175746424829,4.0560546584426935e-5,0.0021828121953350117,2.3413256892417174,Up,C3
UST,1.747713190596535,6.678176212705355,5.665330296131184,4.139523525646548e-5,0.00220948785133974,2.321362979857417,Up,C3
XM_005266790,1.747713190596535,6.678176212705355,5.665330296131184,4.139523525646548e-5,0.00220948785133974,2.321362979857417,Up,C3
FADS3,1.2014898600542567,7.03764239948279,5.664954881665877,4.1424445175522166e-5,0.00220948785133974,2.3206716781451853,Up,C3
RORB,2.112092048031098,5.687434274803811,5.642057485306902,4.324708734738148e-5,0.0022813551439820885,2.2784704684009736,Up,C3
MBNL1,1.1567825519455415,4.931635610513184,5.633364613438599,4.39606632834032e-5,0.0022888152714278603,2.2624299149362237,Up,C3
XM_005247472,1.1567825519455415,4.931635610513184,5.633364613438599,4.39606632834032e-5,0.0022888152714278603,2.2624299149362237,Up,C3
XM_006713641,1.1567825519455415,4.931635610513184,5.633364613438599,4.39606632834032e-5,0.0022888152714278603,2.2624299149362237,Up,C3
C14orf132,1.5777710532393137,8.363177001614721,5.59160074301201,4.756326716915834e-5,0.0024238079375671732,2.1852190890314667,Up,C3
MASP1,1.4248046615494072,6.354654340484906,5.56966052720796,4.957725767686811e-5,0.0025068128140570815,2.1445608430362277,Up,C3
NAP1L3,1.6815544596175487,5.991264362100063,5.5672524863884245,4.9803625434811584e-5,0.0025113164237108142,2.1400943865837867,Up,C3
ACTA2,1.9929674000696416,9.09636260022443,5.5434140593952055,5.2103234342683095e-5,0.0025945681134711194,2.0958358363516716,Up,C3
SGCD,1.9338144732521538,5.266640041563347,5.539857475857413,5.245564872280819e-5,0.0026067090696580584,2.089226010289476,Up,C3
RNF157,1.4928815889738192,4.372279615485396,5.52765329859873,5.368383826411566e-5,0.0026460492224464212,2.066531735138188,Up,C3
XM_005257009,1.4928815889738192,4.372279615485396,5.52765329859873,5.368383826411566e-5,0.0026460492224464212,2.066531735138188,Up,C3
MEDAG,1.365168939628524,5.888015208401674,5.5276097407134674,5.368827478257675e-5,0.0026460492224464212,2.0664507007836157,Up,C3
SH3RF3,1.4637906764834625,5.76558928752513,5.522146440087431,5.4247754853362974e-5,0.002651630563274534,2.0562848239594604,Up,C3
XM_006712493,1.4637906764834625,5.76558928752513,5.522146440087431,5.4247754853362974e-5,0.002651630563274534,2.0562848239594604,Up,C3
XM_006712494,1.4637906764834625,5.76558928752513,5.522146440087431,5.4247754853362974e-5,0.002651630563274534,2.0562848239594604,Up,C3
MGARP,2.670426870894458,11.377811248235554,5.515987517731783,5.488572406050395e-5,0.002671065691383053,2.044819703380435,Up,C3
SH3BP5,1.7604866322020758,8.412402124279268,5.515023812170332,5.498625048636852e-5,0.002671065691383053,2.0430252549462526,Up,C3
FLI1,2.0503098956045873,5.465448626967756,5.5134194073052925,5.515403331055898e-5,0.002671065691383053,2.040037525979125,Up,C3
GMPR,1.5528623169863707,6.851621425307158,5.5130053070274085,5.5197424503207834e-5,0.002671065691383053,2.039266330173108,Up,C3
TNXA,1.5850333546768987,7.639986896021899,5.502344989031999,5.632672249971704e-5,0.0026931354450960327,2.0194051903408834,Up,C3
TNXB,1.5850333546768987,7.639986896021899,5.502344989031999,5.632672249971704e-5,0.0026931354450960327,2.0194051903408834,Up,C3
MSRB3,1.98659953726518,7.562872277738796,5.49668623648987,5.693588363589007e-5,0.002716849063675215,2.0088561739762216,Up,C3
DEPP1,1.8587743128387872,7.955479679564358,5.4926653645425425,5.737287389445963e-5,0.002732269284156389,2.001357856893101,Up,C3
TSPAN4,1.0038024333755606,7.754031299015987,5.488669532014706,5.7810586866078504e-5,0.0027476627840784477,1.9939040728796122,Up,C3
CDO1,4.306339684341703,6.107143719897287,5.469875728696829,5.991619835582254e-5,0.002803330590519401,1.9588174637739417,Up,C3
XR_427700,4.306339684341703,6.107143719897287,5.469875728696829,5.991619835582254e-5,0.002803330590519401,1.9588174637739417,Up,C3
SGCE,1.903037190872217,5.881836854437862,5.45774837795986,6.131695738061282e-5,0.0028461879507644923,1.9361514273773022,Up,C3
XM_005250675,1.903037190872217,5.881836854437862,5.45774837795986,6.131695738061282e-5,0.0028461879507644923,1.9361514273773022,Up,C3
XM_006716167,1.903037190872217,5.881836854437862,5.45774837795986,6.131695738061282e-5,0.0028461879507644923,1.9361514273773022,Up,C3
STUM,1.1651842644684343,4.280219648239597,5.456824036951717,6.142510451195763e-5,0.0028461879507644923,1.9344230242005516,Up,C3
ADARB1,2.063540900888966,7.284547763493117,5.443936939450703,6.295363428361647e-5,0.0029025330848618273,1.9103138442127818,Up,C3
XM_006723955,2.063540900888966,7.284547763493117,5.443936939450703,6.295363428361647e-5,0.0029025330848618273,1.9103138442127818,Up,C3
TGFB1I1,1.568677255135623,7.282091902025786,5.4435186253308725,6.300390539175952e-5,0.0029025330848618273,1.9095308903819355,Up,C3
PIK3R1,1.621105714415929,9.597422264223997,5.438219196622861,6.364437883450015e-5,0.0029227986194314526,1.8996099879068051,Up,C3
ITGA8,2.0446661845959317,4.542335423466792,5.434326443958556,6.411913888490801e-5,0.0029325836139369047,1.8923200963957978,Up,C3
GBP2,1.7479863088639203,7.004802674478795,5.431528174509574,6.44626806095186e-5,0.0029325836139369047,1.887078578002093,Up,C3
CHRD,1.0205469093342145,4.6781530255932005,5.4249279159074275,6.528056177729201e-5,0.002934202329173339,1.8747113182902542,Up,C3
BGN,2.920857471673453,8.02525556522024,5.418746211298002,6.605632426051908e-5,0.002961759309658639,1.863123075619738,Up,C3
ISLR,1.953876706570524,6.19740447612368,5.418080403682033,6.614044621185861e-5,0.002961759309658639,1.8618746479905486,Up,C3
PITX2,2.4010265185764146,7.509303741928418,5.399316618963406,6.85573536265372e-5,0.0030472474106373075,1.8266673234094615,Up,C3
RBMS3,1.1785087523900177,7.598892178178205,5.390740231250245,6.969232749679431e-5,0.0030805805609172327,1.8105595703431767,Up,C3
XM_006713109,1.1785087523900177,7.598892178178205,5.390740231250245,6.969232749679431e-5,0.0030805805609172327,1.8105595703431767,Up,C3
FCGRT,1.1169589335976786,7.848713608319509,5.37629520097223,7.164811293273634e-5,0.003143619765917668,1.7834077203726402,Up,C3
CALHM2,1.1230618591624326,7.041249149459648,5.37443327651935,7.190431011952336e-5,0.003143619765917668,1.7799059268152178,Up,C3
XM_006717879,1.1230618591624326,7.041249149459648,5.37443327651935,7.190431011952336e-5,0.003143619765917668,1.7799059268152178,Up,C3
TMEM237,1.5211515032085847,6.574221877633337,5.3721924436267905,7.221390213638608e-5,0.0031514146892318885,1.7756909022802567,Up,C3
COL6A1,1.9637452536004023,9.556582048381268,5.369058463209799,7.264920669950975e-5,0.003158924382611654,1.7697947556839093,Up,C3
XM_006723964,1.9637452536004023,9.556582048381268,5.369058463209799,7.264920669950975e-5,0.003158924382611654,1.7697947556839093,Up,C3
DCHS1,1.784991998608497,5.659641855664126,5.358532889406298,7.413117321491234e-5,0.0032116615617494675,1.7499829442918777,Up,C3
CNRIP1,2.0577669953610664,7.167850261191893,5.356907156561399,7.436284538771821e-5,0.0032116615617494675,1.7469216091679112,Up,C3
VGLL3,1.7647207230614308,6.027609214350706,5.349704410481077,7.539830856437166e-5,0.003226235433504312,1.7333543321648577,Up,C3
PDGFRL,2.1678043745539703,7.410177440988226,5.3455498612068375,7.600233841246315e-5,0.0032365436902668907,1.7255256402470582,Up,C3
PLSCR4,1.3942349852186418,8.480400805180537,5.345206802318846,7.605243901802043e-5,0.0032365436902668907,1.7248790912027818,Up,C3
LRP1,1.2767842412278014,7.241283106850148,5.339137315057898,7.694450494634248e-5,0.0032571816714675704,1.7134376443707033,Up,C3
MEST,1.774381096514377,6.513687683722413,5.336377631188633,7.735368459645929e-5,0.0032687379184581267,1.7082338454143162,Up,C3
NPR2,1.3093521753349862,5.511071881493342,5.327382142502001,7.870314914781421e-5,0.0033132955277858254,1.6912646347174167,Up,C3
ABCA8,2.4743978503548947,7.182944938486427,5.320261916485087,7.978855158154349e-5,0.0033132955277858254,1.6778255091976337,Up,C3
XR_243626,2.4743978503548947,7.182944938486427,5.320261916485087,7.978855158154349e-5,0.0033132955277858254,1.6778255091976337,Up,C3
AR,1.9162429764451874,5.0759589197421295,5.315648926031355,8.050000834211514e-5,0.003328734078307494,1.6691151842678558,Up,C3
FAXDC2,1.4248791810847319,7.157323028678045,5.308178687805899,8.166608493517073e-5,0.0033386931746795068,1.6550039294962726,Up,C3
ITGA7,1.204020549482002,6.051128205862687,5.307466627298883,8.177814323315403e-5,0.0033386931746795068,1.6536584739242706,Up,C3
XM_005268845,1.204020549482002,6.051128205862687,5.307466627298883,8.177814323315403e-5,0.0033386931746795068,1.6536584739242706,Up,C3
DNAJB4,1.157848033333659,7.444570102185022,5.307383935822262,8.179116684907716e-5,0.0033386931746795068,1.6535022221423947,Up,C3
XM_006710308,1.157848033333659,7.444570102185022,5.307383935822262,8.179116684907716e-5,0.0033386931746795068,1.6535022221423947,Up,C3
IRAG1,1.762260645051703,6.5403624831277,5.289860559780903,8.460001486376432e-5,0.0034416433165424935,1.6203706386244345,Up,C3
CLIP3,1.3039258423052198,6.6467392140490285,5.285120974937512,8.537673887761479e-5,0.0034469042504035596,1.6114026967719877,Up,C3
LIMS2,1.1213980284884544,5.696108637153845,5.284692131921269,8.544738059287218e-5,0.0034469042504035596,1.6105911252812266,Up,C3
XM_005263709,1.1213980284884544,5.696108637153845,5.284692131921269,8.544738059287218e-5,0.0034469042504035596,1.6105911252812266,Up,C3
GGT5,1.2084315250028368,6.397868531506082,5.2818254456556835,8.592115424047898e-5,0.0034525270414529417,1.605165410067995,Up,C3
PREX1,1.2445026091192481,5.161887452536667,5.2773391755073265,8.666805339144656e-5,0.0034596231143634018,1.5966722342996302,Up,C3
CRISPLD2,3.1255387961183985,7.098135268167375,5.274107637267371,8.721021502763585e-5,0.003468442371508281,1.590552859474256,Up,C3
NES,1.1667796318107229,6.009301517889307,5.234599104807276,9.412939900728269e-5,0.00362647485549406,1.515630526240125,Up,C3
ENPP2,2.828577997627561,7.409195268107984,5.230659897510376,9.484970425576907e-5,0.0036425321624751505,1.5081495505637204,Up,C3
DIRAS3,1.8356645256158215,5.555453397537957,5.223223831031854,9.622499665088993e-5,0.0036718479644112243,1.4940223429065558,Up,C3
RHOB,1.893712351643254,10.883721671541368,5.214687110742925,9.782929372031492e-5,0.0037153460567642383,1.4777955263218594,Up,C3
BAMBI,1.9554379543647666,7.762672966702197,5.213462316827949,9.806172500232207e-5,0.0037182899265493434,1.4754666573505748,Up,C3
HLX,1.2537804191825996,5.5647592161842745,5.208221445338658,9.90627573379844e-5,0.0037385287761419837,1.4654993479279952,Up,C3
COL6A2,1.6666688590259895,7.671178209377748,5.204177574745729,9.984236954925225e-5,0.0037502606477639324,1.4578061984124577,Up,C3
SLC25A27,1.311959617552068,6.174893316797375,5.1995218867022075,1.00747788749441e-4,0.0037665863326543344,1.4489465862227373,Up,C3
XM_005249484,1.311959617552068,6.174893316797375,5.1995218867022075,1.00747788749441e-4,0.0037665863326543344,1.4489465862227373,Up,C3
EMX2,1.717702479897719,8.041852609214045,5.193978749758192,1.0183686781318379e-4,0.003793528982445927,1.4383946673250438,Up,C3
SYNE1,1.4057157258302757,7.139406592616434,5.187320240264929,1.031611852737028e-4,0.0038152153604613477,1.42571447207132,Up,C3
CCDC3,1.5503840991184363,6.9605728892661,5.182010168592832,1.0423005496005408e-4,0.003848815044848028,1.4155982425477527,Up,C3
FIGN,1.6940902295744378,4.681646519036164,5.175881579509416,1.054779179959532e-4,0.0038829463002129886,1.4039183116077636,Up,C3
XM_005246662,1.6940902295744378,4.681646519036164,5.175881579509416,1.054779179959532e-4,0.0038829463002129886,1.4039183116077636,Up,C3
C1QTNF7,2.443936273517642,5.910520862596746,5.172271335314052,1.0622022479809599e-4,0.0039042845874485447,1.397035695449258,Up,C3
POU3F3,1.8190252259673043,7.657313322080208,5.170688638710487,1.0654734416441059e-4,0.0039103201141195455,1.3940179146828973,Up,C3
TEK,1.4001089582062072,5.151534744615256,5.169747079551034,1.0674244358569347e-4,0.0039114994365554425,1.3922224655513427,Up,C3
SMAD6,1.1525237415769523,6.894966901224532,5.1605684201272934,1.0866378398020907e-4,0.003951945960654735,1.3747140534969695,Up,C3
USP53,1.4724077551401837,8.937824783235701,5.15058786029591,1.107935604245003e-4,0.003998897800464445,1.3556642502009302,Up,C3
ELAPOR2,1.1755394619781105,6.255772523134698,5.142477854727695,1.1255589583391342e-4,0.0040564063240324175,1.3401757661206393,Up,C3
ANGPTL2,1.9714229143202813,7.853185930245155,5.137450899772559,1.1366277914218843e-4,0.00406492031575374,1.33057125474223,Up,C3
KLF15,1.5149619141413906,6.992638362939355,5.136793841236803,1.1380828481736992e-4,0.00406492031575374,1.3293156493863822,Up,C3
XM_005247400,1.5149619141413906,6.992638362939355,5.136793841236803,1.1380828481736992e-4,0.00406492031575374,1.3293156493863822,Up,C3
CTHRC1,3.4323635567784043,7.161447694206733,5.1212292499269605,1.1731188040513916e-4,0.004165771173578994,1.2995571455610806,Up,C3
SYNPO2,3.0192848300407853,6.789455237127237,5.118070065519595,1.1803650338583403e-4,0.004184803772919923,1.2935133961059133,Up,C3
SNED1,1.5232987642125702,7.019389167741782,5.105883462131163,1.2087531117537248e-4,0.004260277854377812,1.2701882290148623,Up,C3
XM_006712405,1.5232987642125702,7.019389167741782,5.105883462131163,1.2087531117537248e-4,0.004260277854377812,1.2701882290148623,Up,C3
HMCN1,1.9499917818831607,4.698892778406076,5.103381514413857,1.2146679365032307e-4,0.004262347925723764,1.2653972821081485,Up,C3
NOVA1,1.6261225048714287,5.75700297188912,5.092198922322526,1.2414719215001976e-4,0.0043466546036748915,1.243974680554027,Up,C3
ITGA11,1.3700611666809204,5.4424438372432284,5.091851142515662,1.242315247946411e-4,0.0043466546036748915,1.2433081946510356,Up,C3
ZFP36L2,1.1283520101113886,8.718520947240442,5.08873059205094,1.2499087265859234e-4,0.004353950453351668,1.2373273171858132,Up,C3
CRTAC1,2.9942133761525254,10.68742060271175,5.0865052680937675,1.2553530217854672e-4,0.004354188327874969,1.2330615273664645,Up,C3
XM_005269938,2.9942133761525254,10.68742060271175,5.0865052680937675,1.2553530217854672e-4,0.004354188327874969,1.2330615273664645,Up,C3
SLC40A1,2.8694709927069946,6.486928437247855,5.084280202172478,1.260821152911858e-4,0.004366844056593133,1.228795639929542,Up,C3
IGFBP4,1.5829503984367799,6.537324272819166,5.068974188064713,1.2991080043989252e-4,0.004473628453598709,1.1994350043688842,Up,C3
DCN,2.636134564847783,12.360149926602704,5.061721842112381,1.31766604935486e-4,0.004505216597808454,1.185513524264552,Up,C3
XM_005268693,2.636134564847783,12.360149926602704,5.061721842112381,1.31766604935486e-4,0.004505216597808454,1.185513524264552,Up,C3
THBS4,1.4451624294804617,9.585171439352074,5.059510598984696,1.3233786388569635e-4,0.004518312103818611,1.181267619449975,Up,C3
SNORD115-13,2.2956103037878957,4.85902018103999,5.051490700723141,1.3443127090349285e-4,0.004557371983369541,1.1658634106341879,Up,C3
SNORD115-26,2.2956103037878957,4.85902018103999,5.051490700723141,1.3443127090349285e-4,0.004557371983369541,1.1658634106341879,Up,C3
SNORD115-7,2.2956103037878957,4.85902018103999,5.051490700723141,1.3443127090349285e-4,0.004557371983369541,1.1658634106341879,Up,C3
HLF,2.001892410263739,8.644065484423425,5.041182987896854,1.3717212066552515e-4,0.00459154910230915,1.146053748303025,Up,C3
ADAM33,1.0533321750159494,5.860115268021887,5.0405468265883675,1.3734315439253964e-4,0.00459154910230915,1.144830745654092,Up,C3
XM_006723643,1.0533321750159494,5.860115268021887,5.0405468265883675,1.3734315439253964e-4,0.00459154910230915,1.144830745654092,Up,C3
GAGE12C,1.500318225809286,3.063671524598695,5.038383959819346,1.3792629375739094e-4,0.00459154910230915,1.1406723383798045,Up,C3
GAGE12D,1.500318225809286,3.063671524598695,5.038383959819346,1.3792629375739094e-4,0.00459154910230915,1.1406723383798045,Up,C3
GAGE12E,1.500318225809286,3.063671524598695,5.038383959819346,1.3792629375739094e-4,0.00459154910230915,1.1406723383798045,Up,C3
GAGE12H,1.500318225809286,3.063671524598695,5.038383959819346,1.3792629375739094e-4,0.00459154910230915,1.1406723383798045,Up,C3
GAGE12J,1.500318225809286,3.063671524598695,5.038383959819346,1.3792629375739094e-4,0.00459154910230915,1.1406723383798045,Up,C3
GAGE13,1.500318225809286,3.063671524598695,5.038383959819346,1.3792629375739094e-4,0.00459154910230915,1.1406723383798045,Up,C3
GAGE2A,1.500318225809286,3.063671524598695,5.038383959819346,1.3792629375739094e-4,0.00459154910230915,1.1406723383798045,Up,C3
GAGE2E,1.500318225809286,3.063671524598695,5.038383959819346,1.3792629375739094e-4,0.00459154910230915,1.1406723383798045,Up,C3
GAGE8,1.500318225809286,3.063671524598695,5.038383959819346,1.3792629375739094e-4,0.00459154910230915,1.1406723383798045,Up,C3
HHEX,1.4131289580595512,4.173955662253952,5.020886172753846,1.427388390190224e-4,0.004685481766844659,1.107010316752044,Up,C3
FOXO3,1.2270254488755148,7.980347515460448,4.998466029228864,1.4915938687872757e-4,0.004818470530098545,1.0638266696016503,Up,C3
OLFML3,2.560657820797342,8.589854832680427,4.994775500454061,1.5024445992087862e-4,0.004846313576232175,1.0567127381847383,Up,C3
OR7E2P,1.0134410135784202,2.551431655380074,4.991437917651109,1.5123276679434626e-4,0.004846313576232175,1.0502778020920216,Up,C3
LMOD1,1.8151338407543047,6.081025000201944,4.984618921612065,1.5327285369569324e-4,0.004885597655251034,1.037126644344986,Up,C3
OLFML2B,1.131032465240204,6.788830185301322,4.981038196707196,1.543554597037446e-4,0.004894107983896007,1.0302187022342668,Up,C3
CCN2,2.802599640058869,8.976546485849378,4.976500906985756,1.557386045793087e-4,0.004918471035674431,1.0214632472336058,Up,C3
SHC3,1.6106117459206102,6.094156467611057,4.9738663448031195,1.565475775818581e-4,0.004931043250813331,1.016378342874348,Up,C3
CIRBP,1.0398622605554682,10.836742348222513,4.970486700734243,1.5759168073299382e-4,0.004957425322350351,1.0098542157525037,Up,C3
TBX3,1.8506504751772503,5.512646264107813,4.965851921997212,1.590352230198365e-4,0.004983242066477958,1.0009050402128432,Up,C3
FGFR1,1.9402221477351835,5.948660557244299,4.96313247421913,1.5988855392497686e-4,0.00499693368659804,0.9956529922064172,Up,C3
XM_006716305,1.9402221477351835,5.948660557244299,4.96313247421913,1.5988855392497686e-4,0.00499693368659804,0.9956529922064172,Up,C3
GAGE12F,1.4800694418929965,2.803960733126535,4.953160167704873,1.6305832270197156e-4,0.005049968853538995,0.9763863861396755,Up,C3
GAGE12G,1.4800694418929965,2.803960733126535,4.953160167704873,1.6305832270197156e-4,0.005049968853538995,0.9763863861396755,Up,C3
GAGE6,1.4800694418929965,2.803960733126535,4.953160167704873,1.6305832270197156e-4,0.005049968853538995,0.9763863861396755,Up,C3
BOC,1.9367405855646087,10.463268406950231,4.942948672234092,1.6637125126807263e-4,0.005106448558742045,0.9566460319380834,Up,C3
XM_005247894,1.9367405855646087,10.463268406950231,4.942948672234092,1.6637125126807263e-4,0.005106448558742045,0.9566460319380834,Up,C3
EFHD1,1.3526082485773907,8.143999904513672,4.939840792569863,1.6739324633051203e-4,0.005124710074521619,0.9506357062704813,Up,C3
SLC6A6,1.8871001159606369,10.77342793865772,4.929447313913761,1.7085825369384406e-4,0.0052108510866069185,0.930527907382956,Up,C3
GALNT16,1.334384148112623,4.302253649599607,4.912475306644987,1.7667604353783045e-4,0.005320675529479305,0.8976670389324006,Up,C3
LIMCH1,1.5708267438191559,6.791554257743419,4.910118536627514,1.7749989469024796e-4,0.005332105722597412,0.8931013807719488,Up,C3
XM_005248070,1.5708267438191559,6.791554257743419,4.910118536627514,1.7749989469024796e-4,0.005332105722597412,0.8931013807719488,Up,C3
C1QTNF5,1.1634490128116104,6.174011199688031,4.904656560442756,1.7942446633083915e-4,0.0053448045560876845,0.8825177964774209,Up,C3
TSC22D1,1.3736738179598635,11.349569120691793,4.90461015298279,1.7944091009883438e-4,0.0053448045560876845,0.8824278593835686,Up,C3
XM_005266582,1.3736738179598635,11.349569120691793,4.90461015298279,1.7944091009883438e-4,0.0053448045560876845,0.8824278593835686,Up,C3
XM_006723512,1.0590541131325932,3.7002663399588713,4.903240965090609,1.799267594916611e-4,0.0053448045560876845,0.8797742831128117,Up,C3
ZNF536,1.0590541131325932,3.7002663399588713,4.903240965090609,1.799267594916611e-4,0.0053448045560876845,0.8797742831128117,Up,C3
ZFAND5,1.326864340727088,10.933305588878659,4.89152292800988,1.8414064060439072e-4,0.005403109603651084,0.8570555276215321,Up,C3
NFIC,1.0018853593567503,6.961083366403479,4.888704252851188,1.8516932693757725e-4,0.005413379139633913,0.8515884766131263,Up,C3
XM_005259563,1.0018853593567503,6.961083366403479,4.888704252851188,1.8516932693757725e-4,0.005413379139633913,0.8515884766131263,Up,C3
PCOLCE2,1.2614699822515538,6.913410940113453,4.887420312256345,1.8563986501150947e-4,0.005413379139633913,0.8490978809207332,Up,C3
TSPAN18,1.1606593162159164,5.5365955637683175,4.886298964806461,1.8605182273759012e-4,0.005413379139633913,0.8469225371115936,Up,C3
EMCN,1.9283968049373525,5.306261905247903,4.885638396734693,1.862949408106663e-4,0.005413379139633913,0.8456410121926528,Up,C3
XM_005263059,1.9283968049373525,5.306261905247903,4.885638396734693,1.862949408106663e-4,0.005413379139633913,0.8456410121926528,Up,C3
XM_005263061,1.9283968049373525,5.306261905247903,4.885638396734693,1.862949408106663e-4,0.005413379139633913,0.8456410121926528,Up,C3
TMT1A,2.240525227608421,11.280709966358227,4.86425542547953,1.9434398785814593e-4,0.005559766861229104,0.8041316894856774,Up,C3
MAP1B,1.805849195372006,6.858926460951309,4.85744618416532,1.969815921325597e-4,0.005628514493292497,0.7909029882361587,Up,C3
MAN1C1,1.0044263198822199,6.806955236159494,4.8509008250104495,1.9955170343643138e-4,0.005644121616224763,0.778182249633578,Up,C3
DKK2,1.8175327420364926,7.6708720592747355,4.849651087802378,2.0004633653330229e-4,0.005644121616224763,0.7757528952602808,Up,C3
PNRC1,1.1077474356555594,10.887806418810726,4.849479192729558,2.0011446943618338e-4,0.005644121616224763,0.7754187366998515,Up,C3
XM_006716464,1.4586489873035013,6.202386395554182,4.842827161003382,2.0276951030539088e-4,0.005674546524667141,0.762484973425007,Up,C3
ZNF704,1.4586489873035013,6.202386395554182,4.842827161003382,2.0276951030539088e-4,0.005674546524667141,0.762484973425007,Up,C3
HSD17B11,1.2500995722586588,7.829291351222841,4.841554469073654,2.0328159841465765e-4,0.005674546524667141,0.7600098988298596,Up,C3
EPHA3,1.979656293353926,3.671828730451398,4.840543400040325,2.0368936642626098e-4,0.005674546524667141,0.7580434938383567,Up,C3
KIT,2.354349720163871,9.06850882886626,4.840284757102143,2.037938131931954e-4,0.005674546524667141,0.757540447636484,Up,C3
XM_006714038,2.354349720163871,9.06850882886626,4.840284757102143,2.037938131931954e-4,0.005674546524667141,0.757540447636484,Up,C3
CLSTN2,1.519210948634734,4.1698990192893275,4.838407560282375,2.04553527016553e-4,0.00568910052775354,0.7538891904340597,Up,C3
ANK2,2.6745922548849395,5.862528526058894,4.8321889285768185,2.070911221382893e-4,0.005745436323019041,0.7417909156810412,Up,C3
PEAK1,1.3563976979708183,8.33346497753104,4.831926420034692,2.0719895175473795e-4,0.005745436323019041,0.7412801181924884,Up,C3
SAMD4A,1.6026012562125427,7.366986809403462,4.824098631764444,2.1044101620175143e-4,0.00581378875858703,0.7260452095865224,Up,C3
ACVRL1,1.1745230261230395,5.547354520230361,4.81760075510573,2.1317187365425976e-4,0.005860883518269808,0.7133937460325646,Up,C3
DSEL,1.7470270658027394,5.645867951346682,4.813091086629877,2.150885478862525e-4,0.005901408723194903,0.7046107458661837,Up,C3
GPRASP1,1.7440770873192681,6.0523645820063505,4.812976220936595,2.1513759823329473e-4,0.005901408723194903,0.7043870063646889,Up,C3
ST3GAL5,1.272170699490271,7.091011336685304,4.808350346446672,2.1712254366140817e-4,0.00590264811482905,0.6953754152857945,Up,C3
IL11RA,1.4036982176569852,7.770292423657852,4.80829702661521,2.1714553245109658e-4,0.00590264811482905,0.695271530744721,Up,C3
OR4F16,1.476495388356966,3.8841738287742436,4.806721820999421,2.17825810951145e-4,0.00590264811482905,0.6922023790029455,Up,C3
OR4F21,1.476495388356966,3.8841738287742436,4.806721820999421,2.17825810951145e-4,0.00590264811482905,0.6922023790029455,Up,C3
OR4F29,1.476495388356966,3.8841738287742436,4.806721820999421,2.17825810951145e-4,0.00590264811482905,0.6922023790029455,Up,C3
OR4F3,1.476495388356966,3.8841738287742436,4.806721820999421,2.17825810951145e-4,0.00590264811482905,0.6922023790029455,Up,C3
EPB41L4A-AS1,1.1947008245192778,6.667341197189366,4.797033118730555,2.2205850013497032e-4,0.005975166054080222,0.6733190967968028,Up,C3
PLAGL1,1.647130926196466,7.036310557638349,4.787323491482791,2.2638520263376503e-4,0.006057633928222551,0.654385261961469,Up,C3
PDE8B,1.884970187674197,5.931764786142337,4.785872038333781,2.2703939008311875e-4,0.006061623404644067,0.6515540823718178,Up,C3
XM_005248623,1.884970187674197,5.931764786142337,4.785872038333781,2.2703939008311875e-4,0.006061623404644067,0.6515540823718178,Up,C3
AGTR1,1.3272441697852209,4.043653553949678,4.774034317163088,2.324478723564305e-4,0.006185381188801601,0.6284555399141212,Up,C3
PTN,3.1479156445542493,6.130630408423742,4.772338298362806,2.332335330912479e-4,0.00619255670492935,0.6251449798917044,Up,C3
XM_005250515,3.1479156445542493,6.130630408423742,4.772338298362806,2.332335330912479e-4,0.00619255670492935,0.6251449798917044,Up,C3
TCEA3,1.6052459424161665,9.41394367519784,4.768345777431867,2.3509381282568452e-4,0.006221302861567894,0.6173505811195641,Up,C3
XM_005245980,1.6052459424161665,9.41394367519784,4.768345777431867,2.3509381282568452e-4,0.006221302861567894,0.6173505811195641,Up,C3
GJC1,1.0484314317864776,4.586634295862822,4.7637507237253915,2.3725372157820494e-4,0.006264646672519334,0.6083778774379001,Up,C3
CAVIN2,1.778188833614573,6.458233463941419,4.742009851396933,2.477529028196784e-4,0.006470691157212102,0.5658957685002504,Up,C3
CDH11,2.8048533073904114,8.09061022224526,4.739174711872058,2.4915681390862593e-4,0.006479156931132004,0.5603523435574891,Up,C3
XM_005255762,2.8048533073904114,8.09061022224526,4.739174711872058,2.4915681390862593e-4,0.006479156931132004,0.5603523435574891,Up,C3
XM_005255767,2.8048533073904114,8.09061022224526,4.739174711872058,2.4915681390862593e-4,0.006479156931132004,0.5603523435574891,Up,C3
GNG2,2.193830967760033,6.289479878205887,4.734662914988542,2.5140784755266844e-4,0.006523558007523403,0.551528966951671,Up,C3
XM_006720173,2.193830967760033,6.289479878205887,4.734662914988542,2.5140784755266844e-4,0.006523558007523403,0.551528966951671,Up,C3
SSBP2,1.2791326958197606,3.7025009007025744,4.729646453312143,2.5393520770082e-4,0.006574922173932126,0.5417162739454815,Up,C3
COL16A1,1.4192353237071593,8.164419907622044,4.728636502595335,2.544471818743025e-4,0.006576291928090422,0.539740408299755,Up,C3
SULF1,2.482167343722474,7.264303369689559,4.726640022278101,2.554623787982454e-4,0.006593126898833856,0.5358342001628964,Up,C3
ECM2,1.7813330951573247,6.890076906184294,4.72440847083352,2.5660203238112353e-4,0.0066154264030201144,0.5314675965771594,Up,C3
WEE1,1.0088689470450811,7.535533966587061,4.7197314106036,2.590075774649015e-4,0.0066559955827757665,0.5223141285320567,Up,C3
XM_005253118,1.0088689470450811,7.535533966587061,4.7197314106036,2.590075774649015e-4,0.0066559955827757665,0.5223141285320567,Up,C3
XM_005253119,1.0088689470450811,7.535533966587061,4.7197314106036,2.590075774649015e-4,0.0066559955827757665,0.5223141285320567,Up,C3
CYBRD1,2.038567817371466,7.853026789353384,4.716181136531421,2.6084903686352873e-4,0.006696148216896703,0.5153644506619113,Up,C3
TRAF5,1.2874863322373296,5.939111791219122,4.713005179406003,2.625077364153964e-4,0.006724070993090596,0.5091464485094859,Up,C3
CREB5,1.4519734762728556,4.755508690605838,4.707867976387432,2.6521369287062923e-4,0.0067575998474318924,0.49908655298679516,Up,C3
LINC00965,1.0266186360331488,5.324373609393853,4.705311344935248,2.665710223606411e-4,0.006766437110067864,0.4940790824639798,Up,C3
GALNT15,2.094223938048623,7.149229535151238,4.697433321973016,2.7079852718827274e-4,0.006849005531689065,0.4786450159713853,Up,C3
LRCH2,1.0408346281086875,3.854168480398122,4.694903085233884,2.7217085638133414e-4,0.006876468310383981,0.4736866740393513,Up,C3
EDIL3,1.941919541533001,9.727608666756801,4.690268821650647,2.747028918844242e-4,0.0068948326713394355,0.4646035973776952,Up,C3
FAM110B,1.2971255072198566,5.0633230839775525,4.689894354029527,2.7490854372434965e-4,0.0068948326713394355,0.4638695565800459,Up,C3
XM_005251326,1.2971255072198566,5.0633230839775525,4.689894354029527,2.7490854372434965e-4,0.0068948326713394355,0.4638695565800459,Up,C3
SLC47A1,1.3528016243366832,5.996832272691062,4.66330944119373,2.89919900657731e-4,0.007220533373160309,0.4117227441666156,Up,C3
COL13A1,1.3515550612047993,3.35606467503566,4.655853617271521,2.942790836387122e-4,0.007259287323223403,0.39708592485533956,Up,C3
MEOX2,1.9166026374021907,3.8800825706098823,4.649974585194821,2.977637477131987e-4,0.007315174485785256,0.3855408736285355,Up,C3
CFH,1.6078788580222128,9.620465139794936,4.643782881435471,3.014795302113164e-4,0.00737807396164549,0.3733783043006147,Up,C3
CSGALNACT1,1.6252409928811957,5.852797713656358,4.639669167255263,3.0397453126254284e-4,0.007415691884211007,0.3652956198789594,Up,C3
XM_006716365,1.6252409928811957,5.852797713656358,4.639669167255263,3.0397453126254284e-4,0.007415691884211007,0.3652956198789594,Up,C3
USP32P2,1.0652959697145157,9.198294208494302,4.631013097766865,3.0929390866044515e-4,0.007498658985523237,0.34828291630949426,Up,C3
GRP,2.9939219035429465,7.188142956878918,4.62480876175313,3.1316529174017413e-4,0.007554365158138351,0.3360846067620864,Up,C3
RSPO3,1.9072662586659703,5.095092907855233,4.622880171012225,3.1437879081666094e-4,0.007567228589959806,0.33229209385557024,Up,C3
XM_005267167,1.9072662586659703,5.095092907855233,4.622880171012225,3.1437879081666094e-4,0.007567228589959806,0.33229209385557024,Up,C3
FBXL7,1.448433729896097,7.174622869065331,4.621959732856698,3.1495964342012525e-4,0.007567228589959806,0.3304819608708751,Up,C3
XM_005248273,1.448433729896097,7.174622869065331,4.621959732856698,3.1495964342012525e-4,0.007567228589959806,0.3304819608708751,Up,C3
LRRK2,1.652507119422058,4.947426066628392,4.616591138581101,3.183695506270499e-4,0.007626253447255941,0.3199225411692481,Up,C3
APOLD1,1.8702475165185213,7.1587206678765,4.609883189743001,3.226834184933788e-4,0.0077065148364956005,0.30672506526247734,Up,C3
TIMP3,1.7316526685485858,8.49292065027683,4.606029028571371,3.251890835613024e-4,0.0077222996413732654,0.29914039114257385,Up,C3
COLEC12,1.732381992239561,9.025522111604726,4.605544037514569,3.255057954857556e-4,0.0077222996413732654,0.2981858730665605,Up,C3
XM_006722358,1.732381992239561,9.025522111604726,4.605544037514569,3.255057954857556e-4,0.0077222996413732654,0.2981858730665605,Up,C3
LIX1L,1.1676600429395902,8.078846145330191,4.605019818501882,3.2584847992107776e-4,0.0077222996413732654,0.2971541259388726,Up,C3
CD248,1.6203091015299904,7.832199053344924,4.6048180475600775,3.2598047708409393e-4,0.0077222996413732654,0.296757001727463,Up,C3
ITGA10,1.5182366617776797,7.4089224180267035,4.602949949330062,3.272051802048417e-4,0.0077222996413732654,0.2930800486246792,Up,C3
XM_005277432,1.5182366617776797,7.4089224180267035,4.602949949330062,3.272051802048417e-4,0.0077222996413732654,0.2930800486246792,Up,C3
XM_005277435,1.5182366617776797,7.4089224180267035,4.602949949330062,3.272051802048417e-4,0.0077222996413732654,0.2930800486246792,Up,C3
STK17B,1.0847326751349051,7.244842897628178,4.599040884670396,3.297832012037639e-4,0.007773887941015438,0.2853848694706471,Up,C3
XM_006722437,1.9221778939307903,5.6007681751044505,4.598166489392454,3.3036270726755047e-4,0.007773887941015438,0.2836633925717038,Up,C3
ZNF521,1.9221778939307903,5.6007681751044505,4.598166489392454,3.3036270726755047e-4,0.007773887941015438,0.2836633925717038,Up,C3
ARHGAP20,1.1818179193992489,5.709283026943089,4.58650247362059,3.3819363205425066e-4,0.007887229233513801,0.2606931577242957,Up,C3
PLN,1.2919613339395424,4.347304476737921,4.564226798791239,3.536817922838423e-4,0.008165349263446364,0.21679157475710653,Up,C3
STARD9,1.1540056214633898,4.753767499045968,4.560550935067848,3.5630661900374504e-4,0.00818046025003647,0.20954288359552287,Up,C3
GEM,3.269452219114549,5.861106134564737,4.557473976617638,3.585191246518671e-4,0.008218888280701159,0.20347431143513894,Up,C3
ANKRD28,1.4886070194404066,4.433031874663559,4.547556243346273,3.657467910794209e-4,0.00834472859266945,0.18390835192331956,Up,C3
PTX3,2.9652592534518067,6.508771338730843,4.539020336787259,3.7208687035259266e-4,0.008455453821794398,0.16706172263325847,Up,C3
EPS8,1.1761789357159902,8.258990388073071,4.534052628218295,3.7582835761064046e-4,0.008470077220066284,0.15725449401856562,Up,C3
XM_005253340,1.1761789357159902,8.258990388073071,4.534052628218295,3.7582835761064046e-4,0.008470077220066284,0.15725449401856562,Up,C3
PCDHB14,1.0780843985075563,6.164925008932045,4.531371739271317,3.778634832625004e-4,0.008507954338899188,0.15196102391007216,Up,C3
IL33,2.2845524611302173,5.178890513455583,4.524231048531458,3.833393832235497e-4,0.00859095413270928,0.13785861938069832,Up,C3
OSR2,3.3208028894730983,7.223046675935539,4.520527285760117,3.862115785031039e-4,0.008647248420924906,0.13054223593033676,Up,C3
A2M,3.065306092930255,7.263670210085925,4.513993553777724,3.913321880622e-4,0.008713130962772658,0.11763275457110023,Up,C3
TSHZ2,1.4074277706010676,4.733715761517876,4.502608856603098,4.0042125725547987e-4,0.008833557919711424,0.09513016014687636,Up,C3
LTBP2,1.9048674808876562,7.436227501128502,4.496789766194238,4.051501354627732e-4,0.008905140614814544,0.08362422228235467,Up,C3
PPP1R14A,1.151503442296455,4.028635316692,4.493258361466641,4.080477565988713e-4,0.008944257766106037,0.07664031468179289,Up,C3
CHPT1,1.359093780938446,6.767797339632527,4.491477087542408,4.095173816921236e-4,0.008960105921034049,0.07311717972346443,Up,C3
XM_005269036,1.359093780938446,6.767797339632527,4.491477087542408,4.095173816921236e-4,0.008960105921034049,0.07311717972346443,Up,C3
DDAH1,1.850073031961526,8.303806456423477,4.487678798504882,4.126692430195256e-4,0.00898285136291633,0.0656037818706876,Up,C3
XM_005270709,1.850073031961526,8.303806456423477,4.487678798504882,4.126692430195256e-4,0.00898285136291633,0.0656037818706876,Up,C3
KLF4,2.1585473007527156,9.512548003713713,4.487518893609712,4.128024770142785e-4,0.00898285136291633,0.06528744821843357,Up,C3
SLC22A17,1.1282500557399784,6.963312545571377,4.483379630101994,4.1626670197687907e-4,0.009029972746136263,0.05709818371829911,Up,C3
FOSB,3.136571904553284,10.602193326384327,4.474770141995708,4.2356772913174957e-4,0.009150740445202747,0.04006044847274648,Up,C3
CCL14,2.24826382695378,6.9994644546511156,4.472031767693593,4.259172853966617e-4,0.009168868348827897,0.034640101329710404,Up,C3
CCL15-CCL14,2.24826382695378,6.9994644546511156,4.472031767693593,4.259172853966617e-4,0.009168868348827897,0.034640101329710404,Up,C3
COL1A2,2.4526167179967846,10.357017338926585,4.464967795189967,4.320400029977245e-4,0.00928363845295558,0.02065489494719408,Up,C3
FERMT2,1.3458404272591906,8.162917809163483,4.457475991986838,4.386319733681897e-4,0.009383283979307743,0.005818359009121643,Up,C3
LAMC3,1.2397200392311873,5.574107212287743,4.4518512723588985,4.4364865119405494e-4,0.009456887145612528,-0.005323558868037814,Up,C3
A1BG,1.2087459393329985,5.1444438650926925,4.446562976478249,4.4841878752792955e-4,0.009524732511721562,-0.01580131081335079,Up,C3
ID4,1.9666485312152346,8.547445907727775,4.4456110184034605,4.4928302480756245e-4,0.009534651778453682,-0.01768766521835108,Up,C3
DAB2,1.5972102761819214,7.491763725857596,4.443640677711918,4.510772176035447e-4,0.009548860683258192,-0.021592220569522702,Up,C3
MAP1A,1.4370419208120753,5.582014060893378,4.44071169939511,4.5375789568699614e-4,0.009561981573555119,-0.02739702881758621,Up,C3
TCEAL3,1.2436241564978694,8.845023434505867,4.435651245642525,4.5842779807494697e-4,0.009632386674661464,-0.03742766630049843,Up,C3
DCAF16,1.0543395238229536,8.478553559077405,4.435353392545501,4.587041900315829e-4,0.009632386674661464,-0.03801812050352815,Up,C3
C1orf198,1.1841923137014927,8.442512184237431,4.434351328228691,4.5963530411777964e-4,0.009641252852309736,-0.04000462974994079,Up,C3
LY96,1.5283779828144466,5.2765690153881115,4.434034848232174,4.5992977734749804e-4,0.009641252852309736,-0.04063204100182105,Up,C3
KLF2,2.1546463142034415,8.132587021416454,4.431018853542656,4.627457466746898e-4,0.009680342053792179,-0.04661153557085829,Up,C3
AQP1,2.0031398941244944,8.806212341019078,4.430312541217966,4.634077585120912e-4,0.009680342053792179,-0.04801196672052832,Up,C3
PNMA2,1.99877036950687,4.2932667323436915,4.427159814273707,4.663745695667461e-4,0.009733845581513948,-0.05426345561266732,Up,C3
MAP1LC3C,1.630302100791969,4.567337988911467,4.423814342366392,4.6954399680123774e-4,0.009782981780575788,-0.06089795923119379,Up,C3
ADHFE1,1.2730696328934545,6.975068547045872,4.422053108623141,4.712213884950904e-4,0.009800914875787834,-0.06439105341185858,Up,C3
TNFRSF1B,1.1048544221093062,6.186424618713796,4.42069554001526,4.725185101504074e-4,0.009804679568014237,-0.06708370907978267,Up,C3
C4A,1.007205808557674,6.009411136898946,4.413460477331411,4.794932315423677e-4,0.00986186507581826,-0.08143635388484594,Up,C3
C4B,1.007205808557674,6.009411136898946,4.413460477331411,4.794932315423677e-4,0.00986186507581826,-0.08143635388484594,Up,C3
C4B_2,1.007205808557674,6.009411136898946,4.413460477331411,4.794932315423677e-4,0.00986186507581826,-0.08143635388484594,Up,C3
PCMTD2,1.0169577608124882,10.01666677499124,4.40816607998055,4.8466371262157116e-4,0.009934157498157943,-0.09194165574949675,Up,C3
RGN,1.208644483501014,5.167261335767536,4.40550073022665,4.8728820453469886e-4,0.009979429594916246,-0.09723110957840309,Up,C3
KCNJ8,1.4688659848679286,4.643070359893375,4.399260411090464,4.934898120269875e-4,0.01006161094973664,-0.10961722994375833,Up,C3
XM_005253358,1.4688659848679286,4.643070359893375,4.399260411090464,4.934898120269875e-4,0.01006161094973664,-0.10961722994375833,Up,C3
KCNQ5,1.1504582120242715,3.7267257799389997,4.398934155980091,4.938162527618433e-4,0.01006161094973664,-0.11026487731112855,Up,C3
QKI,1.1432897438802225,8.435244018013119,4.396210268237323,4.965503147692351e-4,0.010108736772766056,-0.11567235715621216,Up,C3
COL5A1,1.6853415366999744,6.358333555775725,4.395469572853584,4.972964477489966e-4,0.010114928333496679,-0.11714288427388375,Up,C3
SYNPR,1.7165449435162579,7.0077154425651935,4.393475913054919,4.993104389941736e-4,0.010139127882181178,-0.12110116196411358,Up,C3
TTYH2,1.1243620158207124,5.987081866105823,4.392805926994038,4.999891266022721e-4,0.01014432714852725,-0.1224314392826864,Up,C3
CCN1,2.5545861172744644,9.206162431336777,4.375052296700528,5.183208261275799e-4,0.01030164632367025,-0.1576936081408853,Up,C3
OGN,3.01931585503492,4.820139537266355,4.3671547643800634,5.266947278776209e-4,0.010421868803395429,-0.17338687602750014,Up,C3
MEOX1,1.6184703137658598,5.388996697312915,4.366138373381848,5.27782414512304e-4,0.010434788725802571,-0.1754068766586716,Up,C3
LRRC3B,1.2885999762779128,3.7607463842738444,4.364649862576607,5.293794787270462e-4,0.010449149875334346,-0.17836531080604345,Up,C3
WASF3,1.0260687432927078,8.554600374611624,4.359003809217186,5.354822732439647e-4,0.010552254123482463,-0.18958832294917372,Up,C3
GJA1,1.332433704678099,12.819713586818317,4.351188499375846,5.440485398012797e-4,0.010685968127913515,-0.20512695741648201,Up,C3
MEGF6,1.383346550298569,7.244596396240418,4.34926129921807,5.461823396324274e-4,0.010701606951720427,-0.20895932276098783,Up,C3
XM_006710410,1.383346550298569,7.244596396240418,4.34926129921807,5.461823396324274e-4,0.010701606951720427,-0.20895932276098783,Up,C3
XR_426590,1.383346550298569,7.244596396240418,4.34926129921807,5.461823396324274e-4,0.010701606951720427,-0.20895932276098783,Up,C3
ABCB1,1.2102035799843458,4.4841853844661745,4.345799253072958,5.500370057458494e-4,0.010768342750335952,-0.21584447112188698,Up,C3
MNS1,1.5429411089890444,4.611429900599045,4.341704115092479,5.546324296326697e-4,0.010841793115712988,-0.22398973846573433,Up,C3
HECW2,1.1274683799044425,5.355342569673513,4.3379031034042175,5.589328584248095e-4,0.010888675180920147,-0.23155100540280849,Up,C3
ANGPTL7,2.835724496226275,11.088127357604899,4.336587981100175,5.604286866112602e-4,0.0109006558638926,-0.2341673761426577,Up,C3
MAGI2,1.4507917633927834,6.252885603147189,4.335828486576962,5.612944006365339e-4,0.01090144373772074,-0.2356784060529611,Up,C3
SMAD9,2.4635852764238164,7.195827480002971,4.334838317802015,5.624250997848962e-4,0.010904141554957255,-0.23764842545827225,Up,C3
ADRA2A,2.0389829553586285,6.1414638057505995,4.32755384421628,5.708151971125004e-4,0.011004583422565651,-0.25214348536516695,Up,C3
IRS2,1.0133254487710506,9.994197385909999,4.314894111507035,5.857014748462332e-4,0.011237415507001828,-0.277342923081318,Up,C3
CAND2,1.034660519125799,6.251790672699909,4.309325453299804,5.923743828666414e-4,0.011356365764828376,-0.28843077026012853,Up,C3
GPM6B,2.3019391766050017,6.517524370871453,4.30488891540404,5.977461433344416e-4,0.0114410709189101,-0.2972658726974995,Up,C3
XM_005274490,2.3019391766050017,6.517524370871453,4.30488891540404,5.977461433344416e-4,0.0114410709189101,-0.2972658726974995,Up,C3
PDE3A,1.7171289727694918,3.978215804550289,4.300355517260987,6.032865166237774e-4,0.01151955685919165,-0.30629517484265634,Up,C3
XM_006719086,1.7171289727694918,3.978215804550289,4.300355517260987,6.032865166237774e-4,0.01151955685919165,-0.30629517484265634,Up,C3
NFATC4,1.562635288929445,6.163899846929569,4.298575105307505,6.054766980950459e-4,0.011549061896334353,-0.3098416332509437,Up,C3
SLC43A3,1.270084543295546,7.088433235123303,4.284964149278477,6.224904736151506e-4,0.011738849364790784,-0.33696035695176363,Up,C3
S100B,1.9261424284316249,5.09059585862676,4.272105451795083,6.390116942039736e-4,0.011996626430626425,-0.36259088381340376,Up,C3
SPOCK1,1.515087063364513,10.40607605958512,4.269563747708839,6.423298965733208e-4,0.012035286633530715,-0.3676583232131092,Up,C3
CEMIP,2.567087624256705,8.701851734625063,4.265061063299227,6.482513417583644e-4,0.01211208828411988,-0.37663636628333474,Up,C3
TIMP2,1.243405618495851,10.412419062465434,4.262690177246085,6.513916056027793e-4,0.012157621553404285,-0.3813642423395889,Up,C3
COL24A1,1.1826255381079975,3.3590860602017716,4.256005351045068,6.603294681570202e-4,0.012251968219860859,-0.3946965289313331,Up,C3
CACNA1C,1.053592598350403,3.6310316939023917,4.252169992527032,6.655138054483574e-4,0.012325356758002682,-0.40234700835663517,Up,C3
PKNOX2,1.125791911251632,3.573366051109137,4.245335128521246,6.748556785588065e-4,0.012440772654968105,-0.4159828200637552,Up,C3
CREBRF,1.1064627822015263,6.976970788855949,4.240986648773361,6.808686019513758e-4,0.012490157469919246,-0.42465962133581314,Up,C3
ACKR1,2.298986681188719,6.6079329068993315,4.2355624436203625,6.884455686617407e-4,0.012575396148416363,-0.43548441929329673,Up,C3
NID2,1.655962083109312,4.88846444721234,4.232690717605773,6.92491744152514e-4,0.012620491148935944,-0.4412160538345882,Up,C3
PTPRG,1.3147751113303512,6.379316009480254,4.224936464803933,7.03538681348244e-4,0.012711928991812978,-0.456694990790143,Up,C3
SLC9A9,1.1403941203769303,7.256782097060451,4.2243412439901,7.043940321269587e-4,0.012711928991812978,-0.4578833029321654,Up,C3
SYNPO,1.476779944509036,6.4330542535597335,4.222350562025927,7.072624052188676e-4,0.012754103869318753,-0.4618576892218327,Up,C3
LSP1,1.3454736477484648,6.674871631781379,4.216979208028018,7.150614787216974e-4,0.012846486236735167,-0.4725826727909137,Up,C3
XM_005252926,1.3454736477484648,6.674871631781379,4.216979208028018,7.150614787216974e-4,0.012846486236735167,-0.4725826727909137,Up,C3
XM_005252927,1.3454736477484648,6.674871631781379,4.216979208028018,7.150614787216974e-4,0.012846486236735167,-0.4725826727909137,Up,C3
PELI2,1.4354465005121444,7.624116644947334,4.21270704601164,7.213270389999958e-4,0.012930016124031293,-0.4811140401593219,Up,C3
IRX1,1.2405832236796872,7.3167096313554305,4.21045158619203,7.246574168887791e-4,0.012948632312216274,-0.4856185239246855,Up,C3
DCXR,1.0016436492791314,9.276594768167861,4.208634888192829,7.273513059386258e-4,0.012960568704631697,-0.48924693820012966,Up,C3
RUNDC3B,1.5966574767628288,4.437294466094413,4.2071775963735885,7.295196177822421e-4,0.012970318419266203,-0.49215765558366087,Up,C3
XM_005250158,1.5966574767628288,4.437294466094413,4.2071775963735885,7.295196177822421e-4,0.012970318419266203,-0.49215765558366087,Up,C3
DZIP1,1.6552742838186103,3.86452544252348,4.204419215748577,7.336418594778343e-4,0.012997835099267715,-0.49766741410370763,Up,C3
XM_006719921,1.6552742838186103,3.86452544252348,4.204419215748577,7.336418594778343e-4,0.012997835099267715,-0.49766741410370763,Up,C3
SCN7A,2.2095209109878358,4.578314133628764,4.204297288233726,7.338246194316115e-4,0.012997835099267715,-0.4979109690918513,Up,C3
WDR86,1.3005157060439614,4.3733214382623125,4.2020023306271925,7.372732431820161e-4,0.012997835099267715,-0.5024953863119066,Up,C3
DPYSL4,1.3017986447506136,4.176089635759508,4.198549202498712,7.424933594020583e-4,0.012997835099267715,-0.5093939028029473,Up,C3
XM_005252658,1.3017986447506136,4.176089635759508,4.198549202498712,7.424933594020583e-4,0.012997835099267715,-0.5093939028029473,Up,C3
XM_005252659,1.3017986447506136,4.176089635759508,4.198549202498712,7.424933594020583e-4,0.012997835099267715,-0.5093939028029473,Up,C3
TPM2,2.208953527621551,7.422684404647599,4.197224586208896,7.445057601434386e-4,0.012997835099267715,-0.5120403355038077,Up,C3
RUNX3,1.3595981559679027,5.181397188752836,4.191821787771468,7.527715365470577e-4,0.013083289225345749,-0.5228354767663586,Up,C3
PLXNC1,2.44105700936967,5.7193336411170135,4.188844084171093,7.573670064401767e-4,0.013118783805213308,-0.5287857792270341,Up,C3
NFIL3,1.5287142122916038,9.418511918176259,4.16471891158595,7.956677555228862e-4,0.013625782065762551,-0.5770116144776534,Up,C3
CLIC6,1.859760456168848,6.206990836615653,4.164255514605142,7.964224196849547e-4,0.013625782065762551,-0.5779382255004535,Up,C3
PEAR1,1.5030119661446735,5.902335329898285,4.164223774203143,7.964741370829456e-4,0.013625782065762551,-0.5780016941639428,Up,C3
XM_006711301,1.5030119661446735,5.902335329898285,4.164223774203143,7.964741370829456e-4,0.013625782065762551,-0.5780016941639428,Up,C3
CCBE1,1.0949621115306218,4.943222138130541,4.163450380024874,7.977353517163896e-4,0.013637638113886597,-0.5795482021355651,Up,C3
OMD,2.20301408540623,4.819493525769069,4.1583720428356905,8.060674786749846e-4,0.013740931550537627,-0.5897037687342745,Up,C3
PDZRN3,1.9868124887380993,8.361746918226745,4.157255947026479,8.079105117217329e-4,0.01375490911324433,-0.591935886597593,Up,C3
TFPI,1.712315989787128,6.772253951655786,4.1548848086648755,8.118402606874253e-4,0.01380013451630282,-0.596678208283568,Up,C3
FAM110D,1.0437922766756982,4.211685066628994,4.151434914935365,8.17592604073945e-4,0.013848876275922956,-0.6035785483157383,Up,C3
NPTX2,1.9444312579797733,5.164023337846404,4.148824687326739,8.219724205115485e-4,0.013866135443389823,-0.608799802849286,Up,C3
KRTAP4-5,1.126870974648114,4.343093295049932,4.1466027277059485,8.257195397615459e-4,0.013882204434049708,-0.6132446596129375,Up,C3
CNN1,1.0879713289171162,4.697155187336946,4.142845057937068,8.320960543987078e-4,0.013956652339397474,-0.6207621190658763,Up,C3
MXRA8,1.5553725859681062,7.581896205659362,4.138735152083116,8.391276356445569e-4,0.014064763624818894,-0.6289850123341818,Up,C3
FGF2,1.699427735651586,5.372669633704538,4.137362750743784,8.414890880581956e-4,0.0140846730066756,-0.6317310202355371,Up,C3
BHMT2,1.802833663109372,3.7895002724219715,4.136144092317534,8.435916619991409e-4,0.014100199910378398,-0.6341694808479454,Up,C3
SAMD5,1.3185977667891713,4.668232762155543,4.124108804829644,8.646453711161747e-4,0.014342237869751502,-0.6582550228108737,Up,C3
IGSF11,1.037959069835276,4.629211135533679,4.123646388286526,8.65464862248468e-4,0.014345916867187657,-0.6591805624579363,Up,C3
FOXO3B,1.0135608161513368,6.141678370403676,4.120440895679118,8.711673557795536e-4,0.014387492759032334,-0.6655967095963611,Up,C3
PLP1,3.024768575554977,5.0994650167856,4.117157944699298,8.770472308935901e-4,0.014447095090115398,-0.6721683736901811,Up,C3
GLT8D2,2.151498687150168,8.159364370006305,4.113261116558363,8.840789523694324e-4,0.014484411614178235,-0.6799694885003449,Up,C3
BICC1,1.9404969651175579,6.887247634015389,4.111563284609906,8.871605354157768e-4,0.01451508327951566,-0.6833686105544219,Up,C3
XM_005270168,1.9404969651175579,6.887247634015389,4.111563284609906,8.871605354157768e-4,0.01451508327951566,-0.6833686105544219,Up,C3
PKD2,1.0024523869447712,8.59782200099962,4.107203443145538,8.951237852144671e-4,0.014582777150114223,-0.6920977482974981,Up,C3
SCN4B,1.0921634777897422,4.317125295521155,4.105348032470977,8.985346854405168e-4,0.014600327601120339,-0.6958128424666006,Up,C3
SDC2,1.7661659771590106,8.350287830122857,4.10440221394502,9.002785121930715e-4,0.014600327601120339,-0.6977067145157481,Up,C3
XM_005251020,1.7661659771590106,8.350287830122857,4.10440221394502,9.002785121930715e-4,0.014600327601120339,-0.6977067145157481,Up,C3
XM_006716614,1.7661659771590106,8.350287830122857,4.10440221394502,9.002785121930715e-4,0.014600327601120339,-0.6977067145157481,Up,C3
SOX10,1.5240042515494334,5.709070498254791,4.103912812742753,9.011821815059537e-4,0.014605114598586023,-0.698686688422943,Up,C3
PTGER2,1.4548582723812533,4.477382526826056,4.102626820853061,9.035611337244616e-4,0.014633788347945027,-0.7012617992857493,Up,C3
GFPT2,1.4165912081447907,4.862069969366191,4.1011186441762035,9.063592345883108e-4,0.014649450739790326,-0.7042819096988424,Up,C3
ITGB2,1.613888215146229,5.746920281477627,4.090885333982302,9.255788829670827e-4,0.014879935933674428,-0.7247765495796701,Up,C3
THSD7A,1.2836673760046695,3.776698550153329,4.090122598512388,9.270278826244147e-4,0.014893255179887014,-0.7263042832805278,Up,C3
MYRIP,1.4702269439954496,4.172993856119588,4.0885549610935374,9.300132248314687e-4,0.014921241592516652,-0.7294442837698956,Up,C3
CD93,2.280364348863391,6.281627208261149,4.080180404646293,9.46127567265925e-4,0.01510908441085611,-0.7462203344471865,Up,C3
MRAS,1.0881938562981226,6.954025127161068,4.07607696504128,9.541266251740764e-4,0.015216576250782845,-0.7544414395628092,Up,C3
PTGDS,2.219831559837848,11.805280064010768,4.0735763961978995,9.590347561022325e-4,0.015271059526081533,-0.7594515725033686,Up,C3
BST1,1.5312018858052951,6.407557176253554,4.069115090430237,9.678551857964365e-4,0.015353906258748228,-0.7683908393283607,Up,C3
XM_005248184,1.5312018858052951,6.407557176253554,4.069115090430237,9.678551857964365e-4,0.015353906258748228,-0.7683908393283607,Up,C3
AOX1,1.565366695410531,6.715495680445312,4.063761553295551,9.785484277970648e-4,0.015503049085138713,-0.7791189133082774,Up,C3
STIMATE,1.2395932869731503,6.219641841401941,4.061706647852932,9.82684709681836e-4,0.015519485013314486,-0.7832370747513906,Up,C3
STIMATE-MUSTN1,1.2395932869731503,6.219641841401941,4.061706647852932,9.82684709681836e-4,0.015519485013314486,-0.7832370747513906,Up,C3
PALM2AKAP2,1.924345756646586,7.546460357937519,4.0563260738218085,9.93599435514801e-4,0.015607574379074774,-0.7940208398130766,Up,C3
C3orf70,1.3130249365737727,4.7975592116275605,4.052320286974603,0.0010018051765130313,0.01569576934315383,-0.8020499495907298,Up,C3
LRP4,1.8315169404433984,8.146576064203229,4.048831025579034,0.001009008855546761,0.015746573830190742,-0.8090442259110384,Up,C3
HNMT,2.225445216407687,6.651599565292505,4.047035440643163,0.0010127363527391159,0.015767279153451892,-0.812643674482973,Up,C3
HOXD1,1.1645043882257706,4.15506945542964,4.042937460696406,0.0010212958644054318,0.015842816354231713,-0.8208589613256825,Up,C3
XM_005246507,1.1645043882257706,4.15506945542964,4.042937460696406,0.0010212958644054318,0.015842816354231713,-0.8208589613256825,Up,C3
CMKLR1,1.0997097328021095,5.347767203086528,4.039750080964503,0.0010280041108090426,0.015842816354231713,-0.8272491650324962,Up,C3
AOC3,1.8568295054688697,5.122789101382987,4.039573463016227,0.0010283771302346892,0.015842816354231713,-0.8276032671677527,Up,C3
NUPR1,1.0668557813221895,10.429014626614334,4.037518047408271,0.001032728305762496,0.015851218671173513,-0.8317242595208025,Up,C3
DAAM2,1.653584209053352,6.223231656143853,4.037405844105016,0.0010329663694370417,0.015851218671173513,-0.8319492250528961,Up,C3
XM_006715042,1.653584209053352,6.223231656143853,4.037405844105016,0.0010329663694370417,0.015851218671173513,-0.8319492250528961,Up,C3
CXCL14,2.254879146786373,5.872407631418249,4.036298611995721,0.0010353185901373694,0.01586827381895092,-0.834169228235992,Up,C3
GSTA4,1.1329461141215198,10.94150725714686,4.0275437471844,0.0010541099239461797,0.016044098600001864,-0.8517242354082457,Up,C3
CPA3,1.9929389358961211,5.244062471650832,4.022099947894669,0.0010659684866508325,0.01608352527590038,-0.8626412891701172,Up,C3
CACHD1,1.4219854660899482,7.906729962797336,4.022033141001754,0.001066114853510437,0.01608352527590038,-0.8627752705232918,Up,C3
FAM86B2-DT,1.3025168585186897,8.596408471930511,4.00993759168857,0.0010929536442500314,0.01636498650610683,-0.8870352978627398,Up,C3
C7,1.7947318399207486,5.57427661213111,4.0087904005377,0.0010955344494762724,0.01636578144626289,-0.8893364591797832,Up,C3
PTPRM,1.4808662321693848,7.750403241765158,4.004470636251929,0.001105308064192066,0.016448274585792157,-0.8980018810096517,Up,C3
XM_006722338,1.4808662321693848,7.750403241765158,4.004470636251929,0.001105308064192066,0.016448274585792157,-0.8980018810096517,Up,C3
ITGBL1,2.738330104474402,9.310207563821189,4.001581017806667,0.0011118952194002871,0.016524897248325506,-0.9037987585572811,Up,C3
MBNL2,1.0763024677732194,5.582962492186929,3.9968187253104874,0.001122838259716492,0.01661805993356963,-0.9133529669436307,Up,C3
THBS2,1.4586716290207082,7.22927589029149,3.996094726456541,0.0011245114345167916,0.01663002061076527,-0.9148055275054272,Up,C3
SELE,2.112410451879055,4.4805166524052185,3.9941139447601466,0.001129101983132375,0.016656856668188853,-0.9187796534872925,Up,C3
PODXL,1.1723541472451249,6.196012922006207,3.993438881065152,0.0011306708084414148,0.016669754756886264,-0.9201340886401006,Up,C3
BCL2,1.8020475399006415,5.540000429144727,3.981339884723017,0.001159166079298649,0.016972852352002205,-0.9444115110848053,Up,C3
XM_006722523,1.8020475399006415,5.540000429144727,3.981339884723017,0.001159166079298649,0.016972852352002205,-0.9444115110848053,Up,C3
FGF7P6,1.7766861554828628,7.506390124996023,3.974690616581415,0.0011751350103255441,0.017104663746412195,-0.9577554409099225,Up,C3
FOXF2,1.9263819241744047,4.6941578104213955,3.9726167426620305,0.001180161096632236,0.01715283802587757,-0.96191759136387045,Up,C3
SGK1,1.464014391704369,12.35887204349273,3.968757184913615,0.0011895728798801723,0.017252041246455525,-0.9696638140821348,Up,C3
ACOX2,1.0442952942334331,6.384977240707834,3.96509768766537,0.0011985670158342584,0.017351028657451067,-0.9770088695477668,Up,C3
XM_005265506,1.0442952942334331,6.384977240707834,3.96509768766537,0.0011985670158342584,0.017351028657451067,-0.9770088695477668,Up,C3
LSP1P4,1.2178824401887267,8.567496786668721,3.9642271840697716,0.0012007166189578684,0.017361204992907685,-0.9787561267079745,Up,C3
LSP1P5,1.2178824401887267,8.567496786668721,3.9642271840697716,0.0012007166189578684,0.017361204992907685,-0.9787561267079745,Up,C3
PRKG1,1.6518625724590388,5.4648849444918115,3.9594358661674884,0.0012126182785132547,0.01744919899333042,-0.9883735061772523,Up,C3
XM_005269972,1.6518625724590388,5.4648849444918115,3.9594358661674884,0.0012126182785132547,0.01744919899333042,-0.9883735061772523,Up,C3
RARRES2,1.6611063596410744,6.565474184581015,3.951294497683448,0.0012331161133425283,0.01763841057952763,-1.004716580289549,Up,C3
XM_005250033,1.6611063596410744,6.565474184581015,3.951294497683448,0.0012331161133425283,0.01763841057952763,-1.004716580289549,Up,C3
GPHA2,4.086430895746865,5.3597508501246685,3.950031631110572,0.0012363269655397322,0.017663285611240864,-1.0072518158266401,Up,C3
TMEM140,1.0042398611040984,5.959132321183431,3.919535716617655,0.001316486522605168,0.018434724556755665,-1.0684839243210638,Up,C3
STAB1,1.1206212913735971,6.812406329524105,3.914302064587625,0.0013307630695307956,0.018570334415626836,-1.0789943987234851,Up,C3
PECAM1,2.536192364850626,6.838881118355544,3.908129503282037,0.0013478022423966689,0.018786265634149153,-1.0913910983483488,Up,C3
XM_006721945,2.536192364850626,6.838881118355544,3.908129503282037,0.0013478022423966689,0.018786265634149153,-1.0913910983483488,Up,C3
GLIPR1,1.4189202734164752,5.262531207384102,3.9057915811003663,0.0013543134796462398,0.01884622652821573,-1.0960866589335785,Up,C3
TSPYL2,1.4084141277012083,7.463100026242763,3.9046574801934915,0.0013574834610853173,0.01887262657074395,-1.098364459810762,Up,C3
FAM162B,1.5535802515332282,4.979111561413172,3.9010296762754564,0.0013676741983617523,0.01890182819674548,-1.105650923968394,Up,C3
CLDN5,1.7099762081545036,6.884307380415864,3.89363280134037,0.0013886928329276751,0.019101091905977113,-1.1205082757621918,Up,C3
CYP26B1,1.5978459757178447,6.509866112300373,3.889822407211098,0.0013996474386802607,0.0191902919671393,-1.128162173283691,Up,C3
GAS1,1.8519091757753312,11.383109593468834,3.8873819607471454,0.0014067094002002038,0.019216755278090664,-1.1330643904208797,Up,C3
NFATC1,1.0847415445591615,6.109758877100241,3.886085981613318,0.0014104742294443909,0.019235923456245026,-1.1356677095697583,Up,C3
PLAC9,1.278886372317853,8.227560953845803,3.8845547517819687,0.0014149355931869453,0.01927428155940582,-1.138743624785148,Up,C3
RGCC,1.9889478967771002,7.331774284299548,3.8767795043146056,0.001437810493662851,0.019431490691945805,-1.1543629679386171,Up,C3
MYLK,2.068457459891806,6.307768133230336,3.87281059771251,0.001449630808456536,0.019547212732906615,-1.1623362481130455,Up,C3
ALDH4A1,1.0236247090092823,5.71104009140178,3.862422572125011,0.001481035737032523,0.019870217864871222,-1.1832060858018814,Up,C3
ANKRD44,1.13400159007539,5.235784865364089,3.8615672523056666,0.0014836519596328637,0.019883090081020658,-1.1849245058324875,Up,C3
LPL,2.085093631881154,4.459426415210432,3.852334966175694,0.0015121902887737793,0.02017183777575178,-1.2034735789270261,Up,C3
ALDH3A1,1.8936265299310264,12.379490444288342,3.8483253108547126,0.001524756813111769,0.020297955090576084,-1.2115298675145967,Up,C3
XM_005256525,1.8936265299310264,12.379490444288342,3.8483253108547126,0.001524756813111769,0.020297955090576084,-1.2115298675145967,Up,C3
SCUBE2,1.6789432159923896,6.4053047011720885,3.842539310404734,0.0015430766705670832,0.020473701629049823,-1.22315550000385,Up,C3
MGP,3.455881348458309,10.632467762984925,3.8353810948410736,0.0015660492096632357,0.02072070488036148,-1.2375386889549294,Up,C3
RNASE4,1.357743942942963,7.698315730203971,3.835126458257139,0.0015668727338495163,0.02072070488036148,-1.238050344568185,Up,C3
FGL2,2.430939690820738,6.235164724990566,3.8292568382247913,0.0015859774360338207,0.020881311255997678,-1.2498446373742285,Up,C3
NXF1,1.0321114492640096,8.632827480703158,3.824462960845407,0.001601755104313138,0.021019861133802043,-1.2594775338365238,Up,C3
XM_006718418,1.0321114492640096,8.632827480703158,3.824462960845407,0.001601755104313138,0.021019861133802043,-1.2594775338365238,Up,C3
HSPA12B,1.1542565010630215,5.540745534967684,3.8216071326864167,0.0016112294478527684,0.02102921653472656,-1.2652161513703266,Up,C3
XM_005260657,1.1542565010630215,5.540745534967684,3.8216071326864167,0.0016112294478527684,0.02102921653472656,-1.2652161513703266,Up,C3
XM_005260658,1.1542565010630215,5.540745534967684,3.8216071326864167,0.0016112294478527684,0.02102921653472656,-1.2652161513703266,Up,C3
CH25H,1.834061535817309,7.120013326584082,3.818830915325645,0.001620493895788891,0.02110422923859195,-1.2707948413140375,Up,C3
APOL3,1.2412210580267962,6.642584539371805,3.8137065558653815,0.0016377357049950987,0.02121171776242791,-1.281092129771336,Up,C3
XM_006724322,1.2412210580267962,6.642584539371805,3.8137065558653815,0.0016377357049950987,0.02121171776242791,-1.281092129771336,Up,C3
XM_006724323,1.2412210580267962,6.642584539371805,3.8137065558653815,0.0016377357049950987,0.02121171776242791,-1.281092129771336,Up,C3
XM_006724324,1.2412210580267962,6.642584539371805,3.8137065558653815,0.0016377357049950987,0.02121171776242791,-1.281092129771336,Up,C3
NINJ2,1.3925901432957755,6.3217268454516935,3.810818879613902,0.0016475332306579596,0.021290793407739917,-1.286894907501332,Up,C3
XM_006718984,1.3925901432957755,6.3217268454516935,3.810818879613902,0.0016475332306579596,0.021290793407739917,-1.286894907501332,Up,C3
JUN,2.6292041630160607,10.308567748129356,3.8106450453054808,0.0016481249125731507,0.021290793407739917,-1.287244228247645,Up,C3
PCDHB7,1.1096934600432355,4.553632051927859,3.8101901856807827,0.0016496741384017517,0.021299343017707823,-1.288158271106835,Up,C3
LUM,2.4601214912178593,5.6715672165006215,3.8080555986408755,0.0016569640697283727,0.021370473724675123,-1.2924477465011135,Up,C3
FGF18,1.2758274379010688,5.77676283185867,3.8058711329799264,0.0016644579961965476,0.021428467426164683,-1.2968374716523554,Up,C3
JUND,1.2112786254827217,5.509151379497155,3.8050975439847914,0.001667120025509104,0.021428467426164683,-1.2983920175144368,Up,C3
FGFBP2,2.2696785984555508,5.555182605533408,3.80440824223078,0.0016694956289862492,0.021428467426164683,-1.2997771878420474,Up,C3
RGS16,1.900368995886046,7.1906579303305165,3.7981243257399275,0.0016913105523955233,0.0216621322724639,-1.31240495275771,Up,C3
ACTG2,1.5619841799489338,5.413518349081227,3.7971769266414066,0.0016946243471598129,0.02169299924294924,-1.3143087956969701,Up,C3
XM_006725699,2.0072511145999323,8.56270120830166,3.7943456226228447,0.0017045667106161525,0.021727567811050924,-1.3199984454597384,Up,C3
XM_006725907,2.0072511145999323,8.56270120830166,3.7943456226228447,0.0017045667106161525,0.021727567811050924,-1.3199984454597384,Up,C3
XM_006725908,2.0072511145999323,8.56270120830166,3.7943456226228447,0.0017045667106161525,0.021727567811050924,-1.3199984454597384,Up,C3
MEG3,1.5279983177833723,5.163056072083744,3.7854719266578876,0.0017361102024808762,0.02195475083242676,-1.3378306689573032,Up,C3
CCN3,1.1535124659635283,6.131841039668334,3.779607506680743,0.0017572789661858613,0.022093150306453684,-1.3496156002196171,Up,C3
FKBP11,1.1314828497087364,7.201432367500666,3.7759617389028683,0.0017705700593457822,0.02219188166534312,-1.3569420017573588,Up,C3
NR4A1,2.0223874894297866,8.485696621728447,3.7749940158917568,0.001774115001265035,0.022201412023130015,-1.3588867007479664,Up,C3
XM_006719364,2.0223874894297866,8.485696621728447,3.7749940158917568,0.001774115001265035,0.022201412023130015,-1.3588867007479664,Up,C3
SMOC2,2.252796453479977,5.675158549372084,3.7649237856306748,0.0018114313481256536,0.022597700217105998,-1.3791233636855527,Up,C3
PPP1R16B,1.1011565667685783,4.051939862409067,3.7640849253794952,0.0018145753058980934,0.022625161814112227,-1.3808090882113886,Up,C3
F10,1.0317750083542503,5.683559836655501,3.7629940272781077,0.0018186721015344752,0.022631627665430858,-1.3830012903911424,Up,C3
PLVAP,1.4388361344119405,5.794056602695296,3.762942589811988,0.0018188655014838816,0.022631627665430858,-1.3831046558974016,Up,C3
SEPTIN4,1.5415281539339452,5.363534450325152,3.7618015688742266,0.0018231609641055804,0.022661579213082414,-1.3853975780137624,Up,C3
TMEM200B,1.083753139506693,6.181746028320379,3.7587412161327087,0.0018347324470587485,0.022734769331081095,-1.3915474452388024,Up,C3
CCL19,1.5467141898224925,5.510941534003373,3.752041517735187,0.0018603236406252912,0.023016230939323836,-1.4050105610883685,Up,C3
PREX2,1.1528887372639813,3.8232217744082737,3.7481747329857757,0.0018752571697580633,0.02303751206710226,-1.412780816398227,Up,C3
COL6A3,1.6172795586921769,10.608770762735295,3.7456951453254073,0.00188489683012879,0.02314132670933566,-1.4177634766418992,Up,C3
SOCS3,1.8320914273567634,9.682592584650376,3.7302737765922562,0.0019459796926645015,0.023554259444741994,-1.4487514191061335,Up,C3
SLC25A25,1.8317810793705611,8.180030522582708,3.7289225919817093,0.00195142569343271,0.023554259444741994,-1.451466429373479,Up,C3
SLC35G2,1.1864101932014037,6.283162171527736,3.728833380849441,0.0019517858018413782,0.023554259444741994,-1.4516456857372422,Up,C3
RHOU,1.2020822997440472,8.272362309671477,3.728602726208287,0.0019527171692877978,0.023554259444741994,-1.4521091512755175,Up,C3
ADGRF5,1.5856765907636863,4.88490695735013,3.71753106294306,0.0019979539761557073,0.023960754118597632,-1.4743554333060382,Up,C3
SCML1,1.000778295879714,7.030841797056123,3.70999151672221,0.0020293615139457474,0.024185072024690085,-1.4895039536007069,Up,C3
CCL23,1.3230635090788576,4.81100952372337,3.7096234745341365,0.0020309073264510443,0.024191482704455567,-1.4902434114883798,Up,C3
TPSAB1,1.1936206155590154,5.9961178053157695,3.7048239426908953,0.0020511746301482866,0.024384494043001078,-1.499886326907082,Up,C3
TPSB2,1.1936206155590154,5.9961178053157695,3.7048239426908953,0.0020511746301482866,0.024384494043001078,-1.499886326907082,Up,C3
DST,1.0692821511427502,8.147695486222155,3.7042456283594927,0.0020536304151959335,0.024389528562856408,-1.5010482212516543,Up,C3
PDLIM3,1.25578783423419,5.791355181918843,3.702683615269903,0.0020602782273788085,0.02442014716718329,-1.5041864497497919,Up,C3
RNASE2,1.5584129886685032,4.338127365840559,3.6993213649973096,0.002074661267824372,0.02457848951151065,-1.5109414186886045,Up,C3
ST6GAL2,1.9462148465244056,4.9469872607869165,3.696559786145002,0.0020865502821135135,0.02469496048880106,-1.5164894936689786,Up,C3
PCP4L1,1.1126017359511158,8.68452801875221,3.6666211249585325,0.00221992342699606,0.025542954024333382,-1.5766297596346561,Up,C3
AHRR,1.0922880490736722,4.511544301244248,3.6641140527294183,0.0022314737257817566,0.025638981506086032,-1.581665248846,Up,C3
HCLS1,1.5961589108598053,5.980012008152168,3.661725387612517,0.0022425346957034077,0.025708217552615632,-1.586462807784704,Up,C3
SORBS2,1.2104311125340335,8.428352107904267,3.6614257328282496,0.002243926163350127,0.025708217552615632,-1.587064647466403,Up,C3
XM_006714383,1.2104311125340335,8.428352107904267,3.6614257328282496,0.002243926163350127,0.025708217552615632,-1.587064647466403,Up,C3
XM_006714389,1.2104311125340335,8.428352107904267,3.6614257328282496,0.002243926163350127,0.025708217552615632,-1.587064647466403,Up,C3
MITF,1.6312866662967602,7.024015773866029,3.6594658945748963,0.002253048226432332,0.025737639593803072,-1.5910008296578964,Up,C3
CDH19,2.622243853687152,5.058841141648964,3.6584389856637207,0.0022578428407865904,0.02576358041835886,-1.5930632666579898,Up,C3
HLA-DPB1,2.118926839178158,8.505997639828434,3.6581997281601755,0.0022589614004988093,0.02576358041835886,-1.5935437868988753,Up,C3
C1orf21,1.0312503141404674,6.157840742842225,3.655156871292986,0.0022732358161113163,0.025888232137481502,-1.5996549052055649,Up,C3
NOSTRIN,1.0720702100438038,4.231034989902457,3.6534399016087007,0.002281330293778266,0.025888232137481502,-1.6031030982508572,Up,C3
XR_427064,1.0720702100438038,4.231034989902457,3.6534399016087007,0.002281330293778266,0.025888232137481502,-1.6031030982508572,Up,C3
ENPEP,1.4700351300588426,4.052195647002111,3.648649750383447,0.002304066390248347,0.025987876644145126,-1.6127228491076604,Up,C3
SMIM10,1.032689528256125,3.9312991419235175,3.643124334666975,0.0023305752381085564,0.026188420816985757,-1.623818584204506,Up,C3
BTNL9,1.4704142639272453,5.148701013459946,3.6428110792656696,0.002332087262184816,0.026193148557304608,-1.624447620969895,Up,C3
SPARCL1,3.0517545471895584,9.116014770387487,3.63876113999379,0.0023517244877386888,0.0264013522706754,-1.632579960579375,Up,C3
SPATA6,1.1531630322284387,6.467233437005273,3.634210608505321,0.0023739871652525757,0.02660151257721397,-1.6417170532520995,Up,C3
NPR3,1.4413017174298597,6.818763440750105,3.6332717294622787,0.0023786067379559894,0.026628413677434543,-1.6436021852940499,Up,C3
XM_005248310,1.4413017174298597,6.818763440750105,3.6332717294622787,0.0023786067379559894,0.026628413677434543,-1.6436021852940499,Up,C3
PRUNE2,2.4415331212367004,8.032221131012971,3.6317291553473994,0.002386216281873734,0.026688706056632507,-1.646699403740735,Up,C3
CCDC71L,1.3734441056177653,6.615876771363571,3.6303623442318735,0.002392979206166144,0.026751880254494546,-1.6494436735506826,Up,C3
MYCT1,1.8799287563596332,5.041704958616194,3.6251254919414526,0.0024190695305335128,0.026980718806628893,-1.6599577541121562,Up,C3
EVI2A,1.5243736454108143,4.614485692221729,3.624630702412465,0.0024215493203402867,0.026995832227964495,-1.6609511130145425,Up,C3
GAS7,1.2744370128623954,5.849981169264424,3.6227241424674745,0.002431128515997006,0.02700228905180941,-1.664778740251994,Up,C3
EID3,1.9839646930882662,3.7883483608838104,3.6200305326499644,0.0024447269826856736,0.02709064498542084,-1.6701862988292797,Up,C3
NR_024554,1.1392014197971765,4.62542809371029,3.6173929796706297,0.002458116429769377,0.02713878130051729,-1.6754811392045728,Up,C3
NR_024555,1.1392014197971765,4.62542809371029,3.6173929796706297,0.002458116429769377,0.02713878130051729,-1.6754811392045728,Up,C3
RHOBTB1,1.1392014197971765,4.62542809371029,3.6173929796706297,0.002458116429769377,0.02713878130051729,-1.6754811392045728,Up,C3
XM_006718089,1.1392014197971765,4.62542809371029,3.6173929796706297,0.002458116429769377,0.02713878130051729,-1.6754811392045728,Up,C3
XR_428729,1.1392014197971765,4.62542809371029,3.6173929796706297,0.002458116429769377,0.02713878130051729,-1.6754811392045728,Up,C3
PAMR1,1.012498400276618,6.74416719389588,3.6157784686789203,0.002466348729787651,0.02720464256082868,-1.6787221512780848,Up,C3
ANPEP,1.229739220266115,6.643318103955744,3.6143428043592105,0.002473692340015535,0.02726058932279746,-1.6816040838086526,Up,C3
ENPP1,1.751517578122404,6.4529926028211575,3.612362236755366,0.0024838592328382267,0.027337002139233926,-1.6855797570114923,Up,C3
IL6ST,1.1500130768211436,6.310659832248422,3.6073259804229223,0.0025099012436258722,0.0274329005689928,-1.6956887558713296,Up,C3
SHE,1.6645552105001755,5.63426005461308,3.6026464018518647,0.0025343443940730784,0.02764426048906394,-1.7050811806045125,Up,C3
INMT,1.108374416439859,5.8746156133600635,3.6010183184497104,0.002542904349593706,0.027671551619402854,-1.7083487749783872,Up,C3
ZNF703,1.2827104388939334,7.706542121329251,3.599625726721366,0.0025502491740306277,0.027699348765243194,-1.7111436720938054,Up,C3
FAM13C,1.3277175494835358,6.687845306550386,3.596727475010803,0.002565603472450711,0.027792210759287186,-1.7169602091154612,Up,C3
OLFM1,1.1251847791740008,7.709483122342095,3.5915614246357013,0.002593202373377592,0.02798331506388487,-1.7273273969093728,Up,C3
LGR6,1.1796907044597598,7.25016748329242,3.5882191046078176,0.002611216690026742,0.028130351433582522,-1.734034303456042,Up,C3
XM_006711480,1.1796907044597598,7.25016748329242,3.5882191046078176,0.002611216690026742,0.028130351433582522,-1.734034303456042,Up,C3
CPQ,1.087065282779288,7.273421666809711,3.586991682195998,0.0026178636665181686,0.028164035734544637,-1.7364972381742119,Up,C3
XM_005250755,1.087065282779288,7.273421666809711,3.586991682195998,0.0026178636665181686,0.028164035734544637,-1.7364972381742119,Up,C3
XM_006716498,1.087065282779288,7.273421666809711,3.586991682195998,0.0026178636665181686,0.028164035734544637,-1.7364972381742119,Up,C3
XM_006726627,1.3055297022964112,10.142555349537965,3.586036663703788,0.002623047202639684,0.02819452707467877,-1.7384135369239795,Up,C3
WNT2,1.5062251495408727,3.9537360029379296,3.583778700497114,0.002635343675845429,0.028276047790631198,-1.7429441532794119,Up,C3
KLF9,1.2211621097525471,7.242970341936106,3.583263494333593,0.0026381574874819085,0.028281295996941562,-1.7439778946852353,Up,C3
BHLHE22,1.148723010535627,4.5873010424253495,3.5777059768378487,0.002668702174826291,0.028418007808420867,-1.755128294431949,Up,C3
TCIM,1.9969585047509382,4.088335805320648,3.569826493866047,0.00271261725588305,0.028624594115702267,-1.7709356453068077,Up,C3
PDE7B,1.6398365268175885,6.591018044550347,3.5688168981376887,0.00271829618266012,0.028653730775673344,-1.7729608837542354,Up,C3
SV2A,1.3278151519073669,5.583403918628107,3.5669938623939705,0.00272858086962416,0.028736901286844706,-1.7766177849534799,Up,C3
SLC7A2,1.231329236922356,8.029860444838762,3.5569608464240416,0.002785884098311235,0.02922495695049092,-1.796741314047754,Up,C3
MUSTN1,1.222318973066538,6.1546490153555595,3.556750550417622,0.002787098010985489,0.02922495695049092,-1.7971630723651595,Up,C3
SCARA5,1.9711133178368705,6.630085946801028,3.5550485556461795,0.0027969421252281162,0.029251505398573095,-1.8005764413421685,Up,C3
SNORD44,1.444380411660676,10.577919761725175,3.5546833168183256,0.0027990591538798464,0.029260896259331044,-1.80130891783823,Up,C3
COL15A1,2.1975848398037297,4.885075320897051,3.5530687578838935,0.0028084368476264097,0.02932061818909486,-1.8045468123520063,Up,C3
COL8A2,2.2339354689074673,7.760069543605464,3.5519632635396823,0.0028148759341745373,0.02936229994439689,-1.806763754343696,Up,C3
BMPER,1.8448713802820458,3.49700329371688,3.5505481989887624,0.0028231397344740707,0.029405013578644043,-1.8096014368707367,Up,C3
COPZ2,1.1221654501061291,8.455895507535221,3.5451106076004186,0.0028551213104403383,0.02962759260405923,-1.8205049363519628,Up,C3
PGM5,1.506894784331414,5.35398220747027,3.544591928106076,0.0028581908526271855,0.029646627849938507,-1.8215449369976922,Up,C3
EMILIN1,1.087077191535057,5.468335149856175,3.5442762432540227,0.0028600606913419526,0.02965161004803058,-1.8221779093843757,Up,C3
MAN1A1,1.1685234895602363,9.714804086866916,3.5440937901628566,0.002861141941139856,0.02965161004803058,-1.8225437400851305,Up,C3
ZBTB20,1.7279680194983573,5.806068343756078,3.5378119304547697,0.0028986200912076744,0.02989315913840441,-1.8351384928530035,Up,C3
XM_006718899,1.3246349999006926,7.51963686465848,3.535211362913964,0.002914278819825097,0.029946481593398418,-1.8403520150876362,Up,C3
ZBTB16,1.3246349999006926,7.51963686465848,3.535211362913964,0.002914278819825097,0.029946481593398418,-1.8403520150876362,Up,C3
MCAM,1.146887218409213,6.450738249817205,3.532387875654496,0.0029313757139121056,0.03005505334699631,-1.8460121282339692,Up,C3
XM_006718836,1.146887218409213,6.450738249817205,3.532387875654496,0.0029313757139121056,0.03005505334699631,-1.8460121282339692,Up,C3
KCNJ13,1.5999848395149163,4.839291344564739,3.526336396246284,0.00296835784417593,0.030330576830953884,-1.8581421398495532,Up,C3
FAM107A,1.5663783060274215,7.060957788010926,3.524376034532861,0.002980437976496996,0.030428103918281966,-1.86207129820842,Up,C3
SCIN,1.3497458898444732,7.309195069183716,3.52401549191888,0.002982665061491753,0.030437894050138203,-1.862793917033061,Up,C3
MMP27,1.609228058304483,4.925019477908212,3.5237142377756374,0.0029845271965803903,0.030443953154408215,-1.8633977024891122,Up,C3
CCN5,1.2998531238687256,5.65872703098464,3.5211934242592084,0.003000154712050181,0.030590362531278014,-1.8684498645997358,Up,C3
FKBP10,1.5184204725811945,6.105261336420621,3.5185906650891137,0.0030163761702648203,0.030624048116928884,-1.8736659735037406,Up,C3
XM_006722008,1.5184204725811945,6.105261336420621,3.5185906650891137,0.0030163761702648203,0.030624048116928884,-1.8736659735037406,Up,C3
ITM2A,2.3801918295482265,5.292642251954636,3.512648772562031,0.003053738102722949,0.030874398458953758,-1.8855728264117015,Up,C3
CCM2L,1.2340246344594972,4.98550332524799,3.507340152170097,0.0030875095296211148,0.031097945333598824,-1.8962093462887832,Up,C3
XM_006723706,1.2340246344594972,4.98550332524799,3.507340152170097,0.0030875095296211148,0.031097945333598824,-1.8962093462887832,Up,C3
PPP1R15A,1.7710437799228957,8.51556154980025,3.504657870675128,0.003104715001176049,0.03120217542360773,-1.9015831639567597,Up,C3
DACT1,2.004465323786583,4.333093720936577,3.502300659417118,0.003119914464969592,0.03128076918391012,-1.9063054462201583,Up,C3
XM_006720166,2.004465323786583,4.333093720936577,3.502300659417118,0.003119914464969592,0.03128076918391012,-1.9063054462201583,Up,C3
XM_006720167,2.004465323786583,4.333093720936577,3.502300659417118,0.003119914464969592,0.03128076918391012,-1.9063054462201583,Up,C3
CSF2RB,1.1968657877101734,4.8980324434361355,3.4973989311437905,0.0031517598460279305,0.03140246568051573,-1.9161244172878833,Up,C3
TRIM63,1.059197130176492,4.917505681514484,3.4934814072803357,0.003177444621728175,0.03151262210005125,-1.9239710471551943,Up,C3
DUSP1,1.8002146369920684,7.144707381099021,3.4895441232516293,0.003203469823290184,0.03168095702456159,-1.931856512124611,Up,C3
LEPR,1.8400203672181181,9.342335526041754,3.484637900204802,0.0032361980675942557,0.03188638178095128,-1.9416814764746464,Up,C3
LEPROT,1.8400203672181181,9.342335526041754,3.484637900204802,0.0032361980675942557,0.03188638178095128,-1.9416814764746464,Up,C3
P2RY14,2.3385164615766145,5.369302218786028,3.480819670135711,0.00326189966307915,0.032080715986403004,-1.9493268517786655,Up,C3
CHI3L2,2.6238687887925547,5.617072195687839,3.480320104192004,0.0032652774416624675,0.032080715986403004,-1.9503270959308336,Up,C3
CD300LG,1.1180927566699062,3.9610208200852552,3.4788807200739487,0.003275029291031371,0.03215020574369529,-1.9532089983166943,Up,C3
MYOC,3.566330494654019,8.27233403114328,3.4745805298787795,0.003304336849438049,0.03235850390053532,-1.9618181130554726,Up,C3
CLEC1A,1.0495641149477013,5.36374122465707,3.47272712722984,0.0033170492306476766,0.032456508615575023,-1.9655283895585285,Up,C3
DAPL1,1.4118055921684043,11.294976565189872,3.4634379196138063,0.0033815033157916625,0.032779823338300276,-1.9841214904296107,Up,C3
IRX3,1.6037345416016748,8.149202270196174,3.4627671130888418,0.003386205920588481,0.03281215765279157,-1.985463986462861,Up,C3
C1orf162,1.7446517998072215,6.592088825973221,3.45116072678313,0.003468613025624939,0.0333250498484047,-2.0086881542437878,Up,C3
XM_005270475,1.7446517998072215,6.592088825973221,3.45116072678313,0.003468613025624939,0.0333250498484047,-2.0086881542437878,Up,C3
XM_005270476,1.7446517998072215,6.592088825973221,3.45116072678313,0.003468613025624939,0.0333250498484047,-2.0086881542437878,Up,C3
DNM3OS,1.1595775393859977,3.450139234407003,3.451012031396939,0.003469681675325529,0.0333250498484047,-2.008985642699062,Up,C3
ZNF423,1.1552632929078372,7.202718328460027,3.4504235511493775,0.0034739142136464953,0.0333522666616217,-2.01016297762836,Up,C3
PLA2G5,1.6258539930953733,5.759658316829274,3.4463797502007627,0.0035031382717303824,0.033372140452512064,-2.018252624680562,Up,C3
XM_005245895,1.6258539930953733,5.759658316829274,3.4463797502007627,0.0035031382717303824,0.033372140452512064,-2.018252624680562,Up,C3
XM_005245896,1.6258539930953733,5.759658316829274,3.4463797502007627,0.0035031382717303824,0.033372140452512064,-2.018252624680562,Up,C3
XM_006710691,1.6258539930953733,5.759658316829274,3.4463797502007627,0.0035031382717303824,0.033372140452512064,-2.018252624680562,Up,C3
CLU,1.3730925961796538,5.07702644650915,3.441693906506002,0.0035373093984334227,0.0334261811737004,-2.027625517280031,Up,C3
XM_006716284,1.3730925961796538,5.07702644650915,3.441693906506002,0.0035373093984334227,0.0334261811737004,-2.027625517280031,Up,C3
SELENBP1,1.1271812933980119,7.961213303508837,3.441433909735888,0.003539215116258386,0.03343102763496016,-2.028145540713526,Up,C3
COL8A1,2.1784586098576177,8.604396143327998,3.439986195042522,0.0035498452942721915,0.03350506753956789,-2.0310410649548745,Up,C3
TYR,1.5082019838468854,6.77612316004374,3.4340797575153794,0.0035935458916992974,0.03375823424366597,-2.042853058541379,Up,C3
PENK,3.0703527063738774,5.878228373572677,3.4328631727057055,0.0036026136330452913,0.0338246972173243,-2.0452857911706284,Up,C3
MYH11,1.9491277012855983,7.246363554518165,3.4326030413153084,0.0036045554676230043,0.0338246972173243,-2.045805949100421,Up,C3
CHRDL1,2.2076717534195796,6.530795349559592,3.4318898854978537,0.003609884407147693,0.03385871259881162,-2.0472319526126137,Up,C3
CD84,1.164316789502129,5.484716220542653,3.4298571554064705,0.0036251168235707687,0.03394851892288162,-2.0512963677775975,Up,C3
XR_241101,1.164316789502129,5.484716220542653,3.4298571554064705,0.0036251168235707687,0.03394851892288162,-2.0512963677775975,Up,C3
CYGB,1.0418738769746039,6.39792681563704,3.4295941466885616,0.0036270923792865377,0.03395377195305596,-2.0518222319035386,Up,C3
RFLNB,1.6400310950520973,7.8032669342269125,3.423032114754732,0.003676731449819941,0.03416527613572522,-2.064941115574306,Up,C3
EYA2,1.2995787326171637,6.609590896577305,3.419614936739714,0.0037028487457523127,0.034301727362233504,-2.0717717309763275,Up,C3
GAPDHS,1.3560561783349216,5.563457979921594,3.4188953944657885,0.003708371706690534,0.03432639325259784,-2.073209935805436,Up,C3
XM_005258732,1.3560561783349216,5.563457979921594,3.4188953944657885,0.003708371706690534,0.03432639325259784,-2.073209935805436,Up,C3
PLPPR4,1.3570855311220171,4.301036446657263,3.4165405771875585,0.003726503987394871,0.03441982691226205,-2.07791646589551,Up,C3
NR2F1,1.6243815567433932,4.73866532457014,3.414209157978312,0.003744543205248032,0.03452805455718911,-2.0825758885541763,Up,C3
AFF3,1.566942019949649,4.8779867599996685,3.4090078725376696,0.003785102296771007,0.0347344460205423,-2.0929695995654702,Up,C3
ELMO1,1.4317946461777558,4.811336429139354,3.406945425371618,0.003801306067023527,0.034744458576046716,-2.0970905021292214,Up,C3
XM_005249920,1.4317946461777558,4.811336429139354,3.406945425371618,0.003801306067023527,0.034744458576046716,-2.0970905021292214,Up,C3
DKK3,1.1655875197922168,9.561689136185619,3.3929437413985504,0.003913154604733595,0.03534226420408233,-2.125059429142307,Up,C3
XM_006718177,1.1655875197922168,9.561689136185619,3.3929437413985504,0.003913154604733595,0.03534226420408233,-2.125059429142307,Up,C3
XM_006718179,1.1655875197922168,9.561689136185619,3.3929437413985504,0.003913154604733595,0.03534226420408233,-2.125059429142307,Up,C3
XM_006718180,1.1655875197922168,9.561689136185619,3.3929437413985504,0.003913154604733595,0.03534226420408233,-2.125059429142307,Up,C3
GPR183,2.131333958482651,5.60523109996634,3.3928604581325987,0.003913829608134774,0.03534226420408233,-2.125225751910559,Up,C3
VWF,1.1554031974671641,7.6619280134417105,3.386527384349716,0.003965499914124671,0.03562123089027708,-2.1378719881139174,Up,C3
CHN1,1.6341096550150374,6.617443897690261,3.38289957227531,0.003995404104746224,0.03579607664132843,-2.1451149716516884,Up,C3
SIPA1L2,1.3298361864730541,7.768413768915692,3.3803671155604764,0.004016412279961651,0.03590757077761056,-2.1501705216272784,Up,C3
ACKR4,1.4529623751302108,5.866181984309852,3.3716616820460357,0.004089471508774132,0.03623842656182535,-2.1675457702940095,Up,C3
GIMAP6,1.97170783172652,5.238665939372874,3.368936890779977,0.00411260977443107,0.03639303314534631,-2.1729830975755196,Up,C3
CMAHP,1.5552289232894045,5.149955900038967,3.355111404515789,0.004232036110898589,0.03708129213165683,-2.2005635636470817,Up,C3
HLA-DPA1,2.6410251446304907,8.056152835259336,3.355026817182375,0.0042327773102441655,0.03708129213165683,-2.2007322634818047,Up,C3
SEMA3G,1.4742226017371571,4.9226546573659284,3.3456749033679123,0.004315525443046083,0.03751584269612172,-2.219380265471882,Up,C3
XM_005265327,1.4742226017371571,4.9226546573659284,3.3456749033679123,0.004315525443046083,0.03751584269612172,-2.219380265471882,Up,C3
GSTM3,1.0343556690069597,9.179116915659446,3.344667816966889,0.004324531838768018,0.03755668807982132,-2.221388029372667,Up,C3
PDE5A,1.7427452680401974,6.436814496730471,3.3421062210915595,0.0043475246018296896,0.0376848268303056,-2.22649456760898,Up,C3
INHBB,1.0411367974090204,6.106738911796608,3.3350927909827974,0.004411100910133371,0.03798896449408725,-2.240473221866817,Up,C3
TXNIP,1.1879389682111032,10.394028014303512,3.3348418192260065,0.004413393008982469,0.03799507137790432,-2.240973368886417,Up,C3
HERC5,1.2296476363109239,4.917994045378052,3.3313924438367817,0.004445016059128227,0.03812367458444565,-2.247846923489427,Up,C3
FAM241A,1.735903482448621,5.602608299230057,3.329495683286047,0.004462501011307143,0.03822589196052607,-2.251626186429891,Up,C3
RERG,2.9689099964208046,7.369727193457137,3.327655270414649,0.004479531895711102,0.03833073959388872,-2.2552929024417914,Up,C3
NR1D1,1.590385145137354,10.68979631764143,3.326989869134999,0.004485705304399195,0.03836988550113666,-2.2566185366757434,Up,C3
ERG,1.2554725380271359,6.274779851621858,3.321136138249628,0.004540380370628656,0.038696074726213815,-2.268278987887409,Up,C3
CPE,1.8032220246218067,8.315278834043927,3.3200032762762963,0.004551037790510095,0.03874920505421188,-2.2705352918001696,Up,C3
BCL6,1.200498916564201,8.145766131586145,3.3193967780215146,0.004556753649028748,0.038772152604280914,-2.2717432019084063,Up,C3
ROBO4,1.1754087139558802,5.689795743305956,3.315099118331863,0.004597461259630613,0.039006102917516425,-2.2803016111548553,Up,C3
SCRG1,1.9807905305598066,5.721541461331737,3.3137554222242045,0.004610262812292813,0.039077737902481646,-2.282977149396876,Up,C3
XM_006714075,1.9807905305598066,5.721541461331737,3.3137554222242045,0.004610262812292813,0.039077737902481646,-2.282977149396876,Up,C3
CNKSR3,1.279896219249207,3.211846266688327,3.312463657771424,0.004622602998022866,0.039077737902481646,-2.285549140746334,Up,C3
TNN,1.7181510347718003,4.2567337919481645,3.3122282009408823,0.0046248558436928705,0.039077737902481646,-2.2860179363901674,Up,C3
PNISR,1.0712360114272519,7.544017805579431,3.310568352315811,0.004640768220212542,0.0391453568421888,-2.2893225710972818,Up,C3
BMP7,1.185133873709976,8.784364449032873,3.310481733170607,0.004641600098861317,0.0391453568421888,-2.2894950170098447,Up,C3
PDE1C,1.6749930786559744,3.2662706527656113,3.308043973620281,0.004665072869973055,0.03923379731728348,-2.2943479771038593,Up,C3
XM_005249768,1.6749930786559744,3.2662706527656113,3.308043973620281,0.004665072869973055,0.03923379731728348,-2.2943479771038593,Up,C3
ARMCX4,1.2542031122488675,5.234076788119801,3.307631175721237,0.00466905928991684,0.03925280598129037,-2.295169703271325,Up,C3
LAPTM5,1.943032643303976,8.039720292745624,3.3066985279101178,0.004678078403941084,0.0392873470438747,-2.2970262030501623,Up,C3
TIE1,1.0758166356276577,4.639715390134828,3.3006584294578123,0.004736909243852148,0.03950037485151351,-2.309047643828716,Up,C3
XM_005271164,1.0758166356276577,4.639715390134828,3.3006584294578123,0.004736909243852148,0.03950037485151351,-2.309047643828716,Up,C3
PRKAR2B,1.8097216840076626,6.269798981820219,3.292654902145567,0.004815997314796133,0.03999777423866325,-2.3249720024479936,Up,C3
TMEM45A,1.0615462084374236,8.765569025762737,3.2878018562191054,0.004864590541195107,0.04026821214136804,-2.3346252223666673,Up,C3
XM_005247569,1.0615462084374236,8.765569025762737,3.2878018562191054,0.004864590541195107,0.04026821214136804,-2.3346252223666673,Up,C3
TNFRSF11B,2.298264102311265,4.688384753285603,3.287508660303262,0.0048675418353532635,0.04026821214136804,-2.3352083532804775,Up,C3
ZFP36,1.8698591153117157,11.692793959115358,3.2831553044662485,0.004911572175315856,0.040497270818251864,-2.3438657464949806,Up,C3
NR_046338,1.1429883432927368,4.372641024345226,3.2821591498149654,0.0049217028489406695,0.040543531620193245,-2.34584653222361,Up,C3
PRDM11,1.1429883432927368,4.372641024345226,3.2821591498149654,0.0049217028489406695,0.040543531620193245,-2.34584653222361,Up,C3
HEPH,1.6013861172876762,6.564315834562417,3.2781591639615044,0.004962591077505189,0.04079181885009573,-2.3537993316053143,Up,C3
DCLK1,2.0585920643788747,5.8452621973770995,3.2756921231346023,0.00498797728683231,0.04091641518747406,-2.3587035962207503,Up,C3
XM_006719893,2.0585920643788747,5.8452621973770995,3.2756921231346023,0.00498797728683231,0.04091641518747406,-2.3587035962207503,Up,C3
SLC2A14,1.7486631017262306,6.373469265070276,3.2743203086856294,0.005002149163344042,0.04096603169775214,-2.3614304050746373,Up,C3
XM_005253317,1.7486631017262306,6.373469265070276,3.2743203086856294,0.005002149163344042,0.04096603169775214,-2.3614304050746373,Up,C3
LDB3,1.2876763870503503,5.212338526380711,3.2720128855311716,0.005026076753840495,0.041036095542837506,-2.366016570804235,Up,C3
XM_005269465,1.2876763870503503,5.212338526380711,3.2720128855311716,0.005026076753840495,0.041036095542837506,-2.366016570804235,Up,C3
XM_005269467,1.2876763870503503,5.212338526380711,3.2720128855311716,0.005026076753840495,0.041036095542837506,-2.366016570804235,Up,C3
SHOX,1.2235644060861368,6.405702351994892,3.264471913806268,0.005105070102316352,0.04150434126706949,-2.381001350693942,Up,C3
CLEC3B,1.66011990473568,7.014856126110621,3.26435184153383,0.005106337795252738,0.04150434126706949,-2.38123990530712,Up,C3
XM_005265426,1.66011990473568,7.014856126110621,3.26435184153383,0.005106337795252738,0.04150434126706949,-2.38123990530712,Up,C3
CCL2,2.4075712213735825,6.92710036427389,3.263395020423935,0.005116450836124644,0.041516245087445475,-2.3831408295300243,Up,C3
TCEAL2,2.1673441097243273,6.127550533037656,3.261220079262624,0.005139512651687281,0.041648148826691364,-2.38746148266552,Up,C3
MMRN2,1.0093559508467065,6.405577207541365,3.261207399996084,0.005139647397077736,0.041648148826691364,-2.387486669494713,Up,C3
XM_006717970,1.0093559508467065,6.405577207541365,3.261207399996084,0.005139647397077736,0.041648148826691364,-2.387486669494713,Up,C3
CPZ,1.1589617727418728,6.173637018900416,3.260245932437194,0.005149875339177014,0.04170287040854477,-2.38939654010695,Up,C3
SPARC,1.4665967758887355,10.559393021213706,3.259456957143188,0.00515828341115944,0.04174279111080542,-2.3909637047440704,Up,C3
WHAMMP2,1.0959870509088905,5.332589628868403,3.256539786641676,0.005189489943479532,0.04189697322342834,-2.396757652704177,Up,C3
WHAMMP3,1.0959870509088905,5.332589628868403,3.256539786641676,0.005189489943479532,0.04189697322342834,-2.396757652704177,Up,C3
TCF4,1.391973854488385,6.595127070590439,3.256110904624695,0.005194093680910872,0.04190542404343622,-2.3976094098675347,Up,C3
FRZB,2.6010369166385727,4.562461577939601,3.2557767278685614,0.0051976836328070436,0.0419062151678316,-2.398273070771566,Up,C3
SNORD47,1.0300366953385058,10.814393977248928,3.2520414469103622,0.005237978352592687,0.04210380322134283,-2.4056904529583356,Up,C3
NTRK2,1.5863701701069512,9.792535723309628,3.250692631718164,0.0052526048126277924,0.042150792615410326,-2.408368550389125,Up,C3
F2R,1.2050290177625325,8.532969372034678,3.243394947773113,0.005332445310424208,0.042396414582058325,-2.4228551747262532,Up,C3
ACADSB,1.0187264850503661,7.818706962433061,3.242565207991434,0.005341598911376865,0.042396414582058325,-2.4245019607326936,Up,C3
SYNM,1.2145830159355793,6.685640405827699,3.228224910723633,0.005502281926497516,0.043102405613509594,-2.4529523670673,Up,C3
CSRNP1,1.63822814988837,9.495642145401709,3.2194323496277626,0.005603160745755105,0.043623384198497185,-2.4703860708509913,Up,C3
XM_005265403,1.63822814988837,9.495642145401709,3.2194323496277626,0.005603160745755105,0.043623384198497185,-2.4703860708509913,Up,C3
RNF150,1.1887787639214915,5.403998598368352,3.2151014135363005,0.005653521491138203,0.04381296653656905,-2.4789704289935903,Up,C3
MS4A7,1.952279070354206,5.462950690489188,3.213345814872209,0.005674063249456002,0.04391772528650208,-2.482449648329532,Up,C3
ADCY2,1.4373492435600772,6.17870692792978,3.208360105819809,0.00573280329386177,0.04417295173652334,-2.4923284876187717,Up,C3
GIMAP1-GIMAP5,1.2340470525230058,6.188631488750309,3.205824983792341,0.005762901709301512,0.04423199183305881,-2.4973506497512687,Up,C3
GIMAP5,1.2340470525230058,6.188631488750309,3.205824983792341,0.005762901709301512,0.04423199183305881,-2.4973506497512687,Up,C3
SOX17,1.4316149925511619,3.9560953094133713,3.203889718487867,0.005785983488613822,0.04432107726935056,-2.5011840152550278,Up,C3
TCEAL7,1.4561666695243751,5.354511041805531,3.1983292904104,0.005852812553635838,0.04455414110763317,-2.512195855335248,Up,C3
GNG11,1.332118715576545,8.20363189144205,3.1869076696520184,0.005992489745085352,0.045230106560232276,-2.534804640589404,Up,C3
MS4A4A,2.6045598168869137,5.566604744550194,3.1850461588137047,0.00601556485075983,0.04531552247570269,-2.538488090835254,Up,C3
PCSK2,1.5306400828388371,4.389081276013149,3.1844516871210007,0.006022952355580568,0.04533173485062552,-2.5396643160946306,Up,C3
FCGR2C,1.3204211061402757,5.51452486313688,3.183206971386046,0.006038449514616724,0.04539143916374275,-2.542126990751517,Up,C3
SELENOP,1.2555389978224607,5.185039605640246,3.18288964741563,0.0060424066146115415,0.04540696417154234,-2.542754789775622,Up,C3
CCL8,1.151919550151033,4.1485463820267094,3.1786345883030447,0.006095716465707158,0.04558189743003972,-2.5511719812546128,Up,C3
PDE1A,1.7482016687150077,5.5679977628537465,3.177326036454268,0.006112204045793856,0.04558189743003972,-2.5537600984892332,Up,C3
XM_005246635,1.7482016687150077,5.5679977628537465,3.177326036454268,0.006112204045793856,0.04558189743003972,-2.5537600984892332,Up,C3
XM_005246636,1.7482016687150077,5.5679977628537465,3.177326036454268,0.006112204045793856,0.04558189743003972,-2.5537600984892332,Up,C3
XM_005246637,1.7482016687150077,5.5679977628537465,3.177326036454268,0.006112204045793856,0.04558189743003972,-2.5537600984892332,Up,C3
XM_006712574,1.7482016687150077,5.5679977628537465,3.177326036454268,0.006112204045793856,0.04558189743003972,-2.5537600984892332,Up,C3
XM_006712575,1.7482016687150077,5.5679977628537465,3.177326036454268,0.006112204045793856,0.04558189743003972,-2.5537600984892332,Up,C3
XM_006712577,1.7482016687150077,5.5679977628537465,3.177326036454268,0.006112204045793856,0.04558189743003972,-2.5537600984892332,Up,C3
S1PR1,1.1573254816399938,6.724219184944623,3.1731343703343384,0.0061653157947638764,0.0457829776910186,-2.56204927560235,Up,C3
GNG7,1.261326199161232,5.869893893065295,3.172565640172384,0.006172557112246321,0.0457829776910186,-2.5631738071937464,Up,C3
SOBP,1.5768906844806203,6.376197337367871,3.169721566093344,0.006208895389267966,0.046024060263498985,-2.568796748408497,Up,C3
XM_005267042,1.5768906844806203,6.376197337367871,3.169721566093344,0.006208895389267966,0.046024060263498985,-2.568796748408497,Up,C3
CD163,2.558163473487162,7.924192815576142,3.1677709067815365,0.0062339407820203255,0.04613846643541531,-2.572652808278537,Up,C3
GLYR1,1.0555917205180432,5.791940831174177,3.1636215616419334,0.0062875485602833705,0.04642907422548081,-2.5808537689050643,Up,C3
MGLL,1.0767058999492445,7.599878399657786,3.1549164194767956,0.006401499540648155,0.04698739815738136,-2.598052514234688,Up,C3
TRPM1,1.6928489246623308,4.330167384989099,3.1540123906599016,0.0064134496167610276,0.047058148739513236,-2.59983809388522,Up,C3
NR3C2,1.0356759145086816,7.596087709164952,3.1533550905696734,0.0064221520911289555,0.047058148739513236,-2.6011362901902335,Up,C3
XM_005263014,1.0356759145086816,7.596087709164952,3.1533550905696734,0.0064221520911289555,0.047058148739513236,-2.6011362901902335,Up,C3
LPAR1,1.0359580023548345,7.455748205412561,3.1497993311842376,0.00646943191823704,0.04722606596761723,-2.6081581821236433,Up,C3
EPDR1,2.2656576108769855,5.909674279118251,3.149299175618612,0.006476109843090413,0.04723171937218356,-2.6091457657071446,Up,C3
CHSY3,1.0599886363975157,4.803039950518885,3.1471971859513355,0.006504249449564653,0.04736498643460279,-2.6132959289390554,Up,C3
LRRC70,1.0165766098945674,4.637828031518274,3.1466452887194465,0.00651165775458424,0.047404552449357276,-2.6143855058970544,Up,C3
LPAR6,1.0603349716644406,9.512218075817731,3.1432117761198786,0.006557934433581994,0.047697887030257326,-2.6211632584435143,Up,C3
MT1M,1.40877645008581,8.309403965254331,3.1423422749562837,0.0065697049394081355,0.04772960056460903,-2.6228794281108305,Up,C3
EXPH5,1.2400137157433644,8.796190146364372,3.136991190793797,0.00664260336956394,0.04789907446889818,-2.6334390629258357,Up,C3
SAMSN1,1.2591635142581765,4.1247102421764446,3.1366229271374997,0.006647649524100496,0.047914980143381414,-2.634165652882665,Up,C3
PARM1,1.8353034734142133,6.000874004651428,3.1363365568317447,0.0066515761444504535,0.04792888940831576,-2.6347306545281297,Up,C3
MRC1,2.4979911874486325,6.683559321332988,3.1325020385872393,0.006704374870776777,0.0481071466811313,-2.6422950979323145,Up,C3
XM_006726512,2.4979911874486325,6.683559321332988,3.1325020385872393,0.006704374870776777,0.0481071466811313,-2.6422950979323145,Up,C3
SORBS1,1.387730323447351,7.816261606490162,3.1295972367492677,0.006744647096302713,0.048164175807144376,-2.648024263831647,Up,C3
SNORD35A,1.0357528041490998,11.992023217768411,3.1191363651127926,0.006891663626039569,0.04875146193698843,-2.6686476372329664,Up,C3
MSX1,1.4046778029809763,4.7931315704323785,3.1175223140517385,0.006914627088733204,0.048870694753761594,-2.6718284793032834,Up,C3
ITGAM,1.1089363573546809,4.746320862438623,3.112766772153727,0.006982724717315383,0.049194491878283904,-2.6811983977414453,Up,C3
MAFB,1.1932895624584852,11.100600662167434,3.109667714449583,0.0070274574534682915,0.04934845927388705,-2.687302966595429,Up,C3
SLCO2B1,1.0455908479177634,6.318853110874995,3.106343440024704,0.007075755042485048,0.04945819258497774,-2.693849799017797,Up,C3
XM_006718427,1.0455908479177634,6.318853110874995,3.106343440024704,0.007075755042485048,0.04945819258497774,-2.693849799017797,Up,C3
LOXL1,1.5811663803431912,7.5052370847548655,3.103002169683026,0.007124629167980302,0.04968197248398118,-2.700428664088265,Up,C3
ERRFI1,1.0052164549161677,10.03634518198335,3.101086272241955,0.007152803682758071,0.049782042230221556,-2.704200356716627,Up,C3
TRMT9B,1.0490712233729926,4.785458402434598,3.1010391386906226,0.007153498193985257,0.049782042230221556,-2.704293139196818,Up,C3
XM_005273584,1.0490712233729926,4.785458402434598,3.1010391386906226,0.007153498193985257,0.049782042230221556,-2.704293139196818,Up,C3
XM_005273587,1.0490712233729926,4.785458402434598,3.1010391386906226,0.007153498193985257,0.049782042230221556,-2.704293139196818,Up,C3
XM_005273592,1.0490712233729926,4.785458402434598,3.1010391386906226,0.007153498193985257,0.049782042230221556,-2.704293139196818,Up,C3
KCNJ2,1.905406178187227,7.381866570812628,3.0983248867713256,0.007193604875754347,0.049988681015592305,-2.7096356591544555,Up,C3
