Symbol,logFC,AveExpr,t,P.Value,adj.P.Val,B,status,contrast
CNTN4,-3.68621712226523,5.529208117749825,-16.088723654558585,5.203778282653245e-11,3.375705036222789e-8,15.581501087406343,Down,C1
XM_006713005,-3.68621712226523,5.529208117749825,-16.088723654558585,5.203778282653245e-11,3.375705036222789e-8,15.581501087406343,Down,C1
NLK,-2.0637017507577653,7.11856745464391,-15.619147812382188,7.99364170193355e-11,4.8719760992400006e-8,15.171708933105135,Down,C1
ST6GALNAC3,-2.268361527805756,7.252342789690249,-14.821335818725293,1.7029442200165278e-10,8.133358031634861e-8,14.444509882581658,Down,C1
XM_006710554,-2.268361527805756,7.252342789690249,-14.821335818725293,1.7029442200165278e-10,8.133358031634861e-8,14.444509882581658,Down,C1
EPB41L4B,-1.977918661254682,6.469753888782143,-14.592974696576904,2.1285317862402757e-10,9.288912715152562e-8,14.228819285386892,Down,C1
CFAP68,-1.5244245625780097,5.935343350474328,-14.466346208401953,2.4119800171732455e-10,9.802370591208299e-8,14.107712950824157,Down,C1
NSG1,-1.8377737400384984,8.55710032866909,-14.10074610434023,3.4792389284186097e-10,1.1929813251414782e-7,13.751885584072875,Down,C1
ADIRF,-1.5360584341844774,13.322851476358633,-13.190032459804732,8.99217073828675e-10,2.632074171467787e-7,12.82365716323408,Down,C1
RAPH1,-1.4328065572374973,7.371820561492576,-13.132387897427842,9.567011480393578e-10,2.7665952958121286e-7,12.762797750590957,Down,C1
DLG3,-1.3669348031649244,5.4874047705367905,-12.910642894658215,1.2168573936027114e-9,3.245223462361364e-7,12.526248206989822,Down,C1
XR_430518,-1.3669348031649244,5.4874047705367905,-12.910642894658215,1.2168573936027114e-9,3.245223462361364e-7,12.526248206989822,Down,C1
LGALSL,-2.847953163046207,8.843720155424588,-12.716644515318286,1.5061853199235513e-9,3.80541684724264e-7,12.316069885258043,Down,C1
MSX2,-2.5651771076415253,6.316578633752121,-12.501395350217708,1.914521638678316e-9,4.4797697976280036e-7,12.079262108374495,Down,C1
MRPL33,-1.5252749708552908,11.757044214060048,-12.296456428785595,2.4135100340696614e-9,5.172238199798216e-7,11.850192872699337,Down,C1
TMEM144,-1.7977636555516332,5.4301377370852535,-12.255946585270008,2.527531346112553e-9,5.229810980120129e-7,11.80449007795873,Down,C1
XM_005263112,-1.7977636555516332,5.4301377370852535,-12.255946585270008,2.527531346112553e-9,5.229810980120129e-7,11.80449007795873,Down,C1
LYPD6B,-2.145392372931001,8.95476453156019,-12.16305843651597,2.8110742481337817e-9,5.530442959320249e-7,11.699160759147214,Down,C1
XM_006712279,-2.145392372931001,8.95476453156019,-12.16305843651597,2.8110742481337817e-9,5.530442959320249e-7,11.699160759147214,Down,C1
XM_006712280,-2.145392372931001,8.95476453156019,-12.16305843651597,2.8110742481337817e-9,5.530442959320249e-7,11.699160759147214,Down,C1
DGKB,-2.67777838876135,3.822035975392229,-12.019969547298249,3.315697627408116e-9,6.169253833569736e-7,11.535437511596667,Down,C1
XR_428070,-2.67777838876135,3.822035975392229,-12.019969547298249,3.315697627408116e-9,6.169253833569736e-7,11.535437511596667,Down,C1
ANKRD18A,-1.8128594374832838,5.597549717607515,-11.845232786486138,4.065291976648437e-9,6.871488593205337e-7,11.333049278849328,Down,C1
XM_006716749,-1.8128594374832838,5.597549717607515,-11.845232786486138,4.065291976648437e-9,6.871488593205337e-7,11.333049278849328,Down,C1
GRIN2A,-3.1770248352182744,6.740530058864213,-11.83546318498367,4.112180454269078e-9,6.902136731703945e-7,11.321653090162831,Down,C1
MARVELD2,-2.2028517387774533,4.946323417827924,-11.679684666092482,4.9424423894038255e-9,7.961644444998028e-7,11.13877099002414,Down,C1
XM_005276758,-2.2028517387774533,4.946323417827924,-11.679684666092482,4.9424423894038255e-9,7.961644444998028e-7,11.13877099002414,Down,C1
MAL,-3.5175293587170824,10.627385339795454,-11.586994859358821,5.519194851275899e-9,8.546562246472525e-7,11.02890196628192,Down,C1
DCDC1,-4.098100174791222,6.989678374708372,-11.403391542669839,6.882500931339578e-9,1.0521897283695068e-6,10.808914666731338,Down,C1
SHISA9,-2.5578816509714652,6.149741009630668,-11.153759963434219,9.334676186323746e-9,1.3102391685622373e-6,10.504696763682555,Down,C1
FA2H,-2.063383166526121,9.504088944862522,-11.114556751178434,9.797120544898257e-9,1.3437170703922741e-6,10.45637593073876,Down,C1
WNT3,-2.344436461752905,7.722735751870044,-11.06114299872117,1.0466567086515033e-8,1.405530789321051e-6,10.390298403831666,Down,C1
KRT3,-4.404383534580761,5.480580836468752,-11.05614815835443,1.0531596595519904e-8,1.405530789321051e-6,10.384105072568007,Down,C1
GIPC1,-1.1049960169902082,9.187158393487021,-11.033599258592238,1.083053292672402e-8,1.4127959310175537e-6,10.356115184454863,Down,C1
ARHGAP12,-1.350190401385781,8.962479346517734,-10.772456343395294,1.5026981757237075e-8,1.8088724263311182e-6,10.028285524278024,Down,C1
ATP23,-1.7474014796137904,9.148506341297018,-10.762637084706524,1.5215001090709792e-8,1.8088724263311182e-6,10.01582541790482,Down,C1
XM_005269223,-1.7474014796137904,9.148506341297018,-10.762637084706524,1.5215001090709792e-8,1.8088724263311182e-6,10.01582541790482,Down,C1
XM_006719689,-1.7474014796137904,9.148506341297018,-10.762637084706524,1.5215001090709792e-8,1.8088724263311182e-6,10.01582541790482,Down,C1
PLEKHM1,-1.519737111522713,4.960003393815957,-10.75830346011596,1.5298771041797225e-8,1.8088724263311182e-6,10.010323178564592,Down,C1
XM_006725632,-1.519737111522713,4.960003393815957,-10.75830346011596,1.5298771041797225e-8,1.8088724263311182e-6,10.010323178564592,Down,C1
HSD17B8,-1.3599590605620993,8.909171430021022,-10.670086204106846,1.7114386221141798e-8,1.8843096242194744e-6,9.897902200069327,Down,C1
AGL,-1.5447649254259463,10.889184507561527,-10.600713018734943,1.87017750726207e-8,2.0129148219418927e-6,9.808936659484838,Down,C1
MREG,-1.6750988531947932,7.175047133585683,-10.29519756044762,2.778963643437409e-8,2.756226668172921e-6,9.41118444851764,Down,C1
FBXO3,-1.5172857660920318,4.92695712967745,-10.277125709357747,2.8456342127635577e-8,2.810737134763412e-6,9.387348322355107,Down,C1
HES5,-1.8740445351352832,10.226944227081036,-10.257305104130797,2.9207037245295795e-8,2.8730627375474987e-6,9.361165567801214,Down,C1
GDPD2,-2.5063561082352175,7.764730104737659,-10.226898674319912,3.039960669499228e-8,2.9540540886364564e-6,9.320917371935666,Down,C1
TLR6,-1.1284080896280857,4.824613994490358,-10.11849480469605,3.508757924821048e-8,3.276934152200576e-6,9.176616362049346,Down,C1
PCSK5,-1.6869479230879483,8.099487473785633,-10.100232998671679,3.5949740396967534e-8,3.3315276795676246e-06,9.15218213523685,Down,C1
RHOU,-2.7456265236492197,8.272362309671477,-10.076678207866497,3.709496648184822e-8,3.4244360980666196e-6,9.120612334696192,Down,C1
RPAIN,-1.4419321313767526,5.254593482448319,-10.073670247628902,3.7243963773757646e-8,3.4250176953936054e-6,9.116576499892696,Down,C1
C4orf19,-2.694703763394462,7.2210597255784865,-10.005847298557905,4.077688753083875e-8,3.665643649869632e-6,9.025314603135817,Down,C1
C6orf132,-1.92792274497406,8.714081955972977,-9.999585719288858,4.112044700595389e-8,3.68273495909293e-6,9.016863654975998,Down,C1
SERPINB8,-1.2861495878970253,6.4632862099189214,-9.93812263437861,4.4659699276472465e-8,3.912124459977708e-6,8.933680656596584,Down,C1
SLC12A6,-1.4252435642927619,5.835862841020331,-9.904158465050962,4.675219681419116e-8,4.080531737942605e-6,8.887535021981416,Down,C1
RNF39,-2.6314679969297767,8.678454957320833,-9.829100755171384,5.175234276276672e-8,4.286322067100949e-6,8.78510234166288,Down,C1
ATL2,-1.2810715406800801,4.10592197393576,-9.822442904329783,5.222234972478375e-8,4.286322067100949e-6,8.77598586932803,Down,C1
NR_024191,-1.2810715406800801,4.10592197393576,-9.822442904329783,5.222234972478375e-8,4.286322067100949e-6,8.77598586932803,Down,C1
XM_006712070,-1.2810715406800801,4.10592197393576,-9.822442904329783,5.222234972478375e-8,4.286322067100949e-6,8.77598586932803,Down,C1
XM_006712072,-1.2810715406800801,4.10592197393576,-9.822442904329783,5.222234972478375e-8,4.286322067100949e-6,8.77598586932803,Down,C1
XR_430154,-1.8375401959319948,10.490034171948315,-9.815997527307921,5.2681651937121075e-8,4.286322067100949e-6,8.76715560336598,Down,C1
ZNF91,-1.8375401959319948,10.490034171948315,-9.815997527307921,5.2681651937121075e-8,4.286322067100949e-6,8.76715560336598,Down,C1
ABAT,-1.4055301928079622,5.476981923048877,-9.77023331591156,5.6068015203305627e-8,4.485815003032472e-6,8.704323832499224,Down,C1
L3MBTL4,-1.1967695294399947,7.4814026825299065,-9.752619019732927,5.743198189067385e-8,4.519614522426078e-6,8.680077556775235,Down,C1
TLDC2,-1.392837322196665,4.49690677678215,-9.715538682661728,6.0419081400342e-8,4.6629543143762336e-6,8.628921559637748,Down,C1
EFHD2,-1.308661709003836,8.089723921179223,-9.582599753302262,7.254932390164688e-8,5.458711198392879e-6,8.444234785508684,Down,C1
ARSG,-1.4378780538831277,6.142150302686024,-9.53058689508161,7.797264972171222e-8,5.723872733203241e-6,8.371424545769361,Down,C1
XM_005257170,-1.4378780538831277,6.142150302686024,-9.53058689508161,7.797264972171222e-8,5.723872733203241e-6,8.371424545769361,Down,C1
XM_005257172,-1.4378780538831277,6.142150302686024,-9.53058689508161,7.797264972171222e-8,5.723872733203241e-6,8.371424545769361,Down,C1
XM_006721780,-1.4378780538831277,6.142150302686024,-9.53058689508161,7.797264972171222e-8,5.723872733203241e-6,8.371424545769361,Down,C1
MTMR1,-1.0544625325915296,4.21991710964478,-9.519526709958262,7.918009422665565e-8,5.723872733203241e-6,8.355901722933782,Down,C1
XR_247319,-1.0544625325915296,4.21991710964478,-9.519526709958262,7.918009422665565e-8,5.723872733203241e-6,8.355901722933782,Down,C1
XR_430557,-1.0544625325915296,4.21991710964478,-9.519526709958262,7.918009422665565e-8,5.723872733203241e-6,8.355901722933782,Down,C1
ZDHHC5,-1.0327711179661305,6.367981941294716,-9.509857793045542,8.025181790759016e-8,5.723872733203241e-6,8.34231994387563,Down,C1
PMVK,-1.0802863581558295,10.00435006819685,-9.497927249747075,8.159535985151652e-8,5.794236175018046e-6,8.325546384392606,Down,C1
RELL1,-1.4937720180064211,10.973300116439148,-9.48749555463986,8.278956100609948e-8,5.844456009612941e-6,8.310866596260686,Down,C1
XR_427509,-1.4937720180064211,10.973300116439148,-9.48749555463986,8.278956100609948e-8,5.844456009612941e-6,8.310866596260686,Down,C1
RHOD,-1.413384776559016,8.036493378318461,-9.46672866935567,8.522214995480085e-8,5.963562808207376e-6,8.281605245242792,Down,C1
CAPS,-1.90244047930684,7.043532704700084,-9.438292846738612,8.867607185989252e-8,6.184115010080629e-6,8.24145674651798,Down,C1
KIF13A,-1.7313486697689147,5.975428552767104,-9.435929638333556,8.896968738507697e-8,6.184115010080629e-6,8.238115898245283,Down,C1
DSC1,-2.3069513626381593,5.3484181437207,-9.429749312393282,8.974241747064449e-8,6.184115010080629e-6,8.229375744309808,Down,C1
KCNN4,-2.029062180178985,8.792247106621735,-9.41465017758287,9.166020281495036e-8,6.213322742965974e-6,8.208003956960361,Down,C1
TP53I3,-1.1544457898712608,10.122297517765587,-9.404810434141375,9.293320826284413e-8,6.213322742965974e-6,8.194062145240542,Down,C1
ARRDC1,-1.1440102604610427,7.613267778067994,-9.40216297139872,9.327889531899541e-8,6.219111237351466e-6,8.190309055253305,Down,C1
WWOX,-1.1756212668525041,8.046482191807796,-9.37910227866242,9.634798846291802e-8,6.372135248208959e-6,8.157583112573532,Down,C1
XR_243411,-1.1756212668525041,8.046482191807796,-9.37910227866242,9.634798846291802e-8,6.372135248208959e-6,8.157583112573532,Down,C1
CRYBG1,-1.8799090200371253,11.430631220631508,-9.365051024861083,9.827010928629557e-8,6.443683751499301e-6,8.137612105045616,Down,C1
WNT7B,-1.2020945424069573,7.65621752729221,-9.351728898939314,1.0012987023149879e-7,6.443683751499301e-6,8.11865599742584,Down,C1
FAM83F,-1.3751059041542302,7.5797142679016165,-9.334842653824648,1.0254068518576393e-7,6.528332959757841e-6,8.094598500550378,Down,C1
TUFT1,-1.8495741906041996,10.723924892580886,-9.310448395304697,1.0613207847956254e-7,6.681348846020117e-6,8.059785175850484,Down,C1
XM_006722679,-1.4043822669269095,4.728124156336572,-9.3091746885275235,1.0632320443437105e-7,6.681348846020117e-6,8.057965526056426,Down,C1
XM_006722680,-1.4043822669269095,4.728124156336572,-9.3091746885275235,1.0632320443437105e-7,6.681348846020117e-6,8.057965526056426,Down,C1
ZNF675,-1.4043822669269095,4.728124156336572,-9.3091746885275235,1.0632320443437105e-7,6.681348846020117e-6,8.057965526056426,Down,C1
CAMSAP3,-1.4822472088779683,6.489705411797064,-9.309089894086473,1.0633594113739208e-7,6.681348846020117e-6,8.057844379768014,Down,C1
CREG2,-3.2474029936915914,7.357275774622307,-9.280081311335271,1.1078911215491401e-7,6.924896536307933e-6,8.016349785380704,Down,C1
GDA,-3.298399517396514,7.146131221530166,-9.273122482062426,1.1188635447907745e-7,6.957244249240458e-6,8.00638089586534,Down,C1
SUCO,-1.8186584424868535,10.757548663721032,-9.264915670915734,1.1319511903750378e-7,7.00234342045919e-6,7.9946168322462725,Down,C1
XM_005245251,-1.8186584424868535,10.757548663721032,-9.264915670915734,1.1319511903750378e-7,7.00234342045919e-6,7.9946168322462725,Down,C1
COBLL1,-1.5842959742991027,3.967324509241302,-9.230182476065558,1.189155111965321e-7,7.235801738858416e-6,7.944739976978406,Down,C1
ANKRD20A1,-2.171454713842796,8.680468583779973,-9.222230573734905,1.202675479053307e-7,7.235801738858416e-6,7.933300869857382,Down,C1
ANKRD20A2P,-2.171454713842796,8.680468583779973,-9.222230573734905,1.202675479053307e-7,7.235801738858416e-6,7.933300869857382,Down,C1
ANKRD20A3P,-2.171454713842796,8.680468583779973,-9.222230573734905,1.202675479053307e-7,7.235801738858416e-6,7.933300869857382,Down,C1
ANKRD20A4P,-2.171454713842796,8.680468583779973,-9.222230573734905,1.202675479053307e-7,7.235801738858416e-6,7.933300869857382,Down,C1
ANKRD20A5P,-2.171454713842796,8.680468583779973,-9.222230573734905,1.202675479053307e-7,7.235801738858416e-6,7.933300869857382,Down,C1
ANKRD20A9P,-2.171454713842796,8.680468583779973,-9.222230573734905,1.202675479053307e-7,7.235801738858416e-6,7.933300869857382,Down,C1
XM_005272525,-2.171454713842796,8.680468583779973,-9.222230573734905,1.202675479053307e-7,7.235801738858416e-6,7.933300869857382,Down,C1
HLF,-3.0816030562165633,8.644065484423425,-9.181897556147527,1.2737933485174363e-7,7.586498250897148e-6,7.875164234040332,Down,C1
ARL5B,-2.1399951186996575,3.9584894517506046,-9.119985940295992,1.3917158978827812e-7,8.187246318868263e-6,7.785545161090335,Down,C1
DSC2,-2.130625782031916,7.30687452947275,-9.100195686744948,1.4317950364344195e-7,8.402431409412944e-6,7.756801006480497,Down,C1
SH3TC1,-1.7555778081826432,8.584595851067926,-9.063163549844461,1.5100965305250907e-7,8.816621374139671e-6,7.702887169802457,Down,C1
FAM169A,-2.8898060131029606,7.8706939271009055,-9.057852017982045,1.52169230721082e-7,8.816621374139671e-6,7.695140701196214,Down,C1
URB1-AS1,-1.2516220039410557,6.964957733570133,-9.0549410887495565,1.5280870309316318e-7,8.816621374139671e-6,7.690893882217823,Down,C1
CACNA1D,-3.067033056323166,6.413963634975179,-8.999971904902312,1.6543130788027772e-7,9.299021666844089e-6,7.610505221864248,Down,C1
BCO2,-1.6260302586360833,7.150517713768372,-8.983542182584966,1.694139051982534e-7,9.456447796670879e-6,7.586406587028614,Down,C1
RNF38,-1.4830439676808105,5.4354158626156055,-8.953751491955508,1.7689514652729124e-7,9.80562888440657e-6,7.542626521606124,Down,C1
XM_005251364,-1.4830439676808105,5.4354158626156055,-8.953751491955508,1.7689514652729124e-7,9.80562888440657e-6,7.542626521606124,Down,C1
RNF152,-1.7774697555250287,3.5530136931408327,-8.93373409830607,1.8211704635071386e-7,1.0071827987349848e-5,7.513148265601554,Down,C1
BRI3BP,-1.105308929461966,8.859642758173667,-8.81272901879249,2.1734541851828133e-7,1.1696692231560064e-5,7.333904037409459,Down,C1
KCNG3,-2.4166090623123324,5.5294390769508635,-8.756882964350158,2.3596185048459384e-7,1.2232303100067434e-5,7.2505691063461395,Down,C1
RASGRF1,-2.652391412563593,5.322065403388901,-8.736654823377627,2.431130946639896e-7,1.2468377132745893e-5,7.220288456742676,Down,C1
XM_005254578,-2.652391412563593,5.322065403388901,-8.736654823377627,2.431130946639896e-7,1.2468377132745893e-5,7.220288456742676,Down,C1
DENND2D,-1.5227495943622849,6.428770062487223,-8.696337371682974,2.580561152757549e-7,1.3023153089808963e-5,7.15978264391773,Down,C1
XM_006710922,-1.5227495943622849,6.428770062487223,-8.696337371682974,2.580561152757549e-7,1.3023153089808963e-5,7.15978264391773,Down,C1
XM_006710923,-1.5227495943622849,6.428770062487223,-8.696337371682974,2.580561152757549e-7,1.3023153089808963e-5,7.15978264391773,Down,C1
SH3D21,-1.7057102656296728,6.356769611311654,-8.69294663599866,2.5935618602319324e-7,1.3023153089808963e-5,7.154684781302095,Down,C1
XM_005271204,-1.7057102656296728,6.356769611311654,-8.69294663599866,2.5935618602319324e-7,1.3023153089808963e-5,7.154684781302095,Down,C1
XM_005271205,-1.7057102656296728,6.356769611311654,-8.69294663599866,2.5935618602319324e-7,1.3023153089808963e-5,7.154684781302095,Down,C1
PGGT1B,-1.1757774179488596,5.800312092126687,-8.623151250360282,2.8770703362573e-7,1.4007189089421443e-5,7.049429165912942,Down,C1
TMEM19,-1.3311321619287977,9.530700611701274,-8.60172777447866,2.970499492052194e-7,1.4158629477487307e-5,7.016998325386016,Down,C1
ARHGEF4,-1.4534232250209218,8.386045024694598,-8.599822147578013,2.9789633722735983e-7,1.4158629477487307e-5,7.014110784015504,Down,C1
XM_005263683,-1.4534232250209218,8.386045024694598,-8.599822147578013,2.9789633722735983e-7,1.4158629477487307e-5,7.014110784015504,Down,C1
XM_005263689,-1.4534232250209218,8.386045024694598,-8.599822147578013,2.9789633722735983e-7,1.4158629477487307e-5,7.014110784015504,Down,C1
UBXN10,-1.5498257829341142,5.707442429092408,-8.59466672420867,3.0019888074728313e-7,1.4239868647621125e-5,7.006296621280917,Down,C1
PAPLN,-1.5528286248249152,9.370962645409849,-8.588636630842773,3.0291587253499096e-7,1.4340407835473082e-5,6.997152445543559,Down,C1
RABL3,-1.5690916367773893,6.572119992929639,-8.573685652836904,3.0976464921693135e-7,1.4578374726479974e-5,6.974460598959423,Down,C1
MAP2K4,-1.2611103190562325,7.051754744224035,-8.554731659792845,3.1868228571754186e-07,1.4939476995688359e-5,6.945652501902808,Down,C1
MICAL2,-1.8222173699460908,5.528257173768637,-8.553419855740744,3.193093924476352e-7,1.4939695979587017e-5,6.943657011878923,Down,C1
SYNE2,-1.7020079957629282,6.7683713237561465,-8.476434036369271,3.5848622596393376e-7,1.6675167433306855e-5,6.826164732391547,Down,C1
C9orf43,-1.2094557916228323,4.932298272767716,-8.474938911965978,3.5929536452884154e-7,1.668047841280707e-5,6.823875468410989,Down,C1
SPRYD4,-1.0943634937194533,6.134358454313021,-8.463317712151945,3.656504975915441e-7,1.6910102588039e-5,6.806071902890846,Down,C1
PRR15,-1.4958206569552068,6.100187188621855,-8.441129891547218,3.781148968052229e-7,1.7352798763133767e-5,6.772032432039282,Down,C1
XM_005249653,-1.4958206569552068,6.100187188621855,-8.441129891547218,3.781148968052229e-7,1.7352798763133767e-5,6.772032432039282,Down,C1
ANO4,-3.8003764899068315,6.128839269774824,-8.397486031459941,4.0395574463554247e-7,1.8156827308506163e-5,6.704892116703034,Down,C1
ASPH,-1.3856209094797531,7.517079410384354,-8.372990628123716,4.1926740980733563e-7,1.867023445305319e-5,6.667101989219411,Down,C1
XM_006716448,-1.3856209094797531,7.517079410384354,-8.372990628123716,4.1926740980733563e-7,1.867023445305319e-5,6.667101989219411,Down,C1
XM_006716449,-1.3856209094797531,7.517079410384354,-8.372990628123716,4.1926740980733563e-7,1.867023445305319e-5,6.667101989219411,Down,C1
SCIN,-2.7064651436757607,7.309195069183716,-8.360885026700101,4.270587749708263e-7,1.8670791833970445e-5,6.6483976329570655,Down,C1
SYK,-1.2372908863281236,7.5174661301328385,-8.345553898270094,4.371454012908007e-7,1.9077025312330544e-5,6.624682405771271,Down,C1
EVPL,-1.2848162155074583,8.166298801432173,-8.315792566043413,4.5744826688489163e-7,1.967609363771841e-5,6.578558929123616,Down,C1
ESRRG,-1.5687407504955218,7.6807875338615315,-8.314644842379586,4.5825082674296277e-7,1.967609363771841e-5,6.576777918524979,Down,C1
XM_006711203,-1.5687407504955218,7.6807875338615315,-8.314644842379586,4.5825082674296277e-7,1.967609363771841e-5,6.576777918524979,Down,C1
SEMA4D,-1.360268464424256,7.2652516451468125,-8.303795263814138,4.659111252929713e-7,1.9832335164417225e-5,6.559933374506102,Down,C1
XM_006716929,-1.360268464424256,7.2652516451468125,-8.303795263814138,4.659111252929713e-7,1.9832335164417225e-5,6.559933374506102,Down,C1
XM_006716931,-1.360268464424256,7.2652516451468125,-8.303795263814138,4.659111252929713e-7,1.9832335164417225e-5,6.559933374506102,Down,C1
RFK,-1.3330644576679855,8.93426603970229,-8.288381300635898,4.770265399480319e-7,2.0193282207817744e-5,6.535976166283145,Down,C1
L2HGDH,-1.0398870996247034,5.779496950357269,-8.276722678075432,4.856190188394133e-7,2.044882050909403e-5,6.51783524917523,Down,C1
XM_005268077,-1.0398870996247034,5.779496950357269,-8.276722678075432,4.856190188394133e-7,2.044882050909403e-5,6.51783524917523,Down,C1
DAPL1,-2.8449723057019902,11.294976565189872,-8.25799414634933,4.997646046678881e-7,2.0861478332588957e-5,6.488656554610104,Down,C1
EML2,-1.0755775319143002,8.93250580065804,-8.255030937947426,5.020421243438373e-7,2.088390826429945e-5,6.484035756896345,Down,C1
NR_034098,-1.0755775319143002,8.93250580065804,-8.255030937947426,5.020421243438373e-7,2.088390826429945e-5,6.484035756896345,Down,C1
DOCK3,-1.1647483048784268,5.387307429584983,-8.232181965991327,5.19974730470352e-7,2.1444043781356338e-5,6.448366937616688,Down,C1
SHMT1,-1.5250414914053678,7.294809420710572,-8.217211345089492,5.320885195835459e-7,2.186847371069224e-5,6.42495990242865,Down,C1
PPFIBP1,-1.1283190079140266,4.625934316324408,-8.210215683424464,5.37850626827885e-7,2.202984768792303e-5,6.414011948708646,Down,C1
XM_006719160,-1.1283190079140266,4.625934316324408,-8.210215683424464,5.37850626827885e-7,2.202984768792303e-5,6.414011948708646,Down,C1
TOM1L1,-1.932642045659417,9.121919690963542,-8.189889224882318,5.549683130828113e-7,2.2462646628353516e-5,6.382165544005504,Down,C1
PRPSAP1,-1.0775689167212885,10.115082952513704,-8.18721196636991,5.572652791197712e-7,2.2517645167395197e-5,6.377966936658931,Down,C1
EPB41L4A,-1.836171873274112,4.068827133549038,-8.145873333424365,5.940295884859142e-7,2.3763163638064852e-5,6.3130186393745245,Down,C1
FOXN1,-1.1810560565336985,7.075509848105039,-8.135201504309213,6.039288558703969e-7,2.404249184463019e-5,6.2962154632960505,Down,C1
XM_005258046,-1.1810560565336985,7.075509848105039,-8.135201504309213,6.039288558703969e-7,2.404249184463019e-5,6.2962154632960505,Down,C1
TMTC3,-1.3385260327265769,7.3144479181541575,-8.129643386637476,6.091531643219337e-7,2.4205863086454908e-5,6.287458089949791,Down,C1
NR_026799,-2.548988860556001,8.500312377263526,-8.075206081547899,6.629057346145388e-7,2.533608828378688e-5,6.201471974302429,Down,C1
SH3GL3,-2.548988860556001,8.500312377263526,-8.075206081547899,6.629057346145388e-7,2.533608828378688e-5,6.201471974302429,Down,C1
XM_006720640,-2.548988860556001,8.500312377263526,-8.075206081547899,6.629057346145388e-7,2.533608828378688e-5,6.201471974302429,Down,C1
C2CD2L,-1.4361019231123286,5.975504873504158,-8.069603159849487,6.687145455449743e-7,2.551746664891967e-5,6.192599765778814,Down,C1
ARHGEF3,-1.7146578492476099,10.56549416379551,-8.041516884862961,6.986502020469275e-7,2.6324964127991135e-5,6.1480628077201604,Down,C1
XM_005265188,-1.7146578492476099,10.56549416379551,-8.041516884862961,6.986502020469275e-7,2.6324964127991135e-5,6.1480628077201604,Down,C1
PAQR5,-2.5430479297041186,6.692558777816876,-8.03109548015381,7.101133167907811e-7,2.667314527325873e-5,6.131510874146816,Down,C1
MPZL3,-1.668998689118303,8.587014125269604,-8.029832535320201,7.115158761166408e-7,2.668406884148689e-5,6.129504009670287,Down,C1
CLEC7A,-1.8513315469172618,10.064600612712388,-8.025175637530223,7.167127953671319e-7,2.6753562230796116e-5,6.122102209188883,Down,C1
XM_005253468,-1.8513315469172618,10.064600612712388,-8.025175637530223,7.167127953671319e-7,2.6753562230796116e-5,6.122102209188883,Down,C1
XM_006719136,-1.8513315469172618,10.064600612712388,-8.025175637530223,7.167127953671319e-7,2.6753562230796116e-5,6.122102209188883,Down,C1
GPM6A,-2.9914769318118077,8.243642736035707,-8.008690012071446,7.354330659170426e-7,2.7198558471711645e-5,6.095876439154848,Down,C1
CLC,-3.0128534903757593,6.253861846460824,-8.00462619805714,7.401262360927809e-7,2.7288033669276386e-5,6.089406086079052,Down,C1
XM_005258501,-3.0128534903757593,6.253861846460824,-8.00462619805714,7.401262360927809e-7,2.7288033669276386e-5,6.089406086079052,Down,C1
TKT,-2.291039882551228,7.355162549500785,-7.950840628486175,8.052946694474888e-7,2.9109461831443716e-5,6.003562974719687,Down,C1
MSI2,-1.9972729992570777,7.2637431194832764,-7.900794270287264,8.713606358823471e-7,3.0892759205979464e-5,5.9233421338859,Down,C1
XM_005257014,-1.9972729992570777,7.2637431194832764,-7.900794270287264,8.713606358823471e-7,3.0892759205979464e-5,5.9233421338859,Down,C1
XM_005257018,-1.9972729992570777,7.2637431194832764,-7.900794270287264,8.713606358823471e-7,3.0892759205979464e-5,5.9233421338859,Down,C1
ZNF83,-1.623617179769579,5.815834569463939,-7.8970977469965655,8.764610999204211e-7,3.098206085462437e-5,5.91740361764092,Down,C1
RBKS,-1.0837897119197324,7.072031993998557,-7.881873885503418,8.977999358568007e-7,3.1643163084339105e-5,5.892927036112466,Down,C1
UPK1B,-2.3909184778204136,10.823643781749105,-7.872343643979787,9.114354176583922e-7,3.198285510911803e-5,5.877588763897439,Down,C1
BHLHE41,-1.708066664347335,10.171576803850385,-7.868491855758747,9.170079810356834e-7,3.213142417637733e-5,5.871386127426888,Down,C1
FZD3,-1.218532154375298,5.290641628087072,-7.860261317954074,9.290357930383143e-7,3.2458103500008185e-5,5.858125621892823,Down,C1
POF1B,-2.7504444210396084,5.527080079268289,-7.856752002325686,9.342144750152406e-7,3.259159277516832e-5,5.852468884355931,Down,C1
RCBTB2,-1.1432915861385915,10.208290936817976,-7.78436499339871,1.0480816176128577e-6,3.5783861999920065e-5,5.735418432139168,Down,C1
XM_006719758,-1.1432915861385915,10.208290936817976,-7.78436499339871,1.0480816176128577e-6,3.5783861999920065e-5,5.735418432139168,Down,C1
BNC2,-1.6543766598889498,5.651602529152321,-7.782569046177878,1.0510854659784343e-6,3.583544510570225e-5,5.732505421285891,Down,C1
ANO2,-1.6596039623119365,5.004822233561277,-7.757087030504569,1.0946940096300357e-6,3.690287306059005e-5,5.691127028354547,Down,C1
XM_006718991,-1.6596039623119365,5.004822233561277,-7.757087030504569,1.0946940096300357e-6,3.690287306059005e-5,5.691127028354547,Down,C1
PKP1,-1.5464395755906866,6.237077904267886,-7.747994075077552,1.1107117086357725e-6,3.712994767503595e-5,5.676340462612028,Down,C1
NR_120437,-1.3432562928316614,5.379421704678375,-7.736461299857876,1.1313820914353714e-6,3.771587910921081e-5,5.657570330884603,Down,C1
OR7E47P,-1.3432562928316614,5.379421704678375,-7.736461299857876,1.1313820914353714e-6,3.771587910921081e-5,5.657570330884603,Down,C1
TSPAN1,-1.7469120910331615,10.221811721232715,-7.734077229733421,1.1357052603043896e-6,3.780748634927318e-5,5.653687907050228,Down,C1
BRD7,-1.1115981103055308,6.214277317955401,-7.730052075671974,1.1430437131078484e-6,3.7999079227167e-5,5.64713126082499,Down,C1
MOB1A,-1.4538605581490405,8.461747742158893,-7.7253519329171025,1.1516758339768024e-6,3.8175993983083734e-5,5.639472345319945,Down,C1
NRG4,-2.1210159313550907,3.181608450367311,-7.676661820337722,1.2452337079496255e-6,4.015325149406576e-5,5.559955801047236,Down,C1
MBNL3,-1.6086085742862153,4.840468501710085,-7.673885916602501,1.2508024733554166e-6,4.015325149406576e-5,5.555412766561364,Down,C1
XM_005262436,-1.6086085742862153,4.840468501710085,-7.673885916602501,1.2508024733554166e-6,4.015325149406576e-5,5.555412766561364,Down,C1
XM_005262437,-1.6086085742862153,4.840468501710085,-7.673885916602501,1.2508024733554166e-6,4.015325149406576e-5,5.555412766561364,Down,C1
XM_005262440,-1.6086085742862153,4.840468501710085,-7.673885916602501,1.2508024733554166e-6,4.015325149406576e-5,5.555412766561364,Down,C1
XM_005262441,-1.6086085742862153,4.840468501710085,-7.673885916602501,1.2508024733554166e-6,4.015325149406576e-5,5.555412766561364,Down,C1
CHST2,-1.5264061405105283,6.955228759767332,-7.671673378492426,1.2552597888723748e-6,4.0225294329125154e-5,5.551790986840782,Down,C1
MKRN1,-1.0905858617119488,8.808302365406531,-7.6694513909043405,1.2597529271038177e-6,4.0315453008461116e-5,5.548153071536028,Down,C1
COPS8,-1.1258412546898082,9.322106498086042,-7.654149073757391,1.2911583161823118e-6,4.121061423538278e-5,5.52308141544507,Down,C1
IGFBPL1,-2.0296559921782418,5.878512504495177,-7.622319954723827,1.3591442554088494e-6,4.297027897915377e-5,5.47083013246189,Down,C1
TRERF1,-1.185753110844547,6.203903861762595,-7.598991238531685,1.4113540521234577e-6,4.4281463998780694e-5,5.432445878436125,Down,C1
C21orf91,-1.0775912972647488,7.22531352620635,-7.59410939705367,1.4225435713552396e-6,4.457426997345752e-5,5.424404103020226,Down,C1
HRK,-2.1955859919601703,6.681839741122293,-7.585275822182144,1.4430280563030213e-6,4.494867228369535e-5,5.409844459992112,Down,C1
ALAD,-1.0450479110304673,5.462199737739711,-7.569407022004512,1.4806081923593983e-6,4.5560971580782405e-5,5.383662556671959,Down,C1
VSIR,-1.0217489177610055,8.770317994812059,-7.554884471655814,1.5159006906381135e-6,4.6468261017491695e-5,5.359671759772057,Down,C1
TMEM102,-1.09681455979766,6.337187169605152,-7.513776417158394,1.620669790085202e-6,4.8934014797794395e-5,5.2916065473251805,Down,C1
SEC16B,-2.2799317431928383,6.721678547003588,-7.5118616105353855,1.6257313976715032e-6,4.8959604776551345e-5,5.2884304553099675,Down,C1
KIF21A,-2.2792947749657984,7.8174144847183085,-7.507707189854282,1.6367703268788146e-6,4.9064975117799213e-5,5.2815377896651405,Down,C1
XR_429108,-2.2792947749657984,7.8174144847183085,-7.507707189854282,1.6367703268788146e-6,4.9064975117799213e-5,5.2815377896651405,Down,C1
PALS2,-1.2909643315487997,6.569046680868957,-7.5074684447167686,1.6374070939653848e-6,4.9064975117799213e-5,5.2811416121116626,Down,C1
XM_006715741,-1.2909643315487997,6.569046680868957,-7.5074684447167686,1.6374070939653848e-6,4.9064975117799213e-5,5.2811416121116626,Down,C1
TCAF2,-1.6875930759387536,5.331563569963406,-7.4979523881516625,1.6630005897209126e-6,4.9406984518504774e-5,5.265344167475515,Down,C1
TCAF2P1,-1.6875930759387536,5.331563569963406,-7.4979523881516625,1.6630005897209126e-6,4.9406984518504774e-5,5.265344167475515,Down,C1
XM_006715927,-1.6875930759387536,5.331563569963406,-7.4979523881516625,1.6630005897209126e-6,4.9406984518504774e-5,5.265344167475515,Down,C1
SYNPR,-2.4758292638695547,7.0077154425651935,-7.497867831952416,1.663229876299969e-6,4.9406984518504774e-5,5.265203741652048,Down,C1
KMT5A,-1.0212519988718203,6.226530307055446,-7.491102779936163,1.6816822202846312e-6,4.977032879318338e-5,5.253965583021502,Down,C1
XM_006719394,-1.0212519988718203,6.226530307055446,-7.491102779936163,1.6816822202846312e-6,4.977032879318338e-5,5.253965583021502,Down,C1
NEBL,-1.815226223326163,6.139593520993555,-7.48648949726507,1.694388480107389e-6,4.99202596896671e-5,5.246298370056028,Down,C1
INPP5F,-1.122588184130219,5.550103885877132,-7.477269722874523,1.720085031890667e-6,5.059495212676445e-5,5.230966503020639,Down,C1
TRIM7,-1.1841737032627346,6.714833260922082,-7.468047910007139,1.7461965407807097e-6,5.111245045343731e-5,5.215619603886935,Down,C1
PTCH1,-1.4306706050700981,4.67730168264685,-7.459919385710564,1.7695572396838618e-6,5.173314600108654e-5,5.20208249161438,Down,C1
GALNT18,-1.5104828740490035,9.023576334312411,-7.454902588755523,1.7841385047419764e-6,5.196952960050597e-5,5.1937230812361665,Down,C1
CLU,-2.5098878785766914,5.07702644650915,-7.443732477676562,1.8170588937211857e-6,5.2545840442284214e-05,5.175098106972936,Down,C1
XM_006716284,-2.5098878785766914,5.07702644650915,-7.443732477676562,1.8170588937211857e-6,5.2545840442284214e-05,5.175098106972936,Down,C1
ZNRF2,-1.003114545503931,6.45408195995703,-7.423357865615441,1.8787583278594922e-6,5.413440262338959e-5,5.141081527169295,Down,C1
OR7E37P,-1.2753105471680142,7.666266093614967,-7.413378513963968,1.909776328958491e-6,5.489634903911581e-5,5.1243996414090365,Down,C1
FOXN3,-1.2297409251398648,4.372176972478904,-7.393843877164575,1.9720592160190523e-6,5.6416406797245876e-5,5.091705159963327,Down,C1
TMOD3,-1.2660865728314095,6.603045826266154,-7.355986172621892,2.0989041258563875e-6,5.898649389788055e-5,5.028194585840259,Down,C1
AMPD3,-1.8622614059070628,9.420731586510701,-7.338877458711763,2.1590081262880374e-6,6.025641051995986e-5,4.999428062864794,Down,C1
KDM7A,-1.030570119106355,6.480986501445861,-7.336644455037472,2.166984936567953e-6,6.033871513631556e-5,4.995670524415926,Down,C1
AREG,-2.529397010789836,5.862197919332067,-7.328596813310918,2.1959902969270384e-6,6.1004813781068025e-5,4.982122828879179,Down,C1
ANKRD46,-1.172755870107391,9.229642117981921,-7.311444412541275,2.2591778263252498e-6,6.204208945933484e-5,4.953218051173163,Down,C1
RAP2B,-1.013704818437061,10.998481197389491,-7.307512794312602,2.27392822322935e-6,6.209195132417619e-5,4.9465868742342955,Down,C1
SCD5,-1.4218365215047566,10.510387895235977,-7.303655919282237,2.2884963330034274e-6,6.241873748266848e-5,4.940079688972217,Down,C1
LRP11,-1.02934031574625,11.027640970573126,-7.282471604631331,2.370276900241799e-6,6.413910502773807e-5,4.904301641032104,Down,C1
XM_006715584,-1.02934031574625,11.027640970573126,-7.282471604631331,2.370276900241799e-6,6.413910502773807e-5,4.904301641032104,Down,C1
PAFAH1B2,-1.0047081251723835,5.7680101952748215,-7.280582394885198,2.3777173592187303e-6,6.426158047442498e-5,4.901107957891664,Down,C1
SYNE4,-1.5277575280493423,7.2932750492691545,-7.25194167228327,2.493564591540957e-6,6.62063465997412e-5,4.85263080310461,Down,C1
XM_005258599,-1.5277575280493423,7.2932750492691545,-7.25194167228327,2.493564591540957e-6,6.62063465997412e-5,4.85263080310461,Down,C1
XM_005258600,-1.5277575280493423,7.2932750492691545,-7.25194167228327,2.493564591540957e-6,6.62063465997412e-5,4.85263080310461,Down,C1
CAMK2N1,-3.0147882091572047,8.202209536027407,-7.250042789082102,2.5014514782066422e-6,6.634236285073571e-5,4.849412754304861,Down,C1
CBLC,-1.1810645824583625,7.284386438274357,-7.24413895341352,2.52614011579649e-6,6.692319542974321e-5,4.839404303293092,Down,C1
C6orf52,-1.496852167643966,6.2228725503265006,-7.241780912257906,2.5360722150564787e-6,6.696458229459362e-5,4.835405497369468,Down,C1
NR_026736,-1.496852167643966,6.2228725503265006,-7.241780912257906,2.5360722150564787e-6,6.696458229459362e-5,4.835405497369468,Down,C1
XM_006715088,-1.496852167643966,6.2228725503265006,-7.241780912257906,2.5360722150564787e-6,6.696458229459362e-5,4.835405497369468,Down,C1
FAM234B,-1.0251208924359414,6.834326308075089,-7.238570886776533,2.5496587093046845e-6,6.724934982497916e-5,4.829960645907233,Down,C1
SLC24A3,-2.1160303916810115,6.774973490498376,-7.222397399229018,2.619283246043247e-6,6.863322758900656e-5,4.802505457223299,Down,C1
PPP1R36,-1.7938281218521137,7.038412862418912,-7.21950160001411,2.631958128816381e-6,6.88150969584431e-5,4.79758589272015,Down,C1
GPR39,-1.8481864724847101,6.696719386835235,-7.217033905810079,2.6428099240712998e-6,6.90236385174748e-5,4.7933927036421515,Down,C1
TMEM100,-1.587862674534005,9.290134030053556,-7.212360001148959,2.663492333346576e-6,6.933746527655587e-5,4.785448336857195,Down,C1
FHOD3,-2.0107793447857087,8.58801210797123,-7.204121928027884,2.7003604810790266e-6,7.014507821088615e-5,4.771438488441827,Down,C1
BTBD16,-1.7365070991991924,5.408809045394831,-7.199113011030561,2.723038152012975e-6,7.06576883509356e-5,4.762915619047989,Down,C1
GLE1,-1.1418429635280498,5.180190318474834,-7.179806625654334,2.8123311857173227e-6,7.232127420004173e-5,4.7300325240141134,Down,C1
XM_006717058,-1.1418429635280498,5.180190318474834,-7.179806625654334,2.8123311857173227e-6,7.232127420004173e-5,4.7300325240141134,Down,C1
GOLGA2P5,-1.0316274542034858,5.6807055087274385,-7.17761060530202,2.8226804975316686e-6,7.232127420004173e-5,4.726288937782956,Down,C1
GRAMD1B,-1.1157719065851772,7.465262817126237,-7.176203233454396,2.8293340752370297e-6,7.232127420004173e-5,4.723889420046655,Down,C1
XM_005271621,-1.1157719065851772,7.465262817126237,-7.176203233454396,2.8293340752370297e-6,7.232127420004173e-5,4.723889420046655,Down,C1
XM_005271624,-1.1157719065851772,7.465262817126237,-7.176203233454396,2.8293340752370297e-6,7.232127420004173e-5,4.723889420046655,Down,C1
XM_006718887,-1.1157719065851772,7.465262817126237,-7.176203233454396,2.8293340752370297e-6,7.232127420004173e-5,4.723889420046655,Down,C1
CERS6,-1.1944852654257607,6.854867819827789,-7.17450745564955,2.837372974015478e-6,7.24496022577867e-5,4.720997815897531,Down,C1
KICS2,-1.3308181870878588,6.425452509363072,-7.170850692202213,2.85478955142851e-6,7.273955288045338e-5,4.714761024021595,Down,C1
IL20RA,-2.45096478949279,9.489627052204257,-7.169065149635285,2.8633344691391893e-6,7.280589378757862e-5,4.711715018714472,Down,C1
ARHGAP27,-1.629766108139174,6.402985056101886,-7.149747563172992,2.9575129582981237e-6,7.403880250346667e-5,4.678732356832292,Down,C1
XM_005275641,-1.629766108139174,6.402985056101886,-7.149747563172992,2.9575129582981237e-6,7.403880250346667e-5,4.678732356832292,Down,C1
CRACDL,-1.3487711967548641,9.778231695927733,-7.145425800329316,2.9790235654380304e-6,7.440429096528991e-5,4.671346334015954,Down,C1
XM_005263925,-1.3487711967548641,9.778231695927733,-7.145425800329316,2.9790235654380304e-6,7.440429096528991e-5,4.671346334015954,Down,C1
TTC29,-1.7494710954073427,4.31285684419191,-7.136524957284108,3.0238435377824387e-6,7.497664671801286e-5,4.656126359082926,Down,C1
XR_427552,-1.7494710954073427,4.31285684419191,-7.136524957284108,3.0238435377824387e-6,7.497664671801286e-5,4.656126359082926,Down,C1
ESRP2,-1.4738719517845844,9.214216832652776,-7.127717719226782,3.0688879225014033e-06,7.578132501633608e-5,4.641055620036127,Down,C1
XM_006721274,-1.4738719517845844,9.214216832652776,-7.127717719226782,3.0688879225014033e-06,7.578132501633608e-5,4.641055620036127,Down,C1
XM_005258230,-1.2005199223291019,9.22429140520911,-7.12102385946177,3.10359334360331e-6,7.57828510511265e-5,4.6295940414067385,Down,C1
ZBTB7C,-1.2005199223291019,9.22429140520911,-7.12102385946177,3.10359334360331e-6,7.57828510511265e-5,4.6295940414067385,Down,C1
SDE2,-1.0335819455678035,6.0358939398665745,-7.117609822940998,3.1214520579707143e-6,7.57828510511265e-5,4.623745952633705,Down,C1
XR_247021,-1.0335819455678035,6.0358939398665745,-7.117609822940998,3.1214520579707143e-6,7.57828510511265e-5,4.623745952633705,Down,C1
DYRK1A,-1.0092539637158255,5.134432929817408,-7.0749802646745295,3.353733946226941e-6,8.080803082379205e-5,4.550587119678953,Down,C1
ITIH4,-1.213729299695971,6.193085931753277,-7.07171682901279,3.372246352003967e-6,8.110286266613148e-5,4.544976157569938,Down,C1
TGFA,-1.5094203363805372,5.770218147877647,-7.068232878560255,3.3921278211764155e-6,8.117432897694549e-5,4.538984420779787,Down,C1
AGR2,-2.68037157017611,10.805736219168386,-7.061163799226107,3.432846299208801e-6,8.2066909236663e-5,4.526821752339247,Down,C1
GJB3,-1.1477183822502663,9.618833122737145,-7.057322894920195,3.4551845269389152e-6,8.235485503037521e-5,4.520210389993522,Down,C1
DQX1,-1.2534740823344555,5.362767057573014,-7.053276981511461,3.4788797567539886e-6,8.28373729381044e-5,4.513243925509109,Down,C1
ANXA8,-1.2344980450449814,12.084336079357664,-7.042457970934714,3.5430818680197404e-6,8.378428669577321e-5,4.494604002844447,Down,C1
ANXA8L1,-1.2344980450449814,12.084336079357664,-7.042457970934714,3.5430818680197404e-6,8.378428669577321e-5,4.494604002844447,Down,C1
SLC47A2,-2.846194664724938,6.665478037677801,-7.006715258931834,3.764151389294997e-6,8.780093454408019e-5,4.432907576226059,Down,C1
XM_006721456,-2.846194664724938,6.665478037677801,-7.006715258931834,3.764151389294997e-6,8.780093454408019e-5,4.432907576226059,Down,C1
XR_243543,-2.846194664724938,6.665478037677801,-7.006715258931834,3.764151389294997e-6,8.780093454408019e-5,4.432907576226059,Down,C1
XR_429809,-2.846194664724938,6.665478037677801,-7.006715258931834,3.764151389294997e-6,8.780093454408019e-5,4.432907576226059,Down,C1
HOOK1,-1.9962684442095693,8.070640637743706,-6.997853588809122,3.821164278347437e-6,8.879679604233805e-5,4.417583700903952,Down,C1
BTF3L4,-1.0242983105047658,6.155758209930478,-6.996915429171671,3.827252767780745e-6,8.879679604233805e-5,4.415960765909423,Down,C1
RAB3IP,-1.257359633330024,5.348295102457266,-6.9966399137681465,3.829042742430626e-6,8.879679604233805e-5,4.415484124815375,Down,C1
XM_006719228,-1.257359633330024,5.348295102457266,-6.9966399137681465,3.829042742430626e-6,8.879679604233805e-5,4.415484124815375,Down,C1
TCERG1L,-2.963021257344929,6.9516286333174016,-6.97214799078831,3.991717241815569e-6,9.168344233306918e-5,4.373070897740353,Down,C1
NIPAL1,-1.4198695795473633,5.23115527537502,-6.968310977683606,4.017850908691209e-6,9.201952052519693e-5,4.366418681662562,Down,C1
TSGA10,-1.1485871261733624,5.2758884818316,-6.961410656778203,4.06530021882836e-6,9.292889128792219e-5,4.354450457294115,Down,C1
PMS2P1,-1.2404898799326523,5.909718963149258,-6.942676796920992,4.197102891364052e-6,9.557766944831117e-5,4.321924149415096,Down,C1
COL17A1,-1.2045837005252285,9.837859558481606,-6.93901720104823,4.223368163384293e-6,9.608462811142161e-5,4.315564533861215,Down,C1
KAT2B,-1.4613600274128054,9.991151561064644,-6.903649659253494,4.486249041899175e-6,1.0055004017512853e-4,4.254006880581416,Down,C1
XR_245162,-1.4613600274128054,9.991151561064644,-6.903649659253494,4.486249041899175e-6,1.0055004017512853e-4,4.254006880581416,Down,C1
SLC20A1,-1.879141531877357,11.036545644200805,-6.901894322160632,4.499734092555531e-6,1.0065481611325056e-4,4.250947150368276,Down,C1
XM_006712712,-1.879141531877357,11.036545644200805,-6.901894322160632,4.499734092555531e-6,1.0065481611325056e-4,4.250947150368276,Down,C1
MAPK13,-1.3342501933395354,8.235278611156138,-6.900238388921356,4.5124943749263615e-6,1.0075245580184421e-4,4.248060297176302,Down,C1
FIBCD1,-2.196734385786571,5.1255148398354695,-6.882365839795277,4.652651124239106e-6,1.0282958773847792e-4,4.216878039896111,Down,C1
FDXACB1,-1.3588597196855412,6.131772008490719,-6.8775623301783995,4.691091674733428e-6,1.0348858674352182e-4,4.208489753278858,Down,C1
PPP1R14C,-1.472590741253926,10.12307795903798,-6.865468541277517,4.789352162937205e-6,1.0450366419528982e-4,4.187356320977965,Down,C1
XM_005267152,-1.472590741253926,10.12307795903798,-6.865468541277517,4.789352162937205e-6,1.0450366419528982e-4,4.187356320977965,Down,C1
PTPRD,-1.8764276103700261,7.4431127794044185,-6.860541347875487,4.830000165253488e-6,1.0519933209293486e-4,4.1787403885562355,Down,C1
XM_006716813,-1.8764276103700261,7.4431127794044185,-6.860541347875487,4.830000165253488e-6,1.0519933209293486e-4,4.1787403885562355,Down,C1
KRT27,-2.313838434201746,6.252710880610898,-6.857539724054254,4.854939507909978e-6,1.0546432159431542e-4,4.173489941232733,Down,C1
CPAMD8,-1.8821020559106447,9.124566241092872,-6.856249606800549,4.86569995854587e-6,1.0559360796113741e-4,4.171232878840458,Down,C1
KLHL26,-1.1139271893552616,6.358940501790813,-6.854351085838929,4.881580303807727e-6,1.0574479145349997e-4,4.167910990717942,Down,C1
XM_006722785,-1.1139271893552616,6.358940501790813,-6.854351085838929,4.881580303807727e-6,1.0574479145349997e-4,4.167910990717942,Down,C1
RPA3,-1.2812970900527407,10.219395528894408,-6.853837754470419,4.885883414795911e-6,1.0574479145349997e-4,4.16701271600167,Down,C1
FAM95A,-1.9260375630351358,6.595282351573474,-6.838933427632515,5.0125680882446065e-6,1.0770963227757121e-4,4.140915712390816,Down,C1
NCKAP5,-2.2759693750517496,5.267119824251142,-6.817960170614176,5.196686754646248e-6,1.1028370953582602e-4,4.10413969639648,Down,C1
FEM1C,-1.0621823649365503,7.496265189296124,-6.813591003742429,5.235925040929354e-6,1.1069140604849038e-4,4.096470758145795,Down,C1
SLC7A6,-1.6076858301489931,6.30162158394045,-6.8044913688603135,5.318644433817762e-6,1.118826500442541e-4,4.080490157786958,Down,C1
XR_429736,-1.6076858301489931,6.30162158394045,-6.8044913688603135,5.318644433817762e-6,1.118826500442541e-4,4.080490157786958,Down,C1
XR_429738,-1.6076858301489931,6.30162158394045,-6.8044913688603135,5.318644433817762e-6,1.118826500442541e-4,4.080490157786958,Down,C1
TRIM71,-2.7502577243937303,6.421789543673027,-6.802023954258726,5.341308986073485e-6,1.122316547098209e-4,4.076154940760988,Down,C1
PCBD2,-1.140372635734491,6.295423601475572,-6.801667975584935,5.344587173290779e-6,1.122316547098209e-4,4.075529420475693,Down,C1
STK35,-2.360575073348137,8.639887636298191,-6.799075824207778,5.368521686860797e-6,1.1263571462240633e-4,4.070973998339024,Down,C1
EPHX2,-1.5978511725011177,7.763420300903648,-6.795000504203857,5.406377891338734e-6,1.1333090143922471e-4,4.063810173377114,Down,C1
SPHK1,-1.6503495357516265,7.446969008246413,-6.778264355949841,5.564794034529747e-6,1.1646632195179627e-4,4.034366128456112,Down,C1
MYH14,-1.6207158807962347,6.846062082523981,-6.774948744639,5.596749986247279e-6,1.1691313591810896e-4,4.028528305673868,Down,C1
MYCL,-1.120222059169265,9.06473789853173,-6.768312021966054,5.6612927470029625e-6,1.1812546519746979e-4,4.016838366108303,Down,C1
RCBTB1,-1.6152597594669835,8.734948281723565,-6.76596076781586,5.684345231525989e-6,1.1812610757323531e-4,4.012695386313229,Down,C1
XR_245392,-1.6152597594669835,8.734948281723565,-6.76596076781586,5.684345231525989e-6,1.1812610757323531e-4,4.012695386313229,Down,C1
CTSV,-3.0420948648765886,11.659629865744089,-6.759949408562148,5.743729999868685e-6,1.1894823766768608e-4,4.002099683754297,Down,C1
XM_006716960,-3.0420948648765886,11.659629865744089,-6.759949408562148,5.743729999868685e-6,1.1894823766768608e-4,4.002099683754297,Down,C1
KDM4C,-1.2246130839386629,5.303152830329243,-6.7243063644577585,6.10942399618721e-6,1.2576191660075935e-4,3.939171154282219,Down,C1
CYP27C1,-1.6663211015724544,7.713153176555821,-6.716218389183782,6.195744856816548e-6,1.2699425111298957e-4,3.924866982772439,Down,C1
XM_006712483,-1.6663211015724544,7.713153176555821,-6.716218389183782,6.195744856816548e-6,1.2699425111298957e-4,3.924866982772439,Down,C1
SHPK,-1.3220836071240667,5.367244339346748,-6.709657144743965,6.266707721115011e-6,1.2833917979710108e-4,3.913256238067614,Down,C1
SLURP1,-1.1775597820315884,6.430046051620662,-6.691025728842504,6.472884786995915e-6,1.3211069783798974e-4,3.8802534263481316,Down,C1
LIPG,-1.8361325643595028,4.509864271808733,-6.677132013265043,6.63124205373164e-6,1.3488395913022612e-4,3.855611223153293,Down,C1
XM_005258390,-1.8361325643595028,4.509864271808733,-6.677132013265043,6.63124205373164e-6,1.3488395913022612e-4,3.855611223153293,Down,C1
BICD2,-1.0219884807573543,7.802934426248122,-6.671121275707062,6.701000945268176e-6,1.360722713099211e-4,3.844942098339068,Down,C1
ABLIM2,-1.3589580175737312,6.055483815666028,-6.632372741840037,7.169510957205986e-6,1.4292574916516452e-4,3.7760420517527056,Down,C1
BEND5,-1.1933477134760402,8.729799824693746,-6.627460313282384,7.231307080296304e-6,1.434428368109685e-4,3.7672921427675483,Down,C1
XM_006710895,-1.1933477134760402,8.729799824693746,-6.627460313282384,7.231307080296304e-6,1.434428368109685e-4,3.7672921427675483,Down,C1
XM_006710896,-1.1933477134760402,8.729799824693746,-6.627460313282384,7.231307080296304e-6,1.434428368109685e-4,3.7672921427675483,Down,C1
ARL4D,-1.4813673005111614,10.024677641180471,-6.607393647618141,7.489574941424167e-6,1.4746905475312785e-4,3.7315148959594424,Down,C1
SRPK2,-1.057971904745214,7.861563066002604,-6.605206119486479,7.518306363203774e-6,1.4755060452135486e-4,3.7276113161533075,Down,C1
XM_005250549,-1.057971904745214,7.861563066002604,-6.605206119486479,7.518306363203774e-6,1.4755060452135486e-4,3.7276113161533075,Down,C1
NKAIN4,-1.7504305618352163,6.287557696747106,-6.595566420501817,7.646294572154773e-6,1.494514351147059e-4,3.7104016098152695,Down,C1
XM_005260194,-1.7504305618352163,6.287557696747106,-6.595566420501817,7.646294572154773e-6,1.494514351147059e-4,3.7104016098152695,Down,C1
CORO2A,-1.2645750027653717,6.982079169598096,-6.588657630857367,7.7394228637055e-6,1.5090302808664453e-4,3.69805941471755,Down,C1
F11R,-1.7771735782275524,5.841920169924766,-6.585935814872131,7.776436751405486e-6,1.513787793246022e-4,3.693195204818533,Down,C1
SDC4,-1.250217081188456,11.95243517028235,-6.573304166367316,7.950650487144603e-6,1.5426961438354467e-4,3.670607429935737,Down,C1
MVK,-1.0288825485728381,4.979063008253897,-6.57265901058471,7.959657078740366e-6,1.5429202390880632e-4,3.6694531727519095,Down,C1
C3orf52,-1.292790554310666,4.709213595276746,-6.572300829137622,7.964662012457755e-6,1.5429202390880632e-4,3.6688123203099394,Down,C1
MRPS10,-1.1913244096850732,8.686028562447028,-6.567491472595672,8.032183325674235e-6,1.5509932758071842e-4,3.660205766414556,Down,C1
THBD,-1.294537505685767,6.77193231841713,-6.560118404916537,8.136861340098851e-6,1.568682296265483e-4,3.647005083356275,Down,C1
WNT4,-1.3216597545317796,8.335350145437738,-6.5560980145228305,8.194539604979873e-6,1.5725743829109849e-4,3.639803817694016,Down,C1
CRTAC1,-3.260662477058224,10.68742060271175,-6.554002701318487,8.224768997229306e-6,1.5725743829109849e-4,3.6360498304031683,Down,C1
XM_005269938,-3.260662477058224,10.68742060271175,-6.554002701318487,8.224768997229306e-6,1.5725743829109849e-4,3.6360498304031683,Down,C1
ATP1B3,-1.0265464375380402,6.327451230104076,-6.549367480703977,8.292056569306793e-6,1.5808255899642706e-4,3.627743143503521,Down,C1
PLK3,-1.464149549415497,7.297684352264503,-6.540892204436388,8.416579529935648e-6,1.5956930638034392e-4,3.6125470332617446,Down,C1
XR_246234,-1.464149549415497,7.297684352264503,-6.540892204436388,8.416579529935648e-6,1.5956930638034392e-4,3.6125470332617446,Down,C1
SLC35F3,-2.3179978551397227,7.325026509325161,-6.536064808125833,8.488377562612183e-6,1.6017141372469938e-4,3.603887075760058,Down,C1
FKBP1B,-1.043833436841334,6.47798545794554,-6.519088253860239,8.74599198805265e-6,1.6425766799471026e-4,3.5734067540511205,Down,C1
KRT222,-1.9068446023693317,6.504108204451803,-6.515895436836369,8.795347395518922e-6,1.6458194948652943e-4,3.567669773881372,Down,C1
FBXW7,-1.4776743054826253,4.655302119333981,-6.5157537995568875,8.797543587668412e-6,1.6458194948652943e-4,3.567415241549602,Down,C1
NQO1,-2.1563470941127854,11.294108043423943,-6.505618337507789,8.956197708432991e-6,1.6715914261104873e-4,3.5491938453531695,Down,C1
HS6ST2,-2.8128579743601723,6.589537750960708,-6.496046447207314,9.108774164506574e-6,1.6921733552359655e-4,3.5319725122896486,Down,C1
LPA,-1.497854701323167,5.579441126561526,-6.4878087846584975,9.242255552789287e-6,1.7116714334725964e-4,3.5171414643981773,Down,C1
CLDN1,-2.1314175276864127,8.85134775828158,-6.486984281454575,9.255727604137287e-6,1.7128448261719597e-4,3.5156565134281212,Down,C1
CDC40,-1.0635795428470596,6.357220766000738,-6.483033701046061,9.320563558471562e-6,1.7221875791411425e-4,3.508540107796989,Down,C1
CLCA2,-1.6778435887132712,9.171601909755122,-6.476184579832828,9.434095718880655e-6,1.735636299027005e-4,3.4961972549989575,Down,C1
HOMER3,-1.8369204081844046,8.500485186649179,-6.472764950084123,9.491319526095386e-6,1.7421841718976593e-4,3.490032274564255,Down,C1
XM_006722944,-1.8369204081844046,8.500485186649179,-6.472764950084123,9.491319526095386e-6,1.7421841718976593e-4,3.490032274564255,Down,C1
SERPINB5,-2.2698604050730955,6.472642091385598,-6.458680888106176,9.730847808068358e-6,1.778825659476441e-4,3.464624106356375,Down,C1
DLX3,-1.722390317783801,6.291126385975997,-6.454607707140169,9.801290653757159e-6,1.7849057531978704e-4,3.4572708010458832,Down,C1
SOX15,-1.5209936571186704,5.942431477916757,-6.44223723259065,1.0018511134788464e-5,1.8134562915323734e-4,3.43492428625545,Down,C1
FZD8,-1.779791094230455,5.417028836443751,-6.434740798590271,1.0152585283613498e-5,1.8294470869166003e-4,3.421372094512538,Down,C1
ZNF229,-1.505940801663832,4.992404039630291,-6.426292141191782,1.0305937316693532e-5,1.8462266186487512e-4,3.4060891089605416,Down,C1
FUT1,-1.0062282972552037,8.007795995425818,-6.4243572590749185,1.0341396483632355e-5,1.8500355596742752e-4,3.4025876591542445,Down,C1
CTSC,-1.0318657046103272,7.67871109742569,-6.424219813987773,1.0343920177830504e-5,1.8500355596742752e-4,3.402338912580271,Down,C1
CA6,-3.094529932119099,7.20123294143062,-6.417776349112872,1.0462955997891893e-5,1.8699320168384306e-4,3.3906746615711274,Down,C1
CNTNAP2,-2.4665748754048096,6.375545891264267,-6.385630438402738,1.1078541192438462e-5,1.9638637053242833e-4,3.33239669933921,Down,C1
CEBPG,-1.0743908800548692,8.825334750293274,-6.384378756953179,1.1103261622453275e-5,1.966793250642978e-4,3.330124605131246,Down,C1
RASAL1,-1.4357273145102791,7.641573770557667,-6.3772545616773515,1.1245063190074414e-5,1.9845882844718094e-4,3.317188395166971,Down,C1
TMEM79,-1.1173748817933404,8.5505727907982,-6.375629998934363,1.1277662615185049e-5,1.9888791924296218e-4,3.3142375083033375,Down,C1
PTAFR,-1.42848274147401,8.908677397011445,-6.35947428778948,1.16072697130462e-5,2.0350451983384578e-4,3.284872087401796,Down,C1
BAIAP2L1,-1.551891051475014,8.04099548799055,-6.355478438454276,1.1690332586531434e-5,2.045126550597139e-4,3.2776034633946,Down,C1
CEP76,-1.3737577777697352,8.132067956341551,-6.352476424201582,1.1753144114605782e-5,2.0531220162937992e-4,3.2721412159736474,Down,C1
XM_006722356,-1.3737577777697352,8.132067956341551,-6.352476424201582,1.1753144114605782e-5,2.0531220162937992e-4,3.2721412159736474,Down,C1
BCL2L13,-1.4450473250961497,11.039772624987254,-6.347728234300903,1.185321085969044e-5,2.0660912640108202e-4,3.263499209704568,Down,C1
XM_006724076,-1.4450473250961497,11.039772624987254,-6.347728234300903,1.185321085969044e-5,2.0660912640108202e-4,3.263499209704568,Down,C1
PRSS16,-1.2825825416201093,6.922278693844016,-6.34583747785587,1.1893305058281358e-5,2.071575529817628e-4,3.260057045512749,Down,C1
NFRKB,-1.0534994712412447,5.673904269263465,-6.341864121346342,1.1978023287286151e-5,2.0778194272932089e-4,3.252821851125038,Down,C1
CACNG4,-1.3089978135488343,4.365898786957208,-6.338839793339739,1.2042928512960366e-5,2.082524280749818e-4,3.2473133063813346,Down,C1
CBX4,-1.030018735013929,4.893811245680231,-6.333298602511901,1.2162801849635843e-5,2.1002271222658956e-4,3.237217240320243,Down,C1
CDS1,-1.8630099810126666,9.41575740669008,-6.325973033548089,1.2323190178773033e-5,2.1172599189041543e-4,3.223863521417762,Down,C1
CLCA4,-2.8372017622944963,9.422757562881833,-6.310175739181086,1.2676614571841893e-5,2.1558995172333772e-4,3.195041545939052,Down,C1
XM_006710453,-2.8372017622944963,9.422757562881833,-6.310175739181086,1.2676614571841893e-5,2.1558995172333772e-4,3.195041545939052,Down,C1
ENC1,-1.5126753398842139,6.393874047618082,-6.297078418646879,1.2977644907470879e-5,2.1966814743943304e-4,3.1711195299098787,Down,C1
CCDC186,-1.046023495250175,5.191145285878844,-6.29270101014695,1.3079910156113589e-5,2.2077637381648268e-4,3.163118998948775,Down,C1
DAAM1,-1.5107736174390194,10.294774471359247,-6.290972817332082,1.312051534106846e-5,2.2130612032067828e-4,3.1599596767452383,Down,C1
GLIDR,-1.0377337836280702,8.346447371003663,-6.280935924193694,1.335895257737159e-5,2.2372106452227166e-4,3.1416030204114165,Down,C1
GYG1,-1.5030510208326593,10.55281932105458,-6.272740233469939,1.3556999562257207e-5,2.2554406598499868e-4,3.126603479822668,Down,C1
CPEB3,-1.5362361606359367,4.245629263488905,-6.261187755190194,1.3841376001705921e-5,2.2864467088296318e-4,3.1054447283290116,Down,C1
XM_006717717,-1.5362361606359367,4.245629263488905,-6.261187755190194,1.3841376001705921e-5,2.2864467088296318e-4,3.1054447283290116,Down,C1
RTN4R,-1.0535021907290325,5.043172089713138,-6.24649670405248,1.4212021198811922e-5,2.339622310108942e-4,3.078511052553905,Down,C1
VSIG10,-1.3431919336557439,8.606051598982123,-6.230321088420208,1.4632113991034612e-5,2.388459460602044e-4,3.0488213497880405,Down,C1
NDFIP2,-1.0210173717855113,9.352102103934792,-6.22971903623628,1.4647997358579322e-5,2.388459460602044e-4,3.047715613015889,Down,C1
CFTR,-2.029257081508642,6.526725116372546,-6.221177254551713,1.4875293431138747e-5,2.414041872442138e-4,3.0320223053703987,Down,C1
REEP4,-1.1538251738554948,7.979682123037508,-6.212200114459659,1.5118140069529887e-5,2.448485816119139e-4,3.0155183477439262,Down,C1
TIAM1,-1.3087910747924134,10.03315476899456,-6.202258422994251,1.539190761172892e-5,2.4601000197007223e-4,2.9972282193288518,Down,C1
XM_005261039,-1.3087910747924134,10.03315476899456,-6.202258422994251,1.539190761172892e-5,2.4601000197007223e-4,2.9972282193288518,Down,C1
AFDN,-1.1959177118177378,3.6912773516672934,-6.20066426329912,1.5436284902574825e-5,2.4601000197007223e-4,2.994294119280859,Down,C1
XM_006715492,-1.1959177118177378,3.6912773516672934,-6.20066426329912,1.5436284902574825e-5,2.4601000197007223e-4,2.994294119280859,Down,C1
XM_006715493,-1.1959177118177378,3.6912773516672934,-6.20066426329912,1.5436284902574825e-5,2.4601000197007223e-4,2.994294119280859,Down,C1
LDLRAP1,-1.0135548806963017,8.287111760108576,-6.199845161973306,1.545913840619294e-5,2.4601000197007223e-4,2.9927864025939233,Down,C1
XM_006710562,-1.0135548806963017,8.287111760108576,-6.199845161973306,1.545913840619294e-5,2.4601000197007223e-4,2.9927864025939233,Down,C1
XR_426598,-1.0135548806963017,8.287111760108576,-6.199845161973306,1.545913840619294e-5,2.4601000197007223e-4,2.9927864025939233,Down,C1
PDK2,-1.1075260970897682,6.453801901336294,-6.196865271589202,1.5542577359990666e-5,2.470549283407258e-4,2.9873005540842,Down,C1
LIPH,-1.8607611752185447,7.084372850284896,-6.170580978232518,1.629919944562783e-5,2.5502828232982995e-4,2.9388596501489523,Down,C1
GRHL3,-1.188607471353416,8.282011102051946,-6.1639565085035155,1.6495881403506703e-5,2.569307813396621e-4,2.9266361039322586,Down,C1
FSTL4,-1.4770826189479136,5.182117118008251,-6.162453826831659,1.6540839452858074e-5,2.571329200437173e-4,2.923862504077272,Down,C1
SH3BGR,-1.079345547542391,6.897232452900551,-6.137433179268471,1.7308473716111454e-5,2.66135801495264e-4,2.8776349062699502,Down,C1
XM_005261024,-1.079345547542391,6.897232452900551,-6.137433179268471,1.7308473716111454e-5,2.66135801495264e-4,2.8776349062699502,Down,C1
XM_006724042,-1.079345547542391,6.897232452900551,-6.137433179268471,1.7308473716111454e-5,2.66135801495264e-4,2.8776349062699502,Down,C1
PTBP3,-1.3035829514848807,6.2562251408884375,-6.113102171595452,1.8090592209022138e-5,2.736045332079076e-4,2.832599583409314,Down,C1
GRB7,-1.3040775407951184,7.005609009545529,-6.101954677319358,1.846113932111224e-5,2.7780464147451114e-4,2.8119392737807196,Down,C1
CNOT3,-1.0244633248306556,5.745927713659096,-6.085599434954469,1.901916128471919e-5,2.841576101883843e-4,2.781596557933039,Down,C1
XM_006722673,-1.3175393212894324,5.54907491074032,-6.082189265198382,1.9137709187868207e-5,2.8512929604420403e-4,2.77526533494572,Down,C1
ZNF431,-1.3175393212894324,5.54907491074032,-6.082189265198382,1.9137709187868207e-5,2.8512929604420403e-4,2.77526533494572,Down,C1
ADRB2,-1.3048779871099523,11.494335908170052,-6.0664615283221694,1.9694494317376824e-5,2.907178675311676e-4,2.7460452498488017,Down,C1
XM_005270313,-1.1019725040045474,5.753071301901411,-6.064819560252856,1.975358688301377e-5,2.910769116903934e-4,2.7429927534073926,Down,C1
ZNF488,-1.1019725040045474,5.753071301901411,-6.064819560252856,1.975358688301377e-5,2.910769116903934e-4,2.7429927534073926,Down,C1
TFRC,-1.710496570172463,10.706539871022812,-6.064774833888868,1.9755199114392586e-5,2.910769116903934e-4,2.7429095998651825,Down,C1
MAT1A,-1.5537223642857239,7.229712781029093,-6.057681889542087,2.0012616992904783e-5,2.9396956790780216e-4,2.729719239616813,Down,C1
ASPHD2,-1.0840910008577938,8.084235346922625,-6.056929777006083,2.0040116776539903e-5,2.9396956790780216e-4,2.7283201774744885,Down,C1
ST3GAL6,-1.2543280065699278,6.133316414730825,-6.056004584890404,2.0073998908461283e-5,2.9396956790780216e-4,2.7265990516696075,Down,C1
XM_005247067,-1.2543280065699278,6.133316414730825,-6.056004584890404,2.0073998908461283e-5,2.9396956790780216e-4,2.7265990516696075,Down,C1
XM_005247068,-1.2543280065699278,6.133316414730825,-6.056004584890404,2.0073998908461283e-5,2.9396956790780216e-4,2.7265990516696075,Down,C1
XM_005247069,-1.2543280065699278,6.133316414730825,-6.056004584890404,2.0073998908461283e-5,2.9396956790780216e-4,2.7265990516696075,Down,C1
XM_006713475,-1.2543280065699278,6.133316414730825,-6.056004584890404,2.0073998908461283e-5,2.9396956790780216e-4,2.7265990516696075,Down,C1
XR_427357,-1.2543280065699278,6.133316414730825,-6.056004584890404,2.0073998908461283e-5,2.9396956790780216e-4,2.7265990516696075,Down,C1
GJB5,-1.1061810197878064,9.08546504014971,-6.054584195545167,2.0126132126830283e-5,2.9455330689523196e-4,2.723956489751977,Down,C1
MACROD2,-1.0644020202996298,7.3822033186212,-6.050996010591282,2.025845973487791e-5,2.959486004604623e-4,2.7172796381374713,Down,C1
FAM83B,-1.9016822427022522,6.22728973884104,-6.046712192998549,2.041762841902332e-5,2.977302049291602e-4,2.709306079565218,Down,C1
XR_245462,-1.030635354877404,5.12126433587845,-6.044635660887916,2.049525159600498e-5,2.9831839224215374e-4,2.7054400937648158,Down,C1
ZCCHC2,-1.030635354877404,5.12126433587845,-6.044635660887916,2.049525159600498e-5,2.9831839224215374e-4,2.7054400937648158,Down,C1
MTCL2,-1.0623373155759506,6.143395720019799,-6.043840718533247,2.0525048720778633e-5,2.98380545732928e-4,2.7039599546278197,Down,C1
PPFIA1,-1.1035062388009198,6.59708021794567,-6.026977665916884,2.116787149850868e-5,3.066211537158753e-4,2.6725417475261857,Down,C1
CARF,-1.043119928588208,5.689998596189937,-6.015689737563797,2.1609849763563588e-5,3.1189393507219073e-4,2.65148931312493,Down,C1
XM_006712760,-1.043119928588208,5.689998596189937,-6.015689737563797,2.1609849763563588e-5,3.1189393507219073e-4,2.65148931312493,Down,C1
PALS1,-1.0303445800905733,7.113931394384005,-6.0142353677277445,2.1667490085922512e-5,3.125379188956203e-4,2.648775605518983,Down,C1
PHACTR1,-1.9605770997310676,6.335150236673547,-6.011328197590847,2.178318864890869e-5,3.1363275437101227e-4,2.6433502640089994,Down,C1
XM_005248936,-1.9605770997310676,6.335150236673547,-6.011328197590847,2.178318864890869e-5,3.1363275437101227e-4,2.6433502640089994,Down,C1
XM_006715021,-1.9605770997310676,6.335150236673547,-6.011328197590847,2.178318864890869e-5,3.1363275437101227e-4,2.6433502640089994,Down,C1
XM_006715179,-1.662989621696294,5.622386535017342,-6.006473596187759,2.1977825877113967e-5,3.152589016320901e-4,2.6342880995983684,Down,C1
ZNF165,-1.662989621696294,5.622386535017342,-6.006473596187759,2.1977825877113967e-5,3.152589016320901e-4,2.6342880995983684,Down,C1
ERICH5,-2.4093178240966218,10.012729438006472,-6.006234067863476,2.1987476099163353e-5,3.152589016320901e-4,2.6338408859113898,Down,C1
TNFAIP3,-1.6737105443872498,8.4406634772288,-6.005810243285361,2.2004562135533097e-5,3.1531552261317337e-4,2.6330495611712905,Down,C1
WNT10A,-1.2536982113241741,6.954938820552191,-5.998893535651379,2.228536309622177e-5,3.183106896344986e-4,2.620131926280612,Down,C1
FBXO45,-1.062944253079877,5.984155027693144,-5.995501404342176,2.242443549166994e-5,3.1904641415000706e-4,2.613794431628314,Down,C1
DRC12,-1.264770033516566,5.976755786964743,-5.975914833501974,2.324531407195483e-5,3.270422206067174e-4,2.577170712755553,Down,C1
XM_006718816,-1.264770033516566,5.976755786964743,-5.975914833501974,2.324531407195483e-5,3.270422206067174e-4,2.577170712755553,Down,C1
XM_006718818,-1.264770033516566,5.976755786964743,-5.975914833501974,2.324531407195483e-5,3.270422206067174e-4,2.577170712755553,Down,C1
XM_006718821,-1.264770033516566,5.976755786964743,-5.975914833501974,2.324531407195483e-5,3.270422206067174e-4,2.577170712755553,Down,C1
ALDH3A1,-2.480087399084752,12.379490444288342,-5.963599247991119,2.377742026903497e-5,3.33356098888655e-4,2.554116171110069,Down,C1
XM_005256525,-2.480087399084752,12.379490444288342,-5.963599247991119,2.377742026903497e-5,3.33356098888655e-4,2.554116171110069,Down,C1
PRSS27,-1.0796390017263144,5.2465947127445425,-5.954294827551024,2.4187820780912485e-5,0.00033753260138573345,2.536684982732103,Down,C1
ENO1,-1.1351627475980735,11.629077694556381,-5.949671682641042,2.4394472859873e-5,3.394296449754619e-4,2.5280195266067604,Down,C1
JPH1,-1.8895243048078036,8.060075908628999,-5.94530339807757,2.4591420700038824e-5,3.4004170092634726e-4,2.5198291419952383,Down,C1
XM_005251275,-1.8895243048078036,8.060075908628999,-5.94530339807757,2.4591420700038824e-5,3.4004170092634726e-4,2.5198291419952383,Down,C1
NAB1,-1.2263297352919977,6.475310061526606,-5.943943297192229,2.465307912103357e-5,3.4046214330440034e-4,2.5172784778159016,Down,C1
NUP62CL,-1.3532553659665458,5.117754873485458,-5.942999637195121,2.4695953210027406e-5,3.405675347026641e-4,2.515508640299009,Down,C1
LINC01588,-1.3734833152651431,5.468159727353739,-5.934874019170893,2.506835600235561e-5,3.450061242938872e-4,2.500264087875248,Down,C1
RAB6B,-1.9603192464427641,6.602616041549594,-5.932066028897213,2.5198402261359176e-5,3.456344696616903e-4,2.4949939372964938,Down,C1
PIR,-1.5502722377931448,10.243784526458825,-5.926458352986311,2.546021445797087e-5,3.479369762222957e-4,2.4844660701565218,Down,C1
RORA,-1.6900939229182548,8.229451348168812,-5.926278375269331,2.5468664001840583e-5,3.479369762222957e-4,2.484128109906436,Down,C1
SPINT2,-1.1185716942266737,11.34940116123958,-5.924216858534164,2.5565655811811757e-5,3.487234209459813e-4,2.4802567071516854,Down,C1
WNK1,-1.5629243647005735,5.7848513162805615,-5.9110175768419575,2.6195838994207363e-5,3.540273240647326e-4,2.455455822512036,Down,C1
XM_005253738,-1.5629243647005735,5.7848513162805615,-5.9110175768419575,2.6195838994207363e-5,3.540273240647326e-4,2.455455822512036,Down,C1
MYO6,-1.2999495693335597,7.577590687640716,-5.906284093068285,2.6425750444190085e-5,3.565662107090291e-4,2.4465561510555016,Down,C1
EPHB3,-1.1095785221300076,6.376075310263251,-5.904909700448771,2.649289883888016e-5,3.570368096186421e-4,2.443971524178993,Down,C1
KLF3,-1.479937131395884,7.122266081772338,-5.895238746949193,2.697043562264235e-5,3.6204943837509044e-4,2.425777612271517,Down,C1
XM_006714015,-1.479937131395884,7.122266081772338,-5.895238746949193,2.697043562264235e-5,3.6204943837509044e-4,2.425777612271517,Down,C1
TRMT10A,-1.3559449351505677,6.69186053577714,-5.880050614522513,2.7738548151178356e-5,3.6986673910592344e-4,2.3971791589937688,Down,C1
E2F8,-1.550446820706683,6.557901617414164,-5.875518261074371,2.7972143881045366e-5,3.7219214660994367e-4,2.3886390411881155,Down,C1
C1orf105,-1.6049423729798118,5.643778405782893,-5.8754802449422945,2.797411184419375e-5,3.7219214660994367e-4,2.388567397505538,Down,C1
XM_005245609,-1.6049423729798118,5.643778405782893,-5.8754802449422945,2.797411184419375e-5,3.7219214660994367e-4,2.388567397505538,Down,C1
LRRC8D,-1.0179988332122623,9.878596676321266,-5.870187128273622,2.824952833989811e-5,3.7481767784092564e-4,2.3785903301478566,Down,C1
MAL2,-2.124523502914206,11.40015062028969,-5.864089688964059,2.8570293522956482e-5,3.776124367500008e-4,2.3670925806687695,Down,C1
PPP2R2C,-1.1609756086023175,9.483081272746283,-5.856300873301766,2.8985552352351907e-5,3.816298560401264e-4,2.3523982933401975,Down,C1
XM_005247979,-1.1609756086023175,9.483081272746283,-5.856300873301766,2.8985552352351907e-5,3.816298560401264e-4,2.3523982933401975,Down,C1
MAB21L1,-3.315433072005087,7.951624823402011,-5.848005234113304,2.9434738500476514e-5,3.860615264964138e-4,2.3367390112815087,Down,C1
SLC16A6,-2.44196844661586,8.079891154159872,-5.832425308292305,3.0298011533501066e-5,3.954393000691096e-4,2.3073049558075756,Down,C1
ANO3,-1.5798855087833261,4.486460578080186,-5.831130173079849,3.0370948824041053e-5,3.961758226492572e-4,2.3048567060676266,Down,C1
LAD1,-1.2722140026020403,7.305725469914801,-5.830584887330183,3.0401711896097863e-5,3.963616995818256e-4,2.3038258628229347,Down,C1
PID1,-1.4036748924070874,8.785547504261505,-5.820576858764187,3.097211748907295e-5,4.011833588627787e-4,2.2848990828000595,Down,C1
SIAH3,-1.9736913330048518,5.200952999724759,-5.794530942822568,3.250933852014947e-5,4.1593237908349017e-4,2.2355803315366884,Down,C1
ANKRD34C,-1.584144365757198,5.276096362782794,-5.788852777989504,3.285486332556786e-5,4.1848844397858746e-4,2.22481672630728,Down,C1
ITCH,-1.1071172442733772,5.5107512210581415,-5.780410712878342,3.3375644849264025e-5,4.236288882453914e-4,2.2088060263172853,Down,C1
PANK1,-1.2884911210317505,7.227444191147994,-5.7738998578794325,3.3783145758268375e-5,4.2609724881237913e-4,2.1964515697963094,Down,C1
ANKEF1,-1.138767499120557,6.205790388091968,-5.770796794159581,3.3979175478190776e-5,4.2834462701025995e-4,2.1905615040979747,Down,C1
OTUD7A,-1.3957985886430624,6.102528672821623,-5.768425339453277,3.4129783653840405e-5,4.297917456765359e-4,2.186059290398921,Down,C1
RYR1,-1.111501700000467,7.5033169167453595,-5.752472006799784,3.5161151484482724e-5,4.3861010052836436e-4,2.155752763990929,Down,C1
COBL,-1.1309373335852193,7.515647721220339,-5.745549082396343,3.561873438053614e-5,4.4204801582297233e-4,2.1425909720346876,Down,C1
XM_005271757,-1.1309373335852193,7.515647721220339,-5.745549082396343,3.561873438053614e-5,4.4204801582297233e-4,2.1425909720346876,Down,C1
PLAAT2,-1.9168312599630086,8.206404318817896,-5.740541286724077,3.595358542819206e-5,4.450530982194254e-4,2.1330663151456992,Down,C1
LINC00467,-1.2344411118709475,6.808565149732373,-5.738355159217097,3.610078646929141e-5,4.454966976020218e-4,2.1289073524804643,Down,C1
SYT1,-1.8778491485390418,4.221908663455237,-5.732675341844659,3.648616495562176e-5,4.480036553440432e-4,2.1180989735764175,Down,C1
B4GALNT3,-1.4195586975449794,7.278620757002089,-5.727829228973628,3.681835326217678e-5,4.5064462774031973e-4,2.108873776337271,Down,C1
RNFT2,-1.1364598417579481,5.631079841368588,-5.7268449869377465,3.688620331485832e-5,4.507425467426316e-4,2.1069997730698553,Down,C1
XM_005253968,-1.1364598417579481,5.631079841368588,-5.7268449869377465,3.688620331485832e-5,4.507425467426316e-4,2.1069997730698553,Down,C1
XM_005253969,-1.1364598417579481,5.631079841368588,-5.7268449869377465,3.688620331485832e-5,4.507425467426316e-4,2.1069997730698553,Down,C1
EPS8L1,-1.0175895756073157,8.74474204657262,-5.725457348524461,3.6982082684934264e-5,4.5126789456217194e-4,2.1043574869901036,Down,C1
TGFB2,-2.2110489660832737,6.036536908157496,-5.717512508016455,3.753603927498454e-5,4.549360555424002e-4,2.0892244302981062,Down,C1
ELK4,-1.1143498792877509,4.807355292678896,-5.716264065263059,3.7623867604852276e-5,4.549360555424002e-4,2.0868456963039534,Down,C1
XM_005244950,-1.1143498792877509,4.807355292678896,-5.716264065263059,3.7623867604852276e-5,4.549360555424002e-4,2.0868456963039534,Down,C1
XM_005244951,-1.1143498792877509,4.807355292678896,-5.716264065263059,3.7623867604852276e-5,4.549360555424002e-4,2.0868456963039534,Down,C1
XR_426764,-1.1143498792877509,4.807355292678896,-5.716264065263059,3.7623867604852276e-5,4.549360555424002e-4,2.0868456963039534,Down,C1
XR_426767,-1.1143498792877509,4.807355292678896,-5.716264065263059,3.7623867604852276e-5,4.549360555424002e-4,2.0868456963039534,Down,C1
AK9,-1.0079005633574916,4.559835370049973,-5.715152063704978,3.770227692900699e-5,4.550949990331829e-4,2.084726762084374,Down,C1
MYO5B,-1.4318168022096982,8.348322775677401,-5.709163222251933,3.812748871914573e-5,4.591751049859186e-4,2.0733121905715404,Down,C1
ARHGEF28,-1.3026554286328507,4.478724812102338,-5.701796779432719,3.865734922616676e-5,4.636950005629458e-4,2.0592655865054574,Down,C1
GALNT17,-1.1421662793143144,6.794969798764879,-5.684724507168608,3.9914937521632976e-5,4.756893398183886e-4,2.0266846207368516,Down,C1
SLC6A20,-1.4226604384015307,4.45831164348631,-5.679746064631505,4.02896051522958e-5,4.790442707384138e-4,2.0171766175258945,Down,C1
TRAF4,-1.085125196389031,5.858155290847186,-5.673466730170161,4.076738771551073e-5,4.8274698959149354e-4,2.0051795786376587,Down,C1
RIOK3,-1.1967550620920164,8.45451335892143,-5.672556815587808,4.0837107669120705e-5,4.8308144813910065e-4,2.0034407127082243,Down,C1
TRPM3,-1.564420503127887,5.362873353066098,-5.664907074257801,4.142816646760085e-5,4.89831946578993e-4,1.988817691243895,Down,C1
PDE7A,-1.2779836295966032,6.198054705109512,-5.661580441106644,4.168796296555147e-5,4.921763340379569e-4,1.9824562537413524,Down,C1
GALNT3,-1.2069267665185883,10.128821522639319,-5.6491916974395044,4.2670441413127367e-5,5.005747481905586e-4,1.9587530939828905,Down,C1
BAIAP2,-1.051257549753661,7.708456529793198,-5.645031841395386,4.300569862635821e-5,5.018098096401797e-4,1.9507897112287012,Down,C1
XM_006721636,-1.051257549753661,7.708456529793198,-5.645031841395386,4.300569862635821e-5,5.018098096401797e-4,1.9507897112287012,Down,C1
XM_006721638,-1.051257549753661,7.708456529793198,-5.645031841395386,4.300569862635821e-5,5.018098096401797e-4,1.9507897112287012,Down,C1
XR_429867,-1.051257549753661,7.708456529793198,-5.645031841395386,4.300569862635821e-5,5.018098096401797e-4,1.9507897112287012,Down,C1
TSTD1,-1.3252645956620697,10.783369055121014,-5.638135578453721,4.356752702722037e-5,5.059060395294356e-4,1.9375830408444337,Down,C1
SSX2IP,-1.6309649924628342,5.849576836295596,-5.622333751768906,4.488378440949555e-5,5.171870347559828e-4,1.9072989157897258,Down,C1
XM_006710332,-1.6309649924628342,5.849576836295596,-5.622333751768906,4.488378440949555e-5,5.171870347559828e-4,1.9072989157897258,Down,C1
CLDN7,-1.4578539409518907,10.161171040710245,-5.617204326938836,4.531987021188238e-5,5.21711043081823e-4,1.8974615618632669,Down,C1
HS3ST6,-1.1677214526956128,8.240024096591542,-5.602497002830295,4.6594772382088424e-5,5.312936007610023e-4,1.8692369147022738,Down,C1
UXS1,-1.1039872734927219,9.27433314162344,-5.595510759799996,4.721335240970031e-5,5.365600779060734e-4,1.8558200914897984,Down,C1
MBD5,-1.063711663306508,5.76135391154552,-5.585367963346043,4.8126621841793986e-5,5.415922195074604e-4,1.8363302321676969,Down,C1
PLCD4,-1.346205413417028,6.21529666292624,-5.585197018708261,4.8142169955027015e-5,5.415922195074604e-4,1.836001642620733,Down,C1
XM_006712803,-1.346205413417028,6.21529666292624,-5.585197018708261,4.8142169955027015e-5,5.415922195074604e-4,1.836001642620733,Down,C1
SRGAP2,-1.1904521728176682,5.636590946264609,-5.5850827931722895,4.815256213769355e-5,5.415922195074604e-4,1.8357820763962955,Down,C1
SRGAP2B,-1.1904521728176682,5.636590946264609,-5.5850827931722895,4.815256213769355e-5,5.415922195074604e-4,1.8357820763962955,Down,C1
SRGAP2C,-1.1904521728176682,5.636590946264609,-5.5850827931722895,4.815256213769355e-5,5.415922195074604e-4,1.8357820763962955,Down,C1
XM_006711247,-1.1904521728176682,5.636590946264609,-5.5850827931722895,4.815256213769355e-5,5.415922195074604e-4,1.8357820763962955,Down,C1
SCARB2,-1.0896198862863837,5.94327763030739,-5.584729970569296,4.8184676457845513e-5,5.416995804876852e-4,1.8351038645183095,Down,C1
GJB2,-1.669526452059218,12.093198053621043,-5.580503204427657,4.8571133183777185e-5,5.455331486556012e-4,1.8269777579691393,Down,C1
XM_005266354,-1.669526452059218,12.093198053621043,-5.580503204427657,4.8571133183777185e-5,5.455331486556012e-4,1.8269777579691393,Down,C1
ANOS1,-1.4805350535404624,8.376349605659174,-5.569737496431738,4.957003981006386e-5,5.527029254993944e-4,1.8062701294023924,Down,C1
DMRTA2,-1.3631151544026103,9.974185604740427,-5.559432510601645,5.0546161977577984e-5,5.58779254396912e-4,1.7864350257201203,Down,C1
FBXO22,-1.4268260386403298,4.6716685404424405,-5.538129537027709,5.262775760129374e-5,5.763769678863592e-4,1.745388677874839,Down,C1
ANKRD20A12P,-1.856616579368163,3.993798669219344,-5.538026456950394,5.263804323001831e-5,5.763769678863592e-4,1.74518992613997,Down,C1
DCLK2,-1.4620549964893943,5.671781755017097,-5.516249881331005,5.485838928959024e-5,5.971478728928548e-4,1.7031721426722832,Down,C1
NMRK1,-1.5658587933888946,4.18417417900335,-5.495119575082538,5.710573755946803e-5,6.160233316415064e-4,1.6623449560120775,Down,C1
SRD5A1,-1.4730095490596158,6.539129991956871,-5.491582353615736,5.749116914525302e-5,6.187906017149611e-4,1.6555050632809127,Down,C1
TPD52,-1.5421747440138143,7.827172991515762,-5.485133387434732,5.8200830523930666e-5,6.236322920693679e-4,1.6430307765186463,Down,C1
LRRC8B,-1.2528465641753286,4.181467033038809,-5.47188010039681,5.968789682978754e-5,6.355940105184385e-4,1.617378730976128,Down,C1
MFSD4A,-2.4404538485419955,6.758815232424358,-5.4609470228641825,6.0944238380143625e-5,6.407286945248389e-4,1.5962012352954762,Down,C1
SLC23A2,-1.2389008081621231,5.528393826245374,-5.45572157160726,6.155435046145798e-5,6.423597912069193e-4,1.586074294438994,Down,C1
SCOC-AS1,-1.1621638880969014,6.462399177422724,-5.435379445810586,6.399035402956393e-5,6.631974690074141e-4,1.5466193691364936,Down,C1
TRIM36,-2.7248179744620913,9.381801226506784,-5.42294121759965,6.55288450005313e-5,6.744525461847136e-4,1.5224697219631658,Down,C1
NR1D2,-1.0055922210863155,7.2023626616704375,-5.420592198268288,6.582367060440955e-5,6.763269442838347e-4,1.5179068330199108,Down,C1
XM_005265639,-1.0055922210863155,7.2023626616704375,-5.420592198268288,6.582367060440955e-5,6.763269442838347e-4,1.5179068330199108,Down,C1
CYSRT1,-1.2492246323728535,7.007935029196586,-5.413578569639586,6.671215222220196e-5,6.851626348469369e-4,1.5042791172673624,Down,C1
PLXDC2,-1.8748811409865986,7.110658828557223,-5.396740023347594,6.889630766794409e-5,7.014671360920186e-4,1.4715369454110299,Down,C1
SIGLEC15,-1.9311296213359226,7.014881041123994,-5.386525570151473,7.025719442426709e-5,7.082373710925069e-4,1.4516584983050844,Down,C1
MFAP3L,-1.5712154172458384,9.297915519217806,-5.362066702158564,7.363016623964833e-5,7.363630208683497e-4,1.4040079301657276,Down,C1
XM_005263368,-1.5712154172458384,9.297915519217806,-5.362066702158564,7.363016623964833e-5,7.363630208683497e-4,1.4040079301657276,Down,C1
ANKRD20A11P,-1.4836942072968125,9.189627753682434,-5.348533050186082,7.556810808914035e-5,7.516724949670729e-4,1.377611046154236,Down,C1
RNF19B,-1.4359960744058835,8.729519483752476,-5.347691701513711,7.569031351141571e-5,7.52264556894824e-4,1.3759693067645635,Down,C1
PHLDA2,-1.281944846114003,12.148223319637511,-5.345720371349436,7.597744967580786e-5,7.548057728140481e-4,1.3721222837530398,Down,C1
C10orf55,-1.00969907959407,4.029534049976833,-5.333888008179482,7.772475383526807e-5,7.689816741772894e-4,1.349021898715426,Down,C1
EPHA1,-1.3435025101728284,5.1853028506517616,-5.329074057364783,7.84474881555512e-5,7.748545723084525e-4,1.3396188493680814,Down,C1
ANKRD20A8P,-2.0182670942347825,3.8554567044997765,-5.322499513464812,7.944579516956642e-5,7.837476266584188e-4,1.326772422874912,Down,C1
TMEM30B,-1.2076843121498673,9.325210187877444,-5.301234870600002,8.276565901880156e-5,8.098415604440583e-4,1.28518718978464,Down,C1
NRG1,-1.9648087209976595,5.372613700425666,-5.279711058615334,8.627233638267901e-5,8.349631523617184e-4,1.2430411561002206,Down,C1
XM_005273485,-1.9648087209976595,5.372613700425666,-5.279711058615334,8.627233638267901e-5,8.349631523617184e-4,1.2430411561002206,Down,C1
GNB5,-1.0112754949328329,7.174083634283439,-5.279226111581765,8.6353091101538e-5,8.354078567590145e-4,1.2420909529955217,Down,C1
USP45,-1.2704370587651157,4.809983422845242,-5.264325029157585,8.887293953629887e-5,8.532513179000981e-4,1.2128805190514136,Down,C1
XM_005267175,-1.2704370587651157,4.809983422845242,-5.264325029157585,8.887293953629887e-5,8.532513179000981e-4,1.2128805190514136,Down,C1
MAGI3,-1.0336264941533555,4.647573759477506,-5.259945865281207,8.96278416440748e-5,8.587814192179973e-4,1.2042911968320595,Down,C1
ZNF57,-1.2887577056170514,9.078373458462776,-5.251160604995052,9.116234414137866e-5,8.686298467968919e-4,1.1870530446934815,Down,C1
UNC5B,-1.0671131958667601,6.8137286635946985,-5.250798086089259,9.122624495375132e-5,8.688937822936267e-4,1.1863415305760192,Down,C1
ALS2CL,-1.1249667362790952,7.580658557489403,-5.248196773953408,9.168613568033423e-5,8.708590333813135e-4,1.181235503564567,Down,C1
XR_427264,-1.1249667362790952,7.580658557489403,-5.248196773953408,9.168613568033423e-5,8.708590333813135e-4,1.181235503564567,Down,C1
RAET1E,-1.409059938298146,5.799343223922557,-5.24758067901634,9.17954068183786e-5,8.708590333813135e-4,1.18002607764398,Down,C1
RIPK4,-1.5515564384511844,4.982694558372561,-5.245003809022057,9.225390374543057e-5,8.734825237466764e-4,1.1749670763577953,Down,C1
TMPRSS4,-1.8056067490915382,9.754395083071719,-5.2427434986283465,9.265802461312052e-5,8.762718308763273e-4,1.1705289271558073,Down,C1
XM_006718883,-1.8056067490915382,9.754395083071719,-5.2427434986283465,9.265802461312052e-5,8.762718308763273e-4,1.1705289271558073,Down,C1
XM_006718884,-1.8056067490915382,9.754395083071719,-5.2427434986283465,9.265802461312052e-5,8.762718308763273e-4,1.1705289271558073,Down,C1
CLTRN,-2.097897164897968,6.14538887287206,-5.2387733618444345,9.337228068631573e-5,8.809439783934553e-4,1.1627320902296248,Down,C1
MACC1,-2.202590078188173,6.845205240762187,-5.226370423963071,9.564053963683419e-5,8.956551823500953e-4,1.138362677425505,Down,C1
LYPLAL1,-1.1143977719842422,9.692180017297678,-5.216189925887891,9.754487941978383e-5,9.050143779797648e-4,1.1183467975415073,Down,C1
XM_005273048,-1.1143977719842422,9.692180017297678,-5.216189925887891,9.754487941978383e-5,9.050143779797648e-4,1.1183467975415073,Down,C1
SLC52A3,-1.077864172280968,6.6143893051513745,-5.212877558891437,9.817289671429148e-5,9.08733461988594e-4,1.1118318058354397,Down,C1
CRLF1,-1.5023597914467803,8.373656060859965,-5.209529670498826,9.881189513881977e-5,9.103618342208165e-4,1.1052456805247246,Down,C1
XM_006722934,-1.5023597914467803,8.373656060859965,-5.209529670498826,9.881189513881977e-5,9.103618342208165e-4,1.1052456805247246,Down,C1
PLCXD2,-1.1043496531626786,4.620154032539463,-5.209331367212773,9.884987906590079e-5,9.103618342208165e-4,1.1048555289206732,Down,C1
FAM83A,-1.230481465344326,9.477954398251901,-5.209222944731643,9.887065318755668e-5,9.103618342208165e-4,1.1046422113291463,Down,C1
XM_006721749,-1.300945858599845,6.474762508625224,-5.207516820521488,9.919814712299928e-5,9.108469499794295e-4,1.101285293490271,Down,C1
OTUB2,-1.231036082818978,5.596737226589635,-5.198593245632358,1.0092939953609415e-4,9.225085482350843e-4,1.0837221630057066,Down,C1
ARHGAP44,-1.465412201895444,6.879285898450754,-5.186068228948546,1.0341217953364909e-4,9.38411770573401e-4,1.0590555897861478,Down,C1
AK7,-1.097840427765644,5.2340015410167835,-5.178993152548358,1.0484244303560622e-4,9.470938343020776e-4,1.0451142335218577,Down,C1
RASSF9,-1.1890595655268719,7.140374422685739,-5.173318719102827,1.0600431696900462e-4,9.507905888976266e-4,1.0339287661631555,Down,C1
MUC15,-2.7290704879319154,7.913519834737261,-5.171379255782269,1.0640447633553079e-4,9.536682415123939e-4,1.0301048602946121,Down,C1
DBP,-1.1270398598334168,8.205372450714723,-5.165998996068035,1.0752274471979483e-4,9.590341578463454e-4,1.0194947706255633,Down,C1
NKAIN2,-1.7844200732639157,5.33296839899721,-5.16443820169078,1.0784941647495567e-4,9.608766496777602e-4,1.016416215634731,Down,C1
XM_005266834,-1.7844200732639157,5.33296839899721,-5.16443820169078,1.0784941647495567e-4,9.608766496777602e-4,1.016416215634731,Down,C1
CADM1,-1.5794081140022307,6.892926059643649,-5.145351875687454,1.1192807230939965e-4,9.876829380772833e-4,0.9787478602943587,Down,C1
PLEKHG6,-1.02476359161615,7.907835374918358,-5.1377863029100475,1.1358857814119155e-4,9.993962802583869e-4,0.9638054244672816,Down,C1
XM_005253704,-1.02476359161615,7.907835374918358,-5.1377863029100475,1.1358857814119155e-4,9.993962802583869e-4,0.9638054244672816,Down,C1
XM_005253705,-1.02476359161615,7.907835374918358,-5.1377863029100475,1.1358857814119155e-4,9.993962802583869e-4,0.9638054244672816,Down,C1
BCL2L11,-1.556092536749432,5.602375142897744,-5.136292716207593,1.139193882575361e-4,0.0010012058428990778,0.9608547580700719,Down,C1
XM_005263550,-1.556092536749432,5.602375142897744,-5.136292716207593,1.139193882575361e-4,0.0010012058428990778,0.9608547580700719,Down,C1
RHPN2,-1.1688850973758935,7.440139357704457,-5.131033849346568,1.1509209694174265e-4,0.001010402527723375,0.950463605394015,Down,C1
GUCA1B,-1.3566324039076045,7.013828389941951,-5.113994870118438,1.1897806121452298e-4,0.0010365558712417352,0.9167748858202334,Down,C1
ADGRF4,-1.4763989599832108,7.4401079037928195,-5.107750502169669,1.2043586373387347e-4,0.0010452415087299765,0.9044208342200779,Down,C1
PANX1,-1.2742562591673154,6.343095123005388,-5.103877432048528,1.2134931745733712e-4,0.0010514896453469335,0.8967560941600237,Down,C1
XM_005273863,-1.2742562591673154,6.343095123005388,-5.103877432048528,1.2134931745733712e-4,0.0010514896453469335,0.8967560941600237,Down,C1
ZFP2,-1.068912118389032,5.446636140608114,-5.099449753790951,1.2240233854671762e-4,0.0010583216605901716,0.8879917930972603,Down,C1
ERCC6,-1.2482498592503486,8.829240670415386,-5.084974756243725,1.259111643057691e-4,0.001082033571667408,0.8593246297565509,Down,C1
PGBD3,-1.2482498592503486,8.829240670415386,-5.084974756243725,1.259111643057691e-4,0.001082033571667408,0.8593246297565509,Down,C1
RALGPS1,-1.098849003436758,7.596205235282207,-5.078895909196315,1.2741550503049727e-4,0.0010910549239179434,0.8472789570192454,Down,C1
LYPD1,-1.3050945679006052,7.172041981950281,-5.073721489044471,1.2871063244164355e-4,0.0010982270173708953,0.8370223349308361,Down,C1
ATG10,-1.0485152964474942,7.578835655247929,-5.068553056892415,1.3001782284240718e-4,0.0011061029856947425,0.8267747099291158,Down,C1
CLLU1,-1.4403183279159757,4.116230524157441,-5.0585971766087905,1.3257458507164464e-4,0.0011240039529811425,0.8070267841048784,Down,C1
OAS1,-1.1216803296464501,7.697602271841247,-5.051969309286931,1.3430538817572088e-4,0.001136670637162783,0.7938742499450706,Down,C1
STK26,-1.3973478539269717,9.999395433611083,-5.03572224613359,1.386474353652667e-4,0.0011639789239724137,0.7616133599792425,Down,C1
NUP93,-1.0452797060675056,9.569443966899028,-5.027511865857057,1.4089647615821076e-4,0.0011814001114537334,0.7452998496603191,Down,C1
LOC728554,-1.1019576317699826,10.412350993581398,-5.021346091256912,1.426101539124143e-4,0.001191412779048301,0.7330441796782017,Down,C1
THOC3,-1.1019576317699826,10.412350993581398,-5.021346091256912,1.426101539124143e-4,0.001191412779048301,0.7330441796782017,Down,C1
IRF6,-1.2703037901522531,8.056169729956867,-5.003196189561143,1.4778044541384074e-4,0.0012209493292095754,0.696944644742084,Down,C1
MOCS1,-1.0120949815808968,6.666089174743718,-4.996339638840763,1.4978358888346213e-4,0.0012324548834500655,0.6832982732496742,Down,C1
URB1,-1.0389046996477562,5.612796986272804,-4.993643432792865,1.505789334837683e-4,0.0012366012688260406,0.6779307667156056,Down,C1
IFITM10,-1.674123131253907,6.5268948592740665,-4.990355191942918,1.515548150152326e-4,0.0012423561031405783,0.6713836418214889,Down,C1
PKIB,-1.5966778587156103,8.35107954512272,-4.977713953015002,1.5536757416352416e-4,0.001268938062008462,0.6462036430697218,Down,C1
WNT7A,-1.225381607094194,5.850504137278662,-4.963030787912413,1.599205532391417e-4,0.0012937017589638958,0.6169357737455945,Down,C1
ADRB1,-1.918353909239789,8.220547057992949,-4.953222136758661,1.6303842678529743e-4,0.0013109709613737719,0.5973720074643865,Down,C1
DENND4A,-1.0345183184930864,6.337288381846442,-4.945158276775452,1.6564855558138264e-4,0.0013275113960148066,0.5812810010324121,Down,C1
ESRP1,-1.6746407955083624,8.005944530288154,-4.942043348803788,1.6666829269543313e-4,0.0013318840061007236,0.575063569964481,Down,C1
TMEM80,-1.1001928774967942,6.174451752253827,-4.936720369667667,1.6842587254366738e-4,0.0013417052083614684,0.5644365846867672,Down,C1
KCNMB2,-1.3733332296749978,3.9964660707187316,-4.933465874387064,1.6950985813353058e-4,0.0013458735080783993,0.5579377930693346,Down,C1
KDM1B,-1.0639104969103492,6.523276539320478,-4.93155457735007,1.70149806508833e-4,0.0013500613738264495,0.5541206939788443,Down,C1
ABHD11,-1.0730622319400824,4.199413300527845,-4.92341818192544,1.7290203213092767e-4,0.001364745516285672,0.5378672097403916,Down,C1
NR_026910,-1.0730622319400824,4.199413300527845,-4.92341818192544,1.7290203213092767e-4,0.001364745516285672,0.5378672097403916,Down,C1
XM_006716144,-1.0730622319400824,4.199413300527845,-4.92341818192544,1.7290203213092767e-4,0.001364745516285672,0.5378672097403916,Down,C1
XR_428186,-1.0730622319400824,4.199413300527845,-4.92341818192544,1.7290203213092767e-4,0.001364745516285672,0.5378672097403916,Down,C1
HSPA4L,-1.5558533510581638,7.250182709308324,-4.923396815546057,1.7290931958328996e-4,0.001364745516285672,0.537824518986957,Down,C1
XM_006714140,-1.5558533510581638,7.250182709308324,-4.923396815546057,1.7290931958328996e-4,0.001364745516285672,0.537824518986957,Down,C1
SSTR5-AS1,-2.700133222694358,7.305120574602674,-4.920498272619814,1.7390086615437316e-4,0.0013680657454727186,0.5320327102500739,Down,C1
WNK2,-1.0603824637757624,5.957238574381942,-4.909186247892702,1.778268837398545e-4,0.0013904252816370804,0.5094212754468721,Down,C1
XM_006717240,-1.0603824637757624,5.957238574381942,-4.909186247892702,1.778268837398545e-4,0.0013904252816370804,0.5094212754468721,Down,C1
ALDH1A1,-1.731304649061542,11.652229715005802,-4.904636664332118,1.7943151602093139e-4,0.0013978303302610825,0.5003236122068317,Down,C1
DUOX1,-1.0869814573167647,6.004118725701591,-4.903356338279542,1.798857677005534e-4,0.0013995520895781792,0.49776301531692013,Down,C1
TRPM6,-1.0114622028770448,5.343999661087972,-4.90094237809414,1.8074544874684183e-4,0.001402246880551697,0.4929347600828793,Down,C1
PLXNA4,-1.9456813371195132,7.146465829737032,-4.8892900267410395,1.8495506069181184e-4,0.0014288031434582773,0.4696203971495674,Down,C1
PLPP4,-2.0793405623344245,6.444558121222747,-4.872582807665648,1.9116764682823492e-4,0.001465476160706258,0.4361689967018938,Down,C1
XM_006717685,-2.0793405623344245,6.444558121222747,-4.872582807665648,1.9116764682823492e-4,0.001465476160706258,0.4361689967018938,Down,C1
GLS,-1.356716274968007,6.320846517400998,-4.856507963053701,1.9734789450870399e-4,0.0015027741637049217,0.4039582693998254,Down,C1
XR_241306,-1.356716274968007,6.320846517400998,-4.856507963053701,1.9734789450870399e-4,0.0015027741637049217,0.4039582693998254,Down,C1
CCN3,-1.2457998979761502,6.131841039668334,-4.829884211644488,2.0803979628482012e-4,0.0015623814738511428,0.350555391062227,Down,C1
INF2,-1.0286416518878392,7.13225105373557,-4.824419096189032,2.1030726943371068e-4,0.0015739928534293495,0.3395849775778288,Down,C1
DUSP14,-1.141870816911549,8.985060992209668,-4.818256933408832,2.128944555978535e-4,0.0015918668919812087,0.3272119862189724,Down,C1
KIT,-1.9803010299223942,9.06850882886626,-4.817205450480085,2.1333917933555473e-4,0.001592216101496264,0.325100361747106,Down,C1
XM_006714038,-1.9803010299223942,9.06850882886626,-4.817205450480085,2.1333917933555473e-4,0.001592216101496264,0.325100361747106,Down,C1
PERP,-1.0652601360820873,5.0216176792839615,-4.815706051343653,2.1397500178342663e-4,0.0015951664580671184,0.322089038002046,Down,C1
FSIP1,-2.9655676283844574,7.186065168506577,-4.812854274467216,2.1518968482491286e-4,0.0016015450589666848,0.31636108334474766,Down,C1
XM_005254209,-2.9655676283844574,7.186065168506577,-4.812854274467216,2.1518968482491286e-4,0.0016015450589666848,0.31636108334474766,Down,C1
GPD1L,-1.1425553359080123,9.442952708859227,-4.808271489565666,2.1715654360966068e-4,0.0016101919554275797,0.3071547172481539,Down,C1
XM_005264984,-1.1425553359080123,9.442952708859227,-4.808271489565666,2.1715654360966068e-4,0.0016101919554275797,0.3071547172481539,Down,C1
VSNL1,-1.650481789859672,9.08464081090891,-4.806651679885564,2.1785615345446538e-4,0.0016138837639549624,0.3039002120133487,Down,C1
CHN2,-1.9105218130396127,6.842652270232297,-4.789961781058973,2.252010507746183e-4,0.0016474476137434894,0.2703529297524012,Down,C1
RETREG1,-1.7090206158880594,9.362783393064577,-4.778132523196432,2.305606330631463e-4,0.0016769443378126174,0.24656024157111744,Down,C1
XM_005248312,-1.7090206158880594,9.362783393064577,-4.778132523196432,2.305606330631463e-4,0.0016769443378126174,0.24656024157111744,Down,C1
ZNF326,-1.0538738655558735,9.374252377685213,-4.770957646842976,2.3387511833014552e-4,0.0016966927649300068,0.2321229101295561,Down,C1
SCNN1A,-1.3020851474868333,10.806344125532844,-4.767726736975504,2.3538361163128103e-4,0.001703249154770578,0.22562013272677817,Down,C1
MTUS2,-2.2447566518925157,7.308312040230558,-4.76329615620321,2.3746849682444566e-4,0.0017157492055329153,0.216701276114315,Down,C1
NBEA,-2.290509149833829,8.984952990288951,-4.74853304869845,2.445535032429515e-4,0.0017605798394833,0.18697011880098646,Down,C1
LYPD3,-1.6396491104952613,10.668237015071705,-4.74544356910739,2.4606346039676534e-4,0.0017682680168991502,0.18074581341914975,Down,C1
CXCL14,-2.236058569827403,5.872407631418249,-4.735951117589641,2.507630127351106e-4,0.001794518137050723,0.16161629787627962,Down,C1
MOXD1,-1.8165348925271534,9.06344011377829,-4.713650307693821,2.621699324856522e-4,0.001854037336334892,0.11664383553501345,Down,C1
ZBED2,-1.8686030752002063,8.731320556327189,-4.689570840344887,0.00027508633968233067,0.001924401726917896,0.0680362035386759,Down,C1
SLCO3A1,-1.068394006789397,8.325419717529938,-4.6827079383767884,2.7888597539714737e-4,0.001942324620890559,0.05417346755192742,Down,C1
XM_006720472,-1.068394006789397,8.325419717529938,-4.6827079383767884,2.7888597539714737e-4,0.001942324620890559,0.05417346755192742,Down,C1
XR_429450,-1.068394006789397,8.325419717529938,-4.6827079383767884,2.7888597539714737e-4,0.001942324620890559,0.05417346755192742,Down,C1
REEP6,-1.0145298544274457,8.078071562762903,-4.682460355132913,2.790240518636217e-4,0.001942324620890559,0.05367328679014527,Down,C1
XM_006722935,-1.0145298544274457,8.078071562762903,-4.682460355132913,2.790240518636217e-4,0.001942324620890559,0.05367328679014527,Down,C1
DSG1,-2.804978088842029,9.466791500068014,-4.676209164868319,2.8253367027697256e-4,0.001957106249347156,0.041042591871716105,Down,C1
GJB6,-2.356940837417987,11.820865308074678,-4.669773304529798,2.8619431958615e-4,0.0019741920520561615,0.028035342285491538,Down,C1
FHIT,-1.0098697305968454,6.14062800436762,-4.663162727064814,2.900050375674802e-4,0.001991616855992749,0.014671382580655923,Down,C1
XM_005264951,-1.0098697305968454,6.14062800436762,-4.663162727064814,2.900050375674802e-4,0.001991616855992749,0.014671382580655923,Down,C1
XM_005264952,-1.0098697305968454,6.14062800436762,-4.663162727064814,2.900050375674802e-4,0.001991616855992749,0.014671382580655923,Down,C1
XM_005264953,-1.0098697305968454,6.14062800436762,-4.663162727064814,2.900050375674802e-4,0.001991616855992749,0.014671382580655923,Down,C1
POLR3G,-1.177030936737875,6.102307639840493,-4.659374096051372,2.9221245321287866e-4,0.002000480120369513,0.007010641722873245,Down,C1
RLN2,-1.3416553662352975,4.881421200789606,-4.659111135720009,2.9236630326663973e-4,0.0020009626492745614,0.006478882905097905,Down,C1
DLGAP1,-1.0874282109836075,4.048468377836677,-4.646359380658197,2.9992756981580843e-4,0.0020364530497083548,-0.019314569571172058,Down,C1
BCAM,-1.3173831930281485,5.325941339639577,-4.64600346804233,3.0014146585385985e-4,0.002037329033773853,-0.020034678644321957,Down,C1
CELSR1,-1.0264987483606482,6.817548966825133,-4.639631706552501,3.039973485323455e-4,0.002057683124498972,-0.03292825150076162,Down,C1
TSPAN15,-1.5655451504739863,7.265435304738169,-4.632879762084787,3.0813877757974735e-4,0.0020816062312043614,-0.046594741024581054,Down,C1
XM_006717738,-1.5655451504739863,7.265435304738169,-4.632879762084787,3.0813877757974735e-4,0.0020816062312043614,-0.046594741024581054,Down,C1
NEDD4L,-1.0604311983551664,6.149113644347799,-4.6247953972541165,3.131736843415598e-4,0.002104955130654192,-0.06296299704270147,Down,C1
SPINT1,-1.0979016009035139,9.284849277081747,-4.6218955840258324,3.150001662409858e-4,0.0021166388550157168,-0.06883547027288905,Down,C1
E2F7,-1.4542281235376588,5.379542740787672,-4.613247726149601,3.2051225159395233e-4,0.0021428788475649145,-0.08635241239633462,Down,C1
ABHD6,-1.1399689409997524,7.792387780605169,-4.611673638537125,3.2152615453971895e-4,0.0021484606796387347,-0.0895414942779631,Down,C1
IER3IP1,-1.021719480918816,8.134870698942562,-4.609486103711597,3.2294065472600575e-4,0.0021535673615424894,-0.09397373802626419,Down,C1
ODC1,-1.4794459232498003,9.474733631927833,-4.6055966425484955,3.2547142773070245e-4,0.0021637817081629,-0.10185524909972177,Down,C1
MC5R,-1.808805451832506,3.966085510168768,-4.597425157785002,3.308548428717477e-4,0.0021897406341398677,-0.11841762106630593,Down,C1
PEX5L,-1.722733549345603,4.351774937651483,-4.589754483147278,3.35991377435673e-4,0.0022149279250864478,-0.13396966811973066,Down,C1
C1orf53,-1.1369747719952548,6.722073574366011,-4.577354655550076,3.4446819120238255e-4,0.002248551951384168,-0.15911954235282355,Down,C1
SFN,-1.256578049133438,10.313528990493696,-4.573641418462062,3.4704905250493556e-4,0.0022610942883342735,-0.1666531872842878,Down,C1
NMU,-1.5107405997195684,8.856767132363586,-4.572246358820491,3.480237923622885e-4,0.002266214613206633,-0.16948384219547297,Down,C1
ELP4,-1.1025877083449522,9.006951816296004,-4.571758526657544,3.4836530634839663e-4,0.0022678231849672403,-0.17047371619358387,Down,C1
DENND2C,-1.2980493270978606,8.724334301429504,-4.5393481869234105,3.718412919836439e-4,0.0023736528431360163,-0.23627853802869314,Down,C1
OTUD1,-1.2312578191133046,7.738088903315522,-4.53449453433124,3.7549397537590327e-4,0.0023937865596208316,-0.24613993389667765,Down,C1
RHOBTB2,-1.0103415369169513,7.806873669890852,-4.531451906836142,3.778024628095639e-4,0.002404033592883126,-0.2523226624987984,Down,C1
BBOX1,-1.7490348283753452,8.896319928129412,-4.530711441258907,3.783664606151336e-4,0.0024057090828303145,-0.2538274172742563,Down,C1
DDX25,-1.2307136528260054,5.66505632272413,-4.529520602035987,3.792753077300269e-4,0.0024095727729317377,-0.2562474932334604,Down,C1
STON2,-1.236622451443064,4.561924839933454,-4.522149628692722,3.8495078143257317e-4,0.0024289139474092066,-0.2712293973350963,Down,C1
XM_006720280,-1.236622451443064,4.561924839933454,-4.522149628692722,3.8495078143257317e-4,0.0024289139474092066,-0.2712293973350963,Down,C1
XM_006720281,-1.236622451443064,4.561924839933454,-4.522149628692722,3.8495078143257317e-4,0.0024289139474092066,-0.2712293973350963,Down,C1
ETV4,-1.1169621232825993,6.0838408626571345,-4.516354261106019,3.8947408551917297e-4,0.002451654078319221,-0.28301154746657176,Down,C1
AP1S3,-1.0828591410589663,4.147783683540575,-4.502511628007464,4.0049980414720435e-4,0.002498206759692057,-0.31116371905433216,Down,C1
SLC6A4,-1.2819001863496853,5.152570211115713,-4.4891229620953785,4.1146794606884826e-4,0.0025572381257235877,-0.3384054833650465,Down,C1
SPTLC3,-1.0581881220895806,6.849503283770676,-4.477127320523703,4.215558635839762e-4,0.002602413538514042,-0.36282343272753614,Down,C1
CENPU,-1.1725524562553868,5.775802923387725,-4.467810113250677,4.2956566334386847e-4,0.002641669242013715,-0.38179603181985566,Down,C1
FGF9,-1.2415307438166758,4.040562823247199,-4.465863155674617,4.3125899077038377e-4,0.002650651569778719,-0.3857613574127807,Down,C1
LOC646903,-1.0292164301324602,4.233161341746564,-4.459734902500243,4.3663361687594276e-4,0.0026782724437148936,-0.3982442979327878,Down,C1
LY6G6C,-1.5554132759813486,6.4157527406406665,-4.455271771389018,4.405909651968107e-4,0.0026965117226203264,-0.40733704867609966,Down,C1
CHST11,-1.5884564047241216,6.632921238357466,-4.447942880833879,4.471690550355601e-4,0.0027275607773731927,-0.42227108483803377,Down,C1
SH3BGRL2,-1.2209219676363148,9.569580779810012,-4.441805934780144,4.527545219438222e-4,0.002757425535573616,-0.4347790207191622,Down,C1
LPAR6,-1.2627749274642195,9.512218075817731,-4.42915139796173,4.6449817862742604e-4,0.002811824787746653,-0.46057842799795345,Down,C1
CPEB2,-1.1987399438924644,7.8640411535069585,-4.422162091200452,4.711174163975768e-4,0.0028390058318791458,-0.47483227118298466,Down,C1
XR_427486,-1.1987399438924644,7.8640411535069585,-4.422162091200452,4.711174163975768e-4,0.0028390058318791458,-0.47483227118298466,Down,C1
ZNF826P,-1.0815001449929262,5.891277446159135,-4.404454907457415,4.883219583339598e-4,0.0029155979213760456,-0.5109577278266935,Down,C1
CKMT1A,-1.2994026166778685,9.367882489276694,-4.392996031797775,4.997964570761801e-4,0.0029510736931715807,-0.534346014350267,Down,C1
CKMT1B,-1.2994026166778685,9.367882489276694,-4.392996031797775,4.997964570761801e-4,0.0029510736931715807,-0.534346014350267,Down,C1
ZNF174,-1.0144087347547526,5.466349807893634,-4.381126663148025,5.119726518485092e-4,0.0030008223662192713,-0.5585805586366153,Down,C1
AP1M2,-1.020734617217962,7.433522446249583,-4.366453277396696,5.274451762820528e-4,0.003064570109204026,-0.5885518754345949,Down,C1
RASSF6,-1.5267240880702522,6.086904055349039,-4.3095402456687575,5.921155653903336e-4,0.0033510864891532154,-0.7049164178869489,Down,C1
CITED4,-1.1193980510566854,7.138641348502309,-4.302794978000776,6.00298715960156e-4,0.0033798087792095534,-0.7187195047932864,Down,C1
XM_005278365,-1.2360792049062654,5.2860078821526715,-4.302098262791679,6.011504954162866e-4,0.0033814891471717155,-0.7201453542558971,Down,C1
ZNF141,-1.2360792049062654,5.2860078821526715,-4.302098262791679,6.011504954162866e-4,0.0033814891471717155,-0.7201453542558971,Down,C1
CIART,-1.482784960668921,8.163642075515396,-4.290782352562339,6.151588142048611e-4,0.0034409326167665058,-0.7433072351558287,Down,C1
XM_005244910,-1.482784960668921,8.163642075515396,-4.290782352562339,6.151588142048611e-4,0.0034409326167665058,-0.7433072351558287,Down,C1
BDKRB1,-1.2627584685524385,6.13423315667335,-4.284668021850243,6.228660049046965e-4,0.003477559862694237,-0.7558250293246269,Down,C1
RASSF5,-1.3336157401136433,9.19431671077475,-4.280293580310257,6.284403974394155e-4,0.003501352465028053,-0.76478192614056,Down,C1
TRIM37,-1.0225743630346118,6.433013179177231,-4.2798397721985,6.290215937305586e-4,0.0035035912273793306,-0.7657111766962013,Down,C1
IL31RA,-1.1496544948740484,5.331127077640869,-4.279751925268068,6.291341634032545e-4,0.0035035912273793306,-0.7658910596582889,Down,C1
LONRF1,-1.0956639067585847,9.710426308057004,-4.268991195276427,6.430797860500936e-4,0.0035606000057149586,-0.7879285484071046,Down,C1
CNGA1,-1.4847847820331213,7.506228213201369,-4.227156370548307,7.003579259808092e-4,0.0037879328092606146,-0.8736568388974222,Down,C1
HINT3,-1.0603475124094581,5.1696372309118965,-4.215387503734009,7.173893724598188e-4,0.003852075999503483,-0.8977880400492237,Down,C1
SYT8,-1.3926557924911886,8.891196675786412,-4.214809989293276,7.182359033542544e-4,0.003854076227828849,-0.8989723464286881,Down,C1
OCLN,-1.703479201809314,5.730305648037843,-4.211698856691484,7.228137858542838e-4,0.0038699479116829174,-0.9053525793562613,Down,C1
TRIM16,-1.2570495816376788,9.152049250877091,-4.20201406895623,7.372555621306384e-4,0.003927992897282927,-0.925216534042498,Down,C1
PLEKHG1,-1.0366864822567363,7.632905981390085,-4.200125716317634,7.401054820697531e-4,0.003939678815843471,-0.9290900928090551,Down,C1
XM_005267064,-1.0366864822567363,7.632905981390085,-4.200125716317634,7.401054820697531e-4,0.003939678815843471,-0.9290900928090551,Down,C1
DNER,-2.0730342946727216,6.932088606083965,-4.1997789827399785,7.406299930246831e-4,0.003941596694585021,-0.9298013600106065,Down,C1
TMEM139,-1.1715432518144553,6.387372849004024,-4.19763951790945,7.438747857933549e-4,0.00395711050722786,-0.9341902321495708,Down,C1
XDH,-1.2030319187749647,11.239610270797868,-4.188714730297083,7.575672832264585e-4,0.004018908328475502,-0.9525004564834427,Down,C1
HCAR3,-1.899805890743945,11.545898507215808,-4.17275703119656,7.826924173139321e-4,0.004122489225448541,-0.9852474459436218,Down,C1
ADH7,-2.915231501820598,8.815767907036728,-4.1562749535683565,8.095339860583077e-4,0.004228603859275626,-1.0190808061203889,Down,C1
MMP28,-1.8145486273074845,8.583241037514219,-4.153696374413554,8.138171911411351e-4,0.0042417459764971825,-1.0243748630460896,Down,C1
MGARP,-1.6985501042080013,11.377811248235554,-4.151308086825282,8.178048650411379e-4,0.004252928326837423,-1.0292784498955383,Down,C1
ULBP2,-1.7755743850629209,9.165417091719036,-4.131796123204117,8.511369093622561e-4,0.004377923869594296,-1.06934761979638,Down,C1
NR_046020,-1.3208750808638365,5.335627709364712,-4.1259862292762595,8.613263061069272e-4,0.004418370164389499,-1.0812811706092402,Down,C1
TMPRSS3,-1.3208750808638365,5.335627709364712,-4.1259862292762595,8.613263061069272e-4,0.004418370164389499,-1.0812811706092402,Down,C1
NDC1,-1.1569896409422968,7.341032579992592,-4.123344928752695,8.659995315741492e-4,0.0044309786307488224,-1.0867067870290414,Down,C1
XM_006710762,-1.1569896409422968,7.341032579992592,-4.123344928752695,8.659995315741492e-4,0.0044309786307488224,-1.0867067870290414,Down,C1
C1orf210,-1.0450509766638723,6.044469100234837,-4.1219662330266935,8.684490710748399e-4,0.004441618283387664,-1.089538920430308,Down,C1
XM_005270523,-1.0450509766638723,6.044469100234837,-4.1219662330266935,8.684490710748399e-4,0.004441618283387664,-1.089538920430308,Down,C1
OVOL1,-1.51543186124176,10.336088956784836,-4.108581206185524,8.92599483212312e-4,0.004530381221412965,-1.1170377946833563,Down,C1
XM_005274017,-1.51543186124176,10.336088956784836,-4.108581206185524,8.92599483212312e-4,0.004530381221412965,-1.1170377946833563,Down,C1
CLDN4,-1.163254154295716,10.51865904685813,-4.085094713085594,9.366373815917987e-4,0.004704670507846614,-1.1653029685117637,Down,C1
NECTIN4,-1.3493337215979562,8.133633301510743,-4.082997603228815,9.406753008732264e-4,0.004720486843311558,-1.1696133530709796,Down,C1
ADGRF1,-1.8265931602979224,7.284117876116253,-4.080899972837198,9.447319066953097e-4,0.004730952477467311,-1.1739249315225777,Down,C1
SLC26A2,-1.4914715264723561,9.74649717366511,-4.07477772279029,9.566735942031279e-4,0.004776800417737357,-1.1865096210400088,Down,C1
NR1D1,-1.6445542325920695,10.68979631764143,-4.070627717962613,9.64855385847409e-4,0.0048026667298028845,-1.1950408116235325,Down,C1
RHEX,-1.0738426965038936,5.2233312575177395,-4.058344094224497,9.89491447723582e-4,0.004884774522472525,-1.2202949948597324,Down,C1
XM_005272738,-1.0738426965038936,5.2233312575177395,-4.058344094224497,9.89491447723582e-4,0.004884774522472525,-1.2202949948597324,Down,C1
ST14,-1.3336314100502733,7.3605291447257235,-4.025530014002531,0.0010584808914697688,0.005154323058847107,-1.2877762506019064,Down,C1
MEIG1,-1.1897154491019215,5.8091173026219955,-3.983263464948762,0.0011545875238941174,0.005530315256137818,-1.3747292046203698,Down,C1
XM_005252559,-1.1897154491019215,5.8091173026219955,-3.983263464948762,0.0011545875238941174,0.005530315256137818,-1.3747292046203698,Down,C1
XM_005252561,-1.1897154491019215,5.8091173026219955,-3.983263464948762,0.0011545875238941174,0.005530315256137818,-1.3747292046203698,Down,C1
FBXO16,-1.116858919180955,5.309339661735917,-3.974751070532324,0.001174988824325956,0.005606775698105686,-1.3922450760598952,Down,C1
FRMD4B,-1.0564907749119623,9.6696572289361,-3.971096694630831,0.001183858796348904,0.005639153937360975,-1.3997649816589934,Down,C1
ADTRP,-1.0091007466139281,6.337673894372853,-3.9709880034488556,0.0011841236498749818,0.005639153937360975,-1.3999886472603027,Down,C1
XM_005249454,-1.0091007466139281,6.337673894372853,-3.9709880034488556,0.0011841236498749818,0.005639153937360975,-1.3999886472603027,Down,C1
XM_005249455,-1.0091007466139281,6.337673894372853,-3.9709880034488556,0.0011841236498749818,0.005639153937360975,-1.3999886472603027,Down,C1
ATXN7,-1.0882877015797199,5.186455452948671,-3.949438049532831,0.001237839076270049,0.005816486591353508,-1.444337419678746,Down,C1
FGFR3,-1.1550049799723947,12.185019807016074,-3.948476399721812,0.0012402927920020213,0.005822310445508088,-1.446316582035525,Down,C1
FBXO15,-1.390350069018873,5.725025781936663,-3.944647186911756,0.0012501122330026051,0.005851246844096827,-1.4541975507968843,Down,C1
XM_006722416,-1.390350069018873,5.725025781936663,-3.944647186911756,0.0012501122330026051,0.005851246844096827,-1.4541975507968843,Down,C1
TM6SF1,-1.3109190280951895,6.36543548372719,-3.9443531509040723,0.0012508694899855766,0.005852508674197624,-1.4548027179799243,Down,C1
XM_005272432,-1.3109190280951895,6.36543548372719,-3.9443531509040723,0.0012508694899855766,0.005852508674197624,-1.4548027179799243,Down,C1
NR4A1,-1.7784659144379162,8.485696621728447,-3.9279093948685184,0.0012939660478977232,0.0060049831944395116,-1.4886476417477077,Down,C1
XM_006719364,-1.7784659144379162,8.485696621728447,-3.9279093948685184,0.0012939660478977232,0.0060049831944395116,-1.4886476417477077,Down,C1
UGT2A1,-2.1052436341057383,3.5782653831148665,-3.917747498738626,0.0013213469785987087,0.006092003492187131,-1.5095642840911472,Down,C1
UGT2A2,-2.1052436341057383,3.5782653831148665,-3.917747498738626,0.0013213469785987087,0.006092003492187131,-1.5095642840911472,Down,C1
ZBTB43,-1.1047331890698535,6.071315308063198,-3.9101302230953716,0.0013422552777188402,0.006177720263817374,-1.5252437227946185,Down,C1
GRHL1,-1.3095373665012398,6.139695416816458,-3.896639638996626,0.0013801096159921271,0.006309598286293912,-1.5530136412853341,Down,C1
TP63,-1.42614621375703,5.659017621712664,-3.89260861016627,0.001391628761248881,0.00634895904343198,-1.5613115458045366,Down,C1
SCEL,-1.7368409187888645,9.671446239934793,-3.8685032000312236,0.0014625703849334864,0.006608549393669718,-1.6109336630478488,Down,C1
BNIPL,-1.598512372294124,8.783245356759846,-3.8571327677503446,0.0014972910500928988,0.006740056223617734,-1.6343404196464624,Down,C1
XM_005244924,-1.598512372294124,8.783245356759846,-3.8571327677503446,0.0014972910500928988,0.006740056223617734,-1.6343404196464624,Down,C1
RAPGEF4,-1.144851470978323,6.277767321149374,-3.855638542673684,0.0015019152939722803,0.006755280707119274,-1.6374163691147237,Down,C1
BHLHE40,-1.3431737159032187,7.395208154493777,-3.8484755541222904,0.0015242840441911576,0.006821902970105569,-1.65216174458011,Down,C1
LINC00615,-1.0033111532204155,4.233341302412727,-3.8353676084510973,0.0015660928152479978,0.0069622818580445354,-1.6791447458446065,Down,C1
TNFRSF17,-1.4732661965482117,4.701298844013902,-3.8335827104594276,0.0015718747616512603,0.006981520730783411,-1.6828189474863295,Down,C1
SOSTDC1,-1.5375233770995171,7.12556014019513,-3.7958484472644,0.0016992821103559443,0.007438659349400579,-1.7604899352322159,Down,C1
TRIB1,-1.4586379164536112,10.253166614886384,-3.7878213404195797,0.0017277018453072223,0.0075314746987039495,-1.77701107180106,Down,C1
XM_006716496,-1.4586379164536112,10.253166614886384,-3.7878213404195797,0.0017277018453072223,0.0075314746987039495,-1.77701107180106,Down,C1
XM_006716497,-1.4586379164536112,10.253166614886384,-3.7878213404195797,0.0017277018453072223,0.0075314746987039495,-1.77701107180106,Down,C1
XR_428373,-1.4586379164536112,10.253166614886384,-3.7878213404195797,0.0017277018453072223,0.0075314746987039495,-1.77701107180106,Down,C1
RNPC3,-1.1625209775974188,4.718058116225815,-3.784549554509251,0.0017394225650340406,0.007569894670493872,-1.783744751857351,Down,C1
BMP7,-1.142667125754631,8.784364449032873,-3.776656928527515,0.0017680278638704952,0.007664115006071812,-1.7999880745950438,Down,C1
SIK1,-1.5633274296455806,11.598398287906974,-3.7561044944179414,0.0018447614729783562,0.007906779441861876,-1.84228175894126,Down,C1
ARAP2,-1.0488571618841949,8.00696654016603,-3.738107533316327,0.0019147056390694714,0.00813538055389369,-1.8793111134080283,Down,C1
XM_005262642,-1.0488571618841949,8.00696654016603,-3.738107533316327,0.0019147056390694714,0.00813538055389369,-1.8793111134080283,Down,C1
CPVL,-2.0391485532660862,8.685402677571936,-3.737594907146048,0.0019167365889860841,0.008139687121168434,-1.8803657734092063,Down,C1
PARD6B,-1.1390980840040772,7.009441610775393,-3.7306104322482487,0.0019446251722854513,0.008242079001447184,-1.8947348922786498,Down,C1
OGDHL,-1.2137869630256182,5.8971862330254545,-3.7116467308434578,0.0020224240790287316,0.008510095468594802,-1.9337436990761336,Down,C1
EPCAM,-1.5433386802785876,8.574068969551398,-3.698418495573269,0.0020785407403234317,0.00868845956970446,-1.9609496546153782,Down,C1
CD36,-2.3391860089160152,5.89177092772692,-3.6856347206649946,0.002134260032752044,0.008838252123208172,-1.987237320648819,Down,C1
XM_005250713,-2.3391860089160152,5.89177092772692,-3.6856347206649946,0.002134260032752044,0.008838252123208172,-1.987237320648819,Down,C1
CYP26A1,-2.4246478367440503,8.338942033819873,-3.659342784574241,0.0022536224840480545,0.0092037880158539,-2.041287854789032,Down,C1
PAX6,-1.4005938901604207,12.52245865765083,-3.6575458021923373,0.0022620214303551,0.009212473485261085,-2.0449812997778265,Down,C1
XM_005252957,-1.4005938901604207,12.52245865765083,-3.6575458021923373,0.0022620214303551,0.009212473485261085,-2.0449812997778265,Down,C1
XM_005252958,-1.4005938901604207,12.52245865765083,-3.6575458021923373,0.0022620214303551,0.009212473485261085,-2.0449812997778265,Down,C1
CXADR,-1.7051749728872618,7.582625215543861,-3.6509977738800363,0.002292893367065503,0.0093025737992404,-2.058438975872705,Down,C1
RAPGEFL1,-1.2191156727359047,7.701395341058719,-3.643130014864905,0.002330547829967514,0.009409930805752012,-2.0746071260034125,Down,C1
XM_006721933,-1.2191156727359047,7.701395341058719,-3.643130014864905,0.002330547829967514,0.009409930805752012,-2.0746071260034125,Down,C1
EMP1,-1.140048560696421,9.829779504826305,-3.639657504126012,0.0023473639622146056,0.009465966031766627,-2.081742424938396,Down,C1
KLHL14,-1.5716991072131403,9.176970747280434,-3.6342501094375206,0.0023737930061673122,0.009530626021613139,-2.0928526765484072,Down,C1
LGALS3,-1.3335600953862494,7.815411990210416,-3.6060097305792143,0.002516752491046065,0.009991249303686348,-2.150858933066063,Down,C1
HMGCS1,-1.0999004980822296,6.381612220210093,-3.604176236217194,0.0025263273462381836,0.010019317409849453,-2.154623889689124,Down,C1
TRIM29,-1.3464404384401352,9.0536558922486865,-3.5499604896209513,0.0028265790218897154,0.010967358938595536,-2.2658857204921015,Down,C1
GJB4,-1.0946387600117653,4.748084758621537,-3.518941079622218,0.003014187141508412,0.011540360467456517,-2.3294793020050735,Down,C1
MEAK7,-1.0048697712801271,5.997515004310111,-3.4673092535053907,0.0033544909993456578,0.012496431222900284,-2.435209114241842,Down,C1
XM_005256077,-1.0048697712801271,5.997515004310111,-3.4673092535053907,0.0033544909993456578,0.012496431222900284,-2.435209114241842,Down,C1
DPP10,-1.1858112244480647,4.94497026086163,-3.45197704830901,0.00346275210660635,0.01279448523133707,-2.466573480609595,Down,C1
XM_005263718,-1.1858112244480647,4.94497026086163,-3.45197704830901,0.00346275210660635,0.01279448523133707,-2.466573480609595,Down,C1
ELAVL2,-1.233593013501931,7.937518333647553,-3.4469231680775154,0.0034991968265902693,0.012891438562059807,-2.476908483504089,Down,C1
NTF3,-1.122874634064111,7.59350437331398,-3.439043345804329,0.003556785511011907,0.013055507850635846,-2.493018901800622,Down,C1
SNORD21,-1.1660758774877396,4.715341934642011,-3.4198749260210155,0.003700855175137048,0.013462856307008097,-2.5321905214949965,Down,C1
HOMER2,-1.3012883603274723,7.009608075210592,-3.3827527240386237,0.003996619299667944,0.01429184392589839,-2.607972656671129,Down,C1
XM_005272448,-1.3012883603274723,7.009608075210592,-3.3827527240386237,0.003996619299667944,0.01429184392589839,-2.607972656671129,Down,C1
EDIL3,-1.1816287999081805,9.727608666756801,-3.3768485891034485,0.004045783216720244,0.014441833546656646,-2.6200153848942955,Down,C1
HBEGF,-1.405693204360718,8.488167090918548,-3.375534621665225,0.004056806348279037,0.014472572231182142,-2.622695107173275,Down,C1
PCK1,-2.062472161933993,7.355578788419809,-3.352581558771285,0.00425425990455868,0.015018494812357324,-2.669482335499702,Down,C1
NTRK2,-1.3739541860100903,9.792535723309628,-3.3312531835474495,0.004446297485174176,0.015536863193491499,-2.7129164468896416,Down,C1
BCO1,-1.242804922026596,6.12240460747001,-3.3310665587812314,0.004448015319081639,0.015536863193491499,-2.7132963164323716,Down,C1
TNNT1,-1.6225450987005248,6.046841368469671,-3.322149734876482,0.004530865970149192,0.015744874043075275,-2.7314425016222597,Down,C1
XM_006723343,-1.6225450987005248,6.046841368469671,-3.322149734876482,0.004530865970149192,0.015744874043075275,-2.7314425016222597,Down,C1
LMNB1,-1.123605037719651,7.102213051211533,-3.315575627098778,0.004592929993601465,0.01590517738620407,-2.7448163658652636,Down,C1
GJA3,-1.0435110643020202,5.315022455479868,-3.304396019766528,0.004700418844652627,0.016174290764900262,-2.7675498170209156,Down,C1
CYS1,-1.1868281712659776,6.9563011790314055,-3.2959166205099084,0.004783609072072162,0.016399969282656197,-2.784784339916257,Down,C1
SDR16C5,-1.3065484988614884,9.410288933751326,-3.285614837829327,0.0048866478156880675,0.016660414896611506,-2.8057132574980743,Down,C1
XM_005251180,-1.3065484988614884,9.410288933751326,-3.285614837829327,0.0048866478156880675,0.016660414896611506,-2.8057132574980743,Down,C1
XM_005251181,-1.3065484988614884,9.410288933751326,-3.285614837829327,0.0048866478156880675,0.016660414896611506,-2.8057132574980743,Down,C1
BTG1,-1.0379479372077682,5.164699453449335,-3.2852733731094657,0.004890100622862631,0.016669818939063892,-2.8064067877806984,Down,C1
FOSL1,-1.1353628853618387,7.774158274362325,-3.2413408765089144,0.005355134053800412,0.017924128790868427,-2.895533785640339,Down,C1
XM_005274311,-1.1353628853618387,7.774158274362325,-3.2413408765089144,0.005355134053800412,0.017924128790868427,-2.895533785640339,Down,C1
NUAK2,-1.4320984202804325,11.235674811360644,-3.221059587264834,0.0055843540045626,0.018511262821783062,-2.9366077255630767,Down,C1
UGT2B15,-1.2147311130320984,2.771706600468759,-3.189564252325947,0.005959710517876628,0.01943845347878165,-3.0002976120286178,Down,C1
TMPRSS11D,-1.2717870133646674,8.436241891584961,-3.185149456904882,0.0060142820784746176,0.019573531992887833,-3.009215659382561,Down,C1
CYP2C18,-1.399347448403594,5.644245178216405,-3.1846181149541453,0.006020883251825783,0.01958970310564219,-3.0102888274841133,Down,C1
STAT4,-1.0329535314613967,6.194248973483824,-3.1837467454058657,0.006031724298416026,0.019614340416011577,-3.012048684456394,Down,C1
XM_005246817,-1.0329535314613967,6.194248973483824,-3.1837467454058657,0.006031724298416026,0.019614340416011577,-3.012048684456394,Down,C1
PLCB4,-1.0905904493486638,7.253911901970488,-3.168606839296381,0.006223195668393231,0.020114347216910092,-3.0426107733586543,Down,C1
YOD1,-1.1063646694934413,8.31367713142128,-3.1604186926063056,0.0063292394803969206,0.020346280187259244,-3.0591276232935973,Down,C1
CD24,-2.502787861628427,8.373135796491178,-3.139661473708647,0.00660612656292771,0.02102363428313324,-3.100959283453701,Down,C1
FGFBP1,-1.234745235934362,10.083411975855627,-3.1257225314124186,0.006798737752788516,0.021508277783370236,-3.129017925657061,Down,C1
EPHA2,-1.0354706882753533,9.020232466740186,-3.121310054359026,0.006860856856185946,0.021661968726937,-3.1378945752824685,Down,C1
XM_005245751,-1.0354706882753533,9.020232466740186,-3.121310054359026,0.006860856856185946,0.021661968726937,-3.1378945752824685,Down,C1
GAREM1,-1.229926940460432,7.509188718662461,-3.1200922411603225,0.006878099635926369,0.021687880643918116,-3.140343996257032,Down,C1
MYEOV,-1.2236708374063001,7.054425606455998,-3.1133579332661854,0.006974223652786634,0.0218960683840326,-3.1538851734505915,Down,C1
XM_006718499,-1.2236708374063001,7.054425606455998,-3.1133579332661854,0.006974223652786634,0.0218960683840326,-3.1538851734505915,Down,C1
VEPH1,-1.3009018742989182,5.1541693980340355,-3.091843950858661,0.007290267417474888,0.02262197783506558,-3.1971020252573457,Down,C1
XM_005247767,-1.3009018742989182,5.1541693980340355,-3.091843950858661,0.007290267417474888,0.02262197783506558,-3.1971020252573457,Down,C1
XM_005247768,-1.3009018742989182,5.1541693980340355,-3.091843950858661,0.007290267417474888,0.02262197783506558,-3.1971020252573457,Down,C1
KLF4,-1.2282539063336024,9.512548003713713,-3.0213211583314767,0.008428348598784042,0.025337828540582988,-3.3382827876434105,Down,C1
CAMSAP1,-1.1047583443509357,4.831751221466324,-2.997726192868957,0.00884676472622414,0.02633511682485822,-3.385341928947386,Down,C1
C1orf116,-1.2115116568798037,9.367448979742843,-2.9975982889310404,0.008849087505356472,0.02633876467058111,-3.3855967755332617,Down,C1
SLC7A8,-1.1603364736729613,6.799974465909598,-2.9961576012524334,0.00887529222767058,0.026400392123999167,-3.3884671327970035,Down,C1
PPP1R3C,-1.5686410681778478,4.938531500267819,-2.987060635749771,0.009042523054215197,0.026778363768941785,-3.40658337706684,Down,C1
HGD,-1.6772679334633507,6.079985069295561,-2.952804593884043,0.009700413228773545,0.028283444887879327,-3.4746743845781847,Down,C1
SPESP1,-1.022680826482251,5.947664440844254,-2.9413299257442156,0.009931088813963068,0.028829946022344163,-3.49743603023949,Down,C1
HSD17B2,-1.1735613177964934,8.608608846432766,-2.9345784989705987,0.010069310950602022,0.02916066619647077,-3.5108172352304554,Down,C1
XR_243405,-1.1735613177964934,8.608608846432766,-2.9345784989705987,0.010069310950602022,0.02916066619647077,-3.5108172352304554,Down,C1
RGS20,-1.442690790158676,6.571841786256094,-2.901247008248988,0.010779735089060397,0.03068855433609627,-3.576754869911677,Down,C1
ZNF750,-1.4215017626244588,10.474156977470713,-2.8933333102081744,0.010955465652446518,0.03102325231123423,-3.5923788802693473,Down,C1
CHL1,-1.3285328676664032,4.428562630486719,-2.8828106363172177,0.011193465200046776,0.03152471515558599,-3.613134819273942,Down,C1
SLC44A5,-2.2076834058661357,5.9803370555930595,-2.857891857722782,0.011777351869984437,0.03269488776120362,-3.66219895093893,Down,C1
FOSB,-1.68028750038037,10.602193326384327,-2.836371403336508,0.012305395194195278,0.033851472258002877,-3.704469675577332,Down,C1
SLC2A5,-1.0259806911629017,7.463487804164333,-2.8330166271879214,0.012389759411740245,0.03403868642479989,-3.711050439832349,Down,C1
XM_006710836,-1.0259806911629017,7.463487804164333,-2.8330166271879214,0.012389759411740245,0.03403868642479989,-3.711050439832349,Down,C1
C12orf75,-1.0648332927057176,10.04212449039703,-2.820447053408694,0.01271088265359451,0.034720223677202164,-3.7356857753962736,Down,C1
SLC12A8,-1.0790243661083263,7.7502047648181405,-2.796873478965651,0.01333507737903867,0.036011310446859374,-3.7817959448771323,Down,C1
DPP6,-1.0150886560853651,4.522082372994456,-2.79464182784139,0.013395687282348426,0.036142455727397355,-3.7861547507277526,Down,C1
XM_006715871,-1.0150886560853651,4.522082372994456,-2.79464182784139,0.013395687282348426,0.036142455727397355,-3.7861547507277526,Down,C1
ITPKC,-1.0043793148293343,8.048665391942654,-2.777649202937841,0.013866041071580145,0.03705742320455034,-3.8193077750420823,Down,C1
XM_006723404,-1.0043793148293343,8.048665391942654,-2.777649202937841,0.013866041071580145,0.03705742320455034,-3.8193077750420823,Down,C1
XR_243961,-1.0043793148293343,8.048665391942654,-2.777649202937841,0.013866041071580145,0.03705742320455034,-3.8193077750420823,Down,C1
FOXP2,-1.0695555433763553,3.4805047727833753,-2.775107442879546,0.013937759612877186,0.037224224571968195,-3.8242612043586317,Down,C1
LIX1,-1.1626994505125396,3.827463332360075,-2.7741369124409143,0.013965238949639792,0.0372893164166486,-3.826152203946297,Down,C1
KLK5,-1.3223214978294848,7.306707892875707,-2.743056051976858,0.014873544420180773,0.03904996862537507,-3.886595647023357,Down,C1
RAB25,-1.0712003170270012,10.406282285156568,-2.7219138843812796,0.015523800087476636,0.04036337425898963,-3.92758079352838,Down,C1
CLIC3,-1.1484746000857058,7.666152604973688,-2.6965296694056184,0.01634086085718432,0.041974886803739085,-3.9766454859036324,Down,C1
XM_005266117,-1.1484746000857058,7.666152604973688,-2.6965296694056184,0.01634086085718432,0.041974886803739085,-3.9766454859036324,Down,C1
MSMB,-2.050356764114804,7.954738521748915,-2.696016515339679,0.016357798806646184,0.04201389908583432,-3.977635702748309,Down,C1
NLGN4X,-1.1164328181948378,8.05511353779256,-2.6712748936064084,0.01719485372963162,0.04367140143496774,-4.025299701644121,Down,C1
TACSTD2,-1.36624285359549,6.381553731785295,-2.661930688518033,0.01752160108780846,0.04434346998203065,-4.043260163404614,Down,C1
DSC3,-1.3880514498764978,8.35960642790421,-2.6558011090052567,0.017739178117608664,0.044731162524019916,-4.055029444127339,Down,C1
CERS3,-1.1140982987894317,7.222265098503961,-2.648214671909348,0.01801207040291782,0.04528886781568048,-4.069582325948339,Down,C1
GPX2,-1.3342059698203688,9.701497663455516,-2.6412135321795875,0.018267488663767862,0.04578688269764481,-4.082998911149008,Down,C1
IL36G,-1.4282616581392897,5.746185721512745,-2.6373849964252067,0.018408632130926302,0.04605900014661661,-4.090330165714554,Down,C1
H19,-1.7703279117487103,11.13700756374687,-2.624028003288192,0.018909306622502522,0.04702969398547832,-4.115876527452619,Down,C1
CALML5,-1.0594229895902698,7.864990791722129,-2.6197754813913794,0.019071435509266425,0.04731512704149067,-4.123999662975956,Down,C1
ERICH3,-1.1953829312073894,3.44774256412931,-2.6036362486966733,0.019698977224988253,0.04853863580270692,-4.15478345679998,Down,C1
XM_005270450,-1.1953829312073894,3.44774256412931,-2.6036362486966733,0.019698977224988253,0.04853863580270692,-4.15478345679998,Down,C1
XM_006710350,-1.1953829312073894,3.44774256412931,-2.6036362486966733,0.019698977224988253,0.04853863580270692,-4.15478345679998,Down,C1
