Symbol,logFC,AveExpr,t,P.Value,adj.P.Val,B,status,contrast
GNB4,4.209956341237319,7.383740125236084,27.00488352155642,2.4279705417775868e-14,5.827614894374564e-10,22.40383760345989,Up,C1
MMP2,4.493044831054223,8.664136959217137,22.605629456715818,3.4757527013335074e-13,3.9551166925377726e-9,20.163619473185527,Up,C1
ADAMTS1,5.442053052257708,7.140120539553625,21.894847319302826,5.592654472787512e-13,3.9551166925377726e-9,19.74710431487088,Up,C1
LAMA4,3.8820618815804684,6.165740500226513,21.421181493114425,7.741290423511229e-13,3.9551166925377726e-9,19.459853588409317,Up,C1
PRKACB,3.3620844422577774,6.9738569097821905,21.331482507973988,8.239139847799711e-13,3.9551166925377726e-9,19.404554161758355,Up,C1
MFAP5,4.351242370199426,4.707494653678284,20.763443597180228,1.2297568427023707e-12,4.216660534077471e-9,19.047480884416935,Up,C1
XR_242903,4.351242370199426,4.707494653678284,20.763443597180228,1.2297568427023707e-12,4.216660534077471e-9,19.047480884416935,Up,C1
DOCK10,2.764581848522152,4.522035586381062,19.53669937357724,3.02793301298851e-12,7.267644817775021e-9,18.233641968831748,Up,C1
XM_006712616,2.764581848522152,4.522035586381062,19.53669937357724,3.02793301298851e-12,7.267644817775021e-9,18.233641968831748,Up,C1
XM_006712618,2.764581848522152,4.522035586381062,19.53669937357724,3.02793301298851e-12,7.267644817775021e-9,18.233641968831748,Up,C1
NID1,3.7241381953154518,7.5999340135009925,18.565679600444923,6.418209623758615e-12,1.2006375741657341e-8,17.544706842867917,Up,C1
TGFBR2,3.273527172708773,9.972758827852092,18.514726046592617,6.682915330938765e-12,1.2006375741657341e-8,17.50739110392064,Up,C1
ARMCX3,3.2620603112893756,7.457439383397506,18.354412523983974,7.594173861190798e-12,1.2006375741657341e-8,17.38920182037743,Up,C1
POSTN,6.186973602000372,6.903615600820597,18.322135111180465,7.793125001033185e-12,1.2006375741657341e-8,17.36526073429509,Up,C1
RBMS3,3.377147995591324,7.598892178178205,18.278043356700692,8.073893179881524e-12,1.2006375741657341e-8,17.33247754544722,Up,C1
XM_006713109,3.377147995591324,7.598892178178205,18.278043356700692,8.073893179881524e-12,1.2006375741657341e-8,17.33247754544722,Up,C1
CTSK,2.9223070381147203,9.272996778464876,18.213592180593,8.50380749971564e-12,1.2006375741657341e-8,17.2843917209371,Up,C1
CXCL12,5.381358981227988,6.138090452496608,18.053632718267302,9.679398490961053e-12,1.2906940143335954e-8,17.164195653450214,Up,C1
GUCY1B1,3.2163487595694162,5.957629397975152,17.714816877729508,1.2778592719099946e-11,1.5834893446707172e-8,16.905518053881416,Up,C1
SRPX,5.381879122822044,7.732460261438451,17.58332820006083,1.4251726506807529e-11,1.5834893446707172e-8,16.803605602879486,Up,C1
JAM2,2.810202388763725,4.675240058538733,17.561429660893918,1.4514109483691267e-11,1.5834893446707172e-8,16.786548749009327,Up,C1
XM_006724037,2.810202388763725,4.675240058538733,17.561429660893918,1.4514109483691267e-11,1.5834893446707172e-8,16.786548749009327,Up,C1
PDGFC,2.591372551484646,9.383109921112336,17.442831760217103,1.602714612013683e-11,1.6450727482355388e-8,16.693752051056507,Up,C1
SERPING1,3.2860366182282057,10.000866997389517,17.411853871286304,1.644935670263017e-11,1.6450727482355388e-8,16.669395951903354,Up,C1
EDNRA,3.7047473787915433,6.911772708821296,17.35281746621405,1.7287047103265875e-11,1.65969481829035e-8,16.6228434461311,Up,C1
CYB5R3,1.5604288131678956,11.037176109382349,17.304561864863306,1.800541000101911e-11,1.6621763494017718e-8,16.58465930747746,Up,C1
TAGLN,4.6694801061356985,7.311291268907924,17.149456299553304,2.0537278144862745e-11,1.8256879630851687e-8,16.461110785373528,Up,C1
IFITM2,3.266114869939292,9.861816978750054,17.079826383667456,2.1794489783050275e-11,1.8682547991884737e-8,16.405239593691178,Up,C1
RBPMS,3.7502019734361625,7.435573118487415,17.005726582939726,2.322265727455772e-11,1.9220352410480497e-8,16.345501575287443,Up,C1
SAMHD1,4.6976344161616135,6.075158016263473,16.6862488262388,3.0620761947659953e-11,2.3708371879604327e-8,16.08458759870114,Up,C1
XM_005260384,4.6976344161616135,6.075158016263473,16.6862488262388,3.0620761947659953e-11,2.3708371879604327e-8,16.08458759870114,Up,C1
TMEM47,4.923789690090503,7.901182863056385,16.340816881093026,4.151771052682996e-11,3.11408777520304e-8,15.796201098286504,Up,C1
IFITM1,3.5236267923722515,10.12400926647186,16.291629314728326,4.337748967111512e-11,3.15498941541244e-8,15.75459393121688,Up,C1
PMP22,3.2143246212740824,9.596201773970387,16.179706806630733,4.7946935873936294e-11,3.375705036222789e-8,15.659407780693206,Up,C1
FAM171B,3.3112245522307333,5.9007165325483655,16.08945926774934,5.200326023616134e-11,3.375705036222789e-8,15.582132889153042,Up,C1
HACD1,2.1115889518766044,5.104523102320779,15.602319989637797,8.119283558436798e-11,4.8719760992400006e-8,15.156779365199908,Up,C1
XR_428651,2.1115889518766044,5.104523102320779,15.602319989637797,8.119283558436798e-11,4.8719760992400006e-8,15.156779365199908,Up,C1
COL3A1,4.760600675945179,6.246735673966753,15.501502901469388,8.917271975027048e-11,5.220301510843883e-8,15.066974224498777,Up,C1
HSD17B11,3.367780358241512,7.829291351222841,15.432916027088229,9.507468514224359e-11,5.433291887581263e-8,15.005523379684798,Up,C1
PRR16,1.905241983735955,3.779168088905413,15.336969065048853,1.0403636173931043e-10,5.675183532879384e-8,14.91907179991024,Up,C1
XM_005272012,1.905241983735955,3.779168088905413,15.336969065048853,1.0403636173931043e-10,5.675183532879384e-8,14.91907179991024,Up,C1
ADGRD1,2.933663388597275,5.04559907405745,15.139838963150016,1.253847419359472e-10,6.687743502103567e-8,14.739645709004483,Up,C1
ETS1,3.8120535775790705,7.746205596367806,15.024398763743196,1.4000612361523505e-10,7.30527604133233e-8,14.633430275549395,Up,C1
LDB2,4.454379232642326,5.509144866182135,14.883747138179064,1.6030639461171137e-10,8.015987673896451e-8,14.502859809490486,Up,C1
XM_006713979,4.454379232642326,5.509144866182135,14.883747138179064,1.6030639461171137e-10,8.015987673896451e-8,14.502859809490486,Up,C1
EML1,2.2839564856786776,5.175187978176404,14.80617244157999,1.7281945655086158e-10,8.133358031634861e-8,14.430294741073789,Up,C1
RFTN1,3.2289120446513433,6.504781722419881,14.713943536000608,1.8905857603937506e-10,8.561856494522793e-8,14.343507153029273,Up,C1
XM_006713071,3.2289120446513433,6.504781722419881,14.713943536000608,1.8905857603937506e-10,8.561856494522793e-8,14.343507153029273,Up,C1
VCAN,3.332303550763396,5.813424361103567,14.603742444541558,2.1061162286926115e-10,9.288912715152562e-8,14.239067602060521,Up,C1
FERMT2,3.707195148631599,8.162917809163483,14.527969148029227,2.2693448431856058e-10,9.516053386858365e-8,14.166783922230524,Up,C1
PTGFR,2.9921299409011937,5.184551743320969,14.514595607495114,2.2995212750511837e-10,9.516053386858365e-8,14.153986076455153,Up,C1
XR_426624,2.9921299409011937,5.184551743320969,14.514595607495114,2.2995212750511837e-10,9.516053386858365e-8,14.153986076455153,Up,C1
GJC1,2.687863586753278,4.586634295862822,14.450412243306666,2.4503884487646775e-10,9.802370591208299e-8,14.092396893197131,Up,C1
EPS8,3.15151865195587,8.258990388073071,14.374642719163923,2.642117223644992e-10,9.908119446048275e-8,14.019328488241113,Up,C1
XM_005253340,3.15151865195587,8.258990388073071,14.374642719163923,2.642117223644992e-10,9.908119446048275e-8,14.019328488241113,Up,C1
MICU3,2.7785584361554805,4.265470046969339,14.328102582579188,2.7677224138290523e-10,9.908119446048275e-8,13.974252247557084,Up,C1
XM_006716331,2.7785584361554805,4.265470046969339,14.328102582579188,2.7677224138290523e-10,9.908119446048275e-8,13.974252247557084,Up,C1
XM_006716334,2.7785584361554805,4.265470046969339,14.328102582579188,2.7677224138290523e-10,9.908119446048275e-8,13.974252247557084,Up,C1
XR_428307,2.7785584361554805,4.265470046969339,14.328102582579188,2.7677224138290523e-10,9.908119446048275e-8,13.974252247557084,Up,C1
XR_428309,2.7785584361554805,4.265470046969339,14.328102582579188,2.7677224138290523e-10,9.908119446048275e-8,13.974252247557084,Up,C1
CD302,3.49929535161327,7.9473714211128605,14.313984140157293,2.807066587498053e-10,9.908119446048275e-8,13.96054838459114,Up,C1
CFH,4.157653573231207,9.620465139794936,14.207932962395835,3.1222558243242026e-10,1.0860925260207175e-7,13.857169684237006,Up,C1
PRRG1,2.072318147084988,7.520369429409153,13.967570969177178,3.9841178822921143e-10,1.346856301560216e-7,13.619942977420044,Up,C1
DPYSL2,2.266742419253383,10.947968242265738,13.779691990229832,4.832608689657385e-10,1.6110038023493966e-7,13.431638498089898,Up,C1
IL1R1,2.883750249216373,9.05239241635594,13.619786597936038,5.705906824842924e-10,1.8260423414650648e-7,13.269341718307535,Up,C1
XM_005263929,2.883750249216373,9.05239241635594,13.619786597936038,5.705906824842924e-10,1.8260423414650648e-7,13.269341718307535,Up,C1
XR_244889,2.883750249216373,9.05239241635594,13.619786597936038,5.705906824842924e-10,1.8260423414650648e-7,13.269341718307535,Up,C1
TIMP2,3.3493949484583787,10.412419062465434,13.586303801907267,5.909118588221127e-10,1.8661929520326776e-7,13.235118739391718,Up,C1
COL4A1,3.6592395373817537,6.42769500140319,13.313120807027499,7.883741105900116e-10,2.397972821813497e-7,12.952747301435293,Up,C1
FYN,2.725414033853186,5.39043554773756,13.312057613164397,7.892669482679205e-10,2.397972821813497e-7,12.95163726631984,Up,C1
XM_005266887,2.725414033853186,5.39043554773756,13.312057613164397,7.892669482679205e-10,2.397972821813497e-7,12.95163726631984,Up,C1
CFHR1,2.6371061581087556,10.59917272489025,13.297092245669102,8.019487690931121e-10,2.406046794471609e-7,12.936003358220672,Up,C1
KLF12,2.1789887910569474,6.101078768474326,13.203493292187849,8.86328322911664e-10,2.6263768403118224e-7,12.837831439346699,Up,C1
PLPP3,2.462513596979001,9.596713848909552,13.107802025223673,9.82392016557057e-10,2.807068235881248e-7,12.736761726759434,Up,C1
SHC1,1.4156615513078492,10.82972223425707,12.953940776354022,1.1607103392204541e-9,3.245223462361364e-7,12.572743414955555,Up,C1
C1S,4.495398337785095,9.892857136340725,12.940403492783686,1.1779639699450207e-9,3.245223462361364e-7,12.558222569284107,Up,C1
XM_005253760,4.495398337785095,9.892857136340725,12.940403492783686,1.1779639699450207e-9,3.245223462361364e-7,12.558222569284107,Up,C1
IRAK3,2.5686283494181072,4.777015902045071,12.920159818453874,1.2042740207830401e-9,3.245223462361364e-7,12.536480761081664,Up,C1
PLTP,2.4897168426967395,6.721892575799966,12.85915558887747,1.2873939015268998e-9,3.395607519170181e-7,12.470763271667982,Up,C1
GLIPR1,3.9422168269039,5.262531207384102,12.839721277200082,1.3151338183406141e-9,3.4031798366261694e-7,12.449764564360395,Up,C1
COL14A1,3.511232699388828,4.781746537212116,12.837308074248568,1.318622301500849e-9,3.4031798366261694e-7,12.447154979921029,Up,C1
GBP2,3.486938958823507,7.004802674478795,12.820128333694113,1.3437421667835542e-9,3.431116966716901e-7,12.428563589405547,Up,C1
VGLL3,3.5363515119258437,6.027609214350706,12.684496875614325,1.5607882766429408e-9,3.902295855831653e-7,12.280945389467549,Up,C1
MEDAG,2.6365096497884855,5.888015208401674,12.631192617182192,1.655998820116768e-9,4.0976581113858417e-7,12.222518068819076,Up,C1
ZNF711,2.4858700226086623,4.810875902809474,12.585462870612938,1.7425858735791436e-9,4.267912871188429e-7,12.172206324074585,Up,C1
SESTD1,2.669392766270848,6.80997259571169,12.560945624252843,1.7909716520400821e-9,4.342111271946066e-7,12.145161113506637,Up,C1
DEPP1,3.5872417364844686,7.955479679564358,12.542414245239604,1.8284877303296794e-9,4.388736250337297e-7,12.12468579150829,Up,C1
LAMA2,2.479072249949292,6.956825756117658,12.533130147176614,1.8475952336896778e-9,4.3906911682197665e-7,12.11441703001732,Up,C1
PRKD1,3.157248990070313,5.544358443546619,12.497733601518485,1.922407670842781e-9,4.4797697976280036e-7,12.07520030410957,Up,C1
STEAP2,2.278081562791006,6.318616934140493,12.45846720996097,2.009168838342398e-9,4.6369298517206e-7,12.031573261586276,Up,C1
ADCY3,1.9370592149343118,5.6686166517190255,12.42083128434685,2.0962281482934595e-9,4.791777906222821e-7,11.98963601205124,Up,C1
PDGFRA,3.9216413804908337,8.908226430160846,12.391815397584967,2.1660724810901666e-9,4.874608868099817e-7,11.957222306263683,Up,C1
MAP1B,3.892640115829984,6.858926460951309,12.38895825418788,2.1730820301919856e-9,4.874608868099817e-7,11.954026730744625,Up,C1
XM_006722498,1.9953595376321251,6.461980547732534,12.32922937587075,2.3252541791258624e-9,5.027995568232338e-7,11.887064128641716,Up,C1
XM_006722499,1.9953595376321251,6.461980547732534,12.32922937587075,2.3252541791258624e-9,5.027995568232338e-7,11.887064128641716,Up,C1
XR_430078,1.9953595376321251,6.461980547732534,12.32922937587075,2.3252541791258624e-9,5.027995568232338e-7,11.887064128641716,Up,C1
ZNF532,1.9953595376321251,6.461980547732534,12.32922937587075,2.3252541791258624e-9,5.027995568232338e-7,11.887064128641716,Up,C1
MRGPRF,2.3011286116458693,5.838727069133647,12.264931049149189,2.5017598112052514e-9,5.229810980120129e-7,11.814638416816793,Up,C1
FBLN1,3.594288120876726,7.796040128825662,12.258112653855797,2.5212924587798307e-9,5.229810980120129e-7,11.806937380541127,Up,C1
DDR2,3.182194770554701,7.5987758105304835,12.191718775989134,2.720157109929923e-9,5.530442959320249e-7,11.731739391298829,Up,C1
XM_006711345,3.182194770554701,7.5987758105304835,12.191718775989134,2.720157109929923e-9,5.530442959320249e-7,11.731739391298829,Up,C1
PPP1R3B,1.7615419252623878,5.534944129144554,12.181830428964188,2.751168221160488e-9,5.530442959320249e-7,11.720507210264257,Up,C1
C1R,3.9879074470075775,8.962124868996643,12.094902944441664,3.040453806187084e-9,5.912877687643822e-7,11.621400356966786,Up,C1
C3,4.380136786917788,9.443807380884312,12.090842038538478,3.054732244262286e-9,5.912877687643822e-7,11.616754357825963,Up,C1
COL4A2,3.4675150003765003,6.500279729224855,12.043809180043176,3.225375136734198e-9,6.169253833569736e-7,11.562839651411133,Up,C1
CCND2,3.643436297525021,7.621516836351569,12.02350774745006,3.3021247327463095e-9,6.169253833569736e-7,11.539507613567162,Up,C1
XM_005253813,3.643436297525021,7.621516836351569,12.02350774745006,3.3021247327463095e-9,6.169253833569736e-7,11.539507613567162,Up,C1
PLBD2,2.1435815557277724,6.418960576439987,11.979126804895683,3.476722049000617e-9,6.37221959827113e-7,11.488374744107903,Up,C1
SACS,2.8257732309968135,5.722198149507164,11.96611041685167,3.5297634881882847e-9,6.37221959827113e-7,11.473345024450632,Up,C1
ADAMTS5,3.7895104689875083,5.007499504399439,11.95986659640245,3.5555103390442144e-9,6.37221959827113e-7,11.466130094541773,Up,C1
GABRE,2.0716202859874473,5.1390678044233775,11.959379768503629,3.557526148522337e-9,6.37221959827113e-7,11.465567404173486,Up,C1
XM_006724813,2.0716202859874473,5.1390678044233775,11.959379768503629,3.557526148522337e-9,6.37221959827113e-7,11.465567404173486,Up,C1
ADAMTSL1,2.571698766246702,5.910320960864911,11.90212320109663,3.803260807352966e-9,6.761915992450807e-7,11.399241385372333,Up,C1
PLXND1,2.0473019078478076,7.2663829382100475,11.873250633795156,3.9339347150736e-9,6.801171736392267e-7,11.365684366940576,Up,C1
RHOJ,2.6602827785756427,4.970969820875927,11.872220536930357,3.938683740348826e-9,6.801171736392267e-7,11.364485761573173,Up,C1
XR_245708,2.6602827785756427,4.970969820875927,11.872220536930357,3.938683740348826e-9,6.801171736392267e-7,11.364485761573173,Up,C1
XR_245709,2.6602827785756427,4.970969820875927,11.872220536930357,3.938683740348826e-9,6.801171736392267e-7,11.364485761573173,Up,C1
PAPSS2,4.123310822663025,7.548838877348093,11.856960438822748,4.009752371312093e-9,6.871488593205337e-7,11.346718185861713,Up,C1
CACNA2D1,2.4924714856497614,6.213218827445424,11.81116305551699,4.231307769964478e-9,7.052767298242179e-7,11.293269823725497,Up,C1
KCTD12,3.14014530212369,9.436673845395255,11.743847320648365,4.580790555765138e-9,7.549086593502621e-7,11.21436422738668,Up,C1
PTPRB,3.335123733612953,5.19093822449756,11.741783150159923,4.591978346185246e-9,7.549086593502621e-7,11.211938168042588,Up,C1
DAB2,3.56230609917042,7.491763725857596,11.726599430005708,4.675168188781434e-9,7.633563732457957e-7,11.194080531255489,Up,C1
ZEB1,2.769638817142841,7.61428196451441,11.635211459409833,5.210773085851005e-9,8.321975437780725e-7,11.086153774390718,Up,C1
PLSCR4,2.5640911900555787,8.480400805180537,11.631240093018155,5.235473256832304e-9,8.321975437780725e-7,11.081446323815824,Up,C1
ZEB2,3.383380690997338,5.011730719166768,11.625198576910101,5.27328679988754e-9,8.326936169138206e-7,11.074282240408815,Up,C1
MFHAS1,1.888439304920774,6.672034332560555,11.609888111315643,5.370414612873715e-9,8.424881799882019e-7,11.05611188834814,Up,C1
LIFR,4.370447723289891,5.618108210750386,11.590764434900466,5.494399933088737e-9,8.546562246472525e-7,11.03338565143254,Up,C1
BACE2,1.5143289261607924,5.690439385160919,11.578965208418342,5.572406674011711e-9,8.573647755745454e-7,11.019346791738661,Up,C1
ADGRL4,4.070227668260934,5.024012730406628,11.386453831192993,7.0251060608764175e-9,1.0671936435009857e-6,10.788461102217392,Up,C1
SEPTIN6,1.9159312624026672,6.1325226564017585,11.377367129009057,7.10289606417397e-9,1.0722245995742365e-6,10.777477043335798,Up,C1
TFPI,3.9524590755011024,6.772253951655786,11.347664189817383,7.363601849396935e-9,1.1003797013694635e-6,10.741517371558873,Up,C1
GLIPR2,1.7648921464757636,4.868689999107949,11.345710725408365,7.381098738458612e-9,1.1003797013694635e-6,10.739149488405877,Up,C1
DOCK4,1.8531276445693603,6.046117932642087,11.34027040735073,7.430059098594812e-9,1.1008412252127944e-6,10.732553120091415,Up,C1
CYTH3,1.5813819501222985,8.72389866376132,11.312598252098338,7.684470908093824e-9,1.1315501272151408e-6,10.698957130430239,Up,C1
XM_005250850,2.821595625487471,4.504571567847306,11.2720229376776,8.07430901076146e-9,1.1745428174321004e-6,10.649563687234101,Up,C1
ZFPM2,2.821595625487471,4.504571567847306,11.2720229376776,8.07430901076146e-9,1.1745428174321004e-6,10.649563687234101,Up,C1
SDCBP,1.3147277644368653,11.515968161845008,11.263295174892656,8.160865947278262e-9,1.1799825570275473e-6,10.63891855883737,Up,C1
VEGFC,3.303236066397611,6.128678911205013,11.233450463711819,8.464343138272433e-9,1.2162657103583392e-6,10.602462162631296,Up,C1
DPYD,2.3865573387173002,8.374234006271955,11.228756478957209,8.513150543296433e-9,1.2162657103583392e-6,10.596720500299655,Up,C1
PLCL2,2.660524456603361,5.270367210664264,11.195114940314769,8.871783430137175e-9,1.2600032301192454e-6,10.555508190936438,Up,C1
COL1A1,3.6529420528633167,9.740859437925682,11.154609819067161,9.324910702330749e-9,1.3102391685622373e-6,10.505742619327696,Up,C1
SGCE,3.275436130671393,5.881836854437862,11.114742013743058,9.794879052652176e-9,1.3437170703922741e-6,10.456604632125307,Up,C1
XM_005250675,3.275436130671393,5.881836854437862,11.114742013743058,9.794879052652176e-9,1.3437170703922741e-6,10.456604632125307,Up,C1
XM_006716167,3.275436130671393,5.881836854437862,11.114742013743058,9.794879052652176e-9,1.3437170703922741e-6,10.456604632125307,Up,C1
AEBP1,3.186133073881881,8.722126290757423,11.105632918197221,9.90573514525935e-9,1.350894630434744e-6,10.445355749885165,Up,C1
LARP6,2.4304533424237693,7.807624274709632,11.058996974135278,1.049445471287539e-8,1.405530789321051e-6,10.387637749392502,Up,C1
TLR4,2.0651965708723883,4.363904247113973,11.055458995286982,1.0540602536363186e-8,1.405530789321051e-6,10.38325035567267,Up,C1
WNT2B,1.4050136604513241,5.642403773269272,11.042817539800335,1.070725348042029e-8,1.4127959310175537e-6,10.3675638456227,Up,C1
RAB27A,1.9323116449088582,8.049312082286171,11.03510761059204,1.0810258898615133e-8,1.4127959310175537e-6,10.35798905641318,Up,C1
XM_005254577,1.9323116449088582,8.049312082286171,11.03510761059204,1.0810258898615133e-8,1.4127959310175537e-6,10.35798905641318,Up,C1
ARMCX1,2.4901004592635525,8.243753613125048,10.90487440742928,1.2718048873083577e-8,1.6411753174825375e-6,10.195368433024862,Up,C1
SLC9B2,1.828595061287352,5.009782380589601,10.867682642421787,1.332599418365513e-8,1.7104305475726761e-6,10.14861814210638,Up,C1
PTPRG,2.8560252132737567,6.379316009480254,10.859123266273118,1.3470211182590138e-8,1.7197447276836623e-6,10.137839368558973,Up,C1
MIR224,2.0643952342172156,5.135116302197759,10.85356065073308,1.3564819848418645e-8,1.7226603492155785e-6,10.130830463063637,Up,C1
PLAGL1,3.1533866167032327,7.036310557638349,10.84440906322803,1.3722001655664928e-8,1.7334499144172084e-6,10.119292694624013,Up,C1
GRB10,2.032295596114478,7.254812739462749,10.827510854263114,1.4017317531593954e-8,1.751695418174218e-6,10.09796635690927,Up,C1
XM_006715704,2.032295596114478,7.254812739462749,10.827510854263114,1.4017317531593954e-8,1.751695418174218e-6,10.09796635690927,Up,C1
SLIT3,2.1571642457703257,5.066951290286355,10.823669820358543,1.4085376873078247e-8,1.751695418174218e-6,10.093114787564646,Up,C1
CCDC80,3.832942827854649,6.214094409138529,10.799396527384895,1.4523637153660353e-8,1.7968883451657515e-6,10.062421097380168,Up,C1
FBLN5,3.072881537052467,7.245266040304289,10.77827342312814,1.4916756310071097e-8,1.8088724263311182e-6,10.035662481465176,Up,C1
XM_005267267,3.072881537052467,7.245266040304289,10.77827342312814,1.4916756310071097e-8,1.8088724263311182e-6,10.035662481465176,Up,C1
CCDC68,1.9635634696550457,4.464430018518347,10.773214302582394,1.5012570836407808e-8,1.8088724263311182e-6,10.029246927714633,Up,C1
ATP8B2,2.683754100767077,7.285644022737392,10.744933245986653,1.5560307486126942e-8,1.8280061704782533e-6,9.993335528195884,Up,C1
SH3PXD2B,1.6899248775752103,8.148473434867483,10.742272401132027,1.561291829631039e-8,1.8280061704782533e-6,9.989952603749797,Up,C1
PCDH18,3.195663584132287,6.781316808778906,10.715001182139707,1.616310132621853e-8,1.8598669167437418e-6,9.955239270789667,Up,C1
ADD3,1.5359185066672723,10.17919767191409,10.713216974046167,1.6199804030880273e-8,1.8598669167437418e-6,9.952965529376586,Up,C1
XM_005269531,1.5359185066672723,10.17919767191409,10.713216974046167,1.6199804030880273e-8,1.8598669167437418e-6,9.952965529376586,Up,C1
XM_005269534,1.5359185066672723,10.17919767191409,10.713216974046167,1.6199804030880273e-8,1.8598669167437418e-6,9.952965529376586,Up,C1
ENG,1.9762889312435084,7.07776134600787,10.709696618064962,1.6272479481550945e-8,1.8598669167437418e-6,9.948478342339575,Up,C1
CD200,2.6113054799905857,5.1842317773534745,10.685925168282942,1.6772337111508633e-8,1.863748311807547e-6,9.918145234458153,Up,C1
XM_005247481,2.6113054799905857,5.1842317773534745,10.685925168282942,1.6772337111508633e-8,1.863748311807547e-6,9.918145234458153,Up,C1
XM_005247483,2.6113054799905857,5.1842317773534745,10.685925168282942,1.6772337111508633e-8,1.863748311807547e-6,9.918145234458153,Up,C1
XM_005247485,2.6113054799905857,5.1842317773534745,10.685925168282942,1.6772337111508633e-8,1.863748311807547e-6,9.918145234458153,Up,C1
XM_005247491,2.6113054799905857,5.1842317773534745,10.685925168282942,1.6772337111508633e-8,1.863748311807547e-6,9.918145234458153,Up,C1
XM_006713648,2.6113054799905857,5.1842317773534745,10.685925168282942,1.6772337111508633e-8,1.863748311807547e-6,9.918145234458153,Up,C1
SLC43A3,2.675452791735432,7.088433235123303,10.68011359750423,1.689699340456936e-8,1.868947629937667e-6,9.910720717241611,Up,C1
LIN7A,1.5975798664495318,3.649071843428916,10.660290954473354,1.7329602874329175e-8,1.890659673589313e-6,9.88537051288659,Up,C1
XM_005269212,1.5975798664495318,3.649071843428916,10.660290954473354,1.7329602874329175e-8,1.890659673589313e-6,9.88537051288659,Up,C1
SH3KBP1,2.5687442795659443,7.717780322790762,10.644980769143283,1.767174104910685e-8,1.919263025613858e-6,9.865763532852933,Up,C1
DOCK11,2.702608094916573,6.368321036110203,10.618432072007097,1.828206453901459e-8,1.976604112907334e-6,9.831706941221585,Up,C1
FBN1,3.1368035158192615,7.958192675776178,10.590808875535236,1.8940800997612674e-8,2.029540649753122e-6,9.796195014947736,Up,C1
IL33,4.509829936605703,5.178890513455583,10.56739213352778,1.9518875121872835e-8,2.082186847445297e-6,9.76602918767353,Up,C1
CCBE1,2.3400986628424008,4.943222138130541,10.528160271695457,2.052955377047374e-8,2.1803112814111094e-6,9.715362873647818,Up,C1
ANKRD29,2.5785665659650676,4.4327838722845305,10.511018856979302,2.0988374880640295e-8,2.2192201492736933e-6,9.693175299655158,Up,C1
DDIT4,2.1951789469674257,10.842919988120586,10.506580627729674,2.1108929982557548e-8,2.2221777957953784e-6,9.687425544823517,Up,C1
IFITM3,2.391816099468036,12.19180754591821,10.481714508421422,2.179804050360676e-8,2.28328309352462e-6,9.655173360467371,Up,C1
WIPF1,3.731115278013635,6.447041492142208,10.473805412419573,2.2022176240742662e-8,2.28328309352462e-6,9.644901475833672,Up,C1
FXYD5,2.6178100562598443,8.18724870368531,10.472132457736642,2.2069897412620274e-8,2.28328309352462e-6,9.642727899960827,Up,C1
XM_006723246,2.6178100562598443,8.18724870368531,10.472132457736642,2.2069897412620274e-8,2.28328309352462e-6,9.642727899960827,Up,C1
NEGR1,3.459102771719594,4.406801614337811,10.436571928747641,2.3110544997871696e-8,2.3806836954459935e-6,9.596456830694189,Up,C1
HSPB8,3.406632917290887,6.601006369899176,10.42367588371491,2.3500642672298175e-8,2.4105231855576956e-6,9.579643848065478,Up,C1
F2RL2,3.9581579025977582,4.883276880088389,10.405765343460605,2.4054008269400143e-8,2.4482005101754697e-6,9.556264318948381,Up,C1
ABCB4,2.010553585281016,4.55415793799341,10.40519144085017,2.40719656862516e-8,2.4482005101754697e-6,9.555514617004276,Up,C1
DEPTOR,1.7875282724022012,6.747343496249126,10.40172473089543,2.4180740751567473e-8,2.4488866646376475e-6,9.550985238091231,Up,C1
TNC,4.051636881901404,6.724347548985731,10.383121856514013,2.4773383312440768e-8,2.498364480105896e-6,9.526658295971439,Up,C1
NEXN,2.968177042100218,5.128247693591272,10.379615175383808,2.4886806838164394e-8,2.499301831504694e-6,9.522068527503906,Up,C1
PDGFRB,2.7355162039088343,6.977167762888121,10.370158941992235,2.519541220842533e-8,2.5123703982807472e-6,9.509685133239783,Up,C1
NFIX,1.9271840328529768,8.59347122833904,10.369219718641881,2.522628389241147e-8,2.5123703982807472e-6,9.508454659195865,Up,C1
RECK,2.9276210478042657,8.194026746962894,10.24850153417204,2.9547152078377678e-8,2.894656098715188e-6,9.349522697924899,Up,C1
PTPRJ,1.6031932324528535,6.971596000693381,10.229715258258313,3.0287005762239394e-8,2.9540540886364564e-6,9.32464977502128,Up,C1
EYA4,2.2011983334944265,3.7586985075026775,10.21694089742575,3.080125595504686e-8,2.9690431543495365e-6,9.307714972582334,Up,C1
XM_005266852,2.2011983334944265,3.7586985075026775,10.21694089742575,3.080125595504686e-8,2.9690431543495365e-6,9.307714972582334,Up,C1
DLC1,3.204573522086265,5.877420052677416,10.204856024220444,3.129624608093573e-8,3.0046899937384774e-6,9.291678078728411,Up,C1
LAYN,2.9454938524865923,6.726539060397408,10.197605864481678,3.1597236037390785e-8,3.009511346704181e-6,9.28204941844927,Up,C1
XM_006718770,2.9454938524865923,6.726539060397408,10.197605864481678,3.1597236037390785e-8,3.009511346704181e-6,9.28204941844927,Up,C1
RADX,1.4530545904790397,4.414631644743356,10.194328048290652,3.173431677329106e-8,3.0106208347530906e-6,9.277694418790132,Up,C1
SLC8A1,1.8441450323203732,4.345162981356256,10.172818715519554,3.264958518417062e-8,3.0852572582301703e-6,9.24908778307106,Up,C1
CSGALNACT1,2.9998442159775056,5.852797713656358,10.132858226085528,3.442481829565111e-8,3.227595659110226e-6,9.195809124824985,Up,C1
XM_006716365,2.9998442159775056,5.852797713656358,10.132858226085528,3.442481829565111e-8,3.227595659110226e-6,9.195809124824985,Up,C1
SLC40A1,4.824374426170266,6.486928437247855,10.114226212929173,3.528712951957159e-8,3.282797219878904e-6,9.170908247433749,Up,C1
CD59,1.8711754978386121,5.641295817906371,10.064801498318664,3.7686962162885415e-8,3.452528495547999e-6,9.10467139200969,Up,C1
EBF1,4.5751597747639545,5.450582375951783,10.033438511829438,3.929873015834824e-8,3.5864947576451497e-6,9.062501844939762,Up,C1
CPED1,2.4731740228383616,6.995011313097385,10.017969955866366,4.0120329853346645e-8,3.635961286442192e-6,9.041663721807707,Up,C1
MEF2C,2.97995613281734,5.748192210553507,10.014720562337756,4.029521299031843e-8,3.635961286442192e-6,9.037283037622894,Up,C1
XM_006714619,2.97995613281734,5.748192210553507,10.014720562337756,4.029521299031843e-8,3.635961286442192e-6,9.037283037622894,Up,C1
SLC27A6,1.9858844731622312,4.456282923889586,9.962113149163583,4.324140898606038e-8,3.842861140842433e-6,8.966198565787328,Up,C1
CAMK2D,1.7127305258200716,8.497344349433,9.960655708480948,4.332619938219689e-8,3.842861140842433e-6,8.964224893992652,Up,C1
AOX1,3.2398897326754117,6.715495680445312,9.9519085151384,4.383879289077298e-8,3.85821229009834e-6,8.95237448261131,Up,C1
PRELP,3.643752733630505,8.194997390153457,9.951150600803189,4.3883507840881876e-8,3.85821229009834e-6,8.951347287153732,Up,C1
STAT2,1.1509895882699759,9.681463219164133,9.88461578841794,4.800290152903127e-8,4.144480728416577e-6,8.860925204778761,Up,C1
XM_005269111,1.1509895882699759,9.681463219164133,9.88461578841794,4.800290152903127e-8,4.144480728416577e-6,8.860925204778761,Up,C1
XM_006719572,1.1509895882699759,9.681463219164133,9.88461578841794,4.800290152903127e-8,4.144480728416577e-6,8.860925204778761,Up,C1
SMTN,1.444708312924183,5.851745978916916,9.868146605560487,4.908433544710529e-8,4.177738366671706e-6,8.838467339026261,Up,C1
XM_006724300,1.444708312924183,5.851745978916916,9.868146605560487,4.908433544710529e-8,4.177738366671706e-6,8.838467339026261,Up,C1
XM_006724303,1.444708312924183,5.851745978916916,9.868146605560487,4.908433544710529e-8,4.177738366671706e-6,8.838467339026261,Up,C1
XM_006724305,1.444708312924183,5.851745978916916,9.868146605560487,4.908433544710529e-8,4.177738366671706e-6,8.838467339026261,Up,C1
CCNI,1.1190403430758202,11.407998363596594,9.861500195722694,4.952802424290172e-8,4.200606494269001e-6,8.82939553696433,Up,C1
GPR161,1.639914678644769,5.396048601651519,9.85455713107013,4.9996041707906306e-8,4.225369693919603e-6,8.819913562595339,Up,C1
IGFBP4,2.5958641160213514,6.537324272819166,9.835552164174473,5.130116809438299e-8,4.286322067100949e-6,8.793931403516199,Up,C1
LGALS1,3.0671323632635588,10.74645126771617,9.822520774991078,5.221682652199141e-8,4.286322067100949e-6,8.776092524878893,Up,C1
MTARC2,1.3955777297017082,5.830018611103508,9.819421767060282,5.24371095137209e-8,4.286322067100949e-6,8.77184744425413,Up,C1
SH3BP5,2.6486774365064276,8.412402124279268,9.817654623872455,5.256316022390248e-8,4.286322067100949e-6,8.769426295801287,Up,C1
GYPC,2.056541024962681,7.016702984704143,9.809634335365837,5.313928294378091e-8,4.294441310493702e-6,8.75843336434411,Up,C1
XM_006712460,2.056541024962681,7.016702984704143,9.809634335365837,5.313928294378091e-8,4.294441310493702e-6,8.75843336434411,Up,C1
E2F3,1.2483890774849336,6.534545034063278,9.773202345509691,5.58414958670046e-8,4.485815003032472e-6,8.708407291687346,Up,C1
FLT1,2.1538325568266377,5.214501154265561,9.771774600002733,5.5950303552044593e-8,4.485815003032472e-6,8.706443763725739,Up,C1
MPDZ,2.470769138921053,7.630083561889774,9.764855276595751,5.6480801067981515e-8,4.503827864563762e-6,8.696924610070237,Up,C1
PDGFD,2.5392901964836625,9.289541980104875,9.757468366210828,5.7053012561591604e-8,4.5049813332571025e-6,8.686756226084974,Up,C1
AKT3,2.2570568179016703,7.843067801319515,9.757399934144575,5.705834202608779e-8,4.5049813332571025e-6,8.686661997787853,Up,C1
XM_006711726,2.2570568179016703,7.843067801319515,9.757399934144575,5.705834202608779e-8,4.5049813332571025e-6,8.686661997787853,Up,C1
RGL1,2.233242689068028,7.494533649597576,9.73873188995976,5.853201419885336e-8,4.585513820976568e-6,8.66093708965997,Up,C1
PLIN2,1.9406141476732515,8.464820735285528,9.734861751157737,5.884252382554716e-8,4.585513820976568e-6,8.65559904153296,Up,C1
XM_006716719,1.9406141476732515,8.464820735285528,9.734861751157737,5.884252382554716e-8,4.585513820976568e-6,8.65559904153296,Up,C1
CHPT1,2.4864312952375096,6.767797339632527,9.722551327358437,5.984183062044011e-8,4.633301995328399e-6,8.638608121191448,Up,C1
XM_005269036,2.4864312952375096,6.767797339632527,9.722551327358437,5.984183062044011e-8,4.633301995328399e-6,8.638608121191448,Up,C1
NNMT,3.0360651870854998,8.564142493387802,9.687909349389507,6.275124117691248e-8,4.827420803616197e-6,8.590702932429645,Up,C1
GRAMD1A,1.0296142314951249,6.910493345398274,9.622862355640363,6.862507119101977e-8,5.2290125673868465e-6,8.500383005002806,Up,C1
XM_006723298,1.0296142314951249,6.910493345398274,9.622862355640363,6.862507119101977e-8,5.2290125673868465e-6,8.500383005002806,Up,C1
KANK2,2.18591528741827,8.114990842111933,9.618891544319444,6.900194067029944e-8,5.2410904429383765e-6,8.494853762309537,Up,C1
BMP4,2.0041777169721673,6.735270293617601,9.589048190950608,7.19052218398696e-8,5.427261429561479e-6,8.453239955717054,Up,C1
XM_005268015,2.0041777169721673,6.735270293617601,9.589048190950608,7.19052218398696e-8,5.427261429561479e-6,8.453239955717054,Up,C1
GBP4,1.7338273182322217,4.512336462456923,9.522369563924022,7.886786687539068e-8,5.723872733203241e-6,8.359892980124615,Up,C1
SOCS2,2.3447533252256934,7.017440959564937,9.521170140030492,7.899943949136173e-8,5.723872733203241e-6,8.358209149195192,Up,C1
XM_005269213,2.3447533252256934,7.017440959564937,9.521170140030492,7.899943949136173e-8,5.723872733203241e-6,8.358209149195192,Up,C1
XM_006719673,2.3447533252256934,7.017440959564937,9.521170140030492,7.899943949136173e-8,5.723872733203241e-6,8.358209149195192,Up,C1
XM_006719674,2.3447533252256934,7.017440959564937,9.521170140030492,7.899943949136173e-8,5.723872733203241e-6,8.358209149195192,Up,C1
GULP1,2.802033868993246,6.880275503558002,9.508835559447718,8.036601579407933e-8,5.723872733203241e-6,8.340883396000894,Up,C1
NR_045562,2.802033868993246,6.880275503558002,9.508835559447718,8.036601579407933e-8,5.723872733203241e-6,8.340883396000894,Up,C1
NR_045563,2.802033868993246,6.880275503558002,9.508835559447718,8.036601579407933e-8,5.723872733203241e-6,8.340883396000894,Up,C1
XM_006712586,2.802033868993246,6.880275503558002,9.508835559447718,8.036601579407933e-8,5.723872733203241e-6,8.340883396000894,Up,C1
XM_006712588,2.802033868993246,6.880275503558002,9.508835559447718,8.036601579407933e-8,5.723872733203241e-6,8.340883396000894,Up,C1
PIEZO1,1.321979581344645,7.8194438722016795,9.481061171672119,8.353534063456297e-8,5.879810105310207e-6,8.301805651850207,Up,C1
ARMCX2,1.7716361987725158,7.768639330110958,9.467273776125264,8.51573426323637e-8,5.963562808207376e-6,8.28237396195649,Up,C1
TMEM98,1.9299961017455631,8.178038490270573,9.433797353346172,8.923549219797468e-8,6.184115010080629e-6,8.235100945798811,Up,C1
XM_005269604,2.4909189938453817,6.298547307134387,9.428338158842744,8.991984578444044e-8,6.184115010080629e-6,8.227379480649121,Up,C1
ZCCHC24,2.4909189938453817,6.298547307134387,9.428338158842744,8.991984578444044e-8,6.184115010080629e-6,8.227379480649121,Up,C1
IGFBP5,4.7737086409349425,9.81326389260688,9.421942905135188,9.072859035645972e-8,6.213322742965974e-6,8.218329634363615,Up,C1
NR_024554,2.50386751799428,4.62542809371029,9.407420088862692,9.259378027481691e-8,6.213322742965974e-6,8.19776083574062,Up,C1
NR_024555,2.50386751799428,4.62542809371029,9.407420088862692,9.259378027481691e-8,6.213322742965974e-6,8.19776083574062,Up,C1
RHOBTB1,2.50386751799428,4.62542809371029,9.407420088862692,9.259378027481691e-8,6.213322742965974e-6,8.19776083574062,Up,C1
XM_006718089,2.50386751799428,4.62542809371029,9.407420088862692,9.259378027481691e-8,6.213322742965974e-6,8.19776083574062,Up,C1
XR_428729,2.50386751799428,4.62542809371029,9.407420088862692,9.259378027481691e-8,6.213322742965974e-6,8.19776083574062,Up,C1
LIMCH1,2.54286654592281,6.791554257743419,9.404837067701873,9.292973751387867e-8,6.213322742965974e-6,8.194099897282097,Up,C1
XM_005248070,2.54286654592281,6.791554257743419,9.404837067701873,9.292973751387867e-8,6.213322742965974e-6,8.194099897282097,Up,C1
ELOVL7,3.0012274921379674,5.317282534702528,9.378935898283862,9.637051475293109e-8,6.372135248208959e-6,8.157346772100562,Up,C1
AXL,1.8019074010361535,9.220108816973406,9.3597999264347,9.89987715971831e-8,6.443683751499301e-6,8.130142785122905,Up,C1
TNXA,2.2780877574090956,7.639986896021899,9.35715618957036,9.936778138192017e-8,6.443683751499301e-6,8.126381028679432,Up,C1
TNXB,2.2780877574090956,7.639986896021899,9.35715618957036,9.936778138192017e-8,6.443683751499301e-6,8.126381028679432,Up,C1
EMP3,2.1161117247303176,7.48839926788367,9.355049731916951,9.96628367700736e-8,6.443683751499301e-6,8.123383175560713,Up,C1
C1RL,1.4812717260426123,8.71141136068702,9.351676625934957,1.0013724020120154e-7,6.443683751499301e-6,8.118581576874998,Up,C1
XM_005253385,1.4812717260426123,8.71141136068702,9.351676625934957,1.0013724020120154e-7,6.443683751499301e-6,8.118581576874998,Up,C1
XM_006719084,1.4812717260426123,8.71141136068702,9.351676625934957,1.0013724020120154e-7,6.443683751499301e-6,8.118581576874998,Up,C1
XM_006719085,1.4812717260426123,8.71141136068702,9.351676625934957,1.0013724020120154e-7,6.443683751499301e-6,8.118581576874998,Up,C1
ARMCX6,1.702825314983781,8.721086102602616,9.345164857713932,1.0105982454520046e-7,6.463038720175211e-6,8.109308324742754,Up,C1
XM_006724665,1.702825314983781,8.721086102602616,9.345164857713932,1.0105982454520046e-7,6.463038720175211e-6,8.109308324742754,Up,C1
CSF1,1.1856707658573784,6.428869601467254,9.343859550916742,1.0124583612973417e-7,6.463038720175211e-6,8.107448868702457,Up,C1
LRRN4CL,1.9966060065843507,7.523851856739696,9.29261153488374,1.0884190827973769e-7,6.820949040548993e-6,8.034285535041134,Up,C1
JAM3,2.1427728874831944,8.908314699705226,9.276304236002094,1.1138325206490268e-7,6.9439501715890755e-6,8.010939637773868,Up,C1
MGLL,2.668864345966667,7.599878399657786,9.252972750819003,1.1512860920749448e-7,7.1036423604068955e-6,7.977482967523363,Up,C1
CEP126,1.8334782190754755,4.588604136784477,9.220993022890783,1.2047941817567528e-7,7.235801738858416e-6,7.931519929914932,Up,C1
ABCA8,3.624271576739962,7.182944938486427,9.220367566669978,1.2058664676041023e-7,7.235801738858416e-6,7.930619776318084,Up,C1
XR_243626,3.624271576739962,7.182944938486427,9.220367566669978,1.2058664676041023e-7,7.235801738858416e-6,7.930619776318084,Up,C1
SNHG32,1.305979971484378,10.767338730358318,9.19872619406894,1.243595317148274e-7,7.443584738701466e-6,7.899444896469491,Up,C1
ANTXR1,2.854165065149207,9.737999770846164,9.190909545294177,1.2575268662126754e-7,7.5082487171235406e-6,7.888171102452693,Up,C1
AKAP12,2.6964661839540387,5.6400586455076755,9.152831814819688,1.3277853891832649e-7,7.888491314647703e-6,7.83314787615209,Up,C1
MYL9,2.657003316319849,5.764510860180874,9.14756503178635,1.337824437202616e-7,7.928509170799305e-6,7.8255235770692995,Up,C1
LRRC32,1.6755648640462697,5.976942371620503,9.13487386489468,1.3623453290669075e-7,8.034155427091871e-6,7.8071379187211924,Up,C1
XM_005273902,1.6755648640462697,5.976942371620503,9.13487386489468,1.3623453290669075e-7,8.034155427091871e-6,7.8071379187211924,Up,C1
VCAM1,2.33914204195594,4.523313288991039,9.097818285545298,1.4366909752605444e-7,8.410599216635022e-6,7.753344799816137,Up,C1
OSMR,3.1023254608028132,8.08087441079616,9.05982910411608,1.517365138327957e-7,8.816621374139671e-6,7.6980245310353155,Up,C1
THRB,2.874554059220201,5.987000479206106,9.05658110919634,1.5244807609048734e-7,8.816621374139671e-6,7.6932866704296075,Up,C1
XM_005265425,2.874554059220201,5.987000479206106,9.05658110919634,1.5244807609048734e-7,8.816621374139671e-6,7.6932866704296075,Up,C1
ACTA2,2.7483346680483356,9.09636260022443,9.04504554829535,1.5500381952260443e-7,8.921826561586455e-6,7.676449387195852,Up,C1
ARNT2,1.3374779567513873,5.452663997018069,9.038130439328603,1.5655750343613037e-7,8.948887745525787e-6,7.666348377964109,Up,C1
LTBP2,3.234716118734857,7.436227501128502,9.035204914841888,1.5721974260798875e-7,8.948887745525787e-6,7.6620732728151,Up,C1
SAV1,1.2929296410551974,9.243863453870258,9.033224431560901,1.5766973216813246e-7,8.948887745525787e-6,7.659178578859265,Up,C1
GBP1,1.762519691894485,7.206178294456228,9.031534529213202,1.5805477164124276e-7,8.948887745525787e-6,7.656708224648966,Up,C1
XM_006710573,1.762519691894485,7.206178294456228,9.031534529213202,1.5805477164124276e-7,8.948887745525787e-6,7.656708224648966,Up,C1
RCAN2,3.400008495915774,7.811295491521504,9.031407113149427,1.5808384318402356e-7,8.948887745525787e-6,7.656521949656337,Up,C1
XM_006714948,3.400008495915774,7.811295491521504,9.031407113149427,1.5808384318402356e-7,8.948887745525787e-6,7.656521949656337,Up,C1
ADGRA2,3.292915380054122,5.144083745343932,9.020546773618625,1.6058259612065219e-7,9.068949346089163e-6,7.640637512960867,Up,C1
PRSS12,2.605411867361381,5.058668269678575,9.009313900104958,1.6321090426321664e-7,9.195746770248182e-6,7.624193132923557,Up,C1
RBMS1,1.3909875169212587,9.864462305141561,8.998255153918869,1.6584279627715555e-7,9.300371019262353e-6,7.607988679742109,Up,C1
CD47,1.2214949436854763,9.001985448985732,8.983815648192595,1.693467959635449e-7,9.456447796670879e-6,7.586807967487429,Up,C1
SVEP1,3.7480713746489185,7.584832471621498,8.956876128605064,1.76094372549705e-7,9.80562888440657e-6,7.5472235398664385,Up,C1
THBS2,2.754357807734795,7.22927589029149,8.928173337581075,1.8359632371291648e-7,1.0121965629371733e-5,7.504950605239388,Up,C1
ADH1B,4.8560174362637145,7.468753148763893,8.927160748646829,1.8386705334580768e-7,1.0121965629371733e-5,7.503457441274335,Up,C1
KCNE4,3.380926900540893,6.297753650803098,8.916602801096415,1.8671505807346866e-7,1.0255228429929966e-5,7.487881200990548,Up,C1
GLDN,2.6437480256838457,6.001805778019494,8.904492018856313,1.900392789992472e-7,1.041397893730578e-5,7.469997209606733,Up,C1
STEAP1,2.725822955782114,5.740421505965186,8.89469997396539,1.927726251163785e-7,1.0515746700098448e-5,7.455524128835213,Up,C1
ASPN,2.9053302909035708,4.736326571125078,8.872040075146533,1.9925797921617054e-7,1.082033940530888e-5,7.421986569625567,Up,C1
TTC7B,1.6425262737918818,5.262231752587793,8.842204507628871,2.0814965612825126e-7,1.1252270374752899e-5,7.377732243820313,Up,C1
PIK3R3,1.9018639341309171,6.693829975702775,8.820546375171299,2.1486559972444768e-7,1.1589222751879085e-5,7.345538430714528,Up,C1
FLI1,2.7678902689921507,5.465448626967756,8.806724479165435,2.1927064266737573e-7,1.1773590505533015e-5,7.324962478130338,Up,C1
ARHGAP26,1.9760482650831506,5.472931480911768,8.800884602116636,2.2116031109607145e-7,1.1773590505533015e-5,7.316261837069689,Up,C1
XM_005268403,1.9760482650831506,5.472931480911768,8.800884602116636,2.2116031109607145e-7,1.1773590505533015e-5,7.316261837069689,Up,C1
XM_006714773,1.9760482650831506,5.472931480911768,8.800884602116636,2.2116031109607145e-7,1.1773590505533015e-5,7.316261837069689,Up,C1
PTPRK,1.4796953049291321,9.8140310940396,8.797669396761856,2.222080034583141e-7,1.1773590505533015e-5,7.311469803225332,Up,C1
XM_006715539,1.4796953049291321,9.8140310940396,8.797669396761856,2.222080034583141e-7,1.1773590505533015e-5,7.311469803225332,Up,C1
XM_006725027,1.4796953049291321,9.8140310940396,8.797669396761856,2.222080034583141e-7,1.1773590505533015e-5,7.311469803225332,Up,C1
HERC5,2.7425601440656076,4.917994045378052,8.791546859782326,2.2421755005292552e-7,1.1853897877467661e-5,7.302341053302003,Up,C1
KCNT2,3.7466227126695495,5.549662769139531,8.782270612990024,2.2729876758005923e-7,1.1990384658146332e-5,7.288501232733427,Up,C1
CFHR2,1.2770648846579533,5.887453841884329,8.775743136001964,2.2949366398860963e-7,1.205318801543678e-5,7.278756069649111,Up,C1
XM_006711285,1.2770648846579533,5.887453841884329,8.775743136001964,2.2949366398860963e-7,1.205318801543678e-5,7.278756069649111,Up,C1
RILPL2,1.066960383263794,8.6393259411096,8.76614935080297,2.3276023216484028e-7,1.2198059153756543e-5,7.264423465008752,Up,C1
FBXO17,1.6268655714972162,6.401797378829589,8.759922037302388,2.3490674235164958e-7,1.2220500458867601e-5,7.255114062464793,Up,C1
GPM6B,3.9584265332619237,6.517524370871453,8.759003742741568,2.3522503174722242e-7,1.2220500458867601e-5,7.253740867363332,Up,C1
XM_005274490,3.9584265332619237,6.517524370871453,8.759003742741568,2.3522503174722242e-7,1.2220500458867601e-5,7.253740867363332,Up,C1
ARHGAP31,1.889222183838358,5.488156030909218,8.75202316800879,2.376594656263896e-7,1.2293755374923714e-5,7.2432988550764215,Up,C1
PRRX1,2.9802283266035854,9.681737349589197,8.740259108880641,2.4182234931446885e-07,1.2468377132745893e-5,7.22568765001304,Up,C1
ANXA5,1.7680283941492565,10.790875018037568,8.730510098449022,2.453303662562141e-7,1.255526535369222e-5,7.211079967372536,Up,C1
TNS1,3.0152321015145382,7.839282849085519,8.713822188260394,2.5146020148549635e-7,1.278717744926882e-5,7.1860476676556,Up,C1
XM_005246825,3.0152321015145382,7.839282849085519,8.713822188260394,2.5146020148549635e-7,1.278717744926882e-5,7.1860476676556,Up,C1
XM_006712721,3.0152321015145382,7.839282849085519,8.713822188260394,2.5146020148549635e-7,1.278717744926882e-5,7.1860476676556,Up,C1
CLIC4,3.742667033467103,9.765196158874074,8.689437960355207,2.6070874154844234e-7,1.3063739487778107e-5,7.149408083922468,Up,C1
DPT,3.084196767927375,5.318304742364772,8.681146808170233,2.6393449199121e-7,1.3197824326610465e-5,7.13693289112174,Up,C1
FIBIN,2.887928978575144,8.251382031596279,8.67745986946438,2.653824064984099e-7,1.3227683382293615e-5,7.131382610665996,Up,C1
PPP4R4,2.0575339987668646,4.533470362651354,8.674032081836847,2.667360535384597e-7,1.3227683382293615e-5,7.1262209244410055,Up,C1
XM_005267930,2.0575339987668646,4.533470362651354,8.674032081836847,2.667360535384597e-7,1.3227683382293615e-5,7.1262209244410055,Up,C1
XM_005267931,2.0575339987668646,4.533470362651354,8.674032081836847,2.667360535384597e-7,1.3227683382293615e-5,7.1262209244410055,Up,C1
CALHM5,1.7645679143139565,5.3479788205005265,8.663139662763832,2.7108598938454315e-7,1.3415682303521246e-5,7.109808941116903,Up,C1
QKI,1.903373013988662,8.435244018013119,8.659844110305626,2.724167547064925e-7,1.345380030136879e-5,7.104840483645848,Up,C1
GUCY1A1,3.1482199415294763,5.3362747285369725,8.648950239072308,2.768649448336193e-7,1.3534241152538757e-5,7.088406900177764,Up,C1
TNS2,1.56064184565707,6.833509459346714,8.629649123460387,2.849348239695613e-7,1.3900417977474412e-5,7.0592542041283295,Up,C1
OSR2,5.350011963231984,7.223046675935539,8.617172121025652,2.9028302577158713e-7,1.4103994300748248e-5,7.0403837880110824,Up,C1
RORB,2.724509018081897,5.687434274803811,8.611462859976356,2.9276542409464314e-7,1.4158629477487307e-5,7.031742466705747,Up,C1
MSANTD3-TMEFF1,1.8481644334544929,4.874437499833413,8.608218641706522,2.941859673767496e-7,1.4158629477487307e-5,7.026830308785749,Up,C1
POLR3GL,1.0108585639610919,9.237585265207304,8.607660961138562,2.94430888652632e-7,1.4158629477487307e-5,7.025985775913568,Up,C1
XM_005277431,1.0108585639610919,9.237585265207304,8.607660961138562,2.94430888652632e-7,1.4158629477487307e-5,7.025985775913568,Up,C1
LIX1L,1.8435843607748756,8.078846145330191,8.602845388229564,2.965547370965918e-7,1.4158629477487307e-5,7.018691599896112,Up,C1
TSHZ3,1.7459364850705406,5.660710555737422,8.601760313970438,2.9703551873079664e-7,1.4158629477487307e-5,7.01704762755592,Up,C1
SNCA,2.0290480482810436,4.973621248053647,8.600081031294119,2.9778120461003857e-7,1.4158629477487307e-5,7.014503089944739,Up,C1
GNG11,3.0318161429854698,8.20363189144205,8.582097225670022,3.058916317709632e-7,1.4452777452296572e-5,6.987230742229663,Up,C1
H6PD,1.1179989945284623,6.217194609739033,8.577350615130202,3.080708480804532e-7,1.4527144392194573e-5,6.980025711665169,Up,C1
LHFPL2,1.8934067203435587,7.2431098466403645,8.555158859441844,3.1847834330554554e-7,1.4939476995688359e-5,6.946302302349329,Up,C1
TSHZ2,2.256458497534705,4.733715761517876,8.541408112001378,3.251123721826009e-7,1.518160925511048e-5,6.92537483872395,Up,C1
ADCY9,1.3716265672760164,8.553390398677704,8.494049923307843,3.4909590440218235e-7,1.6269902713516855e-5,6.853115871283729,Up,C1
SPTBN1,1.2088747591852105,8.098410381914661,8.465556063825236,3.644173023491829e-7,1.6885606353253067e-5,6.809502377354336,Up,C1
CNN3,1.7952105525274167,9.465878403879563,8.446565350929639,3.750206367985614e-7,1.731008716238283e-5,6.78037707284537,Up,C1
LASP1,1.7429469070272763,9.326708779238734,8.44478784465372,3.7602957996340624e-7,1.732334352837174e-5,6.777648620925156,Up,C1
PODN,1.820026288860853,6.12037911627939,8.427350124699258,3.860803661672156e-7,1.7618939777871472e-5,6.750860466693753,Up,C1
PAM,1.7647087140862077,10.68502089685279,8.427288720609505,3.861162537772017e-7,1.7618939777871472e-5,6.750766067741056,Up,C1
XM_006714633,1.7647087140862077,10.68502089685279,8.427288720609505,3.861162537772017e-7,1.7618939777871472e-5,6.750766067741056,Up,C1
FKBP7,1.9023113965056995,6.17565861954484,8.420860208719118,3.898928890306615e-7,1.7670884258399042e-5,6.740880586025872,Up,C1
XM_005246638,1.9023113965056995,6.17565861954484,8.420860208719118,3.898928890306615e-7,1.7670884258399042e-5,6.740880586025872,Up,C1
XR_241312,1.9023113965056995,6.17565861954484,8.420860208719118,3.898928890306615e-7,1.7670884258399042e-5,6.740880586025872,Up,C1
TBC1D16,1.6032898205572792,5.882126769461034,8.419096638071643,3.9093573623905887e-7,1.7670884258399042e-5,6.7381677186453945,Up,C1
XM_006721695,1.6032898205572792,5.882126769461034,8.419096638071643,3.9093573623905887e-7,1.7670884258399042e-5,6.7381677186453945,Up,C1
SAMD4A,2.362106100304551,7.366986809403462,8.413062569784415,3.945261048332643e-7,1.7799653323699268e-5,6.728882607500564,Up,C1
HMCN1,2.7103898907491777,4.698892778406076,8.393073798188217,4.066696892226596e-7,1.8244646506022945e-5,6.6980908699316775,Up,C1
NPR2,1.740678705055271,5.511071881493342,8.379922664547284,4.1487331565015085e-7,1.857796515342336e-5,6.677804176029776,Up,C1
CPQ,2.1432991563399106,7.273421666809711,8.367997743188674,4.224626332994243e-7,1.8670791833970445e-5,6.659389773722301,Up,C1
XM_005250755,2.1432991563399106,7.273421666809711,8.367997743188674,4.224626332994243e-7,1.8670791833970445e-5,6.659389773722301,Up,C1
XM_006716498,2.1432991563399106,7.273421666809711,8.367997743188674,4.224626332994243e-7,1.8670791833970445e-5,6.659389773722301,Up,C1
RAB31,2.347818507741649,9.375191996397188,8.365628337113936,4.239879027711306e-7,1.8670791833970445e-5,6.655728768116482,Up,C1
NTRK3,2.2702683152539507,6.08819060802822,8.361059945243317,4.2694511612824816e-7,1.8670791833970445e-5,6.648668033925388,Up,C1
XM_006720542,2.2702683152539507,6.08819060802822,8.361059945243317,4.2694511612824816e-7,1.8670791833970445e-5,6.648668033925388,Up,C1
XM_006720547,2.2702683152539507,6.08819060802822,8.361059945243317,4.2694511612824816e-7,1.8670791833970445e-5,6.648668033925388,Up,C1
XM_006720551,2.2702683152539507,6.08819060802822,8.361059945243317,4.2694511612824816e-7,1.8670791833970445e-5,6.648668033925388,Up,C1
XM_006720552,2.2702683152539507,6.08819060802822,8.361059945243317,4.2694511612824816e-7,1.8670791833970445e-5,6.648668033925388,Up,C1
CALD1,2.5322488712855495,6.481537431172342,8.326609322564273,4.499567605055649e-7,1.9516162110083736e-5,6.595335748174259,Up,C1
LBH,1.6813327602636852,6.986847919190515,8.32587601276467,4.5046053699634994e-7,1.9516162110083736e-5,6.594198860706385,Up,C1
ANTXR2,3.5290691231699824,8.481717404765684,8.323945178401964,4.517898413019033e-7,1.9538486073744655e-5,6.591205057530468,Up,C1
TTC28,1.7328992848746836,6.531821409465844,8.317217589001483,4.564538594504269e-7,1.967609363771841e-5,6.580770009091628,Up,C1
TCEAL1,1.0339553871043936,8.323702492880004,8.304799422085756,4.6519651915338044e-7,1.9832335164417225e-5,6.561493023224495,Up,C1
FZD7,2.3144133233525226,7.618891496157394,8.30364095463144,4.660210412770317e-7,1.9832335164417225e-5,6.559693691431578,Up,C1
ICAM1,2.3624081258040235,5.789121503146291,8.301929274005374,4.6724211991106414e-7,1.9849106835584713e-5,6.557034790758145,Up,C1
FLRT3,3.1238795717048706,6.18865932957805,8.29317175405147,4.735424420014381e-7,2.0081211471587488e-5,6.5434250434681065,Up,C1
DENND5A,1.3424135122853116,8.650412796635788,8.279276982380651,4.837226505992013e-7,2.0440688485355686e-5,6.521811277188727,Up,C1
HYCC1,2.396362837776211,8.323729671611181,8.273184772844866,4.882585605300514e-7,2.052396141828773e-5,6.512326750044306,Up,C1
CNTN3,2.9527331207113328,8.353211988385697,8.27178198619004,4.89309318809663e-7,2.0528369689248514e-5,6.510142169023338,Up,C1
CLIC6,3.121772170177649,6.206990836615653,8.270763127358382,4.900739868319056e-7,2.0528369689248514e-5,6.5085553244753545,Up,C1
PALMD,1.8542750157830223,6.570799971549546,8.26317374916215,4.958096295512039e-7,2.0732443777853655e-5,6.49673083481442,Up,C1
IGFBP3,3.510443329380501,8.256088536903302,8.233624791701374,5.188226626273959e-7,2.1444043781356338e-5,6.450621298041932,Up,C1
MSRB3,2.5126064657851543,7.562872277738796,8.225818221928051,5.250882543616192e-7,2.1617784358812326e-5,6.438420593243601,Up,C1
MYLK,3.705383002039902,6.307768133230336,8.208745424616923,5.390699574125847e-7,2.2041692304411885e-5,6.411710235740827,Up,C1
DIRAS3,2.4378654578661676,5.555453397537957,8.207654632112002,5.399764634194729e-7,2.2041692304411885e-5,6.41000240088977,Up,C1
MBOAT2,2.056513101446554,7.329908314591403,8.194706747544204,5.508601409244546e-7,2.2352655526449775e-5,6.389718258834979,Up,C1
XR_241248,2.056513101446554,7.329908314591403,8.194706747544204,5.508601409244546e-7,2.2352655526449775e-5,6.389718258834979,Up,C1
UST,2.136415282201881,6.678176212705355,8.19416612855753,5.513195596891203e-7,2.2352655526449775e-5,6.3888708495632685,Up,C1
XM_005266790,2.136415282201881,6.678176212705355,8.19416612855753,5.513195596891203e-7,2.2352655526449775e-5,6.3888708495632685,Up,C1
CTHRC1,4.635753645267271,7.161447694206733,8.18399398360171,5.600394000997086e-7,2.2591707027215472e-5,6.3729190993050935,Up,C1
CALCRL,1.4977796989294263,3.7607252386505094,8.182356329553942,5.614567424243419e-7,2.2610880422263515e-5,6.370349699591282,Up,C1
SIDT2,1.2137974655571808,7.9555893791819,8.170534715809882,5.718005726657968e-7,2.2988873274915336e-5,6.351791755992037,Up,C1
RAC2,1.6311392723271059,6.556164901027735,8.161390484466741,5.799390955061808e-7,2.3277087241370152e-5,6.337424306930425,Up,C1
AKR1C3,2.2428610426763615,8.908935467465442,8.13510701795646,6.040172728235982e-7,2.404249184463019e-5,6.296066624425086,Up,C1
RUNX1T1,2.3919241208857702,5.179964574328088,8.128600584940951,6.101386204193492e-7,2.4205863086454908e-5,6.28581459918316,Up,C1
LY96,2.366565359865567,5.2765690153881115,8.123643386524938,6.1484619133232e-7,2.4352373406531925e-5,6.277999933813762,Up,C1
GRK5,2.1950135028860993,7.797324763728379,8.118024421791015,6.202284192870685e-7,2.444453615718919e-5,6.2691381385826634,Up,C1
STOM,1.0703609099389162,11.236925425473538,8.101225493943108,6.36617057248504e-7,2.5008318507493605e-5,6.242619421710648,Up,C1
LRCH2,1.5171957660575393,3.854168480398122,8.097492213796817,6.403206146080131e-7,2.5112704888597273e-5,6.236721040176901,Up,C1
DCHS1,2.2782961887177304,5.659641855664126,8.092520876695868,6.452875744615992e-7,2.5170890970056296e-5,6.228863747550552,Up,C1
TWIST1,1.6647232179121474,8.749147785659703,8.090257666208881,6.475621951924396e-7,2.5170890970056296e-5,6.225285622620042,Up,C1
XM_006715769,1.6647232179121474,8.749147785659703,8.090257666208881,6.475621951924396e-7,2.5170890970056296e-5,6.225285622620042,Up,C1
XR_428085,1.6647232179121474,8.749147785659703,8.090257666208881,6.475621951924396e-7,2.5170890970056296e-5,6.225285622620042,Up,C1
CDH11,4.045959001456542,8.09061022224526,8.08868759441938,6.491451341748541e-7,2.5170890970056296e-5,6.222802950377414,Up,C1
XM_005255762,4.045959001456542,8.09061022224526,8.08868759441938,6.491451341748541e-7,2.5170890970056296e-5,6.222802950377414,Up,C1
XM_005255767,4.045959001456542,8.09061022224526,8.08868759441938,6.491451341748541e-7,2.5170890970056296e-5,6.222802950377414,Up,C1
NSA2,1.05830454749273,11.287155826537456,8.085938084380404,6.519269850945009e-7,2.523798628425518e-5,6.2184545121252,Up,C1
QPCT,2.245954150105388,8.759294250966231,8.08401521301031,6.53879919894965e-7,2.5268363802779273e-5,6.215412837685605,Up,C1
RNASE4,2.4168247445631437,7.698315730203971,8.07738886585067,6.60657120416697e-7,2.533608828378688e-5,6.204927285914888,Up,C1
FIGN,2.2338711975698193,4.681646519036164,8.075509643994396,6.625925360416997e-7,2.533608828378688e-5,6.201952546257981,Up,C1
XM_005246662,2.2338711975698193,4.681646519036164,8.075509643994396,6.625925360416997e-7,2.533608828378688e-5,6.201952546257981,Up,C1
FZD4,1.1115086800284422,7.083445669955982,8.067969124916127,6.704186863658036e-7,2.5541887793892094e-5,6.190011496960057,Up,C1
RSPO3,2.811166277952258,5.095092907855233,8.06216835456425,6.765052951222881e-7,2.5692215337856264e-5,6.180820382979775,Up,C1
XM_005267167,2.811166277952258,5.095092907855233,8.06216835456425,6.765052951222881e-7,2.5692215337856264e-5,6.180820382979775,Up,C1
ABCA6,2.208616949728235,6.842861466774044,8.04180841530555,6.983323413757981e-7,2.6324964127991135e-5,6.1485256283589695,Up,C1
NR_036430,3.114077069504823,7.622299250612041,8.041714030659547,6.984352339389218e-7,2.6324964127991135e-5,6.14837578876314,Up,C1
SRGN,3.114077069504823,7.622299250612041,8.041714030659547,6.984352339389218e-7,2.6324964127991135e-5,6.14837578876314,Up,C1
GATA2,1.22426260429285,6.764900140727885,8.036080793189505,7.046052082265095e-7,2.650773386810765e-5,6.139430654925652,Up,C1
NAP1L1,1.4860576349776462,9.625620991738673,7.994253337763038,7.522488126083997e-7,2.7513559267523716e-5,6.072880625741169,Up,C1
XR_245930,1.4860576349776462,9.625620991738673,7.994253337763038,7.522488126083997e-7,2.7513559267523716e-5,6.072880625741169,Up,C1
XR_245931,1.4860576349776462,9.625620991738673,7.994253337763038,7.522488126083997e-7,2.7513559267523716e-5,6.072880625741169,Up,C1
DZIP1,2.65994412154936,3.86452544252348,7.99415520104892,7.523644947223889e-7,2.7513559267523716e-5,6.072724211700056,Up,C1
XM_006719921,2.65994412154936,3.86452544252348,7.99415520104892,7.523644947223889e-7,2.7513559267523716e-5,6.072724211700056,Up,C1
MFAP4,2.7286106043398597,6.733902430294717,7.993513888608216,7.531209248713891e-7,2.7513559267523716e-5,6.071702032005668,Up,C1
FAT4,1.5843807275303812,5.189186514011774,7.986644124247222,7.6127415944988e-7,2.7768465350893855e-5,6.060748980271194,Up,C1
STING1,2.005611299369832,6.009302948098205,7.985691350393024,7.624122434063432e-7,2.7768465350893855e-5,6.059229397174208,Up,C1
MYEF2,1.1601352519711998,4.05408703072793,7.979992912183872,7.692564368011632e-7,2.7975292418335635e-5,6.050138418635791,Up,C1
MAGED2,1.2169679312457236,7.70460064089189,7.975768259041229,7.743721847547229e-7,2.8111626118723097e-5,6.043395854133648,Up,C1
ANGPT1,3.141202906510921,4.161440491382219,7.9749659619977535,7.753477414629902e-7,2.8111626118723097e-5,6.042115116852322,Up,C1
SNORA24,1.1387060924807422,10.552861435107248,7.9540484671802085,8.012436591883662e-7,2.900671237984791e-5,6.008693542480927,Up,C1
FCGRT,1.3951654602892214,7.848713608319509,7.945763505049515,8.117503515881327e-7,2.929869464483964e-5,5.9954399037787685,Up,C1
FEZ1,2.344353183933875,7.397564286088516,7.943963333315563,8.140523530995788e-7,2.9337664533177313e-5,5.992558921088763,Up,C1
HHEX,1.8877806092519642,4.173955662253952,7.936227672511728,8.240228250649245e-7,2.9619633544733004e-5,5.980173912198847,Up,C1
KLHL23,1.7000841021858886,5.444789275608929,7.935029577555918,8.255784868521948e-7,2.9619633544733004e-5,5.978255016170268,Up,C1
PHOSPHO2-KLHL23,1.7000841021858886,5.444789275608929,7.935029577555918,8.255784868521948e-7,2.9619633544733004e-5,5.978255016170268,Up,C1
ST3GAL5,1.7682411092726094,7.091011336685304,7.90780981719184,8.617661536083791e-7,3.080026364503612e-5,5.9346076922038105,Up,C1
CCDC71L,2.528309424624217,6.615876771363571,7.907391206677453,8.62335520767614e-7,3.080026364503612e-5,5.933935672117283,Up,C1
PALM2AKAP2,3.169591485067647,7.546460357937519,7.905276449695162,8.652179258935063e-7,3.085729666760169e-5,5.930540370875386,Up,C1
GREM2,1.4028196690812833,4.711624847571259,7.9009014105673,8.712132695781166e-7,3.0892759205979464e-5,5.923514229037668,Up,C1
ANPEP,2.271181975704753,6.643318103955744,7.898275304849796,8.74832909023726e-7,3.097011723065999e-5,5.919295578775785,Up,C1
SERPINA3,3.534735354566771,9.372006030803695,7.884159163715296,8.945622206718009e-7,3.1575415324359656e-5,5.896603230274312,Up,C1
FMNL2,1.8348287169751094,9.021270065906524,7.87898932188759,9.019042885229913e-7,3.1694738994332116e-5,5.888285809702165,Up,C1
XM_006712229,1.8348287169751094,9.021270065906524,7.87898932188759,9.019042885229913e-7,3.1694738994332116e-5,5.888285809702165,Up,C1
LMO3,1.6561763069511581,5.128308624704905,7.864068372766728,9.23451828893945e-7,3.231004489374995e-5,5.864260427055651,Up,C1
SCARB1,1.0400321852203813,6.340204050722784,7.8456352693732985,9.508205309500215e-7,3.3120407410965066e-5,5.834538708632577,Up,C1
BCAT1,2.19573590318869,6.352572205575972,7.843852541670414,9.53512270684812e-7,3.3120407410965066e-5,5.8316618072542905,Up,C1
XM_005253460,2.19573590318869,6.352572205575972,7.843852541670414,9.53512270684812e-7,3.3120407410965066e-5,5.8316618072542905,Up,C1
TPM2,3.4865902377481435,7.422684404647599,7.838637063247737,9.614331849211463e-7,3.334728223190369e-5,5.823242811390244,Up,C1
CCNG2,1.288012599671145,10.177634900337612,7.818500794448178,9.926693448231255e-7,3.438102397466761e-5,5.790703960025601,Up,C1
FSTL1,2.141115169528165,10.438876432700072,7.816435714603201,9.959325078657824e-7,3.444434013515059e-5,5.787363854503573,Up,C1
CNRIP1,2.5353855005901673,7.167850261191893,7.809548787611526,1.0068966657340916e-6,3.477342988625851e-5,5.776220648657697,Up,C1
TMEFF1,2.3082301449381273,5.06105378430788,7.804729930862178,1.014643748825931e-6,3.494042935340028e-5,5.768419839973829,Up,C1
F2R,2.449001706975978,8.532969372034678,7.799296599779087,1.023453846474683e-6,3.519332266917671e-5,5.759620572729654,Up,C1
COL6A1,2.409436543230928,9.556582048381268,7.794575989370667,1.0311735059284062e-6,3.535746641327658e-5,5.751972333978557,Up,C1
XM_006723964,2.409436543230928,9.556582048381268,7.794575989370667,1.0311735059284062e-6,3.535746641327658e-5,5.751972333978557,Up,C1
RBMS2,1.4417561345531915,7.257127880986588,7.786142470052565,1.0451175390786353e-6,3.5783861999920065e-5,5.738301056652924,Up,C1
ANG,1.723379195179664,6.848481862215024,7.781351422440044,1.0531271698931362e-6,3.5854125293297946e-5,5.730530199274533,Up,C1
EMCN,2.5880025782406353,5.306261905247903,7.758069027259337,1.0929787448782505e-6,3.690287306059005e-5,5.6927232417059965,Up,C1
XM_005263059,2.5880025782406353,5.306261905247903,7.758069027259337,1.0929787448782505e-6,3.690287306059005e-5,5.6927232417059965,Up,C1
XM_005263061,2.5880025782406353,5.306261905247903,7.758069027259337,1.0929787448782505e-6,3.690287306059005e-5,5.6927232417059965,Up,C1
SYNE3,1.9022808423305628,6.516567192753041,7.748895742601101,1.109112438994447e-6,3.7128196319030295e-5,5.677807212677278,Up,C1
XM_006720065,1.9022808423305628,6.516567192753041,7.748895742601101,1.109112438994447e-6,3.7128196319030295e-5,5.677807212677278,Up,C1
XM_006720066,1.9022808423305628,6.516567192753041,7.748895742601101,1.109112438994447e-6,3.7128196319030295e-5,5.677807212677278,Up,C1
XM_006720067,1.9022808423305628,6.516567192753041,7.748895742601101,1.109112438994447e-6,3.7128196319030295e-5,5.677807212677278,Up,C1
CPE,3.5479693770334615,8.315278834043927,7.729175874530972,1.1446477469407292e-6,3.799977209138504e-5,5.645703711103918,Up,C1
NR_026779,1.9007388366826836,6.522473916659538,7.7236053220412595,1.1549010211534734e-6,3.8181727699346656e-5,5.636625470517785,Up,C1
ENPP2,3.5280110706075263,7.409195268107984,7.719377521772809,1.162747149939789e-6,3.8388249096086395e-5,5.629732694797742,Up,C1
GPR176,1.6934829383532977,6.968835943330966,7.715186341143862,1.1705805835753902e-6,3.848804817394043e-5,5.622897238611259,Up,C1
XM_006720379,1.6934829383532977,6.968835943330966,7.715186341143862,1.1705805835753902e-6,3.848804817394043e-5,5.622897238611259,Up,C1
JHY,1.3998252817459909,4.198422396168999,7.702148861263911,1.195304260917324e-6,3.914009941410315e-5,5.601619049895346,Up,C1
XM_005271679,1.3998252817459909,4.198422396168999,7.702148861263911,1.195304260917324e-6,3.914009941410315e-5,5.601619049895346,Up,C1
XR_428981,1.3998252817459909,4.198422396168999,7.702148861263911,1.195304260917324e-6,3.914009941410315e-5,5.601619049895346,Up,C1
RUNX2,2.7156961308262577,7.371056755881287,7.694684102895488,1.20970637013758e-6,3.950390788577169e-5,5.589425633216933,Up,C1
XM_006715234,2.7156961308262577,7.371056755881287,7.694684102895488,1.20970637013758e-6,3.950390788577169e-5,5.589425633216933,Up,C1
ELOVL5,2.5311414103842935,9.58590781159684,7.673619291616732,1.2513387266711604e-6,4.015325149406576e-5,5.554976354092215,Up,C1
IFI44,2.1270959170301147,6.846801724464709,7.655857317223756,1.287612041222995e-6,4.115214941868752e-5,5.525881813464247,Up,C1
GSDME,2.572008265890233,8.437333908851548,7.635408147987304,1.3307442530281684e-6,4.241769397235338e-5,5.492332605143398,Up,C1
GLMP,1.0211995889357297,6.7000246232572955,7.629964711014335,1.3424795242082732e-6,4.267840203979732e-5,5.483392458087897,Up,C1
XM_005244864,1.0211995889357297,6.7000246232572955,7.629964711014335,1.3424795242082732e-6,4.267840203979732e-5,5.483392458087897,Up,C1
ITGA8,2.4250259246645767,4.542335423466792,7.626121361706434,1.3508306291888044e-6,4.288708566374297e-5,5.4770778264154,Up,C1
XM_006722437,2.6933955930039932,5.6007681751044505,7.623515308970285,1.3565242580684453e-6,4.295421535904858e-5,5.472794934404623,Up,C1
ZNF521,2.6933955930039932,5.6007681751044505,7.623515308970285,1.3565242580684453e-6,4.295421535904858e-5,5.472794934404623,Up,C1
ZDHHC2,2.254173357544656,5.986500037794855,7.61387206468563,1.37781256456567e-6,4.345631691814088e-5,5.456938814024516,Up,C1
BICC1,3.0346694778664025,6.887247634015389,7.607981114660082,1.3909896447007826e-6,4.375692457681282e-5,5.447246268790559,Up,C1
XM_005270168,3.0346694778664025,6.887247634015389,7.607981114660082,1.3909896447007826e-6,4.375692457681282e-5,5.447246268790559,Up,C1
TGFB1I1,1.8507747969121109,7.282091902025786,7.599127098063186,1.411043977053583e-6,4.4281463998780694e-5,5.432669631186998,Up,C1
XM_006716454,2.2453529106431294,5.89034814354127,7.5852974456414675,1.4429775366386326e-6,4.494867228369535e-5,5.409880113100716,Up,C1
ZC2HC1A,2.2453529106431294,5.89034814354127,7.5852974456414675,1.4429775366386326e-6,4.494867228369535e-5,5.409880113100716,Up,C1
NAAA,1.5317506369452731,7.171379219772783,7.584121139446392,1.4457284810854435e-6,4.494867228369535e-5,5.4079405080095455,Up,C1
XM_005262920,1.5317506369452731,7.171379219772783,7.584121139446392,1.4457284810854435e-6,4.494867228369535e-5,5.4079405080095455,Up,C1
XM_005262925,1.5317506369452731,7.171379219772783,7.584121139446392,1.4457284810854435e-6,4.494867228369535e-5,5.4079405080095455,Up,C1
PLEKHO1,1.5313063788370735,5.238609512557742,7.582871291976264,1.4486574433187147e-6,4.498146954014979e-5,5.405879434674793,Up,C1
IGSF10,1.4226622928475354,4.881670013302678,7.579139855308088,1.4574390095993929e-6,4.507918957268638e-5,5.399724806664944,Up,C1
XM_006713596,1.4226622928475354,4.881670013302678,7.579139855308088,1.4574390095993929e-6,4.507918957268638e-5,5.399724806664944,Up,C1
XM_006713597,1.4226622928475354,4.881670013302678,7.579139855308088,1.4574390095993929e-6,4.507918957268638e-5,5.399724806664944,Up,C1
PRR5L,1.6420690077361355,4.510552232457668,7.578281949779505,1.459465893086202e-6,4.5083784254639666e-5,5.398309510039157,Up,C1
ARSB,2.0105375666927894,4.501633653315797,7.575378761831429,1.466346923835565e-6,4.5180049892042664e-5,5.393519343885501,Up,C1
XM_005248506,2.0105375666927894,4.501633653315797,7.575378761831429,1.466346923835565e-6,4.5180049892042664e-5,5.393519343885501,Up,C1
ATP10A,1.1914234463017364,5.620436657209381,7.563742176808479,1.4942711309304567e-6,4.586380522326448e-5,5.374307830180662,Up,C1
XM_006720619,1.1914234463017364,5.620436657209381,7.563742176808479,1.4942711309304567e-6,4.586380522326448e-5,5.374307830180662,Up,C1
FHL1,3.2798190510721623,7.824343130865125,7.545138377305283,1.5400797107512557e-6,4.7029253457317607e-5,5.3435553926579065,Up,C1
XM_006724744,3.2798190510721623,7.824343130865125,7.545138377305283,1.5400797107512557e-6,4.7029253457317607e-5,5.3435553926579065,Up,C1
ITGA1,1.5460660901429115,5.812455770614508,7.535784794243391,1.5636657429947836e-6,4.762830604487411e-5,5.328075904175012,Up,C1
PRXL2C,1.2460273882813917,8.539454541862444,7.52915351861189,1.5806166082739856e-6,4.808359927983803e-5,5.31709439886496,Up,C1
STARD9,1.6094103332538694,4.753767499045968,7.5255836835366985,1.589821555276475e-6,4.830240122752652e-5,5.311180204999328,Up,C1
TNFRSF19,2.246488333608422,7.049499477676569,7.520863807379368,1.6020783564547118e-6,4.849064906888524e-5,5.3033580506317914,Up,C1
LPCAT2,2.329563138772203,7.074285403766054,7.4928517561332715,1.676891223558781e-6,4.975122762405175e-5,5.256871596373429,Up,C1
COL6A3,2.7320615886265713,10.608770762735295,7.486896577946611,1.693263225923487e-6,4.99202596896671e-5,5.246975049757792,Up,C1
GPC3,1.5332984439670039,5.059954052112975,7.486243964180005,1.6950675629980288e-6,4.99202596896671e-5,5.245890215786561,Up,C1
PTGIS,2.6097914788668364,6.659310247346177,7.475507322409516,1.7250434129026861e-6,5.064275396202005e-5,5.228034424304406,Up,C1
CCDC74A,1.0484406953872174,4.671609312180474,7.4744448025398365,1.7280399756226324e-6,5.064275396202005e-5,5.226266520743483,Up,C1
CCDC74B,1.0484406953872174,4.671609312180474,7.4744448025398365,1.7280399756226324e-6,5.064275396202005e-5,5.226266520743483,Up,C1
SVIL,1.5132390704827081,9.645146069447609,7.458901137563594,1.7725066227822354e-6,5.1756330851604885e-5,5.200386079630658,Up,C1
ADCY7,1.4821853716959819,7.167691457842519,7.457467353603056,1.7766683622020162e-6,5.1814816560841786e-5,5.19799713977171,Up,C1
NPC2,1.0126743863463634,11.49802440331106,7.453099837986562,1.7894089159394487e-6,5.199684358399352e-5,5.190718343297677,Up,C1
XM_006720004,1.0126743863463634,11.49802440331106,7.453099837986562,1.7894089159394487e-6,5.199684358399352e-5,5.190718343297677,Up,C1
MEOX2,2.5923310312616765,3.8800825706098823,7.441713982825341,1.8230754341079198e-6,5.2656385763487714e-5,5.171730655965408,Up,C1
RAI14,2.1994448523775647,8.501916954182466,7.431726030388661,1.8531556347354814e-6,5.346086724149162e-5,5.155059549682409,Up,C1
DEGS1,1.712591502244214,10.439887916854898,7.422176915552727,1.8824012505355078e-6,5.4174334310975137e-5,5.139108116820864,Up,C1
DSEL,2.2728677360561482,5.645867951346682,7.409051762452056,1.9233913025781594e-6,5.522157660823083e-5,5.117162619323798,Up,C1
SHC3,2.0257366541981714,6.094156467611057,7.402019982609286,1.9457357669037954e-6,5.57963558867681e-5,5.105395619927524,Up,C1
A2M,4.245372525267129,7.263670210085925,7.397192299485506,1.9612339001684165e-6,5.617367073012212e-5,5.097313028455357,Up,C1
HSPG2,1.6403398134511775,8.415246517354548,7.387700905729294,1.992082451061921e-6,5.692138451236693e-5,5.08141303084393,Up,C1
MMP1,3.781580861371495,6.16097108154229,7.386060406943562,1.9974657073246196e-6,5.693963409406831e-5,5.078663609372278,Up,C1
IL7,1.6267901417761519,4.437167963584649,7.383819159283043,2.0048449770174263e-6,5.708219352120079e-5,5.074906754572632,Up,C1
ADARB1,2.3624325662447383,7.284547763493117,7.374344854481496,2.0363562598908702e-6,5.784215733716055e-5,5.059017972679067,Up,C1
XM_006723955,2.3624325662447383,7.284547763493117,7.374344854481496,2.0363562598908702e-6,5.784215733716055e-5,5.059017972679067,Up,C1
FUT8,1.8744394537933289,6.628814469960814,7.362474402312827,2.0765717072276567e-6,5.8549677902712275e-5,5.039093327116289,Up,C1
NR_038170,1.8744394537933289,6.628814469960814,7.362474402312827,2.0765717072276567e-6,5.8549677902712275e-5,5.039093327116289,Up,C1
IPO11,1.4239365383678395,4.890220893508208,7.361957891383737,2.0783403705154096e-6,5.8549677902712275e-5,5.038225919255655,Up,C1
ADAMTS2,1.8158421738363724,4.463183765849279,7.3553178515838145,2.101218743550032e-6,5.898649389788055e-5,5.027071630163526,Up,C1
FOXD1,1.1724641830253653,5.333685683557616,7.346731028083887,2.131197027115104e-6,5.968843762522372e-5,5.012638028956422,Up,C1
C1orf198,1.6572969156377564,8.442512184237431,7.3429775571422855,2.144441676027207e-6,5.9989381244761093e-5,5.006325625530966,Up,C1
PKD2,1.5139815049238994,8.59782200099962,7.339509699186696,2.1567552126290236e-6,6.025641051995986e-5,5.000491826985938,Up,C1
ADGRE5,1.4421813252647064,6.867598409415869,7.337894575607661,2.1625154141784786e-6,6.028419857271991e-5,4.997774222320775,Up,C1
GFRA1,1.0330447832956375,5.242588954629774,7.332642649249604,2.1813577275425408e-6,6.066853786381931e-5,4.988934853407343,Up,C1
KIRREL1,2.0760039746861247,5.390051978332082,7.3244952289958105,2.210929577049875e-6,6.12164764776418e-5,4.975214636778009,Up,C1
XM_006711430,2.0760039746861247,5.390051978332082,7.3244952289958105,2.210929577049875e-6,6.12164764776418e-5,4.975214636778009,Up,C1
PDGFRL,2.5103600294426593,7.410177440988226,7.324404582630549,2.2112609410097256e-6,6.12164764776418e-5,4.975061937259875,Up,C1
COTL1,1.5696409716079192,6.565884079793155,7.322136893206681,2.219567601216926e-6,6.13545724652733e-5,4.971241502741199,Up,C1
PEAK1,1.7370470265825926,8.33346497753104,7.321648279504675,2.221361697871948e-6,6.13545724652733e-5,4.970418229858462,Up,C1
LEPR,3.2666512727354826,9.342335526041754,7.319843870756283,2.228000329559325e-6,6.139662905864859e-5,4.967377668011068,Up,C1
LEPROT,3.2666512727354826,9.342335526041754,7.319843870756283,2.228000329559325e-6,6.139662905864859e-5,4.967377668011068,Up,C1
CIBAR1,1.0070619050101115,6.981640490522757,7.314523568075678,2.2476957033364943e-6,6.186833976087446e-5,4.9584099517616895,Up,C1
APOLD1,2.5077614628840337,7.1587206678765,7.313766253363257,2.2505140331009022e-6,6.187495741407543e-5,4.957133131141644,Up,C1
SGCD,2.156761428033133,5.266640041563347,7.310547633732435,2.262533450725347e-6,6.20632318677826e-5,4.951705706760503,Up,C1
CEP112,1.7884841227408144,6.1513323582988715,7.307601934063516,2.2735926781011934e-6,6.209195132417619e-5,4.946737243451519,Up,C1
XM_006721742,1.7884841227408144,6.1513323582988715,7.307601934063516,2.2735926781011934e-6,6.209195132417619e-5,4.946737243451519,Up,C1
XM_006721743,1.7884841227408144,6.1513323582988715,7.307601934063516,2.2735926781011934e-6,6.209195132417619e-5,4.946737243451519,Up,C1
NTM,1.6975829186894806,4.568898233398087,7.295430156672416,2.319894348647235e-6,6.306014060728306e-5,4.926194610790933,Up,C1
XM_006709956,1.6975829186894806,4.568898233398087,7.295430156672416,2.319894348647235e-6,6.306014060728306e-5,4.926194610790933,Up,C1
XM_006718854,1.6975829186894806,4.568898233398087,7.295430156672416,2.319894348647235e-6,6.306014060728306e-5,4.926194610790933,Up,C1
ACKR4,2.656161855236168,5.866181984309852,7.293032945919559,2.3291293190320124e-6,6.32395496780615e-5,4.922146364214518,Up,C1
PDE5A,3.2083289065023237,6.436814496730471,7.27996411710266,2.380157696932081e-6,6.426158047442498e-5,4.900062660724991,Up,C1
FHL2,1.246137435623801,9.075616322831241,7.275913871188972,2.3962090575816793e-6,6.446030614123875e-5,4.89321376833986,Up,C1
XM_005263901,1.246137435623801,9.075616322831241,7.275913871188972,2.3962090575816793e-6,6.446030614123875e-5,4.89321376833986,Up,C1
NES,1.3705603537135396,6.009301517889307,7.275398229652299,2.3982607026133738e-6,6.446030614123875e-5,4.892341665239565,Up,C1
THSD4,2.4223723460644164,6.373939630986014,7.267219480533506,2.4310498563268002e-6,6.519559625872164e-5,4.878504057299736,Up,C1
AGTR1,1.70590069368214,4.043653553949678,7.260265018669041,2.459300377821327e-6,6.558680852051943e-5,4.866730546628554,Up,C1
PTPRZ1,2.59489006613276,7.218291009379472,7.252623037576844,2.490740943168025e-6,6.62063465997412e-5,4.853785395425044,Up,C1
TEAD2,1.466668650361635,6.971230980661498,7.235341873794575,2.5634025515324673e-6,6.73896911740222e-5,4.824482149673395,Up,C1
XM_006723425,1.466668650361635,6.971230980661498,7.235341873794575,2.5634025515324673e-6,6.73896911740222e-5,4.824482149673395,Up,C1
XR_430214,1.466668650361635,6.971230980661498,7.235341873794575,2.5634025515324673e-6,6.73896911740222e-5,4.824482149673395,Up,C1
LPP,1.4801198485481413,7.392081878197552,7.228164016252527,2.5942329738511205e-6,6.805112550642032e-5,4.8122986892096815,Up,C1
XM_005247444,1.4801198485481413,7.392081878197552,7.228164016252527,2.5942329738511205e-6,6.805112550642032e-5,4.8122986892096815,Up,C1
PLN,1.7276541519985962,4.347304476737921,7.221684755149124,2.622396536033704e-6,6.863987094643508e-5,4.801294880647124,Up,C1
JCAD,2.560148047383408,6.169695594369699,7.2148141599031765,2.652611415652963e-6,6.92043252157635e-5,4.789620116415904,Up,C1
ZNF503,1.403283084041881,9.51152108376716,7.214001351779198,2.6562099662723846e-6,6.922296591799107e-5,4.7882385311184805,Up,C1
PLSCR1,1.7162938255668374,8.142288560685222,7.205989355353319,2.6919565008420655e-6,7.00025351389071e-5,4.774615100221835,Up,C1
ABCB1,1.693982069689436,4.4841853844661745,7.197539460961241,2.730203461111528e-6,7.071730359803741e-5,4.760237444280538,Up,C1
FBLN2,1.2441336278964217,8.200140470659369,7.196479329910808,2.7350420051741642e-6,7.073973944848092e-5,4.758432912854639,Up,C1
RIMKLB,1.4218333594524735,6.784508391670048,7.187031812487955,2.778560321922567e-6,7.17107578997693e-5,4.742344682266818,Up,C1
ISLR,2.188231220828958,6.19740447612368,7.179687109721191,2.8128934110626844e-6,7.232127420004173e-5,4.72982880075288,Up,C1
PLXNC1,3.5353217229799454,5.7193336411170135,7.178095514321818,2.8203918109559193e-6,7.232127420004173e-5,4.727115626397488,Up,C1
NID2,2.3704498795185045,4.88846444721234,7.169038988065572,2.8634598673224824e-6,7.280589378757862e-5,4.711670385699788,Up,C1
TSPAN4,1.1075628557655763,7.754031299015987,7.165578187636026,2.880099080148023e-6,7.307414177770915e-5,4.705765241333271,Up,C1
NUDT11,1.5525803038911175,5.191104469300901,7.162556891658192,2.8947080175311817e-6,7.336724586777552e-5,4.700608662982209,Up,C1
GALNT14,1.6984895775942093,6.685816492158089,7.154109447045889,2.935967590138721e-6,7.403880250346667e-5,4.686184320026207,Up,C1
NR_045602,1.6984895775942093,6.685816492158089,7.154109447045889,2.935967590138721e-6,7.403880250346667e-5,4.686184320026207,Up,C1
ITM2A,4.096427483991849,5.292642251954636,7.1530631007511545,2.9411209439407194e-6,7.403880250346667e-5,4.684396953694186,Up,C1
OAT,1.2649580502710567,11.126039217025873,7.1496048591503,2.9582206316483854e-6,7.403880250346667e-5,4.678488512735223,Up,C1
XM_006717871,1.2649580502710567,11.126039217025873,7.1496048591503,2.9582206316483854e-6,7.403880250346667e-5,4.678488512735223,Up,C1
GEM,4.330616706098741,5.861106134564737,7.142709172366891,2.992628813928887e-6,7.466639999160202e-5,4.666702208413643,Up,C1
CFL2,1.5141364927617662,7.1235060759237125,7.136326367550533,3.024851550537508e-6,7.497664671801286e-5,4.6557866556498375,Up,C1
NOTCH2,1.49628376315008,9.933383794613887,7.135749094217867,3.027783705794601e-6,7.497664671801286e-5,4.6547991529105275,Up,C1
XM_005270901,1.49628376315008,9.933383794613887,7.135749094217867,3.027783705794601e-6,7.497664671801286e-5,4.6547991529105275,Up,C1
XM_006710667,1.49628376315008,9.933383794613887,7.135749094217867,3.027783705794601e-6,7.497664671801286e-5,4.6547991529105275,Up,C1
CCL14,3.0317317434785656,6.9994644546511156,7.135302600109437,3.030053633716877e-6,7.497664671801286e-5,4.654035333686878,Up,C1
CCL15-CCL14,3.0317317434785656,6.9994644546511156,7.135302600109437,3.030053633716877e-6,7.497664671801286e-5,4.654035333686878,Up,C1
CAVIN2,2.2569780063896197,6.458233463941419,7.121572797186503,3.100731870874092e-6,7.57828510511265e-5,4.630534195631608,Up,C1
LURAP1L,1.5520735440984614,6.479274537347518,7.121478080694877,3.1012254065020475e-6,7.57828510511265e-5,4.630371979653326,Up,C1
MCOLN3,2.5406124432417228,5.90144726500504,7.119091145699593,3.113690122555034e-6,7.57828510511265e-5,4.626283589717152,Up,C1
XM_006710750,2.5406124432417228,5.90144726500504,7.119091145699593,3.113690122555034e-6,7.57828510511265e-5,4.626283589717152,Up,C1
XM_006710751,2.5406124432417228,5.90144726500504,7.119091145699593,3.113690122555034e-6,7.57828510511265e-5,4.626283589717152,Up,C1
MASP1,1.5387059267652043,6.354654340484906,7.116935709570342,3.1249910308195806e-6,7.57828510511265e-5,4.622591035830187,Up,C1
BMP2,1.7601224298383285,5.9925301451263495,7.116785129300155,3.1257821240153005e-6,7.57828510511265e-5,4.622333047330146,Up,C1
IFIT3,1.3647991636338368,9.142342183580721,7.115849455875094,3.1307025109222583e-6,7.582555163184264e-5,4.620729891678483,Up,C1
TEK,1.6248394728008853,5.151534744615256,7.098750970342386,3.2220607195940026e-6,7.795957801582183e-5,4.591412427289084,Up,C1
GPRASP1,2.173133238344061,6.0523645820063505,7.0957517284462694,3.238371604763275e-6,7.827532251513407e-5,4.58626566950319,Up,C1
MITF,2.669635561585477,7.024015773866029,7.086036976516548,3.291800013278478e-6,7.948670414357146e-5,4.569586382805097,Up,C1
AXIN2,1.45413333247369,7.38704419390564,7.074470161627878,3.3566205620915207e-6,8.080803082379205e-5,4.5497101757088885,Up,C1
NCALD,1.124850200611112,4.746240289137001,7.069766975672328,3.383358278286308e-6,8.11458998811238e-5,4.541622986051571,Up,C1
AP1S2,1.207321466307465,7.144406369665657,7.0690316007383425,3.387559023451631e-6,8.11458998811238e-5,4.540358221195655,Up,C1
XR_247291,1.207321466307465,7.144406369665657,7.0690316007383425,3.387559023451631e-6,8.11458998811238e-5,4.540358221195655,Up,C1
TRIO,1.187669385828399,7.250974158059221,7.058991166232976,3.445463424116184e-6,8.22047843992412e-5,4.523082243450828,Up,C1
XM_006714495,1.187669385828399,7.250974158059221,7.058991166232976,3.445463424116184e-6,8.22047843992412e-5,4.523082243450828,Up,C1
LPIN2,1.3462275121664957,5.645214960892378,7.049624732120344,3.5004156066860675e-6,8.302072667161955e-5,4.5069533366745755,Up,C1
XM_005258178,1.3462275121664957,5.645214960892378,7.049624732120344,3.5004156066860675e-6,8.302072667161955e-5,4.5069533366745755,Up,C1
FRAS1,2.693435310581642,5.007724764911805,7.048257492400111,3.508513543681156e-6,8.313064370724096e-5,4.504597942645077,Up,C1
ABCA9,1.623822834266444,5.492713714965568,7.0301977681127825,3.617338511848288e-6,8.537203437697404e-5,4.4734613841217055,Up,C1
SLFN11,1.970800988978675,5.028666964222263,7.023759973047583,3.6569812228354567e-6,8.605378755931042e-5,4.462351083008896,Up,C1
DPY19L1,1.7364966245310187,6.991310324083297,7.0219192704507005,3.6683993463969445e-6,8.623792469365275e-5,4.459173350950353,Up,C1
GNG2,2.7487627504791687,6.289479878205887,7.019192886038869,3.68538010806359e-6,8.646347903005505e-5,4.4544657385054265,Up,C1
XM_006720173,2.7487627504791687,6.289479878205887,7.019192886038869,3.68538010806359e-6,8.646347903005505e-5,4.4544657385054265,Up,C1
NR_027049,1.0831454220455372,4.635403570080265,7.018645222766449,3.688801038529138e-6,8.646347903005505e-5,4.45351997065838,Up,C1
GALNT1,1.395315451212089,8.20640260321834,7.007065300442668,3.761917711613962e-6,8.780093454408019e-5,4.433512654365046,Up,C1
COL1A2,3.2524230902204714,10.357017338926585,7.005831697726455,3.76979572991945e-6,8.784722049468605e-5,4.431380185566203,Up,C1
ARHGEF40,1.658548616989039,7.1754131344123895,7.00439821805626,3.7789719013802223e-6,8.7975638774906e-5,4.428901933036963,Up,C1
MEST,1.9626852654321736,6.513687683722413,6.98416245829823,3.911032128022032e-6,9.043602421655571e-5,4.393887069807544,Up,C1
ADGRF5,2.516950388793963,4.88490695735013,6.981981029454625,3.925554026083175e-6,9.068445402699555e-5,4.390109037561226,Up,C1
PECAM1,3.827958069252512,6.838881118355544,6.979397691433346,3.942824489974867e-6,9.090842786587586e-5,4.385634078506545,Up,C1
XM_006721945,3.827958069252512,6.838881118355544,6.979397691433346,3.942824489974867e-6,9.090842786587586e-5,4.385634078506545,Up,C1
SCN7A,3.098057599188982,4.578314133628764,6.975073804345781,3.971909299496048e-6,9.149113916171222e-5,4.378141991823423,Up,C1
TMSB15B,1.164257112147462,5.825707341576166,6.961874602950022,4.062091624658156e-6,9.292889128792219e-5,4.3552553543026065,Up,C1
HNMT,3.23400606262934,6.651599565292505,6.958649264866911,4.0844526268070135e-6,9.327786103579633e-5,4.349659116910468,Up,C1
ITGA4,2.4347982173861507,4.6051363672084955,6.952969374866254,4.1241446187375115e-6,9.40054312810425e-5,4.3398004972235285,Up,C1
SYNPO2,3.4582448881062584,6.789455237127237,6.936204732906118,4.243670394376626e-6,9.64550916721854e-5,4.310675781059992,Up,C1
XM_006723512,1.2651941151383674,3.7002663399588713,6.930846277393557,4.2826344231463795e-6,9.715670266952684e-5,4.301358431580853,Up,C1
ZNF536,1.2651941151383674,3.7002663399588713,6.930846277393557,4.2826344231463795e-6,9.715670266952684e-5,4.301358431580853,Up,C1
ANK2,3.239804658120053,5.862528526058894,6.925787570990245,4.319762488068405e-6,9.790645820454944e-5,4.292558615793878,Up,C1
MNS1,2.0795469563680604,4.611429900599045,6.923785773036448,4.334547445481813e-6,9.814887527024008e-5,4.289075425303112,Up,C1
RUNDC3B,2.2192262651180026,4.437294466094413,6.919021620905952,4.369948101872791e-6,9.876411896530201e-5,4.280783405467693,Up,C1
XM_005250158,2.2192262651180026,4.437294466094413,6.919021620905952,4.369948101872791e-6,9.876411896530201e-5,4.280783405467693,Up,C1
CXCL1,3.4639594610203233,7.137262286446555,6.900786306002107,4.508268051757051e-6,1.0075181543600813e-4,4.249015544796716,Up,C1
C7,2.6098303059365024,5.57427661213111,6.8974739662940125,4.5338808864581206e-6,1.0095446712930107e-4,4.243240118834176,Up,C1
TIFA,1.2139952438109916,7.955021551426172,6.8974379393937095,4.534160301865951e-6,1.0095446712930107e-4,4.2431772935863545,Up,C1
MX2,1.8127467222317941,6.237606722952921,6.896630965404285,4.54042370962562e-6,1.0100023158334952e-4,4.24177001042346,Up,C1
PGM5,2.476766672287079,5.35398220747027,6.8933832954232575,4.565722498921362e-6,1.0146895501769494e-4,4.236105475397057,Up,C1
ABL1,1.1348923606033932,8.408562076167604,6.889121623291657,4.5991441546451685e-6,1.0211716743736665e-4,4.228670101624671,Up,C1
LPAR1,1.9138904550156468,7.455748205412561,6.885283569129345,4.6294627370955785e-6,1.0269534622529398e-4,4.221971649182372,Up,C1
AGPAT4,1.073509560376598,5.535847765164897,6.877647084862706,4.690410544985588e-6,1.0348858674352182e-4,4.208637786832025,Up,C1
ABCG2,1.4627895008423364,4.588986128300648,6.870298398341318,4.749854401225024e-6,1.0449679682695052e-4,4.195798758527516,Up,C1
ARAP3,1.0546753259937365,6.694518471474959,6.867993162041416,4.768663552539087e-6,1.0450366419528982e-4,4.191769684331861,Up,C1
CREB5,1.7899779575194819,4.755508690605838,6.8671620055255564,4.77546432044005e-6,1.0450366419528982e-4,4.190316813529057,Up,C1
CSGALNACT2,1.319652783396899,7.58404640148274,6.865745381998395,4.7870789482915815e-6,1.0450366419528982e-4,4.187840317748295,Up,C1
XM_005271819,1.319652783396899,7.58404640148274,6.865745381998395,4.7870789482915815e-6,1.0450366419528982e-4,4.187840317748295,Up,C1
XM_005271820,1.319652783396899,7.58404640148274,6.865745381998395,4.7870789482915815e-6,1.0450366419528982e-4,4.187840317748295,Up,C1
XM_005271821,1.319652783396899,7.58404640148274,6.865745381998395,4.7870789482915815e-6,1.0450366419528982e-4,4.187840317748295,Up,C1
CRISPLD2,3.435057214492824,7.098135268167375,6.858388583997376,4.847873023238978e-6,1.0546432159431542e-4,4.174974896504944,Up,C1
PPARG,1.3314071883908678,4.4992011178179645,6.857490630221751,4.855348527694298e-6,1.0546432159431542e-4,4.173404055737825,Up,C1
SLC44A1,1.7256169631116691,6.81910346412636,6.846060308530852,4.951567279338473e-6,1.0678123795029833e-4,4.153398522482044,Up,C1
CASK,1.0456380604517825,6.2954490005379045,6.839112438054973,5.011026305579824e-6,1.0770963227757121e-4,4.141229337897233,Up,C1
TRAF5,1.5785043493423814,5.939111791219122,6.836992293997256,5.029318603081164e-6,1.0797290260389453e-4,4.137514567254241,Up,C1
SERPINF1,1.6333306441928421,10.918930590876892,6.831319865715035,5.078603762842353e-6,1.087392038499038e-4,4.127572643893503,Up,C1
ANXA3,2.7293936956124965,5.8792238896714295,6.829623607246164,5.093439710238633e-6,1.088626357303185e-4,4.124598781815015,Up,C1
XM_005262973,2.7293936956124965,5.8792238896714295,6.829623607246164,5.093439710238633e-6,1.088626357303185e-4,4.124598781815015,Up,C1
SMOC2,3.4523898107678015,5.675158549372084,6.8268141399415025,5.118111898468625e-6,1.0919548603292795e-4,4.119672370618627,Up,C1
RASSF8,1.3108002317344551,7.437241497111717,6.8240958158112175,5.142102695993822e-6,1.0941555754365577e-4,4.114904730698452,Up,C1
ADH5,1.0803964654166904,8.839475428647875,6.821341882206469,5.166527745253439e-6,1.0983790871707088e-4,4.1100735840060825,Up,C1
ACVRL1,1.4044173716182318,5.547354520230361,6.815998425226477,5.21426646705262e-6,1.1055903157437897e-4,4.100696691212111,Up,C1
L1CAM,1.5800408552067955,4.693323843608431,6.812531253755431,5.245488980593021e-6,1.1073194943904458e-4,4.094610240628041,Up,C1
ZNF106,1.3475230747107743,8.220626789258183,6.807895345856546,5.287542014320211e-6,1.1152160230906302e-4,4.08646950853432,Up,C1
FKBP11,1.7166000840613123,7.201432367500666,6.778174678602136,5.565655831960267e-6,1.1646632195179627e-4,4.034208253039395,Up,C1
NPTX2,2.6840610332734074,5.164023337846404,6.776241797608589,5.58426474043855e-6,1.167539392857196e-4,4.030805176689423,Up,C1
SND1,1.0435430005403692,8.119891358227116,6.753960158558548,5.803541794027723e-6,1.2008328460366673e-4,3.9915379347999345,Up,C1
GALNT16,1.5488041215731614,4.302253649599607,6.746523224893508,5.878718576287325e-6,1.21534025209344e-4,3.9784162977402726,Up,C1
TXNIP,2.030627178839973,10.394028014303512,6.744897009668365,5.8952925394914115e-6,1.2177178273052742e-4,3.9755459943362634,Up,C1
CCDC88A,2.5456454725737085,5.740075109100788,6.736094607850056,5.985856210578983e-6,1.2335210515709215e-4,3.9600031669227818,Up,C1
C1QTNF7,2.684386771911483,5.910520862596746,6.722031298519553,6.133577344756134e-6,1.261509198190546e-4,3.9351484578944067,Up,C1
AR,2.0475885715639173,5.0759589197421295,6.720667797636245,6.148100842506488e-6,1.2627188287324173e-4,3.9327372144780703,Up,C1
LRRK2,2.033100977160321,4.947426066628392,6.720491580459164,6.149980463245546e-6,1.2627188287324173e-4,3.9324255694099186,Up,C1
CD93,3.16812913692302,6.281627208261149,6.707211737719841,6.29337281106615e-6,1.2877539148440728e-4,3.90892732130723,Up,C1
RAB32,1.0850748867396396,8.032467869827205,6.700433720497438,6.367903126941657e-6,1.301894470637595e-4,3.8969243541150203,Up,C1
SLC43A1,1.0153918508156767,5.58767031434993,6.695027311915557,6.428012633510738e-6,1.3130651849321254e-4,3.887345726865508,Up,C1
MYRIP,2.028627766539574,4.172993856119588,6.675008852812375,6.655795737776422e-6,1.3526876316520718e-4,3.8518431659819097,Up,C1
GALNT15,2.5118358014127757,7.149229535151238,6.666421488561245,6.756079431155931e-6,1.3684339114481407e-4,3.8365964132446795,Up,C1
AASS,1.5959279559004056,5.046336852707172,6.665461775125996,6.767384713187908e-6,1.3695680260196978e-4,3.83489181544512,Up,C1
ID3,1.7196194696813816,10.159097751269252,6.657808212731111,6.858253135086275e-6,1.3867884730273022e-4,3.8212933199969132,Up,C1
CDO1,4.42701644291669,6.107143719897287,6.653410641729353,6.9110401285990025e-6,1.3946789078041704e-4,3.8134762228151864,Up,C1
XR_427700,4.42701644291669,6.107143719897287,6.653410641729353,6.9110401285990025e-6,1.3946789078041704e-4,3.8134762228151864,Up,C1
CCDC102B,1.585455810851374,5.136472677345774,6.649345567085386,6.9602136492008e-6,1.3968147826765685e-4,3.80624776985953,Up,C1
XM_005266768,1.585455810851374,5.136472677345774,6.649345567085386,6.9602136492008e-6,1.3968147826765685e-4,3.80624776985953,Up,C1
XM_006722545,1.585455810851374,5.136472677345774,6.649345567085386,6.9602136492008e-6,1.3968147826765685e-4,3.80624776985953,Up,C1
XR_430083,1.585455810851374,5.136472677345774,6.649345567085386,6.9602136492008e-6,1.3968147826765685e-4,3.80624776985953,Up,C1
AFAP1L1,1.8233976256471625,5.533109890983996,6.6485583681591445,6.969778251417641e-6,1.3975657275733185e-4,3.804847718479989,Up,C1
USP53,1.6055709299593381,8.937824783235701,6.645416690123836,7.008087184666723e-6,1.4040743623236287e-4,3.799259311047093,Up,C1
PREX1,1.3241427920433582,5.161887452536667,6.643822704262627,7.027607978079972e-6,1.4068110649697704e-4,3.7964234073479517,Up,C1
VIM,3.1503272057634457,5.145973884431876,6.633145062841137,7.159845818059073e-6,1.4291438580752442e-4,3.777417386686132,Up,C1
ANGPTL1,1.513903320014724,3.5801458850966794,6.632893964280128,7.1629866730460745e-6,1.4291438580752442e-4,3.7769702441456854,Up,C1
XR_241102,1.513903320014724,3.5801458850966794,6.632893964280128,7.1629866730460745e-6,1.4291438580752442e-4,3.7769702441456854,Up,C1
ANO6,1.3600343090431917,9.614680820455677,6.624760887323146,7.265501335993048e-6,1.437646851331452e-4,3.7624825523397654,Up,C1
NRP1,1.7253164162788428,7.45954241791822,6.621602329853497,7.305726120210873e-6,1.4432266529819043e-4,3.7568536333242353,Up,C1
PLP1,4.109106166042594,5.0994650167856,6.61784750510572,7.353847389231909e-6,1.4515381993120417e-4,3.7501602864797654,Up,C1
IRS1,2.628677405690297,7.390249322150521,6.605757772579936,7.5110500026521346e-6,1.4755060452135486e-4,3.7285957878227443,Up,C1
XM_005246534,2.628677405690297,7.390249322150521,6.605757772579936,7.5110500026521346e-6,1.4755060452135486e-4,3.7285957878227443,Up,C1
NOVA1,1.7813776783052937,5.75700297188912,6.600428399075966,7.5814590031482306e-6,1.4866844689016652e-4,3.719083294751215,Up,C1
FMOD,2.73618934819401,9.19858988271559,6.596259610661627,7.637015432316507e-6,1.494514351147059e-4,3.71163959094166,Up,C1
PODXL,1.6354543802020425,6.196012922006207,6.591597343611999,7.699652467870509e-6,1.503718946573051e-4,3.7033118724527636,Up,C1
FMO1,2.9695703293218987,8.605493773397155,6.583003937595282,7.81651420822543e-6,1.5203563535318217e-4,3.687954435396154,Up,C1
SERPINB9,2.0813180283802826,6.425981777030649,6.573408734789433,7.949191679665805e-6,1.5426961438354467e-4,3.6707945092931435,Up,C1
BCL2,2.51232035498644,5.540000429144727,6.56752970205879,8.031644249199854e-6,1.5509932758071842e-4,3.6602741924153417,Up,C1
XM_006722523,2.51232035498644,5.540000429144727,6.56752970205879,8.031644249199854e-6,1.5509932758071842e-4,3.6602741924153417,Up,C1
PVR,1.1468948531503358,5.672139321140634,6.564062910785603,8.080683745569837e-6,1.559104270588161e-4,3.654068237870094,Up,C1
MMP27,2.531759989285434,4.925019477908212,6.559483364862023,8.145943626056206e-6,1.569172864467103e-4,3.645867758416843,Up,C1
ABI3BP,1.608459798582773,9.91853700610743,6.558125886951049,8.165393680617916e-6,1.571658212687981e-4,3.6434363950960886,Up,C1
CYP4X1,3.6847242883470295,5.654327941929784,6.554584701272152,8.216360733338409e-6,1.5725743829109849e-4,3.637092609556193,Up,C1
CMTM3,1.184669142161563,7.972338439155007,6.553701766979394,8.229120177219386e-6,1.5725743829109849e-4,3.635510622761032,Up,C1
NR_037613,1.184669142161563,7.972338439155007,6.553701766979394,8.229120177219386e-6,1.5725743829109849e-4,3.635510622761032,Up,C1
XM_006721132,1.184669142161563,7.972338439155007,6.553701766979394,8.229120177219386e-6,1.5725743829109849e-4,3.635510622761032,Up,C1
S100B,2.4883081159911073,5.09059585862676,6.53012869323209,8.577543424454586e-6,1.6172678497545874e-4,3.5932337201156024,Up,C1
CEP170,1.530969942637852,8.62431283080429,6.5241584670257575,8.668208737582273e-6,1.633079639870092e-4,3.5825141993398812,Up,C1
CYP1B1,4.335414231175021,7.5523026522646735,6.5196192227165595,8.73781221947375e-6,1.642325519904534e-4,3.5743606823860077,Up,C1
SCARA5,3.0486075186029415,6.630085946801028,6.505781583211685,8.95361882871516e-6,1.6715914261104873e-4,3.5494874394876756,Up,C1
RNF217,1.3257993437513873,7.143543996656664,6.503279858225913,8.99322516737292e-6,1.6732976005215877e-4,3.5449877302830757,Up,C1
ACKR1,2.9745453478687596,6.6079329068993315,6.4842424591172545,9.300675523622943e-6,1.7198367790292594e-4,3.510717742936171,Up,C1
ASIC1,1.0103902399271174,5.06488292609882,6.48017171176472,9.367829888294753e-6,1.7269328185779618e-4,3.5033832883688234,Up,C1
SLC35F2,1.241802095632619,7.259143180258301,6.47602632479286,9.436735981294232e-6,1.735636299027005e-4,3.495911985344705,Up,C1
XM_005271598,1.241802095632619,7.259143180258301,6.47602632479286,9.436735981294232e-6,1.735636299027005e-4,3.495911985344705,Up,C1
FOXN2,1.6290441046462796,7.34003125736724,6.471893579995575,9.505958814104486e-6,1.743025389275293e-4,3.4884610904661546,Up,C1
PLPPR4,2.172078927994882,4.301036446657263,6.470219036690242,9.53415787549585e-6,1.7468615063179495e-4,3.485441393180489,Up,C1
MMP10,3.7186553049767097,7.623852748269957,6.4645464003302084,9.630334960377687e-6,1.7631372976276524e-4,3.475209055402985,Up,C1
BNIP3,1.8459610730213143,9.445345584095179,6.451973561218882,9.847129644820282e-6,1.791893902463809e-4,3.4525141560187915,Up,C1
TCEAL3,1.528720451262659,8.845023434505867,6.4514945753621715,9.8554888977248e-6,1.7920563979029595e-4,3.45164911722971,Up,C1
SLC2A10,2.334954387255542,6.777913710733999,6.445781248661885,9.95577082468076e-6,1.807489213177631e-4,3.4413285085225045,Up,C1
DOCK2,1.2996772935726923,4.502322649138132,6.445374309872388,9.962954041471568e-6,1.807489213177631e-4,3.440593237466917,Up,C1
CPNE8,1.3533735838352872,7.2384255490368306,6.431756981457877,1.0206470859787347e-5,1.83639965199862e-4,3.4159757250266356,Up,C1
MFAP2,2.1353973433927687,7.734901118034486,6.43101626542441,1.0219893846852876e-5,1.8374373940985972e-4,3.4146359148696064,Up,C1
ATP11A,1.052824858699923,7.406309929344924,6.42898667023192,1.025676792356344e-5,1.8399323146589663e-4,3.41096438482454,Up,C1
ABCC4,2.4770513984928955,5.2857492143427995,6.415593829545417,1.0503599004543069e-5,1.8750173174113602e-4,3.3867224606633712,Up,C1
KCNQ5,1.4180246188567565,3.7267257799389997,6.415409777150721,1.0507033963495874e-5,1.8750173174113602e-4,3.3863891404199773,Up,C1
MEG3,2.188054052150787,5.163056072083744,6.413856186261731,1.0536075291152923e-5,1.8781293930415996e-4,3.3835753887057667,Up,C1
PROS1,2.1509541539161026,7.75290635111964,6.413640012167688,1.0540122874873071e-5,1.8781293930415996e-4,3.3831838432618024,Up,C1
VAMP5,1.3218324002618926,6.617453534060734,6.411793037138903,1.0574771352552285e-5,1.8829055044804153e-4,3.379838244579231,Up,C1
PTX3,3.5364745220452463,6.508771338730843,6.405219397493792,1.069905751620821e-5,1.9036232654116343e-4,3.3679269590362537,Up,C1
MUC1,2.2810326585286766,7.642447874850095,6.389388216338441,1.100467032426331e-5,1.953654564518994e-4,3.339216640500343,Up,C1
COL15A1,3.3393802357289455,4.885075320897051,6.388337494799735,1.1025273631775389e-5,1.955865615002756e-4,3.3373098969431467,Up,C1
THSD7A,1.6932024523067941,3.776698550153329,6.3834686319577445,1.112127252313836e-5,1.967080199707936e-4,3.3284723794353273,Up,C1
CHRDL1,3.4684027921077325,6.530795349559592,6.379584420275203,1.1198482395256485e-5,1.9792781623781015e-4,3.3214197571718156,Up,C1
KRT19,3.5189844854645234,10.994710441608175,6.373942768550085,1.1311623962812005e-5,1.9934038058400422e-4,3.3111724039785617,Up,C1
RPL22,1.1212307866870344,10.899192513675192,6.369967902998209,1.1392054342691309e-5,2.0031654822950682e-4,3.303949913366692,Up,C1
RPS6KA2,1.6099903232301083,8.384912735621437,6.351301432137069,1.1777824397355498e-5,2.0559370268023757e-4,3.2700029462762306,Up,C1
GRK3,1.0918248235166352,5.80159458131908,6.341316417642588,1.1989750465799076e-5,2.0778194272932089e-4,3.251824351226311,Up,C1
AMOTL1,1.219343554834989,8.20073759127357,6.34004804507534,1.2016954278530645e-5,2.0795309055031904e-4,3.249514181184807,Up,C1
GIMAP7,3.390098323169589,5.290716943099965,6.3299521231795035,1.2235798878432315e-5,2.109796297989457e-4,3.2311178905411033,Up,C1
FGFBP2,3.1902632453499553,5.555182605533408,6.327225161872659,1.2295620157053486e-5,2.1172599189041543e-4,3.2261465409355505,Up,C1
GGT5,1.2233689271129382,6.397868531506082,6.326790609863233,1.2305181055838782e-5,2.1172599189041543e-4,3.225354241950404,Up,C1
NOSTRIN,1.5689330616887438,4.231034989902457,6.326261970485908,1.2316822495381833e-5,2.1172599189041543e-4,3.2243903625711887,Up,C1
XR_427064,1.5689330616887438,4.231034989902457,6.326261970485908,1.2316822495381833e-5,2.1172599189041543e-4,3.2243903625711887,Up,C1
MYCT1,2.7720168898799473,5.041704958616194,6.324723500066985,1.2350767349566882e-5,2.1174508423164594e-4,3.2215850172641023,Up,C1
PKIA,1.9436234537778976,5.403285968098763,6.321944125878456,1.2412339132064008e-5,2.1264879646523937e-4,3.2165161001136937,Up,C1
MSN,2.732264790781792,9.487858816306641,6.319930676267781,1.2457143211729725e-5,2.1306401101328355e-4,3.212843380931348,Up,C1
PIK3R1,1.592050728470074,9.597422264223997,6.319260977446579,1.2472082971155046e-5,2.1306401101328355e-4,3.211621664013018,Up,C1
IRX3,2.472735326277835,8.149202270196174,6.317313829796906,1.2515626528785095e-5,2.1350395731620459e-4,3.2080691734217197,Up,C1
CD69,2.5305943469483476,4.417956766184946,6.314408791988906,1.2580886098371805e-5,2.1446479270818185e-4,3.2027680788870985,Up,C1
SEPTIN11,2.447119937001894,4.664705481184341,6.30160994970132,1.2872657002275861e-5,2.1804482241963673e-4,3.1793989653149204,Up,C1
XM_005263120,2.447119937001894,4.664705481184341,6.30160994970132,1.2872657002275861e-5,2.1804482241963673e-4,3.1793989653149204,Up,C1
XM_005263121,2.447119937001894,4.664705481184341,6.30160994970132,1.2872657002275861e-5,2.1804482241963673e-4,3.1793989653149204,Up,C1
XM_005263122,2.447119937001894,4.664705481184341,6.30160994970132,1.2872657002275861e-5,2.1804482241963673e-4,3.1793989653149204,Up,C1
LIMS2,1.1290584462346818,5.696108637153845,6.295646659400633,1.301100167037176e-5,2.1992257893821337e-4,3.1685030134173466,Up,C1
XM_005263709,1.1290584462346818,5.696108637153845,6.295646659400633,1.301100167037176e-5,2.1992257893821337e-4,3.1685030134173466,Up,C1
TYR,2.334523230618972,6.77612316004374,6.289456063453536,1.3156260916178429e-5,2.2175321243687827e-4,3.157186548437794,Up,C1
SNED1,1.5855728485251142,7.019389167741782,6.288340163522533,1.3182624333718081e-5,2.2183831483885147e-4,3.1551461114228996,Up,C1
XM_006712405,1.5855728485251142,7.019389167741782,6.288340163522533,1.3182624333718081e-5,2.2183831483885147e-4,3.1551461114228996,Up,C1
NAP1L3,1.6051783911041273,5.991264362100063,6.2880690664677745,1.3189037383344764e-5,2.2183831483885147e-4,3.1546503811486115,Up,C1
FAM241A,2.768477754697729,5.602608299230057,6.282868033442532,1.3312704525001373e-5,2.2372106452227166e-4,3.1451377689880307,Up,C1
SMAD6,1.1856431680903405,6.894966901224532,6.281533510009226,1.3344630559931761e-5,2.2372106452227166e-4,3.142696344584845,Up,C1
COL16A1,1.5926122369168594,8.164419907622044,6.278495462280541,1.3417608399326273e-5,2.2426841002829332e-4,3.137137517547645,Up,C1
EYA2,2.014403702655928,6.609590896577305,6.271698014754498,1.3582403057603923e-5,2.2560888455959124e-4,3.124695375228489,Up,C1
GIMAP6,3.1017605511037707,5.238665939372874,6.270794953034334,1.3604454812776517e-5,2.256341012020571e-4,3.12304191973813,Up,C1
SCRN1,1.688350753550825,8.064745550859746,6.2676203633121155,1.3682271454392758e-5,2.2664035848746377e-4,3.117228532496952,Up,C1
TIMP3,1.990774187422514,8.49292065027683,6.265444726945203,1.3735869300721227e-5,2.273712654868351e-4,3.1132436522118923,Up,C1
PIK3AP1,1.4629964528232584,5.616230671919472,6.262817169090021,1.3800892416343026e-5,2.2829015835772935e-4,3.1084301672149177,Up,C1
TNFRSF1B,1.3198345796174467,6.186424618713796,6.248403509853926,1.4163335104035978e-5,2.3332077499455835e-4,3.082008549967334,Up,C1
DKK1,3.5415892914403684,5.846859791278259,6.242692582754332,1.4309673017998453e-5,2.3524710395753348e-4,3.07153197181143,Up,C1
PEAR1,1.9030343160090624,5.902335329898285,6.238529866536726,1.4417331849473833e-5,2.365309631244504e-4,3.0638927301558514,Up,C1
XM_006711301,1.9030343160090624,5.902335329898285,6.238529866536726,1.4417331849473833e-5,2.365309631244504e-4,3.0638927301558514,Up,C1
APOL2,1.1515324606572097,7.7487424525264705,6.237037215069816,1.4456141123753053e-5,2.3668233236856805e-4,3.0611528990277055,Up,C1
XM_006724217,1.1515324606572097,7.7487424525264705,6.237037215069816,1.4456141123753053e-5,2.3668233236856805e-4,3.0611528990277055,Up,C1
XM_006724218,1.1515324606572097,7.7487424525264705,6.237037215069816,1.4456141123753053e-5,2.3668233236856805e-4,3.0611528990277055,Up,C1
NTN4,2.0019458358667315,8.359903007598737,6.235164148305213,1.4504995402735966e-5,2.3732031333092613e-4,3.0577143648925613,Up,C1
ANKRD50,1.5787779520361518,7.488939687839857,6.233547201500959,1.454730783812889e-5,2.3771182915056308e-4,3.0547456224606098,Up,C1
TBX3,1.9633516216000437,5.512646264107813,6.233492844867676,1.4548732481550586e-5,2.3771182915056308e-4,3.0546458164980006,Up,C1
NIPA1,1.2404578986225019,5.810491185250735,6.22993762222867,1.464222853620911e-5,2.388459460602044e-4,3.04811707661165,Up,C1
SELENOM,1.685098557067004,8.662229816803535,6.225068061140619,1.4771306901220332e-5,2.4005504496988657e-4,3.0391718951018696,Up,C1
SIRPA,1.101704376569189,7.139638123673675,6.221640915269917,1.486286159189037e-5,2.413656318867068e-4,3.032874418712881,Up,C1
NRCAM,1.58368475621032,5.542628816767436,6.2111408907436845,1.5147065157680316e-5,2.449845574887998e-4,3.0135702964641293,Up,C1
MMRN2,1.624193052003827,6.405577207541365,6.209201267193205,1.5200181654307756e-5,2.449845574887998e-4,3.0100026756058806,Up,C1
XM_006717970,1.624193052003827,6.405577207541365,6.209201267193205,1.5200181654307756e-5,2.449845574887998e-4,3.0100026756058806,Up,C1
RIPOR3,1.2406104088404284,6.007403927365896,6.208805595051606,1.5211040935767922e-5,2.449845574887998e-4,3.009274837942069,Up,C1
XM_005260294,1.2406104088404284,6.007403927365896,6.208805595051606,1.5211040935767922e-5,2.449845574887998e-4,3.009274837942069,Up,C1
XR_430294,1.2406104088404284,6.007403927365896,6.208805595051606,1.5211040935767922e-5,2.449845574887998e-4,3.009274837942069,Up,C1
XR_430295,1.2406104088404284,6.007403927365896,6.208805595051606,1.5211040935767922e-5,2.449845574887998e-4,3.009274837942069,Up,C1
MCAM,1.7025488984322985,6.450738249817205,6.204564227311456,1.532795506957731e-5,2.455951786248295e-4,3.001471506953047,Up,C1
XM_006718836,1.7025488984322985,6.450738249817205,6.204564227311456,1.532795506957731e-5,2.455951786248295e-4,3.001471506953047,Up,C1
ROR1,1.6723007929468414,3.57708713517341,6.201479667026683,1.54135695330911e-5,2.4601000197007223e-4,2.99579493848573,Up,C1
KATNAL1,1.7142561788252495,7.481482260175605,6.19957835959187,1.546658999136901e-5,2.4601000197007223e-4,2.992295280615915,Up,C1
ARHGAP29,2.1302627725620633,8.644726093453114,6.194519110577149,1.5608601619824644e-5,2.476124627092076e-4,2.9829805177298265,Up,C1
SOD3,1.5466076726286255,7.769718639697978,6.192716670743115,1.5659523292349716e-5,2.482561942291796e-4,2.9796611346118826,Up,C1
CSF2RB,1.7901442574600077,4.8980324434361355,6.189445848078594,1.5752371621968334e-5,2.492342937841028e-4,2.9736364332127216,Up,C1
FLNB,1.3413586067261019,9.060411788748816,6.1872328563472285,1.58155167030766e-5,2.4981212784426406e-4,2.969559375671375,Up,C1
PREX2,1.6071797758466153,3.8232217744082737,6.182454214567262,1.595277094759723e-5,2.5157582673076786e-4,2.9607532610894793,Up,C1
ENAH,1.0892675165504455,8.357480507759831,6.180014659282327,1.6023318937341647e-5,2.519158338971788e-4,2.956256426372578,Up,C1
TRMT9B,1.7669113171195296,4.785458402434598,6.179894250763672,1.602680936426098e-5,2.519158338971788e-4,2.9560344561372123,Up,C1
XM_005273584,1.7669113171195296,4.785458402434598,6.179894250763672,1.602680936426098e-5,2.519158338971788e-4,2.9560344561372123,Up,C1
XM_005273587,1.7669113171195296,4.785458402434598,6.179894250763672,1.602680936426098e-5,2.519158338971788e-4,2.9560344561372123,Up,C1
XM_005273592,1.7669113171195296,4.785458402434598,6.179894250763672,1.602680936426098e-5,2.519158338971788e-4,2.9560344561372123,Up,C1
RFTN2,1.5290041785938673,3.6565370443364467,6.171212725995468,1.628057076945188e-5,2.5502828232982995e-4,2.9400250448608976,Up,C1
ARHGAP9,1.3188925221549264,5.562850814098828,6.170648507699563,1.6297207109275114e-5,2.5502828232982995e-4,2.938984225389593,Up,C1
XM_005269079,1.3188925221549264,5.562850814098828,6.170648507699563,1.6297207109275114e-5,2.5502828232982995e-4,2.938984225389593,Up,C1
MAGED4,1.3029180283105584,5.308769382852427,6.166218063798227,1.642845880643884e-5,2.567160600730111e-4,2.9308098257025446,Up,C1
MAGED4B,1.3029180283105584,5.308769382852427,6.166218063798227,1.642845880643884e-5,2.567160600730111e-4,2.9308098257025446,Up,C1
TCF4,2.2274542613886332,6.595127070590439,6.165111330886717,1.6461417325106093e-5,2.5672965473502046e-4,2.928767426955522,Up,C1
HEY2,2.0664489716033807,4.932873156571716,6.163245704947333,1.651713172265222e-5,2.569307813396621e-4,2.9253241648311175,Up,C1
XM_005266878,2.0664489716033807,4.932873156571716,6.163245704947333,1.651713172265222e-5,2.569307813396621e-4,2.9253241648311175,Up,C1
XM_006715428,2.0664489716033807,4.932873156571716,6.163245704947333,1.651713172265222e-5,2.569307813396621e-4,2.9253241648311175,Up,C1
ID4,2.301442169818861,8.547445907727775,6.155577342414356,1.6748208542792938e-5,2.596837864626073e-4,2.9111661812158722,Up,C1
TFPI2,3.211968769481623,6.493185453029164,6.1513540454569995,1.687690832775787e-5,2.611731487316856e-4,2.903365340717448,Up,C1
LMOD1,1.8930044440256903,6.081025000201944,6.150904149328891,1.6890678953696666e-5,2.612178326331362e-4,2.902534195232146,Up,C1
GFPT2,1.7946360834601416,4.862069969366191,6.147495291615725,1.699539993688356e-5,2.624990922040407e-4,2.8962357176483593,Up,C1
CPA3,2.568688356466126,5.244062471650832,6.1338662433142215,1.7420893066178134e-5,2.6717972867374286e-4,2.8710377559952303,Up,C1
MICB,1.3230542598217339,5.033942831932404,6.128367042059029,1.7595704271896806e-5,2.6968843801664566e-4,2.8608634268381046,Up,C1
PDLIM3,1.7551067538236556,5.791355181918843,6.1230511606564875,1.7766425367851194e-5,2.7213129654062815e-4,2.851024348514059,Up,C1
TCEAL9,1.3592064253835474,10.821305520803103,6.121904940375856,1.7803462157465806e-5,2.7249150643793963e-4,2.848902323476837,Up,C1
CCL23,1.845241799250556,4.81100952372337,6.121621044640036,1.78126478460598e-5,2.7249150643793963e-4,2.8483767128539235,Up,C1
MID1,1.1140707533424736,8.022152583027646,6.116398053338469,1.7982525878831453e-5,2.733172678626892e-4,2.8387047966699317,Up,C1
PLA2G4C,1.2480540032540386,5.37425681795169,6.114400032171298,1.8047957067692383e-5,2.733172678626892e-4,2.835003886100253,Up,C1
XM_006723451,1.2480540032540386,5.37425681795169,6.114400032171298,1.8047957067692383e-5,2.733172678626892e-4,2.835003886100253,Up,C1
XM_006723452,1.2480540032540386,5.37425681795169,6.114400032171298,1.8047957067692383e-5,2.733172678626892e-4,2.835003886100253,Up,C1
XM_006723453,1.2480540032540386,5.37425681795169,6.114400032171298,1.8047957067692383e-5,2.733172678626892e-4,2.835003886100253,Up,C1
PDE1A,2.8431060566237347,5.5679977628537465,6.114026679214553,1.806021110033435e-5,2.733172678626892e-4,2.834312268645391,Up,C1
XM_005246635,2.8431060566237347,5.5679977628537465,6.114026679214553,1.806021110033435e-5,2.733172678626892e-4,2.834312268645391,Up,C1
XM_005246636,2.8431060566237347,5.5679977628537465,6.114026679214553,1.806021110033435e-5,2.733172678626892e-4,2.834312268645391,Up,C1
XM_005246637,2.8431060566237347,5.5679977628537465,6.114026679214553,1.806021110033435e-5,2.733172678626892e-4,2.834312268645391,Up,C1
XM_006712574,2.8431060566237347,5.5679977628537465,6.114026679214553,1.806021110033435e-5,2.733172678626892e-4,2.834312268645391,Up,C1
XM_006712575,2.8431060566237347,5.5679977628537465,6.114026679214553,1.806021110033435e-5,2.733172678626892e-4,2.834312268645391,Up,C1
XM_006712577,2.8431060566237347,5.5679977628537465,6.114026679214553,1.806021110033435e-5,2.733172678626892e-4,2.834312268645391,Up,C1
FN1,4.814732495126698,10.655599419678763,6.109518944552167,1.8208847852088958e-5,2.748734378275718e-4,2.8259604209558518,Up,C1
XM_005246411,4.814732495126698,10.655599419678763,6.109518944552167,1.8208847852088958e-5,2.748734378275718e-4,2.8259604209558518,Up,C1
TMEM140,1.3216259077913453,5.959132321183431,6.103370467157142,1.8413642941567124e-5,2.7761573987656663e-4,2.814564177857669,Up,C1
ASAP1,1.3012071562293173,6.384358813918718,6.101648027802457,1.8471443482388995e-5,2.7780464147451114e-4,2.8113707032261743,Up,C1
EPB41L3,2.623374956384022,5.965675512259054,6.100585540264488,1.850719197224162e-5,2.7780464147451114e-4,2.809400605691959,Up,C1
XM_006722301,2.623374956384022,5.965675512259054,6.100585540264488,1.850719197224162e-5,2.7780464147451114e-4,2.809400605691959,Up,C1
XM_006722302,2.623374956384022,5.965675512259054,6.100585540264488,1.850719197224162e-5,2.7780464147451114e-4,2.809400605691959,Up,C1
XM_006722304,2.623374956384022,5.965675512259054,6.100585540264488,1.850719197224162e-5,2.7780464147451114e-4,2.809400605691959,Up,C1
DKK2,1.9310722568009533,7.6708720592747355,6.09664339728444,1.864046028910026e-5,2.7930989880054397e-4,2.8020896200740175,Up,C1
NIBAN1,1.4349167492768213,9.348411123642135,6.096586760744345,1.864238221308522e-5,2.7930989880054397e-4,2.8019845681734488,Up,C1
EPHA3,2.1056476264923143,3.671828730451398,6.091917824802858,1.8801531365473684e-5,2.811678229495946e-4,2.793322924923551,Up,C1
PPM1K,1.8901129268839112,7.689085659815601,6.085427077940985,1.9025134554317705e-5,2.841576101883843e-4,2.78127660274858,Up,C1
IRAG1,1.7127011197206876,6.5403624831277,6.083026117174576,1.9108546599558256e-5,2.8512929604420403e-4,2.7768191564120475,Up,C1
PMEPA1,2.2070669712998834,6.471319214529905,6.08257638421334,1.9124213121661224e-5,2.8512929604420403e-4,2.7759841284022517,Up,C1
CLDN5,2.256323034361766,6.884307380415864,6.078973062721871,1.925021931521049e-5,2.8644994668548183e-4,2.7692927795370856,Up,C1
FAR2,1.6997400636506201,5.0270579617478965,6.076898019016079,1.9323174441245206e-5,2.86958142392547e-4,2.7654386348669693,Up,C1
TFAP2B,1.9018016152195694,7.222696702984574,6.07664204971567,1.9332193827545557e-5,2.86958142392547e-4,2.7649631621288417,Up,C1
XM_006715177,1.9018016152195694,7.222696702984574,6.07664204971567,1.9332193827545557e-5,2.86958142392547e-4,2.7649631621288417,Up,C1
XM_006715178,1.9018016152195694,7.222696702984574,6.07664204971567,1.9332193827545557e-5,2.86958142392547e-4,2.7649631621288417,Up,C1
ST6GAL2,2.703728384627369,4.9469872607869165,6.0762275808231125,1.9346807434392165e-5,2.8699757233639105e-4,2.7641932515027143,Up,C1
SANBR,1.4168257804740012,6.034308239313076,6.067149880113935,1.9669776098991033e-5,2.9053167134029706e-4,2.7473248197340805,Up,C1
XM_005264605,1.4168257804740012,6.034308239313076,6.067149880113935,1.9669776098991033e-5,2.9053167134029706e-4,2.7473248197340805,Up,C1
XM_005264606,1.4168257804740012,6.034308239313076,6.067149880113935,1.9669776098991033e-5,2.9053167134029706e-4,2.7473248197340805,Up,C1
TCIM,2.8635548864269214,4.088335805320648,6.05686086388165,2.004263844066514e-5,2.9396956790780216e-4,2.7281919830615458,Up,C1
SELE,2.704849364602832,4.4805166524052185,6.051307807182517,2.0246925229496224e-5,2.959486004604623e-4,2.717859894644775,Up,C1
IFFO1,1.0020926163935169,6.6070852280776124,6.049495441520331,2.0314067078516728e-5,2.9640014469213284e-4,2.7144868803748707,Up,C1
XM_006718979,1.0020926163935169,6.6070852280776124,6.049495441520331,2.0314067078516728e-5,2.9640014469213284e-4,2.7144868803748707,Up,C1
ARHGEF2,1.0527242437906654,8.25803176396004,6.042865118881721,2.0561679136832883e-5,2.98380545732928e-4,2.702143324681943,Up,C1
XM_005245589,1.0527242437906654,8.25803176396004,6.042865118881721,2.0561679136832883e-5,2.98380545732928e-4,2.702143324681943,Up,C1
XM_005245591,1.0527242437906654,8.25803176396004,6.042865118881721,2.0561679136832883e-5,2.98380545732928e-4,2.702143324681943,Up,C1
HECW2,1.3218458691947275,5.355342569673513,6.017558376309551,2.1536025089005162e-5,3.1149051427078843e-4,2.6549755860375193,Up,C1
PDIA5,1.5436090087098373,7.5670983178137154,6.017053560941309,2.1555943013239714e-5,3.1149051427078843e-4,2.654033810971857,Up,C1
AMOTL2,1.053006559854758,9.407480813526623,6.0044607919054345,2.205905592789181e-5,3.155312636360305e-4,2.630529833346653,Up,C1
XM_005247520,1.053006559854758,9.407480813526623,6.0044607919054345,2.205905592789181e-5,3.155312636360305e-4,2.630529833346653,Up,C1
CCDC69,2.1491819707102335,4.807774242475959,5.996763569092631,2.2372583384385808e-5,3.1904641415000706e-4,2.6161527059362424,Up,C1
LPL,2.742821485567242,4.459426415210432,5.995978147462976,2.240483530362193e-5,3.1904641415000706e-4,2.6146852209312232,Up,C1
LMO2,2.0978673319570476,6.668914999224077,5.995681344219991,2.241703558523146e-5,3.1904641415000706e-4,2.614130650914376,Up,C1
XM_005252921,2.0978673319570476,6.668914999224077,5.995681344219991,2.241703558523146e-5,3.1904641415000706e-4,2.614130650914376,Up,C1
XM_006718229,2.0978673319570476,6.668914999224077,5.995681344219991,2.241703558523146e-5,3.1904641415000706e-4,2.614130650914376,Up,C1
FAM110B,1.4007944578131335,5.0633230839775525,5.99265799408078,2.2541706877899852e-5,3.201455908185516e-4,2.60848091545666,Up,C1
XM_005251326,1.4007944578131335,5.0633230839775525,5.99265799408078,2.2541706877899852e-5,3.201455908185516e-4,2.60848091545666,Up,C1
ARK2C,1.411214438459723,4.304371977594068,5.982245558656182,2.2976625237817986e-5,3.2544522726569893e-4,2.5890137850314634,Up,C1
BTNL9,2.040788502693779,5.148701013459946,5.982172864618014,2.2979692110868594e-5,3.2544522726569893e-4,2.5888778247344106,Up,C1
KCNJ8,1.6872845987527265,4.643070359893375,5.97929329531673,2.3101520895703407e-5,3.2639994096112207e-4,2.5834915698390866,Up,C1
XM_005253358,1.6872845987527265,4.643070359893375,5.97929329531673,2.3101520895703407e-5,3.2639994096112207e-4,2.5834915698390866,Up,C1
APOL3,1.6445084858019214,6.642584539371805,5.978583166918235,2.3131668176604807e-5,3.2639994096112207e-4,2.582163098361619,Up,C1
XM_006724322,1.6445084858019214,6.642584539371805,5.978583166918235,2.3131668176604807e-5,3.2639994096112207e-4,2.582163098361619,Up,C1
XM_006724323,1.6445084858019214,6.642584539371805,5.978583166918235,2.3131668176604807e-5,3.2639994096112207e-4,2.582163098361619,Up,C1
XM_006724324,1.6445084858019214,6.642584539371805,5.978583166918235,2.3131668176604807e-5,3.2639994096112207e-4,2.582163098361619,Up,C1
IMPDH2,1.0400482726086242,10.856337532238967,5.9761583892914185,2.3234916835350358e-5,3.270422206067174e-4,2.5776264392535406,Up,C1
CCDC3,1.5088466963630598,6.9605728892661,5.967165585604666,2.362204232493197e-5,3.317590754142874e-4,2.560794380795338,Up,C1
STAB1,1.4429440957665678,6.812406329524105,5.96360665285676,2.3777096555096478e-5,3.33356098888655e-4,2.554130038991868,Up,C1
DENND2B,1.1423319263838776,8.161566770660393,5.958554726823731,2.399901757906585e-5,3.350927399259677e-4,2.544667049654688,Up,C1
XM_005253079,1.1423319263838776,8.161566770660393,5.958554726823731,2.399901757906585e-5,3.350927399259677e-4,2.544667049654688,Up,C1
XM_005253080,1.1423319263838776,8.161566770660393,5.958554726823731,2.399901757906585e-5,3.350927399259677e-4,2.544667049654688,Up,C1
XM_005253081,1.1423319263838776,8.161566770660393,5.958554726823731,2.399901757906585e-5,3.350927399259677e-4,2.544667049654688,Up,C1
XM_005253083,1.1423319263838776,8.161566770660393,5.958554726823731,2.399901757906585e-5,3.350927399259677e-4,2.544667049654688,Up,C1
P2RY14,3.378371462089858,5.369302218786028,5.949938965817108,2.4382475567497073e-5,3.394296449754619e-4,2.5285205905130432,Up,C1
SNTB1,1.1831934329871574,5.874765124180774,5.9478623032717515,2.4475850458721278e-5,3.397094520541725e-4,2.5246273118778486,Up,C1
XM_005251032,1.1831934329871574,5.874765124180774,5.9478623032717515,2.4475850458721278e-5,3.397094520541725e-4,2.5246273118778486,Up,C1
LY75,2.706582035130009,7.722972370928856,5.947540879628267,2.449033613610209e-5,3.397094520541725e-4,2.5240246627117635,Up,C1
LY75-CD302,2.706582035130009,7.722972370928856,5.947540879628267,2.449033613610209e-5,3.397094520541725e-4,2.5240246627117635,Up,C1
ACSL5,2.0570876284803283,5.619896567516576,5.945239801843387,2.459430017532451e-5,3.4004170092634726e-4,2.5197098823618447,Up,C1
CLIP3,1.2391614007399596,6.6467392140490285,5.942838589387707,2.4703277973391308e-5,3.405675347026641e-4,2.5152065826896752,Up,C1
LPXN,1.4343513922557394,5.128319807353277,5.931093333993684,2.524361408703204e-5,3.456344696616903e-4,2.4931680981607887,Up,C1
SAMD5,1.601395246483217,4.668232762155543,5.9262549569296326,2.54697636539694e-5,3.479369762222957e-4,2.484084134878268,Up,C1
SHE,2.313317859414745,5.63426005461308,5.9241052043121405,2.557091995937535e-5,3.487234209459813e-4,2.48004701113301,Up,C1
GAPDHS,1.9840006709567524,5.563457979921594,5.9185315081910215,2.583514030258845e-5,3.5152779906050344e-4,2.469577026569935,Up,C1
XM_005258732,1.9840006709567524,5.563457979921594,5.9185315081910215,2.583514030258845e-5,3.5152779906050344e-4,2.469577026569935,Up,C1
LMF1,1.1189529590689862,4.452023611462338,5.916275437467444,2.5942894866940958e-5,3.5159873664388305e-4,2.4653379017847303,Up,C1
NR_033645,1.1189529590689862,4.452023611462338,5.916275437467444,2.5942894866940958e-5,3.5159873664388305e-4,2.4653379017847303,Up,C1
XM_006720926,1.1189529590689862,4.452023611462338,5.916275437467444,2.5942894866940958e-5,3.5159873664388305e-4,2.4653379017847303,Up,C1
XM_006720927,1.1189529590689862,4.452023611462338,5.916275437467444,2.5942894866940958e-5,3.5159873664388305e-4,2.4653379017847303,Up,C1
XM_006720930,1.1189529590689862,4.452023611462338,5.916275437467444,2.5942894866940958e-5,3.5159873664388305e-4,2.4653379017847303,Up,C1
XR_429646,1.1189529590689862,4.452023611462338,5.916275437467444,2.5942894866940958e-5,3.5159873664388305e-4,2.4653379017847303,Up,C1
OGN,3.454387238880859,4.820139537266355,5.911872698345063,2.6154526971536067e-5,3.5386750640970053e-4,2.4570632629677185,Up,C1
MMD,1.3623204773874127,7.245940018714871,5.905928149472114,2.644312370061128e-5,3.565662107090291e-4,2.445886802141416,Up,C1
XR_429880,1.3623204773874127,7.245940018714871,5.905928149472114,2.644312370061128e-5,3.565662107090291e-4,2.445886802141416,Up,C1
CNTLN,1.1780639833905004,3.631848946290218,5.898880310922006,2.6789578690766737e-5,3.606300996835576e-4,2.4326299276325063,Up,C1
ITGA10,1.643097391432204,7.4089224180267035,5.8941896051976554,2.7022776098674374e-5,3.6214442876626593e-4,2.423803119413572,Up,C1
XM_005277432,1.643097391432204,7.4089224180267035,5.8941896051976554,2.7022776098674374e-5,3.6214442876626593e-4,2.423803119413572,Up,C1
XM_005277435,1.643097391432204,7.4089224180267035,5.8941896051976554,2.7022776098674374e-5,3.6214442876626593e-4,2.423803119413572,Up,C1
CLEC14A,1.4351694502119559,5.569167980318086,5.893540547762959,2.70552097020007e-5,3.623767540554803e-4,2.4225815150295578,Up,C1
CLDN11,1.6455108848111717,8.91679276766588,5.888798136345346,2.7293421259650648e-5,3.6515427235038445e-4,2.413654024993157,Up,C1
DTX4,1.528961713370883,6.7189113249753145,5.888300638939308,2.7318536655076313e-5,3.6515427235038445e-4,2.4127173233109804,Up,C1
PWWP3B,1.5976190686198288,4.164494380192348,5.885704384218131,2.7449995089502e-5,3.665804198458916e-4,2.407828490494488,Up,C1
PPP1R14A,1.274743265571904,4.028635316692,5.8854936395804165,2.7460694728893972e-5,3.665804198458916e-4,2.4074316121319956,Up,C1
PNMA2,2.243539936173856,4.2932667323436915,5.879767040637311,2.7753103788424635e-5,3.6986673910592344e-4,2.3966449129219463,Up,C1
ENPP4,1.9009025980381358,6.113988121273796,5.871911227377,2.815951011768096e-5,3.740368355531701e-4,2.3818405159141616,Up,C1
OMD,2.6276155242852366,4.819493525769069,5.868564813356646,2.8334505446096188e-5,3.757374584072932e-4,2.3755316630071235,Up,C1
LYN,1.8450489430056534,7.171923961202991,5.865934081067948,2.8472868920954484e-5,3.7673969120217727e-4,2.370571012543829,Up,C1
LCP2,1.5313036279418561,4.003514425808546,5.86535330692962,2.8503509301839625e-5,3.7693731694917615e-4,2.3694757499840655,Up,C1
IL7R,1.379863218068916,5.0093090879098945,5.859929471310789,2.879131936794299e-5,3.803242969011379e-4,2.3592449625883383,Up,C1
CACHD1,1.7500284096251635,7.906729962797336,5.85678934945693,2.89593258678996e-5,3.816298560401264e-4,2.3533200826817566,Up,C1
SMARCD3,1.3034211346180316,6.739740982266528,5.848868680318885,2.9387649735539752e-5,3.856546577104566e-4,2.338369321719304,Up,C1
DNAAF9,1.0394792672966249,8.083575747685575,5.842620781457727,2.9730159089743517e-5,3.8972325421738057e-4,2.326570168713774,Up,C1
TIMP1,1.9566848305544848,10.953143479101868,5.832995208354695,3.0265974542212973e-5,3.952360832220869e-4,2.3083821922999146,Up,C1
FBXL7,1.5438253519116696,7.174622869065331,5.828941732596458,3.0494608791482066e-5,3.9680527645352047e-4,2.300719300418569,Up,C1
XM_005248273,1.5438253519116696,7.174622869065331,5.828941732596458,3.0494608791482066e-5,3.9680527645352047e-4,2.300719300418569,Up,C1
TRPM1,2.6419007061922244,4.330167384989099,5.824058142413423,3.0772451301294725e-5,3.992434465587438e-4,2.2914842426768356,Up,C1
PGF,1.4683952544362224,5.832593241358981,5.822713741855914,3.084939928340601e-5,4.0002554381432255e-4,2.2889413777479604,Up,C1
SDC3,1.212270553590697,6.226315645697174,5.812339577953384,3.144994016023923e-5,4.067885331546012e-4,2.2693111756262105,Up,C1
TGFB3,1.123552064211017,5.919287587796151,5.811114959567117,3.152162841191728e-5,4.067885331546012e-4,2.266992993739022,Up,C1
XM_005268028,1.123552064211017,5.919287587796151,5.811114959567117,3.152162841191728e-5,4.067885331546012e-4,2.266992993739022,Up,C1
EPB41L2,2.5392700935235704,8.437752353683557,5.81095129006885,3.153122235871868e-5,4.067885331546012e-4,2.266683155210803,Up,C1
XM_005266841,2.5392700935235704,8.437752353683557,5.81095129006885,3.153122235871868e-5,4.067885331546012e-4,2.266683155210803,Up,C1
DPYSL3,2.200740317592852,5.561993022587228,5.810890747308826,3.153477201120801e-5,4.067885331546012e-4,2.26656854237274,Up,C1
ADCY4,1.0820086189430098,6.372658678721235,5.805868247644456,3.1830694577940965e-5,4.098714223496454e-4,2.257058825387153,Up,C1
MS4A7,2.9790085124552523,5.462950690489188,5.801647387939279,3.208161607668555e-5,4.117769781136934e-4,2.2490643893148565,Up,C1
ITGA7,1.112037213984621,6.051128205862687,5.800116431299144,3.217313550607304e-5,4.124959240390261e-4,2.2461641329847346,Up,C1
XM_005268845,1.112037213984621,6.051128205862687,5.800116431299144,3.217313550607304e-5,4.124959240390261e-4,2.2461641329847346,Up,C1
ESD,1.1597539262751315,10.752324233638905,5.799561549351726,3.220637287097471e-5,4.124959240390261e-4,2.24511288428919,Up,C1
EVI2A,2.0605951886491765,4.614485692221729,5.797343483029538,3.233959155091441e-5,4.139812674160254e-4,2.2409102547497106,Up,C1
HFE,1.0080745452705573,5.05962946674805,5.791959989150715,3.2665314778086334e-5,4.1770531982079283e-4,2.2307073209510406,Up,C1
RARRES2,2.0567088887037537,6.565474184581015,5.788670127186963,3.286604103406539e-5,4.1848844397858746e-4,2.2244704208508743,Up,C1
XM_005250033,2.0567088887037537,6.565474184581015,5.788670127186963,3.286604103406539e-5,4.1848844397858746e-4,2.2244704208508743,Up,C1
ARHGAP20,1.260058754161414,5.709283026943089,5.786099199489857,3.302379434988344e-5,4.1982897880609235e-4,2.2195954847649464,Up,C1
PITX2,2.168523296774188,7.509303741928418,5.769922087224193,3.4034646519624776e-5,4.2881868019109385e-4,2.188900955938024,Up,C1
EPSTI1,1.4055073780160523,5.701513924544766,5.767658657421759,3.417862288678366e-5,4.2981233862420795e-4,2.184603585183563,Up,C1
FMNL3,1.0787986166307482,5.066491038438664,5.765189478375224,3.433640870233488e-5,4.3148821030023133e-4,2.179914813794058,Up,C1
ANKRD6,1.0319180433989388,7.44085202818673,5.759410334741941,3.470867333473881e-5,4.3525474262298897e-4,2.1689375764036907,Up,C1
RHOQ,1.0940128686962183,9.035423271741752,5.757621384944984,3.482475666901369e-5,4.3564197350793416e-4,2.1655386593144925,Up,C1
SLC41A2,1.3287038479348392,4.554105460483583,5.752460236863802,3.516192423640215e-5,4.3861010052836436e-4,2.155730392407502,Up,C1
XM_005269180,1.3287038479348392,4.554105460483583,5.752460236863802,3.516192423640215e-5,4.3861010052836436e-4,2.155730392407502,Up,C1
XM_006719630,1.3287038479348392,4.554105460483583,5.752460236863802,3.516192423640215e-5,4.3861010052836436e-4,2.155730392407502,Up,C1
TSPAN7,2.49551514170488,5.954305765107326,5.75222680617688,3.517725370873683e-5,4.3861010052836436e-4,2.155286697728414,Up,C1
CLMP,2.57447307196491,8.285183948425043,5.7517342420317314,3.5209623344482694e-5,4.386227001520634e-4,2.1543504303923484,Up,C1
CCN2,2.7375736262734875,8.976546485849378,5.751655314538283,3.521481306528732e-5,4.386227001520634e-4,2.154200401849174,Up,C1
PRICKLE2,1.1666958337970428,5.8497354870252725,5.750406651092282,3.5297022246287126e-5,4.3896327873335937e-4,2.151826784361928,Up,C1
XM_005264910,1.1666958337970428,5.8497354870252725,5.750406651092282,3.5297022246287126e-5,4.3896327873335937e-4,2.151826784361928,Up,C1
XM_006713007,1.1666958337970428,5.8497354870252725,5.750406651092282,3.5297022246287126e-5,4.3896327873335937e-4,2.151826784361928,Up,C1
NR2F1,2.30971633177258,4.73866532457014,5.744136294466264,3.571287252127845e-5,4.4298726938280387e-4,2.139904227831199,Up,C1
GIMAP2,1.912254348779138,5.1261879653692874,5.7412224795023405,3.590784537595103e-5,4.447162563021552e-4,2.1343621122827265,Up,C1
MAP9,1.333645276533142,6.0839248977328575,5.738612373704278,3.608343471004572e-5,4.454966976020218e-4,2.1293967182390254,Up,C1
EFHD1,1.3280077400657122,8.143999904513672,5.738594591776136,3.608463400501362e-5,4.454966976020218e-4,2.12936288734684,Up,C1
LSP1,1.5468955351615623,6.674871631781379,5.7365563941685975,3.622237409839066e-5,4.463087387626143e-4,2.1254848553858405,Up,C1
XM_005252926,1.5468955351615623,6.674871631781379,5.7365563941685975,3.622237409839066e-5,4.463087387626143e-4,2.1254848553858405,Up,C1
XM_005252927,1.5468955351615623,6.674871631781379,5.7365563941685975,3.622237409839066e-5,4.463087387626143e-4,2.1254848553858405,Up,C1
FAXDC2,1.3012107568001081,7.157323028678045,5.735603955921088,3.6286926349575794e-5,4.4687470817984516e-4,2.123672487856684,Up,C1
SLC39A8,1.8681215038833754,7.446546997079245,5.734523965830927,3.6360268087396044e-5,4.4731889012489994e-4,2.121617262990503,Up,C1
GIMAP4,2.0976998199619112,4.626734103882943,5.732610483595239,3.649059020904943e-5,4.480036553440432e-4,2.1179755277102448,Up,C1
FOXF2,2.347933073905603,4.6941578104213955,5.7290683750267934,3.673311530900971e-5,4.5064462774031973e-4,2.1112329397872287,Up,C1
PDZRN4,2.951500723001094,5.858931453166545,5.728186437835102,3.6793760652059275e-5,4.5064462774031973e-4,2.1095538732593386,Up,C1
B4GALT6,1.702017487130215,6.041681957881391,5.722821942298682,3.716489016421951e-5,4.5303793485098866e-4,2.09933856341409,Up,C1
PHLDA1,2.7668215931707394,8.568616592142536,5.722519641855839,3.718591943164131e-5,4.530641818265253e-4,2.0987627984621575,Up,C1
COL6A2,1.5477038205512947,7.671178209377748,5.718138345867364,3.749209152428328e-5,4.549360555424002e-4,2.090416801303837,Up,C1
STAMBPL1,1.2280573705778002,6.889015547861648,5.715764863652221,3.7659046285901266e-5,4.550949990331829e-4,2.0858944805922075,Up,C1
RNF157,1.304478580414849,4.372279615485396,5.715002224936449,3.771285530693279e-5,4.550949990331829e-4,2.0844412300163153,Up,C1
XM_005257009,1.304478580414849,4.372279615485396,5.715002224936449,3.771285530693279e-5,4.550949990331829e-4,2.0844412300163153,Up,C1
TNFAIP6,2.516256576365158,4.697847132640843,5.713836524661889,3.779525720615082e-5,4.5563122223105573e-4,2.0822197776761744,Up,C1
FST,3.2832461112205733,7.472404667081266,5.707952117412974,3.821408156995525e-5,4.596068319833432e-4,2.0710032931426525,Up,C1
MMRN1,3.627366036912603,5.497192358122388,5.707858506908202,3.822078312802071e-5,4.596068319833432e-4,2.07082482253427,Up,C1
CYTL1,2.243763969874431,8.571454923464048,5.705547480907271,3.83866165195568e-5,4.609082389706865e-4,2.066418438395891,Up,C1
IFI44L,2.4433151066997634,5.021217553548613,5.701934437559007,3.864737784175655e-5,4.636950005629458e-4,2.059528142375717,Up,C1
ARSJ,1.3838570410253173,4.60883841436452,5.698832107829276,3.8872747180103165e-5,4.6604579311530276e-4,2.053610463152186,Up,C1
CDC42EP5,1.7526954139790378,6.774425928906928,5.698418369934307,3.890290619949941e-5,4.661745155269021e-4,2.052821166169439,Up,C1
HABP4,1.1394029892158208,5.972035151470723,5.690634162344293,3.947487886167995e-5,4.71850618744045e-4,2.0379669433176293,Up,C1
IL15,1.0961086998488199,6.310138490254451,5.687405633192432,3.971466148443738e-5,4.74066213240724e-4,2.031803806715846,Up,C1
PIEZO2,1.0361226620862771,5.26201086637514,5.687340852838249,3.9719488160448964e-5,4.74066213240724e-4,2.0316801297937914,Up,C1
SCN4B,1.2784652298255716,4.317125295521155,5.6861101685904005,3.981130015125259e-5,4.7468992857941614e-4,2.0293304376076815,Up,C1
SLC35G2,1.5269838922879702,6.283162171527736,5.678538598235374,4.038102553079264e-5,4.798145419752896e-4,2.014870075508558,Up,C1
FGL2,3.045767428806828,6.235164724990566,5.6767669832307135,4.051554895333905e-5,4.8093679820872595e-4,2.0114855388568635,Up,C1
MAP1LC3C,1.7671885531329772,4.567337988911467,5.6738220627276,4.074019479154275e-5,4.8274698959149354e-4,2.0058585977526775,Up,C1
CLSTN2,1.500613795712248,4.1698990192893275,5.654800908382402,4.2222664419460304e-5,4.972661390558813e-4,1.9694875310925113,Up,C1
SMCO4,1.7216153563421415,5.194647864842024,5.6545381923423585,4.224352751103599e-5,4.972678505737547e-4,1.968984857085598,Up,C1
HCLS1,2.082812292688147,5.980012008152168,5.653583285942506,4.23194497313387e-5,4.976734112942633e-4,1.9671576896906,Up,C1
CYP26B1,1.9600632182318813,6.509866112300373,5.6458450830908316,4.293994236602262e-5,5.018098096401797e-4,1.9523467070930458,Up,C1
GPX3,3.5687583830904694,7.413097426170041,5.644686163130413,4.303368076293635e-5,5.018923253994161e-4,1.9501278656131458,Up,C1
SLC1A1,1.7528946126972302,6.353994403377612,5.64298963780943,4.317128609205991e-5,5.032526511809722e-4,1.9468794277242942,Up,C1
ARPC1B,1.0733798316391123,11.0443163501026,5.640346326696903,4.338659589004375e-5,5.049925210565588e-4,1.9418173900057827,Up,C1
THBS4,1.3600098746971607,9.585171439352074,5.633754617860928,4.392838849010832e-5,5.096032772061768e-4,1.9291901399970577,Up,C1
PAK3,1.6887289662562277,3.482292231074391,5.62831990023872,4.4380362663048354e-5,5.138530943745714e-4,1.9187750844413767,Up,C1
XR_244474,1.6887289662562277,3.482292231074391,5.62831990023872,4.4380362663048354e-5,5.138530943745714e-4,1.9187750844413767,Up,C1
FOXO3,1.1674358736838641,7.980347515460448,5.627042909957404,4.448726094026527e-5,5.148424479692609e-4,1.9163273229227613,Up,C1
HLX,1.1447679741447692,5.5647592161842745,5.626644122259444,4.452069861423988e-5,5.149811123561376e-4,1.9155628758119043,Up,C1
IKZF1,1.080883503155245,3.933031474506737,5.625226765500728,4.4639752763537855e-5,5.161095114790152e-4,1.9128457417367457,Up,C1
LAMC1,1.3548050300751306,10.289683791770553,5.622742943129264,4.48491844117977e-5,5.171870347559828e-4,1.9080835302378052,Up,C1
SLC6A6,1.818424389073451,10.77342793865772,5.620339540921699,4.5052805710171515e-5,5.188855291053439e-4,1.9034747602432738,Up,C1
SEMA6A,1.8066480086525756,6.233276802024715,5.614589700193243,4.554384571755411e-5,5.23255768644103e-4,1.8924458706637353,Up,C1
FAM162B,1.8889928020769648,4.979111561413172,5.612287144970904,4.5742039274333734e-5,5.245582544971611e-4,1.8880281133054524,Up,C1
MRC1,3.7746358359478354,6.683559321332988,5.600664233204163,4.67562326845375e-5,5.321451591226799e-4,1.8657177460973209,Up,C1
XM_006726512,3.7746358359478354,6.683559321332988,5.600664233204163,4.67562326845375e-5,5.321451591226799e-4,1.8657177460973209,Up,C1
TBL1X,1.0985728764343348,7.792263454627703,5.600640137057211,4.67583593279615e-5,5.321451591226799e-4,1.8656714753615784,Up,C1
MLANA,3.77290282052496,6.2657799170973165,5.598399376802301,4.69565602967589e-5,5.338945335115145e-4,1.861368323868545,Up,C1
DYNC2H1,1.542353491177896,6.410172431696833,5.593661949300713,4.7378471962653874e-5,5.381428662426379e-4,1.8522684848502315,Up,C1
SMAD9,2.6864584290062066,7.195827480002971,5.593059586706263,4.743239898429358e-5,5.382848418066262e-4,1.851111239328679,Up,C1
TSC22D1,1.3233199352745881,11.349569120691793,5.590488326422658,4.7663310119805135e-5,5.401869482377532e-4,1.846170875653673,Up,C1
XM_005266582,1.3233199352745881,11.349569120691793,5.590488326422658,4.7663310119805135e-5,5.401869482377532e-4,1.846170875653673,Up,C1
OTULINL,2.938696682709619,5.961177962556248,5.587433963949483,4.793912193735823e-5,5.412205102259983e-4,1.8403012038213564,Up,C1
PPIC,1.2550014035411694,8.38544143131418,5.567536349309466,4.977688528155651e-5,5.527029254993944e-4,1.8020344686804783,Up,C1
SLCO2B1,1.581691817363005,6.318853110874995,5.5599845213617956,5.049337181642613e-5,5.58756067467893e-4,1.7874978779392823,Up,C1
XM_006718427,1.581691817363005,6.318853110874995,5.5599845213617956,5.049337181642613e-5,5.58756067467893e-4,1.7874978779392823,Up,C1
C3orf70,1.5208240973399754,4.7975592116275605,5.553589723949403,5.1108443411936176e-5,5.624506459299826e-4,1.7751828658317912,Up,C1
ADRA2A,2.208271155859558,6.1414638057505995,5.5455586456569685,5.1891918936802806e-5,5.702883875096799e-4,1.7597094622352287,Up,C1
CD84,1.5894665096680471,5.484716220542653,5.540134044226026,5.2428155743323444e-5,5.748655066931244e-4,1.7492533632234313,Up,C1
XR_241101,1.5894665096680471,5.484716220542653,5.540134044226026,5.2428155743323444e-5,5.748655066931244e-4,1.7492533632234313,Up,C1
ITGAM,1.6670203946795792,4.746320862438623,5.536622208244677,5.277837098809834e-5,5.776500047680512e-4,1.742482220564499,Up,C1
DBN1,1.2425904476454726,7.041431918005136,5.529524112541879,5.3493647746586794e-5,5.844126232196524e-4,1.7287917358955749,Up,C1
XM_006714826,1.2425904476454726,7.041431918005136,5.529524112541879,5.3493647746586794e-5,5.844126232196524e-4,1.7287917358955749,Up,C1
GAS6,1.6441353243839973,8.858380532942215,5.52834536807193,5.361339960296318e-5,5.854544209601102e-4,1.7265176183019761,Up,C1
XM_005250692,1.3170729431653783,7.749542468332222,5.52662181956285,5.37890000324421e-5,5.863049858213785e-4,1.7231921141434317,Up,C1
ZC3HAV1L,1.3170729431653783,7.749542468332222,5.52662181956285,5.37890000324421e-5,5.863049858213785e-4,1.7231921141434317,Up,C1
PARVA,1.3989237857535857,8.333478525137897,5.52500493959736,5.3954274744547e-5,5.878395380928811e-4,1.7200720851726938,Up,C1
SOX10,1.7311150156166768,5.709070498254791,5.51571589562951,5.4914038316831556e-5,5.974103773360176e-4,1.7021410781863935,Up,C1
MX1,1.2307183914499333,8.111625792877241,5.5153023595689055,5.495717495033442e-5,5.974103773360176e-4,1.7013425636323483,Up,C1
XM_005260979,1.2307183914499333,8.111625792877241,5.5153023595689055,5.495717495033442e-5,5.974103773360176e-4,1.7013425636323483,Up,C1
MPZ,1.3584950470260466,5.5358093896305585,5.512529275572526,5.524734882556498e-5,6.000212065661587e-4,1.6959873473081988,Up,C1
IL16,1.054037913379804,5.286539179160803,5.504509381473294,5.60955163081628e-5,6.067618667996952e-4,1.6804944253940572,Up,C1
XM_005254342,1.054037913379804,5.286539179160803,5.504509381473294,5.60955163081628e-5,6.067618667996952e-4,1.6804944253940572,Up,C1
XM_005254344,1.054037913379804,5.286539179160803,5.504509381473294,5.60955163081628e-5,6.067618667996952e-4,1.6804944253940572,Up,C1
SOX5,1.5408825553195733,4.754092562479002,5.5008803314560515,5.648374123063707e-5,6.101362542834163e-4,1.6734811633758166,Up,C1
XM_006719150,1.5408825553195733,4.754092562479002,5.5008803314560515,5.648374123063707e-5,6.101362542834163e-4,1.6734811633758166,Up,C1
TMEM237,1.3150422804755877,6.574221877633337,5.495191413697761,5.7097937502160104e-5,6.160233316415064e-4,1.662483853647963,Up,C1
MECOM,2.806601076681231,6.17492965200047,5.493473753088194,5.7284739549262395e-5,6.171222256110395e-4,1.6591626376138535,Up,C1
DPYSL4,1.4384978774831185,4.176089635759508,5.489447996349603,5.7725041437600876e-5,6.196406281687372e-4,1.6513771278339835,Up,C1
XM_005252658,1.4384978774831185,4.176089635759508,5.489447996349603,5.7725041437600876e-5,6.196406281687372e-4,1.6513771278339835,Up,C1
XM_005252659,1.4384978774831185,4.176089635759508,5.489447996349603,5.7725041437600876e-5,6.196406281687372e-4,1.6513771278339835,Up,C1
ECM2,1.7485422935051957,6.890076906184294,5.4870947821797005,5.7984037970790736e-5,6.221425477760033e-4,1.6468252616345112,Up,C1
RRAS,1.557161166622281,8.010742203643682,5.485198203894244,5.819365297217555e-5,6.236322920693679e-4,1.6431561770658245,Up,C1
CMKLR1,1.2609956048011446,5.347767203086528,5.48092703158993,5.866859478844221e-5,6.274727261693389e-4,1.6348916221429324,Up,C1
STARD13,1.0496161928228345,6.584305771851774,5.473701511354074,5.9481216458614164e-5,6.343927945680398e-4,1.620905396760854,Up,C1
HECTD2,1.1248852607824693,6.737102849522865,5.473339547322603,5.952223037110348e-5,6.343927945680398e-4,1.620204584594127,Up,C1
XM_005269555,1.1248852607824693,6.737102849522865,5.473339547322603,5.952223037110348e-5,6.343927945680398e-4,1.620204584594127,Up,C1
AIF1L,1.569872232040244,5.431775900366116,5.464596985829326,6.05217955595265e-5,6.389588556312911e-4,1.6032728878935139,Up,C1
TBC1D1,1.0987115935499263,7.227230562333546,5.453009669786379,6.187347655491452e-5,6.448489727620747e-4,1.5808173012283326,Up,C1
NR_003191,2.681808366255849,5.864220653018606,5.450729018943303,6.214318123921408e-5,6.470978898497252e-4,1.576395586401242,Up,C1
NR_045211,2.681808366255849,5.864220653018606,5.450729018943303,6.214318123921408e-5,6.470978898497252e-4,1.576395586401242,Up,C1
ADAM28,2.204227039887982,5.293418410663637,5.441170165678137,6.328690569392358e-5,6.584361987280249e-4,1.5578560077692956,Up,C1
PDE3A,1.8341889927347577,3.978215804550289,5.435125110646869,6.402143532076468e-5,6.631974690074141e-4,1.5461257491349478,Up,C1
XM_006719086,1.8341889927347577,3.978215804550289,5.435125110646869,6.402143532076468e-5,6.631974690074141e-4,1.5461257491349478,Up,C1
CCDC88C,1.051796757188014,5.544786042144591,5.434903871119687,6.40484848412293e-5,6.631974690074141e-4,1.5456963555551066,Up,C1
XM_005267691,1.051796757188014,5.544786042144591,5.434903871119687,6.40484848412293e-5,6.631974690074141e-4,1.5456963555551066,Up,C1
LRRC2,1.1950733021102806,3.3866096893338504,5.431299357060875,6.449085655858211e-5,6.667533802387272e-4,1.5386996806844255,Up,C1
ITGB2,1.8084435072249034,5.746920281477627,5.423914323169081,6.540711133267746e-5,6.737774618913838e-4,1.524359749599805,Up,C1
TRIB2,1.7295280725711928,7.76336935870152,5.423257639475152,6.548923550098625e-5,6.743340328162471e-4,1.5230843093124289,Up,C1
SNTB2,1.07816562896691,7.7129921114884405,5.420650722397951,6.58163085761934e-5,6.763269442838347e-4,1.518020522259695,Up,C1
PRICKLE1,1.9691490736917103,4.902129177359085,5.41040268135314,6.711854739902542e-5,6.875765683949029e-4,1.4981062984933171,Up,C1
TTYH2,1.1690439896789933,5.987081866105823,5.404191405823809,6.792078481571669e-5,6.937168838922689e-4,1.4860302174872633,Up,C1
KLF15,1.3443022705160708,6.992638362939355,5.393260172739425,6.935684193004341e-5,7.032965441507824e-4,1.4647661856160195,Up,C1
XM_005247400,1.3443022705160708,6.992638362939355,5.393260172739425,6.935684193004341e-5,7.032965441507824e-4,1.4647661856160195,Up,C1
OLFML3,2.3320602937072348,8.589854832680427,5.382303922582264,7.082775021754734e-5,7.136891942575865e-4,1.4434390420246341,Up,C1
EFEMP2,1.7820105486842674,7.943950375175192,5.381349463427011,7.095740887068535e-5,7.140183701984502e-4,1.4415804339371174,Up,C1
SYNM,1.7092345699119518,6.685640405827699,5.375294539068627,7.178568440869891e-5,7.209205009111261e-4,1.4297871975484728,Up,C1
GMFG,1.582261445482649,6.075230099061059,5.369609420173089,7.257248341006153e-5,7.27908377270496e-4,1.4187102342878504,Up,C1
PAX3,1.9830287121526036,5.092824820674681,5.366383064005566,7.302296368992118e-5,7.318151041693061e-4,1.412422236986556,Up,C1
NUAK1,1.5855066296208333,7.484543426038702,5.348994963563868,7.550110226286417e-5,7.513173534466276e-4,1.378512350563275,Up,C1
TYRP1,4.8231779093485105,7.820242114628383,5.343748259749655,7.626582759105947e-5,7.570440007612115e-4,1.3682732736893275,Up,C1
GCH1,1.9940735065556936,6.974889429260366,5.3353302091445505,7.750957518198885e-5,7.674854882500398e-4,1.3518384036402686,Up,C1
RBP7,1.9413931765865104,6.676818172483273,5.332912333836246,7.787067639691927e-5,7.701079418536696e-4,1.3471163438729068,Up,C1
PPARGC1A,1.9655106343741484,4.3999714797298,5.317797290882514,8.016785533386288e-5,7.895727795335974e-4,1.317581317092257,Up,C1
TRIM63,1.362172945141614,4.917505681514484,5.3159135416663315,8.045902006276277e-5,7.921154222913995e-4,1.3138985530984755,Up,C1
ARID5B,1.3157899519474512,9.325828796992855,5.310330862261635,8.132835767246107e-5,7.981679738557885e-4,1.302981860130048,Up,C1
ADA,1.2602857701413983,5.408099437537183,5.310257532704039,8.133984101538449e-5,7.981679738557885e-4,1.3028384428979631,Up,C1
CMAHP,2.0771139572636947,5.149955900038967,5.301966296134647,8.26491175538503e-5,8.09361125878219e-4,1.286618451087099,Up,C1
CEP68,1.3146330318924875,8.95887299876349,5.300256232942064,8.292185584808637e-5,8.103788208736844e-4,1.2832720830881446,Up,C1
XM_005264219,1.3146330318924875,8.95887299876349,5.300256232942064,8.292185584808637e-5,8.103788208736844e-4,1.2832720830881446,Up,C1
CNR1,1.0878845122044334,4.5524188535083905,5.299488806841456,8.3044555221677e-5,8.111822033576254e-4,1.2817702200876528,Up,C1
SYTL5,1.7554826595505144,5.066018235360375,5.292897724654899,8.410612875027994e-5,8.196683394000626e-4,1.2688685464767335,Up,C1
PCSK2,2.1500468695641666,4.389081276013149,5.292654293028546,8.414560404473603e-5,8.196683394000626e-4,1.268391945422712,Up,C1
HOXD8,1.3046506443366939,4.957229465987868,5.291589195503909,8.431854755747933e-5,8.204093038748556e-4,1.266306569600113,Up,C1
TOX3,2.2698788868453104,3.9264538218612017,5.286251984775823,8.519072135639269e-5,8.258270169612833e-4,1.255854742302871,Up,C1
XM_005255893,2.2698788868453104,3.9264538218612017,5.286251984775823,8.519072135639269e-5,8.258270169612833e-4,1.255854742302871,Up,C1
SHISA2,1.4515320337814974,3.9083895712731738,5.277958874066469,8.656448418932082e-5,8.371155316325859e-4,1.2396078041509426,Up,C1
SAMSN1,1.7891273401566132,4.1247102421764446,5.273336093746049,8.734017624012025e-5,8.432578077696565e-4,1.2305478943586028,Up,C1
CCM2L,1.5673215287321636,4.98550332524799,5.27079559794166,8.776952233951515e-5,8.462711575523657e-4,1.2255678720736984,Up,C1
XM_006723706,1.5673215287321636,4.98550332524799,5.27079559794166,8.776952233951515e-5,8.462711575523657e-4,1.2255678720736984,Up,C1
SLC26A4,2.21514922729172,6.247339532169215,5.268719281304844,8.81220420373109e-5,8.477375763445035e-4,1.2214972036201814,Up,C1
XM_005250425,2.21514922729172,6.247339532169215,5.268719281304844,8.81220420373109e-5,8.477375763445035e-4,1.2214972036201814,Up,C1
XM_006716024,2.21514922729172,6.247339532169215,5.268719281304844,8.81220420373109e-5,8.477375763445035e-4,1.2214972036201814,Up,C1
XM_006716025,2.21514922729172,6.247339532169215,5.268719281304844,8.81220420373109e-5,8.477375763445035e-4,1.2214972036201814,Up,C1
MS4A4A,3.639979899663306,5.566604744550194,5.266770543773286,8.845423297456831e-5,8.50251701984617e-4,1.2176762022823446,Up,C1
SEMA3A,2.1127063242623976,5.892245783372681,5.262547377953922,8.917858419326223e-5,8.551595596510906e-4,1.209394089264137,Up,C1
XM_005250111,2.1127063242623976,5.892245783372681,5.262547377953922,8.917858419326223e-5,8.551595596510906e-4,1.209394089264137,Up,C1
ELK3,1.0142381333358195,9.88000600435691,5.253422858571706,9.076462307166985e-5,8.669432208458246e-4,1.1914928166511913,Up,C1
NETO2,1.5618603467174386,4.859823918449525,5.253273417330129,9.079084054330671e-5,8.669432208458246e-4,1.1911995498599275,Up,C1
MATN3,1.1179567068724134,3.244652711934772,5.247724574292908,9.176987338316913e-5,8.708590333813135e-4,1.1803085553542392,Up,C1
ARHGAP6,2.3870495775904947,5.6282823501934685,5.247722111611205,9.177031031090796e-5,8.708590333813135e-4,1.1803037209370135,Up,C1
XM_005274506,2.3870495775904947,5.6282823501934685,5.247722111611205,9.177031031090796e-5,8.708590333813135e-4,1.1803037209370135,Up,C1
KCNJ13,2.0114456314963602,4.839291344564739,5.245419038163132,9.217986323457509e-5,8.734825237466764e-4,1.1757823203643643,Up,C1
HSPA12B,1.3389134683649457,5.540745534967684,5.2451780804358545,9.22228215058727e-5,8.734825237466764e-4,1.1753092361783999,Up,C1
XM_005260657,1.3389134683649457,5.540745534967684,5.2451780804358545,9.22228215058727e-5,8.734825237466764e-4,1.1753092361783999,Up,C1
XM_005260658,1.3389134683649457,5.540745534967684,5.2451780804358545,9.22228215058727e-5,8.734825237466764e-4,1.1753092361783999,Up,C1
GIMAP8,2.3275761940270767,5.160644116401552,5.236471746152521,9.37889613822509e-5,8.831395257343218e-4,1.1582111851741068,Up,C1
XM_005249951,2.3275761940270767,5.160644116401552,5.236471746152521,9.37889613822509e-5,8.831395257343218e-4,1.1582111851741068,Up,C1
COL24A1,1.2290244299666733,3.3590860602017716,5.233345962493013,9.435792761688599e-5,8.88148619082548e-4,1.1520704511771314,Up,C1
SLC47A1,1.2822882622697351,5.996832272691062,5.230097719749147,9.495296502587466e-5,8.926992035060883e-4,1.1456879553515869,Up,C1
TAGAP,1.6067252813378388,4.030508139462353,5.227847239170273,9.53674979801693e-5,8.956551823500953e-4,1.141265261664783,Up,C1
PTN,2.914166824287155,6.130630408423742,5.227409992510691,9.54482544806583e-5,8.956551823500953e-4,1.140405907769889,Up,C1
XM_005250515,2.914166824287155,6.130630408423742,5.227409992510691,9.54482544806583e-5,8.956551823500953e-4,1.140405907769889,Up,C1
SEMA3G,1.9464688010092224,4.9226546573659284,5.226754938623138,9.556937077121605e-5,8.956551823500953e-4,1.139118439982008,Up,C1
XM_005265327,1.9464688010092224,4.9226546573659284,5.226754938623138,9.556937077121605e-5,8.956551823500953e-4,1.139118439982008,Up,C1
GIMAP1-GIMAP5,1.7003259918403444,6.188631488750309,5.226419933528398,9.563137296285189e-5,8.956551823500953e-4,1.1384599892939988,Up,C1
GIMAP5,1.7003259918403444,6.188631488750309,5.226419933528398,9.563137296285189e-5,8.956551823500953e-4,1.1384599892939988,Up,C1
ZNF703,1.5718682353227802,7.706542121329251,5.219259297435342,9.696663901804396e-5,9.020904146167019e-4,1.124382734118905,Up,C1
KLF2,2.1440605850758176,8.132587021416454,5.217094195997998,9.737415423283781e-5,9.04129381004477e-4,1.120125161343637,Up,C1
FMO2,2.7144547460889425,6.794425989409406,5.213599432262641,9.803567602650586e-5,9.078133857979143e-4,1.1132517425019053,Up,C1
S100A9,4.0665236066069665,9.884547351941805,5.200931326538748,1.0047279479472309e-4,9.193854444006647e-4,1.0883247804314369,Up,C1
DNAI3,1.5833054954408592,4.053501768569856,5.199255547686801,1.007998410979174e-4,9.216753470598908e-4,1.0850259971786613,Up,C1
XM_005270438,1.5833054954408592,4.053501768569856,5.199255547686801,1.007998410979174e-4,9.216753470598908e-4,1.0850259971786613,Up,C1
H2AJ,1.3337660197292118,5.8077701912781885,5.197709918722319,1.0110246228068772e-4,9.237385990335238e-4,1.0819831332995449,Up,C1
GCNT2,1.4004769406848032,7.016776717639652,5.195867628113352,1.014643938236323e-4,9.25284339116574e-4,1.078355881838121,Up,C1
XM_006715053,1.4004769406848032,7.016776717639652,5.195867628113352,1.014643938236323e-4,9.25284339116574e-4,1.078355881838121,Up,C1
XM_006715054,1.4004769406848032,7.016776717639652,5.195867628113352,1.014643938236323e-4,9.25284339116574e-4,1.078355881838121,Up,C1
ANKRD44,1.289353860505205,5.235784865364089,5.195006342148182,1.016340586973038e-4,9.264795582425695e-4,1.0766599804706036,Up,C1
RGS10,1.0029426733176567,8.337213081032992,5.193057216505844,1.0201910032052144e-4,9.296364638926177e-4,1.0728217764385626,Up,C1
GIMAP1,1.9928002116742265,5.155350643073739,5.192165095518752,1.0219583750696473e-4,9.29849476300516e-4,1.0710648752138123,Up,C1
KLHL13,3.1665899759247877,5.861881388204214,5.192157021513214,1.0219743848349143e-4,9.29849476300516e-4,1.0710489742359464,Up,C1
ELMO1,1.8428454975985433,4.811336429139354,5.1884470196015515,1.0293583464970774e-4,9.344424747588068e-4,1.0637417042097166,Up,C1
XM_005249920,1.8428454975985433,4.811336429139354,5.1884470196015515,1.0293583464970774e-4,9.344424747588068e-4,1.0637417042097166,Up,C1
LOXL2,1.96617215143951,5.7969008595063505,5.184110562270965,1.0380590355365454e-4,9.410626896038858e-4,1.0551985934694468,Up,C1
MELTF,1.0824668124724877,6.7137848735302486,5.183642113273533,1.0390034694818338e-4,9.410626896038858e-4,1.0542755909780812,Up,C1
XM_006713642,1.0824668124724877,6.7137848735302486,5.183642113273533,1.0390034694818338e-4,9.410626896038858e-4,1.0542755909780812,Up,C1
XM_006713644,1.0824668124724877,6.7137848735302486,5.183642113273533,1.0390034694818338e-4,9.410626896038858e-4,1.0542755909780812,Up,C1
TMEM38B,1.131514527624045,6.75557368491354,5.177149811521419,1.0521842866975928e-4,9.479155131887826e-4,1.0414810278843607,Up,C1
XM_005252076,1.131514527624045,6.75557368491354,5.177149811521419,1.0521842866975928e-4,9.479155131887826e-4,1.0414810278843607,Up,C1
XR_428531,1.131514527624045,6.75557368491354,5.177149811521419,1.0521842866975928e-4,9.479155131887826e-4,1.0414810278843607,Up,C1
IL4R,1.0593757339458536,7.955575049012765,5.1768053588685765,1.0528884085331615e-4,9.479155131887826e-4,1.0408020730737721,Up,C1
XM_005255309,1.0593757339458536,7.955575049012765,5.1768053588685765,1.0528884085331615e-4,9.479155131887826e-4,1.0408020730737721,Up,C1
XM_006721043,1.0593757339458536,7.955575049012765,5.1768053588685765,1.0528884085331615e-4,9.479155131887826e-4,1.0408020730737721,Up,C1
TIE1,1.4253457074210463,4.639715390134828,5.174239866815907,1.0581480608536815e-4,9.494455983779463e-4,1.0357447819104628,Up,C1
XM_005271164,1.4253457074210463,4.639715390134828,5.174239866815907,1.0581480608536815e-4,9.494455983779463e-4,1.0357447819104628,Up,C1
CTSZ,1.49145657845005,9.595304183164878,5.171378588740194,1.0640461423090538e-4,9.536682415123939e-4,1.0301035450613742,Up,C1
AIF1,1.7424217870540897,6.759471750718634,5.170274460036777,1.0663312025423588e-4,9.539352040037905e-4,1.0279264225705749,Up,C1
XM_005274925,1.7424217870540897,6.759471750718634,5.170274460036777,1.0663312025423588e-4,9.539352040037905e-4,1.0279264225705749,Up,C1
XM_005275356,1.7424217870540897,6.759471750718634,5.170274460036777,1.0663312025423588e-4,9.539352040037905e-4,1.0279264225705749,Up,C1
C3AR1,1.9158637020314258,6.399923534957679,5.169129425738791,1.0687062731291114e-4,9.546366939949734e-4,1.0256684982927329,Up,C1
SOAT1,1.552386144438496,6.189454900984523,5.167854056821589,1.0713581211228237e-4,9.563146015041249e-4,1.023153391015402,Up,C1
VLDLR,1.7168992927409086,7.012951599471311,5.162733742815961,1.0820732802906081e-4,9.63707713303717e-4,1.0130539820754016,Up,C1
PMEL,2.3087339082753493,6.858922751472271,5.16166951795042,1.0843142158756682e-4,9.64272316022519e-4,1.0109545165060805,Up,C1
XM_006719568,2.3087339082753493,6.858922751472271,5.16166951795042,1.0843142158756682e-4,9.64272316022519e-4,1.0109545165060805,Up,C1
CAVIN3,1.422649461250181,7.904092118958543,5.160769720586449,1.08621265582476e-4,9.656028209298477e-4,1.009179329219755,Up,C1
PTPN22,1.698443053775481,3.888569542807114,5.158053173308133,1.0919650222194744e-4,9.699979446081356e-4,1.0038193748988817,Up,C1
MCF2L,1.2509540417253353,6.185648806526039,5.15427658421069,1.1000143708358937e-4,9.749831953029217e-4,0.9963665123450465,Up,C1
XM_005268307,1.2509540417253353,6.185648806526039,5.15427658421069,1.1000143708358937e-4,9.749831953029217e-4,0.9963665123450465,Up,C1
XM_005268309,1.2509540417253353,6.185648806526039,5.15427658421069,1.1000143708358937e-4,9.749831953029217e-4,0.9963665123450465,Up,C1
XM_005268313,1.2509540417253353,6.185648806526039,5.15427658421069,1.1000143708358937e-4,9.749831953029217e-4,0.9963665123450465,Up,C1
XM_006719968,1.2509540417253353,6.185648806526039,5.15427658421069,1.1000143708358937e-4,9.749831953029217e-4,0.9963665123450465,Up,C1
C1orf115,1.252013562621114,5.904138783713455,5.151907600714122,1.1050948245157197e-4,9.78763320222373e-4,0.9916906619404742,Up,C1
BHLHE22,1.3978311466100797,4.5873010424253495,5.151195786979273,1.1066260887908205e-4,9.797580001164614e-4,0.9902855769533989,Up,C1
CYGB,1.3217766174058898,6.39792681563704,5.1481318701465995,1.113242285042514e-4,9.845262094911726e-4,0.9842369150322288,Up,C1
FGD5,1.1872478130861275,5.780007934614026,5.142756718012544,1.1249481980317186e-4,9.919546895355367e-4,0.9736229900917888,Up,C1
MRAS,1.1591149928741373,6.954025127161068,5.137202052200685,1.1371786385222345e-4,0.0010001671558010506,0.9626512329340926,Up,C1
TACR1,1.2056866383747318,4.713988583319674,5.133262268055946,1.1459365321197327e-4,0.0010063947546263383,0.9548671770157799,Up,C1
LHFPL6,1.1360744301492751,8.963422729518008,5.124059017930925,1.166667143889238e-4,0.001022729904588367,0.9366771288102989,Up,C1
XM_006719750,1.1360744301492751,8.963422729518008,5.124059017930925,1.166667143889238e-4,0.001022729904588367,0.9366771288102989,Up,C1
COL5A1,1.659609941023822,6.358333555775725,5.12138469156097,1.1727634545928644e-4,0.001026574341252295,0.9313896279114005,Up,C1
C2orf88,1.0695592867412387,4.525348517753253,5.120415743250255,1.1749803457546882e-4,0.0010277652426677853,0.9294736938318184,Up,C1
GMPR,1.2181027527255086,6.851621425307158,5.116858436204624,1.1831563944344123e-4,0.0010315335916896025,0.9224388284711598,Up,C1
PTPRM,1.5973084564003308,7.750403241765158,5.110720047580137,1.1974031212515996e-4,0.001041684295624534,0.9102964061919607,Up,C1
XM_006722338,1.5973084564003308,7.750403241765158,5.110720047580137,1.1974031212515996e-4,0.001041684295624534,0.9102964061919607,Up,C1
CDC42EP3,1.5698109148924377,8.454410314572458,5.107217526464625,1.205611424420464e-4,0.0010457927505941444,0.9033661813669749,Up,C1
PRTFDC1,1.060499183243862,5.331622815874228,5.098194924326551,1.2270248240823904e-4,0.001059771494337011,0.8855075521359339,Up,C1
XM_005252537,1.060499183243862,5.331622815874228,5.098194924326551,1.2270248240823904e-4,0.001059771494337011,0.8855075521359339,Up,C1
XM_006717480,1.060499183243862,5.331622815874228,5.098194924326551,1.2270248240823904e-4,0.001059771494337011,0.8855075521359339,Up,C1
SYTL2,1.7149380017032243,6.756069808238281,5.095109651711269,1.2344368541866263e-4,0.001064997679816919,0.8793987754548738,Up,C1
APBB2,1.5399117559390536,7.273324117880687,5.079667248440941,1.2722359791010886e-4,0.0010905788560851546,0.8488076419205015,Up,C1
XM_006714007,1.5399117559390536,7.273324117880687,5.079667248440941,1.2722359791010886e-4,0.0010905788560851546,0.8488076419205015,Up,C1
FGFR1,1.6780947344145343,5.948660557244299,5.0790782306149,1.2737011701694292e-4,0.0010910549239179434,0.8476402979769899,Up,C1
XM_006716305,1.6780947344145343,5.948660557244299,5.0790782306149,1.2737011701694292e-4,0.0010910549239179434,0.8476402979769899,Up,C1
PRKG1,1.7883006812206323,5.4648849444918115,5.071821489257108,1.2918959375649944e-4,0.0011013208781909915,0.8332554744853651,Up,C1
XM_005269972,1.7883006812206323,5.4648849444918115,5.071821489257108,1.2918959375649944e-4,0.0011013208781909915,0.8332554744853651,Up,C1
PLA2G2A,3.645612802852588,7.948178041364404,5.070892755279033,1.294243822684472e-4,0.0011027490320224599,0.8314140641256262,Up,C1
PROCR,1.5914174916774417,6.320775966898584,5.068251465143655,1.3009452248213726e-4,0.0011061029856947425,0.8261766452848027,Up,C1
XM_005260251,1.5914174916774417,6.320775966898584,5.068251465143655,1.3009452248213726e-4,0.0011061029856947425,0.8261766452848027,Up,C1
XM_006723682,1.5914174916774417,6.320775966898584,5.068251465143655,1.3009452248213726e-4,0.0011061029856947425,0.8261766452848027,Up,C1
APOD,1.9379933364692885,11.30631354023981,5.059806176233635,1.322613559266094e-4,0.0011221410621952911,0.8094254532238807,Up,C1
FCER1G,2.445295844968709,5.073031925746764,5.0437290446856045,1.3648980190225258e-4,0.0011512537088989067,0.7775155112617798,Up,C1
AHRR,1.270720469361669,4.511544301244248,5.043660494992092,1.3650812663637565e-4,0.0011512537088989067,0.7773793948120176,Up,C1
PLVAP,1.6284103089849395,5.794056602695296,5.038997204313841,1.3776069553002155e-4,0.0011577493746889275,0.7681185121124798,Up,C1
CBS,1.5161154784114377,6.783770756283864,5.0324677408446945,1.3953446907960087e-4,0.0011706068950886335,0.7551477121826649,Up,C1
TFCP2L1,2.062769904758463,5.643365272384348,5.026858018445364,1.4107719175529248e-4,0.0011814001114537334,0.7440003907349348,Up,C1
XM_005263652,2.062769904758463,5.643365272384348,5.026858018445364,1.4107719175529248e-4,0.0011814001114537334,0.7440003907349348,Up,C1
XM_006712459,2.062769904758463,5.643365272384348,5.026858018445364,1.4107719175529248e-4,0.0011814001114537334,0.7440003907349348,Up,C1
IL13RA2,1.5625437151620063,4.742801822333984,5.01848963381795,1.4341133001511452e-4,0.0011976155693353562,0.7273650659138227,Up,C1
MAP3K20,1.397595246543311,6.907967323689019,5.018166310767557,1.4350230719975353e-4,0.0011976155693353562,0.7267221919181539,Up,C1
UAP1L1,1.0052463789857429,5.736249189207683,5.0179832792796,1.4355383528150804e-4,0.0011976291812397484,0.726358259459472,Up,C1
PTGER4,3.0901716629143348,6.1008681090536685,5.016458290209353,1.439839012683174e-4,0.0011999658327229701,0.7233258961357558,Up,C1
XM_005248326,3.0901716629143348,6.1008681090536685,5.016458290209353,1.439839012683174e-4,0.0011999658327229701,0.7233258961357558,Up,C1
XM_005248327,3.0901716629143348,6.1008681090536685,5.016458290209353,1.439839012683174e-4,0.0011999658327229701,0.7233258961357558,Up,C1
RUNX3,1.3731513834950269,5.181397188752836,5.009272763639217,1.4602825550417812e-4,0.0012136323367767602,0.7090345707168337,Up,C1
CYYR1,1.6102637565585711,7.228889010281131,5.007302092704266,1.465941429927233e-4,0.0012158094748138716,0.7051141533604133,Up,C1
XR_430345,1.6102637565585711,7.228889010281131,5.007302092704266,1.465941429927233e-4,0.0012158094748138716,0.7051141533604133,Up,C1
XR_430346,1.6102637565585711,7.228889010281131,5.007302092704266,1.465941429927233e-4,0.0012158094748138716,0.7051141533604133,Up,C1
XR_430347,1.6102637565585711,7.228889010281131,5.007302092704266,1.465941429927233e-4,0.0012158094748138716,0.7051141533604133,Up,C1
STK39,1.3552899899472894,8.68389568935208,5.005749313787607,1.4704162283862e-4,0.0012175530773680411,0.7020247979789866,Up,C1
MEGF6,1.3450835641227723,7.244596396240418,5.003775229051325,1.4761254825065327e-4,0.0012200400768292631,0.6980968648488686,Up,C1
XM_006710410,1.3450835641227723,7.244596396240418,5.003775229051325,1.4761254825065327e-4,0.0012200400768292631,0.6980968648488686,Up,C1
XR_426590,1.3450835641227723,7.244596396240418,5.003775229051325,1.4761254825065327e-4,0.0012200400768292631,0.6980968648488686,Up,C1
PXDN,2.167549334858438,6.872886571963251,5.003045070720013,1.4782429592046604e-4,0.0012209493292095754,0.696643930385882,Up,C1
CRISPLD1,1.6001066781254107,4.121745665321752,4.998884530148099,1.4903685201443957e-4,0.0012288500591035997,0.6883638573532469,Up,C1
LIMA1,1.1876518414520456,5.927019601377652,4.998002749379581,1.492951538838463e-4,0.0012301994230289328,0.6866087563669137,Up,C1
FAM107A,1.8773470471704394,7.060957788010926,4.997975944714694,1.4930301305238235e-4,0.0012301994230289328,0.6865554029613588,Up,C1
PARM1,2.4706689510481867,6.000874004651428,4.99566547460008,1.4998205144191808e-4,0.0012324548834500655,0.6819562427517996,Up,C1
SOD2,1.390993187165849,8.93402983680921,4.992942977487597,1.5078626981322962e-4,0.0012377469384600333,0.676536203314936,Up,C1
RNASE1,2.934238756566886,8.083537529289055,4.988162136286335,1.5220928955611522e-4,0.0012455940565720685,0.6670164889865449,Up,C1
PPP1R16B,1.2325658043264327,4.051939862409067,4.985221655791951,1.5309139226726362e-4,0.0012523134725320095,0.6611601694507385,Up,C1
IL6,3.223291993153987,6.296851664744831,4.985077605276147,1.5313474051668394e-4,0.0012523134725320095,0.6608732526832828,Up,C1
GRID1,1.0371788053820001,4.711579351447203,4.973943418339507,1.5652384987872837e-4,0.0012761159798876486,0.6386899615210737,Up,C1
GSTM3,1.2997576294477824,9.179116915659446,4.972897245238615,1.568462390859968e-4,0.0012778762493354024,0.6366049562592622,Up,C1
ANKS1B,1.181159090263419,4.67906059450414,4.969435957010295,1.5791775631337566e-4,0.0012839911880195268,0.6297058695725424,Up,C1
XM_005269032,1.181159090263419,4.67906059450414,4.969435957010295,1.5791775631337566e-4,0.0012839911880195268,0.6297058695725424,Up,C1
XM_006719515,1.181159090263419,4.67906059450414,4.969435957010295,1.5791775631337566e-4,0.0012839911880195268,0.6297058695725424,Up,C1
SV2A,1.5625249331774418,5.583403918628107,4.9665603361836865,1.5881370224202852e-4,0.0012895285795714374,0.6239732123637793,Up,C1
IL11RA,1.2233540737576396,7.770292423657852,4.958310613920253,1.6141321331998362e-4,0.0013033367035256175,0.6075224080098414,Up,C1
GDF15,2.236916931484364,7.044827769390552,4.957953340069808,1.6152677668852615e-4,0.0013033473109059944,0.6068098104467552,Up,C1
PLEKHH2,1.3569867096342376,6.1282167181153016,4.9575474241155035,1.6165590136518396e-4,0.0013033473109059944,0.6060001784582241,Up,C1
XR_244924,1.3569867096342376,6.1282167181153016,4.9575474241155035,1.6165590136518396e-4,0.0013033473109059944,0.6060001784582241,Up,C1
XR_426981,1.3569867096342376,6.1282167181153016,4.9575474241155035,1.6165590136518396e-4,0.0013033473109059944,0.6060001784582241,Up,C1
ATP1A2,2.423420607476986,5.281370639257471,4.9567685963992005,1.6190394968929964e-4,0.0013040330873968354,0.6044466971708333,Up,C1
CYTOR,1.326752215249262,7.661359636663636,4.943529957286544,1.6618081605272638e-4,0.001330266323080353,0.5780309790431506,Up,C1
MIR4435-2HG,1.326752215249262,7.661359636663636,4.943529957286544,1.6618081605272638e-4,0.001330266323080353,0.5780309790431506,Up,C1
EVI2B,1.71829841446434,5.400961629557724,4.942719709989611,1.664463234460609e-4,0.001330876167375664,0.5764136775156938,Up,C1
SNORD49A,1.3088117661441032,10.781498506148095,4.941260280660989,1.6692566207323638e-4,0.0013328508786034,0.5735004035185387,Up,C1
ID2,1.8986099578120132,7.012543366698691,4.940598895892107,1.671433568865183e-4,0.0013340027640083639,0.5721800942707,Up,C1
SDC2,1.7942035349704888,8.350287830122857,4.9334885503680495,1.6950228056442646e-4,0.0013458735080783993,0.5579830776420565,Up,C1
XM_005251020,1.7942035349704888,8.350287830122857,4.9334885503680495,1.6950228056442646e-4,0.0013458735080783993,0.5579830776420565,Up,C1
XM_006716614,1.7942035349704888,8.350287830122857,4.9334885503680495,1.6950228056442646e-4,0.0013458735080783993,0.5579830776420565,Up,C1
TPM1,1.537620771331361,8.046540978069672,4.922727806474672,1.7313765924047462e-4,0.001364745516285672,0.5364877930855245,Up,C1
XM_005254643,1.537620771331361,8.046540978069672,4.922727806474672,1.7313765924047462e-4,0.001364745516285672,0.5364877930855245,Up,C1
XM_005254645,1.537620771331361,8.046540978069672,4.922727806474672,1.7313765924047462e-4,0.001364745516285672,0.5364877930855245,Up,C1
XM_005254647,1.537620771331361,8.046540978069672,4.922727806474672,1.7313765924047462e-4,0.001364745516285672,0.5364877930855245,Up,C1
XM_005254648,1.537620771331361,8.046540978069672,4.922727806474672,1.7313765924047462e-4,0.001364745516285672,0.5364877930855245,Up,C1
XM_006720667,1.537620771331361,8.046540978069672,4.922727806474672,1.7313765924047462e-4,0.001364745516285672,0.5364877930855245,Up,C1
XM_006720668,1.537620771331361,8.046540978069672,4.922727806474672,1.7313765924047462e-4,0.001364745516285672,0.5364877930855245,Up,C1
XM_006720669,1.537620771331361,8.046540978069672,4.922727806474672,1.7313765924047462e-4,0.001364745516285672,0.5364877930855245,Up,C1
GLYR1,1.3880988687115243,5.791940831174177,4.922355429973802,1.7326488964979775e-4,0.0013653000267151824,0.5357437400497842,Up,C1
RPGR,1.0819043165650681,6.1575576711944455,4.921311224153493,1.7362217869104553e-4,0.0013667692794170137,0.5336572176127818,Up,C1
CORO1A,1.240818028186383,5.568514521972509,4.91803706509125,1.74747402868536e-4,0.0013720272043345114,0.5271141201255567,Up,C1
SRPX2,1.5057842379219961,6.847319249021078,4.911913822941684,1.7687196229848097e-4,0.0013859878678054653,0.5148745437150515,Up,C1
SOX17,1.8546768504829734,3.9560953094133713,4.911154422799069,1.7713729603985602e-4,0.0013876140272678279,0.5133563412645152,Up,C1
MAGI2,1.3879503564413733,6.252885603147189,4.908004629259914,1.782422135896271e-4,0.0013904252816370804,0.5070586251518581,Up,C1
NPNT,2.5548078884102114,6.032025659309422,4.906555022628563,1.787531036160475e-4,0.001393449819094632,0.5041599436933586,Up,C1
MEOX1,1.5366640806220708,5.388996697312915,4.9049627680913375,1.7931600525173595e-4,0.0013973840123545993,0.500975779855267,Up,C1
TRPC1,1.491208135135695,6.452926531370978,4.904095309896404,1.7962344092298555e-4,0.0013984177194399931,0.4992409463854983,Up,C1
XM_005247740,1.491208135135695,6.452926531370978,4.904095309896404,1.7962344092298555e-4,0.0013984177194399931,0.4992409463854983,Up,C1
FKBP9,1.0670612127397092,10.017957995404563,4.9014439992811685,1.8056645946914888e-4,0.0014021210482622166,0.4939381192307417,Up,C1
MYH11,2.352123794122309,7.246363554518165,4.901257075467449,1.806331365864208e-4,0.0014021851695819121,0.49356423098133906,Up,C1
ANGPT2,1.7492516191739536,4.435406722309345,4.897921448737209,1.818272506398807e-4,0.0014096310303160261,0.4868916751941228,Up,C1
C1QB,2.467805715288062,7.01356421659186,4.895554826032464,1.8267939854338692e-4,0.0014139942077290191,0.4821568433521275,Up,C1
GAS7,1.4545392149868626,5.849981169264424,4.892224088288499,1.8388566426645681e-4,0.0014216119335179603,0.4754922053062689,Up,C1
CHN1,1.997236599463367,6.617443897690261,4.892168905050491,1.8390571842235093e-4,0.0014216119335179603,0.4753817772883213,Up,C1
MSR1,1.536669710817499,4.499654976437106,4.888541857837507,1.8522877352563166e-4,0.0014304572143379057,0.46812298509825645,Up,C1
TMEM176B,1.963589132807602,5.129011057861308,4.882895184909011,1.8730806685811875e-4,0.001444938293055031,0.45681977094239556,Up,C1
NT5E,2.9138374337899213,7.903448450678297,4.8776992951743,1.8924258948667857e-4,0.0014581703476273704,0.44641617047954885,Up,C1
MDK,1.0400646840601695,6.87519405932788,4.87745718061945,1.8933323287146516e-4,0.0014584005954367482,0.44593132663908364,Up,C1
PSD3,1.2595012980205693,7.57825486814528,4.875000487974454,1.902555056238849e-4,0.001460816585407705,0.4410113824971118,Up,C1
XM_005273461,1.2595012980205693,7.57825486814528,4.875000487974454,1.902555056238849e-4,0.001460816585407705,0.4410113824971118,Up,C1
XM_006716319,1.2595012980205693,7.57825486814528,4.875000487974454,1.902555056238849e-4,0.001460816585407705,0.4410113824971118,Up,C1
CCL21,2.006803158409812,6.388355319650633,4.872152261992638,1.9133055434790417e-4,0.0014662566939522336,0.43530659499821667,Up,C1
AFF3,1.8916762636577573,4.8779867599996685,4.869517259245747,1.9233068972476187e-4,0.0014729806045863862,0.43002817975061713,Up,C1
RNASE2,1.7316979415053448,4.338127365840559,4.863799458406072,1.9451946918155248e-4,0.001485950445351885,0.4185720266535391,Up,C1
UCHL1,2.0183824033058038,6.409014438246071,4.857397187532966,1.9700070418454682e-4,0.0015020364999483776,0.40574074337034016,Up,C1
ENPEP,1.6503361789945377,4.052195647002111,4.846641542215893,2.0124266621345747e-4,0.0015227700108623602,0.3841756990630394,Up,C1
STEAP4,1.8085180341351617,10.380937210473496,4.840767666041129,2.035988465344089e-4,0.0015352588931219534,0.37239394039977736,Up,C1
CA13,1.343395580966332,7.402223989712006,4.840614390903336,2.0366070809517124e-4,0.0015352588931219534,0.3720864589267254,Up,C1
CHI3L2,3.0819256368582044,5.617072195687839,4.836857024388184,2.0518323553967883e-4,0.0015452802069103769,0.3645482030660272,Up,C1
MYO1D,1.3902568103298796,7.267420075822404,4.833428727434445,2.0658263420508954e-4,0.0015548436457167008,0.3576689821350243,Up,C1
ATP8A1,1.1252491279552803,5.315628929021127,4.832921547040243,2.0679049248899397e-4,0.0015557242475233556,0.3566511797361285,Up,C1
MARCKSL1,1.5180956701554535,6.916912031364933,4.831234381794144,2.0748349448090677e-4,0.0015596676587944641,0.3532652260497473,Up,C1
NR_040448,1.0656822373495363,6.939878097609314,4.830644290799684,2.077264373776856e-4,0.0015605164162564038,0.3520809155239508,Up,C1
SLC7A7,1.0656822373495363,6.939878097609314,4.830644290799684,2.077264373776856e-4,0.0015605164162564038,0.3520809155239508,Up,C1
FGF2,1.6750347795952987,5.372669633704538,4.825126958722018,2.1001215063979958e-4,0.0015723512540227122,0.3410060653142031,Up,C1
TMEM45A,1.3145770554410117,8.765569025762737,4.817445371058984,2.1323762110080747e-4,0.001592216101496264,0.32558218765780733,Up,C1
XM_005247569,1.3145770554410117,8.765569025762737,4.817445371058984,2.1323762110080747e-4,0.001592216101496264,0.32558218765780733,Up,C1
RASGRP3,1.0120057900382555,5.3292577968198005,4.81571689880884,2.139703949089974e-4,0.0015951664580671184,0.3221108243012516,Up,C1
CD248,1.4282066446110386,7.832199053344924,4.8025253944787885,2.1964882150587046e-4,0.001621658263237128,0.2956086234545614,Up,C1
SLC16A1,2.0722287214468604,5.439806766151647,4.801854817890763,2.1994158349773678e-4,0.001623068762720236,0.2942609806783061,Up,C1
PLXDC1,1.4213661545288727,4.321964818165074,4.791768492373075,2.2439381324436148e-4,0.0016420427760643792,0.27398571943992067,Up,C1
XM_006721983,1.4213661545288727,4.321964818165074,4.791768492373075,2.2439381324436148e-4,0.0016420427760643792,0.27398571943992067,Up,C1
XM_006721984,1.4213661545288727,4.321964818165074,4.791768492373075,2.2439381324436148e-4,0.0016420427760643792,0.27398571943992067,Up,C1
STX2,1.5360832590674018,6.913348080946447,4.78564366651685,2.2714249679051126e-4,0.0016596268517399852,0.2616692022901832,Up,C1
NR_046396,1.1280296889181285,7.6914297223860375,4.780079413743468,2.2966960703335698e-4,0.001672998454632666,0.2504769816169432,Up,C1
NR_046397,1.1280296889181285,7.6914297223860375,4.780079413743468,2.2966960703335698e-4,0.001672998454632666,0.2504769816169432,Up,C1
XAF1,1.1280296889181285,7.6914297223860375,4.780079413743468,2.2966960703335698e-4,0.001672998454632666,0.2504769816169432,Up,C1
XM_005256706,1.1280296889181285,7.6914297223860375,4.780079413743468,2.2966960703335698e-4,0.001672998454632666,0.2504769816169432,Up,C1
XR_429817,1.1280296889181285,7.6914297223860375,4.780079413743468,2.2966960703335698e-4,0.001672998454632666,0.2504769816169432,Up,C1
SYNPO,1.4127840543878607,6.4330542535597335,4.779454202833543,2.2995535852901865e-4,0.0016740638505955432,0.24921922446948752,Up,C1
PDLIM4,1.5273824385173702,6.729452098901167,4.779024963560981,2.301517530717416e-4,0.001674985560105501,0.24835568927440388,Up,C1
DIPK2A,1.169870148767341,8.936261544018485,4.777808064884862,2.307094716889263e-4,0.001677518551795701,0.24590746525615703,Up,C1
COL13A1,1.1714788962944764,3.35606467503566,4.774897589535616,2.3204901660453932e-4,0.001685726542536971,0.24005146496147756,Up,C1
ABCC1,1.0361190121644004,8.653541492548118,4.770644634266139,2.3402082650696504e-4,0.0016969691473776964,0.23149295819508087,Up,C1
HSD11B1,1.6682937154704351,6.431954956018888,4.769608269351029,2.3450392319100774e-4,0.0016994453998884565,0.22940716389311344,Up,C1
PTPRC,1.9924353834562898,4.89758103153215,4.759479405883985,2.392797444445756e-4,0.0017267565923507827,0.2090166594283307,Up,C1
IL27RA,1.1298431374378608,4.261363297434691,4.745555622498803,2.4600852821101245e-4,0.0017682680168991502,0.18097157968057775,Up,C1
S100A8,4.312535912988602,9.92750498727563,4.740742626325246,2.4837940331763137e-4,0.0017806458896146321,0.17127330640438387,Up,C1
PTGER2,1.42066209407196,4.477382526826056,4.740194234817553,2.486510256078865e-4,0.0017815289303404452,0.17016815770583804,Up,C1
SLCO4A1-AS1,1.1732256939903207,6.0877978499817145,4.739276946714693,2.491060472677507e-4,0.0017842564447987325,0.16831952896191638,Up,C1
PM20D2,1.012643078511628,8.703723011027732,4.737691047684416,2.498947527001587e-4,0.0017888380120218337,0.16512326034381708,Up,C1
CITED2,1.2852938604265365,8.747823509191536,4.734850785027026,2.513136995810077e-4,0.0017953358216851714,0.15939835569168004,Up,C1
NEK6,1.3024098932673942,5.9407767700847325,4.734826093637191,2.5132607119665763e-4,0.0017953358216851714,0.15934858399408736,Up,C1
XM_005251664,1.3024098932673942,5.9407767700847325,4.734826093637191,2.5132607119665763e-4,0.0017953358216851714,0.15934858399408736,Up,C1
XM_006716936,1.3024098932673942,5.9407767700847325,4.734826093637191,2.5132607119665763e-4,0.0017953358216851714,0.15934858399408736,Up,C1
SLPI,3.0456547590982703,10.163771687981042,4.73426707254573,2.5160633605859244e-4,0.0017962686728371015,0.1582217222362452,Up,C1
LDB3,1.5739329091952143,5.212338526380711,4.732150053684335,2.5267061498134523e-4,0.0018017231434290697,0.15395403577922195,Up,C1
XM_005269465,1.5739329091952143,5.212338526380711,4.732150053684335,2.5267061498134523e-4,0.0018017231434290697,0.15395403577922195,Up,C1
XM_005269467,1.5739329091952143,5.212338526380711,4.732150053684335,2.5267061498134523e-4,0.0018017231434290697,0.15395403577922195,Up,C1
LOX,2.3992225666237434,9.230300180453169,4.719811478138173,2.58966202228391e-4,0.0018370126333007403,0.12907296425168457,Up,C1
WDR86,1.2345294140980947,4.3733214382623125,4.719610376641839,2.590701351625554e-4,0.0018370126333007403,0.12866732769363143,Up,C1
CLEC3B,2.027721341586675,7.014856126110621,4.717694294995119,2.600625521070769e-4,0.0018407612431949453,0.12480227341539951,Up,C1
XM_005265426,2.027721341586675,7.014856126110621,4.717694294995119,2.600625521070769e-4,0.0018407612431949453,0.12480227341539951,Up,C1
BHMT2,1.7369872590530306,3.7895002724219715,4.71520579186171,2.6135727966548677e-4,0.001848835080026824,0.11978207461205059,Up,C1
FGR,1.028640762822981,5.864830759356406,4.712628759809163,2.627050447537133e-4,0.0018567274688394068,0.11458271611939708,Up,C1
XM_006710452,1.028640762822981,5.864830759356406,4.712628759809163,2.627050447537133e-4,0.0018567274688394068,0.11458271611939708,Up,C1
PRAG1,1.028567862751249,8.24912865927825,4.712177920152059,2.629415623704139e-4,0.0018578520400396451,0.11367305374008829,Up,C1
CYSLTR1,1.8157510515741375,5.136901861618113,4.710467851393775,2.6384068077753867e-4,0.0018636562742856042,0.1102224762775581,Up,C1
GLT8D2,2.078842990960317,8.159364370006305,4.7025227156047915,2.6805965517055167e-4,0.001890119812985776,0.09418747412598982,Up,C1
RASA3,1.256291562044618,6.833279079842372,4.7000819762822195,2.6936957959938394e-4,0.0018965704457449145,0.08926044618397366,Up,C1
AVPR1A,1.636195112019525,4.7666228000504605,4.698978004894307,2.699642284478931e-4,0.0018985295667173546,0.0870317335300852,Up,C1
IL10RA,1.2563366100378595,5.705492889854925,4.682902372331749,2.7877758929907716e-4,0.001942324620890559,0.05456626968576117,Up,C1
SOX2,1.3012532863797142,4.214273724097108,4.681284394200089,2.796808405875514e-4,0.0019457679813862055,0.05129747777214533,Up,C1
SH3RF3,1.0481969171872132,5.76558928752513,4.6788146241768285,2.810654081362638e-4,0.0019508767860285147,0.046307390505467616,Up,C1
XM_006712493,1.0481969171872132,5.76558928752513,4.6788146241768285,2.810654081362638e-4,0.0019508767860285147,0.046307390505467616,Up,C1
XM_006712494,1.0481969171872132,5.76558928752513,4.6788146241768285,2.810654081362638e-4,0.0019508767860285147,0.046307390505467616,Up,C1
GPR160,1.3837681449750088,4.822756857112195,4.660517110832088,2.9154467479668275e-4,0.0019964779698915776,0.009321981671248203,Up,C1
XM_006713582,1.3837681449750088,4.822756857112195,4.660517110832088,2.9154467479668275e-4,0.0019964779698915776,0.009321981671248203,Up,C1
XM_006713584,1.3837681449750088,4.822756857112195,4.660517110832088,2.9154467479668275e-4,0.0019964779698915776,0.009321981671248203,Up,C1
ICAM2,1.1771916068144517,6.545781960108666,4.658932823812703,2.924706753951454e-4,0.002001106371389475,0.006118297019428454,Up,C1
MPEG1,2.4357070107737613,4.854988961794313,4.656719447875152,2.9376942775540693e-4,0.0020048489636011594,0.0016421456045625504,Up,C1
LAMC3,1.094154992123248,5.574107212287743,4.649003676819986,2.9834329159039e-4,0.0020302283497344214,-0.013964755772905235,Up,C1
AOC3,1.8059019441346633,5.122789101382987,4.648594514313259,2.985878707842058e-4,0.0020302283497344214,-0.014792516412764911,Up,C1
OLFML2A,1.17300780763214,7.755059976885735,4.647353833074225,2.993307531223618e-4,0.002034703125585649,-0.017302573800450638,Up,C1
N4BP2L1,1.542661487529128,7.442620507496912,4.643903246593153,3.0140684487781137e-4,0.002043029395864792,-0.024284214615639677,Up,C1
XM_006719890,1.542661487529128,7.442620507496912,4.643903246593153,3.0140684487781137e-4,0.002043029395864792,-0.024284214615639677,Up,C1
CCL19,1.6178558451345069,5.510941534003373,4.643670603311595,3.0154734820699003e-4,0.002043404701203889,-0.024754961395310637,Up,C1
ALDH4A1,1.039306738214667,5.71104009140178,4.640094084924367,3.037158373440046e-4,0.0020563575537181377,-0.031992494936170957,Up,C1
SLC16A2,1.120239091533561,6.5760997811053885,4.636131744799314,3.0613693915980194e-4,0.0020704138669240817,-0.040012000489928035,Up,C1
PIP4P2,1.3423599793070249,7.335192845014273,4.628862928289261,3.1062998403959843e-4,0.0020960755909244988,-0.054726889274399504,Up,C1
CALHM6,1.566513862971962,5.813223330672144,4.62035057826121,3.1597776308565814e-4,0.0021220196613267956,-0.07196456862534628,Up,C1
CD163,3.1531649083304343,7.924192815576142,4.619938291708058,3.1623916138203914e-4,0.0021223753456997437,-0.07279960429420385,Up,C1
CLIC5,1.255896792936448,3.7375188124124676,4.6150040753188755,3.1938481862519457e-4,0.0021373055768068383,-0.08279430263534238,Up,C1
H2BC12,1.8533526704122352,8.379300558312906,4.614442720056509,3.197447201506276e-4,0.002138938899959689,-0.08393150072246769,Up,C1
FZD1,1.2218794362868302,7.815798440346987,4.594110152487264,3.3306473088290085e-4,0.002202871223657037,-0.12513812677357183,Up,C1
SLA,1.148125860237739,5.962267711641551,4.592863201087014,3.3389989903220754e-4,0.002207059541574001,-0.12766629101129467,Up,C1
ECHDC3,1.3466272574698266,6.569131924753046,4.582036960010829,3.412417967524249e-4,0.002238009047757108,-0.14962129728102358,Up,C1
CCL18,2.1241145964567614,4.268979028897734,4.569168051557102,3.501845674125837e-4,0.00227657908641301,-0.17573042521836424,Up,C1
ACTN1,2.1041954576523834,7.834280485902452,4.556000161913718,3.595838600639999e-4,0.002315731636505534,-0.20245914029490208,Up,C1
C1QC,2.2356905869848234,6.977262020978483,4.554828174413614,3.604328565418288e-4,0.0023199542565612696,-0.20483871906315887,Up,C1
C1QA,1.602203502745569,6.784573571726657,4.545969035944007,3.6691726602905525e-4,0.0023538754742908276,-0.2228294373475448,Up,C1
F3,2.317767557369942,9.953306301967425,4.5458870417047565,3.6697783621349373e-4,0.0023538754742908276,-0.2229959745665573,Up,C1
CDK14,1.7643440872356058,6.530442790159741,4.541104411623008,3.705286031070492e-4,0.0023690536845432588,-0.23271075896147053,Up,C1
XM_005250435,1.7643440872356058,6.530442790159741,4.541104411623008,3.705286031070492e-4,0.0023690536845432588,-0.23271075896147053,Up,C1
XM_005250439,1.7643440872356058,6.530442790159741,4.541104411623008,3.705286031070492e-4,0.0023690536845432588,-0.23271075896147053,Up,C1
CXCL2,3.0419372181005526,7.318345323361527,4.54055106675947,3.7094168746857996e-4,0.0023698010068194985,-0.23383485728692044,Up,C1
LRRC3B,1.1310694401722503,3.7607463842738444,4.5329880816215935,3.7663513302167115e-4,0.0023988624127416836,-0.24920101564292363,Up,C1
SEPTIN4,1.5676817088019952,5.363534450325152,4.526539674991663,3.815601614112015e-4,0.0024145022394388765,-0.2623059160040828,Up,C1
VSIG4,2.5735195813973766,7.13867801039279,4.525093184212937,3.826739572762607e-4,0.0024202741297878285,-0.2652459893753081,Up,C1
NFATC1,1.0668379893202893,6.109758877100241,4.522188089948043,3.849209426127969e-4,0.0024289139474092066,-0.2711512125544324,Up,C1
MAP7D3,1.0096538211397217,6.218072543624757,4.5216942605868775,3.8530424289843904e-4,0.0024298666416311967,-0.2721550864916047,Up,C1
C14orf132,1.077939062165287,8.363177001614721,4.520124509708141,3.865252487860656e-4,0.0024369264568855128,-0.2753462486452527,Up,C1
SLCO2A1,2.106520271074654,6.0496520665303315,4.511878463544288,3.930046731327796e-4,0.0024699916639258908,-0.2921126194560504,Up,C1
DRAM1,1.8326511052199725,7.9651254755513845,4.508689632637583,3.955400499361318e-4,0.0024813780132166845,-0.2985976482325796,Up,C1
IL6ST,1.2141215701927441,6.310659832248422,4.5061827800620335,3.975449491538983e-4,0.0024886585164503676,-0.30369626489015467,Up,C1
PLXNA1,1.0061202634282767,7.857769873507146,4.5060559683323165,3.976466450150463e-4,0.0024886585164503676,-0.30395419550747693,Up,C1
MAP1A,1.2318342415878956,5.582014060893378,4.50401088392834,3.9929036957831035e-4,0.002493824473228885,-0.30811398249657884,Up,C1
RGN,1.0440088240843464,5.167261335767536,4.502615796136813,4.004156517009876e-4,0.002498206759692057,-0.310951818588209,Up,C1
IFT81,1.0371764104416146,6.840924337942404,4.502495987285749,4.0051244110053474e-4,0.002498206759692057,-0.31119553572528513,Up,C1
ANKRD35,1.5466167338566477,6.192358738105311,4.492844368409088,4.0838883600353716e-4,0.002543370223600648,-0.33083232572174825,Up,C1
IRX5,1.833773213476448,6.7404669728382185,4.490567076895559,4.1027026751254837e-4,0.0025524382998538585,-0.3354665583935006,Up,C1
SULT1E1,2.2185309618313926,4.776889763567179,4.490209556814131,4.10566444632593e-4,0.00255361902152669,-0.33619413575657475,Up,C1
PRKAR2B,2.0855281419120573,6.269798981820219,4.48967079623934,4.1101317848725823e-4,0.00255573531348476,-0.33729056643976385,Up,C1
ABCA1,1.2456413094977696,6.621787708037875,4.481527071024419,4.17826763877684e-4,0.002583451459890881,-0.3538662908713883,Up,C1
XM_005251780,1.2456413094977696,6.621787708037875,4.481527071024419,4.17826763877684e-4,0.002583451459890881,-0.3538662908713883,Up,C1
XM_006716995,1.2456413094977696,6.621787708037875,4.481527071024419,4.17826763877684e-4,0.002583451459890881,-0.3538662908713883,Up,C1
NR_034154,1.3160516290880437,4.9708936943261675,4.479715695319569,4.1935792885472196e-4,0.002591511073216024,-0.3575537824519488,Up,C1
FMO3,2.524034886582587,5.225432737863779,4.472994465020816,4.2508976427222696e-4,0.002622206250851193,-0.3712384257683272,Up,C1
ITIH5,1.2072324232266993,5.007219986862461,4.462982191748693,4.337771867617048e-4,0.002663474043656802,-0.39162942102914666,Up,C1
CLIC2,1.8906000527570859,5.438798489261635,4.454578443799509,4.412090051943869e-4,0.002699438833208176,-0.4087496859666988,Up,C1
INHBA,2.168729946642879,4.511579992650352,4.448964898922734,4.4624574407952847e-4,0.0027240056839768164,-0.4201883120675278,Up,C1
RCSD1,1.3295132015528583,5.244425486284493,4.442551384760881,4.520722709679913e-4,0.002754668354347227,-0.4332595602136644,Up,C1
SCARF1,1.1165879331810915,3.8840934198144006,4.440057913419564,4.54358478136071e-4,0.002766492184734139,-0.4383421776925598,Up,C1
GLRB,1.0547182511881008,3.529983691203602,4.433196673355176,4.6071060098571765e-4,0.0027931234768525373,-0.45233000781944277,Up,C1
MSX1,1.6869330298227334,4.7931315704323785,4.429908037219265,4.6378732759443976e-4,0.0028082299285877256,-0.45903554126337553,Up,C1
TM4SF18,1.7105165673573093,4.67766184651372,4.425818292414524,4.676428636655835e-4,0.0028265435759187696,-0.4673755038109979,Up,C1
RASSF2,1.0654868773546022,5.772627162602369,4.424451137068729,4.6893901942704887e-4,0.0028315424175162297,-0.4701636970056926,Up,C1
KRT7,1.8553742958511013,7.487068579589103,4.424206775581326,4.69171077179487e-4,0.0028315424175162297,-0.4706620633276817,Up,C1
XR_245927,1.8553742958511013,7.487068579589103,4.424206775581326,4.69171077179487e-4,0.0028315424175162297,-0.4706620633276817,Up,C1
SYBU,1.7805808854920686,6.642848363122226,4.4237866074609276,4.6957036405878203e-4,0.002832527740170617,-0.4715189897351646,Up,C1
XM_005251000,1.7805808854920686,6.642848363122226,4.4237866074609276,4.6957036405878203e-4,0.002832527740170617,-0.4715189897351646,Up,C1
ACSL4,1.5136665220345296,4.404995468574679,4.42023284930707,4.729614324960032e-4,0.002843692460613494,-0.4787672731528252,Up,C1
PCDH17,1.1582857328143765,4.1592966723373,4.412865447380388,4.8007151221997406e-4,0.0028799491217955057,-0.4937964466401077,Up,C1
C1orf162,1.8847390126178247,6.592088825973221,4.411351467382,4.815460915425022e-4,0.002884469500674604,-0.4968853209056556,Up,C1
XM_005270475,1.8847390126178247,6.592088825973221,4.411351467382,4.815460915425022e-4,0.002884469500674604,-0.4968853209056556,Up,C1
XM_005270476,1.8847390126178247,6.592088825973221,4.411351467382,4.815460915425022e-4,0.002884469500674604,-0.4968853209056556,Up,C1
TAL1,1.1653005863183847,4.4993823774711394,4.41068337129293,4.8219827180794777e-4,0.002886215192003582,-0.49824843917350226,Up,C1
XM_005271160,1.1653005863183847,4.4993823774711394,4.41068337129293,4.8219827180794777e-4,0.002886215192003582,-0.49824843917350226,Up,C1
TUBA1A,1.4598441889988791,10.68636772539462,4.407638197594085,4.851823535007509e-4,0.0029011825731751427,-0.504461867840261,Up,C1
INHBB,1.1612980892855846,6.106738911796608,4.40157244966398,4.9118276633796e-4,0.0029254016768346693,-0.516840246516237,Up,C1
FXYD6,1.086027241474592,5.698588049373625,4.4004531230935475,4.922982965043239e-4,0.002930068411851743,-0.5191247057797037,Up,C1
POU3F3,1.307768669289258,7.657313322080208,4.398500153058988,4.942508445766143e-4,0.002937115318526342,-0.5231107514867901,Up,C1
LSP1P4,1.141948613517343,8.567496786668721,4.398086290608304,4.946656325646517e-4,0.002937398444536559,-0.5239554819745775,Up,C1
LSP1P5,1.141948613517343,8.567496786668721,4.398086290608304,4.946656325646517e-4,0.002937398444536559,-0.5239554819745775,Up,C1
LCP1,1.1964467568590313,6.203227771990193,4.395065792760553,4.977036743556598e-4,0.002946936681210838,-0.5301209071382829,Up,C1
ANKRD28,1.2154351294646446,4.433031874663559,4.393329927345994,4.994582404812567e-4,0.0029510736931715807,-0.5336643989233769,Up,C1
POPDC1,1.1562579655305036,5.591287783123068,4.388950470259415,5.039130128663475e-4,0.0029672440699704313,-0.5426051740582434,Up,C1
MYH10,1.0861991479798068,9.543397981661071,4.382555845440828,5.104906217892268e-4,0.0029928666106949246,-0.5556620458080621,Up,C1
PENK,3.3033268281526116,5.878228373572677,4.3700236580611245,5.236369246904632e-4,0.0030491038989623187,-0.5812579800700055,Up,C1
HOXD1,1.0634610358946235,4.15506945542964,4.368592081326906,5.251604946966721e-4,0.0030557338651417028,-0.5841824444578005,Up,C1
XM_005246507,1.0634610358946235,4.15506945542964,4.368592081326906,5.251604946966721e-4,0.0030557338651417028,-0.5841824444578005,Up,C1
MS4A6A,1.8919098785439465,4.5759884788099185,4.365904289785274,5.280332428781809e-4,0.003065760497233212,-0.5896734628603584,Up,C1
XM_006718658,1.8919098785439465,4.5759884788099185,4.365904289785274,5.280332428781809e-4,0.003065760497233212,-0.5896734628603584,Up,C1
XM_006718659,1.8919098785439465,4.5759884788099185,4.365904289785274,5.280332428781809e-4,0.003065760497233212,-0.5896734628603584,Up,C1
EBF2,1.0828158371666272,3.639412472090906,4.347001449232759,5.486953350839988e-4,0.003158979475338484,-0.6283027711333968,Up,C1
ROBO4,1.2993051631845312,5.689795743305956,4.335935308465556,5.611725566897889e-4,0.003217336427409539,-0.650926628987591,Up,C1
CCL5,1.4141893284634444,4.492326835102672,4.335872336871663,5.612443805334447e-4,0.003217336427409539,-0.6510553890199109,Up,C1
FOXL2,1.2370072648326675,4.295017884340067,4.335388835690422,5.617961626622128e-4,0.003218961923184157,-0.6520440266693539,Up,C1
CD86,1.142069823234964,4.9434369642566,4.32947258026476,5.685929257709812e-4,0.0032469600607857234,-0.6641423176885768,Up,C1
PALLD,1.975579206071795,7.498146401806818,4.321224476443828,5.782088757231676e-4,0.0032917859191431377,-0.6810122567885326,Up,C1
MMP3,3.6360028437504104,9.749672006145794,4.320464517863327,5.791031708414559e-4,0.003294532900340513,-0.6825667941965126,Up,C1
HEPH,1.7819629203588798,6.564315834562417,4.316151272866333,5.842056609222785e-4,0.00331816242717668,-0.6913903645079031,Up,C1
DACT1,2.084569039494643,4.333093720936577,4.309582305548138,5.920648981767681e-4,0.0033510864891532154,-0.704830356733587,Up,C1
XM_006720166,2.084569039494643,4.333093720936577,4.309582305548138,5.920648981767681e-4,0.0033510864891532154,-0.704830356733587,Up,C1
XM_006720167,2.084569039494643,4.333093720936577,4.309582305548138,5.920648981767681e-4,0.0033510864891532154,-0.704830356733587,Up,C1
CFD,2.1947966473846465,8.046783190113581,4.304015941057461,5.988089770569191e-4,0.0033765525616768145,-0.7162208268064756,Up,C1
PKHD1L1,1.3772554568229776,4.180030853585344,4.303018534010009,6.000256651887239e-4,0.0033798087792095534,-0.7182619957938572,Up,C1
XM_006716464,1.0952863391996015,6.202386395554182,4.3026880813979895,6.004293239958977e-4,0.0033798087792095534,-0.7189382703900469,Up,C1
ZNF704,1.0952863391996015,6.202386395554182,4.3026880813979895,6.004293239958977e-4,0.0033798087792095534,-0.7189382703900469,Up,C1
DAAM2,1.486135308931063,6.223231656143853,4.293371425192482,6.119246267018792e-4,0.0034292353233944676,-0.7380072314285453,Up,C1
XM_006715042,1.486135308931063,6.223231656143853,4.293371425192482,6.119246267018792e-4,0.0034292353233944676,-0.7380072314285453,Up,C1
CEMIP,2.1811705942286377,8.701851734625063,4.28783645453893,6.188599425317314e-4,0.003457606224545302,-0.7493380995706493,Up,C1
ADCY2,1.6230968016018226,6.17870692792978,4.286760719499734,6.202171127221476e-4,0.0034643823922636693,-0.7515404621041313,Up,C1
TLR8,1.0393738787833864,3.9207607516202243,4.282224091882697,6.259740848384018e-4,0.003491663951729333,-0.7608289849515053,Up,C1
MXRA8,1.358432667663883,7.581896205659362,4.276961397113723,6.327207374593648e-4,0.003514594570816865,-0.771605385960858,Up,C1
SMIM10,1.0225035748217883,3.9312991419235175,4.268085128949325,6.442683127131567e-4,0.0035647137025682776,-0.789784390759225,Up,C1
DPP4,1.7520144466192917,4.46667670793361,4.263211567684348,6.506996911987724e-4,0.003593670959077988,-0.7997673029963703,Up,C1
PDE2A,1.2573511271712974,5.491975503401652,4.2612042890303385,6.533675788699488e-4,0.0036059159871318722,-0.8038793085240075,Up,C1
IQCA1,1.0841169670138777,5.372893496002664,4.260434760126129,6.543933185467483e-4,0.003610746765921621,-0.805455776263666,Up,C1
DCT,4.535529392576681,7.057399162498672,4.259026699953747,6.562744358327805e-4,0.003619462088432537,-0.8083404215060286,Up,C1
SNORD114-3,1.0126468510013975,3.3341508651320577,4.258781953409007,6.566019700592849e-4,0.0036204365920888943,-0.8088418351347144,Up,C1
CD99L2,1.1391661409872382,5.37942050714633,4.256822119894644,6.59230749468568e-4,0.0036315943191977435,-0.8128570600551184,Up,C1
FLNA,1.76367087322671,7.941996903848315,4.25032960750376,6.680162003535618e-4,0.0036673661575677466,-0.8261599469442356,Up,C1
EIF5A2,1.2110657333489376,5.922355102327216,4.249964547196184,6.685137158365755e-4,0.0036684193432806322,-0.8269079991589017,Up,C1
STS,1.4760343873648214,6.67672282979759,4.248510551489012,6.704990153234843e-4,0.0036742733711859067,-0.8298874720231835,Up,C1
TEAD1,1.1449628655654998,9.701451889439017,4.247302382224737,6.721532298930632e-4,0.003680817208280471,-0.8323632816819,Up,C1
LYVE1,2.3949995913958935,4.939967088574557,4.2453351159986354,6.748556957965074e-4,0.0036911135713565088,-0.8363947963856599,Up,C1
RGCC,1.8395308328894666,7.331774284299548,4.24247003803631,6.788113146263651e-4,0.003704955598906884,-0.842266515225691,Up,C1
ENPP1,1.7384938193068047,6.4529926028211575,4.242422937255198,6.788765404546486e-4,0.003704955598906884,-0.8423630471900738,Up,C1
ISM1,1.2425280118946915,7.647753565819852,4.238537766334698,6.842788236462354e-4,0.003723432401985251,-0.8503259657657916,Up,C1
SLC2A14,1.9122540842846538,6.373469265070276,4.236669932929018,6.86891591004809e-4,0.0037342631862508327,-0.8541544610667824,Up,C1
XM_005253317,1.9122540842846538,6.373469265070276,4.236669932929018,6.86891591004809e-4,0.0037342631862508327,-0.8541544610667824,Up,C1
ZNF300P1,1.215812861148314,4.198435591236803,4.232687166321367,6.92496762771796e-4,0.0037551964108837772,-0.8623184598430989,Up,C1
SELENOP,1.410915010656833,5.185039605640246,4.232103173250239,6.93322556738481e-4,0.0037581589898005915,-0.8635156071323129,Up,C1
PDK4,2.6812870391620534,7.603648590731392,4.227131456336366,7.003935425172322e-4,0.0037879328092606146,-0.8737079172338715,Up,C1
SPATS2L,1.1119133730351103,4.034082860939876,4.2259814074813935,7.020396238786029e-4,0.0037885301697948553,-0.8760657413185671,Up,C1
XM_005246456,1.1119133730351103,4.034082860939876,4.2259814074813935,7.020396238786029e-4,0.0037885301697948553,-0.8760657413185671,Up,C1
XM_005246457,1.1119133730351103,4.034082860939876,4.2259814074813935,7.020396238786029e-4,0.0037885301697948553,-0.8760657413185671,Up,C1
FKBP10,1.5399114046069995,6.105261336420621,4.2221771275980275,7.075128694458075e-4,0.0038141174245205946,-0.8838656721626528,Up,C1
XM_006722008,1.5399114046069995,6.105261336420621,4.2221771275980275,7.075128694458075e-4,0.0038141174245205946,-0.8838656721626528,Up,C1
AQP1,1.613134357565416,8.806212341019078,4.221411060854566,7.086202609082871e-4,0.003815187354447614,-0.8854364189726169,Up,C1
CDH19,2.5555863287590563,5.058841141648964,4.218687093489861,7.125722210699307e-4,0.003832211169643844,-0.8910218621176433,Up,C1
EMILIN2,1.9765151815190523,8.001197278699888,4.216500644295982,7.157605763099643e-4,0.003844235829281361,-0.8955053681019622,Up,C1
TNN,1.8476824406315107,4.2567337919481645,4.214540793973268,7.186308420906592e-4,0.003854076227828849,-0.8995243890246201,Up,C1
UGGT2,1.015587105711493,4.5207317318097004,4.214300032475054,7.189842526376357e-4,0.00385460353625386,-0.9000181246288257,Up,C1
CCN5,1.3140746988250847,5.65872703098464,4.211915708583422,7.224937376640086e-4,0.0038690974322649566,-0.9049078514674198,Up,C1
TPPP,1.098058116899951,6.057194490911591,4.2065120063696435,7.305121405179578e-4,0.00389898874732311,-0.9159905606267342,Up,C1
XM_005248237,1.098058116899951,6.057194490911591,4.2065120063696435,7.305121405179578e-4,0.00389898874732311,-0.9159905606267342,Up,C1
TCEAL2,2.3615735905324247,6.127550533037656,4.2045327444563,7.334717303460155e-4,0.003913044781454782,-0.9200502319188253,Up,C1
SLC2A3,2.229120221218423,6.4915805222588085,4.184721713836292,7.637761966061734e-4,0.004044155365308047,-0.9606936301542488,Up,C1
MAMDC2,1.7419114312572006,9.168274190447127,4.184602111810453,7.639629676326399e-4,0.004044252128169083,-0.960939048479772,Up,C1
TMEM176A,1.0671353740563827,6.26610875388276,4.1776003300833855,7.74978370254716e-4,0.004091735777134556,-0.9753073961937018,Up,C1
SIPA1L2,1.3887471785750973,7.768413768915692,4.176888952679881,7.761065350514415e-4,0.004095235566446481,-0.9767673206242717,Up,C1
GNA12,1.0025793849497537,8.14937591277031,4.162067590883751,7.999954039678547e-4,0.004193380582231153,-1.007188888039516,Up,C1
TGFBR3,1.0413592227739201,9.90577027975667,4.158668981110014,8.055778586417757e-4,0.004211605263149619,-1.014165868581654,Up,C1
RNF125,1.0405300634637227,6.314909896158809,4.158104842661325,8.065083224066355e-4,0.004215551558014823,-1.0153240255751044,Up,C1
CCN1,2.0488701880859725,9.206162431336777,4.151845290927341,8.169061779746448e-4,0.004252928326837423,-1.0281754546007704,Up,C1
CXCR4,1.5722180312712926,7.035601053404785,4.14708553669393,8.249038549472009e-4,0.00428093888139302,-1.0379486128043869,Up,C1
CFB,1.4069369057383412,8.735234800520502,4.146928437410077,8.251691774019707e-4,0.0042813900985737355,-1.0382711970997383,Up,C1
CYBB,1.7685596850015948,6.123947372151969,4.14425108432866,8.297042801214084e-4,0.004292856678481147,-1.0437689511665962,Up,C1
FAM20A,1.4098079621145576,4.648605569196148,4.140906228685705,8.35405675702007e-4,0.0043149143594145845,-1.050637729581294,Up,C1
XM_006721958,1.4098079621145576,4.648605569196148,4.140906228685705,8.35405675702007e-4,0.0043149143594145845,-1.050637729581294,Up,C1
HSD17B14,1.1360506470094895,6.531739573723694,4.137692013218189,8.409219200906196e-4,0.004336873211434261,-1.0572386020155191,Up,C1
MNDA,1.728689622977714,4.55468736955148,4.1320625921010246,8.506725254597125e-4,0.004376814995945127,-1.0688003186277673,Up,C1
NAV3,1.5002784934649043,6.709170105462649,4.131625015731961,8.514352396994489e-4,0.004377923869594296,-1.069699059152411,Up,C1
XM_006719677,1.5002784934649043,6.709170105462649,4.131625015731961,8.514352396994489e-4,0.004377923869594296,-1.069699059152411,Up,C1
SERPINE2,2.418458002113134,9.82738178928529,4.119303693862999,8.731995739112286e-4,0.004463813840967218,-1.0950085164694627,Up,C1
RAMP3,1.0118528873324397,6.40672209705548,4.114492331242909,8.818510897056916e-4,0.004493883196415289,-1.1048929754847983,Up,C1
TTC39A,1.0099062225926918,5.015009972471029,4.112098005789091,8.861888352199468e-4,0.004510242668140195,-1.109812151422064,Up,C1
SNCAIP,1.4157209340871795,5.380779073758014,4.1068318084262865,8.95805925986325e-4,0.004541853366185841,-1.120632264684013,Up,C1
SLC16A7,1.3229531202101654,7.361264429097887,4.106043895781513,8.972538980840248e-4,0.004546313713703349,-1.122251211900048,Up,C1
XM_006725699,1.830109665371345,8.56270120830166,4.093325797118834,9.209580714712505e-4,0.004641922644152237,-1.1483860762860703,Up,C1
XM_006725907,1.830109665371345,8.56270120830166,4.093325797118834,9.209580714712505e-4,0.004641922644152237,-1.1483860762860703,Up,C1
XM_006725908,1.830109665371345,8.56270120830166,4.093325797118834,9.209580714712505e-4,0.004641922644152237,-1.1483860762860703,Up,C1
LCN2,3.106182056697085,9.541878250172289,4.086663334395511,9.336285606947898e-4,0.004694940857698794,-1.162078917205716,Up,C1
CHSY3,1.1628125748971163,4.803039950518885,4.085041588737326,9.367394532538524e-4,0.004704670507846614,-1.1654121583771602,Up,C1
PDPN,1.4254917501117355,8.073764456206444,4.0832019917275275,9.402809809832192e-4,0.0047194947941361825,-1.169193248947713,Up,C1
ITGA9,1.550722300652347,5.294567953036962,4.082494791333902,9.416460738438558e-4,0.004723383294545502,-1.170646847496089,Up,C1
VWF,1.1717055936423018,7.6619280134417105,4.063530723954743,9.790121775923864e-4,0.004855010389787698,-1.2096312069928983,Up,C1
GPR34,2.1417697862039473,5.217762159275747,4.0618044100242825,9.824875245168535e-4,0.004866217148504276,-1.213180457751382,Up,C1
RPS27,1.0689437714734638,4.417874750108369,4.061258478442233,9.835891764521593e-4,0.00487066379476062,-1.2143028929859696,Up,C1
VNN2,1.1298284970003554,5.401947658113723,4.051847387349038,0.0010027784257898359,0.00494020685053523,-1.2336532757627943,Up,C1
CDH6,1.8504586787464632,5.240724510568135,4.0481834006019355,0.0010103516678746237,0.004972413519033569,-1.2411874823482636,Up,C1
STIMATE,1.04324371760391,6.219641841401941,4.0446331221490315,0.001017745244142803,0.005003670903301016,-1.2484881791968094,Up,C1
STIMATE-MUSTN1,1.04324371760391,6.219641841401941,4.0446331221490315,0.001017745244142803,0.005003670903301016,-1.2484881791968094,Up,C1
RFLNB,1.6371325401016437,7.8032669342269125,4.043028008000174,0.001021105946165969,0.005017110526074839,-1.2517889903632957,Up,C1
S100A2,1.9991802145279323,12.191041071448325,4.034373138996473,0.0010394220422895429,0.005084207837585818,-1.2695881800148738,Up,C1
IRX1,1.004542624592614,7.3167096313554305,4.0339931952318375,0.0010402337024528238,0.0050861049758143565,-1.2703695930053795,Up,C1
SOX9,1.6874573150160694,7.23369827226484,4.0305189470790195,0.0010476854959020417,0.005111086844032684,-1.277515068487844,Up,C1
LPIN1,1.0496736804041458,9.098312065802295,4.023246664358412,0.001063459326170605,0.00517448651074241,-1.292472795516634,Up,C1
XM_006711874,1.0496736804041458,9.098312065802295,4.023246664358412,0.001063459326170605,0.00517448651074241,-1.292472795516634,Up,C1
EFEMP1,1.0724805149637717,9.212601399122024,4.0125249071209685,0.0010871556334361792,0.005271350617043765,-1.3145274484214822,Up,C1
DOK6,1.453826722980362,3.256389698689991,4.011004124025851,0.00109055982403572,0.005284800504039036,-1.317655884533961,Up,C1
FAM149A,1.0883079981674757,4.558010994258684,4.005292809820827,0.0011034410814784324,0.005332150762561976,-1.329405149730209,Up,C1
XM_005262908,1.0883079981674757,4.558010994258684,4.005292809820827,0.0011034410814784324,0.005332150762561976,-1.329405149730209,Up,C1
XM_005262909,1.0883079981674757,4.558010994258684,4.005292809820827,0.0011034410814784324,0.005332150762561976,-1.329405149730209,Up,C1
XM_005262911,1.0883079981674757,4.558010994258684,4.005292809820827,0.0011034410814784324,0.005332150762561976,-1.329405149730209,Up,C1
XM_005262912,1.0883079981674757,4.558010994258684,4.005292809820827,0.0011034410814784324,0.005332150762561976,-1.329405149730209,Up,C1
PITPNC1,1.222977817438693,6.48314554249484,4.000674460020859,0.001113969992032475,0.005372213732924144,-1.3389064236820003,Up,C1
XM_005257216,1.222977817438693,6.48314554249484,4.000674460020859,0.001113969992032475,0.005372213732924144,-1.3389064236820003,Up,C1
GPR183,2.1224513929641935,5.60523109996634,3.9977558240400435,0.0011206763530029866,0.005400215584175404,-1.3449110966602964,Up,C1
COPZ2,1.0688241200399595,8.455895507535221,3.9952426410430624,0.001126483857114889,0.005420582505708013,-1.3500817292881475,Up,C1
GALNT5,1.427145963272216,5.869733835694088,3.9943156210592132,0.0011286337223136377,0.005428750822238864,-1.3519890116416846,Up,C1
MGST1,1.467004675767746,8.61089411907176,3.9835838636935277,0.0011538266846045418,0.005529981646141816,-1.3740699451086034,Up,C1
XM_006719079,1.467004675767746,8.61089411907176,3.9835838636935277,0.0011538266846045418,0.005529981646141816,-1.3740699451086034,Up,C1
XM_006719080,1.467004675767746,8.61089411907176,3.9835838636935277,0.0011538266846045418,0.005529981646141816,-1.3740699451086034,Up,C1
APCDD1,1.4315114109073992,8.300478917195761,3.976948227658691,0.0011696882781169979,0.005588148497484909,-1.387723901864014,Up,C1
CD68,1.042095802901045,6.008567903899699,3.972215740347958,0.0011811354454630894,0.005629390977363994,-1.3974622100604606,Up,C1
OLFM1,1.0508383843116613,7.709483122342095,3.968801658827681,0.0011894639955006107,0.005654488972074798,-1.4044877605240664,Up,C1
WDPCP,1.2600451263582801,5.888678748013025,3.962905838333246,0.0012039869859820993,0.00570667275337465,-1.4166206519302138,Up,C1
SAA1,3.212313417005344,10.598097005921732,3.9616492863162054,0.0012071053548481946,0.005714584364312893,-1.419206545348004,Up,C1
ARHGEF26,1.0353527071236845,7.3430546207806975,3.9571515771506034,0.0012183344507481525,0.005755257525458996,-1.4284626728359031,Up,C1
LRRC70,1.0794270162680135,4.637828031518274,3.9533473807264876,0.0012279146422220844,0.0057823047366322294,-1.4362917719495778,Up,C1
SOBP,1.6606938273702365,6.376197337367871,3.9497819099528657,0.0012369628860450245,0.00581350757604321,-1.4436297263605935,Up,C1
XM_005267042,1.6606938273702365,6.376197337367871,3.9497819099528657,0.0012369628860450245,0.00581350757604321,-1.4436297263605935,Up,C1
ADA2,1.1730002169088705,6.770034334205005,3.948834168982133,0.0012393793443983413,0.005820305815740362,-1.4455802592901135,Up,C1
ST8SIA1,1.0064804301196726,4.025975891718382,3.9476462772067418,0.0012424148665081027,0.00582658101327227,-1.4480250576956157,Up,C1
XM_005253470,1.0064804301196726,4.025975891718382,3.9476462772067418,0.0012424148665081027,0.00582658101327227,-1.4480250576956157,Up,C1
NOTCH2NLA,1.0076330696454985,9.021033801350303,3.9412426765633857,0.0012589086639112966,0.005878340219657079,-1.4612045648327934,Up,C1
BCL11B,1.3130027649887932,7.357248546499342,3.9376438713125066,0.0012682752389974866,0.005904022941508471,-1.4686115978937675,Up,C1
ZNF423,1.112886598022186,7.202718328460027,3.9328407880210414,0.0012808861685593613,0.0059556754041481036,-1.4784974638650903,Up,C1
RHOBTB3,1.7289715554420955,7.672483752700226,3.927738233611095,0.0012944224500925062,0.00600594000524267,-1.488999943007152,Up,C1
FRZB,2.646579747810814,4.562461577939601,3.919738557794026,0.001315936334691729,0.0060753757280841755,-1.505465943998467,Up,C1
NECTIN3,1.4222978246175915,5.5789025945111055,3.9196333313605143,0.0013162217226080207,0.0060753757280841755,-1.5056825384100678,Up,C1
XM_005247321,1.4222978246175915,5.5789025945111055,3.9196333313605143,0.0013162217226080207,0.0060753757280841755,-1.5056825384100678,Up,C1
XM_005247322,1.4222978246175915,5.5789025945111055,3.9196333313605143,0.0013162217226080207,0.0060753757280841755,-1.5056825384100678,Up,C1
XR_427363,1.4222978246175915,5.5789025945111055,3.9196333313605143,0.0013162217226080207,0.0060753757280841755,-1.5056825384100678,Up,C1
ALDH1L1,1.0796615246709633,7.1332123209342795,3.91321421665059,0.0013337501463350262,0.006145646191655462,-1.5188955687463945,Up,C1
PIGR,3.275944260640669,7.099756601661072,3.9086045589008687,0.0013464830625707332,0.006193615651173387,-1.528384202242738,Up,C1
XM_005273163,3.275944260640669,7.099756601661072,3.9086045589008687,0.0013464830625707332,0.006193615651173387,-1.528384202242738,Up,C1
MFGE8,1.1689760219476613,7.197929262288426,3.9069016626994437,0.0013512178862091903,0.006196395052501525,-1.5318895183317256,Up,C1
XM_005254920,1.1689760219476613,7.197929262288426,3.9069016626994437,0.0013512178862091903,0.006196395052501525,-1.5318895183317256,Up,C1
DIO2,1.1447196531244668,6.71534818242291,3.903970495183797,0.0013594073353006674,0.006225623900379053,-1.53792319999567,Up,C1
NM_001242502,1.1447196531244668,6.71534818242291,3.903970495183797,0.0013594073353006674,0.006225623900379053,-1.53792319999567,Up,C1
TYROBP,1.690005205175984,6.946130004491204,3.9035221417241,0.0013606644181932222,0.00622900388431694,-1.5388461202952692,Up,C1
NPR3,1.304022854572417,6.818763440750105,3.889485854103478,0.0014006191935690008,0.006377658289279942,-1.5677398055434892,Up,C1
XM_005248310,1.304022854572417,6.818763440750105,3.889485854103478,0.0014006191935690008,0.006377658289279942,-1.5677398055434892,Up,C1
LRRN3,1.8165488478866587,5.344805193686904,3.8861081121900733,0.001410409854544306,0.006413046838424174,-1.5746929948727812,Up,C1
RRAGD,1.9845428738010167,6.555011162987335,3.885941483385053,0.0014108946285612033,0.0064136918323344705,-1.575036006447811,Up,C1
RBP4,1.9488453630325395,5.792133498920803,3.863309400488942,0.0014783280585976334,0.0066709588385900345,-1.6216254361271787,Up,C1
TIMP4,1.2688184535889464,4.674560959603098,3.8524756197255066,0.0015117513753589466,0.006784789923591144,-1.6439274189910522,Up,C1
FILIP1,1.4699729138730602,3.9182528788900126,3.851620022841555,0.0015144232805370654,0.00678916465809687,-1.645688708840888,Up,C1
CCL2,2.3961849328721145,6.92710036427389,3.8430395501155408,0.0015414840518715887,0.00688219870033889,-1.663351951854942,Up,C1
IGF1,1.352130796739499,3.8915401141233237,3.841109039288627,0.0015476394135041818,0.0068981320711100046,-1.6673259548080859,Up,C1
XM_005268835,1.352130796739499,3.8915401141233237,3.841109039288627,0.0015476394135041818,0.0068981320711100046,-1.6673259548080859,Up,C1
SAA2,2.8973632510582767,10.3444835999845,3.835918714024375,0.0015643119220196365,0.00695754951617542,-1.67801029551857,Up,C1
HIVEP3,1.0002974084314582,5.0598363033073,3.8298329200517336,0.0015840920175303435,0.007031368624719461,-1.6905378190306788,Up,C1
CD53,1.3196163931882916,6.750077948014573,3.8271689834141753,0.0015928296347243532,0.007061525100231608,-1.6960214375849842,Up,C1
STXBP6,1.6250136074270038,6.288948198514905,3.8177022195687957,0.001624275793691618,0.007173112713925706,-1.7155080943710574,Up,C1
ANXA6,2.014071048970451,6.913015390193445,3.8120288648960376,0.001643420722904745,0.007240342178994069,-1.7271859987876903,Up,C1
KBTBD11,1.0645024839974742,5.482677113944971,3.798313705574811,0.0016906489274244266,0.007406270406286017,-1.7554158836143472,Up,C1
SOX7,2.0885360810068683,5.930610935048344,3.766736842963664,0.001804654946572536,0.007779333338296337,-1.8204028235540228,Up,C1
CXCL8,2.114683421750268,6.9895687149566506,3.7655154100286814,0.0018092173053630767,0.007792003187390018,-1.8229163395769534,Up,C1
ALOX5,2.199866937238175,7.866525524612305,3.745273270914824,0.0018865418732823282,0.00804133866853533,-1.8645680517327774,Up,C1
HAVCR2,1.0042770515712487,5.553678341166429,3.732472739553797,0.001937149386526802,0.008216197132959234,-1.8909036722447174,Up,C1
BEX1,1.3628092593267036,5.314916979935528,3.7321604527649033,0.001938400964490597,0.008220052994647228,-1.8915461271104297,Up,C1
ARMCX4,1.1939566898177407,5.234076788119801,3.7256477717007987,0.0019646887317232146,0.00831368799236774,-1.904943951149245,Up,C1
TOX,1.2772478512751237,3.388902076589462,3.7214065274193002,0.001982000761338666,0.008375348991839905,-1.9136685237670186,Up,C1
HOXD10,1.4147103811277493,5.166476878551017,3.7113896570018374,0.00202349997513957,0.008510095468594802,-1.9342724517427445,Up,C1
EFNB2,1.1230243241439357,8.394161248824293,3.7002128448198284,0.002070837881443047,0.008663805269373543,-1.957259542270405,Up,C1
ALCAM,1.7866455354981667,7.1801190972004285,3.69949477862739,0.0020739169740034715,0.008670641910822388,-1.958736268328467,Up,C1
LINC00312,1.3848172446095912,5.253257785499562,3.696358803694989,0.0020874182127185313,0.008711913048455954,-1.965185348895596,Up,C1
SAA2-SAA4,2.5615766218707456,9.946013896834923,3.695589220372374,0.0020907449709442983,0.008719396986038078,-1.966767946087133,Up,C1
LUM,2.0149655202494294,5.6715672165006215,3.6904418149409826,0.002113133744681232,0.0087901969046514615,-1.9773528505913731,Up,C1
KCNJ2,1.914116512808528,7.381866570812628,3.6827460644404675,0.0021470571774966168,0.008882052115524612,-1.9931767475874835,Up,C1
LIMS3,1.4207608906313318,4.8251632785015355,3.6763311982430604,0.0021757525235385653,0.008968300200922659,-2.0063656563073193,Up,C1
LIMS4,1.4207608906313318,4.8251632785015355,3.6763311982430604,0.0021757525235385653,0.008968300200922659,-2.0063656563073193,Up,C1
XM_006712167,1.4207608906313318,4.8251632785015355,3.6763311982430604,0.0021757525235385653,0.008968300200922659,-2.0063656563073193,Up,C1
FGF18,1.0411498119949325,5.77676283185867,3.674848030531914,0.002182441810380128,0.008989697671656742,-2.0094148692496896,Up,C1
AFAP1,1.0785683184429589,4.3619394420034565,3.673799419077467,0.0021871836624413332,0.009006138662878175,-2.011570648765253,Up,C1
XM_006713910,1.0785683184429589,4.3619394420034565,3.673799419077467,0.0021871836624413332,0.009006138662878175,-2.011570648765253,Up,C1
DTNA,1.2875831923347114,4.303852980390096,3.664609781297993,0.0022291850805641173,0.009118081169683016,-2.0304616994239097,Up,C1
XM_006722396,1.2875831923347114,4.303852980390096,3.664609781297993,0.0022291850805641173,0.009118081169683016,-2.0304616994239097,Up,C1
XM_006722397,1.2875831923347114,4.303852980390096,3.664609781297993,0.0022291850805641173,0.009118081169683016,-2.0304616994239097,Up,C1
XM_006722398,1.2875831923347114,4.303852980390096,3.664609781297993,0.0022291850805641173,0.009118081169683016,-2.0304616994239097,Up,C1
DDAH1,1.2761308897452803,8.303806456423477,3.662622268930668,0.0022383751449741953,0.009150993055641396,-2.0345470733215105,Up,C1
XM_005270709,1.2761308897452803,8.303806456423477,3.662622268930668,0.0022383751449741953,0.009150993055641396,-2.0345470733215105,Up,C1
HLA-DPB1,1.7927944474985562,8.505997639828434,3.6622329644924503,0.002240179705548595,0.0091554877506927,-2.0353472825656844,Up,C1
SCUBE2,1.35237820018315,6.4053047011720885,3.6622205097157705,0.002240237461870604,0.0091554877506927,-2.035372883088625,Up,C1
STMN1,1.3279026010966826,6.937853360081025,3.661134895031481,0.002245277518436033,0.009174523492935252,-2.0376043219432898,Up,C1
TGFBR1,1.2597314575681615,5.113236383219878,3.659201159670289,0.0022542832880132328,0.0092037880158539,-2.0415789486037257,Up,C1
EXOSC7,1.8205062089351447,6.881424431230336,3.6561135763773382,0.0022687380536525648,0.009220157596303567,-2.047924965297333,Up,C1
CXCL6,1.5579534302413163,4.155273422137297,3.6502791882243906,0.002296306950479639,0.009314754139952997,-2.059915746499634,Up,C1
HEY1,1.2384807290738173,6.998630542197289,3.6450901284614545,0.002321109178298142,0.009383160189239891,-2.070579311082647,Up,C1
SERPINH1,1.066213271572134,8.073831559231401,3.6366364045980335,0.0023620931707613864,0.009504603568250595,-2.087949825193684,Up,C1
SLC6A14,2.942135591273502,6.335495509796704,3.6232259846948764,0.002428603410175668,0.009699058078375438,-2.115500027336907,Up,C1
TSLP,1.0296834414954592,4.653695187770276,3.6168513326574616,0.0024608751785467173,0.009800220015841764,-2.128593691446409,Up,C1
KRT13,3.3222926029087763,9.991042251076788,3.6106389430361596,0.002492739566102202,0.00991395775734632,-2.141352555542003,Up,C1
MEIS2,1.1013133320438584,8.80610861158018,3.6083358477729424,0.0025046574450765693,0.00995306642627962,-2.1460822131520256,Up,C1
KDELR3,2.1234058941692133,7.33602234639662,3.599727186005819,0.0025497133382069554,0.010088727257442028,-2.1637591412819885,Up,C1
MGP,2.7411468657946028,10.632467762984925,3.599531865727268,0.002550744981673512,0.010089927716428125,-2.164160174415632,Up,C1
IL13RA1,1.0039002181739347,6.487096640058962,3.599402338508743,0.0025514293499780292,0.010090526817955619,-2.164426119845876,Up,C1
NABP1,1.2537251270494112,6.687459590037949,3.5973252839920042,0.0025624288398522284,0.010125686041180965,-2.168690634929538,Up,C1
PLAC9,1.0000355631480309,8.227560953845803,3.594088359915227,0.0025796655690851484,0.01017704355509233,-2.1753361807327742,Up,C1
GRP,1.9648826740372884,7.188142956878918,3.591318746634968,0.00259450614409975,0.010223828020141552,-2.1810219637937536,Up,C1
FOLR2,1.0117029000713265,6.37986781207539,3.5822212433793377,0.0026438589817978403,0.010387608983649004,-2.1996960324973696,Up,C1
S1PR1,1.0995866651137742,6.724219184944623,3.567191546163264,0.0027274637508709,0.010648110759336913,-2.230538728482215,Up,C1
PROX1,1.1149589545240675,4.7151865429461495,3.5613813807698858,0.0027604892460265412,0.010742098392206394,-2.2424590432041454,Up,C1
PLOD3,1.0047866672476333,8.641156363043848,3.5499566993375318,0.002826601216321639,0.010967358938595536,-2.265893494096887,Up,C1
BMAL2,1.3918408980293906,5.202713428350304,3.537909851115049,0.0028980321326260157,0.011170478119044425,-2.2905970353568756,Up,C1
XM_006719113,1.3918408980293906,5.202713428350304,3.537909851115049,0.0028980321326260157,0.011170478119044425,-2.2905970353568756,Up,C1
EPDR1,2.1507121234862066,5.909674279118251,3.537251514548548,0.00290198737256834,0.011180590716234742,-2.291946819121427,Up,C1
ALDH1A3,1.4097541967206473,9.278756673018384,3.5372405705504835,0.0029020531689918526,0.011180590716234742,-2.2919692573471,Up,C1
NFATC4,1.0861433288290243,6.163899846929569,3.5352330474649665,0.002914147901693131,0.011221783721552789,-2.2960851288256974,Up,C1
PRKCA,1.3007594246520782,6.513288631843593,3.534771628557916,0.0029169349392403183,0.011228912977008199,-2.2970311107690806,Up,C1
XM_006721972,1.3007594246520782,6.513288631843593,3.534771628557916,0.0029169349392403183,0.011228912977008199,-2.2970311107690806,Up,C1
TSPAN8,1.4757594034623587,3.982181016237611,3.533744297390439,0.0029231497580175414,0.011247425535738542,-2.29913726209832,Up,C1
OCA2,1.4706615620053238,5.797380351318095,3.533038146656358,0.002927429288155806,0.01126053690826556,-2.300584922762181,Up,C1
CD14,1.1291802577807406,7.8804683607821415,3.528713236606917,0.0029537769990380077,0.011336193720964224,-2.3094507231237493,Up,C1
KCNE3,1.8721244578396439,5.869392103224589,3.527453202958169,0.002961497786987679,0.011364007974944568,-2.312033525390282,Up,C1
TPST1,1.2021339961435125,7.343794881437901,3.522980126564898,0.0029890698144594977,0.011458817071818698,-2.3212016870877212,Up,C1
RNF150,1.1004479811329286,5.403998598368352,3.5214957927859536,0.0029982758967063783,0.011488604417743693,-2.3242437828578115,Up,C1
BAALC,1.659399510614345,5.302496629988485,3.5164750865175813,0.003029625958906679,0.01159207432897786,-2.33453265675458,Up,C1
ARL4A,1.4094032470850646,9.30338898265096,3.507079932445409,0.0030891745208750216,0.011777281557737135,-2.3537822084327615,Up,C1
RARRES1,1.5529296409952273,9.022553781279434,3.5042491461740637,0.0031073451678228746,0.011819763085610974,-2.359581156476378,Up,C1
C15orf48,2.1583871831236845,6.671034159731352,3.503526847509332,0.003111998653259791,0.01182244249375459,-2.3610607314485446,Up,C1
XM_006718899,1.1093357266983155,7.51963686465848,3.503048710249443,0.0031150829365638373,0.01183041465876665,-2.362040143170609,Up,C1
ZBTB16,1.1093357266983155,7.51963686465848,3.503048710249443,0.0031150829365638373,0.01183041465876665,-2.362040143170609,Up,C1
LAPTM5,1.7392007590491563,8.039720292745624,3.5020975516242827,0.003121227595633368,0.011850000751406532,-2.363988447354255,Up,C1
TMEM255A,1.3262002584899877,4.4816252915582355,3.4977527255029255,0.0031494504821316313,0.011916524396309849,-2.372887485102562,Up,C1
F13A1,1.9242575112382676,8.013136812800784,3.497315172998045,0.0031523068183571482,0.011922733730571742,-2.3737836144374667,Up,C1
PAPPA,2.639357189472192,6.348468413133935,3.4874143295757776,0.0032176363312831054,0.012106616856133057,-2.394057947938295,Up,C1
SLC6A8,1.0956392260811452,8.774133232549083,3.4873795892920376,0.0032178679276587295,0.012106616856133057,-2.394129076417464,Up,C1
FCGBP,1.1558442895419665,6.087903473983014,3.484888661006918,0.0032345172258689842,0.012155140512808417,-2.3992288964552406,Up,C1
SLC38A5,1.0479517035692538,5.722974597769631,3.478120667843153,0.003280190393382802,0.012271061381230365,-2.4130834441466487,Up,C1
XM_006724570,1.0479517035692538,5.722974597769631,3.478120667843153,0.003280190393382802,0.012271061381230365,-2.4130834441466487,Up,C1
ITGA5,1.541915615703334,7.352948113858828,3.4737713143543134,0.0033098812134514546,0.012364788931558257,-2.4219853433414986,Up,C1
RNF128,1.2593675864138518,6.0961012879213765,3.4719680911551336,0.0033222695087753956,0.012405275785567368,-2.4256756776119026,Up,C1
NOX4,1.0652767419144253,3.8977170760376456,3.4645519099599396,0.0033737082340698286,0.012546598238943914,-2.440850833517059,Up,C1
XM_006718848,1.0652767419144253,3.8977170760376456,3.4645519099599396,0.0033737082340698286,0.012546598238943914,-2.440850833517059,Up,C1
XM_006718849,1.0652767419144253,3.8977170760376456,3.4645519099599396,0.0033737082340698286,0.012546598238943914,-2.440850833517059,Up,C1
XM_006718852,1.0652767419144253,3.8977170760376456,3.4645519099599396,0.0033737082340698286,0.012546598238943914,-2.440850833517059,Up,C1
XM_006718853,1.0652767419144253,3.8977170760376456,3.4645519099599396,0.0033737082340698286,0.012546598238943914,-2.440850833517059,Up,C1
XR_428979,1.0652767419144253,3.8977170760376456,3.4645519099599396,0.0033737082340698286,0.012546598238943914,-2.440850833517059,Up,C1
ACKR3,1.1825154175917056,9.104851851937294,3.463202589125414,0.0033831523272992124,0.0125739272468002,-2.443611456899016,Up,C1
ADORA3,1.6188561401824435,4.971547401565459,3.4571612788257755,0.0034257611672417116,0.012691406279155637,-2.4559701059794454,Up,C1
TMIGD3,1.6188561401824435,4.971547401565459,3.4571612788257755,0.0034257611672417116,0.012691406279155637,-2.4559701059794454,Up,C1
XM_005270486,1.6188561401824435,4.971547401565459,3.4571612788257755,0.0034257611672417116,0.012691406279155637,-2.4559701059794454,Up,C1
XM_005270489,1.6188561401824435,4.971547401565459,3.4571612788257755,0.0034257611672417116,0.012691406279155637,-2.4559701059794454,Up,C1
IQGAP2,1.1424125545359232,4.995992096198659,3.45344568794704,0.00345223264591721,0.012768163674866072,-2.463569837679584,Up,C1
ALOX5AP,1.3991161786690673,7.519396581593526,3.4526306478408126,0.003458066606696303,0.012781107898664101,-2.465236765373154,Up,C1
MKX,1.8164842950508828,3.2638277765361643,3.4464824848697977,0.003502392790909988,0.012895295561807261,-2.477809581382819,Up,C1
XM_006717438,1.8164842950508828,3.2638277765361643,3.4464824848697977,0.003502392790909988,0.012895295561807261,-2.477809581382819,Up,C1
XM_006717439,1.8164842950508828,3.2638277765361643,3.4464824848697977,0.003502392790909988,0.012895295561807261,-2.477809581382819,Up,C1
RNASE6,1.8933661192848197,6.242900722167414,3.4386344725263154,0.0035597993935862714,0.013064572636828394,-2.493854730567964,Up,C1
COCH,2.084823997424045,4.3464526044907235,3.4252071849506462,0.0036602033009864076,0.013347341177495557,-2.5212964703924348,Up,C1
P4HA1,1.1038192299164837,8.950563849979336,3.415248378882666,0.0037364915626500765,0.013565764708323571,-2.541641058485202,Up,C1
BCHE,1.4796183762697392,4.951435080765262,3.413630690034113,0.0037490325343552565,0.013607179629456354,-2.5449450935466764,Up,C1
KRT23,1.170053865721127,7.007592667618746,3.4050140465347303,0.003816542787909607,0.013793805149135127,-2.562540732063524,Up,C1
NELL1,1.2206949526598132,5.517241328487466,3.3963495601906866,0.0038856499019509698,0.013986708000393998,-2.5802282829277123,Up,C1
MRO,1.0295729602656918,5.943007304752627,3.394170644946835,0.003903224093859543,0.014028928526627247,-2.5846753595069867,Up,C1
XM_005258365,1.0295729602656918,5.943007304752627,3.394170644946835,0.003903224093859543,0.014028928526627247,-2.5846753595069867,Up,C1
CH25H,1.3774162609120708,7.120013326584082,3.3934835664297154,0.0039087821833394595,0.014038394428327654,-2.5860775804778635,Up,C1
MT1M,1.2822959841727384,8.309403965254331,3.3842598768750136,0.003984164827789471,0.014253677775615274,-2.604898042927264,Up,C1
RBM24,1.4567937033289167,4.034948206905455,3.382618281916823,0.003997732154642717,0.014293693903729258,-2.6082469115567886,Up,C1
PDE4B,1.348850897160422,5.582718706827149,3.369802946024565,0.004105241347006852,0.014597630046053106,-2.6343826771014127,Up,C1
ANGPTL2,1.0917439896671501,7.853185930245155,3.366299182301517,0.004135132710880744,0.014693035577580994,-2.641525908347357,Up,C1
COL11A1,1.4963369596980267,3.520566400408346,3.358919082675046,0.004198804642480563,0.014873038522552904,-2.656568522972747,Up,C1
FCGR2A,1.3788035673835317,5.593687590284268,3.3583817163408836,0.004203478714069297,0.01488520154840532,-2.6576636362183574,Up,C1
RRAD,1.1095892765314836,5.305901193998279,3.3570997414466905,0.0042146503974538705,0.01491649965122446,-2.6602761062056848,Up,C1
PDZK1IP1,1.5815111742090497,6.4857650444105905,3.3458195873271306,0.004314233065131509,0.015165527537974002,-2.6832571477149427,Up,C1
MYOCD,1.360414380254129,4.570530544783507,3.3438894052508936,0.004331506001557332,0.015202563131605232,-2.687188377036862,Up,C1
TCEAL7,1.2785502136151567,5.354511041805531,3.322721152177326,0.0045255109442858795,0.01574444541907857,-2.730279861127687,Up,C1
SYTL4,1.6507321149853036,6.310795167523542,3.3183714658818744,0.00456643279195214,0.015836370448264015,-2.739129224347894,Up,C1
XM_006724718,1.6507321149853036,6.310795167523542,3.3183714658818744,0.00456643279195214,0.015836370448264015,-2.739129224347894,Up,C1
CEACAM7,3.4252155905604535,7.635047078865404,3.3114328691922905,0.004632473629209548,0.016014164183962454,-2.7532419649627924,Up,C1
CDH5,1.0376112312968866,5.929172935112921,3.2932610805098443,0.00480996164969389,0.01648560609966482,-2.7901803061385015,Up,C1
CCR1,1.1305603279477698,4.540359564267967,3.290200715355563,0.0048405103876087855,0.016566651978238423,-2.796397988469712,Up,C1
TACC1,1.0408191305504149,6.123362998893144,3.2830962815794926,0.004912171847831592,0.016735549849773438,-2.810828280012574,Up,C1
PLEKHG2,1.0093979305947398,5.695049354280837,3.2747158435463435,0.004998058896198485,0.01696555078865168,-2.827843716743068,Up,C1
XM_006723330,1.0093979305947398,5.695049354280837,3.2747158435463435,0.004998058896198485,0.01696555078865168,-2.827843716743068,Up,C1
CA12,2.4662906463766,8.64225995440932,3.2597962491776205,0.005154665925098921,0.017403613944890182,-2.8581179545543103,Up,C1
FAM3C,1.1564300318464014,3.8315635354210547,3.243782579874302,0.005328174323687205,0.01785013988800412,-2.8905856969923054,Up,C1
PDE1C,1.3817279619461473,3.2662706527656113,3.2288273365021483,0.00549543639174681,0.018271431538261107,-2.9208818910176015,Up,C1
XM_005249768,1.3817279619461473,3.2662706527656113,3.2288273365021483,0.00549543639174681,0.018271431538261107,-2.9208818910176015,Up,C1
SERPINE1,1.4315369794374426,7.221177252710831,3.2230305673428865,0.005561658160726359,0.01845836824858325,-2.9326181257267825,Up,C1
SHOX,1.0201634439469265,6.405702351994892,3.220474589212872,0.005591107891808907,0.018516432461537863,-2.9377917750864686,Up,C1
XM_005248369,1.007601483241011,7.359352150018946,3.220440938045044,0.005591496645330657,0.018516432461537863,-2.9378598846211386,Up,C1
ZDHHC11,1.007601483241011,7.359352150018946,3.220440938045044,0.005591496645330657,0.018516432461537863,-2.9378598846211386,Up,C1
ZNF280B,1.213561802149389,5.1867608477437175,3.2176683750930724,0.005623618659750763,0.01858861392891564,-2.943471065882359,Up,C1
HAPLN1,1.1027246683951342,3.335575502211312,3.2170986611950987,0.005630241773634082,0.018598765349564776,-2.9446239563507977,Up,C1
PRXL2A,1.9847537053491688,9.680178273882175,3.213009259139207,0.005678009623090585,0.01871490766650016,-2.9528982838864533,Up,C1
LDLRAD4,1.2095282060993844,4.145950030701654,3.211375523858316,0.005697205058471406,0.018762941247726494,-2.956203368855731,Up,C1
XM_006722355,1.2095282060993844,4.145950030701654,3.211375523858316,0.005697205058471406,0.018762941247726494,-2.956203368855731,Up,C1
WIF1,1.9805019341804413,4.777452564390714,3.211280453694307,0.005698324052937162,0.018764051847797746,-2.9563956883757,Up,C1
ST8SIA4,1.060796557370395,3.808571511567113,3.2099819410459047,0.005713629595943974,0.018796400433367222,-2.9590223715115043,Up,C1
CP,3.2826493972987247,6.71708321053731,3.209611077342919,0.005718008424371994,0.018808227792486858,-2.959772532885311,Up,C1
SCG2,1.328697471115678,5.251848495601484,3.205477316360738,0.005767041590553722,0.018928009333579986,-2.9681329604902027,Up,C1
SGCB,1.1658728585155949,5.662563625248562,3.195613859473766,0.0058857254351153765,0.019238334991843742,-2.9880733101125676,Up,C1
H2BC10,1.656336311770704,5.97328764522935,3.186066159679138,0.006002910160218622,0.01954182146555912,-3.0073640838845517,Up,C1
SUSD5,1.5061927707849945,4.514182921861185,3.172919534166696,0.0061680501941909814,0.019973764268884503,-3.0339079130710074,Up,C1
AADACL2,2.078341416157286,4.96646433535403,3.156484868173115,0.006380818851858283,0.020458511098357265,-3.0670597276045175,Up,C1
MUC4,2.33866409034741,6.024124501469011,3.150096792421818,0.006465463530959971,0.020688448962818455,-3.0799362528742007,Up,C1
GLIS3,1.798304808655831,5.316073600384699,3.1432639495976766,0.006557228819444789,0.020895464257807684,-3.0937033578490825,Up,C1
XM_005251389,1.798304808655831,5.316073600384699,3.1432639495976766,0.006557228819444789,0.020895464257807684,-3.0937033578490825,Up,C1
CRABP2,1.0348743372845917,7.38671304180218,3.1424789300670675,0.006567853648266043,0.020918474424851587,-3.095284652257294,Up,C1
TNFRSF11B,1.855362813213831,4.688384753285603,3.1402182813121065,0.006598545360873791,0.021005077685900892,-3.0998379029125758,Up,C1
CEACAM6,2.1853900252694576,7.780346591986225,3.1348434459487224,0.006672086319687523,0.021173410405480535,-3.110660793364719,Up,C1
IGF2,1.623902989655135,6.876262739799602,3.134806317552628,0.006672597129699806,0.021173410405480535,-3.11073554241704,Up,C1
INS-IGF2,1.623902989655135,6.876262739799602,3.134806317552628,0.006672597129699806,0.021173410405480535,-3.11073554241704,Up,C1
ITGBL1,1.8104591791982703,9.310207563821189,3.1303908700662495,0.006733620515587848,0.021344474328465337,-3.119623647657863,Up,C1
HEG1,1.0622381661116282,9.49703206740535,3.126479780454491,0.006788133068167312,0.021480391549393782,-3.127494286727023,Up,C1
ORAI2,1.1475168228381385,5.25414621663083,3.125149488757607,0.006806773630039171,0.02152802486074584,-3.1301708759479037,Up,C1
HAS2,1.7296946680760228,5.221442794653176,3.121392369635966,0.00685969290942839,0.021661968726937,-3.137729004914669,Up,C1
SKAP2,1.040725643350485,6.290990659869962,3.120638347473319,0.006870362144685651,0.021676869443253904,-3.139245623081682,Up,C1
XM_005249901,1.040725643350485,6.290990659869962,3.120638347473319,0.006870362144685651,0.021676869443253904,-3.139245623081682,Up,C1
CHCHD10,1.0169492194117105,7.420347841239715,3.118524572813774,0.006900358867995222,0.021738077641373057,-3.1434967879733433,Up,C1
XM_006719171,1.3534229149255106,7.65846695644868,3.117038764296041,0.006921521333377489,0.021767604172396027,-3.1464846335475714,Up,C1
XM_006719174,1.3534229149255106,7.65846695644868,3.117038764296041,0.006921521333377489,0.021767604172396027,-3.1464846335475714,Up,C1
XM_006726540,1.3534229149255106,7.65846695644868,3.117038764296041,0.006921521333377489,0.021767604172396027,-3.1464846335475714,Up,C1
XM_006726541,1.3534229149255106,7.65846695644868,3.117038764296041,0.006921521333377489,0.021767604172396027,-3.1464846335475714,Up,C1
PLA2G5,1.2412320100488694,5.759658316829274,3.1131394346528367,0.0069773645355966545,0.0218960683840326,-3.154324418949122,Up,C1
XM_005245895,1.2412320100488694,5.759658316829274,3.1131394346528367,0.0069773645355966545,0.0218960683840326,-3.154324418949122,Up,C1
XM_005245896,1.2412320100488694,5.759658316829274,3.1131394346528367,0.0069773645355966545,0.0218960683840326,-3.154324418949122,Up,C1
XM_006710691,1.2412320100488694,5.759658316829274,3.1131394346528367,0.0069773645355966545,0.0218960683840326,-3.154324418949122,Up,C1
CEACAM5,2.3890656314682506,7.643482291390304,3.1116034225323554,0.006999483855647665,0.02194665075156829,-3.157412059218026,Up,C1
CHI3L1,3.1426033487540925,5.8904720432486695,3.1114549828827927,0.007001625117839294,0.021950497136674338,-3.157710430091795,Up,C1
GXYLT2,1.498209063698389,5.6269303162491795,3.1056395738416023,0.007086023234689887,0.022180933850459356,-3.1693972385904496,Up,C1
CRABP1,1.131680482756762,5.026528890332452,3.1052570292668475,0.007091610057281273,0.02218913109045302,-3.1701658431233484,Up,C1
LRG1,1.018218009756609,6.033245049192049,3.1047129164186162,0.007099563961349662,0.022202440938151737,-3.171259033127206,Up,C1
DCN,1.358056706149826,12.360149926602704,3.085408149435129,0.007387522402593,0.0228793951880048,-3.210017181577486,Up,C1
XM_005268693,1.358056706149826,12.360149926602704,3.085408149435129,0.007387522402593,0.0228793951880048,-3.210017181577486,Up,C1
KALRN,1.0596017097024628,6.855556177598426,3.0847374541797676,0.007397730861989613,0.02290510012248126,-3.2113627623491197,Up,C1
IL17D,1.0223343909293785,4.785737563977677,3.0835984784870893,0.007415098712420665,0.022937189803118065,-3.2136476782196914,Up,C1
XM_005266422,1.0223343909293785,4.785737563977677,3.0835984784870893,0.007415098712420665,0.022937189803118065,-3.2136476782196914,Up,C1
RCN3,1.1328831442484129,6.436234541729479,3.058395757825728,0.007809840545100654,0.023870086943016157,-3.2641577362038925,Up,C1
DDIT4L,1.2300951587714097,5.320028271445679,3.0486144685553254,0.007968547515476918,0.02425631927285694,-3.283734909883459,Up,C1
XM_005262721,1.2300951587714097,5.320028271445679,3.0486144685553254,0.007968547515476918,0.02425631927285694,-3.283734909883459,Up,C1
MAOB,1.0845602280467652,6.441583753664738,3.0292808776266766,0.008291627072652004,0.025014513152422615,-3.3223869171774245,Up,C1
XM_005272608,1.0845602280467652,6.441583753664738,3.0292808776266766,0.008291627072652004,0.025014513152422615,-3.3223869171774245,Up,C1
H2AC6,1.6827652784615106,7.100835283267707,3.025283083102147,0.008360021445412522,0.025157627223268725,-3.3303719470902937,Up,C1
BMPER,1.3253045983174956,3.49700329371688,3.017929161863767,0.008487282200450051,0.025480754310139315,-3.34505361849304,Up,C1
GABRP,2.8484168030928614,6.084458819093023,3.0162908093947296,0.008515892135452929,0.02554661205288604,-3.348323294134436,Up,C1
LAMP3,1.2719662346466256,6.342061643876259,3.0148805059102726,0.008540595533809345,0.025607916802310046,-3.3511374985476845,Up,C1
XM_006713586,1.2719662346466256,6.342061643876259,3.0148805059102726,0.008540595533809345,0.025607916802310046,-3.3511374985476845,Up,C1
PDCD1LG2,1.123830271031979,4.797068511707661,3.013710646015351,0.008561140590373127,0.02565976939862069,-3.3534716599254564,Up,C1
HLA-DMA,1.217678905352888,6.8918466988860585,3.01045931261355,0.008618495504570004,0.025799592055461364,-3.3599576966679168,Up,C1
COL8A2,1.5979357639426013,7.760069543605464,3.006222885138539,0.008693793897594943,0.025995819251286134,-3.3684062634969965,Up,C1
FAP,1.4399187521230568,5.877314227575918,3.0054084155888336,0.00870834409905545,0.026032840336969596,-3.370030191980793,Up,C1
ACTG2,1.0427691705320496,5.413518349081227,2.9994139216351,0.008816170938823467,0.026260329470543665,-3.3819788982987244,Up,C1
CYTIP,1.118652728893971,4.268299734599296,2.9971193496640067,0.008857790519619132,0.026351597428346356,-3.3865510300330444,Up,C1
SPON1,1.875688473382648,5.658960046156277,2.98805701348283,0.009024056912112768,0.026746778711352268,-3.404599817021581,Up,C1
H2BC8,1.631746785971651,6.0227453339402395,2.9788070502733537,0.009196919773744178,0.0271151539625854,-3.423007827399183,Up,C1
LRRC15,1.4822955043333277,5.744965267302089,2.969546819148666,0.009373223094430222,0.027522315549084703,-3.441421439530432,Up,C1
ADH1C,1.0922092634612914,5.3893042728227245,2.9665085346066205,0.009431786260382814,0.027655841258684026,-3.447459683508427,Up,C1
PRDM1,1.6643769368352062,5.18374383899751,2.9633984674217433,0.009492104099336084,0.027797643068846353,-3.4536389026050824,Up,C1
SPARCL1,2.095797913791605,9.116014770387487,2.9567688161219126,0.009621945370774323,0.028112712451530773,-3.4668052629273123,Up,C1
PLD1,1.2964819779192043,4.943847520921901,2.9545202745723445,0.009666376458547036,0.028208190608880968,-3.4712690433325624,Up,C1
ZFHX4,1.2838027757175032,6.664519162764537,2.95032701966817,0.009749771977943685,0.028396314405363953,-3.479591024005062,Up,C1
SFRP2,1.3288245873306552,4.839231748579807,2.9492693684859983,0.009770917491178005,0.028440645358143883,-3.481689550295442,Up,C1
GAP43,1.0309063748052152,3.879970410666068,2.9489876335326377,0.009776557753579145,0.028453612125792,-3.482248517355876,Up,C1
SMARCA1,1.2153357443417265,6.504610869198865,2.9433769728999866,0.009889547384946773,0.028751079982254412,-3.4933771710510717,Up,C1
SCRG1,1.4861703332847949,5.721541461331737,2.9418092270037626,0.009921346914182871,0.028812119616965188,-3.4964857463298653,Up,C1
XM_006714075,1.4861703332847949,5.721541461331737,2.9418092270037626,0.009921346914182871,0.028812119616965188,-3.4964857463298653,Up,C1
DCLK1,1.556885912167484,5.8452621973770995,2.9312549185099313,0.010138043827442057,0.029299618054938505,-3.517401427873128,Up,C1
XM_006719893,1.556885912167484,5.8452621973770995,2.9312549185099313,0.010138043827442057,0.029299618054938505,-3.517401427873128,Up,C1
FPR3,1.174437382503347,4.401925775922402,2.930209136372389,0.010159765694861725,0.02934685527049924,-3.5194727558813512,Up,C1
PCOLCE,1.7670750331875835,8.294899232432938,2.9285147578660427,0.010195056110582421,0.029428936223089737,-3.522828295057306,Up,C1
WFDC2,1.0612060452187952,7.091312729130055,2.9283962553523635,0.010197528751803247,0.02942901107379843,-3.523062956905301,Up,C1
NLGN1,1.1436385164909755,4.2075669093008194,2.9215812386203353,0.010340719349655945,0.029713629334423796,-3.5365538253107913,Up,C1
XM_005247232,1.1436385164909755,4.2075669093008194,2.9215812386203353,0.010340719349655945,0.029713629334423796,-3.5365538253107913,Up,C1
COL8A1,1.5618423472201357,8.604396143327998,2.918156630033756,0.010413413718351635,0.02987639100191065,-3.54332982208113,Up,C1
SERPINA1,1.6084797702055242,4.859041629775867,2.914480974114336,0.010491992530503043,0.030047584383383136,-3.550600082466411,Up,C1
KRT15,2.141850258289333,11.044992358778986,2.869822605647692,0.011494184523936656,0.03215570073509528,-3.638723377105295,Up,C1
XM_006721891,2.141850258289333,11.044992358778986,2.869822605647692,0.011494184523936656,0.03215570073509528,-3.638723377105295,Up,C1
BGN,1.2984695687693737,8.02525556522024,2.8502584346227047,0.011962077236185047,0.033104321206377664,-3.677203609238296,Up,C1
THBS1,1.7648294942524618,6.898184835987631,2.841122562973833,0.012186870816831367,0.03359472531820219,-3.6951456942935,Up,C1
FGF5,1.2296048704334033,4.568990466931846,2.810782711567197,0.012963270475107707,0.035269147352475085,-3.7546040039629682,Up,C1
GPNMB,1.1145772267249487,7.554776504810939,2.7992998884123765,0.013269480018780188,0.03589878938353946,-3.77705548875352,Up,C1
THY1,1.2659976390869714,5.9646814923112785,2.793384986642614,0.013429939702373054,0.036202314997344796,-3.7886090945756403,Up,C1
ABCC9,1.046480851356713,4.144876319190654,2.792171143702396,0.01346310096955197,0.036259128082493985,-3.7909791379567195,Up,C1
XM_005253287,1.046480851356713,4.144876319190654,2.792171143702396,0.01346310096955197,0.036259128082493985,-3.7909791379567195,Up,C1
XM_005253291,1.046480851356713,4.144876319190654,2.792171143702396,0.01346310096955197,0.036259128082493985,-3.7909791379567195,Up,C1
TMEM119,1.7848687680962128,3.6825615055624636,2.789399517389908,0.013539117787703139,0.036406666495681236,-3.79638953973257,Up,C1
MIR31HG,1.0902147048078765,5.331812799667835,2.7890901345133328,0.013547628959113038,0.03640915802000125,-3.7969933694190754,Up,C1
H2BC4,1.6193063839657693,5.964838191440212,2.777761241818474,0.013862888018762317,0.03705742320455034,-3.8190893977766383,Up,C1
COMP,1.6253093348220995,4.9146650507246195,2.771316932884827,0.014045381391193835,0.03740595168885944,-3.8316454841472076,Up,C1
HLA-DRB3,1.517640419425045,8.162198676314626,2.7674199280209337,0.014156866328580235,0.037612697101902015,-3.8392337960164746,Up,C1
WNT5A,1.2313600554908728,8.857042780688461,2.7515237835899162,0.014620566806849065,0.038520619593632406,-3.8701506511178465,Up,C1
CALU,1.3678732018671678,7.508850910125156,2.7489563935543817,0.014696825609613537,0.038687563970382116,-3.875138508321746,Up,C1
POPDC3,1.0391585516683541,5.669018356359234,2.73002790891958,0.015271056203392273,0.03983652765936543,-3.911864057912418,Up,C1
CPXM1,1.1864649649370982,4.787212213756648,2.7076509974347647,0.015977904524282147,0.04126682830465383,-3.9551688681501402,Up,C1
CNTN1,1.6240987972855843,5.112010448089934,2.6934188457878134,0.01644380171003589,0.04220317885417893,-3.982647327603099,Up,C1
CEP85L,1.144090776603389,7.360099216221982,2.686849373559229,0.01666325278754812,0.04264416881419121,-3.9953140735057326,Up,C1
GABRB2,1.044389033502683,3.5507879368778976,2.6850970613270713,0.016722263712431136,0.0427637598023711,-3.9986909006812077,Up,C1
PDZRN3,1.0824937166705997,8.361746918226745,2.6800277076484615,0.0168941162303589,0.04311484277614381,-4.008455498210873,Up,C1
RGS1,1.7897301938081336,8.608144784968452,2.6794413775303982,0.016914102484827657,0.04314264482899399,-4.00958446526317,Up,C1
RERG,2.018232784699829,7.369727193457137,2.6765574624041384,0.017012738765036523,0.04334356818155255,-4.015136105986768,Up,C1
CCL3,1.1186296192524896,5.72423398165215,2.6693161769218214,0.01726285604374993,0.04381337324332091,-4.029066419226763,Up,C1
CCL3L1,1.1186296192524896,5.72423398165215,2.6693161769218214,0.01726285604374993,0.04381337324332091,-4.029066419226763,Up,C1
CCL3L3,1.1186296192524896,5.72423398165215,2.6693161769218214,0.01726285604374993,0.04381337324332091,-4.029066419226763,Up,C1
XM_006725571,1.1186296192524896,5.72423398165215,2.6693161769218214,0.01726285604374993,0.04381337324332091,-4.029066419226763,Up,C1
CYP4B1,2.2449470971607557,6.7629153657918,2.6584955669085977,0.0176432165383792,0.04456197867559482,-4.049857082606941,Up,C1
ANO1,1.0264587498749425,5.890198482098522,2.652690405687299,0.017850588795882978,0.04495329265331898,-4.060998469350102,Up,C1
DUSP4,1.442376366181767,6.342285360292673,2.6295605161169204,0.01870035824532406,0.046609137965136875,-4.105300991526454,Up,C1
P2RY12,1.5299507380524484,3.8784555898075537,2.6185608438541306,0.019117988537039023,0.04738434127075698,-4.126318946586789,Up,C1
CAVIN1,1.0578708658109655,8.392314051797703,2.613895343784296,0.019297818048516654,0.047711807663833615,-4.135223697480242,Up,C1
NFASC,1.1202048207511055,3.8909605763283412,2.5937669601611852,0.020092434432175597,0.049299267008256854,-4.173572339604999,Up,C1
XM_006711236,1.1202048207511055,3.8909605763283412,2.5937669601611852,0.020092434432175597,0.049299267008256854,-4.173572339604999,Up,C1
GATA3,1.1494248685910033,6.9545901898823725,2.5872604079624932,0.020355938611784283,0.04982492744850565,-4.185944343719316,Up,C1
