Symbol,C1_logFC,C1_adj.P.Val,C1_status,C2_logFC,C2_adj.P.Val,C2_status,C3_logFC,C3_adj.P.Val,C3_status,n_up,module
GNB4,4.209956341237319,5.827614894374564e-10,Up,0.5527714002044348,0.20759320821188212,NS,1.3056152197080184,5.522460875718671e-4,Up,2,SHARED C1 & C3
MMP2,4.493044831054223,3.9551166925377726e-9,Up,0.24240458860163017,0.7057656185877281,NS,2.1157199025863633,1.2625507422364446e-4,Up,2,SHARED C1 & C3
ADAMTS1,5.442053052257708,3.9551166925377726e-9,Up,0.5510745818078338,0.45081861788955585,NS,1.9135922366160445,9.0904919795143e-4,Up,2,SHARED C1 & C3
LAMA4,3.8820618815804684,3.9551166925377726e-9,Up,-0.2792495637130328,0.6162292864064425,NS,2.1626133365740365,4.0292775299175994e-5,Up,2,SHARED C1 & C3
PRKACB,3.3620844422577774,3.9551166925377726e-9,Up,0.2432500958328614,0.6152257228985858,NS,0.8464059354496278,0.008455453821794398,NS,1,C1 SPECIFIC
MFAP5,4.351242370199426,4.216660534077471e-9,Up,-0.6075636919087248,0.30925460808368993,NS,3.3236882167649138,2.862999176477103e-6,Up,2,SHARED C1 & C3
XR_242903,4.351242370199426,4.216660534077471e-9,Up,-0.6075636919087248,0.30925460808368993,NS,3.3236882167649138,2.862999176477103e-6,Up,2,SHARED C1 & C3
DOCK10,2.764581848522152,7.267644817775021e-9,Up,0.3908811600861686,0.3325664596585308,NS,1.9139578251792724,1.1694771096029835e-5,Up,2,SHARED C1 & C3
XM_006712616,2.764581848522152,7.267644817775021e-9,Up,0.3908811600861686,0.3325664596585308,NS,1.9139578251792724,1.1694771096029835e-5,Up,2,SHARED C1 & C3
XM_006712618,2.764581848522152,7.267644817775021e-9,Up,0.3908811600861686,0.3325664596585308,NS,1.9139578251792724,1.1694771096029835e-5,Up,2,SHARED C1 & C3
NID1,3.7241381953154518,1.2006375741657341e-8,Up,0.7317051086275086,0.19424633436903788,NS,2.5462210279276016,2.0084811876596462e-5,Up,2,SHARED C1 & C3
TGFBR2,3.273527172708773,1.2006375741657341e-8,Up,0.2445845483762028,0.6605761969722564,NS,0.46580987025908094,0.14236308073352283,NS,1,C1 SPECIFIC
ARMCX3,3.2620603112893756,1.2006375741657341e-8,Up,0.0522961371695807,0.9469198373706803,NS,0.49823146748619607,0.12043217165164771,NS,1,C1 SPECIFIC
POSTN,6.186973602000372,1.2006375741657341e-8,Up,0.8023552599851023,0.41378039991426036,NS,2.2883019895531485,0.0020580523819701273,Up,2,SHARED C1 & C3
RBMS3,3.377147995591324,1.2006375741657341e-8,Up,0.13113293726063802,0.8519116249960237,NS,1.1785087523900177,0.0030805805609172327,Up,2,SHARED C1 & C3
XM_006713109,3.377147995591324,1.2006375741657341e-8,Up,0.13113293726063802,0.8519116249960237,NS,1.1785087523900177,0.0030805805609172327,Up,2,SHARED C1 & C3
CTSK,2.9223070381147203,1.2006375741657341e-8,Up,-0.3486339588278664,0.46231650411561315,NS,1.7104197106940955,1.2625507422364446e-4,Up,2,SHARED C1 & C3
CXCL12,5.381358981227988,1.2906940143335954e-8,Up,-0.30914899582954725,0.7586127755397104,NS,4.024446312782069,1.1694771096029835e-5,Up,2,SHARED C1 & C3
GUCY1B1,3.2163487595694162,1.5834893446707172e-8,Up,0.6556705450407607,0.1980315133049699,NS,0.19093781072287097,0.5734436492986805,NS,1,C1 SPECIFIC
SRPX,5.381879122822044,1.5834893446707172e-8,Up,0.8862581228964999,0.30980070754691114,NS,2.227872093893833,0.0013144284898467396,Up,2,SHARED C1 & C3
JAM2,2.810202388763725,1.5834893446707172e-8,Up,0.32003622275571963,0.5101262710256459,NS,2.066761355686811,1.67318514529377e-5,Up,2,SHARED C1 & C3
XM_006724037,2.810202388763725,1.5834893446707172e-8,Up,0.32003622275571963,0.5101262710256459,NS,2.066761355686811,1.67318514529377e-5,Up,2,SHARED C1 & C3
PDGFC,2.591372551484646,1.6450727482355388e-8,Up,-0.05067853887369722,0.9366674559906237,NS,-0.47091829247330885,0.08278273369589108,NS,1,C1 SPECIFIC
SERPING1,3.2860366182282057,1.6450727482355388e-8,Up,0.9658840020837669,0.07279789472929395,NS,1.4642658371700978,8.722323856275288e-4,Up,2,SHARED C1 & C3
EDNRA,3.7047473787915433,1.65969481829035e-8,Up,0.8080173604257128,0.17927590792050202,NS,-0.2121475702429354,0.5949633846135098,NS,1,C1 SPECIFIC
CYB5R3,1.5604288131678956,1.6621763494017718e-8,Up,0.11650784473521902,0.6837157745817282,NS,0.6751940311153319,0.0010986232324334529,NS,1,C1 SPECIFIC
TAGLN,4.6694801061356985,1.8256879630851687e-8,Up,1.234943323291617,0.10515776057041382,NS,2.6780832708101867,2.344541488289286e-4,Up,2,SHARED C1 & C3
IFITM2,3.266114869939292,1.8682547991884737e-8,Up,0.022386443327436112,0.9815183317190875,NS,1.3877177887416199,0.0013331870876358359,Up,2,SHARED C1 & C3
RBPMS,3.7502019734361625,1.9220352410480497e-8,Up,-0.5483047099431371,0.39082919006905104,NS,0.6647787995962666,0.09707132976982073,NS,1,C1 SPECIFIC
SAMHD1,4.6976344161616135,2.3708371879604327e-8,Up,-0.13536016877685775,0.9063136531401582,NS,0.7252480635128071,0.15127127031392273,NS,1,C1 SPECIFIC
XM_005260384,4.6976344161616135,2.3708371879604327e-8,Up,-0.13536016877685775,0.9063136531401582,NS,0.7252480635128071,0.15127127031392273,NS,1,C1 SPECIFIC
TMEM47,4.923789690090503,3.11408777520304e-8,Up,0.7834088154775589,0.3716045771827043,NS,2.286548150370715,0.0010003036900882785,Up,2,SHARED C1 & C3
IFITM1,3.5236267923722515,3.15498941541244e-8,Up,0.022258657082788957,0.9837879915572244,NS,0.8032691560030365,0.04785270812500125,NS,1,C1 SPECIFIC
PMP22,3.2143246212740824,3.375705036222789e-8,Up,0.21989731811282276,0.7374563100403081,NS,3.070665602223265,3.5347698345694586e-6,Up,2,SHARED C1 & C3
FAM171B,3.3112245522307333,3.375705036222789e-8,Up,0.1484090508476168,0.849296309377074,NS,0.7966982728284968,0.041036095542837506,NS,1,C1 SPECIFIC
CNTN4,-3.68621712226523,3.375705036222789e-8,Down,0.5750138643320026,0.386740720837812,NS,0.6297490574108409,0.12663163248994178,NS,0,DOWN IN LIMBUS
XM_006713005,-3.68621712226523,3.375705036222789e-8,Down,0.5750138643320026,0.386740720837812,NS,0.6297490574108409,0.12663163248994178,NS,0,DOWN IN LIMBUS
NLK,-2.0637017507577653,4.8719760992400006e-8,Down,0.3003181669477195,0.43644147557736207,NS,0.12429652736895136,0.6172803907832581,NS,0,DOWN IN LIMBUS
HACD1,2.1115889518766044,4.8719760992400006e-8,Up,0.845366817129344,0.028330309977319022,Up,1.4266040456532068,1.3113013913325296e-4,Up,3,CORE - all 3 contrasts
XR_428651,2.1115889518766044,4.8719760992400006e-8,Up,0.845366817129344,0.028330309977319022,Up,1.4266040456532068,1.3113013913325296e-4,Up,3,CORE - all 3 contrasts
COL3A1,4.760600675945179,5.220301510843883e-8,Up,-0.5417313586218402,0.5582585382275888,NS,3.063148434487305,2.0071145161554876e-4,Up,2,SHARED C1 & C3
HSD17B11,3.367780358241512,5.433291887581263e-8,Up,0.16800318239521594,0.834127577135494,NS,1.2500995722586588,0.005674546524667141,Up,2,SHARED C1 & C3
PRR16,1.905241983735955,5.675183532879384e-8,Up,1.7484077298156677,2.9335670163350523e-5,Up,1.8803334634009632,3.6936198020197318e-6,Up,3,CORE - all 3 contrasts
XM_005272012,1.905241983735955,5.675183532879384e-8,Up,1.7484077298156677,2.9335670163350523e-5,Up,1.8803334634009632,3.6936198020197318e-6,Up,3,CORE - all 3 contrasts
ADGRD1,2.933663388597275,6.687743502103567e-8,Up,-0.6107944089066679,0.27117709413475694,NS,2.093237384043692,1.135632540832695e-4,Up,2,SHARED C1 & C3
ETS1,3.8120535775790705,7.30527604133233e-8,Up,0.21733140399599193,0.8117383787235403,NS,0.2835820334574777,0.5475674356517416,NS,1,C1 SPECIFIC
LDB2,4.454379232642326,8.015987673896451e-8,Up,0.18792518198410324,0.8730874732758526,NS,3.0771087572166422,1.6039128820524536e-4,Up,2,SHARED C1 & C3
XM_006713979,4.454379232642326,8.015987673896451e-8,Up,0.18792518198410324,0.8730874732758526,NS,3.0771087572166422,1.6039128820524536e-4,Up,2,SHARED C1 & C3
ST6GALNAC3,-2.268361527805756,8.133358031634861e-8,Down,0.2670216635525309,0.5628084612191114,NS,0.39596334150262,0.14953735281116315,NS,0,DOWN IN LIMBUS
XM_006710554,-2.268361527805756,8.133358031634861e-8,Down,0.2670216635525309,0.5628084612191114,NS,0.39596334150262,0.14953735281116315,NS,0,DOWN IN LIMBUS
EML1,2.2839564856786776,8.133358031634861e-8,Up,-0.2137049182470241,0.6599118143032238,NS,1.0705263787121977,0.0017865306644081018,Up,2,SHARED C1 & C3
RFTN1,3.2289120446513433,8.561856494522793e-8,Up,-0.05837853452099928,0.9533445843676559,NS,1.5053667667624557,0.0018839304919960774,Up,2,SHARED C1 & C3
XM_006713071,3.2289120446513433,8.561856494522793e-8,Up,-0.05837853452099928,0.9533445843676559,NS,1.5053667667624557,0.0018839304919960774,Up,2,SHARED C1 & C3
VCAN,3.332303550763396,9.288912715152562e-8,Up,-0.1520064097645406,0.8632228024399473,NS,0.7525746109379536,0.07208649321157884,NS,1,C1 SPECIFIC
EPB41L4B,-1.977918661254682,9.288912715152562e-8,Down,0.8721468447499534,0.02213675040862918,Up,-0.41037633849792865,0.09566715625019885,NS,1,C2 SPECIFIC
FERMT2,3.707195148631599,9.516053386858365e-8,Up,0.7621581016726786,0.2997262655806664,NS,1.3458404272591906,0.009383283979307743,Up,2,SHARED C1 & C3
PTGFR,2.9921299409011937,9.516053386858365e-8,Up,1.476639402614797,0.012834335852984,Up,2.4505362235397277,4.0292775299175994e-5,Up,3,CORE - all 3 contrasts
XR_426624,2.9921299409011937,9.516053386858365e-8,Up,1.476639402614797,0.012834335852984,Up,2.4505362235397277,4.0292775299175994e-5,Up,3,CORE - all 3 contrasts
CFAP68,-1.5244245625780097,9.802370591208299e-8,Down,-0.04310595969179509,0.9215063965208417,NS,-0.13830639125384003,0.47371809344948995,NS,0,DOWN IN LIMBUS
GJC1,2.687863586753278,9.802370591208299e-8,Up,0.4284642298326382,0.43067430375203847,NS,1.0484314317864776,0.006264646672519334,Up,2,SHARED C1 & C3
EPS8,3.15151865195587,9.908119446048275e-8,Up,-0.13517850081957405,0.8751631726470658,NS,1.1761789357159902,0.008470077220066284,Up,2,SHARED C1 & C3
XM_005253340,3.15151865195587,9.908119446048275e-8,Up,-0.13517850081957405,0.8751631726470658,NS,1.1761789357159902,0.008470077220066284,Up,2,SHARED C1 & C3
MICU3,2.7785584361554805,9.908119446048275e-8,Up,0.254936746366492,0.6776115309821692,NS,1.6078754130021027,5.859792149297738e-4,Up,2,SHARED C1 & C3
XM_006716331,2.7785584361554805,9.908119446048275e-8,Up,0.254936746366492,0.6776115309821692,NS,1.6078754130021027,5.859792149297738e-4,Up,2,SHARED C1 & C3
XM_006716334,2.7785584361554805,9.908119446048275e-8,Up,0.254936746366492,0.6776115309821692,NS,1.6078754130021027,5.859792149297738e-4,Up,2,SHARED C1 & C3
XR_428307,2.7785584361554805,9.908119446048275e-8,Up,0.254936746366492,0.6776115309821692,NS,1.6078754130021027,5.859792149297738e-4,Up,2,SHARED C1 & C3
XR_428309,2.7785584361554805,9.908119446048275e-8,Up,0.254936746366492,0.6776115309821692,NS,1.6078754130021027,5.859792149297738e-4,Up,2,SHARED C1 & C3
CD302,3.49929535161327,9.908119446048275e-8,Up,0.5134876512918449,0.48270772557614955,NS,2.0558862971561753,5.482701094733339e-4,Up,2,SHARED C1 & C3
CFH,4.157653573231207,1.0860925260207175e-7,Up,0.8960252155253059,0.2857745076930355,NS,1.6078788580222128,0.00737807396164549,Up,2,SHARED C1 & C3
NSG1,-1.8377737400384984,1.1929813251414782e-7,Down,0.17784388491582526,0.6641808341875987,NS,-0.36633836250107166,0.11956681349083512,NS,0,DOWN IN LIMBUS
PRRG1,2.072318147084988,1.346856301560216e-7,Up,0.4474750462834187,0.29366072355655454,NS,0.2875471227444688,0.2754442804999327,NS,1,C1 SPECIFIC
DPYSL2,2.266742419253383,1.6110038023493966e-7,Up,0.6369451694107475,0.17341363636504858,NS,1.1348346280289299,0.0018337062512401394,Up,2,SHARED C1 & C3
IL1R1,2.883750249216373,1.8260423414650648e-7,Up,-0.45814256347613913,0.4656224058243633,NS,-0.103303206278067,0.8132256796409792,NS,1,C1 SPECIFIC
XM_005263929,2.883750249216373,1.8260423414650648e-7,Up,-0.45814256347613913,0.4656224058243633,NS,-0.103303206278067,0.8132256796409792,NS,1,C1 SPECIFIC
XR_244889,2.883750249216373,1.8260423414650648e-7,Up,-0.45814256347613913,0.4656224058243633,NS,-0.103303206278067,0.8132256796409792,NS,1,C1 SPECIFIC
TIMP2,3.3493949484583787,1.8661929520326776e-7,Up,0.8883273240550853,0.19886910068003558,NS,1.243405618495851,0.012157621553404285,Up,2,SHARED C1 & C3
COL4A1,3.6592395373817537,2.397972821813497e-7,Up,0.7334998889734594,0.35664725718444273,NS,2.364222646576679,5.053495044558617e-4,Up,2,SHARED C1 & C3
FYN,2.725414033853186,2.397972821813497e-7,Up,0.08633105368977745,0.9182045011846982,NS,0.46143580773851944,0.20310616253380318,NS,1,C1 SPECIFIC
XM_005266887,2.725414033853186,2.397972821813497e-7,Up,0.08633105368977745,0.9182045011846982,NS,0.46143580773851944,0.20310616253380318,NS,1,C1 SPECIFIC
CFHR1,2.6371061581087556,2.406046794471609e-7,Up,0.3215890046035579,0.5922623862444475,NS,1.3658906471350356,0.0018531570797972186,Up,2,SHARED C1 & C3
KLF12,2.1789887910569474,2.6263768403118224e-7,Up,0.10142004462332022,0.875235061519256,NS,0.34888790023246763,0.232103018213883,NS,1,C1 SPECIFIC
ADIRF,-1.5360584341844774,2.632074171467787e-7,Down,0.228791101625351,0.5160162641566883,NS,-0.7888035973154128,0.0020583495903398158,NS,0,DOWN IN LIMBUS
RAPH1,-1.4328065572374973,2.7665952958121286e-7,Down,0.4660532643863107,0.12950678931181078,NS,0.6957599065341427,0.0030820068462696607,NS,0,DOWN IN LIMBUS
PLPP3,2.462513596979001,2.807068235881248e-7,Up,1.422384382520562,0.008656957093277063,Up,2.980131901964592,2.862999176477103e-6,Up,3,CORE - all 3 contrasts
SHC1,1.4156615513078492,3.245223462361364e-7,Up,-0.02282559020880015,0.9630561750337638,NS,0.024786522480784612,0.9187542527957133,NS,1,C1 SPECIFIC
C1S,4.495398337785095,3.245223462361364e-7,Up,0.2702493463826148,0.832950114744511,NS,2.940210161448876,5.263851410623311e-4,Up,2,SHARED C1 & C3
XM_005253760,4.495398337785095,3.245223462361364e-7,Up,0.2702493463826148,0.832950114744511,NS,2.940210161448876,5.263851410623311e-4,Up,2,SHARED C1 & C3
IRAK3,2.5686283494181072,3.245223462361364e-7,Up,0.04550303776688569,0.960049935625319,NS,0.6628466215010285,0.06918839561469496,NS,1,C1 SPECIFIC
DLG3,-1.3669348031649244,3.245223462361364e-7,Down,-0.22204015582719094,0.4833697824821419,NS,-0.6439794846473479,0.004059607285385403,NS,0,DOWN IN LIMBUS
XR_430518,-1.3669348031649244,3.245223462361364e-7,Down,-0.22204015582719094,0.4833697824821419,NS,-0.6439794846473479,0.004059607285385403,NS,0,DOWN IN LIMBUS
PLTP,2.4897168426967395,3.395607519170181e-7,Up,-0.5988393786123574,0.28054316563185294,NS,0.9682297457232307,0.012685649671216185,NS,1,C1 SPECIFIC
GLIPR1,3.9422168269039,3.4031798366261694e-7,Up,-0.07026560307459562,0.960049935625319,NS,1.4189202734164752,0.01884622652821573,Up,2,SHARED C1 & C3
COL14A1,3.511232699388828,3.4031798366261694e-7,Up,-0.6143587885861272,0.4443039915813509,NS,2.5836766291117677,2.481752733835911e-4,Up,2,SHARED C1 & C3
GBP2,3.486938958823507,3.431116966716901e-7,Up,-0.9073028570887587,0.24028380042008785,NS,1.7479863088639203,0.0029325836139369047,Up,2,SHARED C1 & C3
LGALSL,-2.847953163046207,3.80541684724264e-7,Down,0.12660156605155848,0.886251351177522,NS,-1.1818769851063076,0.009341320734860378,Down,0,DOWN IN LIMBUS
VGLL3,3.5363515119258437,3.902295855831653e-7,Up,0.1307959079990315,0.9096655734075145,NS,1.7647207230614308,0.003226235433504312,Up,2,SHARED C1 & C3
MEDAG,2.6365096497884855,4.0976581113858417e-7,Up,-0.7920655043668603,0.17847353839792618,NS,1.365168939628524,0.0026460492224464212,Up,2,SHARED C1 & C3
ZNF711,2.4858700226086623,4.267912871188429e-7,Up,0.3921396583126535,0.5129764262964774,NS,0.48803828762523604,0.1672057473603414,NS,1,C1 SPECIFIC
SESTD1,2.669392766270848,4.342111271946066e-7,Up,-0.09818364552806447,0.911383256764347,NS,-0.6245841445528786,0.10498770735909567,NS,1,C1 SPECIFIC
DEPP1,3.5872417364844686,4.388736250337297e-7,Up,0.11166010340144794,0.9263059377877105,NS,1.8587743128387872,0.002732269284156389,Up,2,SHARED C1 & C3
LAMA2,2.479072249949292,4.3906911682197665e-7,Up,0.06513643997949359,0.9398200540734228,NS,2.074643981692896,1.3433958441454923e-4,Up,2,SHARED C1 & C3
MSX2,-2.5651771076415253,4.4797697976280036e-7,Down,0.9709346907729062,0.09789533791216233,NS,0.69055060323495,0.06717697487223949,NS,0,DOWN IN LIMBUS
PRKD1,3.157248990070313,4.4797697976280036e-7,Up,1.0914774761971646,0.12409713662969922,NS,2.3757751761394603,2.503545287537587e-4,Up,2,SHARED C1 & C3
STEAP2,2.278081562791006,4.6369298517206e-7,Up,-0.054235409364335574,0.9468330515932148,NS,0.26244298225694074,0.4288178558011943,NS,1,C1 SPECIFIC
ADCY3,1.9370592149343118,4.791777906222821e-7,Up,0.41734387761626746,0.35444644077958437,NS,0.9451905622167072,0.004165771173578994,NS,1,C1 SPECIFIC
PDGFRA,3.9216413804908337,4.874608868099817e-7,Up,0.7509668557131768,0.4145419245172075,NS,2.985117079261853,2.4931040285915276e-4,Up,2,SHARED C1 & C3
MAP1B,3.892640115829984,4.874608868099817e-7,Up,1.2502040495389775,0.16587051266626415,NS,1.805849195372006,0.005628514493292497,Up,2,SHARED C1 & C3
XM_006722498,1.9953595376321251,5.027995568232338e-7,Up,0.31489969484111846,0.518605027897249,NS,0.8461558392479747,0.009804679568014237,NS,1,C1 SPECIFIC
XM_006722499,1.9953595376321251,5.027995568232338e-7,Up,0.31489969484111846,0.518605027897249,NS,0.8461558392479747,0.009804679568014237,NS,1,C1 SPECIFIC
XR_430078,1.9953595376321251,5.027995568232338e-7,Up,0.31489969484111846,0.518605027897249,NS,0.8461558392479747,0.009804679568014237,NS,1,C1 SPECIFIC
ZNF532,1.9953595376321251,5.027995568232338e-7,Up,0.31489969484111846,0.518605027897249,NS,0.8461558392479747,0.009804679568014237,NS,1,C1 SPECIFIC
MRPL33,-1.5252749708552908,5.172238199798216e-7,Down,0.11357562728600357,0.7956312649338104,NS,0.09933084100302558,0.6772149464209041,NS,0,DOWN IN LIMBUS
MRGPRF,2.3011286116458693,5.229810980120129e-7,Up,0.35935557639324056,0.526187037809044,NS,1.9553765541426857,1.419189526364557e-4,Up,2,SHARED C1 & C3
FBLN1,3.594288120876726,5.229810980120129e-7,Up,0.9242345464481847,0.27117709413475694,NS,2.311515183466512,7.963120975619885e-4,Up,2,SHARED C1 & C3
TMEM144,-1.7977636555516332,5.229810980120129e-7,Down,-0.3951656066892184,0.34960776464780585,NS,-0.4523474797562601,0.09038190380139365,NS,0,DOWN IN LIMBUS
XM_005263112,-1.7977636555516332,5.229810980120129e-7,Down,-0.3951656066892184,0.34960776464780585,NS,-0.4523474797562601,0.09038190380139365,NS,0,DOWN IN LIMBUS
DDR2,3.182194770554701,5.530442959320249e-7,Up,0.6768137162655066,0.3716045771827043,NS,2.923887604431277,7.858965865796331e-5,Up,2,SHARED C1 & C3
XM_006711345,3.182194770554701,5.530442959320249e-7,Up,0.6768137162655066,0.3716045771827043,NS,2.923887604431277,7.858965865796331e-5,Up,2,SHARED C1 & C3
PPP1R3B,1.7615419252623878,5.530442959320249e-7,Up,0.3089542840753525,0.4731774373610414,NS,0.49425198143676763,0.063641364215553,NS,1,C1 SPECIFIC
LYPD6B,-2.145392372931001,5.530442959320249e-7,Down,0.08597126718185777,0.9049702199791786,NS,0.054430557300721105,0.8872055845845098,NS,0,DOWN IN LIMBUS
XM_006712279,-2.145392372931001,5.530442959320249e-7,Down,0.08597126718185777,0.9049702199791786,NS,0.054430557300721105,0.8872055845845098,NS,0,DOWN IN LIMBUS
XM_006712280,-2.145392372931001,5.530442959320249e-7,Down,0.08597126718185777,0.9049702199791786,NS,0.054430557300721105,0.8872055845845098,NS,0,DOWN IN LIMBUS
C1R,3.9879074470075775,5.912877687643822e-7,Up,0.05991286436657717,0.9689082283318393,NS,2.82883146247363,0.00051230963712302585,Up,2,SHARED C1 & C3
C3,4.380136786917788,5.912877687643822e-7,Up,-1.6444438040331182,0.1050681174044569,NS,-1.5336803956170613,0.028413608963610563,Down,1,C1 SPECIFIC
COL4A2,3.4675150003765003,6.169253833569736e-7,Up,0.4618127263426137,0.5975850058208074,NS,2.1058778152708024,0.0012864245242444304,Up,2,SHARED C1 & C3
CCND2,3.643436297525021,6.169253833569736e-7,Up,0.3352976100629146,0.7375174109130533,NS,-0.553177947773003,0.3057199002529783,NS,1,C1 SPECIFIC
XM_005253813,3.643436297525021,6.169253833569736e-7,Up,0.3352976100629146,0.7375174109130533,NS,-0.553177947773003,0.3057199002529783,NS,1,C1 SPECIFIC
DGKB,-2.67777838876135,6.169253833569736e-7,Down,0.12451526445700001,0.8884838015369529,NS,0.14738217645145069,0.7391318154744392,NS,0,DOWN IN LIMBUS
XR_428070,-2.67777838876135,6.169253833569736e-7,Down,0.12451526445700001,0.8884838015369529,NS,0.14738217645145069,0.7391318154744392,NS,0,DOWN IN LIMBUS
PLBD2,2.1435815557277724,6.37221959827113e-7,Up,0.32223258295745705,0.5533342201282473,NS,1.3152399026642634,0.0012306666854870491,Up,2,SHARED C1 & C3
SACS,2.8257732309968135,6.37221959827113e-7,Up,0.4503228202913805,0.5292666450547853,NS,0.25352987207574884,0.5651137992039087,NS,1,C1 SPECIFIC
ADAMTS5,3.7895104689875083,6.37221959827113e-7,Up,-0.2623372620148583,0.8203340750576493,NS,3.191822317257202,1.895634162140055e-4,Up,2,SHARED C1 & C3
GABRE,2.0716202859874473,6.37221959827113e-7,Up,-0.2715292228034043,0.6078667706152946,NS,0.5161617823706948,0.10056399866663704,NS,1,C1 SPECIFIC
XM_006724813,2.0716202859874473,6.37221959827113e-7,Up,-0.2715292228034043,0.6078667706152946,NS,0.5161617823706948,0.10056399866663704,NS,1,C1 SPECIFIC
ADAMTSL1,2.571698766246702,6.761915992450807e-7,Up,0.4134088779671945,0.5268952166878103,NS,1.7078720381567614,7.797500255208231e-4,Up,2,SHARED C1 & C3
PLXND1,2.0473019078478076,6.801171736392267e-7,Up,0.656483204917607,0.1775846018060309,NS,1.833744456011961,1.2625507422364446e-4,Up,2,SHARED C1 & C3
RHOJ,2.6602827785756427,6.801171736392267e-7,Up,-0.49011062594897137,0.45718675006401605,NS,2.1867154121145402,2.344541488289286e-4,Up,2,SHARED C1 & C3
XR_245708,2.6602827785756427,6.801171736392267e-7,Up,-0.49011062594897137,0.45718675006401605,NS,2.1867154121145402,2.344541488289286e-4,Up,2,SHARED C1 & C3
XR_245709,2.6602827785756427,6.801171736392267e-7,Up,-0.49011062594897137,0.45718675006401605,NS,2.1867154121145402,2.344541488289286e-4,Up,2,SHARED C1 & C3
PAPSS2,4.123310822663025,6.871488593205337e-7,Up,0.6829601142140476,0.5160162641566883,NS,2.381895100100601,0.0019051003207446503,Up,2,SHARED C1 & C3
ANKRD18A,-1.8128594374832838,6.871488593205337e-7,Down,-0.20379557163606865,0.6712550255833907,NS,-0.25592112425489333,0.35090649738082685,NS,0,DOWN IN LIMBUS
XM_006716749,-1.8128594374832838,6.871488593205337e-7,Down,-0.20379557163606865,0.6712550255833907,NS,-0.25592112425489333,0.35090649738082685,NS,0,DOWN IN LIMBUS
GRIN2A,-3.1770248352182744,6.902136731703945e-7,Down,0.1279043968087974,0.9075338733608372,NS,-6.616105471186629e-4,0.9990724523116539,NS,0,DOWN IN LIMBUS
CACNA2D1,2.4924714856497614,7.052767298242179e-7,Up,0.8935558180897543,0.1343026599563529,NS,2.0430276794707654,2.344541488289286e-4,Up,2,SHARED C1 & C3
KCTD12,3.14014530212369,7.549086593502621e-7,Up,0.34607307520582253,0.6833263604209183,NS,2.0295125536896705,0.0010003036900882785,Up,2,SHARED C1 & C3
PTPRB,3.335123733612953,7.549086593502621e-7,Up,0.18947699602167312,0.8632228024399473,NS,0.8206568063564204,0.10984040868049323,NS,1,C1 SPECIFIC
DAB2,3.56230609917042,7.633563732457957e-7,Up,0.40979673483782975,0.6687081384488872,NS,1.5972102761819214,0.009548860683258192,Up,2,SHARED C1 & C3
MARVELD2,-2.2028517387774533,7.961644444998028e-7,Down,-0.8681691520352217,0.10262798958062791,NS,-1.652530033359958,4.511212927492984e-4,Down,0,DOWN IN LIMBUS
XM_005276758,-2.2028517387774533,7.961644444998028e-7,Down,-0.8681691520352217,0.10262798958062791,NS,-1.652530033359958,4.511212927492984e-4,Down,0,DOWN IN LIMBUS
ZEB1,2.769638817142841,8.321975437780725e-7,Up,1.3347655920223822,0.044974734146575844,Up,2.253902222067758,2.4751311979565635e-4,Up,3,CORE - all 3 contrasts
PLSCR4,2.5640911900555787,8.321975437780725e-7,Up,0.11959498030433124,0.8927480308970439,NS,1.3942349852186418,0.0032365436902668907,Up,2,SHARED C1 & C3
ZEB2,3.383380690997338,8.326936169138206e-7,Up,0.35233678481894337,0.7087854576380515,NS,2.8259952082917517,2.344541488289286e-4,Up,2,SHARED C1 & C3
MFHAS1,1.888439304920774,8.424881799882019e-7,Up,0.2215343965696439,0.6648899761011579,NS,0.15433785001723876,0.6137220269205705,NS,1,C1 SPECIFIC
LIFR,4.370447723289891,8.546562246472525e-7,Up,0.8443389368928136,0.4460658423932495,NS,2.5551164918118534,0.0020580523819701273,Up,2,SHARED C1 & C3
MAL,-3.5175293587170824,8.546562246472525e-7,Down,0.7667788096761274,0.38286829131734007,NS,-0.9803483767091201,0.07766475262145241,NS,0,DOWN IN LIMBUS
BACE2,1.5143289261607924,8.573647755745454e-7,Up,-0.2038040016877707,0.6115905140392252,NS,-0.14370824825998785,0.5548333708598254,NS,1,C1 SPECIFIC
DCDC1,-4.098100174791222,1.0521897283695068e-6,Down,-0.09665569154893294,0.9525929652511005,NS,1.0884212204078683,0.09563545796620028,NS,0,DOWN IN LIMBUS
ADGRL4,4.070227668260934,1.0671936435009857e-6,Up,0.7417898703044523,0.491417774851666,NS,2.935095885034654,6.106983244221264e-4,Up,2,SHARED C1 & C3
SEPTIN6,1.9159312624026672,1.0722245995742365e-6,Up,0.047541161286743794,0.9504885966810994,NS,0.5672608342004848,0.06693905078733568,NS,1,C1 SPECIFIC
TFPI,3.9524590755011024,1.1003797013694635e-6,Up,-0.8232747108248262,0.4166483491016526,NS,1.712315989787128,0.01380013451630282,Up,2,SHARED C1 & C3
GLIPR2,1.7648921464757636,1.1003797013694635e-6,Up,-0.7835852489460926,0.07659974063080316,NS,0.9712975175904361,0.0034596231143634018,NS,1,C1 SPECIFIC
DOCK4,1.8531276445693603,1.1008412252127944e-6,Up,0.23168792111257286,0.6521424283357394,NS,0.4189160894990174,0.15328587843676914,NS,1,C1 SPECIFIC
CYTH3,1.5813819501222985,1.1315501272151408e-6,Up,0.5561974570874479,0.16587051266626415,NS,0.6182531083929916,0.02331456925139347,NS,1,C1 SPECIFIC
XM_005250850,2.821595625487471,1.1745428174321004e-6,Up,0.05296085595166922,0.9622135778021672,NS,1.7605396553288228,0.0016161505416578984,Up,2,SHARED C1 & C3
ZFPM2,2.821595625487471,1.1745428174321004e-6,Up,0.05296085595166922,0.9622135778021672,NS,1.7605396553288228,0.0016161505416578984,Up,2,SHARED C1 & C3
SDCBP,1.3147277644368653,1.1799825570275473e-6,Up,-0.143071627219177,0.7043987610870764,NS,-0.06898784791654755,0.7701220769437748,NS,1,C1 SPECIFIC
VEGFC,3.303236066397611,1.2162657103583392e-6,Up,-0.5235838212093116,0.5558728608095119,NS,0.3207603663580887,0.5580501979484649,NS,1,C1 SPECIFIC
DPYD,2.3865573387173002,1.2162657103583392e-6,Up,-0.5184911971945265,0.4024033500450221,NS,0.7418814947265222,0.05914211535163116,NS,1,C1 SPECIFIC
PLCL2,2.660524456603361,1.2600032301192454e-6,Up,0.7662239675440254,0.2594320380217728,NS,1.930305757305681,6.394441194676902e-4,Up,2,SHARED C1 & C3
COL1A1,3.6529420528633167,1.3102391685622373e-6,Up,0.2194322484495821,0.8625368387517847,NS,2.458079435623361,0.0010986232324334529,Up,2,SHARED C1 & C3
SHISA9,-2.5578816509714652,1.3102391685622373e-6,Down,0.8998171368566261,0.16731341019686094,NS,-0.1596789756002206,0.7254800383572662,NS,0,DOWN IN LIMBUS
SGCE,3.275436130671393,1.3437170703922741e-6,Up,0.08826145432648769,0.9459246127297559,NS,1.903037190872217,0.0028461879507644923,Up,2,SHARED C1 & C3
XM_005250675,3.275436130671393,1.3437170703922741e-6,Up,0.08826145432648769,0.9459246127297559,NS,1.903037190872217,0.0028461879507644923,Up,2,SHARED C1 & C3
XM_006716167,3.275436130671393,1.3437170703922741e-6,Up,0.08826145432648769,0.9459246127297559,NS,1.903037190872217,0.0028461879507644923,Up,2,SHARED C1 & C3
FA2H,-2.063383166526121,1.3437170703922741e-6,Down,2.0668903935832503,3.6933710668977525e-4,Up,0.6490821377177447,0.058851332753514174,NS,1,C2 SPECIFIC
AEBP1,3.186133073881881,1.350894630434744e-6,Up,1.2408237576342245,0.12409713662969922,NS,2.7135485838284303,2.4751311979565635e-4,Up,2,SHARED C1 & C3
WNT3,-2.344436461752905,1.405530789321051e-6,Down,1.2616978601133004,0.033652069780757084,Up,0.2583975471269966,0.506901822126466,NS,1,C2 SPECIFIC
LARP6,2.4304533424237693,1.405530789321051e-6,Up,0.8680430602927984,0.16620909363381992,NS,0.21857089955874187,0.594668299590063,NS,1,C1 SPECIFIC
KRT3,-4.404383534580761,1.405530789321051e-6,Down,0.14542940104851887,0.9299939682721414,NS,1.1219979089044863,0.1189857512703611,NS,0,DOWN IN LIMBUS
TLR4,2.0651965708723883,1.405530789321051e-6,Up,-1.3391691077232828,0.012834335852984,Down,1.7690074827200615,2.4751311979565635e-4,Up,2,SHARED C1 & C3
WNT2B,1.4050136604513241,1.4127959310175537e-6,Up,0.5722580911324515,0.10770775002824526,NS,1.2814892946872884,1.895634162140055e-4,Up,2,SHARED C1 & C3
RAB27A,1.9323116449088582,1.4127959310175537e-6,Up,-0.36373089664095204,0.490383115633135,NS,-0.13510035193517034,0.6908130870949549,NS,1,C1 SPECIFIC
XM_005254577,1.9323116449088582,1.4127959310175537e-6,Up,-0.36373089664095204,0.490383115633135,NS,-0.13510035193517034,0.6908130870949549,NS,1,C1 SPECIFIC
GIPC1,-1.1049960169902082,1.4127959310175537e-6,Down,-0.32056139199023903,0.26505123601666875,NS,-0.9186810869129616,2.9438135008673545e-4,NS,0,DOWN IN LIMBUS
ARMCX1,2.4901004592635525,1.6411753174825375e-6,Up,0.44561747819441244,0.5181750732579513,NS,0.9189801307755392,0.034970318346267376,NS,1,C1 SPECIFIC
SLC9B2,1.828595061287352,1.7104305475726761e-6,Up,0.6202504426034601,0.18918226762631832,NS,0.48547630630831673,0.11032519353874017,NS,1,C1 SPECIFIC
PTPRG,2.8560252132737567,1.7197447276836623e-6,Up,0.94502166873463,0.2006015604594486,NS,1.3147751113303512,0.012711928991812978,Up,2,SHARED C1 & C3
MIR224,2.0643952342172156,1.7226603492155785e-6,Up,-0.2756536638168283,0.6418791833886764,NS,0.48282386437126945,0.15700531265625062,NS,1,C1 SPECIFIC
PLAGL1,3.1533866167032327,1.7334499144172084e-6,Up,-0.23267355804570045,0.8261874394739083,NS,1.647130926196466,0.006057633928222551,Up,2,SHARED C1 & C3
GRB10,2.032295596114478,1.751695418174218e-6,Up,0.3636319274339952,0.5203632738660469,NS,0.16035666924356828,0.6543353358787182,NS,1,C1 SPECIFIC
XM_006715704,2.032295596114478,1.751695418174218e-6,Up,0.3636319274339952,0.5203632738660469,NS,0.16035666924356828,0.6543353358787182,NS,1,C1 SPECIFIC
SLIT3,2.1571642457703257,1.751695418174218e-6,Up,0.33673746559895523,0.5753175851611295,NS,1.9198844994432473,2.3951424377536914e-4,Up,2,SHARED C1 & C3
CCDC80,3.832942827854649,1.7968883451657515e-6,Up,-0.3540565395478019,0.770068672886843,NS,1.1196454390805775,0.08420828286036633,NS,1,C1 SPECIFIC
FBLN5,3.072881537052467,1.8088724263311182e-6,Up,1.3294816571743606,0.09889420407059711,NS,2.726723666736171,2.3951424377536914e-4,Up,2,SHARED C1 & C3
XM_005267267,3.072881537052467,1.8088724263311182e-6,Up,1.3294816571743606,0.09889420407059711,NS,2.726723666736171,2.3951424377536914e-4,Up,2,SHARED C1 & C3
CCDC68,1.9635634696550457,1.8088724263311182e-6,Up,0.8497999185120975,0.09889420407059711,NS,-1.100657398011811,0.004262347925723764,Down,1,C1 SPECIFIC
ARHGAP12,-1.350190401385781,1.8088724263311182e-6,Down,-0.006265880127909185,0.992201602679491,NS,-0.08946525277117878,0.7185386257578937,NS,0,DOWN IN LIMBUS
ATP23,-1.7474014796137904,1.8088724263311182e-6,Down,0.32338384963273725,0.5113106313721222,NS,-0.07211186571272954,0.8326787370129299,NS,0,DOWN IN LIMBUS
XM_005269223,-1.7474014796137904,1.8088724263311182e-6,Down,0.32338384963273725,0.5113106313721222,NS,-0.07211186571272954,0.8326787370129299,NS,0,DOWN IN LIMBUS
XM_006719689,-1.7474014796137904,1.8088724263311182e-6,Down,0.32338384963273725,0.5113106313721222,NS,-0.07211186571272954,0.8326787370129299,NS,0,DOWN IN LIMBUS
PLEKHM1,-1.519737111522713,1.8088724263311182e-6,Down,-0.371245820047891,0.36505409550746276,NS,-0.36939769099448583,0.14525972110052432,NS,0,DOWN IN LIMBUS
XM_006725632,-1.519737111522713,1.8088724263311182e-6,Down,-0.371245820047891,0.36505409550746276,NS,-0.36939769099448583,0.14525972110052432,NS,0,DOWN IN LIMBUS
ATP8B2,2.683754100767077,1.8280061704782533e-6,Up,1.0296662138574106,0.1481108075889422,NS,1.790714357450537,0.0014003382944233404,Up,2,SHARED C1 & C3
SH3PXD2B,1.6899248775752103,1.8280061704782533e-6,Up,0.45006263545380776,0.316964123079787,NS,0.1839195839276595,0.5266819117966005,NS,1,C1 SPECIFIC
PCDH18,3.195663584132287,1.8598669167437418e-6,Up,0.2073802127630664,0.8562501230649503,NS,2.449070705520131,6.106983244221264e-4,Up,2,SHARED C1 & C3
ADD3,1.5359185066672723,1.8598669167437418e-6,Up,-0.18625033120593137,0.6820161464545885,NS,0.5269769091339231,0.04945819258497774,NS,1,C1 SPECIFIC
XM_005269531,1.5359185066672723,1.8598669167437418e-6,Up,-0.18625033120593137,0.6820161464545885,NS,0.5269769091339231,0.04945819258497774,NS,1,C1 SPECIFIC
XM_005269534,1.5359185066672723,1.8598669167437418e-6,Up,-0.18625033120593137,0.6820161464545885,NS,0.5269769091339231,0.04945819258497774,NS,1,C1 SPECIFIC
ENG,1.9762889312435084,1.8598669167437418e-6,Up,-0.12165906429125961,0.8641046826820232,NS,1.341249780138619,0.0013269320116828503,Up,2,SHARED C1 & C3
CD200,2.6113054799905857,1.863748311807547e-6,Up,0.6046910765544382,0.3925000570408233,NS,1.7540420176112415,0.0013864158046556511,Up,2,SHARED C1 & C3
XM_005247481,2.6113054799905857,1.863748311807547e-6,Up,0.6046910765544382,0.3925000570408233,NS,1.7540420176112415,0.0013864158046556511,Up,2,SHARED C1 & C3
XM_005247483,2.6113054799905857,1.863748311807547e-6,Up,0.6046910765544382,0.3925000570408233,NS,1.7540420176112415,0.0013864158046556511,Up,2,SHARED C1 & C3
XM_005247485,2.6113054799905857,1.863748311807547e-6,Up,0.6046910765544382,0.3925000570408233,NS,1.7540420176112415,0.0013864158046556511,Up,2,SHARED C1 & C3
XM_005247491,2.6113054799905857,1.863748311807547e-6,Up,0.6046910765544382,0.3925000570408233,NS,1.7540420176112415,0.0013864158046556511,Up,2,SHARED C1 & C3
XM_006713648,2.6113054799905857,1.863748311807547e-6,Up,0.6046910765544382,0.3925000570408233,NS,1.7540420176112415,0.0013864158046556511,Up,2,SHARED C1 & C3
SLC43A3,2.675452791735432,1.868947629937667e-6,Up,0.9475044631901195,0.17927590792050202,NS,1.270084543295546,0.011738849364790784,Up,2,SHARED C1 & C3
HSD17B8,-1.3599590605620993,1.8843096242194744e-6,Down,-0.20415490858258956,0.5979093800321127,NS,-0.060070462423986726,0.8202196114243053,NS,0,DOWN IN LIMBUS
LIN7A,1.5975798664495318,1.890659673589313e-6,Up,0.5436438499014873,0.1961559673199192,NS,1.1679060559579044,8.376850942865207e-4,Up,2,SHARED C1 & C3
XM_005269212,1.5975798664495318,1.890659673589313e-6,Up,0.5436438499014873,0.1961559673199192,NS,1.1679060559579044,8.376850942865207e-4,Up,2,SHARED C1 & C3
SH3KBP1,2.5687442795659443,1.919263025613858e-6,Up,-0.34509432330374956,0.6481090192147899,NS,-1.3302106132441605,0.0072260424627695,Down,1,C1 SPECIFIC
DOCK11,2.702608094916573,1.976604112907334e-6,Up,0.153809268319816,0.8766624609525573,NS,1.8437069000612807,0.0013559211634147261,Up,2,SHARED C1 & C3
AGL,-1.5447649254259463,2.0129148219418927e-6,Down,0.6265254718982138,0.12509292046284617,NS,0.28754630335157216,0.2664638972217114,NS,0,DOWN IN LIMBUS
FBN1,3.1368035158192615,2.029540649753122e-6,Up,-0.18473077799878546,0.8735751197095963,NS,2.2614054836854516,9.670293013194833e-4,Up,2,SHARED C1 & C3
IL33,4.509829936605703,2.082186847445297e-6,Up,0.3293175148671663,0.8338438648409563,NS,2.2845524611302173,0.00859095413270928,Up,2,SHARED C1 & C3
CCBE1,2.3400986628424008,2.1803112814111094e-6,Up,0.732811782767099,0.2450807745919268,NS,1.0949621115306218,0.013637638113886597,Up,2,SHARED C1 & C3
ANKRD29,2.5785665659650676,2.2192201492736933e-6,Up,0.6961305403959059,0.32029493292457734,NS,0.8734834030595549,0.05530633007425905,NS,1,C1 SPECIFIC
DDIT4,2.1951789469674257,2.2221777957953784e-6,Up,-0.1252184435618986,0.877704556786898,NS,-0.840966139536981,0.034970318346267376,NS,1,C1 SPECIFIC
IFITM3,2.391816099468036,2.28328309352462e-6,Up,-0.10426241370938172,0.9120462035250494,NS,0.5743741569886591,0.1604341914758686,NS,1,C1 SPECIFIC
WIPF1,3.731115278013635,2.28328309352462e-6,Up,0.9751625856649992,0.33849515779150174,NS,2.5219117050969473,0.001543421505367882,Up,2,SHARED C1 & C3
FXYD5,2.6178100562598443,2.28328309352462e-6,Up,0.4604271011185155,0.544748274839472,NS,-0.6737309996821743,0.1334489253414763,NS,1,C1 SPECIFIC
XM_006723246,2.6178100562598443,2.28328309352462e-6,Up,0.4604271011185155,0.544748274839472,NS,-0.6737309996821743,0.1334489253414763,NS,1,C1 SPECIFIC
NEGR1,3.459102771719594,2.3806836954459935e-6,Up,0.6606775537490845,0.5113106313721222,NS,2.5577417573339742,9.031405905669744e-4,Up,2,SHARED C1 & C3
HSPB8,3.406632917290887,2.4105231855576956e-6,Up,-0.07810527608763884,0.9583380129010466,NS,0.19307132256268478,0.7701220769437748,NS,1,C1 SPECIFIC
F2RL2,3.9581579025977582,2.4482005101754697e-6,Up,1.7816847351903249,0.09842901546320916,NS,3.5999140276315833,2.4751311979565635e-4,Up,2,SHARED C1 & C3
ABCB4,2.010553585281016,2.4482005101754697e-6,Up,0.4681501877899388,0.404677431682212,NS,1.3294520684241462,0.001864172134068456,Up,2,SHARED C1 & C3
DEPTOR,1.7875282724022012,2.4488866646376475e-6,Up,0.0399075258625361,0.9593562890427983,NS,1.52235487814393,4.1049352438249056e-4,Up,2,SHARED C1 & C3
TNC,4.051636881901404,2.498364480105896e-6,Up,3.091895863185849,0.006029690930712592,Up,1.172055977049669,0.09818476810745405,NS,2,SHARED C1 & C2
NEXN,2.968177042100218,2.499301831504694e-6,Up,1.3810987723072596,0.09200581077037649,NS,2.1771309995973818,9.83082552102629e-4,Up,2,SHARED C1 & C3
PDGFRB,2.7355162039088343,2.5123703982807472e-6,Up,0.7048907059859486,0.35535777962811776,NS,2.52350047708033,2.3951424377536914e-4,Up,2,SHARED C1 & C3
NFIX,1.9271840328529768,2.5123703982807472e-6,Up,0.4687834201373313,0.3832107596834367,NS,1.738941019699224,2.586442051559289e-4,Up,2,SHARED C1 & C3
MREG,-1.6750988531947932,2.756226668172921e-6,Down,-0.25772190112752646,0.6030548026842456,NS,-1.3516807674403397,5.859792149297738e-4,Down,0,DOWN IN LIMBUS
FBXO3,-1.5172857660920318,2.810737134763412e-6,Down,-0.5602359322276902,0.17847353839792618,NS,-0.6793872640537977,0.019197033926266083,NS,0,DOWN IN LIMBUS
HES5,-1.8740445351352832,2.8730627375474987e-6,Down,-0.06335595099655933,0.9347101045994975,NS,0.10093055308353094,0.7854424358939158,NS,0,DOWN IN LIMBUS
RECK,2.9276210478042657,2.894656098715188e-6,Up,0.4153218507878833,0.6400539335999355,NS,2.4395052700769906,5.167608978049739e-4,Up,2,SHARED C1 & C3
PTPRJ,1.6031932324528535,2.9540540886364564e-6,Up,-0.17980121633385693,0.7248418768522582,NS,-0.5544854363830662,0.056478335680590956,NS,1,C1 SPECIFIC
GDPD2,-2.5063561082352175,2.9540540886364564e-6,Down,0.39886596917846173,0.5902790958991887,NS,0.36148395180376536,0.415168799220346,NS,0,DOWN IN LIMBUS
EYA4,2.2011983334944265,2.9690431543495365e-6,Up,1.231690818959979,0.040124880119860123,Up,1.8657797577970903,4.822124850046166e-4,Up,3,CORE - all 3 contrasts
XM_005266852,2.2011983334944265,2.9690431543495365e-6,Up,1.231690818959979,0.040124880119860123,Up,1.8657797577970903,4.822124850046166e-4,Up,3,CORE - all 3 contrasts
DLC1,3.204573522086265,3.0046899937384774e-6,Up,0.9928323677758897,0.26913547297006996,NS,2.185836257393701,0.001742897157200778,Up,2,SHARED C1 & C3
LAYN,2.9454938524865923,3.009511346704181e-6,Up,0.3039511569485116,0.7541300953771473,NS,-0.18313416503103674,0.7513625141594706,NS,1,C1 SPECIFIC
XM_006718770,2.9454938524865923,3.009511346704181e-6,Up,0.3039511569485116,0.7541300953771473,NS,-0.18313416503103674,0.7513625141594706,NS,1,C1 SPECIFIC
RADX,1.4530545904790397,3.0106208347530906e-6,Up,0.3530681500467949,0.3923256317272497,NS,0.19209807215487995,0.460006058905934,NS,1,C1 SPECIFIC
SLC8A1,1.8441450323203732,3.0852572582301703e-6,Up,-0.16600895848642772,0.7956312649338104,NS,1.3563742147491418,0.0010986232324334529,Up,2,SHARED C1 & C3
CSGALNACT1,2.9998442159775056,3.227595659110226e-6,Up,0.06191582653510608,0.9630476863490325,NS,1.6252409928811957,0.007415691884211007,Up,2,SHARED C1 & C3
XM_006716365,2.9998442159775056,3.227595659110226e-6,Up,0.06191582653510608,0.9630476863490325,NS,1.6252409928811957,0.007415691884211007,Up,2,SHARED C1 & C3
TLR6,-1.1284080896280857,3.276934152200576e-6,Down,-0.16626242789567858,0.6320068492352995,NS,-0.02757609295090724,0.9114391407890828,NS,0,DOWN IN LIMBUS
SLC40A1,4.824374426170266,3.282797219878904e-6,Up,-1.0651397820835946,0.44727569715440846,NS,2.8694709927069946,0.004366844056593133,Up,2,SHARED C1 & C3
PCSK5,-1.6869479230879483,3.3315276795676246e-06,Down,0.7207834270959941,0.1242670061460532,NS,0.41806124938619416,0.16241170303018063,NS,0,DOWN IN LIMBUS
RHOU,-2.7456265236492197,3.4244360980666196e-6,Down,0.8676612492673597,0.2652331179273546,NS,1.2020822997440472,0.023554259444741994,Up,1,C3 SPECIFIC
RPAIN,-1.4419321313767526,3.4250176953936054e-6,Down,-0.14675325319017762,0.7615995969977372,NS,-0.033081435505241785,0.9173144575045296,NS,0,DOWN IN LIMBUS
CD59,1.8711754978386121,3.452528495547999e-6,Up,-0.06082079927676709,0.9402009063044667,NS,-0.5132634745168305,0.12540261287199964,NS,1,C1 SPECIFIC
EBF1,4.5751597747639545,3.5864947576451497e-6,Up,-0.1250038388050072,0.9521418338382165,NS,3.1386924996188936,0.0018602147080111233,Up,2,SHARED C1 & C3
CPED1,2.4731740228383616,3.635961286442192e-6,Up,0.5190967316864832,0.4819912669717026,NS,1.9611694301007176,7.617585298510877e-4,Up,2,SHARED C1 & C3
MEF2C,2.97995613281734,3.635961286442192e-6,Up,0.21138491245667268,0.851835361883918,NS,2.1111911157508336,0.0015221503288539448,Up,2,SHARED C1 & C3
XM_006714619,2.97995613281734,3.635961286442192e-6,Up,0.21138491245667268,0.851835361883918,NS,2.1111911157508336,0.0015221503288539448,Up,2,SHARED C1 & C3
C4orf19,-2.694703763394462,3.665643649869632e-6,Down,-0.5711951244590088,0.4777437082039065,NS,-0.7297060875366821,0.13163340406513818,NS,0,DOWN IN LIMBUS
C6orf132,-1.92792274497406,3.68273495909293e-6,Down,0.2062365767828931,0.7484492338581541,NS,-0.5681537779175443,0.1042096807919694,NS,0,DOWN IN LIMBUS
SLC27A6,1.9858844731622312,3.842861140842433e-6,Up,-0.06535545581052737,0.9401410459160594,NS,-0.4701682553840696,0.18450520129960515,NS,1,C1 SPECIFIC
CAMK2D,1.7127305258200716,3.842861140842433e-6,Up,-0.21753504193847206,0.6919071880418421,NS,0.1617301649310967,0.6172803907832581,NS,1,C1 SPECIFIC
AOX1,3.2398897326754117,3.85821229009834e-6,Up,-0.2787119914239202,0.8117383787235403,NS,1.565366695410531,0.015503049085138713,Up,2,SHARED C1 & C3
PRELP,3.643752733630505,3.85821229009834e-6,Up,1.393779271758369,0.1775846018060309,NS,3.405666002210295,2.6214651713870154e-4,Up,2,SHARED C1 & C3
SERPINB8,-1.2861495878970253,3.912124459977708e-6,Down,-0.44129668379830544,0.22972799725771537,NS,-0.6975122721553673,0.008226327264446909,NS,0,DOWN IN LIMBUS
SLC12A6,-1.4252435642927619,4.080531737942605e-6,Down,-0.49579549500616693,0.22293272911065953,NS,-1.0177937450821561,0.0015524561694015945,Down,0,DOWN IN LIMBUS
STAT2,1.1509895882699759,4.144480728416577e-6,Up,0.45705391708699494,0.16731341019686094,NS,0.5842267526883091,0.012490157469919246,NS,1,C1 SPECIFIC
XM_005269111,1.1509895882699759,4.144480728416577e-6,Up,0.45705391708699494,0.16731341019686094,NS,0.5842267526883091,0.012490157469919246,NS,1,C1 SPECIFIC
XM_006719572,1.1509895882699759,4.144480728416577e-6,Up,0.45705391708699494,0.16731341019686094,NS,0.5842267526883091,0.012490157469919246,NS,1,C1 SPECIFIC
SMTN,1.444708312924183,4.177738366671706e-6,Up,0.33055146619716336,0.43999974340445097,NS,-0.3522560629192668,0.17669829449075855,NS,1,C1 SPECIFIC
XM_006724300,1.444708312924183,4.177738366671706e-6,Up,0.33055146619716336,0.43999974340445097,NS,-0.3522560629192668,0.17669829449075855,NS,1,C1 SPECIFIC
XM_006724303,1.444708312924183,4.177738366671706e-6,Up,0.33055146619716336,0.43999974340445097,NS,-0.3522560629192668,0.17669829449075855,NS,1,C1 SPECIFIC
XM_006724305,1.444708312924183,4.177738366671706e-6,Up,0.33055146619716336,0.43999974340445097,NS,-0.3522560629192668,0.17669829449075855,NS,1,C1 SPECIFIC
CCNI,1.1190403430758202,4.200606494269001e-6,Up,0.3158322347102569,0.32907491930903987,NS,0.02253604288530653,0.9287858862189231,NS,1,C1 SPECIFIC
GPR161,1.639914678644769,4.225369693919603e-6,Up,0.23973978420117703,0.6449861631515575,NS,0.010070431186786521,0.9796668963437732,NS,1,C1 SPECIFIC
IGFBP4,2.5958641160213514,4.286322067100949e-6,Up,0.18590914506054368,0.8532846319468101,NS,1.5829503984367799,0.004473628453598709,Up,2,SHARED C1 & C3
RNF39,-2.6314679969297767,4.286322067100949e-6,Down,-0.16481750275635054,0.8751631726470658,NS,0.3428492454133085,0.4846785038956505,NS,0,DOWN IN LIMBUS
LGALS1,3.0671323632635588,4.286322067100949e-6,Up,0.41002725622329095,0.6779019430296235,NS,-0.11462005808938258,0.8631234854102868,NS,1,C1 SPECIFIC
ATL2,-1.2810715406800801,4.286322067100949e-6,Down,-0.5894911771965523,0.10602206643410857,NS,-0.9033122465224022,0.0017918435210049692,NS,0,DOWN IN LIMBUS
NR_024191,-1.2810715406800801,4.286322067100949e-6,Down,-0.5894911771965523,0.10602206643410857,NS,-0.9033122465224022,0.0017918435210049692,NS,0,DOWN IN LIMBUS
XM_006712070,-1.2810715406800801,4.286322067100949e-6,Down,-0.5894911771965523,0.10602206643410857,NS,-0.9033122465224022,0.0017918435210049692,NS,0,DOWN IN LIMBUS
XM_006712072,-1.2810715406800801,4.286322067100949e-6,Down,-0.5894911771965523,0.10602206643410857,NS,-0.9033122465224022,0.0017918435210049692,NS,0,DOWN IN LIMBUS
MTARC2,1.3955777297017082,4.286322067100949e-6,Up,-0.009972997421716201,0.9890307638014827,NS,0.5883041161939593,0.03140130587469223,NS,1,C1 SPECIFIC
SH3BP5,2.6486774365064276,4.286322067100949e-6,Up,0.0808076993013831,0.9459246127297559,NS,1.7604866322020758,0.002671065691383053,Up,2,SHARED C1 & C3
XR_430154,-1.8375401959319948,4.286322067100949e-6,Down,0.14782660231177402,0.8298311945319107,NS,0.06560316483961692,0.8701765474439441,NS,0,DOWN IN LIMBUS
ZNF91,-1.8375401959319948,4.286322067100949e-6,Down,0.14782660231177402,0.8298311945319107,NS,0.06560316483961692,0.8701765474439441,NS,0,DOWN IN LIMBUS
GYPC,2.056541024962681,4.294441310493702e-6,Up,0.2599587320098422,0.6998796982710142,NS,1.6065251421881959,9.390845863294326e-4,Up,2,SHARED C1 & C3
XM_006712460,2.056541024962681,4.294441310493702e-6,Up,0.2599587320098422,0.6998796982710142,NS,1.6065251421881959,9.390845863294326e-4,Up,2,SHARED C1 & C3
E2F3,1.2483890774849336,4.485815003032472e-6,Up,-0.09046013673996178,0.8524121418212296,NS,-0.14166983209909745,0.5507354480169158,NS,1,C1 SPECIFIC
FLT1,2.1538325568266377,4.485815003032472e-6,Up,0.592952874369125,0.35120990860825185,NS,1.6587476868581783,0.0010782402789622717,Up,2,SHARED C1 & C3
ABAT,-1.4055301928079622,4.485815003032472e-6,Down,-0.2653951283132221,0.5442382464177717,NS,-0.3972180725718619,0.12533965134093317,NS,0,DOWN IN LIMBUS
MPDZ,2.470769138921053,4.503827864563762e-6,Up,0.2782032254227573,0.7402092812313547,NS,0.44405658348884813,0.3264004469461871,NS,1,C1 SPECIFIC
PDGFD,2.5392901964836625,4.5049813332571025e-6,Up,0.2828338981361309,0.7438772082334246,NS,2.2687195389459944,4.663019265166741e-4,Up,2,SHARED C1 & C3
AKT3,2.2570568179016703,4.5049813332571025e-6,Up,0.47651865435758367,0.494600898330231,NS,-0.1161451044514088,0.8070142180759197,NS,1,C1 SPECIFIC
XM_006711726,2.2570568179016703,4.5049813332571025e-6,Up,0.47651865435758367,0.494600898330231,NS,-0.1161451044514088,0.8070142180759197,NS,1,C1 SPECIFIC
L3MBTL4,-1.1967695294399947,4.519614522426078e-6,Down,0.38182920990555136,0.27825366710581273,NS,-0.10648327556948534,0.6480907028350739,NS,0,DOWN IN LIMBUS
RGL1,2.233242689068028,4.585513820976568e-6,Up,0.2730489976550885,0.7146912420073271,NS,2.0983451843708414,2.998000871049445e-4,Up,2,SHARED C1 & C3
PLIN2,1.9406141476732515,4.585513820976568e-6,Up,-0.6540097266173728,0.24770675924144195,NS,0.6897075872799512,0.06093647724685659,NS,1,C1 SPECIFIC
XM_006716719,1.9406141476732515,4.585513820976568e-6,Up,-0.6540097266173728,0.24770675924144195,NS,0.6897075872799512,0.06093647724685659,NS,1,C1 SPECIFIC
CHPT1,2.4864312952375096,4.633301995328399e-6,Up,0.395651193681946,0.6140039611706534,NS,1.359093780938446,0.008960105921034049,Up,2,SHARED C1 & C3
XM_005269036,2.4864312952375096,4.633301995328399e-6,Up,0.395651193681946,0.6140039611706534,NS,1.359093780938446,0.008960105921034049,Up,2,SHARED C1 & C3
TLDC2,-1.392837322196665,4.6629543143762336e-6,Down,0.2368395892108497,0.5856152518106137,NS,0.33978433329015667,0.18268031459464956,NS,0,DOWN IN LIMBUS
NNMT,3.0360651870854998,4.827420803616197e-6,Up,1.4916199723906232,0.09789533791216233,NS,2.889413112358186,2.822823060327568e-4,Up,2,SHARED C1 & C3
GRAMD1A,1.0296142314951249,5.2290125673868465e-6,Up,0.2772286609349699,0.37251014326386744,NS,0.0013334912777214214,0.995756069245102,NS,1,C1 SPECIFIC
XM_006723298,1.0296142314951249,5.2290125673868465e-6,Up,0.2772286609349699,0.37251014326386744,NS,0.0013334912777214214,0.995756069245102,NS,1,C1 SPECIFIC
KANK2,2.18591528741827,5.2410904429383765e-6,Up,0.7486869026537359,0.24573220365496223,NS,1.6041278477400516,0.0015745994245489974,Up,2,SHARED C1 & C3
BMP4,2.0041777169721673,5.427261429561479e-6,Up,1.213504047198307,0.037601959330208046,Up,1.7029529407331943,6.269924517682951e-4,Up,3,CORE - all 3 contrasts
XM_005268015,2.0041777169721673,5.427261429561479e-6,Up,1.213504047198307,0.037601959330208046,Up,1.7029529407331943,6.269924517682951e-4,Up,3,CORE - all 3 contrasts
EFHD2,-1.308661709003836,5.458711198392879e-6,Down,-0.6469902967676564,0.09789533791216233,NS,-1.2708579742827038,2.6214651713870154e-4,Down,0,DOWN IN LIMBUS
ARSG,-1.4378780538831277,5.723872733203241e-6,Down,-0.21331338729179006,0.652758332231399,NS,0.4633417556680923,0.09155999967817902,NS,0,DOWN IN LIMBUS
XM_005257170,-1.4378780538831277,5.723872733203241e-6,Down,-0.21331338729179006,0.652758332231399,NS,0.4633417556680923,0.09155999967817902,NS,0,DOWN IN LIMBUS
XM_005257172,-1.4378780538831277,5.723872733203241e-6,Down,-0.21331338729179006,0.652758332231399,NS,0.4633417556680923,0.09155999967817902,NS,0,DOWN IN LIMBUS
XM_006721780,-1.4378780538831277,5.723872733203241e-6,Down,-0.21331338729179006,0.652758332231399,NS,0.4633417556680923,0.09155999967817902,NS,0,DOWN IN LIMBUS
GBP4,1.7338273182322217,5.723872733203241e-6,Up,0.3075732141092473,0.5755136900407584,NS,-0.03017213580097522,0.9403586594329191,NS,1,C1 SPECIFIC
SOCS2,2.3447533252256934,5.723872733203241e-6,Up,0.3313375855034373,0.6696541462857776,NS,0.4860029593108921,0.26639760706941684,NS,1,C1 SPECIFIC
XM_005269213,2.3447533252256934,5.723872733203241e-6,Up,0.3313375855034373,0.6696541462857776,NS,0.4860029593108921,0.26639760706941684,NS,1,C1 SPECIFIC
XM_006719673,2.3447533252256934,5.723872733203241e-6,Up,0.3313375855034373,0.6696541462857776,NS,0.4860029593108921,0.26639760706941684,NS,1,C1 SPECIFIC
XM_006719674,2.3447533252256934,5.723872733203241e-6,Up,0.3313375855034373,0.6696541462857776,NS,0.4860029593108921,0.26639760706941684,NS,1,C1 SPECIFIC
MTMR1,-1.0544625325915296,5.723872733203241e-6,Down,-0.5020483406778635,0.10515776057041382,NS,-0.7603316295431886,0.0018839304919960774,NS,0,DOWN IN LIMBUS
XR_247319,-1.0544625325915296,5.723872733203241e-6,Down,-0.5020483406778635,0.10515776057041382,NS,-0.7603316295431886,0.0018839304919960774,NS,0,DOWN IN LIMBUS
XR_430557,-1.0544625325915296,5.723872733203241e-6,Down,-0.5020483406778635,0.10515776057041382,NS,-0.7603316295431886,0.0018839304919960774,NS,0,DOWN IN LIMBUS
ZDHHC5,-1.0327711179661305,5.723872733203241e-6,Down,-0.025115445726438423,0.9596775961414505,NS,-0.4026524564193039,0.04810423299985581,NS,0,DOWN IN LIMBUS
GULP1,2.802033868993246,5.723872733203241e-6,Up,0.20916211017829234,0.8519116249960237,NS,0.8739990591808482,0.10204096387750108,NS,1,C1 SPECIFIC
NR_045562,2.802033868993246,5.723872733203241e-6,Up,0.20916211017829234,0.8519116249960237,NS,0.8739990591808482,0.10204096387750108,NS,1,C1 SPECIFIC
NR_045563,2.802033868993246,5.723872733203241e-6,Up,0.20916211017829234,0.8519116249960237,NS,0.8739990591808482,0.10204096387750108,NS,1,C1 SPECIFIC
XM_006712586,2.802033868993246,5.723872733203241e-6,Up,0.20916211017829234,0.8519116249960237,NS,0.8739990591808482,0.10204096387750108,NS,1,C1 SPECIFIC
XM_006712588,2.802033868993246,5.723872733203241e-6,Up,0.20916211017829234,0.8519116249960237,NS,0.8739990591808482,0.10204096387750108,NS,1,C1 SPECIFIC
PMVK,-1.0802863581558295,5.794236175018046e-6,Down,0.1116413498841542,0.7741157590157132,NS,0.049402376878383336,0.8365408792480571,NS,0,DOWN IN LIMBUS
RELL1,-1.4937720180064211,5.844456009612941e-6,Down,0.012310519981198809,0.9884308228940822,NS,-0.018693258030486604,0.957889539210244,NS,0,DOWN IN LIMBUS
XR_427509,-1.4937720180064211,5.844456009612941e-6,Down,0.012310519981198809,0.9884308228940822,NS,-0.018693258030486604,0.957889539210244,NS,0,DOWN IN LIMBUS
PIEZO1,1.321979581344645,5.879810105310207e-6,Up,-0.008610445472621464,0.9905803170995348,NS,-0.1090987295340824,0.6853295268562112,NS,1,C1 SPECIFIC
ARMCX2,1.7716361987725158,5.963562808207376e-6,Up,0.4833580942491391,0.37541649162806656,NS,0.13947321600286422,0.7033350986117177,NS,1,C1 SPECIFIC
RHOD,-1.413384776559016,5.963562808207376e-6,Down,-0.24900990607144902,0.5806774713988208,NS,-1.0302234956136838,0.0018337001174795519,Down,0,DOWN IN LIMBUS
CAPS,-1.90244047930684,6.184115010080629e-6,Down,-0.6264157340126042,0.278736575295339,NS,-1.0296174016408193,0.011195578294081385,Down,0,DOWN IN LIMBUS
KIF13A,-1.7313486697689147,6.184115010080629e-6,Down,-0.22045790999968773,0.7124587317848734,NS,-0.2581854865574913,0.4396919367292192,NS,0,DOWN IN LIMBUS
TMEM98,1.9299961017455631,6.184115010080629e-6,Up,0.17855380516752106,0.8091788143601087,NS,0.8066285000370002,0.038103221166255474,NS,1,C1 SPECIFIC
DSC1,-2.3069513626381593,6.184115010080629e-6,Down,1.330902136847925,0.0515721339160813,NS,0.23269044343043976,0.6132589518289612,NS,0,DOWN IN LIMBUS
XM_005269604,2.4909189938453817,6.184115010080629e-6,Up,0.45148418305390337,0.5706012641374754,NS,2.065304548512258,8.291715889128688e-4,Up,2,SHARED C1 & C3
ZCCHC24,2.4909189938453817,6.184115010080629e-6,Up,0.45148418305390337,0.5706012641374754,NS,2.065304548512258,8.291715889128688e-4,Up,2,SHARED C1 & C3
IGFBP5,4.7737086409349425,6.213322742965974e-6,Up,0.7147981932210161,0.6532365880524899,NS,3.8046771378436457,0.0010986232324334529,Up,2,SHARED C1 & C3
KCNN4,-2.029062180178985,6.213322742965974e-6,Down,0.14037223098134177,0.8661244783001159,NS,-1.0842017917222675,0.012329553142146487,Down,0,DOWN IN LIMBUS
NR_024554,2.50386751799428,6.213322742965974e-6,Up,0.5199048631228944,0.5180733219270007,NS,1.1392014197971765,0.02713878130051729,Up,2,SHARED C1 & C3
NR_024555,2.50386751799428,6.213322742965974e-6,Up,0.5199048631228944,0.5180733219270007,NS,1.1392014197971765,0.02713878130051729,Up,2,SHARED C1 & C3
RHOBTB1,2.50386751799428,6.213322742965974e-6,Up,0.5199048631228944,0.5180733219270007,NS,1.1392014197971765,0.02713878130051729,Up,2,SHARED C1 & C3
XM_006718089,2.50386751799428,6.213322742965974e-6,Up,0.5199048631228944,0.5180733219270007,NS,1.1392014197971765,0.02713878130051729,Up,2,SHARED C1 & C3
XR_428729,2.50386751799428,6.213322742965974e-6,Up,0.5199048631228944,0.5180733219270007,NS,1.1392014197971765,0.02713878130051729,Up,2,SHARED C1 & C3
LIMCH1,2.54286654592281,6.213322742965974e-6,Up,0.33406387136992244,0.7009729192482037,NS,1.5708267438191559,0.005332105722597412,Up,2,SHARED C1 & C3
XM_005248070,2.54286654592281,6.213322742965974e-6,Up,0.33406387136992244,0.7009729192482037,NS,1.5708267438191559,0.005332105722597412,Up,2,SHARED C1 & C3
TP53I3,-1.1544457898712608,6.213322742965974e-6,Down,-0.5938785749674498,0.09141316777348743,NS,-0.5190632015255083,0.028498346220752695,NS,0,DOWN IN LIMBUS
ARRDC1,-1.1440102604610427,6.219111237351466e-6,Down,-0.404146642312754,0.24035424018925136,NS,-0.7034924980005082,0.005413379139633913,NS,0,DOWN IN LIMBUS
WWOX,-1.1756212668525041,6.372135248208959e-6,Down,0.02836616465138153,0.9609851072603972,NS,0.29690706045773574,0.18291640336538417,NS,0,DOWN IN LIMBUS
XR_243411,-1.1756212668525041,6.372135248208959e-6,Down,0.02836616465138153,0.9609851072603972,NS,0.29690706045773574,0.18291640336538417,NS,0,DOWN IN LIMBUS
ELOVL7,3.0012274921379674,6.372135248208959e-6,Up,0.23346129832983387,0.8476243553544762,NS,-0.03475314568804322,0.9627306030888553,NS,1,C1 SPECIFIC
CRYBG1,-1.8799090200371253,6.443683751499301e-6,Down,0.49923049263613706,0.3907466010534412,NS,-0.14814565297547055,0.7069108056543075,NS,0,DOWN IN LIMBUS
AXL,1.8019074010361535,6.443683751499301e-6,Up,0.5452347283932646,0.32159848692635057,NS,0.8866534322668667,0.01913643887071123,NS,1,C1 SPECIFIC
TNXA,2.2780877574090956,6.443683751499301e-6,Up,-0.6509234208378096,0.35517458193029666,NS,1.5850333546768987,0.0026931354450960327,Up,2,SHARED C1 & C3
TNXB,2.2780877574090956,6.443683751499301e-6,Up,-0.6509234208378096,0.35517458193029666,NS,1.5850333546768987,0.0026931354450960327,Up,2,SHARED C1 & C3
EMP3,2.1161117247303176,6.443683751499301e-6,Up,0.18028797679791886,0.8269953562651157,NS,0.2624705698716543,0.5304308957837137,NS,1,C1 SPECIFIC
WNT7B,-1.2020945424069573,6.443683751499301e-6,Down,0.37333652080153534,0.30925460808368993,NS,-0.20875581366334028,0.36606464968093183,NS,0,DOWN IN LIMBUS
C1RL,1.4812717260426123,6.443683751499301e-6,Up,-0.18884390606942958,0.7144436883867923,NS,0.8593332293104776,0.007887229233513801,NS,1,C1 SPECIFIC
XM_005253385,1.4812717260426123,6.443683751499301e-6,Up,-0.18884390606942958,0.7144436883867923,NS,0.8593332293104776,0.007887229233513801,NS,1,C1 SPECIFIC
XM_006719084,1.4812717260426123,6.443683751499301e-6,Up,-0.18884390606942958,0.7144436883867923,NS,0.8593332293104776,0.007887229233513801,NS,1,C1 SPECIFIC
XM_006719085,1.4812717260426123,6.443683751499301e-6,Up,-0.18884390606942958,0.7144436883867923,NS,0.8593332293104776,0.007887229233513801,NS,1,C1 SPECIFIC
ARMCX6,1.702825314983781,6.463038720175211e-6,Up,-0.06462347262384505,0.9328495185541681,NS,-0.005421725289105339,0.9898713211340808,NS,1,C1 SPECIFIC
XM_006724665,1.702825314983781,6.463038720175211e-6,Up,-0.06462347262384505,0.9328495185541681,NS,-0.005421725289105339,0.9898713211340808,NS,1,C1 SPECIFIC
CSF1,1.1856707658573784,6.463038720175211e-6,Up,0.49748335402680066,0.16731341019686094,NS,1.0241289826289437,6.648811612024052e-4,Up,2,SHARED C1 & C3
FAM83F,-1.3751059041542302,6.528332959757841e-6,Down,-0.13873601285602888,0.786640414861446,NS,-0.6205769866246449,0.029079244003825278,NS,0,DOWN IN LIMBUS
TUFT1,-1.8495741906041996,6.681348846020117e-6,Down,0.6104199379549655,0.28412390137616667,NS,0.11288080714681392,0.7791900084277692,NS,0,DOWN IN LIMBUS
XM_006722679,-1.4043822669269095,6.681348846020117e-6,Down,-0.5594316892799207,0.18758827543578827,NS,-0.5973838051464564,0.037464356725515825,NS,0,DOWN IN LIMBUS
XM_006722680,-1.4043822669269095,6.681348846020117e-6,Down,-0.5594316892799207,0.18758827543578827,NS,-0.5973838051464564,0.037464356725515825,NS,0,DOWN IN LIMBUS
ZNF675,-1.4043822669269095,6.681348846020117e-6,Down,-0.5594316892799207,0.18758827543578827,NS,-0.5973838051464564,0.037464356725515825,NS,0,DOWN IN LIMBUS
CAMSAP3,-1.4822472088779683,6.681348846020117e-6,Down,-0.09962528947122973,0.8734816895476651,NS,-0.5187515439876043,0.07523336069639168,NS,0,DOWN IN LIMBUS
LRRN4CL,1.9966060065843507,6.820949040548993e-6,Up,-0.14938435754300095,0.8562501230649503,NS,1.83383542293811,5.167608978049739e-4,Up,2,SHARED C1 & C3
CREG2,-3.2474029936915914,6.924896536307933e-6,Down,1.5000600730288642,0.12735106932263887,NS,-0.46406465856199386,0.4684986551666468,NS,0,DOWN IN LIMBUS
JAM3,2.1427728874831944,6.9439501715890755e-6,Up,1.2365462847271633,0.05610262130633479,NS,0.8841489411446553,0.042818925250435555,NS,1,C1 SPECIFIC
GDA,-3.298399517396514,6.957244249240458e-6,Down,-0.25736625543275693,0.8489327803898759,NS,-1.5347912604284888,0.026047078178580787,Down,0,DOWN IN LIMBUS
SUCO,-1.8186584424868535,7.00234342045919e-6,Down,1.2740754731636201,0.021473634178250822,Up,0.09637573427666801,0.8116954799840072,NS,1,C2 SPECIFIC
XM_005245251,-1.8186584424868535,7.00234342045919e-6,Down,1.2740754731636201,0.021473634178250822,Up,0.09637573427666801,0.8116954799840072,NS,1,C2 SPECIFIC
MGLL,2.668864345966667,7.1036423604068955e-6,Up,-0.2945554413311715,0.7624278509942222,NS,1.0767058999492445,0.04698739815738136,Up,2,SHARED C1 & C3
COBLL1,-1.5842959742991027,7.235801738858416e-6,Down,-0.6242431777450603,0.19552759830912683,NS,-0.05381676220538578,0.8851732595854714,NS,0,DOWN IN LIMBUS
ANKRD20A1,-2.171454713842796,7.235801738858416e-6,Down,0.07963079501566561,0.9370844274042448,NS,0.45022289877928756,0.28168170478676935,NS,0,DOWN IN LIMBUS
ANKRD20A2P,-2.171454713842796,7.235801738858416e-6,Down,0.07963079501566561,0.9370844274042448,NS,0.45022289877928756,0.28168170478676935,NS,0,DOWN IN LIMBUS
ANKRD20A3P,-2.171454713842796,7.235801738858416e-6,Down,0.07963079501566561,0.9370844274042448,NS,0.45022289877928756,0.28168170478676935,NS,0,DOWN IN LIMBUS
ANKRD20A4P,-2.171454713842796,7.235801738858416e-6,Down,0.07963079501566561,0.9370844274042448,NS,0.45022289877928756,0.28168170478676935,NS,0,DOWN IN LIMBUS
ANKRD20A5P,-2.171454713842796,7.235801738858416e-6,Down,0.07963079501566561,0.9370844274042448,NS,0.45022289877928756,0.28168170478676935,NS,0,DOWN IN LIMBUS
ANKRD20A9P,-2.171454713842796,7.235801738858416e-6,Down,0.07963079501566561,0.9370844274042448,NS,0.45022289877928756,0.28168170478676935,NS,0,DOWN IN LIMBUS
XM_005272525,-2.171454713842796,7.235801738858416e-6,Down,0.07963079501566561,0.9370844274042448,NS,0.45022289877928756,0.28168170478676935,NS,0,DOWN IN LIMBUS
CEP126,1.8334782190754755,7.235801738858416e-6,Up,1.1652786748535195,0.03693409374694149,Up,1.7081800168901742,5.085934599368786e-4,Up,3,CORE - all 3 contrasts
ABCA8,3.624271576739962,7.235801738858416e-6,Up,-0.027821558545539915,0.9890307638014827,NS,2.4743978503548947,0.0033132955277858254,Up,2,SHARED C1 & C3
XR_243626,3.624271576739962,7.235801738858416e-6,Up,-0.027821558545539915,0.9890307638014827,NS,2.4743978503548947,0.0033132955277858254,Up,2,SHARED C1 & C3
SNHG32,1.305979971484378,7.443584738701466e-6,Up,0.447890590074552,0.2707271018332633,NS,0.5810250028553074,0.032965849223014675,NS,1,C1 SPECIFIC
ANTXR1,2.854165065149207,7.5082487171235406e-6,Up,0.8913251085152787,0.3148147550353207,NS,2.1545339446353626,0.0017872162374909365,Up,2,SHARED C1 & C3
HLF,-3.0816030562165633,7.586498250897148e-6,Down,1.217625954164486,0.1961559673199192,NS,2.001892410263739,0.00459154910230915,Up,1,C3 SPECIFIC
AKAP12,2.6964661839540387,7.888491314647703e-6,Up,-0.2545623051502499,0.8104870813516791,NS,0.7519820521296499,0.15475504819846617,NS,1,C1 SPECIFIC
MYL9,2.657003316319849,7.928509170799305e-6,Up,1.0953445721128032,0.17927590792050202,NS,2.0176632264119823,0.0017729398420806709,Up,2,SHARED C1 & C3
LRRC32,1.6755648640462697,8.034155427091871e-6,Up,0.5317719350053798,0.30925460808368993,NS,1.3575882426842076,0.0011699681646464015,Up,2,SHARED C1 & C3
XM_005273902,1.6755648640462697,8.034155427091871e-6,Up,0.5317719350053798,0.30925460808368993,NS,1.3575882426842076,0.0011699681646464015,Up,2,SHARED C1 & C3
ARL5B,-2.1399951186996575,8.187246318868263e-6,Down,-0.23174111563662914,0.7728277323370815,NS,-0.08439397030251872,0.8662600398789531,NS,0,DOWN IN LIMBUS
DSC2,-2.130625782031916,8.402431409412944e-6,Down,1.4120889195117794,0.03243088929809399,Up,-1.1578090623299397,0.013322630603882338,Down,1,C2 SPECIFIC
VCAM1,2.33914204195594,8.410599216635022e-6,Up,1.134589366104052,0.11636386681173698,NS,1.9848129136564987,9.031405905669744e-4,Up,2,SHARED C1 & C3
SH3TC1,-1.7555778081826432,8.816621374139671e-6,Down,0.8392555982229091,0.12409713662969922,NS,-0.1953292500891699,0.5895239470141906,NS,0,DOWN IN LIMBUS
OSMR,3.1023254608028132,8.816621374139671e-6,Up,-0.6235966097471355,0.5478943806336491,NS,-0.6426335158819274,0.29118778843015747,NS,1,C1 SPECIFIC
FAM169A,-2.8898060131029606,8.816621374139671e-6,Down,1.4807997334178573,0.10053921219398275,NS,0.17358561103179415,0.7897987575763873,NS,0,DOWN IN LIMBUS
THRB,2.874554059220201,8.816621374139671e-6,Up,0.3253211106063727,0.7616515259021627,NS,1.141719350226312,0.05339969451744321,NS,1,C1 SPECIFIC
XM_005265425,2.874554059220201,8.816621374139671e-6,Up,0.3253211106063727,0.7616515259021627,NS,1.141719350226312,0.05339969451744321,NS,1,C1 SPECIFIC
URB1-AS1,-1.2516220039410557,8.816621374139671e-6,Down,-0.36723832448164817,0.35872630203240047,NS,-0.03554688053361854,0.9076618221858048,NS,0,DOWN IN LIMBUS
ACTA2,2.7483346680483356,8.921826561586455e-6,Up,0.8093476655857863,0.35664725718444273,NS,1.9929674000696416,0.0025945681134711194,Up,2,SHARED C1 & C3
ARNT2,1.3374779567513873,8.948887745525787e-6,Up,0.23895162660347058,0.594848887086033,NS,1.1808377740495848,7.304966083287009e-4,Up,2,SHARED C1 & C3
LTBP2,3.234716118734857,8.948887745525787e-6,Up,1.54725192958358,0.12409713662969922,NS,1.9048674808876562,0.008905140614814544,Up,2,SHARED C1 & C3
SAV1,1.2929296410551974,8.948887745525787e-6,Up,0.1173321494856161,0.8223288398265939,NS,0.340899812090413,0.18099168887454317,NS,1,C1 SPECIFIC
GBP1,1.762519691894485,8.948887745525787e-6,Up,-0.5873524965314285,0.2956125160512695,NS,0.46856174392787686,0.1775623579102603,NS,1,C1 SPECIFIC
XM_006710573,1.762519691894485,8.948887745525787e-6,Up,-0.5873524965314285,0.2956125160512695,NS,0.46856174392787686,0.1775623579102603,NS,1,C1 SPECIFIC
RCAN2,3.400008495915774,8.948887745525787e-6,Up,1.0353164825927585,0.33433800678049486,NS,2.9431196195115072,8.291715889128688e-4,Up,2,SHARED C1 & C3
XM_006714948,3.400008495915774,8.948887745525787e-6,Up,1.0353164825927585,0.33433800678049486,NS,2.9431196195115072,8.291715889128688e-4,Up,2,SHARED C1 & C3
ADGRA2,3.292915380054122,9.068949346089163e-6,Up,0.9073814739479369,0.3908962521440654,NS,2.7021383147962315,0.0011699681646464015,Up,2,SHARED C1 & C3
PRSS12,2.605411867361381,9.195746770248182e-6,Up,-0.9541187963379363,0.24502023394285757,NS,0.12066473668267097,0.8429214110137961,NS,1,C1 SPECIFIC
CACNA1D,-3.067033056323166,9.299021666844089e-6,Down,0.5269363570447307,0.6141197118557761,NS,0.4952926671591289,0.42266999544489137,NS,0,DOWN IN LIMBUS
RBMS1,1.3909875169212587,9.300371019262353e-6,Up,-0.06809061896395185,0.9159361088463811,NS,0.07522707381634852,0.8138054331314407,NS,1,C1 SPECIFIC
CD47,1.2214949436854763,9.456447796670879e-6,Up,0.18907206567585533,0.6595690324165707,NS,0.25501558159250237,0.2916065459027829,NS,1,C1 SPECIFIC
BCO2,-1.6260302586360833,9.456447796670879e-6,Down,0.12075827654024707,0.8632228024399473,NS,-0.06464399779293029,0.8672806845630654,NS,0,DOWN IN LIMBUS
SVEP1,3.7480713746489185,9.80562888440657e-6,Up,2.103097986367434,0.07677638623888353,NS,3.9241423881122257,2.546021175302853e-4,Up,2,SHARED C1 & C3
RNF38,-1.4830439676808105,9.80562888440657e-6,Down,-0.21182807053421282,0.688114680875396,NS,-0.13422585903542927,0.6731791094173686,NS,0,DOWN IN LIMBUS
XM_005251364,-1.4830439676808105,9.80562888440657e-6,Down,-0.21182807053421282,0.688114680875396,NS,-0.13422585903542927,0.6731791094173686,NS,0,DOWN IN LIMBUS
RNF152,-1.7774697555250287,1.0071827987349848e-5,Down,-0.44551915754106997,0.4460658423932495,NS,-0.5869111380299574,0.10376378824905512,NS,0,DOWN IN LIMBUS
THBS2,2.754357807734795,1.0121965629371733e-5,Up,-1.015133751568154,0.24705105437149705,NS,1.4586716290207082,0.01663002061076527,Up,2,SHARED C1 & C3
ADH1B,4.8560174362637145,1.0121965629371733e-5,Up,-0.7808762546998338,0.646551742775049,NS,3.6533117521198566,0.0021828121953350117,Up,2,SHARED C1 & C3
KCNE4,3.380926900540893,1.0255228429929966e-5,Up,2.9500945654893096,0.006553911416497274,Up,3.1274444436515294,6.07669406136539e-4,Up,3,CORE - all 3 contrasts
GLDN,2.6437480256838457,1.041397893730578e-5,Up,0.22673261850572501,0.8365002094565318,NS,2.067474694581505,0.001742897157200778,Up,2,SHARED C1 & C3
STEAP1,2.725822955782114,1.0515746700098448e-5,Up,-0.9734158605749794,0.2652331179273546,NS,0.40832886374213473,0.4661453018464137,NS,1,C1 SPECIFIC
ASPN,2.9053302909035708,1.082033940530888e-5,Up,0.7897884618513409,0.40721082323509733,NS,2.2754796998605897,0.0017714263275663373,Up,2,SHARED C1 & C3
TTC7B,1.6425262737918818,1.1252270374752899e-5,Up,0.1431956089246018,0.8339361553875498,NS,0.2242994862774328,0.5115488290013069,NS,1,C1 SPECIFIC
PIK3R3,1.9018639341309171,1.1589222751879085e-5,Up,0.23807534527130514,0.7381360617717262,NS,0.7482385114242289,0.060406655685106,NS,1,C1 SPECIFIC
BRI3BP,-1.105308929461966,1.1696692231560064e-5,Down,-0.07924650647451159,0.8717227258378407,NS,-0.5652882388742579,0.02133190474118005,NS,0,DOWN IN LIMBUS
FLI1,2.7678902689921507,1.1773590505533015e-5,Up,0.1640880716765638,0.8965420921240882,NS,2.0503098956045873,0.002671065691383053,Up,2,SHARED C1 & C3
ARHGAP26,1.9760482650831506,1.1773590505533015e-5,Up,0.1988622280481227,0.8044484385267936,NS,0.8399491495837337,0.04653560044404618,NS,1,C1 SPECIFIC
XM_005268403,1.9760482650831506,1.1773590505533015e-5,Up,0.1988622280481227,0.8044484385267936,NS,0.8399491495837337,0.04653560044404618,NS,1,C1 SPECIFIC
XM_006714773,1.9760482650831506,1.1773590505533015e-5,Up,0.1988622280481227,0.8044484385267936,NS,0.8399491495837337,0.04653560044404618,NS,1,C1 SPECIFIC
PTPRK,1.4796953049291321,1.1773590505533015e-5,Up,-0.27463229472629536,0.5878793187364874,NS,-0.898934176075775,0.008666861099165835,NS,1,C1 SPECIFIC
XM_006715539,1.4796953049291321,1.1773590505533015e-5,Up,-0.27463229472629536,0.5878793187364874,NS,-0.898934176075775,0.008666861099165835,NS,1,C1 SPECIFIC
XM_006725027,1.4796953049291321,1.1773590505533015e-5,Up,-0.27463229472629536,0.5878793187364874,NS,-0.898934176075775,0.008666861099165835,NS,1,C1 SPECIFIC
HERC5,2.7425601440656076,1.1853897877467661e-5,Up,0.5446483538202633,0.5622147863676192,NS,1.2296476363109239,0.03812367458444565,Up,2,SHARED C1 & C3
KCNT2,3.7466227126695495,1.1990384658146332e-5,Up,0.93814115882968,0.4551355690831421,NS,3.041313442345256,0.0014650092823238544,Up,2,SHARED C1 & C3
CFHR2,1.2770648846579533,1.205318801543678e-5,Up,0.4242432636908182,0.30734006641925776,NS,0.7282959802780251,0.012633955900392898,NS,1,C1 SPECIFIC
XM_006711285,1.2770648846579533,1.205318801543678e-5,Up,0.4242432636908182,0.30734006641925776,NS,0.7282959802780251,0.012633955900392898,NS,1,C1 SPECIFIC
RILPL2,1.066960383263794,1.2198059153756543e-5,Up,-0.21251706026682804,0.5622050921602415,NS,0.5257724441655824,0.02596300084291703,NS,1,C1 SPECIFIC
FBXO17,1.6268655714972162,1.2220500458867601e-5,Up,0.5229559057515862,0.3242370129971316,NS,0.9741770511050758,0.009648107131828898,NS,1,C1 SPECIFIC
GPM6B,3.9584265332619237,1.2220500458867601e-5,Up,0.8597662567159263,0.5299164613970286,NS,2.3019391766050017,0.0114410709189101,Up,2,SHARED C1 & C3
XM_005274490,3.9584265332619237,1.2220500458867601e-5,Up,0.8597662567159263,0.5299164613970286,NS,2.3019391766050017,0.0114410709189101,Up,2,SHARED C1 & C3
KCNG3,-2.4166090623123324,1.2232303100067434e-5,Down,0.11541347506059108,0.918770686745887,NS,-0.7253023532870628,0.14334669118364646,NS,0,DOWN IN LIMBUS
ARHGAP31,1.889222183838358,1.2293755374923714e-5,Up,0.2606043494327306,0.7103966774297021,NS,0.4174585515920688,0.27638256509806913,NS,1,C1 SPECIFIC
PRRX1,2.9802283266035854,1.2468377132745893e-5,Up,1.1638514738834296,0.22950534496962718,NS,2.7780393891640625,6.269924517682951e-4,Up,2,SHARED C1 & C3
RASGRF1,-2.652391412563593,1.2468377132745893e-5,Down,-0.39435220454823305,0.6820257644264484,NS,-0.5276901920106836,0.33099184612253607,NS,0,DOWN IN LIMBUS
XM_005254578,-2.652391412563593,1.2468377132745893e-5,Down,-0.39435220454823305,0.6820257644264484,NS,-0.5276901920106836,0.33099184612253607,NS,0,DOWN IN LIMBUS
ANXA5,1.7680283941492565,1.255526535369222e-5,Up,0.13891467823158266,0.8583131010211764,NS,0.44092353073471813,0.21885569910605843,NS,1,C1 SPECIFIC
TNS1,3.0152321015145382,1.278717744926882e-5,Up,0.39215168940527967,0.7290864181389357,NS,2.4768935826990157,0.0014128343817724261,Up,2,SHARED C1 & C3
XM_005246825,3.0152321015145382,1.278717744926882e-5,Up,0.39215168940527967,0.7290864181389357,NS,2.4768935826990157,0.0014128343817724261,Up,2,SHARED C1 & C3
XM_006712721,3.0152321015145382,1.278717744926882e-5,Up,0.39215168940527967,0.7290864181389357,NS,2.4768935826990157,0.0014128343817724261,Up,2,SHARED C1 & C3
DENND2D,-1.5227495943622849,1.3023153089808963e-5,Down,-0.5054751266175117,0.3108404305703719,NS,-0.6542266648508912,0.04678900231830756,NS,0,DOWN IN LIMBUS
XM_006710922,-1.5227495943622849,1.3023153089808963e-5,Down,-0.5054751266175117,0.3108404305703719,NS,-0.6542266648508912,0.04678900231830756,NS,0,DOWN IN LIMBUS
XM_006710923,-1.5227495943622849,1.3023153089808963e-5,Down,-0.5054751266175117,0.3108404305703719,NS,-0.6542266648508912,0.04678900231830756,NS,0,DOWN IN LIMBUS
SH3D21,-1.7057102656296728,1.3023153089808963e-5,Down,0.18688676482073152,0.7831703162263421,NS,0.221839242680284,0.5419444925881627,NS,0,DOWN IN LIMBUS
XM_005271204,-1.7057102656296728,1.3023153089808963e-5,Down,0.18688676482073152,0.7831703162263421,NS,0.221839242680284,0.5419444925881627,NS,0,DOWN IN LIMBUS
XM_005271205,-1.7057102656296728,1.3023153089808963e-5,Down,0.18688676482073152,0.7831703162263421,NS,0.221839242680284,0.5419444925881627,NS,0,DOWN IN LIMBUS
CLIC4,3.742667033467103,1.3063739487778107e-5,Up,0.8140978753293648,0.5350622444368651,NS,0.07756410998545604,0.9352990979480735,NS,1,C1 SPECIFIC
DPT,3.084196767927375,1.3197824326610465e-5,Up,0.21216336645308154,0.8778876757823394,NS,2.5166156910805775,0.0015408115627432433,Up,2,SHARED C1 & C3
FIBIN,2.887928978575144,1.3227683382293615e-5,Up,3.0666540973279677,0.0016682941514655659,Up,3.0098416424652914,3.2846274862152877e-4,Up,3,CORE - all 3 contrasts
PPP4R4,2.0575339987668646,1.3227683382293615e-5,Up,-0.33477914418459953,0.6532365880524899,NS,0.22821804972358972,0.6091721875692482,NS,1,C1 SPECIFIC
XM_005267930,2.0575339987668646,1.3227683382293615e-5,Up,-0.33477914418459953,0.6532365880524899,NS,0.22821804972358972,0.6091721875692482,NS,1,C1 SPECIFIC
XM_005267931,2.0575339987668646,1.3227683382293615e-5,Up,-0.33477914418459953,0.6532365880524899,NS,0.22821804972358972,0.6091721875692482,NS,1,C1 SPECIFIC
CALHM5,1.7645679143139565,1.3415682303521246e-5,Up,0.9580303966252632,0.09789533791216233,NS,1.4432609626761774,0.0015400944790500695,Up,2,SHARED C1 & C3
QKI,1.903373013988662,1.345380030136879e-5,Up,0.28311401600671005,0.6854904036796856,NS,1.1432897438802225,0.010108736772766056,Up,2,SHARED C1 & C3
GUCY1A1,3.1482199415294763,1.3534241152538757e-5,Up,0.6608578777037035,0.5496334367876424,NS,1.104649619637759,0.09507524987232839,NS,1,C1 SPECIFIC
TNS2,1.56064184565707,1.3900417977474412e-5,Up,0.5627293432695488,0.27825366710581273,NS,1.5765084179864859,4.663019265166741e-4,Up,2,SHARED C1 & C3
PGGT1B,-1.1757774179488596,1.4007189089421443e-5,Down,-0.3431420103494922,0.3849873704736822,NS,-0.5594619843419872,0.03265994496897299,NS,0,DOWN IN LIMBUS
OSR2,5.350011963231984,1.4103994300748248e-5,Up,-0.3952480769290183,0.8702948986559591,NS,3.3208028894730983,0.008647248420924906,Up,2,SHARED C1 & C3
RORB,2.724509018081897,1.4158629477487307e-5,Up,1.1732597251132804,0.18758827543578827,NS,2.112092048031098,0.0022813551439820885,Up,2,SHARED C1 & C3
MSANTD3-TMEFF1,1.8481644334544929,1.4158629477487307e-5,Up,0.003953802429575326,0.9967949577901587,NS,0.04501165237671856,0.9249616524389965,NS,1,C1 SPECIFIC
POLR3GL,1.0108585639610919,1.4158629477487307e-5,Up,0.23811979894338897,0.5042507433176077,NS,0.46107444572620615,0.038811945907908145,NS,1,C1 SPECIFIC
XM_005277431,1.0108585639610919,1.4158629477487307e-5,Up,0.23811979894338897,0.5042507433176077,NS,0.46107444572620615,0.038811945907908145,NS,1,C1 SPECIFIC
LIX1L,1.8435843607748756,1.4158629477487307e-5,Up,0.7363488378196426,0.22568081341272894,NS,1.1676600429395902,0.0077222996413732654,Up,2,SHARED C1 & C3
TSHZ3,1.7459364850705406,1.4158629477487307e-5,Up,-0.28886302077072745,0.6502367144610027,NS,0.4832464416050293,0.18109911063866746,NS,1,C1 SPECIFIC
TMEM19,-1.3311321619287977,1.4158629477487307e-5,Down,0.4230620669630234,0.3395568094782553,NS,0.2912193336243618,0.2897226027692697,NS,0,DOWN IN LIMBUS
SNCA,2.0290480482810436,1.4158629477487307e-5,Up,0.4266562308411874,0.5512620556658698,NS,0.22558718254634869,0.6117400484514574,NS,1,C1 SPECIFIC
ARHGEF4,-1.4534232250209218,1.4158629477487307e-5,Down,0.4903231524742431,0.30925460808368993,NS,0.22514828739037895,0.46618302398423955,NS,0,DOWN IN LIMBUS
XM_005263683,-1.4534232250209218,1.4158629477487307e-5,Down,0.4903231524742431,0.30925460808368993,NS,0.22514828739037895,0.46618302398423955,NS,0,DOWN IN LIMBUS
XM_005263689,-1.4534232250209218,1.4158629477487307e-5,Down,0.4903231524742431,0.30925460808368993,NS,0.22514828739037895,0.46618302398423955,NS,0,DOWN IN LIMBUS
UBXN10,-1.5498257829341142,1.4239868647621125e-5,Down,-0.725995992859076,0.16062183945652503,NS,-0.2861728987721568,0.37788896360036145,NS,0,DOWN IN LIMBUS
PAPLN,-1.5528286248249152,1.4340407835473082e-5,Down,0.7783849451860299,0.1242670061460532,NS,0.034566877142722774,0.9313690407150721,NS,0,DOWN IN LIMBUS
GNG11,3.0318161429854698,1.4452777452296572e-5,Up,-0.8377812880427804,0.4145419245172075,NS,1.332118715576545,0.045230106560232276,Up,2,SHARED C1 & C3
H6PD,1.1179989945284623,1.4527144392194573e-5,Up,-0.01825565231864079,0.9769000047346179,NS,0.5815474441242587,0.022351771986672566,NS,1,C1 SPECIFIC
RABL3,-1.5690916367773893,1.4578374726479974e-5,Down,-0.25564194505340243,0.6573096092770007,NS,-0.6119071260555744,0.06873036057169139,NS,0,DOWN IN LIMBUS
LHFPL2,1.8934067203435587,1.4939476995688359e-5,Up,-0.18562368982565935,0.8169923312056739,NS,-0.20822629874030696,0.6172803907832581,NS,1,C1 SPECIFIC
MAP2K4,-1.2611103190562325,1.4939476995688359e-5,Down,-0.10165047771406233,0.8575332554993177,NS,-0.38524334336389554,0.14561799028548464,NS,0,DOWN IN LIMBUS
MICAL2,-1.8222173699460908,1.4939695979587017e-5,Down,-0.473302251774399,0.44997992346095544,NS,-1.1180559330813642,0.009632386674661464,Down,0,DOWN IN LIMBUS
TSHZ2,2.256458497534705,1.518160925511048e-5,Up,-4.752219827830473e-4,0.999848001510932,NS,1.4074277706010676,0.008833557919711424,Up,2,SHARED C1 & C3
ADCY9,1.3716265672760164,1.6269902713516855e-5,Up,0.09746469254679546,0.8767900934583748,NS,0.6189764558232422,0.04250515646871393,NS,1,C1 SPECIFIC
SYNE2,-1.7020079957629282,1.6675167433306855e-5,Down,0.03300380889016985,0.9721274926837629,NS,-0.5017838269535364,0.1628351868975037,NS,0,DOWN IN LIMBUS
C9orf43,-1.2094557916228323,1.668047841280707e-5,Down,-0.22185495537722222,0.6125484475863872,NS,-0.21748854316917043,0.39823855110319845,NS,0,DOWN IN LIMBUS
SPTBN1,1.2088747591852105,1.6885606353253067e-5,Up,0.5639534745140775,0.16620909363381992,NS,0.3331747853016118,0.18933048161237379,NS,1,C1 SPECIFIC
SPRYD4,-1.0943634937194533,1.6910102588039e-5,Down,-0.6674233944445787,0.06863807034981657,NS,0.08986061920443067,0.7258111977593433,NS,0,DOWN IN LIMBUS
CNN3,1.7952105525274167,1.731008716238283e-5,Up,0.8020538995221802,0.17927590792050202,NS,0.8123351551708993,0.043048953253374794,NS,1,C1 SPECIFIC
LASP1,1.7429469070272763,1.732334352837174e-5,Up,-0.15793416704947383,0.8357901986740893,NS,-0.21940591611587656,0.5692280826701573,NS,1,C1 SPECIFIC
PRR15,-1.4958206569552068,1.7352798763133767e-5,Down,-0.8118934220976106,0.10317526104348043,NS,-1.2916102731806216,0.001307905291027555,Down,0,DOWN IN LIMBUS
XM_005249653,-1.4958206569552068,1.7352798763133767e-5,Down,-0.8118934220976106,0.10317526104348043,NS,-1.2916102731806216,0.001307905291027555,Down,0,DOWN IN LIMBUS
PODN,1.820026288860853,1.7618939777871472e-5,Up,0.5523766712332421,0.37658196035847036,NS,1.6863493576823405,8.343906528121199e-4,Up,2,SHARED C1 & C3
PAM,1.7647087140862077,1.7618939777871472e-5,Up,0.05480124558298982,0.9539377680538654,NS,0.38145320907254465,0.30699577107001363,NS,1,C1 SPECIFIC
XM_006714633,1.7647087140862077,1.7618939777871472e-5,Up,0.05480124558298982,0.9539377680538654,NS,0.38145320907254465,0.30699577107001363,NS,1,C1 SPECIFIC
FKBP7,1.9023113965056995,1.7670884258399042e-5,Up,0.6894319558820428,0.2864769275828959,NS,1.662142883746295,0.0012204919630248586,Up,2,SHARED C1 & C3
XM_005246638,1.9023113965056995,1.7670884258399042e-5,Up,0.6894319558820428,0.2864769275828959,NS,1.662142883746295,0.0012204919630248586,Up,2,SHARED C1 & C3
XR_241312,1.9023113965056995,1.7670884258399042e-5,Up,0.6894319558820428,0.2864769275828959,NS,1.662142883746295,0.0012204919630248586,Up,2,SHARED C1 & C3
TBC1D16,1.6032898205572792,1.7670884258399042e-5,Up,-0.06413016432000518,0.9373847401179237,NS,0.7709003001564207,0.034237017574463305,NS,1,C1 SPECIFIC
XM_006721695,1.6032898205572792,1.7670884258399042e-5,Up,-0.06413016432000518,0.9373847401179237,NS,0.7709003001564207,0.034237017574463305,NS,1,C1 SPECIFIC
SAMD4A,2.362106100304551,1.7799653323699268e-5,Up,1.2562939327096592,0.10946280092503566,NS,1.6026012562125427,0.00581378875858703,Up,2,SHARED C1 & C3
ANO4,-3.8003764899068315,1.8156827308506163e-5,Down,0.1533658698995577,0.9370844274042448,NS,-1.8625530025079327,0.03217561466717366,Down,0,DOWN IN LIMBUS
HMCN1,2.7103898907491777,1.8244646506022945e-5,Up,-0.09845883383529497,0.9448726943194844,NS,1.9499917818831607,0.004262347925723764,Up,2,SHARED C1 & C3
NPR2,1.740678705055271,1.857796515342336e-5,Up,1.0827590345056377,0.06577523914759449,NS,1.3093521753349862,0.0033132955277858254,Up,2,SHARED C1 & C3
ASPH,-1.3856209094797531,1.867023445305319e-5,Down,0.5845772872125883,0.20876682638847865,NS,0.4034701837770829,0.1720970056298858,NS,0,DOWN IN LIMBUS
XM_006716448,-1.3856209094797531,1.867023445305319e-5,Down,0.5845772872125883,0.20876682638847865,NS,0.4034701837770829,0.1720970056298858,NS,0,DOWN IN LIMBUS
XM_006716449,-1.3856209094797531,1.867023445305319e-5,Down,0.5845772872125883,0.20876682638847865,NS,0.4034701837770829,0.1720970056298858,NS,0,DOWN IN LIMBUS
CPQ,2.1432991563399106,1.8670791833970445e-5,Up,0.3740914727092619,0.6393717904179261,NS,1.087065282779288,0.028164035734544637,Up,2,SHARED C1 & C3
XM_005250755,2.1432991563399106,1.8670791833970445e-5,Up,0.3740914727092619,0.6393717904179261,NS,1.087065282779288,0.028164035734544637,Up,2,SHARED C1 & C3
XM_006716498,2.1432991563399106,1.8670791833970445e-5,Up,0.3740914727092619,0.6393717904179261,NS,1.087065282779288,0.028164035734544637,Up,2,SHARED C1 & C3
RAB31,2.347818507741649,1.8670791833970445e-5,Up,-0.035373949502595536,0.9798773568129137,NS,-0.30274154966509315,0.563184925722765,NS,1,C1 SPECIFIC
NTRK3,2.2702683152539507,1.8670791833970445e-5,Up,1.6270892796668752,0.03243088929809399,Up,1.9512518043384155,0.0013864158046556511,Up,3,CORE - all 3 contrasts
XM_006720542,2.2702683152539507,1.8670791833970445e-5,Up,1.6270892796668752,0.03243088929809399,Up,1.9512518043384155,0.0013864158046556511,Up,3,CORE - all 3 contrasts
XM_006720547,2.2702683152539507,1.8670791833970445e-5,Up,1.6270892796668752,0.03243088929809399,Up,1.9512518043384155,0.0013864158046556511,Up,3,CORE - all 3 contrasts
XM_006720551,2.2702683152539507,1.8670791833970445e-5,Up,1.6270892796668752,0.03243088929809399,Up,1.9512518043384155,0.0013864158046556511,Up,3,CORE - all 3 contrasts
XM_006720552,2.2702683152539507,1.8670791833970445e-5,Up,1.6270892796668752,0.03243088929809399,Up,1.9512518043384155,0.0013864158046556511,Up,3,CORE - all 3 contrasts
SCIN,-2.7064651436757607,1.8670791833970445e-5,Down,-0.37679154418122796,0.7218118165327059,NS,1.3497458898444732,0.030437894050138203,Up,1,C3 SPECIFIC
SYK,-1.2372908863281236,1.9077025312330544e-5,Down,-0.49988120287375715,0.23227488462129717,NS,-0.7014191492053508,0.01660975419644528,NS,0,DOWN IN LIMBUS
CALD1,2.5322488712855495,1.9516162110083736e-5,Up,0.4857368878935455,0.5999960168240881,NS,0.951397302760272,0.08618614099533797,NS,1,C1 SPECIFIC
LBH,1.6813327602636852,1.9516162110083736e-5,Up,-0.3061842344358787,0.6249943322845163,NS,-0.8266486686391028,0.0329443616153657,NS,1,C1 SPECIFIC
ANTXR2,3.5290691231699824,1.9538486073744655e-5,Up,0.22648522002527471,0.8945011000253666,NS,-1.5528492765195754,0.050031531112393855,NS,1,C1 SPECIFIC
TTC28,1.7328992848746836,1.967609363771841e-5,Up,0.6132790798885788,0.3054112145119819,NS,1.5835591138230676,9.982766228495792e-4,Up,2,SHARED C1 & C3
EVPL,-1.2848162155074583,1.967609363771841e-5,Down,-0.04722390762585782,0.9447573535757654,NS,-0.7187712983905268,0.018129649043818502,NS,0,DOWN IN LIMBUS
ESRRG,-1.5687407504955218,1.967609363771841e-5,Down,-0.328704450565084,0.5632965483998864,NS,-0.5892664355549897,0.08675931283504931,NS,0,DOWN IN LIMBUS
XM_006711203,-1.5687407504955218,1.967609363771841e-5,Down,-0.328704450565084,0.5632965483998864,NS,-0.5892664355549897,0.08675931283504931,NS,0,DOWN IN LIMBUS
TCEAL1,1.0339553871043936,1.9832335164417225e-5,Up,0.2774666471923357,0.448225799578114,NS,0.5172129147288658,0.03092696776094118,NS,1,C1 SPECIFIC
SEMA4D,-1.360268464424256,1.9832335164417225e-5,Down,-0.33512948114288044,0.4979450501231559,NS,-0.23801341032185874,0.422748157421655,NS,0,DOWN IN LIMBUS
XM_006716929,-1.360268464424256,1.9832335164417225e-5,Down,-0.33512948114288044,0.4979450501231559,NS,-0.23801341032185874,0.422748157421655,NS,0,DOWN IN LIMBUS
XM_006716931,-1.360268464424256,1.9832335164417225e-5,Down,-0.33512948114288044,0.4979450501231559,NS,-0.23801341032185874,0.422748157421655,NS,0,DOWN IN LIMBUS
FZD7,2.3144133233525226,1.9832335164417225e-5,Up,1.5449838792894353,0.04865974006611858,Up,2.0660906434836566,0.0011620460618051787,Up,3,CORE - all 3 contrasts
ICAM1,2.3624081258040235,1.9849106835584713e-5,Up,0.38021343835889265,0.6708814463556745,NS,-0.27843869826150414,0.6018688246449683,NS,1,C1 SPECIFIC
FLRT3,3.1238795717048706,2.0081211471587488e-5,Up,-0.28395663438390617,0.8397789979855911,NS,-1.1119708848003604,0.10353568196385093,NS,1,C1 SPECIFIC
RFK,-1.3330644576679855,2.0193282207817744e-5,Down,-0.3543385401191106,0.45380860414843094,NS,-0.6693020353157415,0.030685579011600333,NS,0,DOWN IN LIMBUS
DENND5A,1.3424135122853116,2.0440688485355686e-5,Up,0.4699915855269179,0.30925460808368993,NS,0.907819030859681,0.0065516842455631994,NS,1,C1 SPECIFIC
L2HGDH,-1.0398870996247034,2.044882050909403e-5,Down,-0.16124832215555873,0.6867167823028393,NS,-0.22097130985187174,0.3253798009096225,NS,0,DOWN IN LIMBUS
XM_005268077,-1.0398870996247034,2.044882050909403e-5,Down,-0.16124832215555873,0.6867167823028393,NS,-0.22097130985187174,0.3253798009096225,NS,0,DOWN IN LIMBUS
HYCC1,2.396362837776211,2.052396141828773e-5,Up,0.4934416746840018,0.5716630665404882,NS,0.5098013067972378,0.32512712922860443,NS,1,C1 SPECIFIC
CNTN3,2.9527331207113328,2.0528369689248514e-5,Up,1.9417722433980735,0.0515721339160813,NS,2.9507067546370243,5.959154277505309e-4,Up,2,SHARED C1 & C3
CLIC6,3.121772170177649,2.0528369689248514e-5,Up,-0.26523214234225545,0.8532973091712617,NS,1.859760456168848,0.013625782065762551,Up,2,SHARED C1 & C3
PALMD,1.8542750157830223,2.0732443777853655e-5,Up,0.2577201118601131,0.7246252848144352,NS,0.45887815592145653,0.24879115664204174,NS,1,C1 SPECIFIC
DAPL1,-2.8449723057019902,2.0861478332588957e-5,Down,0.5579210601207478,0.593323753130147,NS,1.4118055921684043,0.032779823338300276,Up,1,C3 SPECIFIC
EML2,-1.0755775319143002,2.088390826429945e-5,Down,-0.07956864842659961,0.8758690645847782,NS,-0.5088043673549709,0.03950037485151351,NS,0,DOWN IN LIMBUS
NR_034098,-1.0755775319143002,2.088390826429945e-5,Down,-0.07956864842659961,0.8758690645847782,NS,-0.5088043673549709,0.03950037485151351,NS,0,DOWN IN LIMBUS
IGFBP3,3.510443329380501,2.1444043781356338e-5,Up,-0.6915690479210017,0.5922155016516802,NS,0.959068164467757,0.20419622658735048,NS,1,C1 SPECIFIC
DOCK3,-1.1647483048784268,2.1444043781356338e-5,Down,-0.2075240468545445,0.638080824043283,NS,-0.31055942932161873,0.21481027645575046,NS,0,DOWN IN LIMBUS
MSRB3,2.5126064657851543,2.1617784358812326e-5,Up,0.9416719491809431,0.28223856439329753,NS,1.98659953726518,0.002716849063675215,Up,2,SHARED C1 & C3
SHMT1,-1.5250414914053678,2.186847371069224e-5,Down,-0.6987812231236434,0.17927590792050202,NS,-0.4260559454588657,0.19569022105609926,NS,0,DOWN IN LIMBUS
PPFIBP1,-1.1283190079140266,2.202984768792303e-5,Down,-0.36639563299262035,0.35664725718444273,NS,-0.8544166782109008,0.0035236727083169427,NS,0,DOWN IN LIMBUS
XM_006719160,-1.1283190079140266,2.202984768792303e-5,Down,-0.36639563299262035,0.35664725718444273,NS,-0.8544166782109008,0.0035236727083169427,NS,0,DOWN IN LIMBUS
MYLK,3.705383002039902,2.2041692304411885e-5,Up,0.5125299842427573,0.728594235609162,NS,2.068457459891806,0.019547212732906615,Up,2,SHARED C1 & C3
DIRAS3,2.4378654578661676,2.2041692304411885e-5,Up,1.2260415130956464,0.14787159125621474,NS,1.8356645256158215,0.0036718479644112243,Up,2,SHARED C1 & C3
MBOAT2,2.056513101446554,2.2352655526449775e-5,Up,-0.907985945204719,0.1977449960805816,NS,-2.287523572793538,3.0768860691076283e-4,Down,1,C1 SPECIFIC
XR_241248,2.056513101446554,2.2352655526449775e-5,Up,-0.907985945204719,0.1977449960805816,NS,-2.287523572793538,3.0768860691076283e-4,Down,1,C1 SPECIFIC
UST,2.136415282201881,2.2352655526449775e-5,Up,0.8072031733555409,0.2798760582975324,NS,1.747713190596535,0.00220948785133974,Up,2,SHARED C1 & C3
XM_005266790,2.136415282201881,2.2352655526449775e-5,Up,0.8072031733555409,0.2798760582975324,NS,1.747713190596535,0.00220948785133974,Up,2,SHARED C1 & C3
TOM1L1,-1.932642045659417,2.2462646628353516e-5,Down,-0.005613907437501453,0.996465436520431,NS,-0.7928943904961745,0.06748030137276785,NS,0,DOWN IN LIMBUS
PRPSAP1,-1.0775689167212885,2.2517645167395197e-5,Down,0.032579395814080314,0.9565099797144522,NS,-0.41545440868671335,0.08399875915212905,NS,0,DOWN IN LIMBUS
CTHRC1,4.635753645267271,2.2591707027215472e-5,Up,-0.04114930920919058,0.9890307638014827,NS,3.4323635567784043,0.004165771173578994,Up,2,SHARED C1 & C3
CALCRL,1.4977796989294263,2.2610880422263515e-5,Up,-0.3989240634758806,0.46039381723023126,NS,0.30182983806088703,0.35784625378798846,NS,1,C1 SPECIFIC
SIDT2,1.2137974655571808,2.2988873274915336e-5,Up,-0.05760474549559724,0.9263059377877105,NS,0.8152875059336244,0.007425055214334258,NS,1,C1 SPECIFIC
RAC2,1.6311392723271059,2.3277087241370152e-5,Up,-0.0017340441117585925,0.9983538461908146,NS,-0.9422003942609134,0.016898250487369617,NS,1,C1 SPECIFIC
EPB41L4A,-1.836171873274112,2.3763163638064852e-5,Down,-0.745171991586115,0.2440552822127623,NS,-1.1427187459323012,0.011738849364790784,Down,0,DOWN IN LIMBUS
FOXN1,-1.1810560565336985,2.404249184463019e-5,Down,0.4895732133201287,0.23227488462129717,NS,0.2476235688028492,0.3410798756970092,NS,0,DOWN IN LIMBUS
XM_005258046,-1.1810560565336985,2.404249184463019e-5,Down,0.4895732133201287,0.23227488462129717,NS,0.2476235688028492,0.3410798756970092,NS,0,DOWN IN LIMBUS
AKR1C3,2.2428610426763615,2.404249184463019e-5,Up,-0.12957025222197593,0.9096655734075145,NS,0.86518499473312,0.08546732173223057,NS,1,C1 SPECIFIC
TMTC3,-1.3385260327265769,2.4205863086454908e-5,Down,0.4054958228360279,0.39591474455852305,NS,-0.15231614271964666,0.6246247015384352,NS,0,DOWN IN LIMBUS
RUNX1T1,2.3919241208857702,2.4205863086454908e-5,Up,0.26203816389169887,0.8033495340795931,NS,2.035154383741771,0.001804959410597858,Up,2,SHARED C1 & C3
LY96,2.366565359865567,2.4352373406531925e-5,Up,-0.9253538318438075,0.2652331179273546,NS,1.5283779828144466,0.009641252852309736,Up,2,SHARED C1 & C3
GRK5,2.1950135028860993,2.444453615718919e-5,Up,0.06398820107783898,0.9584904129930242,NS,0.6721202459000839,0.16469507595496702,NS,1,C1 SPECIFIC
CYP2U1,0.9778975348207108,2.465065880608853e-5,NS,0.07771637583291469,0.8681935029038595,NS,1.0224830952970088,5.263851410623311e-4,Up,1,C3 SPECIFIC
STOM,1.0703609099389162,2.5008318507493605e-5,Up,0.004862381483446754,0.9944823535765234,NS,0.25423410471169383,0.2792541283868705,NS,1,C1 SPECIFIC
LRCH2,1.5171957660575393,2.5112704888597273e-5,Up,0.16516628049600257,0.8062222361629906,NS,1.0408346281086875,0.006876468310383981,Up,2,SHARED C1 & C3
DCHS1,2.2782961887177304,2.5170890970056296e-5,Up,0.6581181379236245,0.42305591481156285,NS,1.784991998608497,0.0032116615617494675,Up,2,SHARED C1 & C3
TWIST1,1.6647232179121474,2.5170890970056296e-5,Up,0.6425327919862802,0.27659937930101647,NS,1.726591870801908,5.485742645104715e-4,Up,2,SHARED C1 & C3
XM_006715769,1.6647232179121474,2.5170890970056296e-5,Up,0.6425327919862802,0.27659937930101647,NS,1.726591870801908,5.485742645104715e-4,Up,2,SHARED C1 & C3
XR_428085,1.6647232179121474,2.5170890970056296e-5,Up,0.6425327919862802,0.27659937930101647,NS,1.726591870801908,5.485742645104715e-4,Up,2,SHARED C1 & C3
CDH11,4.045959001456542,2.5170890970056296e-5,Up,3.225286301982006,0.02198399396606587,Up,2.8048533073904114,0.006479156931132004,Up,3,CORE - all 3 contrasts
XM_005255762,4.045959001456542,2.5170890970056296e-5,Up,3.225286301982006,0.02198399396606587,Up,2.8048533073904114,0.006479156931132004,Up,3,CORE - all 3 contrasts
XM_005255767,4.045959001456542,2.5170890970056296e-5,Up,3.225286301982006,0.02198399396606587,Up,2.8048533073904114,0.006479156931132004,Up,3,CORE - all 3 contrasts
NSA2,1.05830454749273,2.523798628425518e-5,Up,-0.20808043441660473,0.6017208925081211,NS,0.17656480023418908,0.4595370598085969,NS,1,C1 SPECIFIC
QPCT,2.245954150105388,2.5268363802779273e-5,Up,-0.06338813682686961,0.9603810922187215,NS,-0.09061304519359048,0.8803721526328695,NS,1,C1 SPECIFIC
RNASE4,2.4168247445631437,2.533608828378688e-5,Up,0.2245649180878999,0.8412482578091348,NS,1.357743942942963,0.02072070488036148,Up,2,SHARED C1 & C3
FIGN,2.2338711975698193,2.533608828378688e-5,Up,1.0747309786294723,0.17144703824705532,NS,1.6940902295744378,0.0038829463002129886,Up,2,SHARED C1 & C3
XM_005246662,2.2338711975698193,2.533608828378688e-5,Up,1.0747309786294723,0.17144703824705532,NS,1.6940902295744378,0.0038829463002129886,Up,2,SHARED C1 & C3
NR_026799,-2.548988860556001,2.533608828378688e-5,Down,-0.4544912362500533,0.6449861631515575,NS,-0.25593146400745415,0.6730479432412845,NS,0,DOWN IN LIMBUS
SH3GL3,-2.548988860556001,2.533608828378688e-5,Down,-0.4544912362500533,0.6449861631515575,NS,-0.25593146400745415,0.6730479432412845,NS,0,DOWN IN LIMBUS
XM_006720640,-2.548988860556001,2.533608828378688e-5,Down,-0.4544912362500533,0.6449861631515575,NS,-0.25593146400745415,0.6730479432412845,NS,0,DOWN IN LIMBUS
C2CD2L,-1.4361019231123286,2.551746664891967e-5,Down,-0.39888815701922553,0.44541104321982583,NS,-0.17897397641405544,0.5902761703397065,NS,0,DOWN IN LIMBUS
FZD4,1.1115086800284422,2.5541887793892094e-5,Up,0.5321933646098529,0.17430218598149247,NS,1.1116943433423767,6.648811612024052e-4,Up,2,SHARED C1 & C3
RSPO3,2.811166277952258,2.5692215337856264e-5,Up,0.12822638867234648,0.929475592846331,NS,1.9072662586659703,0.007567228589959806,Up,2,SHARED C1 & C3
XM_005267167,2.811166277952258,2.5692215337856264e-5,Up,0.12822638867234648,0.929475592846331,NS,1.9072662586659703,0.007567228589959806,Up,2,SHARED C1 & C3
ABCA6,2.208616949728235,2.6324964127991135e-5,Up,0.5036553362153633,0.547120028070801,NS,2.0507156404046496,0.001111270093569897,Up,2,SHARED C1 & C3
NR_036430,3.114077069504823,2.6324964127991135e-5,Up,-0.3373097258394395,0.8093306468304107,NS,2.793908151045244,0.0013864158046556511,Up,2,SHARED C1 & C3
SRGN,3.114077069504823,2.6324964127991135e-5,Up,-0.3373097258394395,0.8093306468304107,NS,2.793908151045244,0.0013864158046556511,Up,2,SHARED C1 & C3
ARHGEF3,-1.7146578492476099,2.6324964127991135e-5,Down,0.596964320566272,0.32676304587906574,NS,0.6828605348365073,0.07989510861961846,NS,0,DOWN IN LIMBUS
XM_005265188,-1.7146578492476099,2.6324964127991135e-5,Down,0.596964320566272,0.32676304587906574,NS,0.6828605348365073,0.07989510861961846,NS,0,DOWN IN LIMBUS
GATA2,1.22426260429285,2.650773386810765e-5,Up,0.2488446910414961,0.5878793187364874,NS,1.1547770613871915,0.0010091691486787094,Up,2,SHARED C1 & C3
PAQR5,-2.5430479297041186,2.667314527325873e-5,Down,0.8488896277440663,0.354140480090593,NS,-0.5674240355666447,0.3155576242226051,NS,0,DOWN IN LIMBUS
MPZL3,-1.668998689118303,2.668406884148689e-5,Down,-0.03408056801597681,0.9722314379395649,NS,-0.9398800261197673,0.02102921653472656,NS,0,DOWN IN LIMBUS
CLEC7A,-1.8513315469172618,2.6753562230796116e-5,Down,0.5998410929085605,0.3716045771827043,NS,0.2998454152662049,0.47807870984300754,NS,0,DOWN IN LIMBUS
XM_005253468,-1.8513315469172618,2.6753562230796116e-5,Down,0.5998410929085605,0.3716045771827043,NS,0.2998454152662049,0.47807870984300754,NS,0,DOWN IN LIMBUS
XM_006719136,-1.8513315469172618,2.6753562230796116e-5,Down,0.5998410929085605,0.3716045771827043,NS,0.2998454152662049,0.47807870984300754,NS,0,DOWN IN LIMBUS
GPM6A,-2.9914769318118077,2.7198558471711645e-5,Down,0.7574742951405558,0.5042507433176077,NS,0.3417141373372674,0.6289197954175444,NS,0,DOWN IN LIMBUS
CLC,-3.0128534903757593,2.7288033669276386e-5,Down,0.8585215379000628,0.4351802819245392,NS,-0.7355579613242247,0.271446905276324,NS,0,DOWN IN LIMBUS
XM_005258501,-3.0128534903757593,2.7288033669276386e-5,Down,0.8585215379000628,0.4351802819245392,NS,-0.7355579613242247,0.271446905276324,NS,0,DOWN IN LIMBUS
NAP1L1,1.4860576349776462,2.7513559267523716e-5,Up,0.18980552391838224,0.7624278509942222,NS,0.6596317008807944,0.05593653560816991,NS,1,C1 SPECIFIC
XR_245930,1.4860576349776462,2.7513559267523716e-5,Up,0.18980552391838224,0.7624278509942222,NS,0.6596317008807944,0.05593653560816991,NS,1,C1 SPECIFIC
XR_245931,1.4860576349776462,2.7513559267523716e-5,Up,0.18980552391838224,0.7624278509942222,NS,0.6596317008807944,0.05593653560816991,NS,1,C1 SPECIFIC
DZIP1,2.65994412154936,2.7513559267523716e-5,Up,0.9363665696488432,0.3242370129971316,NS,1.6552742838186103,0.012997835099267715,Up,2,SHARED C1 & C3
XM_006719921,2.65994412154936,2.7513559267523716e-5,Up,0.9363665696488432,0.3242370129971316,NS,1.6552742838186103,0.012997835099267715,Up,2,SHARED C1 & C3
MFAP4,2.7286106043398597,2.7513559267523716e-5,Up,1.0419866819687655,0.2864769275828959,NS,2.5149159147725832,0.0012184025738662147,Up,2,SHARED C1 & C3
FAT4,1.5843807275303812,2.7768465350893855e-5,Up,-0.39400411882959663,0.5129762536223172,NS,0.9662575175233981,0.014447095090115398,NS,1,C1 SPECIFIC
STING1,2.005611299369832,2.7768465350893855e-5,Up,-0.05730264053900225,0.9603810922187215,NS,0.893005463310617,0.055529897508888426,NS,1,C1 SPECIFIC
MYEF2,1.1601352519711998,2.7975292418335635e-5,Up,0.3396965753071113,0.42305591481156285,NS,0.7181486378632003,0.013427651766013824,NS,1,C1 SPECIFIC
MAGED2,1.2169679312457236,2.8111626118723097e-5,Up,0.1258360039106936,0.8213716447441193,NS,-0.34967878403903363,0.19619708894167653,NS,1,C1 SPECIFIC
ANGPT1,3.141202906510921,2.8111626118723097e-5,Up,2.7125921135177493,0.014813590307042991,Up,3.184243528133031,6.643055622661617e-4,Up,3,CORE - all 3 contrasts
SNORA24,1.1387060924807422,2.900671237984791e-5,Up,0.05163161301850927,0.9313449570913879,NS,0.38238588820093966,0.1370730445790601,NS,1,C1 SPECIFIC
TKT,-2.291039882551228,2.9109461831443716e-5,Down,0.720369172128521,0.38956472668931075,NS,-0.3556095952811713,0.5019379275625764,NS,0,DOWN IN LIMBUS
FCGRT,1.3951654602892214,2.929869464483964e-5,Up,0.050694802789225335,0.9484933844864928,NS,1.1169589335976786,0.003143619765917668,Up,2,SHARED C1 & C3
FEZ1,2.344353183933875,2.9337664533177313e-5,Up,-0.015376885314170252,0.9919699798114189,NS,-0.7126315963988947,0.17552061419833342,NS,1,C1 SPECIFIC
HHEX,1.8877806092519642,2.9619633544733004e-5,Up,-0.38275448488150055,0.5962608579099569,NS,1.4131289580595512,0.004685481766844659,Up,2,SHARED C1 & C3
KLHL23,1.7000841021858886,2.9619633544733004e-5,Up,0.6261226609192638,0.3054890070221864,NS,0.7765984705992715,0.051838749202996554,NS,1,C1 SPECIFIC
PHOSPHO2-KLHL23,1.7000841021858886,2.9619633544733004e-5,Up,0.6261226609192638,0.3054890070221864,NS,0.7765984705992715,0.051838749202996554,NS,1,C1 SPECIFIC
ST3GAL5,1.7682411092726094,3.080026364503612e-5,Up,0.25978285599709583,0.7221519126175013,NS,1.272170699490271,0.00590264811482905,Up,2,SHARED C1 & C3
CCDC71L,2.528309424624217,3.080026364503612e-5,Up,0.97357998737849,0.2876874469504959,NS,1.3734441056177653,0.026751880254494546,Up,2,SHARED C1 & C3
PALM2AKAP2,3.169591485067647,3.085729666760169e-5,Up,0.7629111889625886,0.5299164613970286,NS,1.924345756646586,0.015607574379074774,Up,2,SHARED C1 & C3
GREM2,1.4028196690812833,3.0892759205979464e-5,Up,-1.227418563087455,0.014564462820728234,Down,1.1965874677183077,0.002137427643487394,Up,2,SHARED C1 & C3
MSI2,-1.9972729992570777,3.0892759205979464e-5,Down,0.24480716072794007,0.7786488845226118,NS,0.5654044953026425,0.20666839073102056,NS,0,DOWN IN LIMBUS
XM_005257014,-1.9972729992570777,3.0892759205979464e-5,Down,0.24480716072794007,0.7786488845226118,NS,0.5654044953026425,0.20666839073102056,NS,0,DOWN IN LIMBUS
XM_005257018,-1.9972729992570777,3.0892759205979464e-5,Down,0.24480716072794007,0.7786488845226118,NS,0.5654044953026425,0.20666839073102056,NS,0,DOWN IN LIMBUS
ANPEP,2.271181975704753,3.097011723065999e-5,Up,0.7715932959140632,0.35317042193386133,NS,1.229739220266115,0.02726058932279746,Up,2,SHARED C1 & C3
ZNF83,-1.623617179769579,3.098206085462437e-5,Down,-0.13868318417126524,0.8614097744930669,NS,-0.02097748538487032,0.9645053734730651,NS,0,DOWN IN LIMBUS
SERPINA3,3.534735354566771,3.1575415324359656e-5,Up,2.511659120605618,0.04502605934066954,Up,0.5354485476629964,0.5169318452759114,NS,2,SHARED C1 & C2
RBKS,-1.0837897119197324,3.1643163084339105e-5,Down,0.11242687339885649,0.8224412229736947,NS,0.016361589651278763,0.957889539210244,NS,0,DOWN IN LIMBUS
FMNL2,1.8348287169751094,3.1694738994332116e-5,Up,0.46192385395788094,0.5129764262964774,NS,-0.38483803967248953,0.35664064322258754,NS,1,C1 SPECIFIC
XM_006712229,1.8348287169751094,3.1694738994332116e-5,Up,0.46192385395788094,0.5129764262964774,NS,-0.38483803967248953,0.35664064322258754,NS,1,C1 SPECIFIC
UPK1B,-2.3909184778204136,3.198285510911803e-5,Down,-0.19242445747662273,0.8712209727414456,NS,-2.316225115695591,9.758418755730115e-4,Down,0,DOWN IN LIMBUS
BHLHE41,-1.708066664347335,3.213142417637733e-5,Down,0.6315447937255705,0.30858291364674845,NS,0.6926638185143723,0.08081156276898453,NS,0,DOWN IN LIMBUS
LMO3,1.6561763069511581,3.231004489374995e-5,Up,-0.14642061690584285,0.8562501230649503,NS,1.5230946761594764,0.0013761266106274536,Up,2,SHARED C1 & C3
FZD3,-1.218532154375298,3.2458103500008185e-5,Down,-0.6881434316551198,0.11343536669745027,NS,-1.4575402088393066,2.503545287537587e-4,Down,0,DOWN IN LIMBUS
POF1B,-2.7504444210396084,3.259159277516832e-5,Down,-0.03560176929393766,0.9844197871259251,NS,-0.9503047117300456,0.13119082886493078,NS,0,DOWN IN LIMBUS
SCARB1,1.0400321852203813,3.3120407410965066e-5,Up,0.22817018033910053,0.5685114731979407,NS,0.25984787179628377,0.2699830730066578,NS,1,C1 SPECIFIC
BCAT1,2.19573590318869,3.3120407410965066e-5,Up,-0.38900843084375136,0.6595690324165707,NS,0.24736347811835024,0.6421799916132226,NS,1,C1 SPECIFIC
XM_005253460,2.19573590318869,3.3120407410965066e-5,Up,-0.38900843084375136,0.6595690324165707,NS,0.24736347811835024,0.6421799916132226,NS,1,C1 SPECIFIC
TPM2,3.4865902377481435,3.334728223190369e-5,Up,1.2542011196845255,0.32420145966696523,NS,2.208953527621551,0.012997835099267715,Up,2,SHARED C1 & C3
CCNG2,1.288012599671145,3.438102397466761e-5,Up,0.36877099526028445,0.4462012544537053,NS,-0.010864271275215387,0.9772402242751482,NS,1,C1 SPECIFIC
FSTL1,2.141115169528165,3.444434013515059e-5,Up,0.10501289217773824,0.9270279607995188,NS,0.9845973366479424,0.053589899268915234,NS,1,C1 SPECIFIC
CNRIP1,2.5353855005901673,3.477342988625851e-5,Up,0.5916467470500617,0.5478943806336491,NS,2.0577669953610664,0.0032116615617494675,Up,2,SHARED C1 & C3
TMEFF1,2.3082301449381273,3.494042935340028e-5,Up,0.004895037493390042,0.9968984687965672,NS,0.5749928054810081,0.27395085257568075,NS,1,C1 SPECIFIC
F2R,2.449001706975978,3.519332266917671e-5,Up,1.200431369189186,0.17506811651865586,NS,1.2050290177625325,0.042396414582058325,Up,2,SHARED C1 & C3
COL6A1,2.409436543230928,3.535746641327658e-5,Up,0.7090829245345542,0.4320047732433416,NS,1.9637452536004023,0.003158924382611654,Up,2,SHARED C1 & C3
XM_006723964,2.409436543230928,3.535746641327658e-5,Up,0.7090829245345542,0.4320047732433416,NS,1.9637452536004023,0.003158924382611654,Up,2,SHARED C1 & C3
RBMS2,1.4417561345531915,3.5783861999920065e-5,Up,0.21785536570930475,0.7189293859361572,NS,0.039583963531925725,0.9233605035805945,NS,1,C1 SPECIFIC
RCBTB2,-1.1432915861385915,3.5783861999920065e-5,Down,0.6110706004511108,0.14178196675612592,NS,0.6567339401849921,0.022093150306453684,NS,0,DOWN IN LIMBUS
XM_006719758,-1.1432915861385915,3.5783861999920065e-5,Down,0.6110706004511108,0.14178196675612592,NS,0.6567339401849921,0.022093150306453684,NS,0,DOWN IN LIMBUS
BNC2,-1.6543766598889498,3.583544510570225e-5,Down,0.3303076402682601,0.6127825155024424,NS,0.6170988941452489,0.10874896649900735,NS,0,DOWN IN LIMBUS
ANG,1.723379195179664,3.5854125293297946e-5,Up,0.1705955750943451,0.834127577135494,NS,0.909050155299119,0.032622789973618456,NS,1,C1 SPECIFIC
EMCN,2.5880025782406353,3.690287306059005e-5,Up,0.9667460501913725,0.30925460808368993,NS,1.9283968049373525,0.005413379139633913,Up,2,SHARED C1 & C3
XM_005263059,2.5880025782406353,3.690287306059005e-5,Up,0.9667460501913725,0.30925460808368993,NS,1.9283968049373525,0.005413379139633913,Up,2,SHARED C1 & C3
XM_005263061,2.5880025782406353,3.690287306059005e-5,Up,0.9667460501913725,0.30925460808368993,NS,1.9283968049373525,0.005413379139633913,Up,2,SHARED C1 & C3
ANO2,-1.6596039623119365,3.690287306059005e-5,Down,0.2591037342375273,0.7087720310186458,NS,0.36587066824257164,0.3397212993178959,NS,0,DOWN IN LIMBUS
XM_006718991,-1.6596039623119365,3.690287306059005e-5,Down,0.2591037342375273,0.7087720310186458,NS,0.36587066824257164,0.3397212993178959,NS,0,DOWN IN LIMBUS
SYNE3,1.9022808423305628,3.7128196319030295e-5,Up,0.8656738072331374,0.20900630521208843,NS,1.716965066576516,0.0016677629173853928,Up,2,SHARED C1 & C3
XM_006720065,1.9022808423305628,3.7128196319030295e-5,Up,0.8656738072331374,0.20900630521208843,NS,1.716965066576516,0.0016677629173853928,Up,2,SHARED C1 & C3
XM_006720066,1.9022808423305628,3.7128196319030295e-5,Up,0.8656738072331374,0.20900630521208843,NS,1.716965066576516,0.0016677629173853928,Up,2,SHARED C1 & C3
XM_006720067,1.9022808423305628,3.7128196319030295e-5,Up,0.8656738072331374,0.20900630521208843,NS,1.716965066576516,0.0016677629173853928,Up,2,SHARED C1 & C3
PKP1,-1.5464395755906866,3.712994767503595e-5,Down,-0.12648710840782318,0.8712209727414456,NS,-1.3792066785200632,0.0018149459330428653,Down,0,DOWN IN LIMBUS
NR_120437,-1.3432562928316614,3.771587910921081e-5,Down,-0.3235178464264914,0.540075087364841,NS,-0.0281314877504677,0.9409621021746544,NS,0,DOWN IN LIMBUS
OR7E47P,-1.3432562928316614,3.771587910921081e-5,Down,-0.3235178464264914,0.540075087364841,NS,-0.0281314877504677,0.9409621021746544,NS,0,DOWN IN LIMBUS
TSPAN1,-1.7469120910331615,3.780748634927318e-5,Down,-0.7541721344745902,0.24028380042008785,NS,-1.9104763884468952,5.263851410623311e-4,Down,0,DOWN IN LIMBUS
BRD7,-1.1115981103055308,3.7999079227167e-5,Down,-0.25854787263176604,0.5533342201282473,NS,-0.3419877939607243,0.18150195406382935,NS,0,DOWN IN LIMBUS
CPE,3.5479693770334615,3.799977209138504e-5,Up,0.54122997969443,0.7182393936247706,NS,1.8032220246218067,0.03874920505421188,Up,2,SHARED C1 & C3
MOB1A,-1.4538605581490405,3.8175993983083734e-5,Down,-0.2740116054713848,0.6393717904179261,NS,-0.49859551573132244,0.13999134133427218,NS,0,DOWN IN LIMBUS
NR_026779,1.9007388366826836,3.8181727699346656e-5,Up,0.8611710366888055,0.21234415695033154,NS,1.7041542020998337,0.0017918435210049692,Up,2,SHARED C1 & C3
ENPP2,3.5280110706075263,3.8388249096086395e-5,Up,-0.23735070913187784,0.8973191182496411,NS,2.828577997627561,0.0036425321624751505,Up,2,SHARED C1 & C3
GPR176,1.6934829383532977,3.848804817394043e-5,Up,0.47521378475020715,0.465523410848708,NS,0.7948323834834223,0.05204443469945621,NS,1,C1 SPECIFIC
XM_006720379,1.6934829383532977,3.848804817394043e-5,Up,0.47521378475020715,0.465523410848708,NS,0.7948323834834223,0.05204443469945621,NS,1,C1 SPECIFIC
JHY,1.3998252817459909,3.914009941410315e-5,Up,0.23571124391799891,0.6825846412072573,NS,-0.19946338482943826,0.5552383531345643,NS,1,C1 SPECIFIC
XM_005271679,1.3998252817459909,3.914009941410315e-5,Up,0.23571124391799891,0.6825846412072573,NS,-0.19946338482943826,0.5552383531345643,NS,1,C1 SPECIFIC
XR_428981,1.3998252817459909,3.914009941410315e-5,Up,0.23571124391799891,0.6825846412072573,NS,-0.19946338482943826,0.5552383531345643,NS,1,C1 SPECIFIC
RUNX2,2.7156961308262577,3.950390788577169e-5,Up,0.3120634735912944,0.8050230980373614,NS,0.9734177646511473,0.1257241665155766,NS,1,C1 SPECIFIC
XM_006715234,2.7156961308262577,3.950390788577169e-5,Up,0.3120634735912944,0.8050230980373614,NS,0.9734177646511473,0.1257241665155766,NS,1,C1 SPECIFIC
NRG4,-2.1210159313550907,4.015325149406576e-5,Down,-0.10898133912151087,0.9253752714995389,NS,0.7315045232867095,0.14018649838167968,NS,0,DOWN IN LIMBUS
MBNL3,-1.6086085742862153,4.015325149406576e-5,Down,-0.11490977176045014,0.8908306771826756,NS,-0.5067788652622935,0.1751769728933833,NS,0,DOWN IN LIMBUS
XM_005262436,-1.6086085742862153,4.015325149406576e-5,Down,-0.11490977176045014,0.8908306771826756,NS,-0.5067788652622935,0.1751769728933833,NS,0,DOWN IN LIMBUS
XM_005262437,-1.6086085742862153,4.015325149406576e-5,Down,-0.11490977176045014,0.8908306771826756,NS,-0.5067788652622935,0.1751769728933833,NS,0,DOWN IN LIMBUS
XM_005262440,-1.6086085742862153,4.015325149406576e-5,Down,-0.11490977176045014,0.8908306771826756,NS,-0.5067788652622935,0.1751769728933833,NS,0,DOWN IN LIMBUS
XM_005262441,-1.6086085742862153,4.015325149406576e-5,Down,-0.11490977176045014,0.8908306771826756,NS,-0.5067788652622935,0.1751769728933833,NS,0,DOWN IN LIMBUS
ELOVL5,2.5311414103842935,4.015325149406576e-5,Up,-0.14217848699500024,0.9178044288792554,NS,0.006804995598860941,0.9930577481383656,NS,1,C1 SPECIFIC
CHST2,-1.5264061405105283,4.0225294329125154e-5,Down,-0.2988557265627083,0.6309957606681419,NS,-0.710885231219625,0.05482119520046072,NS,0,DOWN IN LIMBUS
MKRN1,-1.0905858617119488,4.0315453008461116e-5,Down,-0.3205469414467963,0.4415573566049225,NS,-0.12076972206490488,0.6561611235160306,NS,0,DOWN IN LIMBUS
IFI44,2.1270959170301147,4.115214941868752e-5,Up,-0.28126459507871004,0.7652605776893162,NS,-0.2029104281965708,0.710802522966908,NS,1,C1 SPECIFIC
COPS8,-1.1258412546898082,4.121061423538278e-5,Down,0.006357428444353275,0.9933185211039525,NS,0.10047853747474456,0.7305940717153713,NS,0,DOWN IN LIMBUS
GSDME,2.572008265890233,4.241769397235338e-5,Up,-0.27734097994833107,0.8216406533087769,NS,-1.2508833387932121,0.0478803785470273,Down,1,C1 SPECIFIC
GLMP,1.0211995889357297,4.267840203979732e-5,Up,-0.24222488705925205,0.5507183149910574,NS,0.12044777560722864,0.6354309655676516,NS,1,C1 SPECIFIC
XM_005244864,1.0211995889357297,4.267840203979732e-5,Up,-0.24222488705925205,0.5507183149910574,NS,0.12044777560722864,0.6354309655676516,NS,1,C1 SPECIFIC
ITGA8,2.4250259246645767,4.288708566374297e-5,Up,1.1735904700702875,0.18918226762631832,NS,2.0446661845959317,0.0029325836139369047,Up,2,SHARED C1 & C3
XM_006722437,2.6933955930039932,4.295421535904858e-5,Up,0.2429618161757645,0.8579956763407491,NS,1.9221778939307903,0.007773887941015438,Up,2,SHARED C1 & C3
ZNF521,2.6933955930039932,4.295421535904858e-5,Up,0.2429618161757645,0.8579956763407491,NS,1.9221778939307903,0.007773887941015438,Up,2,SHARED C1 & C3
IGFBPL1,-2.0296559921782418,4.297027897915377e-5,Down,0.21511339521397588,0.8256482252013317,NS,-0.6235514456689684,0.18767169865306355,NS,0,DOWN IN LIMBUS
ZDHHC2,2.254173357544656,4.345631691814088e-5,Up,-0.2630948443630494,0.8039929535688656,NS,-0.2659986892358459,0.6362508166220623,NS,1,C1 SPECIFIC
BICC1,3.0346694778664025,4.375692457681282e-5,Up,1.4413341164540432,0.1980315133049699,NS,1.9404969651175579,0.01451508327951566,Up,2,SHARED C1 & C3
XM_005270168,3.0346694778664025,4.375692457681282e-5,Up,1.4413341164540432,0.1980315133049699,NS,1.9404969651175579,0.01451508327951566,Up,2,SHARED C1 & C3
TGFB1I1,1.8507747969121109,4.4281463998780694e-5,Up,0.4112573654297744,0.57554276183825,NS,1.568677255135623,0.0029025330848618273,Up,2,SHARED C1 & C3
TRERF1,-1.185753110844547,4.4281463998780694e-5,Down,-0.03214528070328271,0.9635793413894652,NS,-0.07867537780903344,0.8064384256943873,NS,0,DOWN IN LIMBUS
C21orf91,-1.0775912972647488,4.457426997345752e-5,Down,-0.25066523522569906,0.5577225801667793,NS,-0.7767378927534914,0.007539474904469581,NS,0,DOWN IN LIMBUS
XM_006716454,2.2453529106431294,4.494867228369535e-5,Up,-0.003334254666578218,0.9978487665898482,NS,0.2020294000012024,0.7309527132385051,NS,1,C1 SPECIFIC
ZC2HC1A,2.2453529106431294,4.494867228369535e-5,Up,-0.003334254666578218,0.9978487665898482,NS,0.2020294000012024,0.7309527132385051,NS,1,C1 SPECIFIC
HRK,-2.1955859919601703,4.494867228369535e-5,Down,0.2114476874997413,0.8476243553544762,NS,-0.8476328379784794,0.10611925581953105,NS,0,DOWN IN LIMBUS
NAAA,1.5317506369452731,4.494867228369535e-5,Up,-0.21122734199620208,0.7560594536968583,NS,0.3924655462361306,0.2740387939095718,NS,1,C1 SPECIFIC
XM_005262920,1.5317506369452731,4.494867228369535e-5,Up,-0.21122734199620208,0.7560594536968583,NS,0.3924655462361306,0.2740387939095718,NS,1,C1 SPECIFIC
XM_005262925,1.5317506369452731,4.494867228369535e-5,Up,-0.21122734199620208,0.7560594536968583,NS,0.3924655462361306,0.2740387939095718,NS,1,C1 SPECIFIC
PLEKHO1,1.5313063788370735,4.498146954014979e-5,Up,0.34740026117333933,0.5685114731979407,NS,0.9771630412547081,0.014901044978485803,NS,1,C1 SPECIFIC
IGSF10,1.4226622928475354,4.507918957268638e-5,Up,-1.3028098831980097,0.014238351408776209,Down,1.2612319735144863,0.002177367896310851,Up,2,SHARED C1 & C3
XM_006713596,1.4226622928475354,4.507918957268638e-5,Up,-1.3028098831980097,0.014238351408776209,Down,1.2612319735144863,0.002177367896310851,Up,2,SHARED C1 & C3
XM_006713597,1.4226622928475354,4.507918957268638e-5,Up,-1.3028098831980097,0.014238351408776209,Down,1.2612319735144863,0.002177367896310851,Up,2,SHARED C1 & C3
PRR5L,1.6420690077361355,4.5083784254639666e-5,Up,0.8373931555387868,0.17430218598149247,NS,0.6953086743746084,0.07929290599252391,NS,1,C1 SPECIFIC
ARSB,2.0105375666927894,4.5180049892042664e-5,Up,0.6993192447106011,0.3624158070057386,NS,0.9888112073534501,0.04725417338715669,NS,1,C1 SPECIFIC
XM_005248506,2.0105375666927894,4.5180049892042664e-5,Up,0.6993192447106011,0.3624158070057386,NS,0.9888112073534501,0.04725417338715669,NS,1,C1 SPECIFIC
ALAD,-1.0450479110304673,4.5560971580782405e-5,Down,-0.36907522910577395,0.35517458193029666,NS,-0.1362972205444617,0.5978670185003536,NS,0,DOWN IN LIMBUS
ATP10A,1.1914234463017364,4.586380522326448e-5,Up,0.06671397273202295,0.9182045011846982,NS,0.9142569580491573,0.0053448045560876845,NS,1,C1 SPECIFIC
XM_006720619,1.1914234463017364,4.586380522326448e-5,Up,0.06671397273202295,0.9182045011846982,NS,0.9142569580491573,0.0053448045560876845,NS,1,C1 SPECIFIC
VSIR,-1.0217489177610055,4.6468261017491695e-5,Down,-0.008228179492750343,0.9906100315449791,NS,0.2580880124595417,0.2827362840042452,NS,0,DOWN IN LIMBUS
FHL1,3.2798190510721623,4.7029253457317607e-5,Up,1.4747467768579892,0.23146118547554306,NS,1.3637035553362882,0.08550443020318298,NS,1,C1 SPECIFIC
XM_006724744,3.2798190510721623,4.7029253457317607e-5,Up,1.4747467768579892,0.23146118547554306,NS,1.3637035553362882,0.08550443020318298,NS,1,C1 SPECIFIC
ITGA1,1.5460660901429115,4.762830604487411e-5,Up,-0.39940065938623537,0.518605027897249,NS,0.634811526632955,0.0894215646608533,NS,1,C1 SPECIFIC
PRXL2C,1.2460273882813917,4.808359927983803e-5,Up,-0.2509249855841862,0.6249943322845163,NS,0.533178815695786,0.07820818786457855,NS,1,C1 SPECIFIC
STARD9,1.6094103332538694,4.830240122752652e-5,Up,0.4845280573765578,0.43782413156564215,NS,1.1540056214633898,0.00818046025003647,Up,2,SHARED C1 & C3
TNFRSF19,2.246488333608422,4.849064906888524e-5,Up,0.7496954045213959,0.386740720837812,NS,2.361602275411234,7.797500255208231e-4,Up,2,SHARED C1 & C3
TMEM102,-1.09681455979766,4.8934014797794395e-5,Down,-0.3390465077900444,0.42656131468434644,NS,-1.044154498413576,0.0014156507996991887,Down,0,DOWN IN LIMBUS
SEC16B,-2.2799317431928383,4.8959604776551345e-5,Down,0.9634107954037594,0.2658586251839498,NS,0.29043270218493866,0.6115549035237742,NS,0,DOWN IN LIMBUS
KIF21A,-2.2792947749657984,4.9064975117799213e-5,Down,-0.9881953182418179,0.25469020939377274,NS,-0.930209369158125,0.09242743660625391,NS,0,DOWN IN LIMBUS
XR_429108,-2.2792947749657984,4.9064975117799213e-5,Down,-0.9881953182418179,0.25469020939377274,NS,-0.930209369158125,0.09242743660625391,NS,0,DOWN IN LIMBUS
PALS2,-1.2909643315487997,4.9064975117799213e-5,Down,1.0514502963781842,0.03171740143457955,Up,0.2826408915785814,0.3596437121023576,NS,1,C2 SPECIFIC
XM_006715741,-1.2909643315487997,4.9064975117799213e-5,Down,1.0514502963781842,0.03171740143457955,Up,0.2826408915785814,0.3596437121023576,NS,1,C2 SPECIFIC
TCAF2,-1.6875930759387536,4.9406984518504774e-5,Down,-0.11278736876848505,0.9018325186278144,NS,-0.09566472793088554,0.839793616190424,NS,0,DOWN IN LIMBUS
TCAF2P1,-1.6875930759387536,4.9406984518504774e-5,Down,-0.11278736876848505,0.9018325186278144,NS,-0.09566472793088554,0.839793616190424,NS,0,DOWN IN LIMBUS
XM_006715927,-1.6875930759387536,4.9406984518504774e-5,Down,-0.11278736876848505,0.9018325186278144,NS,-0.09566472793088554,0.839793616190424,NS,0,DOWN IN LIMBUS
SYNPR,-2.4758292638695547,4.9406984518504774e-5,Down,3.133678561403821,0.0013327464252825857,Up,1.7165449435162579,0.010139127882181178,Up,2,SHARED C2 & C3
LPCAT2,2.329563138772203,4.975122762405175e-5,Up,-0.3776927364194185,0.7072923655977431,NS,0.050802278126869105,0.9406342305810305,NS,1,C1 SPECIFIC
KMT5A,-1.0212519988718203,4.977032879318338e-5,Down,-0.2815958800600855,0.49318074304468285,NS,-0.3205256338117648,0.1858962120867999,NS,0,DOWN IN LIMBUS
XM_006719394,-1.0212519988718203,4.977032879318338e-5,Down,-0.2815958800600855,0.49318074304468285,NS,-0.3205256338117648,0.1858962120867999,NS,0,DOWN IN LIMBUS
COL6A3,2.7320615886265713,4.99202596896671e-5,Up,0.4445926198307184,0.706413601994736,NS,1.6172795586921769,0.02314132670933566,Up,2,SHARED C1 & C3
NEBL,-1.815226223326163,4.99202596896671e-5,Down,-0.6794231535108421,0.32676304587906574,NS,-1.3791468812807182,0.00590264811482905,Down,0,DOWN IN LIMBUS
GPC3,1.5332984439670039,4.99202596896671e-5,Up,1.0271588142529504,0.07711624384260489,NS,1.4553066281844806,0.0015063835217344142,Up,2,SHARED C1 & C3
INPP5F,-1.122588184130219,5.059495212676445e-5,Down,-0.13305744975058786,0.8044484385267936,NS,-0.5067601684872152,0.06640386862848587,NS,0,DOWN IN LIMBUS
PTGIS,2.6097914788668364,5.064275396202005e-5,Up,-0.8107274942582636,0.42656131468434644,NS,2.4583065626695735,0.0016039481811543012,Up,2,SHARED C1 & C3
CCDC74A,1.0484406953872174,5.064275396202005e-5,Up,0.31664063346408167,0.43999974340445097,NS,0.5805437040945591,0.03140130587469223,NS,1,C1 SPECIFIC
CCDC74B,1.0484406953872174,5.064275396202005e-5,Up,0.31664063346408167,0.43999974340445097,NS,0.5805437040945591,0.03140130587469223,NS,1,C1 SPECIFIC
TRIM7,-1.1841737032627346,5.111245045343731e-5,Down,0.016936080043600477,0.9831503279308691,NS,-0.6172841078545517,0.04019352074531365,NS,0,DOWN IN LIMBUS
PTCH1,-1.4306706050700981,5.173314600108654e-5,Down,-0.24753022757092857,0.6845086405285287,NS,0.047366613790080336,0.9115553064144581,NS,0,DOWN IN LIMBUS
SVIL,1.5132390704827081,5.1756330851604885e-5,Up,0.37927726943550155,0.5391339877668102,NS,0.5339842916132298,0.14278121651445716,NS,1,C1 SPECIFIC
ADCY7,1.4821853716959819,5.1814816560841786e-5,Up,0.3482552857469763,0.5614704749692447,NS,-0.28366207446728975,0.43160289181426725,NS,1,C1 SPECIFIC
GALNT18,-1.5104828740490035,5.196952960050597e-5,Down,1.1684472049432655,0.03846227245684016,Up,0.15048965568563766,0.704541510345477,NS,1,C2 SPECIFIC
NPC2,1.0126743863463634,5.199684358399352e-5,Up,0.12075327881866826,0.8039929535688656,NS,-0.021991088876049503,0.9409621021746544,NS,1,C1 SPECIFIC
XM_006720004,1.0126743863463634,5.199684358399352e-5,Up,0.12075327881866826,0.8039929535688656,NS,-0.021991088876049503,0.9409621021746544,NS,1,C1 SPECIFIC
CLU,-2.5098878785766914,5.2545840442284214e-05,Down,-0.15442255762808976,0.9119049838061896,NS,1.3730925961796538,0.0334261811737004,Up,1,C3 SPECIFIC
XM_006716284,-2.5098878785766914,5.2545840442284214e-05,Down,-0.15442255762808976,0.9119049838061896,NS,1.3730925961796538,0.0334261811737004,Up,1,C3 SPECIFIC
MEOX2,2.5923310312616765,5.2656385763487714e-5,Up,0.6562343962636135,0.5378051734288727,NS,1.9166026374021907,0.007315174485785256,Up,2,SHARED C1 & C3
RAI14,2.1994448523775647,5.346086724149162e-5,Up,-0.5032106902653553,0.5716630665404882,NS,-1.0948463667270651,0.0483251918756047,Down,1,C1 SPECIFIC
ZNRF2,-1.003114545503931,5.413440262338959e-5,Down,-0.01785567419731393,0.9787094509775722,NS,-0.22882098455106625,0.3447050226845594,NS,0,DOWN IN LIMBUS
DEGS1,1.712591502244214,5.4174334310975137e-5,Up,0.019172931978269858,0.987967126207834,NS,0.7797436760539558,0.06626468313116268,NS,1,C1 SPECIFIC
OR7E37P,-1.2753105471680142,5.489634903911581e-5,Down,-0.21654183750550615,0.6927730037352587,NS,0.05567455452163905,0.8817041510817917,NS,0,DOWN IN LIMBUS
DSEL,2.2728677360561482,5.522157660823083e-5,Up,1.201563294301235,0.1675834642760891,NS,1.7470270658027394,0.005901408723194903,Up,2,SHARED C1 & C3
SHC3,2.0257366541981714,5.57963558867681e-5,Up,2.1966970327693733,0.005550402635428103,Up,1.6106117459206102,0.004931043250813331,Up,3,CORE - all 3 contrasts
A2M,4.245372525267129,5.617367073012212e-5,Up,-0.07730602110616402,0.9778166879781459,NS,3.065306092930255,0.008713130962772658,Up,2,SHARED C1 & C3
FOXN3,-1.2297409251398648,5.6416406797245876e-5,Down,-0.025964023616457332,0.9730855189820611,NS,0.9335749390164199,0.006468760893050274,NS,0,DOWN IN LIMBUS
HSPG2,1.6403398134511775,5.692138451236693e-5,Up,0.5287024834911662,0.41378039991426036,NS,0.29199125702018414,0.47273814507155637,NS,1,C1 SPECIFIC
MMP1,3.781580861371495,5.693963409406831e-5,Up,-1.1935953813588531,0.42403733379643177,NS,-2.5417501406443366,0.012997835099267715,Down,1,C1 SPECIFIC
IL7,1.6267901417761519,5.708219352120079e-5,Up,-0.9392346872136761,0.13051160792637634,NS,0.5468779117904621,0.16527043178175174,NS,1,C1 SPECIFIC
ADARB1,2.3624325662447383,5.784215733716055e-5,Up,2.163100902269113,0.017028801210897192,Up,2.063540900888966,0.0029025330848618273,Up,3,CORE - all 3 contrasts
XM_006723955,2.3624325662447383,5.784215733716055e-5,Up,2.163100902269113,0.017028801210897192,Up,2.063540900888966,0.0029025330848618273,Up,3,CORE - all 3 contrasts
FUT8,1.8744394537933289,5.8549677902712275e-5,Up,0.3250705901750486,0.6888291690820615,NS,0.5418494277154018,0.22919114946197572,NS,1,C1 SPECIFIC
NR_038170,1.8744394537933289,5.8549677902712275e-5,Up,0.3250705901750486,0.6888291690820615,NS,0.5418494277154018,0.22919114946197572,NS,1,C1 SPECIFIC
IPO11,1.4239365383678395,5.8549677902712275e-5,Up,-0.22730938453740546,0.7197148985532326,NS,0.5847527292338475,0.09607374439641675,NS,1,C1 SPECIFIC
TMOD3,-1.2660865728314095,5.898649389788055e-5,Down,-0.35264439113050994,0.49720952781803346,NS,-1.0311362479770798,0.004505216597808454,Down,0,DOWN IN LIMBUS
ADAMTS2,1.8158421738363724,5.898649389788055e-5,Up,-0.005211865517483538,0.9965626438730923,NS,1.7044755944447667,0.0018272186572669354,Up,2,SHARED C1 & C3
FOXD1,1.1724641830253653,5.968843762522372e-5,Up,0.18722267821628247,0.7205229365183805,NS,0.1367988771184061,0.6525993863064887,NS,1,C1 SPECIFIC
C1orf198,1.6572969156377564,5.9989381244761093e-5,Up,0.7689358573669747,0.22972799725771537,NS,1.1841923137014927,0.009641252852309736,Up,2,SHARED C1 & C3
PKD2,1.5139815049238994,6.025641051995986e-5,Up,0.8535223571023796,0.1467226824669964,NS,1.0024523869447712,0.014582777150114223,Up,2,SHARED C1 & C3
AMPD3,-1.8622614059070628,6.025641051995986e-5,Down,0.27498305483533514,0.7448127612113277,NS,0.5448397184524438,0.22515966035862028,NS,0,DOWN IN LIMBUS
ADGRE5,1.4421813252647064,6.028419857271991e-5,Up,-0.2790231428366514,0.651288417327143,NS,0.5649398853407197,0.11177330858295023,NS,1,C1 SPECIFIC
KDM7A,-1.030570119106355,6.033871513631556e-5,Down,-0.18824701305372038,0.6702293577142897,NS,-0.09931347004685165,0.7211490946785677,NS,0,DOWN IN LIMBUS
GFRA1,1.0330447832956375,6.066853786381931e-5,Up,0.25068185894843076,0.5561902991030524,NS,1.3124589177269872,2.6214651713870154e-4,Up,2,SHARED C1 & C3
AREG,-2.529397010789836,6.1004813781068025e-5,Down,-1.9547657132005591,0.04185106039386134,Down,-2.5827159455571955,0.0010986232324334529,Down,0,DOWN IN LIMBUS
KIRREL1,2.0760039746861247,6.12164764776418e-5,Up,0.7230699374130403,0.37658196035847036,NS,0.8712111949519112,0.09137712580884545,NS,1,C1 SPECIFIC
XM_006711430,2.0760039746861247,6.12164764776418e-5,Up,0.7230699374130403,0.37658196035847036,NS,0.8712111949519112,0.09137712580884545,NS,1,C1 SPECIFIC
PDGFRL,2.5103600294426593,6.12164764776418e-5,Up,0.5146350732317089,0.6310692879915478,NS,2.1678043745539703,0.0032365436902668907,Up,2,SHARED C1 & C3
COTL1,1.5696409716079192,6.13545724652733e-5,Up,0.018427528345438482,0.9875723390037568,NS,0.2898865674659916,0.4587040410622988,NS,1,C1 SPECIFIC
PEAK1,1.7370470265825926,6.13545724652733e-5,Up,1.0326777584966376,0.12265218694745876,NS,1.3563976979708183,0.005745436323019041,Up,2,SHARED C1 & C3
LEPR,3.2666512727354826,6.139662905864859e-5,Up,-0.5177849575611884,0.7225933914085355,NS,1.8400203672181181,0.03188638178095128,Up,2,SHARED C1 & C3
LEPROT,3.2666512727354826,6.139662905864859e-5,Up,-0.5177849575611884,0.7225933914085355,NS,1.8400203672181181,0.03188638178095128,Up,2,SHARED C1 & C3
CIBAR1,1.0070619050101115,6.186833976087446e-5,Up,0.1379310461124037,0.768638094602388,NS,0.5395405189003544,0.039077737902481646,NS,1,C1 SPECIFIC
APOLD1,2.5077614628840337,6.187495741407543e-5,Up,0.5641967901991789,0.5867609910993641,NS,1.8702475165185213,0.0077065148364956005,Up,2,SHARED C1 & C3
ANKRD46,-1.172755870107391,6.204208945933484e-5,Down,0.5554895758603511,0.2194040020713044,NS,0.07050419164479038,0.8342615993173806,NS,0,DOWN IN LIMBUS
SGCD,2.156761428033133,6.20632318677826e-5,Up,0.38657666067090446,0.6788481662259348,NS,1.9338144732521538,0.0026067090696580584,Up,2,SHARED C1 & C3
CEP112,1.7884841227408144,6.209195132417619e-5,Up,0.5134114453179546,0.48331186734514486,NS,0.7358133493673282,0.09788528996122349,NS,1,C1 SPECIFIC
XM_006721742,1.7884841227408144,6.209195132417619e-5,Up,0.5134114453179546,0.48331186734514486,NS,0.7358133493673282,0.09788528996122349,NS,1,C1 SPECIFIC
XM_006721743,1.7884841227408144,6.209195132417619e-5,Up,0.5134114453179546,0.48331186734514486,NS,0.7358133493673282,0.09788528996122349,NS,1,C1 SPECIFIC
RAP2B,-1.013704818437061,6.209195132417619e-5,Down,-0.19348508425195554,0.6581104818181633,NS,-0.1031549237772218,0.7041992930854634,NS,0,DOWN IN LIMBUS
SCD5,-1.4218365215047566,6.241873748266848e-5,Down,0.2759221579982363,0.6522503285085834,NS,0.21005301463101844,0.5630540678268208,NS,0,DOWN IN LIMBUS
NTM,1.6975829186894806,6.306014060728306e-5,Up,-0.7639002534688668,0.2475335066222922,NS,0.46491024591870733,0.2599972875627143,NS,1,C1 SPECIFIC
XM_006709956,1.6975829186894806,6.306014060728306e-5,Up,-0.7639002534688668,0.2475335066222922,NS,0.46491024591870733,0.2599972875627143,NS,1,C1 SPECIFIC
XM_006718854,1.6975829186894806,6.306014060728306e-5,Up,-0.7639002534688668,0.2475335066222922,NS,0.46491024591870733,0.2599972875627143,NS,1,C1 SPECIFIC
ACKR4,2.656161855236168,6.32395496780615e-5,Up,-1.4538018784845308,0.16513571417093634,NS,1.4529623751302108,0.03623842656182535,Up,2,SHARED C1 & C3
MISP,-0.9591883980642049,6.332493150725301e-5,NS,-0.44977454044885423,0.22866024912734054,NS,-1.194872943550915,3.179543521227045e-4,Down,0,DOWN IN LIMBUS
LRP11,-1.02934031574625,6.413910502773807e-5,Down,0.5010951182394567,0.20759320821188212,NS,-0.4893656462473679,0.06093647724685659,NS,0,DOWN IN LIMBUS
XM_006715584,-1.02934031574625,6.413910502773807e-5,Down,0.5010951182394567,0.20759320821188212,NS,-0.4893656462473679,0.06093647724685659,NS,0,DOWN IN LIMBUS
PAFAH1B2,-1.0047081251723835,6.426158047442498e-5,Down,-0.1449627205595938,0.7542135833055889,NS,-0.8100114898844195,0.0050132111834268,NS,0,DOWN IN LIMBUS
PDE5A,3.2083289065023237,6.426158047442498e-5,Up,0.7343625499275772,0.580693980239881,NS,1.7427452680401974,0.0376848268303056,Up,2,SHARED C1 & C3
FHL2,1.246137435623801,6.446030614123875e-5,Up,-0.1327726423832214,0.8332616902199199,NS,0.5631803259428629,0.07292171098208851,NS,1,C1 SPECIFIC
XM_005263901,1.246137435623801,6.446030614123875e-5,Up,-0.1327726423832214,0.8332616902199199,NS,0.5631803259428629,0.07292171098208851,NS,1,C1 SPECIFIC
NES,1.3705603537135396,6.446030614123875e-5,Up,0.7259682490539481,0.17505876904124257,NS,1.1667796318107229,0.00362647485549406,Up,2,SHARED C1 & C3
THSD4,2.4223723460644164,6.519559625872164e-5,Up,0.4352181983027892,0.6795098506661941,NS,1.0688479207712502,0.0795741466470898,NS,1,C1 SPECIFIC
AGTR1,1.70590069368214,6.558680852051943e-5,Up,0.25254886491654105,0.7470579008024624,NS,1.3272441697852209,0.006185381188801601,Up,2,SHARED C1 & C3
PTPRZ1,2.59489006613276,6.62063465997412e-5,Up,0.30762426972954504,0.8107206164212452,NS,-0.8212171127872736,0.19578894188168589,NS,1,C1 SPECIFIC
SYNE4,-1.5277575280493423,6.62063465997412e-5,Down,-0.4186078917136733,0.5129520751362148,NS,-0.9163405331819634,0.025262299156538978,NS,0,DOWN IN LIMBUS
XM_005258599,-1.5277575280493423,6.62063465997412e-5,Down,-0.4186078917136733,0.5129520751362148,NS,-0.9163405331819634,0.025262299156538978,NS,0,DOWN IN LIMBUS
XM_005258600,-1.5277575280493423,6.62063465997412e-5,Down,-0.4186078917136733,0.5129520751362148,NS,-0.9163405331819634,0.025262299156538978,NS,0,DOWN IN LIMBUS
CAMK2N1,-3.0147882091572047,6.634236285073571e-5,Down,-0.10741783619831669,0.9546744042687918,NS,-2.0644005447665883,0.012997835099267715,Down,0,DOWN IN LIMBUS
CBLC,-1.1810645824583625,6.692319542974321e-5,Down,-0.34669435326254217,0.4765181980168553,NS,-1.4660546118449638,3.4880231038684627e-4,Down,0,DOWN IN LIMBUS
C6orf52,-1.496852167643966,6.696458229459362e-5,Down,-0.02130304951577866,0.983743570143105,NS,-0.620636013010051,0.09825815533553464,NS,0,DOWN IN LIMBUS
NR_026736,-1.496852167643966,6.696458229459362e-5,Down,-0.02130304951577866,0.983743570143105,NS,-0.620636013010051,0.09825815533553464,NS,0,DOWN IN LIMBUS
XM_006715088,-1.496852167643966,6.696458229459362e-5,Down,-0.02130304951577866,0.983743570143105,NS,-0.620636013010051,0.09825815533553464,NS,0,DOWN IN LIMBUS
FAM234B,-1.0251208924359414,6.724934982497916e-5,Down,0.16051804256900493,0.7290864181389357,NS,0.09821605219591234,0.726082990627459,NS,0,DOWN IN LIMBUS
TEAD2,1.466668650361635,6.73896911740222e-5,Up,-0.026701885402335535,0.9788259152467479,NS,-0.5333153698483883,0.14293898644802297,NS,1,C1 SPECIFIC
XM_006723425,1.466668650361635,6.73896911740222e-5,Up,-0.026701885402335535,0.9788259152467479,NS,-0.5333153698483883,0.14293898644802297,NS,1,C1 SPECIFIC
XR_430214,1.466668650361635,6.73896911740222e-5,Up,-0.026701885402335535,0.9788259152467479,NS,-0.5333153698483883,0.14293898644802297,NS,1,C1 SPECIFIC
LPP,1.4801198485481413,6.805112550642032e-5,Up,-0.36351715091289805,0.5561902991030524,NS,0.42580953843785085,0.24079854691641953,NS,1,C1 SPECIFIC
XM_005247444,1.4801198485481413,6.805112550642032e-5,Up,-0.36351715091289805,0.5561902991030524,NS,0.42580953843785085,0.24079854691641953,NS,1,C1 SPECIFIC
SLC24A3,-2.1160303916810115,6.863322758900656e-5,Down,0.09743005305965724,0.9385253788799722,NS,-0.5807704495715891,0.2642644478245226,NS,0,DOWN IN LIMBUS
PLN,1.7276541519985962,6.863987094643508e-5,Up,0.8451190968252282,0.20876682638847865,NS,1.2919613339395424,0.008165349263446364,Up,2,SHARED C1 & C3
PPP1R36,-1.7938281218521137,6.88150969584431e-5,Down,-8.127654810552443e-4,0.9993317413343659,NS,-0.6288503335118465,0.15821799406701084,NS,0,DOWN IN LIMBUS
GPR39,-1.8481864724847101,6.90236385174748e-5,Down,-0.24155285124031778,0.7863855411114371,NS,-1.2060515825046112,0.016982069564290346,Down,0,DOWN IN LIMBUS
JCAD,2.560148047383408,6.92043252157635e-5,Up,2.015114611310034,0.04111482583065153,Up,2.783137372665994,8.246643467099824e-4,Up,3,CORE - all 3 contrasts
ZNF503,1.403283084041881,6.922296591799107e-5,Up,0.09697558796271366,0.902216933131275,NS,0.7624662625988883,0.039077737902481646,NS,1,C1 SPECIFIC
TMEM100,-1.587862674534005,6.933746527655587e-5,Down,0.32594783587504494,0.6346902986418151,NS,0.8049225160676858,0.05031375812239048,NS,0,DOWN IN LIMBUS
PLSCR1,1.7162938255668374,7.00025351389071e-5,Up,-0.5849631223354574,0.3977615449412681,NS,-0.7608131518775227,0.08050039405707059,NS,1,C1 SPECIFIC
FHOD3,-2.0107793447857087,7.014507821088615e-5,Down,0.7259828354074083,0.3716045771827043,NS,0.1739210340866757,0.7560567741874653,NS,0,DOWN IN LIMBUS
BTBD16,-1.7365070991991924,7.06576883509356e-5,Down,-0.5393478711496948,0.44655649458920726,NS,-0.6030012397367424,0.162689976710197,NS,0,DOWN IN LIMBUS
ABCB1,1.693982069689436,7.071730359803741e-5,Up,0.412189096542674,0.5617748212030275,NS,1.2102035799843458,0.010768342750335952,Up,2,SHARED C1 & C3
SCN2A,0.9786721617917213,7.071730359803741e-5,NS,-2.0499456867174475,2.9335670163350523e-5,Down,0.5716963600621034,0.029319525716443296,NS,0,DOWN IN LIMBUS
FBLN2,1.2441336278964217,7.073973944848092e-5,Up,-0.02886246702216333,0.9717353028722994,NS,1.742312076014457,1.895634162140055e-4,Up,2,SHARED C1 & C3
RIMKLB,1.4218333594524735,7.17107578997693e-5,Up,0.5877504742295567,0.30183729360652695,NS,0.8022861677184849,0.03396389012416502,NS,1,C1 SPECIFIC
GLE1,-1.1418429635280498,7.232127420004173e-5,Down,-0.43141481867329823,0.3450959279699134,NS,-0.6362400386124074,0.035873075330009725,NS,0,DOWN IN LIMBUS
XM_006717058,-1.1418429635280498,7.232127420004173e-5,Down,-0.43141481867329823,0.3450959279699134,NS,-0.6362400386124074,0.035873075330009725,NS,0,DOWN IN LIMBUS
ISLR,2.188231220828958,7.232127420004173e-5,Up,0.00885860748661571,0.9955003767170795,NS,1.953876706570524,0.002961759309658639,Up,2,SHARED C1 & C3
PLXNC1,3.5353217229799454,7.232127420004173e-5,Up,-0.053447676296928925,0.9828156995103651,NS,2.44105700936967,0.013118783805213308,Up,2,SHARED C1 & C3
GOLGA2P5,-1.0316274542034858,7.232127420004173e-5,Down,-0.5075427438716495,0.20891838511464067,NS,-0.49286683331682113,0.06301202914166666,NS,0,DOWN IN LIMBUS
GRAMD1B,-1.1157719065851772,7.232127420004173e-5,Down,0.47100315238500823,0.29054529962289827,NS,0.6790725711329699,0.024882774984652477,NS,0,DOWN IN LIMBUS
XM_005271621,-1.1157719065851772,7.232127420004173e-5,Down,0.47100315238500823,0.29054529962289827,NS,0.6790725711329699,0.024882774984652477,NS,0,DOWN IN LIMBUS
XM_005271624,-1.1157719065851772,7.232127420004173e-5,Down,0.47100315238500823,0.29054529962289827,NS,0.6790725711329699,0.024882774984652477,NS,0,DOWN IN LIMBUS
XM_006718887,-1.1157719065851772,7.232127420004173e-5,Down,0.47100315238500823,0.29054529962289827,NS,0.6790725711329699,0.024882774984652477,NS,0,DOWN IN LIMBUS
CERS6,-1.1944852654257607,7.24496022577867e-5,Down,-0.49125110617159784,0.3054112145119819,NS,-0.9754617691119742,0.0050511108079507394,NS,0,DOWN IN LIMBUS
KICS2,-1.3308181870878588,7.273955288045338e-5,Down,-0.2769609093578902,0.6315592465542976,NS,-0.413241858987897,0.20868197764085994,NS,0,DOWN IN LIMBUS
IL20RA,-2.45096478949279,7.280589378757862e-5,Down,-0.7600954292270714,0.44957880632368885,NS,-0.5890530840519226,0.3355852500928789,NS,0,DOWN IN LIMBUS
NID2,2.3704498795185045,7.280589378757862e-5,Up,-0.13677399515397237,0.9201409947897085,NS,1.655962083109312,0.012620491148935944,Up,2,SHARED C1 & C3
TSPAN4,1.1075628557655763,7.307414177770915e-5,Up,0.16275135793151563,0.7540084776721327,NS,1.0038024333755606,0.0027476627840784477,Up,2,SHARED C1 & C3
NUDT11,1.5525803038911175,7.336724586777552e-5,Up,1.1779149274331804,0.05158763411048969,NS,1.5089544634797791,0.001742897157200778,Up,2,SHARED C1 & C3
GALNT14,1.6984895775942093,7.403880250346667e-5,Up,-0.26689194414980655,0.7320832785485802,NS,0.22695673292921903,0.6117439815643905,NS,1,C1 SPECIFIC
NR_045602,1.6984895775942093,7.403880250346667e-5,Up,-0.26689194414980655,0.7320832785485802,NS,0.22695673292921903,0.6117439815643905,NS,1,C1 SPECIFIC
ITM2A,4.096427483991849,7.403880250346667e-5,Up,0.38486841753987644,0.8624508865430474,NS,2.3801918295482265,0.030874398458953758,Up,2,SHARED C1 & C3
ARHGAP27,-1.629766108139174,7.403880250346667e-5,Down,-0.36275257681973816,0.6013379700208635,NS,-0.927136333327998,0.03359753121424716,NS,0,DOWN IN LIMBUS
XM_005275641,-1.629766108139174,7.403880250346667e-5,Down,-0.36275257681973816,0.6013379700208635,NS,-0.927136333327998,0.03359753121424716,NS,0,DOWN IN LIMBUS
OAT,1.2649580502710567,7.403880250346667e-5,Up,0.07972613477193846,0.9138435603661155,NS,0.07157934578754421,0.8482327786201612,NS,1,C1 SPECIFIC
XM_006717871,1.2649580502710567,7.403880250346667e-5,Up,0.07972613477193846,0.9138435603661155,NS,0.07157934578754421,0.8482327786201612,NS,1,C1 SPECIFIC
CRACDL,-1.3487711967548641,7.440429096528991e-5,Down,-0.08005219189695723,0.9182045011846982,NS,-0.04289275052109076,0.918531220114488,NS,0,DOWN IN LIMBUS
XM_005263925,-1.3487711967548641,7.440429096528991e-5,Down,-0.08005219189695723,0.9182045011846982,NS,-0.04289275052109076,0.918531220114488,NS,0,DOWN IN LIMBUS
GEM,4.330616706098741,7.466639999160202e-5,Up,2.1689980866047156,0.20363833210240267,NS,3.269452219114549,0.008218888280701159,Up,2,SHARED C1 & C3
TTC29,-1.7494710954073427,7.497664671801286e-5,Down,-0.34603684851844685,0.6532365880524899,NS,-0.9974884320066262,0.03352542936787542,NS,0,DOWN IN LIMBUS
XR_427552,-1.7494710954073427,7.497664671801286e-5,Down,-0.34603684851844685,0.6532365880524899,NS,-0.9974884320066262,0.03352542936787542,NS,0,DOWN IN LIMBUS
CFL2,1.5141364927617662,7.497664671801286e-5,Up,-0.006741274391616869,0.995219223117115,NS,0.7213676866217575,0.06489420922551944,NS,1,C1 SPECIFIC
NOTCH2,1.49628376315008,7.497664671801286e-5,Up,0.15137959483443808,0.8489896258780562,NS,0.7675516735940509,0.05012547814548088,NS,1,C1 SPECIFIC
XM_005270901,1.49628376315008,7.497664671801286e-5,Up,0.15137959483443808,0.8489896258780562,NS,0.7675516735940509,0.05012547814548088,NS,1,C1 SPECIFIC
XM_006710667,1.49628376315008,7.497664671801286e-5,Up,0.15137959483443808,0.8489896258780562,NS,0.7675516735940509,0.05012547814548088,NS,1,C1 SPECIFIC
CCL14,3.0317317434785656,7.497664671801286e-5,Up,1.202421439742757,0.3217721366544683,NS,2.24826382695378,0.009168868348827897,Up,2,SHARED C1 & C3
CCL15-CCL14,3.0317317434785656,7.497664671801286e-5,Up,1.202421439742757,0.3217721366544683,NS,2.24826382695378,0.009168868348827897,Up,2,SHARED C1 & C3
ESRP2,-1.4738719517845844,7.578132501633608e-5,Down,-0.5835262946016524,0.32420145966696523,NS,-0.7475739087873077,0.05242579999743774,NS,0,DOWN IN LIMBUS
XM_006721274,-1.4738719517845844,7.578132501633608e-5,Down,-0.5835262946016524,0.32420145966696523,NS,-0.7475739087873077,0.05242579999743774,NS,0,DOWN IN LIMBUS
CAVIN2,2.2569780063896197,7.57828510511265e-5,Up,-0.6322259947998026,0.5113106313721222,NS,1.778188833614573,0.006470691157212102,Up,2,SHARED C1 & C3
LURAP1L,1.5520735440984614,7.57828510511265e-5,Up,-0.17086211133999196,0.8312993733891758,NS,-1.1669169861658348,0.008582927693869652,Down,1,C1 SPECIFIC
XM_005258230,-1.2005199223291019,7.57828510511265e-5,Down,0.29758276886283674,0.5579256409814187,NS,0.4329631335120041,0.15250801826062937,NS,0,DOWN IN LIMBUS
ZBTB7C,-1.2005199223291019,7.57828510511265e-5,Down,0.29758276886283674,0.5579256409814187,NS,0.4329631335120041,0.15250801826062937,NS,0,DOWN IN LIMBUS
MCOLN3,2.5406124432417228,7.57828510511265e-5,Up,-0.7162780938496027,0.5085826005181991,NS,1.0847687070004044,0.09470359569297386,NS,1,C1 SPECIFIC
XM_006710750,2.5406124432417228,7.57828510511265e-5,Up,-0.7162780938496027,0.5085826005181991,NS,1.0847687070004044,0.09470359569297386,NS,1,C1 SPECIFIC
XM_006710751,2.5406124432417228,7.57828510511265e-5,Up,-0.7162780938496027,0.5085826005181991,NS,1.0847687070004044,0.09470359569297386,NS,1,C1 SPECIFIC
SDE2,-1.0335819455678035,7.57828510511265e-5,Down,-0.2597874528361599,0.5546803671816637,NS,-0.15462682640385594,0.5686229023233607,NS,0,DOWN IN LIMBUS
XR_247021,-1.0335819455678035,7.57828510511265e-5,Down,-0.2597874528361599,0.5546803671816637,NS,-0.15462682640385594,0.5686229023233607,NS,0,DOWN IN LIMBUS
MASP1,1.5387059267652043,7.57828510511265e-5,Up,-0.4407023429202521,0.5009929747018887,NS,1.4248046615494072,0.0025068128140570815,Up,2,SHARED C1 & C3
BMP2,1.7601224298383285,7.57828510511265e-5,Up,-0.06812124148563115,0.9520494070768777,NS,-0.06212908999923794,0.9100480439506973,NS,1,C1 SPECIFIC
IFIT3,1.3647991636338368,7.582555163184264e-5,Up,-0.4216898721350386,0.4552981951277755,NS,-0.23172281782839477,0.5111891458004784,NS,1,C1 SPECIFIC
TEK,1.6248394728008853,7.795957801582183e-5,Up,0.2767840923969098,0.7093745195390402,NS,1.4001089582062072,0.0039114994365554425,Up,2,SHARED C1 & C3
GPRASP1,2.173133238344061,7.827532251513407e-5,Up,1.2784720278378217,0.1416938434895323,NS,1.7440770873192681,0.005901408723194903,Up,2,SHARED C1 & C3
MITF,2.669635561585477,7.948670414357146e-5,Up,-0.14004738324205945,0.9287001065545024,NS,1.6312866662967602,0.025737639593803072,Up,2,SHARED C1 & C3
DYRK1A,-1.0092539637158255,8.080803082379205e-5,Down,-0.3209328093011683,0.4436291570653696,NS,0.16480758271954787,0.532927612631749,NS,0,DOWN IN LIMBUS
AXIN2,1.45413333247369,8.080803082379205e-5,Up,0.9833040965059405,0.09685933779663763,NS,1.5043239058006614,0.0012823958147527542,Up,2,SHARED C1 & C3
ITIH4,-1.213729299695971,8.110286266613148e-5,Down,-0.15904601479730562,0.7906071836998984,NS,0.09291534736976814,0.7909377309740583,NS,0,DOWN IN LIMBUS
NCALD,1.124850200611112,8.11458998811238e-5,Up,0.3209410394491723,0.5072831843967562,NS,-0.23408680051980824,0.4161154988747318,NS,1,C1 SPECIFIC
AP1S2,1.207321466307465,8.11458998811238e-5,Up,0.2808170831889347,0.5867609910993641,NS,0.8546989324143333,0.012633955900392898,NS,1,C1 SPECIFIC
XR_247291,1.207321466307465,8.11458998811238e-5,Up,0.2808170831889347,0.5867609910993641,NS,0.8546989324143333,0.012633955900392898,NS,1,C1 SPECIFIC
TGFA,-1.5094203363805372,8.117432897694549e-5,Down,-0.753941682512413,0.20891838511464067,NS,-2.85786752225815,1.2328844711056922e-5,Down,0,DOWN IN LIMBUS
AGR2,-2.68037157017611,8.2066909236663e-5,Down,-1.7559031448429199,0.1017688393915318,NS,-1.751355743721355,0.018921568272443172,Down,0,DOWN IN LIMBUS
TRIO,1.187669385828399,8.22047843992412e-5,Up,-0.04742211475759461,0.9505453211170943,NS,-0.1107630568496436,0.7404812852005386,NS,1,C1 SPECIFIC
XM_006714495,1.187669385828399,8.22047843992412e-5,Up,-0.04742211475759461,0.9505453211170943,NS,-0.1107630568496436,0.7404812852005386,NS,1,C1 SPECIFIC
GJB3,-1.1477183822502663,8.235485503037521e-5,Down,0.13186720467443003,0.8250146689873229,NS,-0.42562117935230503,0.1449773172842496,NS,0,DOWN IN LIMBUS
DQX1,-1.2534740823344555,8.28373729381044e-5,Down,-0.2403139929028404,0.6675477805206942,NS,-0.6740361571634015,0.04423199183305881,NS,0,DOWN IN LIMBUS
LPIN2,1.3462275121664957,8.302072667161955e-5,Up,0.4732731948764686,0.3923256317272497,NS,0.8387658412650714,0.024089811320394713,NS,1,C1 SPECIFIC
XM_005258178,1.3462275121664957,8.302072667161955e-5,Up,0.4732731948764686,0.3923256317272497,NS,0.8387658412650714,0.024089811320394713,NS,1,C1 SPECIFIC
FRAS1,2.693435310581642,8.313064370724096e-5,Up,-0.36109853170198036,0.7855816296786277,NS,0.9207335208908765,0.17621435629961357,NS,1,C1 SPECIFIC
ANXA8,-1.2344980450449814,8.378428669577321e-5,Down,0.23368438519461243,0.6711551781473243,NS,-0.9130552695382477,0.010029878149671408,NS,0,DOWN IN LIMBUS
ANXA8L1,-1.2344980450449814,8.378428669577321e-5,Down,0.23368438519461243,0.6711551781473243,NS,-0.9130552695382477,0.010029878149671408,NS,0,DOWN IN LIMBUS
ABCA9,1.623822834266444,8.537203437697404e-5,Up,-0.7662426870956534,0.24114542227475297,NS,1.598464608711029,0.0017995719736187824,Up,2,SHARED C1 & C3
SLFN11,1.970800988978675,8.605378755931042e-5,Up,0.2795016524801204,0.7707044419222374,NS,0.6306104200039249,0.20472069447463076,NS,1,C1 SPECIFIC
DPY19L1,1.7364966245310187,8.623792469365275e-5,Up,0.11060988635476932,0.914553901417038,NS,0.2614856444260969,0.571323075105275,NS,1,C1 SPECIFIC
GNG2,2.7487627504791687,8.646347903005505e-5,Up,0.243930113801186,0.8735751197095963,NS,2.193830967760033,0.006523558007523403,Up,2,SHARED C1 & C3
XM_006720173,2.7487627504791687,8.646347903005505e-5,Up,0.243930113801186,0.8735751197095963,NS,2.193830967760033,0.006523558007523403,Up,2,SHARED C1 & C3
NR_027049,1.0831454220455372,8.646347903005505e-5,Up,0.46184849078085044,0.2991446524229498,NS,0.48799659932898365,0.08343839819339705,NS,1,C1 SPECIFIC
GALNT1,1.395315451212089,8.780093454408019e-5,Up,-0.15337831957440606,0.834127577135494,NS,-0.14187937675399098,0.7186554534162678,NS,1,C1 SPECIFIC
SLC47A2,-2.846194664724938,8.780093454408019e-5,Down,0.2945979615673453,0.8486639965276456,NS,-0.4035677388827352,0.5949633846135098,NS,0,DOWN IN LIMBUS
XM_006721456,-2.846194664724938,8.780093454408019e-5,Down,0.2945979615673453,0.8486639965276456,NS,-0.4035677388827352,0.5949633846135098,NS,0,DOWN IN LIMBUS
XR_243543,-2.846194664724938,8.780093454408019e-5,Down,0.2945979615673453,0.8486639965276456,NS,-0.4035677388827352,0.5949633846135098,NS,0,DOWN IN LIMBUS
XR_429809,-2.846194664724938,8.780093454408019e-5,Down,0.2945979615673453,0.8486639965276456,NS,-0.4035677388827352,0.5949633846135098,NS,0,DOWN IN LIMBUS
COL1A2,3.2524230902204714,8.784722049468605e-5,Up,0.22751070809745855,0.9040789905286417,NS,2.4526167179967846,0.00928363845295558,Up,2,SHARED C1 & C3
ARHGEF40,1.658548616989039,8.7975638774906e-5,Up,0.0016816948641560359,0.9984860509572454,NS,0.8932275509952836,0.04515549333455597,NS,1,C1 SPECIFIC
HOOK1,-1.9962684442095693,8.879679604233805e-5,Down,-0.23385496580855936,0.8223288398265939,NS,-0.9339143811905259,0.07408800839672727,NS,0,DOWN IN LIMBUS
BTF3L4,-1.0242983105047658,8.879679604233805e-5,Down,-0.12201001290461022,0.8182226035650066,NS,-0.08131990099059294,0.7841186860470518,NS,0,DOWN IN LIMBUS
RAB3IP,-1.257359633330024,8.879679604233805e-5,Down,-0.2631350185924477,0.638814776410379,NS,-1.1979861056062084,0.0022888152714278603,Down,0,DOWN IN LIMBUS
XM_006719228,-1.257359633330024,8.879679604233805e-5,Down,-0.2631350185924477,0.638814776410379,NS,-1.1979861056062084,0.0022888152714278603,Down,0,DOWN IN LIMBUS
MEST,1.9626852654321736,9.043602421655571e-5,Up,0.6246848420598097,0.44957880632368885,NS,1.774381096514377,0.0032687379184581267,Up,2,SHARED C1 & C3
ADGRF5,2.516950388793963,9.068445402699555e-5,Up,-0.37460243644935964,0.7577174536717757,NS,1.5856765907636863,0.023960754118597632,Up,2,SHARED C1 & C3
PECAM1,3.827958069252512,9.090842786587586e-5,Up,0.5611960636224183,0.7623735731134601,NS,2.536192364850626,0.018786265634149153,Up,2,SHARED C1 & C3
XM_006721945,3.827958069252512,9.090842786587586e-5,Up,0.5611960636224183,0.7623735731134601,NS,2.536192364850626,0.018786265634149153,Up,2,SHARED C1 & C3
SCN7A,3.098057599188982,9.149113916171222e-5,Up,1.265035532637425,0.318448221168435,NS,2.2095209109878358,0.012997835099267715,Up,2,SHARED C1 & C3
TCERG1L,-2.963021257344929,9.168344233306918e-5,Down,0.7385360026571162,0.5640878696737364,NS,-0.8350130844472208,0.2687965453153248,NS,0,DOWN IN LIMBUS
NIPAL1,-1.4198695795473633,9.201952052519693e-5,Down,0.010190626009155324,0.992201602679491,NS,-1.067084105115251,0.009747788926826071,Down,0,DOWN IN LIMBUS
TMSB15B,1.164257112147462,9.292889128792219e-5,Up,0.26505380174795157,0.6027178281533513,NS,0.1706248937946171,0.5847279614891497,NS,1,C1 SPECIFIC
TSGA10,-1.1485871261733624,9.292889128792219e-5,Down,-0.44275466240719563,0.35317042193386133,NS,-0.5258640085123245,0.08115594736179045,NS,0,DOWN IN LIMBUS
HNMT,3.23400606262934,9.327786103579633e-5,Up,0.004660784923597561,0.9980037332443455,NS,2.225445216407687,0.015767279153451892,Up,2,SHARED C1 & C3
ITGA4,2.4347982173861507,9.40054312810425e-5,Up,0.6715344046263905,0.526187037809044,NS,0.9525427654845018,0.13043034224264521,NS,1,C1 SPECIFIC
PMS2P1,-1.2404898799326523,9.557766944831117e-5,Down,-0.4672531951964993,0.3687434248188095,NS,-0.3824574177665365,0.2266153013536942,NS,0,DOWN IN LIMBUS
COL17A1,-1.2045837005252285,9.608462811142161e-5,Down,1.4074391479461195,0.005550402635428103,Up,-1.0248111907683057,0.004853620630718744,Down,1,C2 SPECIFIC
SYNPO2,3.4582448881062584,9.64550916721854e-5,Up,-0.04484829395580725,0.9866122469813824,NS,3.0192848300407853,0.004184803772919923,Up,2,SHARED C1 & C3
XM_006723512,1.2651941151383674,9.715670266952684e-5,Up,0.29325897552296176,0.5968944705764617,NS,1.0590541131325932,0.0053448045560876845,Up,2,SHARED C1 & C3
ZNF536,1.2651941151383674,9.715670266952684e-5,Up,0.29325897552296176,0.5968944705764617,NS,1.0590541131325932,0.0053448045560876845,Up,2,SHARED C1 & C3
ANK2,3.239804658120053,9.790645820454944e-5,Up,0.06576729513722324,0.9769000047346179,NS,2.6745922548849395,0.005745436323019041,Up,2,SHARED C1 & C3
MNS1,2.0795469563680604,9.814887527024008e-5,Up,0.7760699555680572,0.37524335591418645,NS,1.5429411089890444,0.010841793115712988,Up,2,SHARED C1 & C3
RUNDC3B,2.2192262651180026,9.876411896530201e-5,Up,0.0391947968004267,0.9808282421987167,NS,1.5966574767628288,0.012970318419266203,Up,2,SHARED C1 & C3
XM_005250158,2.2192262651180026,9.876411896530201e-5,Up,0.0391947968004267,0.9808282421987167,NS,1.5966574767628288,0.012970318419266203,Up,2,SHARED C1 & C3
VSTM4,0.9874875262705212,9.922901484570184e-5,NS,0.08412773860726208,0.8807116761173506,NS,1.1206154376740707,8.246643467099824e-4,Up,1,C3 SPECIFIC
XM_006717689,0.9874875262705212,9.922901484570184e-5,NS,0.08412773860726208,0.8807116761173506,NS,1.1206154376740707,8.246643467099824e-4,Up,1,C3 SPECIFIC
KAT2B,-1.4613600274128054,1.0055004017512853e-4,Down,0.34206701091519065,0.5947291924314566,NS,0.4111797388345604,0.2742059193491208,NS,0,DOWN IN LIMBUS
XR_245162,-1.4613600274128054,1.0055004017512853e-4,Down,0.34206701091519065,0.5947291924314566,NS,0.4111797388345604,0.2742059193491208,NS,0,DOWN IN LIMBUS
SLC20A1,-1.879141531877357,1.0065481611325056e-4,Down,0.0749352610656171,0.9520494070768777,NS,0.6673454224833595,0.16970167632898725,NS,0,DOWN IN LIMBUS
XM_006712712,-1.879141531877357,1.0065481611325056e-4,Down,0.0749352610656171,0.9520494070768777,NS,0.6673454224833595,0.16970167632898725,NS,0,DOWN IN LIMBUS
CXCL1,3.4639594610203233,1.0075181543600813e-4,Up,-0.2158347482647045,0.9178044288792554,NS,0.4489307872708057,0.6374688930364604,NS,1,C1 SPECIFIC
MAPK13,-1.3342501933395354,1.0075245580184421e-4,Down,-0.43089884553250446,0.4482469319878038,NS,-1.3289815056040553,0.0018717597300725588,Down,0,DOWN IN LIMBUS
C7,2.6098303059365024,1.0095446712930107e-4,Up,0.6496047990997784,0.5686271316879592,NS,1.7947318399207486,0.01636578144626289,Up,2,SHARED C1 & C3
TIFA,1.2139952438109916,1.0095446712930107e-4,Up,0.20957809082033307,0.7146912420073271,NS,0.3308945199759403,0.2903059815894826,NS,1,C1 SPECIFIC
MX2,1.8127467222317941,1.0100023158334952e-4,Up,0.23427974518536399,0.8030508460795606,NS,0.8099236564702688,0.09064281278876085,NS,1,C1 SPECIFIC
PGM5,2.476766672287079,1.0146895501769494e-4,Up,-0.08083595792543807,0.9610554634144228,NS,1.506894784331414,0.029646627849938507,Up,2,SHARED C1 & C3
ABL1,1.1348923606033932,1.0211716743736665e-4,Up,0.14037159914106034,0.8134488836589773,NS,0.43226326741368837,0.14397304271828132,NS,1,C1 SPECIFIC
LPAR1,1.9138904550156468,1.0269534622529398e-4,Up,-0.13550896116887579,0.9049702199791786,NS,1.0359580023548345,0.04722606596761723,Up,2,SHARED C1 & C3
FIBCD1,-2.196734385786571,1.0282958773847792e-4,Down,-0.19866130524315295,0.8735751197095963,NS,-1.0348179225374725,0.07654672188671317,NS,0,DOWN IN LIMBUS
AGPAT4,1.073509560376598,1.0348858674352182e-4,Up,0.04971646482471748,0.9414235208292442,NS,-0.36300840626676667,0.19029411317198128,NS,1,C1 SPECIFIC
FDXACB1,-1.3588597196855412,1.0348858674352182e-4,Down,-0.010080928032736303,0.9920970708263569,NS,-0.7683239162252233,0.040324716390734934,NS,0,DOWN IN LIMBUS
ABCG2,1.4627895008423364,1.0449679682695052e-4,Up,0.444878584724945,0.48580735552065063,NS,0.5552160787750333,0.14640271005435132,NS,1,C1 SPECIFIC
ARAP3,1.0546753259937365,1.0450366419528982e-4,Up,-0.3167437531890007,0.4941622270511095,NS,-0.028993568697446293,0.9324518296996461,NS,1,C1 SPECIFIC
CREB5,1.7899779575194819,1.0450366419528982e-4,Up,-0.14944322485207717,0.8846210157193009,NS,1.4519734762728556,0.0067575998474318924,Up,2,SHARED C1 & C3
CSGALNACT2,1.319652783396899,1.0450366419528982e-4,Up,0.6637347313245643,0.2214284072287398,NS,0.5877235346041454,0.09305591487579715,NS,1,C1 SPECIFIC
XM_005271819,1.319652783396899,1.0450366419528982e-4,Up,0.6637347313245643,0.2214284072287398,NS,0.5877235346041454,0.09305591487579715,NS,1,C1 SPECIFIC
XM_005271820,1.319652783396899,1.0450366419528982e-4,Up,0.6637347313245643,0.2214284072287398,NS,0.5877235346041454,0.09305591487579715,NS,1,C1 SPECIFIC
XM_005271821,1.319652783396899,1.0450366419528982e-4,Up,0.6637347313245643,0.2214284072287398,NS,0.5877235346041454,0.09305591487579715,NS,1,C1 SPECIFIC
PPP1R14C,-1.472590741253926,1.0450366419528982e-4,Down,0.14325018012793933,0.8632228024399473,NS,-1.0424119251228579,0.014582777150114223,Down,0,DOWN IN LIMBUS
XM_005267152,-1.472590741253926,1.0450366419528982e-4,Down,0.14325018012793933,0.8632228024399473,NS,-1.0424119251228579,0.014582777150114223,Down,0,DOWN IN LIMBUS
PTPRD,-1.8764276103700261,1.0519933209293486e-4,Down,1.1510920031646794,0.1370381843645231,NS,0.10732407234891106,0.852977183977492,NS,0,DOWN IN LIMBUS
XM_006716813,-1.8764276103700261,1.0519933209293486e-4,Down,1.1510920031646794,0.1370381843645231,NS,0.10732407234891106,0.852977183977492,NS,0,DOWN IN LIMBUS
CRISPLD2,3.435057214492824,1.0546432159431542e-4,Up,1.2651720856636999,0.38286829131734007,NS,3.1255387961183985,0.003468442371508281,Up,2,SHARED C1 & C3
KRT27,-2.313838434201746,1.0546432159431542e-4,Down,-0.0952146935235838,0.9504885966810994,NS,-1.2028214446597447,0.05517632644812739,NS,0,DOWN IN LIMBUS
PPARG,1.3314071883908678,1.0546432159431542e-4,Up,0.2174661459619811,0.7326648750298653,NS,0.26838769968415654,0.44892784147604353,NS,1,C1 SPECIFIC
CPAMD8,-1.8821020559106447,1.0559360796113741e-4,Down,0.7056072923300185,0.37658196035847036,NS,0.6552313400280934,0.17991347449246647,NS,0,DOWN IN LIMBUS
KLHL26,-1.1139271893552616,1.0574479145349997e-4,Down,0.3041269867023031,0.5388192966919524,NS,-0.05046877503168545,0.8865897000344042,NS,0,DOWN IN LIMBUS
XM_006722785,-1.1139271893552616,1.0574479145349997e-4,Down,0.3041269867023031,0.5388192966919524,NS,-0.05046877503168545,0.8865897000344042,NS,0,DOWN IN LIMBUS
RPA3,-1.2812970900527407,1.0574479145349997e-4,Down,-0.09999749122436619,0.8945011000253666,NS,-0.6267861902869605,0.0681447222572201,NS,0,DOWN IN LIMBUS
SLC44A1,1.7256169631116691,1.0678123795029833e-4,Up,0.7725538404813141,0.2853925729946572,NS,0.03712006428664161,0.9467019016388577,NS,1,C1 SPECIFIC
CASK,1.0456380604517825,1.0770963227757121e-4,Up,0.448739175222431,0.3054112145119819,NS,-0.14046285944628956,0.6273499255999689,NS,1,C1 SPECIFIC
FAM95A,-1.9260375630351358,1.0770963227757121e-4,Down,0.3077390157293376,0.7419060555313309,NS,-0.5129045067741869,0.3071348669773767,NS,0,DOWN IN LIMBUS
TRAF5,1.5785043493423814,1.0797290260389453e-4,Up,0.16440985537157182,0.8515658028325991,NS,1.2874863322373296,0.006724070993090596,Up,2,SHARED C1 & C3
SERPINF1,1.6333306441928421,1.087392038499038e-4,Up,0.8242028755226105,0.22256117639152193,NS,2.418833545935062,1.895634162140055e-4,Up,2,SHARED C1 & C3
ANXA3,2.7293936956124965,1.088626357303185e-4,Up,-1.4106445433657253,0.20891838511464067,NS,-2.4063384747653185,0.004353950453351668,Down,1,C1 SPECIFIC
XM_005262973,2.7293936956124965,1.088626357303185e-4,Up,-1.4106445433657253,0.20891838511464067,NS,-2.4063384747653185,0.004353950453351668,Down,1,C1 SPECIFIC
SMOC2,3.4523898107678015,1.0919548603292795e-4,Up,0.3057043440027254,0.8765909598390373,NS,2.252796453479977,0.022597700217105998,Up,2,SHARED C1 & C3
RASSF8,1.3108002317344551,1.0941555754365577e-4,Up,0.48709758528512204,0.37962758772067157,NS,0.718318625119081,0.046630463048029196,NS,1,C1 SPECIFIC
ADH5,1.0803964654166904,1.0983790871707088e-4,Up,0.013036590830854067,0.987967126207834,NS,0.5528328438983294,0.05914211535163116,NS,1,C1 SPECIFIC
NCKAP5,-2.2759693750517496,1.1028370953582602e-4,Down,-0.08541004002472707,0.9553180338765033,NS,-0.7110184846649856,0.22879242687395462,NS,0,DOWN IN LIMBUS
ACVRL1,1.4044173716182318,1.1055903157437897e-4,Up,0.09900061564427798,0.906379638207619,NS,1.1745230261230395,0.005860883518269808,Up,2,SHARED C1 & C3
FEM1C,-1.0621823649365503,1.1069140604849038e-4,Down,0.05666637353743198,0.9305324822941787,NS,0.4278022007589408,0.12711277685582886,NS,0,DOWN IN LIMBUS
L1CAM,1.5800408552067955,1.1073194943904458e-4,Up,0.48372647587184225,0.4867025481319679,NS,0.8916977419415533,0.042213231791048675,NS,1,C1 SPECIFIC
ZNF106,1.3475230747107743,1.1152160230906302e-4,Up,0.588851039989926,0.30168047597740166,NS,0.33607347411426325,0.3433513355053417,NS,1,C1 SPECIFIC
SLC7A6,-1.6076858301489931,1.118826500442541e-4,Down,0.01800001026181164,0.9884923123528815,NS,0.1389554032115896,0.770807287671835,NS,0,DOWN IN LIMBUS
XR_429736,-1.6076858301489931,1.118826500442541e-4,Down,0.01800001026181164,0.9884923123528815,NS,0.1389554032115896,0.770807287671835,NS,0,DOWN IN LIMBUS
XR_429738,-1.6076858301489931,1.118826500442541e-4,Down,0.01800001026181164,0.9884923123528815,NS,0.1389554032115896,0.770807287671835,NS,0,DOWN IN LIMBUS
TRIM71,-2.7502577243937303,1.122316547098209e-4,Down,0.12821690372729044,0.9414673372661245,NS,-1.1674951728421803,0.11003008992399972,NS,0,DOWN IN LIMBUS
PCBD2,-1.140372635734491,1.122316547098209e-4,Down,-0.39859831694208925,0.41378039991426036,NS,-0.3852530356997983,0.19528532818062197,NS,0,DOWN IN LIMBUS
STK35,-2.360575073348137,1.1263571462240633e-4,Down,0.9249414473411051,0.35664725718444273,NS,0.4646571030976734,0.4632980136085025,NS,0,DOWN IN LIMBUS
EPHX2,-1.5978511725011177,1.1333090143922471e-4,Down,-0.1338813195898556,0.88551514578513435,NS,0.5855561059293493,0.1639244042431901,NS,0,DOWN IN LIMBUS
SPHK1,-1.6503495357516265,1.1646632195179627e-4,Down,-0.14886541030684786,0.8758690645847782,NS,-1.5739138100998762,0.0028328473593279245,Down,0,DOWN IN LIMBUS
FKBP11,1.7166000840613123,1.1646632195179627e-4,Up,-0.018440729830041747,0.9890307638014827,NS,1.1314828497087364,0.02219188166534312,Up,2,SHARED C1 & C3
NPTX2,2.6840610332734074,1.167539392857196e-4,Up,0.4843426353741025,0.7050135965721465,NS,1.9444312579797733,0.013866135443389823,Up,2,SHARED C1 & C3
MYH14,-1.6207158807962347,1.1691313591810896e-4,Down,-0.5078660909475143,0.4772371148396528,NS,-1.2736886554334896,0.008866497204350038,Down,0,DOWN IN LIMBUS
MYCL,-1.120222059169265,1.1812546519746979e-4,Down,0.259176998468714,0.6081039997225872,NS,-0.2131064497823516,0.48232286350813186,NS,0,DOWN IN LIMBUS
RCBTB1,-1.6152597594669835,1.1812610757323531e-4,Down,0.7667043573199717,0.2626061805223595,NS,0.30334858163728384,0.48841738772137255,NS,0,DOWN IN LIMBUS
XR_245392,-1.6152597594669835,1.1812610757323531e-4,Down,0.7667043573199717,0.2626061805223595,NS,0.30334858163728384,0.48841738772137255,NS,0,DOWN IN LIMBUS
CTSV,-3.0420948648765886,1.1894823766768608e-4,Down,1.756973722512777,0.16923173808448153,NS,-1.8360092346888148,0.0333522666616217,Down,0,DOWN IN LIMBUS
XM_006716960,-3.0420948648765886,1.1894823766768608e-4,Down,1.756973722512777,0.16923173808448153,NS,-1.8360092346888148,0.0333522666616217,Down,0,DOWN IN LIMBUS
SND1,1.0435430005403692,1.2008328460366673e-4,Up,0.2269829879608114,0.6375247351532735,NS,-0.07571130130042825,0.8121502256245362,NS,1,C1 SPECIFIC
GALNT16,1.5488041215731614,1.21534025209344e-4,Up,-0.6333133705724352,0.3333943133383488,NS,1.334384148112623,0.005320675529479305,Up,2,SHARED C1 & C3
TXNIP,2.030627178839973,1.2177178273052742e-4,Up,0.1540382939070728,0.8989975012100013,NS,1.1879389682111032,0.03799507137790432,Up,2,SHARED C1 & C3
CCDC88A,2.5456454725737085,1.2335210515709215e-4,Up,0.5312804576654493,0.6547975452139388,NS,0.03485401577662284,0.9685087448746635,NS,1,C1 SPECIFIC
KDM4C,-1.2246130839386629,1.2576191660075935e-4,Down,-0.1692147887600921,0.7897388694149975,NS,0.06305466164924578,0.8720143313938383,NS,0,DOWN IN LIMBUS
C1QTNF7,2.684386771911483,1.261509198190546e-4,Up,1.6445091341146219,0.14869468831241375,NS,2.443936273517642,0.0039042845874485447,Up,2,SHARED C1 & C3
AR,2.0475885715639173,1.2627188287324173e-4,Up,1.5879588769536914,0.06577523914759449,NS,1.9162429764451874,0.003328734078307494,Up,2,SHARED C1 & C3
LRRK2,2.033100977160321,1.2627188287324173e-4,Up,0.3263622109680453,0.7461393295816617,NS,1.652507119422058,0.007626253447255941,Up,2,SHARED C1 & C3
CYP27C1,-1.6663211015724544,1.2699425111298957e-4,Down,0.29206864285373246,0.7187781124356827,NS,-1.4432063036970186,0.005291756214699208,Down,0,DOWN IN LIMBUS
XM_006712483,-1.6663211015724544,1.2699425111298957e-4,Down,0.29206864285373246,0.7187781124356827,NS,-1.4432063036970186,0.005291756214699208,Down,0,DOWN IN LIMBUS
SHPK,-1.3220836071240667,1.2833917979710108e-4,Down,-0.014715945929354213,0.9886680127532674,NS,-0.03551937975916264,0.9352147822078376,NS,0,DOWN IN LIMBUS
CD93,3.16812913692302,1.2877539148440728e-4,Up,0.4567504157682194,0.7788363188385322,NS,2.280364348863391,0.01510908441085611,Up,2,SHARED C1 & C3
RAB32,1.0850748867396396,1.301894470637595e-4,Up,0.11194584766205828,0.8572608631501746,NS,0.19331401803021286,0.5171515179117037,NS,1,C1 SPECIFIC
SLC43A1,1.0153918508156767,1.3130651849321254e-4,Up,0.36345158682123113,0.4101796116596411,NS,0.9441405054877317,0.003494652710150672,NS,1,C1 SPECIFIC
SLURP1,-1.1775597820315884,1.3211069783798974e-4,Down,0.044481481503964915,0.9560114923602936,NS,-0.3444652289667971,0.27081625315981483,NS,0,DOWN IN LIMBUS
PLCXD3,0.9995686671869017,1.3219726171146483e-4,NS,0.9446509813504811,0.0259128926080227,Up,0.995044039487921,0.002298420519693406,NS,1,C2 SPECIFIC
LIPG,-1.8361325643595028,1.3488395913022612e-4,Down,-0.08230249928728783,0.9459692219766316,NS,-2.061765054045835,0.0010986232324334529,Down,0,DOWN IN LIMBUS
XM_005258390,-1.8361325643595028,1.3488395913022612e-4,Down,-0.08230249928728783,0.9459692219766316,NS,-2.061765054045835,0.0010986232324334529,Down,0,DOWN IN LIMBUS
MYRIP,2.028627766539574,1.3526876316520718e-4,Up,0.5858928139763098,0.5233449805627753,NS,1.4702269439954496,0.014921241592516652,Up,2,SHARED C1 & C3
BICD2,-1.0219884807573543,1.360722713099211e-4,Down,-0.013778514480294213,0.9866122469813824,NS,-0.48351427669151903,0.0840210501459541,NS,0,DOWN IN LIMBUS
GALNT15,2.5118358014127757,1.3684339114481407e-4,Up,0.03923877554810851,0.9836682758277979,NS,2.094223938048623,0.006849005531689065,Up,2,SHARED C1 & C3
AASS,1.5959279559004056,1.3695680260196978e-4,Up,0.45813455712694395,0.5268952166878103,NS,1.8423296074335367,9.110751458919935e-4,Up,2,SHARED C1 & C3
ID3,1.7196194696813816,1.3867884730273022e-4,Up,0.7563048452001748,0.3054112145119819,NS,0.7838247551618611,0.09507524987232839,NS,1,C1 SPECIFIC
CDO1,4.42701644291669,1.3946789078041704e-4,Up,2.283589920480096,0.22627030397884385,NS,4.306339684341703,0.002803330590519401,Up,2,SHARED C1 & C3
XR_427700,4.42701644291669,1.3946789078041704e-4,Up,2.283589920480096,0.22627030397884385,NS,4.306339684341703,0.002803330590519401,Up,2,SHARED C1 & C3
DLG2,-0.9872727263348722,1.3946789078041704e-4,NS,0.9839519286086231,0.018696313938092863,Up,0.33278510511474213,0.2055182582061152,NS,1,C2 SPECIFIC
XM_006718438,-0.9872727263348722,1.3946789078041704e-4,NS,0.9839519286086231,0.018696313938092863,Up,0.33278510511474213,0.2055182582061152,NS,1,C2 SPECIFIC
XM_006718440,-0.9872727263348722,1.3946789078041704e-4,NS,0.9839519286086231,0.018696313938092863,Up,0.33278510511474213,0.2055182582061152,NS,1,C2 SPECIFIC
CCDC102B,1.585455810851374,1.3968147826765685e-4,Up,1.31253049880337,0.04939826513770367,Up,1.6221481087975915,0.0019891151089608725,Up,3,CORE - all 3 contrasts
XM_005266768,1.585455810851374,1.3968147826765685e-4,Up,1.31253049880337,0.04939826513770367,Up,1.6221481087975915,0.0019891151089608725,Up,3,CORE - all 3 contrasts
XM_006722545,1.585455810851374,1.3968147826765685e-4,Up,1.31253049880337,0.04939826513770367,Up,1.6221481087975915,0.0019891151089608725,Up,3,CORE - all 3 contrasts
XR_430083,1.585455810851374,1.3968147826765685e-4,Up,1.31253049880337,0.04939826513770367,Up,1.6221481087975915,0.0019891151089608725,Up,3,CORE - all 3 contrasts
AFAP1L1,1.8233976256471625,1.3975657275733185e-4,Up,-0.1672096119202875,0.8758690645847782,NS,0.7076245927577158,0.1505794529866008,NS,1,C1 SPECIFIC
USP53,1.6055709299593381,1.4040743623236287e-4,Up,1.0974093924838542,0.10483889277452113,NS,1.4724077551401837,0.003998897800464445,Up,2,SHARED C1 & C3
PREX1,1.3241427920433582,1.4068110649697704e-4,Up,0.42859241232028733,0.4681110977534083,NS,1.2445026091192481,0.0034596231143634018,Up,2,SHARED C1 & C3
RAB30,0.9755013193745157,1.4106694921377021e-4,NS,0.19975370664606285,0.6654130610636522,NS,1.2321723479909856,5.485742645104715e-4,Up,1,C3 SPECIFIC
VIM,3.1503272057634457,1.4291438580752442e-4,Up,-0.03335336204282591,0.9890307638014827,NS,-0.5069403713453378,0.5677979551742663,NS,1,C1 SPECIFIC
ANGPTL1,1.513903320014724,1.4291438580752442e-4,Up,0.08574300262149404,0.9277179898831864,NS,0.9858133061884158,0.02596300084291703,NS,1,C1 SPECIFIC
XR_241102,1.513903320014724,1.4291438580752442e-4,Up,0.08574300262149404,0.9277179898831864,NS,0.9858133061884158,0.02596300084291703,NS,1,C1 SPECIFIC
ABLIM2,-1.3589580175737312,1.4292574916516452e-4,Down,0.2909097437052779,0.651288417327143,NS,-0.019612977679090093,0.9670827113597014,NS,0,DOWN IN LIMBUS
BEND5,-1.1933477134760402,1.434428368109685e-4,Down,0.26438898532694743,0.6375247351532735,NS,0.5789789821481408,0.07865628028879751,NS,0,DOWN IN LIMBUS
XM_006710895,-1.1933477134760402,1.434428368109685e-4,Down,0.26438898532694743,0.6375247351532735,NS,0.5789789821481408,0.07865628028879751,NS,0,DOWN IN LIMBUS
XM_006710896,-1.1933477134760402,1.434428368109685e-4,Down,0.26438898532694743,0.6375247351532735,NS,0.5789789821481408,0.07865628028879751,NS,0,DOWN IN LIMBUS
ANO6,1.3600343090431917,1.437646851331452e-4,Up,-0.047621747223479005,0.9593884602044109,NS,-0.43817121246253343,0.22789167447484762,NS,1,C1 SPECIFIC
NRP1,1.7253164162788428,1.4432266529819043e-4,Up,-0.5114712727124786,0.5163443015227587,NS,0.4391256765463094,0.3471149868101326,NS,1,C1 SPECIFIC
PLP1,4.109106166042594,1.4515381993120417e-4,Up,1.1609887284432991,0.539064951265245,NS,3.024768575554977,0.014447095090115398,Up,2,SHARED C1 & C3
ARL4D,-1.4813673005111614,1.4746905475312785e-4,Down,-0.5153964195044747,0.4307642204035124,NS,-0.4526523585227036,0.2550069006832265,NS,0,DOWN IN LIMBUS
IRS1,2.628677405690297,1.4755060452135486e-4,Up,-0.40146425583545664,0.7665189748713928,NS,0.7694567381263653,0.27638256509806913,NS,1,C1 SPECIFIC
XM_005246534,2.628677405690297,1.4755060452135486e-4,Up,-0.40146425583545664,0.7665189748713928,NS,0.7694567381263653,0.27638256509806913,NS,1,C1 SPECIFIC
SRPK2,-1.057971904745214,1.4755060452135486e-4,Down,0.13110503084458713,0.8223548631692825,NS,-0.06358986018993029,0.8510986998499795,NS,0,DOWN IN LIMBUS
XM_005250549,-1.057971904745214,1.4755060452135486e-4,Down,0.13110503084458713,0.8223548631692825,NS,-0.06358986018993029,0.8510986998499795,NS,0,DOWN IN LIMBUS
NOVA1,1.7813776783052937,1.4866844689016652e-4,Up,0.7092154341974561,0.3650743480983158,NS,1.6261225048714287,0.0043466546036748915,Up,2,SHARED C1 & C3
FMOD,2.73618934819401,1.494514351147059e-4,Up,2.1500423320604014,0.06721996911486501,NS,3.057623718081338,0.001216444919429661,Up,2,SHARED C1 & C3
NKAIN4,-1.7504305618352163,1.494514351147059e-4,Down,-0.39822438409723215,0.6310692879915478,NS,-0.2885583893774575,0.5595939564387443,NS,0,DOWN IN LIMBUS
XM_005260194,-1.7504305618352163,1.494514351147059e-4,Down,-0.39822438409723215,0.6310692879915478,NS,-0.2885583893774575,0.5595939564387443,NS,0,DOWN IN LIMBUS
PODXL,1.6354543802020425,1.503718946573051e-4,Up,-0.294652994336575,0.7158600804410609,NS,1.1723541472451249,0.016669754756886264,Up,2,SHARED C1 & C3
CORO2A,-1.2645750027653717,1.5090302808664453e-4,Down,0.009718356244664328,0.992133106471241,NS,-1.5899467528456128,5.88388540265825e-4,Down,0,DOWN IN LIMBUS
F11R,-1.7771735782275524,1.513787793246022e-4,Down,-0.5017533437895505,0.540493301000038,NS,-1.81588734969122,0.002156720525212735,Down,0,DOWN IN LIMBUS
FMO1,2.9695703293218987,1.5203563535318217e-4,Up,-0.6294018466556732,0.657955188973894,NS,-0.5764432525818339,0.48552039486363335,NS,1,C1 SPECIFIC
SERPINB9,2.0813180283802826,1.5426961438354467e-4,Up,0.4865413150128548,0.6176745223006558,NS,-0.21835553353055825,0.7276347391822884,NS,1,C1 SPECIFIC
SDC4,-1.250217081188456,1.5426961438354467e-4,Down,0.25970831930763616,0.664173974566806,NS,-0.4719516913092221,0.16546076292385753,NS,0,DOWN IN LIMBUS
MVK,-1.0288825485728381,1.5429202390880632e-4,Down,-0.26517082121557856,0.5735138036649532,NS,-0.5041365285851782,0.07830905171323227,NS,0,DOWN IN LIMBUS
C3orf52,-1.292790554310666,1.5429202390880632e-4,Down,0.3667810723188465,0.5398375826250049,NS,-0.2894450650832958,0.4160662389593638,NS,0,DOWN IN LIMBUS
BCL2,2.51232035498644,1.5509932758071842e-4,Up,0.21138930628867758,0.8896935314293472,NS,1.8020475399006415,0.016972852352002205,Up,2,SHARED C1 & C3
XM_006722523,2.51232035498644,1.5509932758071842e-4,Up,0.21138930628867758,0.8896935314293472,NS,1.8020475399006415,0.016972852352002205,Up,2,SHARED C1 & C3
MRPS10,-1.1913244096850732,1.5509932758071842e-4,Down,-0.2791480882863855,0.6170344721985116,NS,-0.7034551208469626,0.04082005007199178,NS,0,DOWN IN LIMBUS
PVR,1.1468948531503358,1.559104270588161e-4,Up,0.22214861051961687,0.6905025688498702,NS,-0.22948935716485508,0.473391671653806,NS,1,C1 SPECIFIC
THBD,-1.294537505685767,1.568682296265483e-4,Down,0.6204648642465411,0.27266635347806634,NS,-0.1453539795239136,0.7076455795474433,NS,0,DOWN IN LIMBUS
MMP27,2.531759989285434,1.569172864467103e-4,Up,-0.04304889521188926,0.9823858109446473,NS,1.609228058304483,0.030443953154408215,Up,2,SHARED C1 & C3
ABI3BP,1.608459798582773,1.571658212687981e-4,Up,1.9198901406986497,0.006326515352543238,Up,3.3201432292423068,1.1694771096029835e-5,Up,3,CORE - all 3 contrasts
WNT4,-1.3216597545317796,1.5725743829109849e-4,Down,-0.05164679366342462,0.9551156280009448,NS,0.3029651632709047,0.4059229685692613,NS,0,DOWN IN LIMBUS
CYP4X1,3.6847242883470295,1.5725743829109849e-4,Up,-0.06934910706873776,0.9806207887663909,NS,1.331497435363878,0.1829475031697889,NS,1,C1 SPECIFIC
CRTAC1,-3.260662477058224,1.5725743829109849e-4,Down,2.5144051324163836,0.07659974063080316,NS,2.9942133761525254,0.004354188327874969,Up,1,C3 SPECIFIC
XM_005269938,-3.260662477058224,1.5725743829109849e-4,Down,2.5144051324163836,0.07659974063080316,NS,2.9942133761525254,0.004354188327874969,Up,1,C3 SPECIFIC
CMTM3,1.184669142161563,1.5725743829109849e-4,Up,-0.18628055509467778,0.7607233879042291,NS,0.2363949125697129,0.475390457430946,NS,1,C1 SPECIFIC
NR_037613,1.184669142161563,1.5725743829109849e-4,Up,-0.18628055509467778,0.7607233879042291,NS,0.2363949125697129,0.475390457430946,NS,1,C1 SPECIFIC
XM_006721132,1.184669142161563,1.5725743829109849e-4,Up,-0.18628055509467778,0.7607233879042291,NS,0.2363949125697129,0.475390457430946,NS,1,C1 SPECIFIC
ATP1B3,-1.0265464375380402,1.5808255899642706e-4,Down,-0.06626896998328569,0.9182045011846982,NS,-0.03804034494740094,0.9134755500155358,NS,0,DOWN IN LIMBUS
PLK3,-1.464149549415497,1.5956930638034392e-4,Down,-0.29449395596115924,0.6773970751003179,NS,0.79248276348578806,0.05632129847796497,NS,0,DOWN IN LIMBUS
XR_246234,-1.464149549415497,1.5956930638034392e-4,Down,-0.29449395596115924,0.6773970751003179,NS,0.79248276348578806,0.05632129847796497,NS,0,DOWN IN LIMBUS
SLC35F3,-2.3179978551397227,1.6017141372469938e-4,Down,0.30330457378741826,0.8121032281590096,NS,-0.7548804472160393,0.2291617459015462,NS,0,DOWN IN LIMBUS
S100B,2.4883081159911073,1.6172678497545874e-4,Up,0.8224462336909104,0.4661862353227666,NS,1.9261424284316249,0.011996626430626425,Up,2,SHARED C1 & C3
CEP170,1.530969942637852,1.633079639870092e-4,Up,0.054811225636989036,0.9588829868989878,NS,-0.574799997057232,0.16998018432448822,NS,1,C1 SPECIFIC
CYP1B1,4.335414231175021,1.642325519904534e-4,Up,0.6890468286901665,0.7589652089910672,NS,1.664767311699502,0.16241170303018063,NS,1,C1 SPECIFIC
FKBP1B,-1.043833436841334,1.6425766799471026e-4,Down,-0.5116095232052551,0.2651421940504688,NS,-0.7074071051673991,0.02344954679174622,NS,0,DOWN IN LIMBUS
KRT222,-1.9068446023693317,1.6458194948652943e-4,Down,0.09569496927193821,0.9402009063044667,NS,-0.6168423748384191,0.23331741563522201,NS,0,DOWN IN LIMBUS
FBXW7,-1.4776743054826253,1.6458194948652943e-4,Down,-1.1106981600157253,0.08824984502192139,NS,-0.31081264990759294,0.4523631659327527,NS,0,DOWN IN LIMBUS
SCARA5,3.0486075186029415,1.6715914261104873e-4,Up,-0.46252984967718724,0.773018128763729,NS,1.9711133178368705,0.029251505398573095,Up,2,SHARED C1 & C3
NQO1,-2.1563470941127854,1.6715914261104873e-4,Down,0.4399651235210449,0.6730517863730017,NS,0.21528220296684175,0.7447822005773795,NS,0,DOWN IN LIMBUS
RNF217,1.3257993437513873,1.6732976005215877e-4,Up,-0.07536665803905418,0.9290149839763789,NS,-0.38827355034492506,0.28370855713567456,NS,1,C1 SPECIFIC
HS6ST2,-2.8128579743601723,1.6921733552359655e-4,Down,0.27479225344706393,0.871053957032961,NS,-1.2064691805357928,0.12232222593107592,NS,0,DOWN IN LIMBUS
LPA,-1.497854701323167,1.7116714334725964e-4,Down,-0.3391832633219103,0.6375247351532735,NS,0.41890320524640945,0.30910270417704194,NS,0,DOWN IN LIMBUS
CLDN1,-2.1314175276864127,1.7128448261719597e-4,Down,-0.190064164933891,0.8828224733703807,NS,-1.359480872008362,0.03142180312554964,Down,0,DOWN IN LIMBUS
ACKR1,2.9745453478687596,1.7198367790292594e-4,Up,0.6950240884819507,0.6253297165224367,NS,2.298986681188719,0.012575396148416363,Up,2,SHARED C1 & C3
CDC40,-1.0635795428470596,1.7221875791411425e-4,Down,-0.297449346111077,0.550059348949515,NS,-0.14674821100682411,0.6373992129890439,NS,0,DOWN IN LIMBUS
ASIC1,1.0103902399271174,1.7269328185779618e-4,Up,0.3679384304324218,0.4179383451637004,NS,0.689672486316085,0.02331456925139347,NS,1,C1 SPECIFIC
CLCA2,-1.6778435887132712,1.735636299027005e-4,Down,0.6508347716360854,0.386307102338594,NS,-1.1125767613417477,0.02679328256549565,Down,0,DOWN IN LIMBUS
SLC35F2,1.241802095632619,1.735636299027005e-4,Up,0.2651002859519185,0.6605761969722564,NS,-0.8800189383699966,0.019407474460386653,NS,1,C1 SPECIFIC
XM_005271598,1.241802095632619,1.735636299027005e-4,Up,0.2651002859519185,0.6605761969722564,NS,-0.8800189383699966,0.019407474460386653,NS,1,C1 SPECIFIC
HOMER3,-1.8369204081844046,1.7421841718976593e-4,Down,-0.012449227728766665,0.9931164571294283,NS,-1.351566828116626,0.016044098600001864,Down,0,DOWN IN LIMBUS
XM_006722944,-1.8369204081844046,1.7421841718976593e-4,Down,-0.012449227728766665,0.9931164571294283,NS,-1.351566828116626,0.016044098600001864,Down,0,DOWN IN LIMBUS
FOXN2,1.6290441046462796,1.743025389275293e-4,Up,0.24879598767574773,0.7725138609407423,NS,-9.093979061942647e-4,0.9987682507471024,NS,1,C1 SPECIFIC
PLPPR4,2.172078927994882,1.7468615063179495e-4,Up,-0.1123672740367132,0.9376620709871575,NS,1.3570855311220171,0.03441982691226205,Up,2,SHARED C1 & C3
MMP10,3.7186553049767097,1.7631372976276524e-4,Up,-1.6251936716833377,0.32371108675468957,NS,-2.3445281229734825,0.03342031562722947,Down,1,C1 SPECIFIC
SERPINB5,-2.2698604050730955,1.778825659476441e-4,Down,-0.849319720141243,0.405146970851677,NS,-2.3756647294833027,0.0020982640550989036,Down,0,DOWN IN LIMBUS
DLX3,-1.722390317783801,1.7849057531978704e-4,Down,0.6415430109421463,0.40813134464916095,NS,0.18321047191741702,0.7289432040123854,NS,0,DOWN IN LIMBUS
BNIP3,1.8459610730213143,1.791893902463809e-4,Up,0.4613188973673683,0.5955364810851097,NS,-0.3501795863886379,0.5055312812010022,NS,1,C1 SPECIFIC
TCEAL3,1.528720451262659,1.7920563979029595e-4,Up,0.8293196721063847,0.21234067675220955,NS,1.2436241564978694,0.009632386674661464,Up,2,SHARED C1 & C3
SLC2A10,2.334954387255542,1.807489213177631e-4,Up,-0.2328694100836124,0.8687055936449989,NS,1.0519146384413736,0.10870455552946565,NS,1,C1 SPECIFIC
DOCK2,1.2996772935726923,1.807489213177631e-4,Up,-0.06311036890267108,0.9427977846963989,NS,0.9058783003373669,0.02169804098878694,NS,1,C1 SPECIFIC
SOX15,-1.5209936571186704,1.8134562915323734e-4,Down,-0.4683150436728267,0.5129764262964774,NS,-0.13752959601279535,0.772666338089889,NS,0,DOWN IN LIMBUS
FZD8,-1.779791094230455,1.8294470869166003e-4,Down,0.4592955822339704,0.5825521651763041,NS,-0.6580056153192873,0.18142271344374072,NS,0,DOWN IN LIMBUS
CPNE8,1.3533735838352872,1.83639965199862e-4,Up,-0.08762668474173108,0.9195359505992202,NS,-0.4765695361101283,0.20125936795267377,NS,1,C1 SPECIFIC
MFAP2,2.1353973433927687,1.8374373940985972e-4,Up,0.2666770910009717,0.8260414863903855,NS,-0.64561579254792,0.27391604044153767,NS,1,C1 SPECIFIC
ATP11A,1.052824858699923,1.8399323146589663e-4,Up,-0.18909542971091664,0.7235476752413466,NS,0.05005268359789117,0.888437867414224,NS,1,C1 SPECIFIC
ZNF229,-1.505940801663832,1.8462266186487512e-4,Down,0.013794552639739166,0.9910651928288995,NS,-0.4762946103872414,0.2521216620026327,NS,0,DOWN IN LIMBUS
FUT1,-1.0062282972552037,1.8500355596742752e-4,Down,-0.5503905815497045,0.20980615586781068,NS,-0.3917451180438496,0.1626687683689297,NS,0,DOWN IN LIMBUS
CTSC,-1.0318657046103272,1.8500355596742752e-4,Down,0.08040848920974852,0.9020624782219684,NS,-1.762099444374643,9.60917310102301e-5,Down,0,DOWN IN LIMBUS
CA6,-3.094529932119099,1.8699320168384306e-4,Down,1.0821891848031404,0.4445498936606602,NS,-0.4564179191450455,0.614737926282253,NS,0,DOWN IN LIMBUS
ABCC4,2.4770513984928955,1.8750173174113602e-4,Up,-1.2477104322099866,0.25842843537709764,NS,0.7301390447140141,0.28696523720282885,NS,1,C1 SPECIFIC
KCNQ5,1.4180246188567565,1.8750173174113602e-4,Up,0.7510361872990567,0.23146118547554306,NS,1.1504582120242715,0.01006161094973664,Up,2,SHARED C1 & C3
MEG3,2.188054052150787,1.8781293930415996e-4,Up,1.7262698828495555,0.07659974063080316,NS,1.5279983177833723,0.02195475083242676,Up,2,SHARED C1 & C3
PROS1,2.1509541539161026,1.8781293930415996e-4,Up,0.27623144144295964,0.8215885805364486,NS,1.1642395075996985,0.060333574226842955,NS,1,C1 SPECIFIC
VAMP5,1.3218324002618926,1.8829055044804153e-4,Up,0.4657462884122143,0.43988705578828874,NS,0.915053648579284,0.02303751206710226,NS,1,C1 SPECIFIC
PTX3,3.5364745220452463,1.9036232654116343e-4,Up,1.3414067572534876,0.4044027765605225,NS,2.9652592534518067,0.008455453821794398,Up,2,SHARED C1 & C3
MUC1,2.2810326585286766,1.953654564518994e-4,Up,-1.3299902324638868,0.1856009301458489,NS,-1.0949800425772587,0.09202323484722436,NS,1,C1 SPECIFIC
COL15A1,3.3393802357289455,1.955865615002756e-4,Up,-0.19664632652451708,0.9277179898831864,NS,2.1975848398037297,0.02932061818909486,Up,2,SHARED C1 & C3
CNTNAP2,-2.4665748754048096,1.9638637053242833e-4,Down,-0.5668350476513817,0.6377999023591183,NS,-1.794730216800792,0.01825539706219603,Down,0,DOWN IN LIMBUS
CEBPG,-1.0743908800548692,1.966793250642978e-4,Down,0.008819428592982348,0.9919172773653608,NS,-0.44689698842152303,0.13918157732651512,NS,0,DOWN IN LIMBUS
THSD7A,1.6932024523067941,1.967080199707936e-4,Up,0.1832059221540625,0.8574466561278463,NS,1.2836673760046695,0.014893255179887014,Up,2,SHARED C1 & C3
CHRDL1,3.4684027921077325,1.9792781623781015e-4,Up,-1.00819132245344,0.5416787910041948,NS,2.2076717534195796,0.03385871259881162,Up,2,SHARED C1 & C3
RASAL1,-1.4357273145102791,1.9845882844718094e-4,Down,-0.7509414303284876,0.24028380042008785,NS,-0.4893779094771151,0.21963249521789532,NS,0,DOWN IN LIMBUS
TMEM79,-1.1173748817933404,1.9888791924296218e-4,Down,0.0038759709881919235,0.9965626438730923,NS,-0.5087385786372334,0.10874903685799908,NS,0,DOWN IN LIMBUS
KRT19,3.5189844854645234,1.9934038058400422e-4,Up,-0.3434924969104607,0.8735751197095963,NS,0.08792557308214732,0.9420960008025365,NS,1,C1 SPECIFIC
RPL22,1.1212307866870344,2.0031654822950682e-4,Up,0.0730960720339926,0.9199134277070665,NS,0.3652331816976986,0.2417039261586512,NS,1,C1 SPECIFIC
PTAFR,-1.42848274147401,2.0350451983384578e-4,Down,0.8389873868480979,0.18549270460726772,NS,-0.9481134826101574,0.02872987809260799,NS,0,DOWN IN LIMBUS
BAIAP2L1,-1.551891051475014,2.045126550597139e-4,Down,-0.00502062934029901,0.9965626438730923,NS,-1.4307349499778397,0.0050511108079507394,Down,0,DOWN IN LIMBUS
CEP76,-1.3737577777697352,2.0531220162937992e-4,Down,0.16880505792360356,0.8321320016211174,NS,-0.6263030146796273,0.10922568961411787,NS,0,DOWN IN LIMBUS
XM_006722356,-1.3737577777697352,2.0531220162937992e-4,Down,0.16880505792360356,0.8321320016211174,NS,-0.6263030146796273,0.10922568961411787,NS,0,DOWN IN LIMBUS
RPS6KA2,1.6099903232301083,2.0559370268023757e-4,Up,0.47816234278465686,0.5370757775564002,NS,0.0365737661656258,0.9479356734398675,NS,1,C1 SPECIFIC
BCL2L13,-1.4450473250961497,2.0660912640108202e-4,Down,0.9241065476756862,0.15876027400584677,NS,-0.32302891269478096,0.4348985696395447,NS,0,DOWN IN LIMBUS
XM_006724076,-1.4450473250961497,2.0660912640108202e-4,Down,0.9241065476756862,0.15876027400584677,NS,-0.32302891269478096,0.4348985696395447,NS,0,DOWN IN LIMBUS
PRSS16,-1.2825825416201093,2.071575529817628e-4,Down,-0.5504672195914635,0.34248673434610755,NS,-1.0130900570935681,0.012565810874761116,Down,0,DOWN IN LIMBUS
NFRKB,-1.0534994712412447,2.0778194272932089e-4,Down,-0.47952498234931795,0.3108404305703719,NS,-0.5725094568418791,0.06176162698492248,NS,0,DOWN IN LIMBUS
GRK3,1.0918248235166352,2.0778194272932089e-4,Up,0.09478552257161343,0.8903545487770104,NS,-0.16715086124997125,0.6052479609480703,NS,1,C1 SPECIFIC
AMOTL1,1.219343554834989,2.0795309055031904e-4,Up,0.48477586694536434,0.38349925129039014,NS,0.24946846681219448,0.4789625634850543,NS,1,C1 SPECIFIC
CACNG4,-1.3089978135488343,2.082524280749818e-4,Down,-0.15782319945847867,0.836232230501039,NS,0.2265837744042316,0.5553330779615451,NS,0,DOWN IN LIMBUS
CBX4,-1.030018735013929,2.1002271222658956e-4,Down,-0.5944134547610593,0.19402560633982438,NS,-0.4139726166942097,0.1559208414232483,NS,0,DOWN IN LIMBUS
GIMAP7,3.390098323169589,2.109796297989457e-4,Up,-0.5287592380689201,0.7729361097695862,NS,1.9525995438544816,0.05075581109920565,NS,1,C1 SPECIFIC
FGFBP2,3.1902632453499553,2.1172599189041543e-4,Up,0.6027821859524414,0.7139445712883458,NS,2.2696785984555508,0.021428467426164683,Up,2,SHARED C1 & C3
GGT5,1.2233689271129382,2.1172599189041543e-4,Up,0.5284958197295513,0.33977548945787334,NS,1.2084315250028368,0.0034525270414529417,Up,2,SHARED C1 & C3
NOSTRIN,1.5689330616887438,2.1172599189041543e-4,Up,0.3721745487321595,0.6310692879915478,NS,1.0720702100438038,0.025888232137481502,Up,2,SHARED C1 & C3
XR_427064,1.5689330616887438,2.1172599189041543e-4,Up,0.3721745487321595,0.6310692879915478,NS,1.0720702100438038,0.025888232137481502,Up,2,SHARED C1 & C3
CDS1,-1.8630099810126666,2.1172599189041543e-4,Down,-0.80711217822580394,0.3372762732693159,NS,-1.8619408862669946,0.003242329251684437,Down,0,DOWN IN LIMBUS
MYCT1,2.7720168898799473,2.1174508423164594e-4,Up,0.03323144312827342,0.9884923123528815,NS,1.8799287563596332,0.026980718806628893,Up,2,SHARED C1 & C3
PKIA,1.9436234537778976,2.1264879646523937e-4,Up,0.0665360228780898,0.961438722025245,NS,0.18131968491384676,0.7704217836875106,NS,1,C1 SPECIFIC
MSN,2.732264790781792,2.1306401101328355e-4,Up,0.65588656841995,0.6249022862957575,NS,-0.42912931095497875,0.5951900292737075,NS,1,C1 SPECIFIC
PIK3R1,1.592050728470074,2.1306401101328355e-4,Up,0.6153245578998732,0.401344715053123,NS,1.621105714415929,0.0029227986194314526,Up,2,SHARED C1 & C3
IRX3,2.472735326277835,2.1350395731620459e-4,Up,0.11067159363806489,0.9504884380490014,NS,1.6037345416016748,0.03281215765279157,Up,2,SHARED C1 & C3
CD69,2.5305943469483476,2.1446479270818185e-4,Up,-0.15644335714696478,0.9263059377877105,NS,1.0171230277731125,0.15706630634334764,NS,1,C1 SPECIFIC
CLCA4,-2.8372017622944963,2.1558995172333772e-4,Down,0.18765277663218605,0.9190574303698562,NS,-0.9071882215245584,0.2553115326229562,NS,0,DOWN IN LIMBUS
XM_006710453,-2.8372017622944963,2.1558995172333772e-4,Down,0.18765277663218605,0.9190574303698562,NS,-0.9071882215245584,0.2553115326229562,NS,0,DOWN IN LIMBUS
SEPTIN11,2.447119937001894,2.1804482241963673e-4,Up,1.1575342545074783,0.30008377122227964,NS,0.44490054322991934,0.5364225113352709,NS,1,C1 SPECIFIC
XM_005263120,2.447119937001894,2.1804482241963673e-4,Up,1.1575342545074783,0.30008377122227964,NS,0.44490054322991934,0.5364225113352709,NS,1,C1 SPECIFIC
XM_005263121,2.447119937001894,2.1804482241963673e-4,Up,1.1575342545074783,0.30008377122227964,NS,0.44490054322991934,0.5364225113352709,NS,1,C1 SPECIFIC
XM_005263122,2.447119937001894,2.1804482241963673e-4,Up,1.1575342545074783,0.30008377122227964,NS,0.44490054322991934,0.5364225113352709,NS,1,C1 SPECIFIC
ENC1,-1.5126753398842139,2.1966814743943304e-4,Down,0.17637984394843365,0.8465273901146986,NS,-1.1458831404299543,0.015982647134683375,Down,0,DOWN IN LIMBUS
LIMS2,1.1290584462346818,2.1992257893821337e-4,Up,0.5076277103831011,0.3217432974699173,NS,1.1213980284884544,0.0034469042504035596,Up,2,SHARED C1 & C3
XM_005263709,1.1290584462346818,2.1992257893821337e-4,Up,0.5076277103831011,0.3217432974699173,NS,1.1213980284884544,0.0034469042504035596,Up,2,SHARED C1 & C3
CCDC186,-1.046023495250175,2.2077637381648268e-4,Down,-0.2812453632782237,0.5743915955542225,NS,-0.5316219624709779,0.08027739934118881,NS,0,DOWN IN LIMBUS
DAAM1,-1.5107736174390194,2.2130612032067828e-4,Down,0.050588452550510254,0.9624023186448921,NS,-0.5465394382755395,0.19898168111825165,NS,0,DOWN IN LIMBUS
TYR,2.334523230618972,2.2175321243687827e-4,Up,0.04553609909192424,0.9808282421987167,NS,1.5082019838468854,0.03375823424366597,Up,2,SHARED C1 & C3
SNED1,1.5855728485251142,2.2183831483885147e-4,Up,0.38825663853427184,0.6166962373627148,NS,1.5232987642125702,0.004260277854377812,Up,2,SHARED C1 & C3
XM_006712405,1.5855728485251142,2.2183831483885147e-4,Up,0.38825663853427184,0.6166962373627148,NS,1.5232987642125702,0.004260277854377812,Up,2,SHARED C1 & C3
NAP1L3,1.6051783911041273,2.2183831483885147e-4,Up,0.4252636601735551,0.5807781747142855,NS,1.6815544596175487,0.0025113164237108142,Up,2,SHARED C1 & C3
FAM241A,2.768477754697729,2.2372106452227166e-4,Up,0.015254551258987448,0.9946845895529964,NS,1.735903482448621,0.03822589196052607,Up,2,SHARED C1 & C3
SMAD6,1.1856431680903405,2.2372106452227166e-4,Up,0.4190162759789571,0.450271046308491,NS,1.1525237415769523,0.003951945960654735,Up,2,SHARED C1 & C3
GLIDR,-1.0377337836280702,2.2372106452227166e-4,Down,-0.2077072365634951,0.6932219842269254,NS,0.1590779226519743,0.609024691941139,NS,0,DOWN IN LIMBUS
COL16A1,1.5926122369168594,2.2426841002829332e-4,Up,1.0027162064628001,0.16620909363381992,NS,1.4192353237071593,0.006576291928090422,Up,2,SHARED C1 & C3
GYG1,-1.5030510208326593,2.2554406598499868e-4,Down,0.5980710745017213,0.38978024517146476,NS,0.013310056089119726,0.9813987877091452,NS,0,DOWN IN LIMBUS
EYA2,2.014403702655928,2.2560888455959124e-4,Up,-0.16232539021780745,0.900976321857733,NS,1.2995787326171637,0.034301727362233504,Up,2,SHARED C1 & C3
GIMAP6,3.1017605511037707,2.256341012020571e-4,Up,-0.5332191768442298,0.7461393295816617,NS,1.97170783172652,0.03639303314534631,Up,2,SHARED C1 & C3
SCRN1,1.688350753550825,2.2664035848746377e-4,Up,-0.23736955153275296,0.8062975432186029,NS,-0.6705137055150594,0.16408972357918816,NS,1,C1 SPECIFIC
TIMP3,1.990774187422514,2.273712654868351e-4,Up,1.152331159859429,0.19627172225822484,NS,1.7316526685485858,0.0077222996413732654,Up,2,SHARED C1 & C3
PIK3AP1,1.4629964528232584,2.2829015835772935e-4,Up,-0.514875685776917,0.45380860414843094,NS,0.031364218158040025,0.952240099097552,NS,1,C1 SPECIFIC
CPEB3,-1.5362361606359367,2.2864467088296318e-4,Down,-0.41206457562989574,0.5773005107900179,NS,-0.5704194553736888,0.19046639230024365,NS,0,DOWN IN LIMBUS
XM_006717717,-1.5362361606359367,2.2864467088296318e-4,Down,-0.41206457562989574,0.5773005107900179,NS,-0.5704194553736888,0.19046639230024365,NS,0,DOWN IN LIMBUS
TNFRSF1B,1.3198345796174467,2.3332077499455835e-4,Up,0.13040553302275004,0.8751631726470658,NS,1.1048544221093062,0.009804679568014237,Up,2,SHARED C1 & C3
RTN4R,-1.0535021907290325,2.339622310108942e-4,Down,0.12539047898157385,0.8431600019736867,NS,-0.41610073877623055,0.1677094371035017,NS,0,DOWN IN LIMBUS
DKK1,3.5415892914403684,2.3524710395753348e-4,Up,-1.3433706016442315,0.4156626017054648,NS,0.6580666101139538,0.53060012499999,NS,1,C1 SPECIFIC
PEAR1,1.9030343160090624,2.365309631244504e-4,Up,0.38558476470658487,0.6919071880418421,NS,1.5030119661446735,0.013625782065762551,Up,2,SHARED C1 & C3
XM_006711301,1.9030343160090624,2.365309631244504e-4,Up,0.38558476470658487,0.6919071880418421,NS,1.5030119661446735,0.013625782065762551,Up,2,SHARED C1 & C3
APOL2,1.1515324606572097,2.3668233236856805e-4,Up,0.5987094387667575,0.25678995085852535,NS,0.31322161999825404,0.3437275742755662,NS,1,C1 SPECIFIC
XM_006724217,1.1515324606572097,2.3668233236856805e-4,Up,0.5987094387667575,0.25678995085852535,NS,0.31322161999825404,0.3437275742755662,NS,1,C1 SPECIFIC
XM_006724218,1.1515324606572097,2.3668233236856805e-4,Up,0.5987094387667575,0.25678995085852535,NS,0.31322161999825404,0.3437275742755662,NS,1,C1 SPECIFIC
NTN4,2.0019458358667315,2.3732031333092613e-4,Up,-0.9144912021557197,0.318448221168435,NS,-0.9447674918433897,0.10451636839470456,NS,1,C1 SPECIFIC
ANKRD50,1.5787779520361518,2.3771182915056308e-4,Up,-0.021957953210943515,0.9875723390037568,NS,-0.5066736318625971,0.2593476674301704,NS,1,C1 SPECIFIC
TBX3,1.9633516216000437,2.3771182915056308e-4,Up,1.3691279438101853,0.12266926219822387,NS,1.8506504751772503,0.004983242066477958,Up,2,SHARED C1 & C3
VSIG10,-1.3431919336557439,2.388459460602044e-4,Down,-0.28662927731830656,0.6723092286290799,NS,-0.6375787628708256,0.1029549367793061,NS,0,DOWN IN LIMBUS
NIPA1,1.2404578986225019,2.388459460602044e-4,Up,-0.13669071313229164,0.8583131010211764,NS,-0.3708528075944537,0.29514387110280865,NS,1,C1 SPECIFIC
NDFIP2,-1.0210173717855113,2.388459460602044e-4,Down,-0.47777225606226637,0.30734006641925776,NS,-0.813657089841298,0.012997835099267715,NS,0,DOWN IN LIMBUS
SELENOM,1.685098557067004,2.4005504496988657e-4,Up,0.7242574249424507,0.3546326731936458,NS,2.0718404319711414,9.475046504687956e-4,Up,2,SHARED C1 & C3
SIRPA,1.101704376569189,2.413656318867068e-4,Up,-0.08941775446703382,0.900976321857733,NS,0.6015288225129733,0.06514194894867663,NS,1,C1 SPECIFIC
CFTR,-2.029257081508642,2.414041872442138e-4,Down,-0.9106058930927761,0.32803613651841573,NS,-0.05359208622123113,0.9404750911327197,NS,0,DOWN IN LIMBUS
REEP4,-1.1538251738554948,2.448485816119139e-4,Down,-0.21829597377383703,0.7197072752626087,NS,-0.13549912394054964,0.7112827479739261,NS,0,DOWN IN LIMBUS
NRCAM,1.58368475621032,2.449845574887998e-4,Up,0.14321761666374844,0.8872969254590803,NS,-1.419128196076196,0.006775072450091614,Down,1,C1 SPECIFIC
MMRN2,1.624193052003827,2.449845574887998e-4,Up,0.5188059876703646,0.5129764262964774,NS,1.0093559508467065,0.041648148826691364,Up,2,SHARED C1 & C3
XM_006717970,1.624193052003827,2.449845574887998e-4,Up,0.5188059876703646,0.5129764262964774,NS,1.0093559508467065,0.041648148826691364,Up,2,SHARED C1 & C3
RIPOR3,1.2406104088404284,2.449845574887998e-4,Up,0.21525700092716793,0.7461393295816617,NS,0.8861444316220464,0.02303751206710226,NS,1,C1 SPECIFIC
XM_005260294,1.2406104088404284,2.449845574887998e-4,Up,0.21525700092716793,0.7461393295816617,NS,0.8861444316220464,0.02303751206710226,NS,1,C1 SPECIFIC
XR_430294,1.2406104088404284,2.449845574887998e-4,Up,0.21525700092716793,0.7461393295816617,NS,0.8861444316220464,0.02303751206710226,NS,1,C1 SPECIFIC
XR_430295,1.2406104088404284,2.449845574887998e-4,Up,0.21525700092716793,0.7461393295816617,NS,0.8861444316220464,0.02303751206710226,NS,1,C1 SPECIFIC
MCAM,1.7025488984322985,2.455951786248295e-4,Up,0.869336003655298,0.26754504172967003,NS,1.146887218409213,0.03005505334699631,Up,2,SHARED C1 & C3
XM_006718836,1.7025488984322985,2.455951786248295e-4,Up,0.869336003655298,0.26754504172967003,NS,1.146887218409213,0.03005505334699631,Up,2,SHARED C1 & C3
TIAM1,-1.3087910747924134,2.4601000197007223e-4,Down,0.08348496608394029,0.9250257837384591,NS,-0.045129802979262834,0.9233605035805945,NS,0,DOWN IN LIMBUS
XM_005261039,-1.3087910747924134,2.4601000197007223e-4,Down,0.08348496608394029,0.9250257837384591,NS,-0.045129802979262834,0.9233605035805945,NS,0,DOWN IN LIMBUS
ROR1,1.6723007929468414,2.4601000197007223e-4,Up,-0.034924733652862194,0.9791165997647151,NS,1.8370990129983458,0.0019804076511554533,Up,2,SHARED C1 & C3
AFDN,-1.1959177118177378,2.4601000197007223e-4,Down,-0.3753917138767262,0.518605027897249,NS,-0.6268618712775114,0.07592245266019475,NS,0,DOWN IN LIMBUS
XM_006715492,-1.1959177118177378,2.4601000197007223e-4,Down,-0.3753917138767262,0.518605027897249,NS,-0.6268618712775114,0.07592245266019475,NS,0,DOWN IN LIMBUS
XM_006715493,-1.1959177118177378,2.4601000197007223e-4,Down,-0.3753917138767262,0.518605027897249,NS,-0.6268618712775114,0.07592245266019475,NS,0,DOWN IN LIMBUS
LDLRAP1,-1.0135548806963017,2.4601000197007223e-4,Down,0.3816104723283047,0.42305591481156285,NS,-0.11186531066285976,0.73000389066293625,NS,0,DOWN IN LIMBUS
XM_006710562,-1.0135548806963017,2.4601000197007223e-4,Down,0.3816104723283047,0.42305591481156285,NS,-0.11186531066285976,0.73000389066293625,NS,0,DOWN IN LIMBUS
XR_426598,-1.0135548806963017,2.4601000197007223e-4,Down,0.3816104723283047,0.42305591481156285,NS,-0.11186531066285976,0.73000389066293625,NS,0,DOWN IN LIMBUS
KATNAL1,1.7142561788252495,2.4601000197007223e-4,Up,0.3483898259826361,0.6923914834153918,NS,-0.6253660590879253,0.20176965734447294,NS,1,C1 SPECIFIC
PDK2,-1.1075260970897682,2.470549283407258e-4,Down,0.10502331330155101,0.8813689150599041,NS,0.6341361080820569,0.055941247381341916,NS,0,DOWN IN LIMBUS
ARHGAP29,2.1302627725620633,2.476124627092076e-4,Up,-0.10188470936252436,0.9468330515932148,NS,-0.39448365141552877,0.5359236918982917,NS,1,C1 SPECIFIC
SOD3,1.5466076726286255,2.482561942291796e-4,Up,1.482949067375836,0.03375412315867473,Up,1.750342782683994,0.0016677629173853928,Up,3,CORE - all 3 contrasts
CSF2RB,1.7901442574600077,2.492342937841028e-4,Up,-0.12051705814469216,0.9194825847257556,NS,1.1968657877101734,0.03140246568051573,Up,2,SHARED C1 & C3
FLNB,1.3413586067261019,2.4981212784426406e-4,Up,0.41985912902036304,0.5205891329079797,NS,-0.9860544239874578,0.020421578743159165,NS,1,C1 SPECIFIC
PREX2,1.6071797758466153,2.5157582673076786e-4,Up,0.24731959478613064,0.7835494400219669,NS,1.1528887372639813,0.02303751206710226,Up,2,SHARED C1 & C3
ENAH,1.0892675165504455,2.519158338971788e-4,Up,0.03417120679382002,0.9663650162447277,NS,0.38736377477455797,0.21427327566222618,NS,1,C1 SPECIFIC
TRMT9B,1.7669113171195296,2.519158338971788e-4,Up,-0.44623466055076744,0.6099371340516105,NS,1.0490712233729926,0.049782042230221556,Up,2,SHARED C1 & C3
XM_005273584,1.7669113171195296,2.519158338971788e-4,Up,-0.44623466055076744,0.6099371340516105,NS,1.0490712233729926,0.049782042230221556,Up,2,SHARED C1 & C3
XM_005273587,1.7669113171195296,2.519158338971788e-4,Up,-0.44623466055076744,0.6099371340516105,NS,1.0490712233729926,0.049782042230221556,Up,2,SHARED C1 & C3
XM_005273592,1.7669113171195296,2.519158338971788e-4,Up,-0.44623466055076744,0.6099371340516105,NS,1.0490712233729926,0.049782042230221556,Up,2,SHARED C1 & C3
RFTN2,1.5290041785938673,2.5502828232982995e-4,Up,0.6417911424936991,0.3727841364259615,NS,1.7133516410816165,0.001804959410597858,Up,2,SHARED C1 & C3
ARHGAP9,1.3188925221549264,2.5502828232982995e-4,Up,0.04147601452908756,0.9663650162447277,NS,0.800046373624304,0.04642907422548081,NS,1,C1 SPECIFIC
XM_005269079,1.3188925221549264,2.5502828232982995e-4,Up,0.04147601452908756,0.9663650162447277,NS,0.800046373624304,0.04642907422548081,NS,1,C1 SPECIFIC
LIPH,-1.8607611752185447,2.5502828232982995e-4,Down,-1.1831540768567184,0.16731341019686094,NS,-2.4636696018078474,6.269924517682951e-4,Down,0,DOWN IN LIMBUS
MAGED4,1.3029180283105584,2.567160600730111e-4,Up,0.5404340222833195,0.37658196035847036,NS,0.6646966452422172,0.08485248630876487,NS,1,C1 SPECIFIC
MAGED4B,1.3029180283105584,2.567160600730111e-4,Up,0.5404340222833195,0.37658196035847036,NS,0.6646966452422172,0.08485248630876487,NS,1,C1 SPECIFIC
TCF4,2.2274542613886332,2.5672965473502046e-4,Up,0.2832016585752539,0.8312993733891758,NS,1.391973854488385,0.04190542404343622,Up,2,SHARED C1 & C3
GRHL3,-1.188607471353416,2.569307813396621e-4,Down,0.17560669051583844,0.7972034312840884,NS,-0.6979799574822838,0.05214910803226659,NS,0,DOWN IN LIMBUS
HEY2,2.0664489716033807,2.569307813396621e-4,Up,0.047577018380036584,0.9765596880283897,NS,0.8645518756386759,0.1508030863841826,NS,1,C1 SPECIFIC
XM_005266878,2.0664489716033807,2.569307813396621e-4,Up,0.047577018380036584,0.9765596880283897,NS,0.8645518756386759,0.1508030863841826,NS,1,C1 SPECIFIC
XM_006715428,2.0664489716033807,2.569307813396621e-4,Up,0.047577018380036584,0.9765596880283897,NS,0.8645518756386759,0.1508030863841826,NS,1,C1 SPECIFIC
FSTL4,-1.4770826189479136,2.571329200437173e-4,Down,-0.08192928884509865,0.9364225708877012,NS,0.7222400850131665,0.09722463476401356,NS,0,DOWN IN LIMBUS
ID4,2.301442169818861,2.596837864626073e-4,Up,1.471981890583134,0.16620909363381992,NS,1.9666485312152346,0.009534651778453682,Up,2,SHARED C1 & C3
TFPI2,3.211968769481623,2.611731487316856e-4,Up,-1.8299006007227954,0.21145933261036062,NS,-1.876186724820493,0.05365889207359227,NS,1,C1 SPECIFIC
LMOD1,1.8930044440256903,2.612178326331362e-4,Up,1.3247468319468023,0.1242670061460532,NS,1.8151338407543047,0.004885597655251034,Up,2,SHARED C1 & C3
GFPT2,1.7946360834601416,2.624990922040407e-4,Up,0.27876391322452143,0.7827251043936171,NS,1.4165912081447907,0.014649450739790326,Up,2,SHARED C1 & C3
SH3BGR,-1.079345547542391,2.66135801495264e-4,Down,0.28241596910901023,0.5971087339568922,NS,-0.37822479956502786,0.22451400655333578,NS,0,DOWN IN LIMBUS
XM_005261024,-1.079345547542391,2.66135801495264e-4,Down,0.28241596910901023,0.5971087339568922,NS,-0.37822479956502786,0.22451400655333578,NS,0,DOWN IN LIMBUS
XM_006724042,-1.079345547542391,2.66135801495264e-4,Down,0.28241596910901023,0.5971087339568922,NS,-0.37822479956502786,0.22451400655333578,NS,0,DOWN IN LIMBUS
CPA3,2.568688356466126,2.6717972867374286e-4,Up,0.2253824416822514,0.8941590719385492,NS,1.9929389358961211,0.01608352527590038,Up,2,SHARED C1 & C3
MICB,1.3230542598217339,2.6968843801664566e-4,Up,-0.5552827756443381,0.37658196035847036,NS,-0.16558305004438445,0.6928962842756402,NS,1,C1 SPECIFIC
PDLIM3,1.7551067538236556,2.7213129654062815e-4,Up,0.5570085914877811,0.5194783186288281,NS,1.25578783423419,0.02442014716718329,Up,2,SHARED C1 & C3
TCEAL9,1.3592064253835474,2.7249150643793963e-4,Up,0.6535215090925295,0.3054112145119819,NS,0.17556359695369927,0.6816013026734887,NS,1,C1 SPECIFIC
CCL23,1.845241799250556,2.7249150643793963e-4,Up,1.0699902516766997,0.20738786000403572,NS,1.3230635090788576,0.024191482704455567,Up,2,SHARED C1 & C3
MID1,1.1140707533424736,2.733172678626892e-4,Up,-0.31982062948783785,0.5603503288152636,NS,0.6332379537784041,0.05992590141155002,NS,1,C1 SPECIFIC
PLA2G4C,1.2480540032540386,2.733172678626892e-4,Up,0.36574363550697786,0.5545539677831768,NS,0.8156650488882464,0.03596575530400171,NS,1,C1 SPECIFIC
XM_006723451,1.2480540032540386,2.733172678626892e-4,Up,0.36574363550697786,0.5545539677831768,NS,0.8156650488882464,0.03596575530400171,NS,1,C1 SPECIFIC
XM_006723452,1.2480540032540386,2.733172678626892e-4,Up,0.36574363550697786,0.5545539677831768,NS,0.8156650488882464,0.03596575530400171,NS,1,C1 SPECIFIC
XM_006723453,1.2480540032540386,2.733172678626892e-4,Up,0.36574363550697786,0.5545539677831768,NS,0.8156650488882464,0.03596575530400171,NS,1,C1 SPECIFIC
PDE1A,2.8431060566237347,2.733172678626892e-4,Up,0.03257660659269224,0.9890307638014827,NS,1.7482016687150077,0.04558189743003972,Up,2,SHARED C1 & C3
XM_005246635,2.8431060566237347,2.733172678626892e-4,Up,0.03257660659269224,0.9890307638014827,NS,1.7482016687150077,0.04558189743003972,Up,2,SHARED C1 & C3
XM_005246636,2.8431060566237347,2.733172678626892e-4,Up,0.03257660659269224,0.9890307638014827,NS,1.7482016687150077,0.04558189743003972,Up,2,SHARED C1 & C3
XM_005246637,2.8431060566237347,2.733172678626892e-4,Up,0.03257660659269224,0.9890307638014827,NS,1.7482016687150077,0.04558189743003972,Up,2,SHARED C1 & C3
XM_006712574,2.8431060566237347,2.733172678626892e-4,Up,0.03257660659269224,0.9890307638014827,NS,1.7482016687150077,0.04558189743003972,Up,2,SHARED C1 & C3
XM_006712575,2.8431060566237347,2.733172678626892e-4,Up,0.03257660659269224,0.9890307638014827,NS,1.7482016687150077,0.04558189743003972,Up,2,SHARED C1 & C3
XM_006712577,2.8431060566237347,2.733172678626892e-4,Up,0.03257660659269224,0.9890307638014827,NS,1.7482016687150077,0.04558189743003972,Up,2,SHARED C1 & C3
PTBP3,-1.3035829514848807,2.736045332079076e-4,Down,-0.4642354554208019,0.4608664263734687,NS,-0.8268967166291068,0.04082623060586391,NS,0,DOWN IN LIMBUS
FN1,4.814732495126698,2.748734378275718e-4,Up,1.176305280590924,0.6315464756908604,NS,-1.0892568373922948,0.44892784147604353,NS,1,C1 SPECIFIC
XM_005246411,4.814732495126698,2.748734378275718e-4,Up,1.176305280590924,0.6315464756908604,NS,-1.0892568373922948,0.44892784147604353,NS,1,C1 SPECIFIC
TMEM140,1.3216259077913453,2.7761573987656663e-4,Up,-0.06286960825245114,0.947857829015401,NS,1.0042398611040984,0.018434724556755665,Up,2,SHARED C1 & C3
GRB7,-1.3040775407951184,2.7780464147451114e-4,Down,-0.5345850912976013,0.3891306342966968,NS,-1.0059677541058658,0.017012860497491254,Down,0,DOWN IN LIMBUS
ASAP1,1.3012071562293173,2.7780464147451114e-4,Up,0.31061530500541235,0.6393717904179261,NS,0.6635585332093541,0.08795671056224397,NS,1,C1 SPECIFIC
EPB41L3,2.623374956384022,2.7780464147451114e-4,Up,-0.3690277413480789,0.8115455519905045,NS,0.19135561536452084,0.8326648810465958,NS,1,C1 SPECIFIC
XM_006722301,2.623374956384022,2.7780464147451114e-4,Up,-0.3690277413480789,0.8115455519905045,NS,0.19135561536452084,0.8326648810465958,NS,1,C1 SPECIFIC
XM_006722302,2.623374956384022,2.7780464147451114e-4,Up,-0.3690277413480789,0.8115455519905045,NS,0.19135561536452084,0.8326648810465958,NS,1,C1 SPECIFIC
XM_006722304,2.623374956384022,2.7780464147451114e-4,Up,-0.3690277413480789,0.8115455519905045,NS,0.19135561536452084,0.8326648810465958,NS,1,C1 SPECIFIC
DKK2,1.9310722568009533,2.7930989880054397e-4,Up,0.7032122581367641,0.450271046308491,NS,1.8175327420364926,0.005644121616224763,Up,2,SHARED C1 & C3
NIBAN1,1.4349167492768213,2.7930989880054397e-4,Up,0.5395489607924606,0.43208967587498365,NS,-0.11484957676780816,0.8132256796409792,NS,1,C1 SPECIFIC
EPHA3,2.1056476264923143,2.811678229495946e-4,Up,1.4940412001283376,0.12409713662969922,NS,1.979656293353926,0.005674546524667141,Up,2,SHARED C1 & C3
CNOT3,-1.0244633248306556,2.841576101883843e-4,Down,-0.18095213095039053,0.7470579008024624,NS,-0.6970923591304574,0.03135597458679216,NS,0,DOWN IN LIMBUS
PPM1K,1.8901129268839112,2.841576101883843e-4,Up,-0.20220511824305198,0.8661748992791427,NS,0.9432130969255095,0.09499188677806852,NS,1,C1 SPECIFIC
IRAG1,1.7127011197206876,2.8512929604420403e-4,Up,0.7731640464300042,0.3356158701106074,NS,1.762260645051703,0.0034416433165424935,Up,2,SHARED C1 & C3
PMEPA1,2.2070669712998834,2.8512929604420403e-4,Up,0.5091978251283189,0.655376988122622,NS,-1.4411916699309586,0.03702115608113146,Down,1,C1 SPECIFIC
XM_006722673,-1.3175393212894324,2.8512929604420403e-4,Down,-0.049616949616354766,0.9600427478233926,NS,-0.6109480622395811,0.11855252040493888,NS,0,DOWN IN LIMBUS
ZNF431,-1.3175393212894324,2.8512929604420403e-4,Down,-0.049616949616354766,0.9600427478233926,NS,-0.6109480622395811,0.11855252040493888,NS,0,DOWN IN LIMBUS
CLDN5,2.256323034361766,2.8644994668548183e-4,Up,0.6015709363139266,0.5924249469995296,NS,1.7099762081545036,0.019101091905977113,Up,2,SHARED C1 & C3
FAR2,1.6997400636506201,2.86958142392547e-4,Up,-0.2814472766208951,0.767812429020558,NS,0.936633918887062,0.06846794491555525,NS,1,C1 SPECIFIC
TFAP2B,1.9018016152195694,2.86958142392547e-4,Up,1.2570134916212767,0.16141982651318637,NS,2.2803750822330295,0.001307905291027555,Up,2,SHARED C1 & C3
XM_006715177,1.9018016152195694,2.86958142392547e-4,Up,1.2570134916212767,0.16141982651318637,NS,2.2803750822330295,0.001307905291027555,Up,2,SHARED C1 & C3
XM_006715178,1.9018016152195694,2.86958142392547e-4,Up,1.2570134916212767,0.16141982651318637,NS,2.2803750822330295,0.001307905291027555,Up,2,SHARED C1 & C3
ST6GAL2,2.703728384627369,2.8699757233639105e-4,Up,0.32773802664436236,0.8456750220607745,NS,1.9462148465244056,0.02469496048880106,Up,2,SHARED C1 & C3
SANBR,1.4168257804740012,2.9053167134029706e-4,Up,0.14006513223758432,0.8775786931860127,NS,-0.8472019021400934,0.05167958951494808,NS,1,C1 SPECIFIC
XM_005264605,1.4168257804740012,2.9053167134029706e-4,Up,0.14006513223758432,0.8775786931860127,NS,-0.8472019021400934,0.05167958951494808,NS,1,C1 SPECIFIC
XM_005264606,1.4168257804740012,2.9053167134029706e-4,Up,0.14006513223758432,0.8775786931860127,NS,-0.8472019021400934,0.05167958951494808,NS,1,C1 SPECIFIC
ADRB2,-1.3048779871099523,2.907178675311676e-4,Down,0.1174194518285212,0.8915364410845933,NS,0.2406985868453546,0.5469015462426302,NS,0,DOWN IN LIMBUS
XM_005270313,-1.1019725040045474,2.910769116903934e-4,Down,0.2664323152174628,0.638080824043283,NS,-0.07067423511263282,0.8540937442524988,NS,0,DOWN IN LIMBUS
ZNF488,-1.1019725040045474,2.910769116903934e-4,Down,0.2664323152174628,0.638080824043283,NS,-0.07067423511263282,0.8540937442524988,NS,0,DOWN IN LIMBUS
TFRC,-1.710496570172463,2.910769116903934e-4,Down,0.16940177979381055,0.8772796520764296,NS,0.10446780335732342,0.8616783124720955,NS,0,DOWN IN LIMBUS
MAT1A,-1.5537223642857239,2.9396956790780216e-4,Down,0.3891050507666307,0.6249022862957575,NS,0.8036943369671254,0.08585789056320309,NS,0,DOWN IN LIMBUS
ASPHD2,-1.0840910008577938,2.9396956790780216e-4,Down,0.44399003384764235,0.3923256317272497,NS,0.5006374736627297,0.12129695037596155,NS,0,DOWN IN LIMBUS
TCIM,2.8635548864269214,2.9396956790780216e-4,Up,0.419186706294032,0.804326054860317,NS,1.9969585047509382,0.028624594115702267,Up,2,SHARED C1 & C3
ST3GAL6,-1.2543280065699278,2.9396956790780216e-4,Down,0.6986387484645009,0.23227488462129717,NS,-0.18313996236599017,0.6421799916132226,NS,0,DOWN IN LIMBUS
XM_005247067,-1.2543280065699278,2.9396956790780216e-4,Down,0.6986387484645009,0.23227488462129717,NS,-0.18313996236599017,0.6421799916132226,NS,0,DOWN IN LIMBUS
XM_005247068,-1.2543280065699278,2.9396956790780216e-4,Down,0.6986387484645009,0.23227488462129717,NS,-0.18313996236599017,0.6421799916132226,NS,0,DOWN IN LIMBUS
XM_005247069,-1.2543280065699278,2.9396956790780216e-4,Down,0.6986387484645009,0.23227488462129717,NS,-0.18313996236599017,0.6421799916132226,NS,0,DOWN IN LIMBUS
XM_006713475,-1.2543280065699278,2.9396956790780216e-4,Down,0.6986387484645009,0.23227488462129717,NS,-0.18313996236599017,0.6421799916132226,NS,0,DOWN IN LIMBUS
XR_427357,-1.2543280065699278,2.9396956790780216e-4,Down,0.6986387484645009,0.23227488462129717,NS,-0.18313996236599017,0.6421799916132226,NS,0,DOWN IN LIMBUS
GJB5,-1.1061810197878064,2.9455330689523196e-4,Down,0.2479348008999782,0.6667285635817731,NS,-0.8809832216781022,0.015230101878332633,NS,0,DOWN IN LIMBUS
SELE,2.704849364602832,2.959486004604623e-4,Up,0.18645214932332888,0.91918416406262,NS,2.112410451879055,0.016656856668188853,Up,2,SHARED C1 & C3
MACROD2,-1.0644020202996298,2.959486004604623e-4,Down,0.18606446947119437,0.7526079460729262,NS,-0.17765560295335447,0.5888428400122211,NS,0,DOWN IN LIMBUS
IFFO1,1.0020926163935169,2.9640014469213284e-4,Up,-0.14002638253513577,0.815414521034101,NS,0.8876167385625706,0.008530010723780174,NS,1,C1 SPECIFIC
XM_006718979,1.0020926163935169,2.9640014469213284e-4,Up,-0.14002638253513577,0.815414521034101,NS,0.8876167385625706,0.008530010723780174,NS,1,C1 SPECIFIC
FAM83B,-1.9016822427022522,2.977302049291602e-4,Down,-0.13514857884824227,0.9178044288792554,NS,-1.0634773745441741,0.06610430379997445,NS,0,DOWN IN LIMBUS
XR_245462,-1.030635354877404,2.9831839224215374e-4,Down,-0.324686364574557,0.529488578546362,NS,-0.3276716106250275,0.27982262719207424,NS,0,DOWN IN LIMBUS
ZCCHC2,-1.030635354877404,2.9831839224215374e-4,Down,-0.324686364574557,0.529488578546362,NS,-0.3276716106250275,0.27982262719207424,NS,0,DOWN IN LIMBUS
MTCL2,-1.0623373155759506,2.98380545732928e-4,Down,-0.00425563267081408,0.996465436520431,NS,-0.14898714941126467,0.6569490369970978,NS,0,DOWN IN LIMBUS
ARHGEF2,1.0527242437906654,2.98380545732928e-4,Up,-0.08309783229033307,0.9075338733608372,NS,-0.23936839718517788,0.4511955327455311,NS,1,C1 SPECIFIC
XM_005245589,1.0527242437906654,2.98380545732928e-4,Up,-0.08309783229033307,0.9075338733608372,NS,-0.23936839718517788,0.4511955327455311,NS,1,C1 SPECIFIC
XM_005245591,1.0527242437906654,2.98380545732928e-4,Up,-0.08309783229033307,0.9075338733608372,NS,-0.23936839718517788,0.4511955327455311,NS,1,C1 SPECIFIC
PPFIA1,-1.1035062388009198,3.066211537158753e-4,Down,-0.1791183296568395,0.7747184152933493,NS,-0.6789151491731156,0.048094910811404594,NS,0,DOWN IN LIMBUS
HECW2,1.3218458691947275,3.1149051427078843e-4,Up,0.4271581892966294,0.5187750114789442,NS,1.1274683799044425,0.010888675180920147,Up,2,SHARED C1 & C3
PDIA5,1.5436090087098373,3.1149051427078843e-4,Up,0.3755347275164578,0.638920745004696,NS,0.3062232531329281,0.5171515179117037,NS,1,C1 SPECIFIC
CARF,-1.043119928588208,3.1189393507219073e-4,Down,-0.4418013867428048,0.37658196035847036,NS,-0.335726979317311,0.27588930684811985,NS,0,DOWN IN LIMBUS
XM_006712760,-1.043119928588208,3.1189393507219073e-4,Down,-0.4418013867428048,0.37658196035847036,NS,-0.335726979317311,0.27588930684811985,NS,0,DOWN IN LIMBUS
PALS1,-1.0303445800905733,3.125379188956203e-4,Down,-0.41318310741612496,0.40721082323509733,NS,-0.6277984914883739,0.05001437578875334,NS,0,DOWN IN LIMBUS
PHACTR1,-1.9605770997310676,3.1363275437101227e-4,Down,0.6891678251570346,0.4793496888057246,NS,0.22523138630701922,0.7271529376006591,NS,0,DOWN IN LIMBUS
XM_005248936,-1.9605770997310676,3.1363275437101227e-4,Down,0.6891678251570346,0.4793496888057246,NS,0.22523138630701922,0.7271529376006591,NS,0,DOWN IN LIMBUS
XM_006715021,-1.9605770997310676,3.1363275437101227e-4,Down,0.6891678251570346,0.4793496888057246,NS,0.22523138630701922,0.7271529376006591,NS,0,DOWN IN LIMBUS
XM_006715179,-1.662989621696294,3.152589016320901e-4,Down,-0.2778067245708211,0.7681014177057226,NS,-0.18390824894914193,0.7381524503473517,NS,0,DOWN IN LIMBUS
ZNF165,-1.662989621696294,3.152589016320901e-4,Down,-0.2778067245708211,0.7681014177057226,NS,-0.18390824894914193,0.7381524503473517,NS,0,DOWN IN LIMBUS
ERICH5,-2.4093178240966218,3.152589016320901e-4,Down,0.41207693822634006,0.7611567208352752,NS,0.6951525783003962,0.3327394467732789,NS,0,DOWN IN LIMBUS
TNFAIP3,-1.6737105443872498,3.1531552261317337e-4,Down,0.25552360553110187,0.795132752970801,NS,0.45928543645427844,0.3580915483970965,NS,0,DOWN IN LIMBUS
AMOTL2,1.053006559854758,3.155312636360305e-4,Up,0.7670912539256296,0.11975238709690562,NS,0.813136956625641,0.018434724556755665,NS,1,C1 SPECIFIC
XM_005247520,1.053006559854758,3.155312636360305e-4,Up,0.7670912539256296,0.11975238709690562,NS,0.813136956625641,0.018434724556755665,NS,1,C1 SPECIFIC
WNT10A,-1.2536982113241741,3.183106896344986e-4,Down,0.1796375765030156,0.8108142218967164,NS,-0.6046173390164302,0.10952505360466819,NS,0,DOWN IN LIMBUS
CCDC69,2.1491819707102335,3.1904641415000706e-4,Up,-0.050936646629131666,0.9765596880283897,NS,0.4817646962741753,0.46119825995840064,NS,1,C1 SPECIFIC
LPL,2.742821485567242,3.1904641415000706e-4,Up,0.5807257029079995,0.6907626127292488,NS,2.085093631881154,0.02017183777575178,Up,2,SHARED C1 & C3
LMO2,2.0978673319570476,3.1904641415000706e-4,Up,-0.3568237008028401,0.7624823853405636,NS,1.195486923048958,0.0637362593521987,NS,1,C1 SPECIFIC
XM_005252921,2.0978673319570476,3.1904641415000706e-4,Up,-0.3568237008028401,0.7624823853405636,NS,1.195486923048958,0.0637362593521987,NS,1,C1 SPECIFIC
XM_006718229,2.0978673319570476,3.1904641415000706e-4,Up,-0.3568237008028401,0.7624823853405636,NS,1.195486923048958,0.0637362593521987,NS,1,C1 SPECIFIC
FBXO45,-1.062944253079877,3.1904641415000706e-4,Down,-0.09927853665974684,0.8882852712061824,NS,-0.5936184560657054,0.0684828140514378,NS,0,DOWN IN LIMBUS
FAM110B,1.4007944578131335,3.201455908185516e-4,Up,0.3096483846435536,0.6742489409923595,NS,1.2971255072198566,0.0068948326713394355,Up,2,SHARED C1 & C3
XM_005251326,1.4007944578131335,3.201455908185516e-4,Up,0.3096483846435536,0.6742489409923595,NS,1.2971255072198566,0.0068948326713394355,Up,2,SHARED C1 & C3
ARK2C,1.411214438459723,3.2544522726569893e-4,Up,0.061679241772552906,0.9539377680538654,NS,0.9668681323023156,0.032779823338300276,NS,1,C1 SPECIFIC
BTNL9,2.040788502693779,3.2544522726569893e-4,Up,0.7916428246854226,0.4267286977561104,NS,1.4704142639272453,0.026193148557304608,Up,2,SHARED C1 & C3
KCNJ8,1.6872845987527265,3.2639994096112207e-4,Up,0.47474548382175463,0.576886964858566,NS,1.4688659848679286,0.01006161094973664,Up,2,SHARED C1 & C3
XM_005253358,1.6872845987527265,3.2639994096112207e-4,Up,0.47474548382175463,0.576886964858566,NS,1.4688659848679286,0.01006161094973664,Up,2,SHARED C1 & C3
APOL3,1.6445084858019214,3.2639994096112207e-4,Up,0.045451230616027516,0.9719780065981138,NS,1.2412210580267962,0.02121171776242791,Up,2,SHARED C1 & C3
XM_006724322,1.6445084858019214,3.2639994096112207e-4,Up,0.045451230616027516,0.9719780065981138,NS,1.2412210580267962,0.02121171776242791,Up,2,SHARED C1 & C3
XM_006724323,1.6445084858019214,3.2639994096112207e-4,Up,0.045451230616027516,0.9719780065981138,NS,1.2412210580267962,0.02121171776242791,Up,2,SHARED C1 & C3
XM_006724324,1.6445084858019214,3.2639994096112207e-4,Up,0.045451230616027516,0.9719780065981138,NS,1.2412210580267962,0.02121171776242791,Up,2,SHARED C1 & C3
IMPDH2,1.0400482726086242,3.270422206067174e-4,Up,-0.16040629205130053,0.7929395428651623,NS,0.333348188699075,0.2810565634560678,NS,1,C1 SPECIFIC
DRC12,-1.264770033516566,3.270422206067174e-4,Down,-0.293937682090605,0.6595690324165707,NS,-0.7752620148727969,0.05001437578875334,NS,0,DOWN IN LIMBUS
XM_006718816,-1.264770033516566,3.270422206067174e-4,Down,-0.293937682090605,0.6595690324165707,NS,-0.7752620148727969,0.05001437578875334,NS,0,DOWN IN LIMBUS
XM_006718818,-1.264770033516566,3.270422206067174e-4,Down,-0.293937682090605,0.6595690324165707,NS,-0.7752620148727969,0.05001437578875334,NS,0,DOWN IN LIMBUS
XM_006718821,-1.264770033516566,3.270422206067174e-4,Down,-0.293937682090605,0.6595690324165707,NS,-0.7752620148727969,0.05001437578875334,NS,0,DOWN IN LIMBUS
CCDC3,1.5088466963630598,3.317590754142874e-4,Up,1.0387283658332258,0.1502083480176579,NS,1.5503840991184363,0.003848815044848028,Up,2,SHARED C1 & C3
STAB1,1.4429440957665678,3.33356098888655e-4,Up,0.3521404448139833,0.6394499199916264,NS,1.1206212913735971,0.018570334415626836,Up,2,SHARED C1 & C3
ALDH3A1,-2.480087399084752,3.33356098888655e-4,Down,0.6022355170244467,0.6421627567618948,NS,1.8936265299310264,0.020297955090576084,Up,1,C3 SPECIFIC
XM_005256525,-2.480087399084752,3.33356098888655e-4,Down,0.6022355170244467,0.6421627567618948,NS,1.8936265299310264,0.020297955090576084,Up,1,C3 SPECIFIC
DENND2B,1.1423319263838776,3.350927399259677e-4,Up,0.03240438651524613,0.9710836813762861,NS,0.7807489960851504,0.0334261811737004,NS,1,C1 SPECIFIC
XM_005253079,1.1423319263838776,3.350927399259677e-4,Up,0.03240438651524613,0.9710836813762861,NS,0.7807489960851504,0.0334261811737004,NS,1,C1 SPECIFIC
XM_005253080,1.1423319263838776,3.350927399259677e-4,Up,0.03240438651524613,0.9710836813762861,NS,0.7807489960851504,0.0334261811737004,NS,1,C1 SPECIFIC
XM_005253081,1.1423319263838776,3.350927399259677e-4,Up,0.03240438651524613,0.9710836813762861,NS,0.7807489960851504,0.0334261811737004,NS,1,C1 SPECIFIC
XM_005253083,1.1423319263838776,3.350927399259677e-4,Up,0.03240438651524613,0.9710836813762861,NS,0.7807489960851504,0.0334261811737004,NS,1,C1 SPECIFIC
PRSS27,-1.0796390017263144,0.00033753260138573345,Down,-0.6587603331255272,0.19574557266181922,NS,-1.069529139869326,0.004885597655251034,Down,0,DOWN IN LIMBUS
P2RY14,3.378371462089858,3.394296449754619e-4,Up,-0.3595643305673324,0.8712209727414456,NS,2.3385164615766145,0.032080715986403004,Up,2,SHARED C1 & C3
ENO1,-1.1351627475980735,3.394296449754619e-4,Down,0.07573758475367143,0.924492744848814,NS,-0.3102665095405417,0.36537304650634145,NS,0,DOWN IN LIMBUS
SNTB1,1.1831934329871574,3.397094520541725e-4,Up,0.24640155023324972,0.7001895710105196,NS,0.939664845885944,0.016691204678590952,NS,1,C1 SPECIFIC
XM_005251032,1.1831934329871574,3.397094520541725e-4,Up,0.24640155023324972,0.7001895710105196,NS,0.939664845885944,0.016691204678590952,NS,1,C1 SPECIFIC
LY75,2.706582035130009,3.397094520541725e-4,Up,0.5000106281830341,0.740397566727663,NS,0.9763231168622575,0.22552760391336463,NS,1,C1 SPECIFIC
LY75-CD302,2.706582035130009,3.397094520541725e-4,Up,0.5000106281830341,0.740397566727663,NS,0.9763231168622575,0.22552760391336463,NS,1,C1 SPECIFIC
JPH1,-1.8895243048078036,3.4004170092634726e-4,Down,1.4315484528845968,0.10751970322036825,NS,0.011783313241847004,0.9873781544731963,NS,0,DOWN IN LIMBUS
XM_005251275,-1.8895243048078036,3.4004170092634726e-4,Down,1.4315484528845968,0.10751970322036825,NS,0.011783313241847004,0.9873781544731963,NS,0,DOWN IN LIMBUS
ACSL5,2.0570876284803283,3.4004170092634726e-4,Up,-1.260934921771626,0.19424633436903788,NS,0.7598542292777735,0.21463129938382203,NS,1,C1 SPECIFIC
NAB1,-1.2263297352919977,3.4046214330440034e-4,Down,0.23342675224058773,0.7299350048497557,NS,-0.33882555587407914,0.3600296924460438,NS,0,DOWN IN LIMBUS
NUP62CL,-1.3532553659665458,3.405675347026641e-4,Down,-0.1238071418527209,0.8922760126369307,NS,-0.9753675479539234,0.02709064498542084,NS,0,DOWN IN LIMBUS
CLIP3,1.2391614007399596,3.405675347026641e-4,Up,1.1326235898593566,0.05158763411048969,NS,1.3039258423052198,0.0034469042504035596,Up,2,SHARED C1 & C3
LINC01588,-1.3734833152651431,3.450061242938872e-4,Down,-0.24415403277600323,0.7534776571426817,NS,-0.8056012081736137,0.0596128428274897,NS,0,DOWN IN LIMBUS
RAB6B,-1.9603192464427641,3.456344696616903e-4,Down,-0.5987922969067583,0.5502892019868665,NS,-1.238411899822224,0.04617529448767115,Down,0,DOWN IN LIMBUS
PRKCZ,-0.6996316732293764,3.456344696616903e-4,NS,-0.4484227151488085,0.1775846018060309,NS,-1.0193058075267167,4.822124850046166e-4,Down,0,DOWN IN LIMBUS
XM_006710764,-0.6996316732293764,3.456344696616903e-4,NS,-0.4484227151488085,0.1775846018060309,NS,-1.0193058075267167,4.822124850046166e-4,Down,0,DOWN IN LIMBUS
XM_006710766,-0.6996316732293764,3.456344696616903e-4,NS,-0.4484227151488085,0.1775846018060309,NS,-1.0193058075267167,4.822124850046166e-4,Down,0,DOWN IN LIMBUS
XM_006710767,-0.6996316732293764,3.456344696616903e-4,NS,-0.4484227151488085,0.1775846018060309,NS,-1.0193058075267167,4.822124850046166e-4,Down,0,DOWN IN LIMBUS
XM_006710768,-0.6996316732293764,3.456344696616903e-4,NS,-0.4484227151488085,0.1775846018060309,NS,-1.0193058075267167,4.822124850046166e-4,Down,0,DOWN IN LIMBUS
LPXN,1.4343513922557394,3.456344696616903e-4,Up,0.2587495478129034,0.7484458986826232,NS,0.6209152645161016,0.15259469929151642,NS,1,C1 SPECIFIC
PIR,-1.5502722377931448,3.479369762222957e-4,Down,0.5215508276661236,0.5113106313721222,NS,0.3261427578360081,0.49739605191507746,NS,0,DOWN IN LIMBUS
RORA,-1.6900939229182548,3.479369762222957e-4,Down,0.502934450394708,0.5582585382275888,NS,0.4198342184869155,0.4159127006354807,NS,0,DOWN IN LIMBUS
SAMD5,1.601395246483217,3.479369762222957e-4,Up,1.0425776789081613,0.17430218598149247,NS,1.3185977667891713,0.014342237869751502,Up,2,SHARED C1 & C3
SPINT2,-1.1185716942266737,3.487234209459813e-4,Down,-0.29019289250636326,0.6176745223006558,NS,-1.4553891327102164,9.031405905669744e-4,Down,0,DOWN IN LIMBUS
SHE,2.313317859414745,3.487234209459813e-4,Up,0.027197860664183615,0.9891824506008434,NS,1.6645552105001755,0.02764426048906394,Up,2,SHARED C1 & C3
GAPDHS,1.9840006709567524,3.5152779906050344e-4,Up,-0.055737319700675414,0.9719780065981138,NS,1.3560561783349216,0.03432639325259784,Up,2,SHARED C1 & C3
XM_005258732,1.9840006709567524,3.5152779906050344e-4,Up,-0.055737319700675414,0.9719780065981138,NS,1.3560561783349216,0.03432639325259784,Up,2,SHARED C1 & C3
LMF1,1.1189529590689862,3.5159873664388305e-4,Up,0.7479813659432928,0.16620909363381992,NS,0.981801943141563,0.010189499405192726,NS,1,C1 SPECIFIC
NR_033645,1.1189529590689862,3.5159873664388305e-4,Up,0.7479813659432928,0.16620909363381992,NS,0.981801943141563,0.010189499405192726,NS,1,C1 SPECIFIC
XM_006720926,1.1189529590689862,3.5159873664388305e-4,Up,0.7479813659432928,0.16620909363381992,NS,0.981801943141563,0.010189499405192726,NS,1,C1 SPECIFIC
XM_006720927,1.1189529590689862,3.5159873664388305e-4,Up,0.7479813659432928,0.16620909363381992,NS,0.981801943141563,0.010189499405192726,NS,1,C1 SPECIFIC
XM_006720930,1.1189529590689862,3.5159873664388305e-4,Up,0.7479813659432928,0.16620909363381992,NS,0.981801943141563,0.010189499405192726,NS,1,C1 SPECIFIC
XR_429646,1.1189529590689862,3.5159873664388305e-4,Up,0.7479813659432928,0.16620909363381992,NS,0.981801943141563,0.010189499405192726,NS,1,C1 SPECIFIC
RTKN,-0.839661438897104,3.5386750640970053e-4,NS,-0.5096922011831921,0.20117413042240614,NS,-1.1172568991416956,8.080966035640984e-4,Down,0,DOWN IN LIMBUS
XM_005264478,-0.839661438897104,3.5386750640970053e-4,NS,-0.5096922011831921,0.20117413042240614,NS,-1.1172568991416956,8.080966035640984e-4,Down,0,DOWN IN LIMBUS
OGN,3.454387238880859,3.5386750640970053e-4,Up,1.4746979287744626,0.3830189452497111,NS,3.01931585503492,0.010421868803395429,Up,2,SHARED C1 & C3
WNK1,-1.5629243647005735,3.540273240647326e-4,Down,-0.2058059005819306,0.832950114744511,NS,-0.33696865698048395,0.4868465038731852,NS,0,DOWN IN LIMBUS
XM_005253738,-1.5629243647005735,3.540273240647326e-4,Down,-0.2058059005819306,0.832950114744511,NS,-0.33696865698048395,0.4868465038731852,NS,0,DOWN IN LIMBUS
MYO6,-1.2999495693335597,3.565662107090291e-4,Down,-0.42659818346161593,0.5199528841385026,NS,-0.837246154034526,0.04381296653656905,NS,0,DOWN IN LIMBUS
MMD,1.3623204773874127,3.565662107090291e-4,Up,0.21524972878973436,0.788502235827798,NS,-0.6316128974242528,0.1280146064442369,NS,1,C1 SPECIFIC
XR_429880,1.3623204773874127,3.565662107090291e-4,Up,0.21524972878973436,0.788502235827798,NS,-0.6316128974242528,0.1280146064442369,NS,1,C1 SPECIFIC
EPHB3,-1.1095785221300076,3.570368096186421e-4,Down,0.056779814837948805,0.9456379261815173,NS,0.3409346671491482,0.30910270417704194,NS,0,DOWN IN LIMBUS
CNTLN,1.1780639833905004,3.606300996835576e-4,Up,0.4189914428815973,0.48331186734514486,NS,0.8562480060539892,0.026997518970021374,NS,1,C1 SPECIFIC
KLF3,-1.479937131395884,3.6204943837509044e-4,Down,0.10789272452546772,0.9178044288792554,NS,0.06854820365977865,0.9010272778812263,NS,0,DOWN IN LIMBUS
XM_006714015,-1.479937131395884,3.6204943837509044e-4,Down,0.10789272452546772,0.9178044288792554,NS,0.06854820365977865,0.9010272778812263,NS,0,DOWN IN LIMBUS
ITGA10,1.643097391432204,3.6214442876626593e-4,Up,2.679640852310234,0.0012289918146469168,Up,1.5182366617776797,0.0077222996413732654,Up,3,CORE - all 3 contrasts
XM_005277432,1.643097391432204,3.6214442876626593e-4,Up,2.679640852310234,0.0012289918146469168,Up,1.5182366617776797,0.0077222996413732654,Up,3,CORE - all 3 contrasts
XM_005277435,1.643097391432204,3.6214442876626593e-4,Up,2.679640852310234,0.0012289918146469168,Up,1.5182366617776797,0.0077222996413732654,Up,3,CORE - all 3 contrasts
CLEC14A,1.4351694502119559,3.623767540554803e-4,Up,0.1378567244082367,0.8861835957014349,NS,0.8967116593280027,0.04919645310649309,NS,1,C1 SPECIFIC
CLDN11,1.6455108848111717,3.6515427235038445e-4,Up,-0.3662292383216901,0.6786979396387324,NS,1.9206206919151239,0.0018717597300725588,Up,2,SHARED C1 & C3
DTX4,1.528961713370883,3.6515427235038445e-4,Up,-0.48391037270188164,0.540075087364841,NS,-0.28499155017158895,0.5552383531345643,NS,1,C1 SPECIFIC
PWWP3B,1.5976190686198288,3.665804198458916e-4,Up,2.2515025218664957,0.004726684216854259,Up,0.6355988899840153,0.18769497316059836,NS,2,SHARED C1 & C2
PPP1R14A,1.274743265571904,3.665804198458916e-4,Up,0.9509531039786854,0.11950344584500427,NS,1.151503442296455,0.008944257766106037,Up,2,SHARED C1 & C3
TRMT10A,-1.3559449351505677,3.6986673910592344e-4,Down,-0.19930812505447815,0.8104870813516791,NS,-0.854530122127338,0.048121325755486284,NS,0,DOWN IN LIMBUS
PNMA2,2.243539936173856,3.6986673910592344e-4,Up,0.9098596564515269,0.4134373383748246,NS,1.99877036950687,0.009733845581513948,Up,2,SHARED C1 & C3
E2F8,-1.550446820706683,3.7219214660994367e-4,Down,-0.5985361186302365,0.43731269230535985,NS,-0.9472173568270197,0.05388247176940348,NS,0,DOWN IN LIMBUS
C1orf105,-1.6049423729798118,3.7219214660994367e-4,Down,0.09376918365578213,0.9359928902442319,NS,-0.8817373391720986,0.07773001975645051,NS,0,DOWN IN LIMBUS
XM_005245609,-1.6049423729798118,3.7219214660994367e-4,Down,0.09376918365578213,0.9359928902442319,NS,-0.8817373391720986,0.07773001975645051,NS,0,DOWN IN LIMBUS
ENPP4,1.9009025980381358,3.740368355531701e-4,Up,-0.7839913975289807,0.404677431682212,NS,-0.33069682107812337,0.5844290467506827,NS,1,C1 SPECIFIC
LRRC8D,-1.0179988332122623,3.7481767784092564e-4,Down,0.1718702150207978,0.7719720031327529,NS,-0.05117006033049165,0.8927886609375915,NS,0,DOWN IN LIMBUS
OMD,2.6276155242852366,3.757374584072932e-4,Up,0.15376589868101398,0.93599233637028,NS,2.20301408540623,0.013740931550537627,Up,2,SHARED C1 & C3
LYN,1.8450489430056534,3.7673969120217727e-4,Up,-1.2192490553541928,0.17311064706258927,NS,-0.6506536335332571,0.24315655426390825,NS,1,C1 SPECIFIC
LCP2,1.5313036279418561,3.7693731694917615e-4,Up,-0.23047540304885672,0.8057457356535649,NS,0.9945135211136438,0.043623384198497185,NS,1,C1 SPECIFIC
MAL2,-2.124523502914206,3.776124367500008e-4,Down,0.21368500550352998,0.8804126616468081,NS,-1.9217935086869584,0.009029972746136263,Down,0,DOWN IN LIMBUS
IL7R,1.379863218068916,3.803242969011379e-4,Up,0.15062583166908539,0.8692977019350948,NS,0.4469387500717046,0.28518610115402515,NS,1,C1 SPECIFIC
CACHD1,1.7500284096251635,3.816298560401264e-4,Up,0.2294344190445674,0.8348499901576044,NS,1.4219854660899482,0.01608352527590038,Up,2,SHARED C1 & C3
PPP2R2C,-1.1609756086023175,3.816298560401264e-4,Down,0.9111219432580757,0.10313698901658454,NS,-1.0973982080269362,0.007039903485347934,Down,0,DOWN IN LIMBUS
XM_005247979,-1.1609756086023175,3.816298560401264e-4,Down,0.9111219432580757,0.10313698901658454,NS,-1.0973982080269362,0.007039903485347934,Down,0,DOWN IN LIMBUS
SMARCD3,1.3034211346180316,3.856546577104566e-4,Up,-0.2754363632466559,0.7008689554988273,NS,0.9007381274137378,0.03442240870096634,NS,1,C1 SPECIFIC
MAB21L1,-3.315433072005087,3.860615264964138e-4,Down,1.3305692809314547,0.4212923644145025,NS,-1.0855600019562202,0.2812655130506589,NS,0,DOWN IN LIMBUS
DNAAF9,1.0394792672966249,3.8972325421738057e-4,Up,0.5269472435135025,0.30371191337200687,NS,0.35631929478959634,0.2588126601609044,NS,1,C1 SPECIFIC
SNAI1,0.9121164700339177,3.945005210742195e-4,NS,1.0915883240604298,0.014230587063026661,Up,1.182085885501606,0.0010340962113945685,Up,2,SHARED C2 & C3
TIMP1,1.9566848305544848,3.952360832220869e-4,Up,0.5860570681636528,0.5622050921602415,NS,1.1027903351629256,0.07294722870127172,NS,1,C1 SPECIFIC
SLC16A6,-2.44196844661586,3.954393000691096e-4,Down,0.1675061697447866,0.9239418532647501,NS,1.296508536994211,0.08913737455616376,NS,0,DOWN IN LIMBUS
ANO3,-1.5798855087833261,3.961758226492572e-4,Down,-0.24488895287381984,0.7990183026096863,NS,-0.7722126799507989,0.11462991502323915,NS,0,DOWN IN LIMBUS
LAD1,-1.2722140026020403,3.963616995818256e-4,Down,0.329205591301057,0.6287786387138254,NS,-0.6976529494066774,0.08036896075819032,NS,0,DOWN IN LIMBUS
FBXL7,1.5438253519116696,3.9680527645352047e-4,Up,0.9760373976972518,0.18918226762631832,NS,1.448433729896097,0.007567228589959806,Up,2,SHARED C1 & C3
XM_005248273,1.5438253519116696,3.9680527645352047e-4,Up,0.9760373976972518,0.18918226762631832,NS,1.448433729896097,0.007567228589959806,Up,2,SHARED C1 & C3
TRPM1,2.6419007061922244,3.992434465587438e-4,Up,-0.5311865225107706,0.7207831977702975,NS,1.6928489246623308,0.047058148739513236,Up,2,SHARED C1 & C3
PGF,1.4683952544362224,4.0002554381432255e-4,Up,-0.14743082650893857,0.8819315453946085,NS,0.25927143870575353,0.5822395349720058,NS,1,C1 SPECIFIC
PID1,-1.4036748924070874,4.011833588627787e-4,Down,0.4941080453894191,0.49720952781803346,NS,0.9749959760846671,0.03441982691226205,NS,0,DOWN IN LIMBUS
SDC3,1.212270553590697,4.067885331546012e-4,Up,0.5660043795577367,0.3450959279699134,NS,0.9929950135470387,0.016076336781767953,NS,1,C1 SPECIFIC
TGFB3,1.123552064211017,4.067885331546012e-4,Up,0.8823053354584456,0.10317526104348043,NS,0.6534670329680026,0.06622634773874066,NS,1,C1 SPECIFIC
XM_005268028,1.123552064211017,4.067885331546012e-4,Up,0.8823053354584456,0.10317526104348043,NS,0.6534670329680026,0.06622634773874066,NS,1,C1 SPECIFIC
EPB41L2,2.5392700935235704,4.067885331546012e-4,Up,0.5118602364078235,0.7207831977702975,NS,1.1232652589207337,0.15203588328504203,NS,1,C1 SPECIFIC
XM_005266841,2.5392700935235704,4.067885331546012e-4,Up,0.5118602364078235,0.7207831977702975,NS,1.1232652589207337,0.15203588328504203,NS,1,C1 SPECIFIC
DPYSL3,2.200740317592852,4.067885331546012e-4,Up,0.10714934034807122,0.9504884380490014,NS,0.6699517492366205,0.32282694624500574,NS,1,C1 SPECIFIC
ADCY4,1.0820086189430098,4.098714223496454e-4,Up,-0.37347565794459836,0.5095906023913763,NS,0.8367000441354717,0.021727567811050924,NS,1,C1 SPECIFIC
MS4A7,2.9790085124552523,4.117769781136934e-4,Up,-0.5310498972472413,0.759313089042425,NS,1.952279070354206,0.04391772528650208,Up,2,SHARED C1 & C3
ITGA7,1.112037213984621,4.124959240390261e-4,Up,0.44317905472157726,0.42924573473345645,NS,1.204020549482002,0.0033386931746795068,Up,2,SHARED C1 & C3
XM_005268845,1.112037213984621,4.124959240390261e-4,Up,0.44317905472157726,0.42924573473345645,NS,1.204020549482002,0.0033386931746795068,Up,2,SHARED C1 & C3
ESD,1.1597539262751315,4.124959240390261e-4,Up,0.353208936508727,0.5577955339787359,NS,0.34939373083320646,0.3287592332699392,NS,1,C1 SPECIFIC
EVI2A,2.0605951886491765,4.139812674160254e-4,Up,-0.01879135112549868,0.9918401022477316,NS,1.5243736454108143,0.026995832227964495,Up,2,SHARED C1 & C3
SIAH3,-1.9736913330048518,4.1593237908349017e-4,Down,1.7107902389593228,0.076828757915899007,NS,0.439058430564911,0.4817924076901079,NS,0,DOWN IN LIMBUS
HFE,1.0080745452705573,4.1770531982079283e-4,Up,-0.3117216278301447,0.5546803671816637,NS,-0.28354379428220877,0.36444545070861384,NS,1,C1 SPECIFIC
ANKRD34C,-1.584144365757198,4.1848844397858746e-4,Down,-0.09291587129880341,0.9369201082897262,NS,-0.6498939741585312,0.18198735020590812,NS,0,DOWN IN LIMBUS
RARRES2,2.0567088887037537,4.1848844397858746e-4,Up,-0.010810710242910915,0.995360103041005,NS,1.6611063596410744,0.01763841057952763,Up,2,SHARED C1 & C3
XM_005250033,2.0567088887037537,4.1848844397858746e-4,Up,-0.010810710242910915,0.995360103041005,NS,1.6611063596410744,0.01763841057952763,Up,2,SHARED C1 & C3
ARHGAP20,1.260058754161414,4.1982897880609235e-4,Up,0.011690714254689816,0.9917780706539667,NS,1.1818179193992489,0.007887229233513801,Up,2,SHARED C1 & C3
WNK4,0.9857432960139016,4.2105493873883837e-4,NS,1.077045664803741,0.0259128926080227,Up,0.883213461816827,0.010265959198440103,NS,1,C2 SPECIFIC
ITCH,-1.1071172442733772,4.236288882453914e-4,Down,-0.4972378730227902,0.3716045771827043,NS,-1.0415224671159615,0.007801843759843165,Down,0,DOWN IN LIMBUS
PANK1,-1.2884911210317505,4.2609724881237913e-4,Down,0.5888139552447171,0.3620400440827635,NS,-0.30532821361003926,0.4533901805356366,NS,0,DOWN IN LIMBUS
ANKEF1,-1.138767499120557,4.2834462701025995e-4,Down,-0.3381314107056692,0.5696426445379772,NS,-0.7027682145222807,0.055287894520333274,NS,0,DOWN IN LIMBUS
PITX2,2.168523296774188,4.2881868019109385e-4,Up,1.7428625528536577,0.10068706344184962,NS,2.4010265185764146,0.0030472474106373075,Up,2,SHARED C1 & C3
OTUD7A,-1.3957985886430624,4.297917456765359e-4,Down,0.019698281090588132,0.987967126207834,NS,-0.6577708620578644,0.13063243001422062,NS,0,DOWN IN LIMBUS
EPSTI1,1.4055073780160523,4.2981233862420795e-4,Up,-1.1380510168513416,0.09889420407059711,NS,0.13220177324530447,0.7904337554439672,NS,1,C1 SPECIFIC
FMNL3,1.0787986166307482,4.3148821030023133e-4,Up,0.3071082014783322,0.5874975238508932,NS,-0.4730623164041523,0.15874121067541241,NS,1,C1 SPECIFIC
ANKRD6,1.0319180433989388,4.3525474262298897e-4,Up,-0.07685306296311545,0.9178044288792554,NS,0.5281970601612924,0.10403364821098653,NS,1,C1 SPECIFIC
RHOQ,1.0940128686962183,4.3564197350793416e-4,Up,0.2298523115336586,0.7091972956714261,NS,0.4374885647406046,0.19447058643532975,NS,1,C1 SPECIFIC
RYR1,-1.111501700000467,4.3861010052836436e-4,Down,-0.12586523128386506,0.8661244783001159,NS,-0.7112177862468867,0.04927989330062993,NS,0,DOWN IN LIMBUS
SLC41A2,1.3287038479348392,4.3861010052836436e-4,Up,-0.8214244831116195,0.20646421021837388,NS,-0.2901457582195821,0.494220605831117,NS,1,C1 SPECIFIC
XM_005269180,1.3287038479348392,4.3861010052836436e-4,Up,-0.8214244831116195,0.20646421021837388,NS,-0.2901457582195821,0.494220605831117,NS,1,C1 SPECIFIC
XM_006719630,1.3287038479348392,4.3861010052836436e-4,Up,-0.8214244831116195,0.20646421021837388,NS,-0.2901457582195821,0.494220605831117,NS,1,C1 SPECIFIC
TSPAN7,2.49551514170488,4.3861010052836436e-4,Up,0.35600950821316246,0.8222925394974925,NS,0.6819287063109476,0.3830386233806521,NS,1,C1 SPECIFIC
CLMP,2.57447307196491,4.386227001520634e-4,Up,1.4038437047643004,0.2733593198231489,NS,1.1849181928509331,0.14023129238005455,NS,1,C1 SPECIFIC
CCN2,2.7375736262734875,4.386227001520634e-4,Up,1.9572360744722221,0.14938540897236108,NS,2.802599640058869,0.004918471035674431,Up,2,SHARED C1 & C3
PRICKLE2,1.1666958337970428,4.3896327873335937e-4,Up,0.31139676950633266,0.6181646377856999,NS,0.09578032352903865,0.8200492199764283,NS,1,C1 SPECIFIC
XM_005264910,1.1666958337970428,4.3896327873335937e-4,Up,0.31139676950633266,0.6181646377856999,NS,0.09578032352903865,0.8200492199764283,NS,1,C1 SPECIFIC
XM_006713007,1.1666958337970428,4.3896327873335937e-4,Up,0.31139676950633266,0.6181646377856999,NS,0.09578032352903865,0.8200492199764283,NS,1,C1 SPECIFIC
COBL,-1.1309373335852193,4.4204801582297233e-4,Down,-0.302098721505752,0.6181646377856999,NS,-0.43295125587861083,0.2141501221006882,NS,0,DOWN IN LIMBUS
XM_005271757,-1.1309373335852193,4.4204801582297233e-4,Down,-0.302098721505752,0.6181646377856999,NS,-0.43295125587861083,0.2141501221006882,NS,0,DOWN IN LIMBUS
NR2F1,2.30971633177258,4.4298726938280387e-4,Up,-0.7296142308857707,0.5499450371422449,NS,1.6243815567433932,0.03452805455718911,Up,2,SHARED C1 & C3
GIMAP2,1.912254348779138,4.447162563021552e-4,Up,-0.5698292702966405,0.5700287325861306,NS,1.0741382875566385,0.07799702002933769,NS,1,C1 SPECIFIC
PLAAT2,-1.9168312599630086,4.450530982194254e-4,Down,-1.1842810799056123,0.20759320821188212,NS,-1.2597063867819491,0.045146739288797644,Down,0,DOWN IN LIMBUS
MAP9,1.333645276533142,4.454966976020218e-4,Up,0.5705039862286547,0.39813805319827716,NS,0.289470540370969,0.4979337523759294,NS,1,C1 SPECIFIC
EFHD1,1.3280077400657122,4.454966976020218e-4,Up,0.6865072765144351,0.30230988956138727,NS,1.3526082485773907,0.005124710074521619,Up,2,SHARED C1 & C3
LINC00467,-1.2344411118709475,4.454966976020218e-4,Down,-0.3774212733981326,0.5603638525471901,NS,-0.7397510712110478,0.06230729691941332,NS,0,DOWN IN LIMBUS
LSP1,1.5468955351615623,4.463087387626143e-4,Up,0.1210046530404405,0.914386632162844,NS,1.3454736477484648,0.012846486236735167,Up,2,SHARED C1 & C3
XM_005252926,1.5468955351615623,4.463087387626143e-4,Up,0.1210046530404405,0.914386632162844,NS,1.3454736477484648,0.012846486236735167,Up,2,SHARED C1 & C3
XM_005252927,1.5468955351615623,4.463087387626143e-4,Up,0.1210046530404405,0.914386632162844,NS,1.3454736477484648,0.012846486236735167,Up,2,SHARED C1 & C3
FAXDC2,1.3012107568001081,4.4687470817984516e-4,Up,0.26222275398192263,0.7232230471299874,NS,1.4248791810847319,0.0033386931746795068,Up,2,SHARED C1 & C3
LAMB3,-0.6570970488879055,4.470051912963403e-4,NS,0.6580879119732437,0.03961887679884167,Up,-2.11115031801425,2.002549265258457e-6,Down,1,C2 SPECIFIC
SLC39A8,1.8681215038833754,4.4731889012489994e-4,Up,0.1825244494768068,0.8881323829275451,NS,-0.43621946051344374,0.4630444878992804,NS,1,C1 SPECIFIC
SYT1,-1.8778491485390418,4.480036553440432e-4,Down,-0.13075636355075293,0.9241091585104965,NS,-0.5820964996456075,0.32018394330388766,NS,0,DOWN IN LIMBUS
GIMAP4,2.0976998199619112,4.480036553440432e-4,Up,-0.32907969820095406,0.8005150551120684,NS,1.2802075345199988,0.05877170383167828,NS,1,C1 SPECIFIC
FOXF2,2.347933073905603,4.5064462774031973e-4,Up,1.0281476111342993,0.3869083493797732,NS,1.9263819241744047,0.01715283802587757,Up,2,SHARED C1 & C3
PDZRN4,2.951500723001094,4.5064462774031973e-4,Up,0.19155422095855812,0.9287001065545024,NS,1.8748771415691978,0.051160035762947295,NS,1,C1 SPECIFIC
B4GALNT3,-1.4195586975449794,4.5064462774031973e-4,Down,-0.3069201159135879,0.7001895710105196,NS,-0.7387523873171737,0.10049220628619021,NS,0,DOWN IN LIMBUS
RNFT2,-1.1364598417579481,4.507425467426316e-4,Down,0.07974047480081747,0.9238412261470682,NS,-0.4285134900186538,0.22246084210832218,NS,0,DOWN IN LIMBUS
XM_005253968,-1.1364598417579481,4.507425467426316e-4,Down,0.07974047480081747,0.9238412261470682,NS,-0.4285134900186538,0.22246084210832218,NS,0,DOWN IN LIMBUS
XM_005253969,-1.1364598417579481,4.507425467426316e-4,Down,0.07974047480081747,0.9238412261470682,NS,-0.4285134900186538,0.22246084210832218,NS,0,DOWN IN LIMBUS
EPS8L1,-1.0175895756073157,4.5126789456217194e-4,Down,-0.8314332675097837,0.09863325500423994,NS,-1.0637171326117034,0.004523100053485859,Down,0,DOWN IN LIMBUS
B4GALT6,1.702017487130215,4.5303793485098866e-4,Up,0.5073635555322511,0.5716630665404882,NS,0.1135037069107474,0.8570574434216641,NS,1,C1 SPECIFIC
PHLDA1,2.7668215931707394,4.530641818265253e-4,Up,0.4412969741477948,0.7966480158653304,NS,-0.42584793906867446,0.6435954850506534,NS,1,C1 SPECIFIC
COL6A2,1.5477038205512947,4.549360555424002e-4,Up,0.6951902573730688,0.37658196035847036,NS,1.6666688590259895,0.0037502606477639324,Up,2,SHARED C1 & C3
TGFB2,-2.2110489660832737,4.549360555424002e-4,Down,0.507431973638111,0.6784005348244169,NS,-0.0673484189188871,0.9366898715522628,NS,0,DOWN IN LIMBUS
ELK4,-1.1143498792877509,4.549360555424002e-4,Down,-0.19569267019074044,0.7681014177057226,NS,-0.04270045176856918,0.9215213083110814,NS,0,DOWN IN LIMBUS
XM_005244950,-1.1143498792877509,4.549360555424002e-4,Down,-0.19569267019074044,0.7681014177057226,NS,-0.04270045176856918,0.9215213083110814,NS,0,DOWN IN LIMBUS
XM_005244951,-1.1143498792877509,4.549360555424002e-4,Down,-0.19569267019074044,0.7681014177057226,NS,-0.04270045176856918,0.9215213083110814,NS,0,DOWN IN LIMBUS
XR_426764,-1.1143498792877509,4.549360555424002e-4,Down,-0.19569267019074044,0.7681014177057226,NS,-0.04270045176856918,0.9215213083110814,NS,0,DOWN IN LIMBUS
XR_426767,-1.1143498792877509,4.549360555424002e-4,Down,-0.19569267019074044,0.7681014177057226,NS,-0.04270045176856918,0.9215213083110814,NS,0,DOWN IN LIMBUS
STAMBPL1,1.2280573705778002,4.550949990331829e-4,Up,0.4406589812205999,0.4964080259108351,NS,0.8117707614105898,0.04485856040558402,NS,1,C1 SPECIFIC
AK9,-1.0079005633574916,4.550949990331829e-4,Down,-0.46979262605597505,0.35664725718444273,NS,-0.6573027439970884,0.04722606596761723,NS,0,DOWN IN LIMBUS
RNF157,1.304478580414849,4.550949990331829e-4,Up,0.9831300930351805,0.1242670061460532,NS,1.4928815889738192,0.0026460492224464212,Up,2,SHARED C1 & C3
XM_005257009,1.304478580414849,4.550949990331829e-4,Up,0.9831300930351805,0.1242670061460532,NS,1.4928815889738192,0.0026460492224464212,Up,2,SHARED C1 & C3
TNFAIP6,2.516256576365158,4.5563122223105573e-4,Up,-0.02597993566772505,0.9910651928288995,NS,0.28175077782471636,0.7489693896680482,NS,1,C1 SPECIFIC
MYO5B,-1.4318168022096982,4.591751049859186e-4,Down,-0.5027119634176689,0.5095906023913763,NS,-1.5559645117359748,0.003576099252233684,Down,0,DOWN IN LIMBUS
FST,3.2832461112205733,4.596068319833432e-4,Up,-0.45034778984401314,0.8316843436832313,NS,-0.9962339504490387,0.3328174489453627,NS,1,C1 SPECIFIC
MMRN1,3.627366036912603,4.596068319833432e-4,Up,-1.1856546267923571,0.5398016256137013,NS,2.0114845643184704,0.08321197423328251,NS,1,C1 SPECIFIC
CYTL1,2.243763969874431,4.609082389706865e-4,Up,5.438966321468936,2.9335670163350523e-5,Up,3.22390099172869,6.106983244221264e-4,Up,3,CORE - all 3 contrasts
IFI44L,2.4433151066997634,4.636950005629458e-4,Up,0.6516660195118327,0.6231464983327636,NS,0.06776844952197258,0.9425014972506558,NS,1,C1 SPECIFIC
ARHGEF28,-1.3026554286328507,4.636950005629458e-4,Down,0.35864755049529196,0.6071797899983628,NS,-0.2956594050384256,0.47978166557149593,NS,0,DOWN IN LIMBUS
ARSJ,1.3838570410253173,4.6604579311530276e-4,Up,-0.19631670266127355,0.8256482252013317,NS,-0.305138171212473,0.494220605831117,NS,1,C1 SPECIFIC
CDC42EP5,1.7526954139790378,4.661745155269021e-4,Up,-0.38662641501835715,0.6932506657090273,NS,0.8628824096123449,0.12013622137039034,NS,1,C1 SPECIFIC
HABP4,1.1394029892158208,4.71850618744045e-4,Up,0.5768401047570135,0.3119772746059149,NS,0.7235214925440969,0.05246399744937202,NS,1,C1 SPECIFIC
IL15,1.0961086998488199,4.74066213240724e-4,Up,-0.5984092849372757,0.27879413679274534,NS,-0.1233936184928508,0.7487160516156054,NS,1,C1 SPECIFIC
PIEZO2,1.0361226620862771,4.74066213240724e-4,Up,-0.1880305194491303,0.7602728079095908,NS,0.9169482485497236,0.01229349567884706,NS,1,C1 SPECIFIC
SCN4B,1.2784652298255716,4.7468992857941614e-4,Up,0.7364374341520898,0.24981786397709352,NS,1.0921634777897422,0.014600327601120339,Up,2,SHARED C1 & C3
GALNT17,-1.1421662793143144,4.756893398183886e-4,Down,0.02846764794609946,0.9765596880283897,NS,0.049283789935794964,0.9121063930081166,NS,0,DOWN IN LIMBUS
SLC6A20,-1.4226604384015307,4.790442707384138e-4,Down,0.24264545897860712,0.7786488845226118,NS,0.4532399513789187,0.31028574216527194,NS,0,DOWN IN LIMBUS
MBNL1,0.9856938801977853,4.790442707384138e-4,NS,0.15657844564267887,0.7995400828120858,NS,1.1567825519455415,0.0022888152714278603,Up,1,C3 SPECIFIC
XM_005247472,0.9856938801977853,4.790442707384138e-4,NS,0.15657844564267887,0.7995400828120858,NS,1.1567825519455415,0.0022888152714278603,Up,1,C3 SPECIFIC
XM_006713641,0.9856938801977853,4.790442707384138e-4,NS,0.15657844564267887,0.7995400828120858,NS,1.1567825519455415,0.0022888152714278603,Up,1,C3 SPECIFIC
SLC35G2,1.5269838922879702,4.798145419752896e-4,Up,0.40016848114937176,0.6332356907284692,NS,1.1864101932014037,0.023554259444741994,Up,2,SHARED C1 & C3
FGL2,3.045767428806828,4.8093679820872595e-4,Up,-0.32832418960467447,0.8757849039545198,NS,2.430939690820738,0.020881311255997678,Up,2,SHARED C1 & C3
MAP1LC3C,1.7671885531329772,4.8274698959149354e-4,Up,0.5155403439566788,0.5844694901333424,NS,1.630302100791969,0.009782981780575788,Up,2,SHARED C1 & C3
TRAF4,-1.085125196389031,4.8274698959149354e-4,Down,-0.8500262117006061,0.11266798960046367,NS,-0.46549829651991814,0.17287324133450568,NS,0,DOWN IN LIMBUS
RIOK3,-1.1967550620920164,4.8308144813910065e-4,Down,-0.6801060270434736,0.2594320380217728,NS,-0.18686388044688584,0.6419437540748082,NS,0,DOWN IN LIMBUS
TRPM3,-1.564420503127887,4.89831946578993e-4,Down,0.7545567192949241,0.340118681227994,NS,0.7274760785598566,0.14239422960076137,NS,0,DOWN IN LIMBUS
ITGA6,-0.7583285627645999,4.91902415335102e-4,NS,0.3456957448623994,0.3759585041455393,NS,-1.2469421040308646,2.6214651713870154e-4,Down,0,DOWN IN LIMBUS
PDE7A,-1.2779836295966032,4.921763340379569e-4,Down,-0.34331967207784064,0.6231124817767512,NS,-0.7028541643649433,0.08776417391279241,NS,0,DOWN IN LIMBUS
CLSTN2,1.500613795712248,4.972661390558813e-4,Up,0.7765915773012297,0.3054112145119819,NS,1.519210948634734,0.00568910052775354,Up,2,SHARED C1 & C3
SMCO4,1.7216153563421415,4.972678505737547e-4,Up,-0.21683670823361734,0.8515658028325991,NS,0.9039323622304805,0.10169877635116135,NS,1,C1 SPECIFIC
HCLS1,2.082812292688147,4.976734112942633e-4,Up,-0.21645118945009756,0.8813689150599041,NS,1.5961589108598053,0.025708217552615632,Up,2,SHARED C1 & C3
GALNT3,-1.2069267665185883,5.005747481905586e-4,Down,-0.14215331004492526,0.8632228024399473,NS,-1.2333211793210808,0.005473267111684614,Down,0,DOWN IN LIMBUS
CYP26B1,1.9600632182318813,5.018098096401797e-4,Up,0.7645495313769253,0.45417040469980485,NS,1.5978459757178447,0.0191902919671393,Up,2,SHARED C1 & C3
BAIAP2,-1.051257549753661,5.018098096401797e-4,Down,-0.0490405322445433,0.9538737145873987,NS,-0.19319412804755043,0.5798923695900522,NS,0,DOWN IN LIMBUS
XM_006721636,-1.051257549753661,5.018098096401797e-4,Down,-0.0490405322445433,0.9538737145873987,NS,-0.19319412804755043,0.5798923695900522,NS,0,DOWN IN LIMBUS
XM_006721638,-1.051257549753661,5.018098096401797e-4,Down,-0.0490405322445433,0.9538737145873987,NS,-0.19319412804755043,0.5798923695900522,NS,0,DOWN IN LIMBUS
XR_429867,-1.051257549753661,5.018098096401797e-4,Down,-0.0490405322445433,0.9538737145873987,NS,-0.19319412804755043,0.5798923695900522,NS,0,DOWN IN LIMBUS
GPX3,3.5687583830904694,5.018923253994161e-4,Up,1.0258769158636252,0.5920628033638858,NS,2.1985920748731926,0.0598611698978833,NS,1,C1 SPECIFIC
SLC1A1,1.7528946126972302,5.032526511809722e-4,Up,0.2260175694663351,0.8478347282794088,NS,-0.10997691082868233,0.8687078420457102,NS,1,C1 SPECIFIC
ARPC1B,1.0733798316391123,5.049925210565588e-4,Up,-0.3210466083111587,0.5759633205151224,NS,-0.938714027618607,0.013573416488182265,NS,1,C1 SPECIFIC
TSTD1,-1.3252645956620697,5.059060395294356e-4,Down,-0.43248853417705035,0.5455177229651822,NS,-1.3538455044294455,0.00554027806558791,Down,0,DOWN IN LIMBUS
THBS4,1.3600098746971607,5.096032772061768e-4,Up,2.836502185835295,2.1657101127018323e-4,Up,1.4451624294804617,0.004518312103818611,Up,3,CORE - all 3 contrasts
PAK3,1.6887289662562277,5.138530943745714e-4,Up,1.2109401718121173,0.15996613076733693,NS,1.0682404989327727,0.05530633007425905,NS,1,C1 SPECIFIC
XR_244474,1.6887289662562277,5.138530943745714e-4,Up,1.2109401718121173,0.15996613076733693,NS,1.0682404989327727,0.05530633007425905,NS,1,C1 SPECIFIC
FOXO3,1.1674358736838641,5.148424479692609e-4,Up,0.8311305289512259,0.1626912887292474,NS,1.2270254488755148,0.004818470530098545,Up,2,SHARED C1 & C3
HLX,1.1447679741447692,5.149811123561376e-4,Up,0.8488783763019203,0.14178196675612592,NS,1.2537804191825996,0.0037385287761419837,Up,2,SHARED C1 & C3
IKZF1,1.080883503155245,5.161095114790152e-4,Up,-0.04864713610566618,0.9560114923602936,NS,0.6676391156139245,0.06007509137235882,NS,1,C1 SPECIFIC
LAMC1,1.3548050300751306,5.171870347559828e-4,Up,0.3686681494929154,0.6202470522088902,NS,0.4366240312563541,0.30974369706495003,NS,1,C1 SPECIFIC
SSX2IP,-1.6309649924628342,5.171870347559828e-4,Down,-0.1614778351270747,0.8888792074376892,NS,-1.488048089148931,0.01090144373772074,Down,0,DOWN IN LIMBUS
XM_006710332,-1.6309649924628342,5.171870347559828e-4,Down,-0.1614778351270747,0.8888792074376892,NS,-1.488048089148931,0.01090144373772074,Down,0,DOWN IN LIMBUS
SLC6A6,1.818424389073451,5.188855291053439e-4,Up,0.5564874129846125,0.5685114731979407,NS,1.8871001159606369,0.0052108510866069185,Up,2,SHARED C1 & C3
CLDN7,-1.4578539409518907,5.21711043081823e-4,Down,-0.8527766263578798,0.2473752266411147,NS,-1.9361043840704628,0.001111270093569897,Down,0,DOWN IN LIMBUS
SEMA6A,1.8066480086525756,5.23255768644103e-4,Up,-0.3468482044889303,0.7461393295816617,NS,0.6265281293304179,0.2734184668320665,NS,1,C1 SPECIFIC
FAM162B,1.8889928020769648,5.245582544971611e-4,Up,0.29128722503698956,0.8104870813516791,NS,1.5535802515332282,0.01890182819674548,Up,2,SHARED C1 & C3
HS3ST6,-1.1677214526956128,5.312936007610023e-4,Down,-0.06438986052133533,0.9438358380491281,NS,0.09816246298781373,0.8204096347916714,NS,0,DOWN IN LIMBUS
MRC1,3.7746358359478354,5.321451591226799e-4,Up,-0.746229782987621,0.7374563100403081,NS,2.4979911874486325,0.0481071466811313,Up,2,SHARED C1 & C3
XM_006726512,3.7746358359478354,5.321451591226799e-4,Up,-0.746229782987621,0.7374563100403081,NS,2.4979911874486325,0.0481071466811313,Up,2,SHARED C1 & C3
TBL1X,1.0985728764343348,5.321451591226799e-4,Up,-0.15406002880970782,0.8310501929610506,NS,0.5242726486444962,0.13674498301124308,NS,1,C1 SPECIFIC
MLANA,3.77290282052496,5.338945335115145e-4,Up,-0.2794985026274919,0.9201409947897085,NS,2.465337221676945,0.050236017761919216,NS,1,C1 SPECIFIC
UXS1,-1.1039872734927219,5.365600779060734e-4,Down,0.5650928325633249,0.31568983580748544,NS,-0.24732284534477422,0.4949568407462738,NS,0,DOWN IN LIMBUS
DYNC2H1,1.542353491177896,5.381428662426379e-4,Up,0.6476758299000798,0.4205596636349333,NS,0.8214976333566728,0.10059632879826476,NS,1,C1 SPECIFIC
SMAD9,2.6864584290062066,5.382848418066262e-4,Up,1.117799967883557,0.42586399097281047,NS,2.4635852764238164,0.010904141554957255,Up,2,SHARED C1 & C3
TSC22D1,1.3233199352745881,5.401869482377532e-4,Up,1.024032707640627,0.12409713662969922,NS,1.3736738179598635,0.0053448045560876845,Up,2,SHARED C1 & C3
XM_005266582,1.3233199352745881,5.401869482377532e-4,Up,1.024032707640627,0.12409713662969922,NS,1.3736738179598635,0.0053448045560876845,Up,2,SHARED C1 & C3
OTULINL,2.938696682709619,5.412205102259983e-4,Up,-0.04867344726337297,0.9865550047188564,NS,1.5906599372786898,0.09603538715022626,NS,1,C1 SPECIFIC
GHR,0.9550884695144637,5.415922195074604e-4,NS,1.3715941800769302,0.005550402635428103,Up,1.5682487664910738,2.9438135008673545e-4,Up,2,SHARED C2 & C3
MBD5,-1.063711663306508,5.415922195074604e-4,Down,-0.1443480577863392,0.8384029551232257,NS,-0.5086036151353852,0.13713088213379354,NS,0,DOWN IN LIMBUS
PLCD4,-1.346205413417028,5.415922195074604e-4,Down,0.9483570893398072,0.16620909363381992,NS,0.28948953284200574,0.5141799950506591,NS,0,DOWN IN LIMBUS
XM_006712803,-1.346205413417028,5.415922195074604e-4,Down,0.9483570893398072,0.16620909363381992,NS,0.28948953284200574,0.5141799950506591,NS,0,DOWN IN LIMBUS
SRGAP2,-1.1904521728176682,5.415922195074604e-4,Down,-0.18940253977415367,0.8039929535688656,NS,0.26068829570484553,0.5055465139218204,NS,0,DOWN IN LIMBUS
SRGAP2B,-1.1904521728176682,5.415922195074604e-4,Down,-0.18940253977415367,0.8039929535688656,NS,0.26068829570484553,0.5055465139218204,NS,0,DOWN IN LIMBUS
SRGAP2C,-1.1904521728176682,5.415922195074604e-4,Down,-0.18940253977415367,0.8039929535688656,NS,0.26068829570484553,0.5055465139218204,NS,0,DOWN IN LIMBUS
XM_006711247,-1.1904521728176682,5.415922195074604e-4,Down,-0.18940253977415367,0.8039929535688656,NS,0.26068829570484553,0.5055465139218204,NS,0,DOWN IN LIMBUS
SCARB2,-1.0896198862863837,5.416995804876852e-4,Down,0.08374728709574253,0.9178044288792554,NS,-0.21305195761978535,0.5576040421268297,NS,0,DOWN IN LIMBUS
GJB2,-1.669526452059218,5.455331486556012e-4,Down,1.7787514416546575,0.033652069780757084,Up,-0.7377472600016795,0.1678367279016514,NS,1,C2 SPECIFIC
XM_005266354,-1.669526452059218,5.455331486556012e-4,Down,1.7787514416546575,0.033652069780757084,Up,-0.7377472600016795,0.1678367279016514,NS,1,C2 SPECIFIC
ANOS1,-1.4805350535404624,5.527029254993944e-4,Down,-0.22345184364548842,0.8162889426468408,NS,0.3865625887239146,0.42234242077855605,NS,0,DOWN IN LIMBUS
PPIC,1.2550014035411694,5.527029254993944e-4,Up,-0.2861251196402659,0.6907626127292488,NS,-0.21966898917207978,0.6033958548260243,NS,1,C1 SPECIFIC
FADS3,-0.9979534161488992,5.527029254993944e-4,NS,0.7944645490116633,0.11444046206794471,NS,1.2014898600542567,0.00220948785133974,Up,1,C3 SPECIFIC
SLCO2B1,1.581691817363005,5.58756067467893e-4,Up,-0.18273706625728448,0.8687055936449989,NS,1.0455908479177634,0.04945819258497774,Up,2,SHARED C1 & C3
XM_006718427,1.581691817363005,5.58756067467893e-4,Up,-0.18273706625728448,0.8687055936449989,NS,1.0455908479177634,0.04945819258497774,Up,2,SHARED C1 & C3
DMRTA2,-1.3631151544026103,5.58779254396912e-4,Down,0.6964772220504294,0.32029493292457734,NS,-0.2504594776690521,0.5844290467506827,NS,0,DOWN IN LIMBUS
C3orf70,1.5208240973399754,5.624506459299826e-4,Up,0.44095656752869417,0.5962287423222477,NS,1.3130249365737727,0.01569576934315383,Up,2,SHARED C1 & C3
OAS2,-0.860100475636016,5.648627001117221e-4,NS,-0.5914116371871634,0.1757534459178717,NS,-1.2249171018746399,7.797500255208231e-4,Down,0,DOWN IN LIMBUS
ADRA2A,2.208271155859558,5.702883875096799e-4,Up,0.5947774406886719,0.6313997297308568,NS,2.0389829553586285,0.011004583422565651,Up,2,SHARED C1 & C3
CD84,1.5894665096680471,5.748655066931244e-4,Up,-0.24388198835744568,0.8144507723935894,NS,1.164316789502129,0.03394851892288162,Up,2,SHARED C1 & C3
XR_241101,1.5894665096680471,5.748655066931244e-4,Up,-0.24388198835744568,0.8144507723935894,NS,1.164316789502129,0.03394851892288162,Up,2,SHARED C1 & C3
FBXO22,-1.4268260386403298,5.763769678863592e-4,Down,-0.32283424095601765,0.6946517015725963,NS,-0.8937883800542852,0.060499639725591026,NS,0,DOWN IN LIMBUS
ANKRD20A12P,-1.856616579368163,5.763769678863592e-4,Down,-0.010587071342503585,0.9952549379115596,NS,0.6432904409439169,0.2803954766973293,NS,0,DOWN IN LIMBUS
ITGAM,1.6670203946795792,5.776500047680512e-4,Up,0.11972713128124646,0.924492744848814,NS,1.1089363573546809,0.049194491878283904,Up,2,SHARED C1 & C3
DBN1,1.2425904476454726,5.844126232196524e-4,Up,-0.2513644077223267,0.7335465677934961,NS,-0.4359312249117959,0.2749663955526621,NS,1,C1 SPECIFIC
XM_006714826,1.2425904476454726,5.844126232196524e-4,Up,-0.2513644077223267,0.7335465677934961,NS,-0.4359312249117959,0.2749663955526621,NS,1,C1 SPECIFIC
GAS6,1.6441353243839973,5.854544209601102e-4,Up,0.6909340364417211,0.42656131468434644,NS,0.6505368685387989,0.21630506203282263,NS,1,C1 SPECIFIC
XM_005250692,1.3170729431653783,5.863049858213785e-4,Up,-0.04221613134559732,0.969495226754729,NS,0.5607791845580579,0.1855393329364792,NS,1,C1 SPECIFIC
ZC3HAV1L,1.3170729431653783,5.863049858213785e-4,Up,-0.04221613134559732,0.969495226754729,NS,0.5607791845580579,0.1855393329364792,NS,1,C1 SPECIFIC
PARVA,1.3989237857535857,5.878395380928811e-4,Up,0.7944433577622707,0.2733593198231489,NS,0.934264850139698,0.04880188478729483,NS,1,C1 SPECIFIC
DCLK2,-1.4620549964893943,5.971478728928548e-4,Down,0.41884698695593325,0.6038334905647256,NS,0.7618614625361788,0.11177330858295023,NS,0,DOWN IN LIMBUS
SOX10,1.7311150156166768,5.974103773360176e-4,Up,0.7212891104830073,0.43076936314128295,NS,1.5240042515494334,0.014605114598586023,Up,2,SHARED C1 & C3
MX1,1.2307183914499333,5.974103773360176e-4,Up,-0.4844742537487914,0.4628534075454032,NS,-0.24528817480444154,0.5546851219251827,NS,1,C1 SPECIFIC
XM_005260979,1.2307183914499333,5.974103773360176e-4,Up,-0.4844742537487914,0.4628534075454032,NS,-0.24528817480444154,0.5546851219251827,NS,1,C1 SPECIFIC
MPZ,1.3584950470260466,6.000212065661587e-4,Up,0.7943062004342707,0.2594320380217728,NS,0.9788858072078019,0.03702115608113146,NS,1,C1 SPECIFIC
IL16,1.054037913379804,6.067618667996952e-4,Up,0.009305882617715255,0.9924534068970385,NS,0.8906592680276324,0.018129649043818502,NS,1,C1 SPECIFIC
XM_005254342,1.054037913379804,6.067618667996952e-4,Up,0.009305882617715255,0.9924534068970385,NS,0.8906592680276324,0.018129649043818502,NS,1,C1 SPECIFIC
XM_005254344,1.054037913379804,6.067618667996952e-4,Up,0.009305882617715255,0.9924534068970385,NS,0.8906592680276324,0.018129649043818502,NS,1,C1 SPECIFIC
SOX5,1.5408825553195733,6.101362542834163e-4,Up,0.31632903892646613,0.7301518506446686,NS,0.8318824694313349,0.10156793764386993,NS,1,C1 SPECIFIC
XM_006719150,1.5408825553195733,6.101362542834163e-4,Up,0.31632903892646613,0.7301518506446686,NS,0.8318824694313349,0.10156793764386993,NS,1,C1 SPECIFIC
TMEM237,1.3150422804755877,6.160233316415064e-4,Up,0.9657362866138905,0.15996613076733693,NS,1.5211515032085847,0.0031514146892318885,Up,2,SHARED C1 & C3
NMRK1,-1.5658587933888946,6.160233316415064e-4,Down,-0.2557133518654471,0.8014672998924642,NS,-0.5056876696375774,0.32097096764479194,NS,0,DOWN IN LIMBUS
MECOM,2.806601076681231,6.171222256110395e-4,Up,-1.226017867091132,0.40914939307399834,NS,-0.5303339279435315,0.5797280092349267,NS,1,C1 SPECIFIC
SRD5A1,-1.4730095490596158,6.187906017149611e-4,Down,0.3305847125426533,0.7021189795723559,NS,-0.6729426170094639,0.16148105729670956,NS,0,DOWN IN LIMBUS
DPYSL4,1.4384978774831185,6.196406281687372e-4,Up,0.5542989179455633,0.47898218022041833,NS,1.3017986447506136,0.012997835099267715,Up,2,SHARED C1 & C3
XM_005252658,1.4384978774831185,6.196406281687372e-4,Up,0.5542989179455633,0.47898218022041833,NS,1.3017986447506136,0.012997835099267715,Up,2,SHARED C1 & C3
XM_005252659,1.4384978774831185,6.196406281687372e-4,Up,0.5542989179455633,0.47898218022041833,NS,1.3017986447506136,0.012997835099267715,Up,2,SHARED C1 & C3
ECM2,1.7485422935051957,6.221425477760033e-4,Up,1.049369553665958,0.24617932474374601,NS,1.7813330951573247,0.0066154264030201144,Up,2,SHARED C1 & C3
RRAS,1.557161166622281,6.236322920693679e-4,Up,0.1700785478733433,0.877704556786898,NS,-0.7361927270556503,0.14872152527710125,NS,1,C1 SPECIFIC
TPD52,-1.5421747440138143,6.236322920693679e-4,Down,0.0032393972837043705,0.9978021523952461,NS,-0.4907437892716269,0.3292286305399988,NS,0,DOWN IN LIMBUS
CMKLR1,1.2609956048011446,6.274727261693389e-4,Up,0.49316222918951347,0.47015333666883946,NS,1.0997097328021095,0.015842816354231713,Up,2,SHARED C1 & C3
STARD13,1.0496161928228345,6.343927945680398e-4,Up,-0.29201234708836754,0.6225936228339994,NS,0.2370202636874783,0.5013208475005261,NS,1,C1 SPECIFIC
HECTD2,1.1248852607824693,6.343927945680398e-4,Up,-0.20846698901660687,0.7644240230812765,NS,0.7009997733586477,0.06412107759661141,NS,1,C1 SPECIFIC
XM_005269555,1.1248852607824693,6.343927945680398e-4,Up,-0.20846698901660687,0.7644240230812765,NS,0.7009997733586477,0.06412107759661141,NS,1,C1 SPECIFIC
LRRC8B,-1.2528465641753286,6.355940105184385e-4,Down,-0.06151649837396089,0.9525929652511005,NS,-0.23423288627725336,0.5841334142463405,NS,0,DOWN IN LIMBUS
AIF1L,1.569872232040244,6.389588556312911e-4,Up,-0.03125355698942567,0.9827973764980166,NS,0.6783040269497942,0.18427692032497786,NS,1,C1 SPECIFIC
MFSD4A,-2.4404538485419955,6.407286945248389e-4,Down,-0.7305241310591306,0.5878793187364874,NS,0.25874599021552225,0.773886186296065,NS,0,DOWN IN LIMBUS
SLC23A2,-1.2389008081621231,6.423597912069193e-4,Down,-0.3700602158966264,0.5892109065976312,NS,0.3302675628620797,0.42233873128645993,NS,0,DOWN IN LIMBUS
TBC1D1,1.0987115935499263,6.448489727620747e-4,Up,-0.03737459559799294,0.9686381030814004,NS,-0.6848753381689923,0.06495309525203234,NS,1,C1 SPECIFIC
NR_003191,2.681808366255849,6.470978898497252e-4,Up,0.04000245029474314,0.987967126207834,NS,1.645946505434889,0.06858962890121785,NS,1,C1 SPECIFIC
NR_045211,2.681808366255849,6.470978898497252e-4,Up,0.04000245029474314,0.987967126207834,NS,1.645946505434889,0.06858962890121785,NS,1,C1 SPECIFIC
ADAM28,2.204227039887982,6.584361987280249e-4,Up,-1.0081862744508445,0.3904383664008224,NS,-0.5394913781116584,0.4662798017563587,NS,1,C1 SPECIFIC
ADAM33,0.9602262236095704,6.631974690074141e-4,NS,0.30308620865614255,0.5686554957867495,NS,1.0533321750159494,0.00459154910230915,Up,1,C3 SPECIFIC
XM_006723643,0.9602262236095704,6.631974690074141e-4,NS,0.30308620865614255,0.5686554957867495,NS,1.0533321750159494,0.00459154910230915,Up,1,C3 SPECIFIC
SCOC-AS1,-1.1621638880969014,6.631974690074141e-4,Down,0.3200159624170462,0.6310692879915478,NS,-0.1914289358825929,0.6372579422807683,NS,0,DOWN IN LIMBUS
PDE3A,1.8341889927347577,6.631974690074141e-4,Up,1.1880095552093932,0.20980615586781068,NS,1.7171289727694918,0.01151955685919165,Up,2,SHARED C1 & C3
XM_006719086,1.8341889927347577,6.631974690074141e-4,Up,1.1880095552093932,0.20980615586781068,NS,1.7171289727694918,0.01151955685919165,Up,2,SHARED C1 & C3
CCDC88C,1.051796757188014,6.631974690074141e-4,Up,-0.8085809101631485,0.14107116345367698,NS,-1.2247673950290228,0.003226235433504312,Down,1,C1 SPECIFIC
XM_005267691,1.051796757188014,6.631974690074141e-4,Up,-0.8085809101631485,0.14107116345367698,NS,-1.2247673950290228,0.003226235433504312,Down,1,C1 SPECIFIC
LRRC2,1.1950733021102806,6.667533802387272e-4,Up,-0.2007764249088657,0.7967109269419406,NS,0.9903421027779076,0.02143899701931633,NS,1,C1 SPECIFIC
ITGB2,1.8084435072249034,6.737774618913838e-4,Up,0.17000377612237116,0.8994152731005421,NS,1.613888215146229,0.014879935933674428,Up,2,SHARED C1 & C3
TRIB2,1.7295280725711928,6.743340328162471e-4,Up,-0.1809887039860545,0.8857183682014649,NS,0.9566224094402642,0.0985182409391977,NS,1,C1 SPECIFIC
TRIM36,-2.7248179744620913,6.744525461847136e-4,Down,2.7376705939416643,0.0515721339160813,NS,1.4279331699847786,0.11574121247552618,NS,0,DOWN IN LIMBUS
SNTB2,1.07816562896691,6.763269442838347e-4,Up,0.3892707100469597,0.5170328950809125,NS,0.46232536224794973,0.19057066347843551,NS,1,C1 SPECIFIC
NR1D2,-1.0055922210863155,6.763269442838347e-4,Down,-0.10173293071370892,0.8908306771826756,NS,0.5224636793459707,0.1189857512703611,NS,0,DOWN IN LIMBUS
XM_005265639,-1.0055922210863155,6.763269442838347e-4,Down,-0.10173293071370892,0.8908306771826756,NS,0.5224636793459707,0.1189857512703611,NS,0,DOWN IN LIMBUS
CYSRT1,-1.2492246323728535,6.851626348469369e-4,Down,-0.1930719192621373,0.817131801501004,NS,-0.598107657047521,0.1489366426412024,NS,0,DOWN IN LIMBUS
PRICKLE1,1.9691490736917103,6.875765683949029e-4,Up,0.8585282884004117,0.41812770810088673,NS,1.3304373599957904,0.05031375812239048,NS,1,C1 SPECIFIC
LRP6,0.752390576154875,6.908920941002658e-4,NS,0.8203526527820504,0.03550560242091682,Up,0.9838975203406761,0.0015524561694015945,NS,1,C2 SPECIFIC
TTYH2,1.1690439896789933,6.937168838922689e-4,Up,0.2978063151808712,0.661882239919391,NS,1.1243620158207124,0.01014432714852725,Up,2,SHARED C1 & C3
TNFRSF10A,-0.936616371582379,6.954139876600677e-4,NS,-0.001122190880264995,0.9985763744678794,NS,-1.2596834716816945,0.0013275111437521415,Down,0,DOWN IN LIMBUS
PLXDC2,-1.8748811409865986,7.014671360920186e-4,Down,0.44312563899808755,0.6893376431912661,NS,-0.10851008066280166,0.885644430531563,NS,0,DOWN IN LIMBUS
ADAP1,-0.6773667941962742,7.032954716285634e-4,NS,-0.2855205983485618,0.43644147557736207,NS,-1.0127340604352195,6.663363788043853e-4,Down,0,DOWN IN LIMBUS
KLF15,1.3443022705160708,7.032965441507824e-4,Up,1.1970861162639723,0.09487715284705012,NS,1.5149619141413906,0.00406492031575374,Up,2,SHARED C1 & C3
XM_005247400,1.3443022705160708,7.032965441507824e-4,Up,1.1970861162639723,0.09487715284705012,NS,1.5149619141413906,0.00406492031575374,Up,2,SHARED C1 & C3
SIGLEC15,-1.9311296213359226,7.082373710925069e-4,Down,-0.5483644337176417,0.6204850138608334,NS,-1.2275390248628595,0.06334753275270864,NS,0,DOWN IN LIMBUS
OLFML3,2.3320602937072348,7.136891942575865e-4,Up,1.46265256815877,0.23227488462129717,NS,2.560657820797342,0.004846313576232175,Up,2,SHARED C1 & C3
EFEMP2,1.7820105486842674,7.140183701984502e-4,Up,0.40345038549851076,0.706413601994736,NS,0.7470815183053663,0.20282435040261523,NS,1,C1 SPECIFIC
NECTIN1,-0.9477388177856909,7.140183701984502e-4,NS,-0.3354012867152951,0.529488578546362,NS,-1.1727496085481848,0.002298420519693406,Down,0,DOWN IN LIMBUS
SYNM,1.7092345699119518,7.209205009111261e-4,Up,0.05017435235151524,0.9730855189820611,NS,1.2145830159355793,0.043102405613509594,Up,2,SHARED C1 & C3
GMFG,1.582261445482649,7.27908377270496e-4,Up,-0.33774766809438983,0.7249082811921442,NS,0.9844788349353157,0.0688284668805214,NS,1,C1 SPECIFIC
PAX3,1.9830287121526036,7.318151041693061e-4,Up,-0.18006690413600435,0.9049702199791786,NS,1.277164724138773,0.06111154429657987,NS,1,C1 SPECIFIC
MFAP3L,-1.5712154172458384,7.363630208683497e-4,Down,0.975939900437135,0.24028380042008785,NS,-0.27460131294132495,0.618612041113715,NS,0,DOWN IN LIMBUS
XM_005263368,-1.5712154172458384,7.363630208683497e-4,Down,0.975939900437135,0.24028380042008785,NS,-0.27460131294132495,0.618612041113715,NS,0,DOWN IN LIMBUS
BCKDHB,-0.8225012193270871,7.4075677499806e-4,NS,0.0738848941554675,0.9063136531401582,NS,1.1657878970836109,0.0010003036900882785,Up,1,C3 SPECIFIC
NUAK1,1.5855066296208333,7.513173534466276e-4,Up,0.3811334453957391,0.6856569214638686,NS,0.3735915618181691,0.4927087189534143,NS,1,C1 SPECIFIC
ANKRD20A11P,-1.4836942072968125,7.516724949670729e-4,Down,0.0848156110984224,0.9447573535757654,NS,-0.7270874500979385,0.14450097277077859,NS,0,DOWN IN LIMBUS
RNF19B,-1.4359960744058835,7.52264556894824e-4,Down,-0.19882318208820138,0.8439472583134896,NS,-0.23354049297687318,0.6473097747250799,NS,0,DOWN IN LIMBUS
PHLDA2,-1.281944846114003,7.548057728140481e-4,Down,-0.7676084015547531,0.26505123601666875,NS,-0.27830185534818774,0.5304308957837137,NS,0,DOWN IN LIMBUS
TYRP1,4.8231779093485105,7.570440007612115e-4,Up,0.09342869027275391,0.9837164688731675,NS,3.0581411086219905,0.0657330560072864,NS,1,C1 SPECIFIC
GCH1,1.9940735065556936,7.674854882500398e-4,Up,-0.6001107056918773,0.5971316514009698,NS,0.6142818580254792,0.35966363344359115,NS,1,C1 SPECIFIC
C10orf55,-1.00969907959407,7.689816741772894e-4,Down,-0.19579282777649487,0.759313089042425,NS,-1.0119951894460582,0.008666861099165835,Down,0,DOWN IN LIMBUS
RBP7,1.9413931765865104,7.701079418536696e-4,Up,0.2669400122189094,0.846896085604067,NS,-0.2718033427458382,0.7026023517104367,NS,1,C1 SPECIFIC
EPHA1,-1.3435025101728284,7.748545723084525e-4,Down,-1.2330805155844518,0.08828830854835298,NS,-1.3541387875302817,0.008455453821794398,Down,0,DOWN IN LIMBUS
ANKRD20A8P,-2.0182670942347825,7.837476266584188e-4,Down,-0.010783784105070193,0.9955003767170795,NS,0.918860396695858,0.1743438724840253,NS,0,DOWN IN LIMBUS
PPARGC1A,1.9655106343741484,7.895727795335974e-4,Up,-0.2884575521028827,0.8321320016211174,NS,1.3219359468600684,0.054543723133159465,NS,1,C1 SPECIFIC
TRIM63,1.362172945141614,7.921154222913995e-4,Up,0.0017255681989167826,0.9984860509572454,NS,1.059197130176492,0.03151262210005125,Up,2,SHARED C1 & C3
ARID5B,1.3157899519474512,7.981679738557885e-4,Up,0.2943648723283747,0.7157496445710192,NS,1.934390833500002,8.343906528121199e-4,Up,2,SHARED C1 & C3
ADA,1.2602857701413983,7.981679738557885e-4,Up,0.3170797146823636,0.6708814463556745,NS,-0.42072649885795954,0.32136224472135405,NS,1,C1 SPECIFIC
CMAHP,2.0771139572636947,8.09361125878219e-4,Up,-0.37674596350458067,0.7807214470583294,NS,1.5552289232894045,0.03708129213165683,Up,2,SHARED C1 & C3
TMEM30B,-1.2076843121498673,8.098415604440583e-4,Down,-0.7060161727510721,0.2794581438836414,NS,-0.4510301037994804,0.26483230462266594,NS,0,DOWN IN LIMBUS
CEP68,1.3146330318924875,8.103788208736844e-4,Up,-0.26638258048278907,0.7474615762994746,NS,0.9337198369260609,0.04545732690217531,NS,1,C1 SPECIFIC
XM_005264219,1.3146330318924875,8.103788208736844e-4,Up,-0.26638258048278907,0.7474615762994746,NS,0.9337198369260609,0.04545732690217531,NS,1,C1 SPECIFIC
CNR1,1.0878845122044334,8.111822033576254e-4,Up,0.2236839699380635,0.7428545128263625,NS,0.5778165273870561,0.11913288146866821,NS,1,C1 SPECIFIC
SYTL5,1.7554826595505144,8.196683394000626e-4,Up,-1.0041754664438551,0.29068503420006975,NS,-0.9038927778349484,0.12970287028531816,NS,1,C1 SPECIFIC
PCSK2,2.1500468695641666,8.196683394000626e-4,Up,0.18314309056423372,0.9138435603661155,NS,1.5306400828388371,0.04533173485062552,Up,2,SHARED C1 & C3
HOXD8,1.3046506443366939,8.204093038748556e-4,Up,-0.2694544564935031,0.7418563693238046,NS,0.7115399137997569,0.11029103959289124,NS,1,C1 SPECIFIC
TOX3,2.2698788868453104,8.258270169612833e-4,Up,0.2018309131796414,0.9096655734075145,NS,1.5377629317572237,0.05429218365862077,NS,1,C1 SPECIFIC
XM_005255893,2.2698788868453104,8.258270169612833e-4,Up,0.2018309131796414,0.9096655734075145,NS,1.5377629317572237,0.05429218365862077,NS,1,C1 SPECIFIC
NRG1,-1.9648087209976595,8.349631523617184e-4,Down,-0.3831886510583802,0.7611183856397994,NS,-1.711016219793212,0.019235923456245026,Down,0,DOWN IN LIMBUS
XM_005273485,-1.9648087209976595,8.349631523617184e-4,Down,-0.3831886510583802,0.7611183856397994,NS,-1.711016219793212,0.019235923456245026,Down,0,DOWN IN LIMBUS
GNB5,-1.0112754949328329,8.354078567590145e-4,Down,0.009730248546540032,0.9921043892810896,NS,-0.355888163850425,0.29672288518350076,NS,0,DOWN IN LIMBUS
SHISA2,1.4515320337814974,8.371155316325859e-4,Up,0.04690355788747169,0.9707468692814667,NS,0.0977856720988175,0.8679238117612758,NS,1,C1 SPECIFIC
SAMSN1,1.7891273401566132,8.432578077696565e-4,Up,-0.558618563321513,0.5866728022875781,NS,1.2591635142581765,0.047914980143381414,Up,2,SHARED C1 & C3
CCM2L,1.5673215287321636,8.462711575523657e-4,Up,0.06407892827025741,0.961438722025245,NS,1.2340246344594972,0.031097945333598824,Up,2,SHARED C1 & C3
XM_006723706,1.5673215287321636,8.462711575523657e-4,Up,0.06407892827025741,0.961438722025245,NS,1.2340246344594972,0.031097945333598824,Up,2,SHARED C1 & C3
SLC26A4,2.21514922729172,8.477375763445035e-4,Up,2.388225793087103,0.04111482583065153,Up,0.9678279472796341,0.19447058643532975,NS,2,SHARED C1 & C2
XM_005250425,2.21514922729172,8.477375763445035e-4,Up,2.388225793087103,0.04111482583065153,Up,0.9678279472796341,0.19447058643532975,NS,2,SHARED C1 & C2
XM_006716024,2.21514922729172,8.477375763445035e-4,Up,2.388225793087103,0.04111482583065153,Up,0.9678279472796341,0.19447058643532975,NS,2,SHARED C1 & C2
XM_006716025,2.21514922729172,8.477375763445035e-4,Up,2.388225793087103,0.04111482583065153,Up,0.9678279472796341,0.19447058643532975,NS,2,SHARED C1 & C2
MS4A4A,3.639979899663306,8.50251701984617e-4,Up,-0.9908918519086516,0.6468332049424975,NS,2.6045598168869137,0.04531552247570269,Up,2,SHARED C1 & C3
USP45,-1.2704370587651157,8.532513179000981e-4,Down,0.03832566533064341,0.9730855189820611,NS,-0.663139078709805,0.1266931236867221,NS,0,DOWN IN LIMBUS
XM_005267175,-1.2704370587651157,8.532513179000981e-4,Down,0.03832566533064341,0.9730855189820611,NS,-0.663139078709805,0.1266931236867221,NS,0,DOWN IN LIMBUS
SEMA3A,2.1127063242623976,8.551595596510906e-4,Up,-0.715217712181035,0.5558728608095119,NS,-1.5865449756950172,0.03771401814848803,Down,1,C1 SPECIFIC
XM_005250111,2.1127063242623976,8.551595596510906e-4,Up,-0.715217712181035,0.5558728608095119,NS,-1.5865449756950172,0.03771401814848803,Down,1,C1 SPECIFIC
MAGI3,-1.0336264941533555,8.587814192179973e-4,Down,-0.22035666356380013,0.7323765471998118,NS,-0.3280498158450351,0.3515939439887925,NS,0,DOWN IN LIMBUS
STARD10,-0.8818340057930643,8.616695855624144e-4,NS,-0.24648281802629501,0.6373913517295889,NS,-1.0745541368272713,0.002974936819108228,Down,0,DOWN IN LIMBUS
ELK3,1.0142381333358195,8.669432208458246e-4,Up,-0.06172865881514866,0.941310434643258,NS,-0.5228404973904102,0.13183020226166461,NS,1,C1 SPECIFIC
NETO2,1.5618603467174386,8.669432208458246e-4,Up,-0.2546249982588895,0.8117383787235403,NS,-1.5405287018352851,0.010272098720144403,Down,1,C1 SPECIFIC
ZNF57,-1.2887577056170514,8.686298467968919e-4,Down,-0.5139596762929237,0.48420705532182395,NS,0.23085211117361837,0.6172803907832581,NS,0,DOWN IN LIMBUS
UNC5B,-1.0671131958667601,8.688937822936267e-4,Down,0.07153497591690261,0.9334453337827331,NS,0.17234415827440497,0.6567016509020633,NS,0,DOWN IN LIMBUS
ALS2CL,-1.1249667362790952,8.708590333813135e-4,Down,0.5344529683444383,0.38987401797752036,NS,-0.580834739759224,0.13162621431723312,NS,0,DOWN IN LIMBUS
XR_427264,-1.1249667362790952,8.708590333813135e-4,Down,0.5344529683444383,0.38987401797752036,NS,-0.580834739759224,0.13162621431723312,NS,0,DOWN IN LIMBUS
MATN3,1.1179567068724134,8.708590333813135e-4,Up,0.25442367525902077,0.7142827791185156,NS,-0.3883773960638566,0.3065296207278103,NS,1,C1 SPECIFIC
ARHGAP6,2.3870495775904947,8.708590333813135e-4,Up,-0.9146900223369974,0.5083127762198097,NS,1.4046415285188658,0.08990885050395862,NS,1,C1 SPECIFIC
XM_005274506,2.3870495775904947,8.708590333813135e-4,Up,-0.9146900223369974,0.5083127762198097,NS,1.4046415285188658,0.08990885050395862,NS,1,C1 SPECIFIC
RAET1E,-1.409059938298146,8.708590333813135e-4,Down,-0.2199737064692826,0.8223548631692825,NS,-0.03552781919063008,0.9526697255997247,NS,0,DOWN IN LIMBUS
KCNJ13,2.0114456314963602,8.734825237466764e-4,Up,0.5035341053337943,0.6779019430296235,NS,1.5999848395149163,0.030330576830953884,Up,2,SHARED C1 & C3
HSPA12B,1.3389134683649457,8.734825237466764e-4,Up,0.25251440027405536,0.7724494199222358,NS,1.1542565010630215,0.02102921653472656,Up,2,SHARED C1 & C3
XM_005260657,1.3389134683649457,8.734825237466764e-4,Up,0.25251440027405536,0.7724494199222358,NS,1.1542565010630215,0.02102921653472656,Up,2,SHARED C1 & C3
XM_005260658,1.3389134683649457,8.734825237466764e-4,Up,0.25251440027405536,0.7724494199222358,NS,1.1542565010630215,0.02102921653472656,Up,2,SHARED C1 & C3
RIPK4,-1.5515564384511844,8.734825237466764e-4,Down,-0.36096097630539603,0.7055428422574606,NS,-0.6161236855696686,0.2400027539568633,NS,0,DOWN IN LIMBUS
TMPRSS4,-1.8056067490915382,8.762718308763273e-4,Down,-0.5956572227205168,0.566812453888865,NS,-2.146568900475943,0.003468442371508281,Down,0,DOWN IN LIMBUS
XM_006718883,-1.8056067490915382,8.762718308763273e-4,Down,-0.5956572227205168,0.566812453888865,NS,-2.146568900475943,0.003468442371508281,Down,0,DOWN IN LIMBUS
XM_006718884,-1.8056067490915382,8.762718308763273e-4,Down,-0.5956572227205168,0.566812453888865,NS,-2.146568900475943,0.003468442371508281,Down,0,DOWN IN LIMBUS
CLTRN,-2.097897164897968,8.809439783934553e-4,Down,-0.24694975318151968,0.8751631726470658,NS,-1.7598390173603802,0.024043757823678246,Down,0,DOWN IN LIMBUS
GIMAP8,2.3275761940270767,8.831395257343218e-4,Up,-0.7970929866377645,0.5543367700728554,NS,1.4963968350015833,0.06708382356493893,NS,1,C1 SPECIFIC
XM_005249951,2.3275761940270767,8.831395257343218e-4,Up,-0.7970929866377645,0.5543367700728554,NS,1.4963968350015833,0.06708382356493893,NS,1,C1 SPECIFIC
COL24A1,1.2290244299666733,8.88148619082548e-4,Up,1.2706650238867754,0.053142079191138794,NS,1.1826255381079975,0.012251968219860859,Up,2,SHARED C1 & C3
SLC47A1,1.2822882622697351,8.926992035060883e-4,Up,0.918333344935057,0.18347927542852188,NS,1.3528016243366832,0.007220533373160309,Up,2,SHARED C1 & C3
TAGAP,1.6067252813378388,8.956551823500953e-4,Up,-0.5761167019087905,0.538504455111316,NS,0.9011415750427996,0.1057944881407052,NS,1,C1 SPECIFIC
PTN,2.914166824287155,8.956551823500953e-4,Up,2.234311763313376,0.16244521763889622,NS,3.1479156445542493,0.00619255670492935,Up,2,SHARED C1 & C3
XM_005250515,2.914166824287155,8.956551823500953e-4,Up,2.234311763313376,0.16244521763889622,NS,3.1479156445542493,0.00619255670492935,Up,2,SHARED C1 & C3
SEMA3G,1.9464688010092224,8.956551823500953e-4,Up,0.0879492172695695,0.9584904129930242,NS,1.4742226017371571,0.03751584269612172,Up,2,SHARED C1 & C3
XM_005265327,1.9464688010092224,8.956551823500953e-4,Up,0.0879492172695695,0.9584904129930242,NS,1.4742226017371571,0.03751584269612172,Up,2,SHARED C1 & C3
GIMAP1-GIMAP5,1.7003259918403444,8.956551823500953e-4,Up,-0.06515946911534343,0.965157258723958,NS,1.2340470525230058,0.04423199183305881,Up,2,SHARED C1 & C3
GIMAP5,1.7003259918403444,8.956551823500953e-4,Up,-0.06515946911534343,0.965157258723958,NS,1.2340470525230058,0.04423199183305881,Up,2,SHARED C1 & C3
MACC1,-2.202590078188173,8.956551823500953e-4,Down,-1.0248071436561705,0.40378706191226654,NS,-2.6828806474266775,0.0031257429862604994,Down,0,DOWN IN LIMBUS
ZNF703,1.5718682353227802,9.020904146167019e-4,Up,-0.00896629851022368,0.9955003767170795,NS,1.2827104388939334,0.027699348765243194,Up,2,SHARED C1 & C3
KLF2,2.1440605850758176,9.04129381004477e-4,Up,0.5021391860828572,0.70515936208275,NS,2.1546463142034415,0.009680342053792179,Up,2,SHARED C1 & C3
LYPLAL1,-1.1143977719842422,9.050143779797648e-4,Down,-0.03531377739423114,0.9719780065981138,NS,0.17418948045240867,0.6711582673805507,NS,0,DOWN IN LIMBUS
XM_005273048,-1.1143977719842422,9.050143779797648e-4,Down,-0.03531377739423114,0.9719780065981138,NS,0.17418948045240867,0.6711582673805507,NS,0,DOWN IN LIMBUS
FMO2,2.7144547460889425,9.078133857979143e-4,Up,0.9768788226977119,0.538504455111316,NS,0.5598792784179896,0.5642683610499721,NS,1,C1 SPECIFIC
SLC52A3,-1.077864172280968,9.08733461988594e-4,Down,-0.8019011183581624,0.17278733156718173,NS,-1.072546512870658,0.010224430240715277,Down,0,DOWN IN LIMBUS
CRLF1,-1.5023597914467803,9.103618342208165e-4,Down,1.3655759270645484,0.09789533791216233,NS,0.0987299174341576,0.8738430171326912,NS,0,DOWN IN LIMBUS
XM_006722934,-1.5023597914467803,9.103618342208165e-4,Down,1.3655759270645484,0.09789533791216233,NS,0.0987299174341576,0.8738430171326912,NS,0,DOWN IN LIMBUS
PLCXD2,-1.1043496531626786,9.103618342208165e-4,Down,-0.3653119215695275,0.5685114731979407,NS,-0.5724147926088285,0.13291514455570735,NS,0,DOWN IN LIMBUS
FAM83A,-1.230481465344326,9.103618342208165e-4,Down,-0.030584465094603885,0.9791165997647151,NS,-1.582574437255973,0.002214865062113039,Down,0,DOWN IN LIMBUS
REV3L,0.7980033355001446,9.103618342208165e-4,NS,-0.12737630272674672,0.8187535959477001,NS,1.145992377768228,0.0010986232324334529,Up,1,C3 SPECIFIC
XM_005267091,0.7980033355001446,9.103618342208165e-4,NS,-0.12737630272674672,0.8187535959477001,NS,1.145992377768228,0.0010986232324334529,Up,1,C3 SPECIFIC
XM_006721749,-1.300945858599845,9.108469499794295e-4,Down,-0.3289390579268989,0.6771925046419941,NS,-0.7792170129591733,0.08718076094346588,NS,0,DOWN IN LIMBUS
S100A9,4.0665236066069665,9.193854444006647e-4,Up,-1.6735443834376067,0.4710790601056835,NS,-0.22966687634269967,0.8928702059035419,NS,1,C1 SPECIFIC
DNAI3,1.5833054954408592,9.216753470598908e-4,Up,0.17879630163734817,0.8813689150599041,NS,0.944146774888738,0.08896221248756256,NS,1,C1 SPECIFIC
XM_005270438,1.5833054954408592,9.216753470598908e-4,Up,0.17879630163734817,0.8813689150599041,NS,0.944146774888738,0.08896221248756256,NS,1,C1 SPECIFIC
OTUB2,-1.231036082818978,9.225085482350843e-4,Down,-0.3062600595077791,0.6835531099119678,NS,-1.4085696268845576,0.004664361928076086,Down,0,DOWN IN LIMBUS
H2AJ,1.3337660197292118,9.237385990335238e-4,Up,0.6342857431767239,0.39310578715507616,NS,0.8692477936091443,0.06574835390835117,NS,1,C1 SPECIFIC
GCNT2,1.4004769406848032,9.25284339116574e-4,Up,-0.22046243422119804,0.8223548631692825,NS,-0.5938162247602747,0.21350924595251022,NS,1,C1 SPECIFIC
XM_006715053,1.4004769406848032,9.25284339116574e-4,Up,-0.22046243422119804,0.8223548631692825,NS,-0.5938162247602747,0.21350924595251022,NS,1,C1 SPECIFIC
XM_006715054,1.4004769406848032,9.25284339116574e-4,Up,-0.22046243422119804,0.8223548631692825,NS,-0.5938162247602747,0.21350924595251022,NS,1,C1 SPECIFIC
ANKRD44,1.289353860505205,9.264795582425695e-4,Up,0.29090156788641863,0.7207831977702975,NS,1.13400159007539,0.019883090081020658,Up,2,SHARED C1 & C3
RGS10,1.0029426733176567,9.296364638926177e-4,Up,-0.4067510942150854,0.4819695895613223,NS,-0.3976571332100587,0.24556457891671976,NS,1,C1 SPECIFIC
GIMAP1,1.9928002116742265,9.29849476300516e-4,Up,-0.5199859606114519,0.6673291924217083,NS,1.3754485195436459,0.054256050101410006,NS,1,C1 SPECIFIC
KLHL13,3.1665899759247877,9.29849476300516e-4,Up,-1.1443879790894833,0.538504455111316,NS,1.4086552084313038,0.1931025496851249,NS,1,C1 SPECIFIC
ELMO1,1.8428454975985433,9.344424747588068e-4,Up,0.6350828564714863,0.5549361349057302,NS,1.4317946461777558,0.034744458576046716,Up,2,SHARED C1 & C3
XM_005249920,1.8428454975985433,9.344424747588068e-4,Up,0.6350828564714863,0.5549361349057302,NS,1.4317946461777558,0.034744458576046716,Up,2,SHARED C1 & C3
ARHGAP44,-1.465412201895444,9.38411770573401e-4,Down,0.10133499994253459,0.9318604855278072,NS,-0.6682099618913293,0.18378027079290557,NS,0,DOWN IN LIMBUS
CHRD,0.8242519097315002,9.410626896038858e-4,NS,0.8264111402888714,0.06661084001908026,NS,1.0205469093342145,0.002934202329173339,Up,1,C3 SPECIFIC
LOXL2,1.96617215143951,9.410626896038858e-4,Up,0.20434846200534995,0.894030917557908,NS,-0.5291165945603433,0.4439549779304581,NS,1,C1 SPECIFIC
MELTF,1.0824668124724877,9.410626896038858e-4,Up,0.0809665774405639,0.9263059377877105,NS,-0.3781529022071064,0.3098678641658916,NS,1,C1 SPECIFIC
XM_006713642,1.0824668124724877,9.410626896038858e-4,Up,0.0809665774405639,0.9263059377877105,NS,-0.3781529022071064,0.3098678641658916,NS,1,C1 SPECIFIC
XM_006713644,1.0824668124724877,9.410626896038858e-4,Up,0.0809665774405639,0.9263059377877105,NS,-0.3781529022071064,0.3098678641658916,NS,1,C1 SPECIFIC
AK7,-1.097840427765644,9.470938343020776e-4,Down,-0.39710110891427686,0.538520921556572,NS,-0.5243970392288553,0.1667820266415533,NS,0,DOWN IN LIMBUS
TMEM38B,1.131514527624045,9.479155131887826e-4,Up,0.3665561328349334,0.5782206283729627,NS,0.24748221998998954,0.5415565028952479,NS,1,C1 SPECIFIC
XM_005252076,1.131514527624045,9.479155131887826e-4,Up,0.3665561328349334,0.5782206283729627,NS,0.24748221998998954,0.5415565028952479,NS,1,C1 SPECIFIC
XR_428531,1.131514527624045,9.479155131887826e-4,Up,0.3665561328349334,0.5782206283729627,NS,0.24748221998998954,0.5415565028952479,NS,1,C1 SPECIFIC
IL4R,1.0593757339458536,9.479155131887826e-4,Up,-0.37317105917387927,0.5478943806336491,NS,-0.9452680177584689,0.01887262657074395,NS,1,C1 SPECIFIC
XM_005255309,1.0593757339458536,9.479155131887826e-4,Up,-0.37317105917387927,0.5478943806336491,NS,-0.9452680177584689,0.01887262657074395,NS,1,C1 SPECIFIC
XM_006721043,1.0593757339458536,9.479155131887826e-4,Up,-0.37317105917387927,0.5478943806336491,NS,-0.9452680177584689,0.01887262657074395,NS,1,C1 SPECIFIC
TIE1,1.4253457074210463,9.494455983779463e-4,Up,-0.22516581418072867,0.8225124048145537,NS,1.0758166356276577,0.03950037485151351,Up,2,SHARED C1 & C3
XM_005271164,1.4253457074210463,9.494455983779463e-4,Up,-0.22516581418072867,0.8225124048145537,NS,1.0758166356276577,0.03950037485151351,Up,2,SHARED C1 & C3
RASSF9,-1.1890595655268719,9.507905888976266e-4,Down,0.45754079223360034,0.5120029199476603,NS,0.05005245804492553,0.9221666049547439,NS,0,DOWN IN LIMBUS
MUC15,-2.7290704879319154,9.536682415123939e-4,Down,-0.7758160880898997,0.6373780562091491,NS,-0.3758151581050262,0.7188364799813077,NS,0,DOWN IN LIMBUS
CTSZ,1.49145657845005,9.536682415123939e-4,Up,0.5610984163583836,0.518605027897249,NS,0.018666142193495716,0.9777337841744441,NS,1,C1 SPECIFIC
AIF1,1.7424217870540897,9.539352040037905e-4,Up,-0.27072494597102903,0.8260414863903855,NS,1.2347384814054365,0.05001437578875334,NS,1,C1 SPECIFIC
XM_005274925,1.7424217870540897,9.539352040037905e-4,Up,-0.27072494597102903,0.8260414863903855,NS,1.2347384814054365,0.05001437578875334,NS,1,C1 SPECIFIC
XM_005275356,1.7424217870540897,9.539352040037905e-4,Up,-0.27072494597102903,0.8260414863903855,NS,1.2347384814054365,0.05001437578875334,NS,1,C1 SPECIFIC
C3AR1,1.9158637020314258,9.546366939949734e-4,Up,-0.028962006944634133,0.9884308228940822,NS,1.3533515604892203,0.05049624730038005,NS,1,C1 SPECIFIC
SOAT1,1.552386144438496,9.563146015041249e-4,Up,-0.5759782581375106,0.526187037809044,NS,-0.33722913282870337,0.5454613833095863,NS,1,C1 SPECIFIC
DBP,-1.1270398598334168,9.590341578463454e-4,Down,-0.053035936580017484,0.9576874323854976,NS,0.18951674687259867,0.6476130893302532,NS,0,DOWN IN LIMBUS
NKAIN2,-1.7844200732639157,9.608766496777602e-4,Down,0.669763452985868,0.5199528841385026,NS,0.13251762669730827,0.8561126034136182,NS,0,DOWN IN LIMBUS
XM_005266834,-1.7844200732639157,9.608766496777602e-4,Down,0.669763452985868,0.5199528841385026,NS,0.13251762669730827,0.8561126034136182,NS,0,DOWN IN LIMBUS
VLDLR,1.7168992927409086,9.63707713303717e-4,Up,0.91726135199628,0.3333943133383488,NS,0.6717608316240256,0.25480006801334487,NS,1,C1 SPECIFIC
PMEL,2.3087339082753493,9.64272316022519e-4,Up,-0.4737525774527338,0.751791922735089,NS,0.3839745979784084,0.6520286785993102,NS,1,C1 SPECIFIC
XM_006719568,2.3087339082753493,9.64272316022519e-4,Up,-0.4737525774527338,0.751791922735089,NS,0.3839745979784084,0.6520286785993102,NS,1,C1 SPECIFIC
CAVIN3,1.422649461250181,9.656028209298477e-4,Up,0.17138585544112317,0.8735751197095963,NS,0.09494293452216063,0.8729446962269274,NS,1,C1 SPECIFIC
ZNF667-AS1,-0.7812649605404935,9.660611977810292e-4,NS,0.4602289462080851,0.2884200786870729,NS,1.2779451708208267,5.282411124755792e-4,Up,1,C3 SPECIFIC
PTPN22,1.698443053775481,9.699979446081356e-4,Up,1.3960149706722742,0.13391202672253927,NS,0.5191837223870843,0.38146195141375155,NS,1,C1 SPECIFIC
MCF2L,1.2509540417253353,9.749831953029217e-4,Up,0.2615852525904545,0.7461393295816617,NS,0.9486332092026073,0.039377594681585186,NS,1,C1 SPECIFIC
XM_005268307,1.2509540417253353,9.749831953029217e-4,Up,0.2615852525904545,0.7461393295816617,NS,0.9486332092026073,0.039377594681585186,NS,1,C1 SPECIFIC
XM_005268309,1.2509540417253353,9.749831953029217e-4,Up,0.2615852525904545,0.7461393295816617,NS,0.9486332092026073,0.039377594681585186,NS,1,C1 SPECIFIC
XM_005268313,1.2509540417253353,9.749831953029217e-4,Up,0.2615852525904545,0.7461393295816617,NS,0.9486332092026073,0.039377594681585186,NS,1,C1 SPECIFIC
XM_006719968,1.2509540417253353,9.749831953029217e-4,Up,0.2615852525904545,0.7461393295816617,NS,0.9486332092026073,0.039377594681585186,NS,1,C1 SPECIFIC
C1orf115,1.252013562621114,9.78763320222373e-4,Up,-0.5015192230535916,0.49374832324548557,NS,0.4284948494014911,0.32421001782841113,NS,1,C1 SPECIFIC
BHLHE22,1.3978311466100797,9.797580001164614e-4,Up,0.7617711182897633,0.3254041964294859,NS,1.148723010535627,0.028418007808420867,Up,2,SHARED C1 & C3
CYGB,1.3217766174058898,9.845262094911726e-4,Up,0.40773215034358845,0.60193011922544,NS,1.0418738769746039,0.03395377195305596,Up,2,SHARED C1 & C3
CADM1,-1.5794081140022307,9.876829380772833e-4,Down,0.9784436475464684,0.2651421940504688,NS,-0.10558940682043794,0.873126515516951,NS,0,DOWN IN LIMBUS
FGD5,1.1872478130861275,9.919546895355367e-4,Up,-0.2632119315755146,0.7276438959093331,NS,0.80510282256654,0.059267852541165796,NS,1,C1 SPECIFIC
TGFBI,-0.9672683489750895,9.951286625698387e-4,NS,1.1327413536081785,0.03243088929809399,Up,0.3640302075043902,0.2763079521681323,NS,1,C2 SPECIFIC
PLEKHG6,-1.02476359161615,9.993962802583869e-4,Down,-0.17212403952637612,0.8104870813516791,NS,-0.5675821602893922,0.11521960514424116,NS,0,DOWN IN LIMBUS
XM_005253704,-1.02476359161615,9.993962802583869e-4,Down,-0.17212403952637612,0.8104870813516791,NS,-0.5675821602893922,0.11521960514424116,NS,0,DOWN IN LIMBUS
XM_005253705,-1.02476359161615,9.993962802583869e-4,Down,-0.17212403952637612,0.8104870813516791,NS,-0.5675821602893922,0.11521960514424116,NS,0,DOWN IN LIMBUS
MRAS,1.1591149928741373,0.0010001671558010506,Up,0.6524417826437618,0.31033616803081276,NS,1.0881938562981226,0.015216576250782845,Up,2,SHARED C1 & C3
BCL2L11,-1.556092536749432,0.0010012058428990778,Down,-0.3044267396415501,0.7681014177057226,NS,0.27691542467096486,0.6292016909792104,NS,0,DOWN IN LIMBUS
XM_005263550,-1.556092536749432,0.0010012058428990778,Down,-0.3044267396415501,0.7681014177057226,NS,0.27691542467096486,0.6292016909792104,NS,0,DOWN IN LIMBUS
TACR1,1.2056866383747318,0.0010063947546263383,Up,0.06691695105502138,0.9498278539104396,NS,0.9515232820826869,0.03413405278523294,NS,1,C1 SPECIFIC
RHPN2,-1.1688850973758935,0.001010402527723375,Down,-0.8188401393371816,0.2006015604594486,NS,-1.069826569032311,0.017252041246455525,Down,0,DOWN IN LIMBUS
LHFPL6,1.1360744301492751,0.001022729904588367,Up,0.8346666179708215,0.17927590792050202,NS,1.7740969956179526,7.183498912680555e-4,Up,2,SHARED C1 & C3
XM_006719750,1.1360744301492751,0.001022729904588367,Up,0.8346666179708215,0.17927590792050202,NS,1.7740969956179526,7.183498912680555e-4,Up,2,SHARED C1 & C3
COL5A1,1.659609941023822,0.001026574341252295,Up,1.065176661691404,0.2473752266411147,NS,1.6853415366999744,0.010114928333496679,Up,2,SHARED C1 & C3
C2orf88,1.0695592867412387,0.0010277652426677853,Up,-0.05899618990696265,0.9504885966810994,NS,0.8220900556365871,0.03840251400869126,NS,1,C1 SPECIFIC
GMPR,1.2181027527255086,0.0010315335916896025,Up,0.28109016054712654,0.7176539295393023,NS,1.5528623169863707,0.002671065691383053,Up,2,SHARED C1 & C3
ARK2N,-0.9078303732612651,0.0010359420854581232,NS,-0.6688345836634673,0.17927590792050202,NS,-1.116181705983414,0.003328734078307494,Down,0,DOWN IN LIMBUS
GUCA1B,-1.3566324039076045,0.0010365558712417352,Down,0.047157308705283896,0.969495226754729,NS,-0.571261717871927,0.22395201757221558,NS,0,DOWN IN LIMBUS
PTPRM,1.5973084564003308,0.001041684295624534,Up,0.7976836626912451,0.37658196035847036,NS,1.4808662321693848,0.016448274585792157,Up,2,SHARED C1 & C3
XM_006722338,1.5973084564003308,0.001041684295624534,Up,0.7976836626912451,0.37658196035847036,NS,1.4808662321693848,0.016448274585792157,Up,2,SHARED C1 & C3
C4A,0.9855038786348764,0.0010428363762628682,NS,0.5532603356868719,0.3148147550353207,NS,1.007205808557674,0.00986186507581826,Up,1,C3 SPECIFIC
C4B,0.9855038786348764,0.0010428363762628682,NS,0.5532603356868719,0.3148147550353207,NS,1.007205808557674,0.00986186507581826,Up,1,C3 SPECIFIC
C4B_2,0.9855038786348764,0.0010428363762628682,NS,0.5532603356868719,0.3148147550353207,NS,1.007205808557674,0.00986186507581826,Up,1,C3 SPECIFIC
ADGRF4,-1.4763989599832108,0.0010452415087299765,Down,0.22664242155426706,0.8312993733891758,NS,-0.7945175875070225,0.12663163248994178,NS,0,DOWN IN LIMBUS
CDC42EP3,1.5698109148924377,0.0010457927505941444,Up,0.6309289363965807,0.4964080259108351,NS,0.753948416861153,0.16949141228147688,NS,1,C1 SPECIFIC
PANX1,-1.2742562591673154,0.0010514896453469335,Down,0.3459693102376171,0.6599118143032238,NS,-0.7565262794106191,0.09559033484104948,NS,0,DOWN IN LIMBUS
XM_005273863,-1.2742562591673154,0.0010514896453469335,Down,0.3459693102376171,0.6599118143032238,NS,-0.7565262794106191,0.09559033484104948,NS,0,DOWN IN LIMBUS
LIMK2,-0.8003348811430442,0.0010531339480802056,NS,-0.5124473509644627,0.2519889236911315,NS,-1.1744876870828875,0.0010986232324334529,Down,0,DOWN IN LIMBUS
ZFP2,-1.068912118389032,0.0010583216605901716,Down,0.18796767162324546,0.8015052943729227,NS,-0.32754769955760565,0.38601333470024835,NS,0,DOWN IN LIMBUS
PRTFDC1,1.060499183243862,0.001059771494337011,Up,-0.5481649115963751,0.3624158070057386,NS,-0.04944967167081238,0.9149619601188628,NS,1,C1 SPECIFIC
XM_005252537,1.060499183243862,0.001059771494337011,Up,-0.5481649115963751,0.3624158070057386,NS,-0.04944967167081238,0.9149619601188628,NS,1,C1 SPECIFIC
XM_006717480,1.060499183243862,0.001059771494337011,Up,-0.5481649115963751,0.3624158070057386,NS,-0.04944967167081238,0.9149619601188628,NS,1,C1 SPECIFIC
SYTL2,1.7149380017032243,0.001064997679816919,Up,-1.1053077606795956,0.2475335066222922,NS,-0.5842742129858713,0.3315962256008696,NS,1,C1 SPECIFIC
NR_048553,-0.9565622426136065,0.0010681549604975554,NS,-0.2962949441082028,0.6047898832694534,NS,-1.0298400674830122,0.007459440968357691,Down,0,DOWN IN LIMBUS
TOP6BL,-0.9565622426136065,0.0010681549604975554,NS,-0.2962949441082028,0.6047898832694534,NS,-1.0298400674830122,0.007459440968357691,Down,0,DOWN IN LIMBUS
ERCC6,-1.2482498592503486,0.001082033571667408,Down,0.7927500866370591,0.2588416993711735,NS,0.3593107691734758,0.418714448970116,NS,0,DOWN IN LIMBUS
PGBD3,-1.2482498592503486,0.001082033571667408,Down,0.7927500866370591,0.2588416993711735,NS,0.3593107691734758,0.418714448970116,NS,0,DOWN IN LIMBUS
APBB2,1.5399117559390536,0.0010905788560851546,Up,0.5137743275868347,0.5730653540587388,NS,0.8509027431815044,0.12000760115527583,NS,1,C1 SPECIFIC
XM_006714007,1.5399117559390536,0.0010905788560851546,Up,0.5137743275868347,0.5730653540587388,NS,0.8509027431815044,0.12000760115527583,NS,1,C1 SPECIFIC
FGFR1,1.6780947344145343,0.0010910549239179434,Up,0.9625108428026232,0.3079979624326673,NS,1.9402221477351835,0.00499693368659804,Up,2,SHARED C1 & C3
XM_006716305,1.6780947344145343,0.0010910549239179434,Up,0.9625108428026232,0.3079979624326673,NS,1.9402221477351835,0.00499693368659804,Up,2,SHARED C1 & C3
RALGPS1,-1.098849003436758,0.0010910549239179434,Down,-0.5269899823931734,0.4032520535402809,NS,-0.1501944506617976,0.7259418901715613,NS,0,DOWN IN LIMBUS
LYPD1,-1.3050945679006052,0.0010982270173708953,Down,0.1327244324534531,0.8981045043059015,NS,0.26685574804273493,0.5798923695900522,NS,0,DOWN IN LIMBUS
PRKG1,1.7883006812206323,0.0011013208781909915,Up,0.7826294302914025,0.450271046308491,NS,1.6518625724590388,0.01744919899333042,Up,2,SHARED C1 & C3
XM_005269972,1.7883006812206323,0.0011013208781909915,Up,0.7826294302914025,0.450271046308491,NS,1.6518625724590388,0.01744919899333042,Up,2,SHARED C1 & C3
PLA2G2A,3.645612802852588,0.0011027490320224599,Up,-0.22620305894349357,0.9421438326862729,NS,2.4852245365870447,0.061074402786879936,NS,1,C1 SPECIFIC
ATG10,-1.0485152964474942,0.0011061029856947425,Down,-0.21957812400258625,0.7506513549061203,NS,-0.5116777384957256,0.16685229061755538,NS,0,DOWN IN LIMBUS
PROCR,1.5914174916774417,0.0011061029856947425,Up,0.44681723669548035,0.6502367144610027,NS,0.8218601052473042,0.1449353945851016,NS,1,C1 SPECIFIC
XM_005260251,1.5914174916774417,0.0011061029856947425,Up,0.44681723669548035,0.6502367144610027,NS,0.8218601052473042,0.1449353945851016,NS,1,C1 SPECIFIC
XM_006723682,1.5914174916774417,0.0011061029856947425,Up,0.44681723669548035,0.6502367144610027,NS,0.8218601052473042,0.1449353945851016,NS,1,C1 SPECIFIC
APOD,1.9379933364692885,0.0011221410621952911,Up,1.3076850371070652,0.22941230175449076,NS,2.9187618951722296,9.76628461725531e-4,Up,2,SHARED C1 & C3
CLLU1,-1.4403183279159757,0.0011240039529811425,Down,-0.2839332491189639,0.77010472630608,NS,-0.9059320616991435,0.08158406723626108,NS,0,DOWN IN LIMBUS
OAS1,-1.1216803296464501,0.001136670637162783,Down,-0.6107007993947775,0.33433800678049486,NS,-1.6637275736429533,0.0010986232324334529,Down,0,DOWN IN LIMBUS
FCER1G,2.445295844968709,0.0011512537088989067,Up,-0.8907829157993028,0.5461373606429604,NS,1.7211303678101633,0.055881391011957625,NS,1,C1 SPECIFIC
AHRR,1.270720469361669,0.0011512537088989067,Up,0.18102508816794494,0.8498781568894432,NS,1.0922880490736722,0.025638981506086032,Up,2,SHARED C1 & C3
PLVAP,1.6284103089849395,0.0011577493746889275,Up,0.6828900221964265,0.4793496888057246,NS,1.4388361344119405,0.022631627665430858,Up,2,SHARED C1 & C3
STK26,-1.3973478539269717,0.0011639789239724137,Down,-0.5415369552554044,0.5181750732579513,NS,-1.0874276196323063,0.039077737902481646,Down,0,DOWN IN LIMBUS
CBS,1.5161154784114377,0.0011706068950886335,Up,0.7345348720089016,0.40279694719960296,NS,0.5382110450061912,0.31725526676505816,NS,1,C1 SPECIFIC
NUP93,-1.0452797060675056,0.0011814001114537334,Down,0.883206855868119,0.13252106309169057,NS,0.32707832576018525,0.3824948313072214,NS,0,DOWN IN LIMBUS
TFCP2L1,2.062769904758463,0.0011814001114537334,Up,0.07216549232504654,0.969495226754729,NS,1.2155824273397533,0.10240170977831727,NS,1,C1 SPECIFIC
XM_005263652,2.062769904758463,0.0011814001114537334,Up,0.07216549232504654,0.969495226754729,NS,1.2155824273397533,0.10240170977831727,NS,1,C1 SPECIFIC
XM_006712459,2.062769904758463,0.0011814001114537334,Up,0.07216549232504654,0.969495226754729,NS,1.2155824273397533,0.10240170977831727,NS,1,C1 SPECIFIC
LOC728554,-1.1019576317699826,0.001191412779048301,Down,-0.09203775020172422,0.9182827111394348,NS,0.08492201977737146,0.85462722547737,NS,0,DOWN IN LIMBUS
THOC3,-1.1019576317699826,0.001191412779048301,Down,-0.09203775020172422,0.9182827111394348,NS,0.08492201977737146,0.85462722547737,NS,0,DOWN IN LIMBUS
IL13RA2,1.5625437151620063,0.0011976155693353562,Up,-0.6475170452382093,0.4894884484924521,NS,-0.5364352608264777,0.3355971406923822,NS,1,C1 SPECIFIC
MAP3K20,1.397595246543311,0.0011976155693353562,Up,0.36035995452292013,0.6835408607894068,NS,0.11584905774336196,0.8432649172798593,NS,1,C1 SPECIFIC
UAP1L1,1.0052463789857429,0.0011976291812397484,Up,-0.3230381066636321,0.5954959551468351,NS,0.8495896739930693,0.028259349487590305,NS,1,C1 SPECIFIC
PTGER4,3.0901716629143348,0.0011999658327229701,Up,-0.8060723626904318,0.6793375522046784,NS,1.80437553408413,0.10606861464917634,NS,1,C1 SPECIFIC
XM_005248326,3.0901716629143348,0.0011999658327229701,Up,-0.8060723626904318,0.6793375522046784,NS,1.80437553408413,0.10606861464917634,NS,1,C1 SPECIFIC
XM_005248327,3.0901716629143348,0.0011999658327229701,Up,-0.8060723626904318,0.6793375522046784,NS,1.80437553408413,0.10606861464917634,NS,1,C1 SPECIFIC
RUNX3,1.3731513834950269,0.0012136323367767602,Up,0.8166670502605244,0.3003939796170289,NS,1.3595981559679027,0.013083289225345749,Up,2,SHARED C1 & C3
CYYR1,1.6102637565585711,0.0012158094748138716,Up,0.42034907764450136,0.6794287174146383,NS,0.44191981103593214,0.4511955327455311,NS,1,C1 SPECIFIC
XR_430345,1.6102637565585711,0.0012158094748138716,Up,0.42034907764450136,0.6794287174146383,NS,0.44191981103593214,0.4511955327455311,NS,1,C1 SPECIFIC
XR_430346,1.6102637565585711,0.0012158094748138716,Up,0.42034907764450136,0.6794287174146383,NS,0.44191981103593214,0.4511955327455311,NS,1,C1 SPECIFIC
XR_430347,1.6102637565585711,0.0012158094748138716,Up,0.42034907764450136,0.6794287174146383,NS,0.44191981103593214,0.4511955327455311,NS,1,C1 SPECIFIC
STK39,1.3552899899472894,0.0012175530773680411,Up,-1.0523274092428476,0.17144703824705532,NS,-0.4523251929323031,0.3512094658533491,NS,1,C1 SPECIFIC
MEGF6,1.3450835641227723,0.0012200400768292631,Up,0.8208748784684827,0.2864769275828959,NS,1.383346550298569,0.010701606951720427,Up,2,SHARED C1 & C3
XM_006710410,1.3450835641227723,0.0012200400768292631,Up,0.8208748784684827,0.2864769275828959,NS,1.383346550298569,0.010701606951720427,Up,2,SHARED C1 & C3
XR_426590,1.3450835641227723,0.0012200400768292631,Up,0.8208748784684827,0.2864769275828959,NS,1.383346550298569,0.010701606951720427,Up,2,SHARED C1 & C3
IRF6,-1.2703037901522531,0.0012209493292095754,Down,-0.4637970630725823,0.5478943806336491,NS,-1.4815140083887393,0.005202717408781844,Down,0,DOWN IN LIMBUS
PXDN,2.167549334858438,0.0012209493292095754,Up,-0.15457169156571382,0.9319511062565964,NS,-1.0279840135085472,0.18237612784232776,NS,1,C1 SPECIFIC
CRISPLD1,1.6001066781254107,0.0012288500591035997,Up,-0.019181669578703264,0.9909796547027413,NS,0.38321243304780506,0.515810786003191,NS,1,C1 SPECIFIC
LIMA1,1.1876518414520456,0.0012301994230289328,Up,-0.7870502745355257,0.24202825825014615,NS,-0.6382932134303365,0.1347484695116574,NS,1,C1 SPECIFIC
FAM107A,1.8773470471704394,0.0012301994230289328,Up,0.5920033232902417,0.6052175443078254,NS,1.5663783060274215,0.030428103918281966,Up,2,SHARED C1 & C3
MOCS1,-1.0120949815808968,0.0012324548834500655,Down,0.4515689442412665,0.4479191949757666,NS,0.1698067810622952,0.6612613178777118,NS,0,DOWN IN LIMBUS
PARM1,2.4706689510481867,0.0012324548834500655,Up,1.1553726598410945,0.42305591481156285,NS,1.8353034734142133,0.04792888940831576,Up,2,SHARED C1 & C3
URB1,-1.0389046996477562,0.0012366012688260406,Down,-0.51796571090527,0.3904229054225102,NS,-0.7398898208269697,0.05551286038115609,NS,0,DOWN IN LIMBUS
SOD2,1.390993187165849,0.0012377469384600333,Up,-0.2374319170406931,0.8134364607966448,NS,0.5329605698956996,0.28162565810969636,NS,1,C1 SPECIFIC
IFITM10,-1.674123131253907,0.0012423561031405783,Down,1.268710922119772,0.17927590792050202,NS,0.6377620193646383,0.284556017315151,NS,0,DOWN IN LIMBUS
OLFML2B,0.9574608095608914,0.001244784599173755,NS,-0.5859497671377039,0.2864769275828959,NS,1.131032465240204,0.004894107983896007,Up,1,C3 SPECIFIC
RNASE1,2.934238756566886,0.0012455940565720685,Up,-0.5793822998727105,0.7733325871853339,NS,2.146144545867192,0.05064217944094674,NS,1,C1 SPECIFIC
PPP1R16B,1.2325658043264327,0.0012523134725320095,Up,0.6918971904176203,0.32676304587906574,NS,1.1011565667685783,0.022625161814112227,Up,2,SHARED C1 & C3
IL6,3.223291993153987,0.0012523134725320095,Up,0.21530216442312877,0.938426712402461,NS,2.020580769547747,0.08658605442811348,NS,1,C1 SPECIFIC
ARHGEF6,0.8984382166364648,0.0012535369992174748,NS,0.5627506572252754,0.27667668865741957,NS,1.4702025144652175,6.269924517682951e-4,Up,1,C3 SPECIFIC
PKIB,-1.5966778587156103,0.001268938062008462,Down,0.8332318406825978,0.3716045771827043,NS,-0.7751118659430407,0.1754304722658272,NS,0,DOWN IN LIMBUS
GRID1,1.0371788053820001,0.0012761159798876486,Up,0.7978157847683649,0.17506811651865586,NS,0.957908432568563,0.019313819684015437,NS,1,C1 SPECIFIC
GSTM3,1.2997576294477824,0.0012778762493354024,Up,0.5869296673078264,0.4444487424333854,NS,1.0343556690069597,0.03755668807982132,Up,2,SHARED C1 & C3
TMEM204,0.8087461665074418,0.0012792457926754297,NS,0.8210113187021024,0.07659974063080316,NS,1.5954902456434645,2.344541488289286e-4,Up,1,C3 SPECIFIC
ANKS1B,1.181159090263419,0.0012839911880195268,Up,0.06951162879315564,0.9473938380735466,NS,0.8194730284973346,0.06163444242816394,NS,1,C1 SPECIFIC
XM_005269032,1.181159090263419,0.0012839911880195268,Up,0.06951162879315564,0.9473938380735466,NS,0.8194730284973346,0.06163444242816394,NS,1,C1 SPECIFIC
XM_006719515,1.181159090263419,0.0012839911880195268,Up,0.06951162879315564,0.9473938380735466,NS,0.8194730284973346,0.06163444242816394,NS,1,C1 SPECIFIC
SV2A,1.5625249331774418,0.0012895285795714374,Up,1.1011842407517713,0.21234067675220955,NS,1.3278151519073669,0.028736901286844706,Up,2,SHARED C1 & C3
WNT7A,-1.225381607094194,0.0012937017589638958,Down,-0.543383563398617,0.45474825883030356,NS,-2.113953603036575,5.167608978049739e-4,Down,0,DOWN IN LIMBUS
IL11RA,1.2233540737576396,0.0013033367035256175,Up,0.6486736858025726,0.36470566896230533,NS,1.4036982176569852,0.00590264811482905,Up,2,SHARED C1 & C3
GDF15,2.236916931484364,0.0013033473109059944,Up,-1.5009135297768337,0.24028380042008785,NS,-1.9861624824696547,0.023889505066243055,Down,1,C1 SPECIFIC
PLEKHH2,1.3569867096342376,0.0013033473109059944,Up,0.17574429542816006,0.8687055936449989,NS,0.38224244614700886,0.4434915431022505,NS,1,C1 SPECIFIC
XR_244924,1.3569867096342376,0.0013033473109059944,Up,0.17574429542816006,0.8687055936449989,NS,0.38224244614700886,0.4434915431022505,NS,1,C1 SPECIFIC
XR_426981,1.3569867096342376,0.0013033473109059944,Up,0.17574429542816006,0.8687055936449989,NS,0.38224244614700886,0.4434915431022505,NS,1,C1 SPECIFIC
ATP1A2,2.423420607476986,0.0013040330873968354,Up,0.42167872463149436,0.8104870813516791,NS,1.7030988799671656,0.05952188913323543,NS,1,C1 SPECIFIC
ADRB1,-1.918353909239789,0.0013109709613737719,Down,1.13353488646508,0.3054112145119819,NS,-0.2803429218302691,0.7136384447419268,NS,0,DOWN IN LIMBUS
DENND4A,-1.0345183184930864,0.0013275113960148066,Down,-0.007061523260243341,0.9948095317439689,NS,0.34643469930391824,0.35576330609127266,NS,0,DOWN IN LIMBUS
CYTOR,1.326752215249262,0.001330266323080353,Up,-0.07945290870749844,0.9468330515932148,NS,-0.6570627083402591,0.17012198724827107,NS,1,C1 SPECIFIC
MIR4435-2HG,1.326752215249262,0.001330266323080353,Up,-0.07945290870749844,0.9468330515932148,NS,-0.6570627083402591,0.17012198724827107,NS,1,C1 SPECIFIC
EVI2B,1.71829841446434,0.001330876167375664,Up,-0.6310507646638204,0.5496334367876424,NS,1.109931261374527,0.08062073150782287,NS,1,C1 SPECIFIC
ESRP1,-1.6746407955083624,0.0013318840061007236,Down,-0.35334911610877207,0.756618901232779,NS,-1.6408869247569493,0.014847529765815368,Down,0,DOWN IN LIMBUS
SNORD49A,1.3088117661441032,0.0013328508786034,Up,0.1581532241948782,0.8778995659696631,NS,-0.43357289894395024,0.3616977098365141,NS,1,C1 SPECIFIC
ID2,1.8986099578120132,0.0013340027640083639,Up,-0.06295962061556537,0.9722439165011453,NS,1.2584566057229383,0.07400397825495268,NS,1,C1 SPECIFIC
TMEM80,-1.1001928774967942,0.0013417052083614684,Down,-0.09009164016262439,0.9230815672947098,NS,-0.7597426054516809,0.06424096098862057,NS,0,DOWN IN LIMBUS
SDC2,1.7942035349704888,0.0013458735080783993,Up,1.195824559198737,0.2473752266411147,NS,1.7661659771590106,0.014600327601120339,Up,2,SHARED C1 & C3
XM_005251020,1.7942035349704888,0.0013458735080783993,Up,1.195824559198737,0.2473752266411147,NS,1.7661659771590106,0.014600327601120339,Up,2,SHARED C1 & C3
XM_006716614,1.7942035349704888,0.0013458735080783993,Up,1.195824559198737,0.2473752266411147,NS,1.7661659771590106,0.014600327601120339,Up,2,SHARED C1 & C3
KCNMB2,-1.3733332296749978,0.0013458735080783993,Down,0.6678984760623692,0.4092417652181716,NS,0.02203762825018929,0.9733531464542136,NS,0,DOWN IN LIMBUS
KDM1B,-1.0639104969103492,0.0013500613738264495,Down,-0.3120495534220131,0.6430264273213888,NS,-0.7004305899802201,0.07625345685108267,NS,0,DOWN IN LIMBUS
ABHD11,-1.0730622319400824,0.001364745516285672,Down,-0.4821977685048635,0.4508858016208956,NS,0.03425294989445282,0.9425748876241451,NS,0,DOWN IN LIMBUS
NR_026910,-1.0730622319400824,0.001364745516285672,Down,-0.4821977685048635,0.4508858016208956,NS,0.03425294989445282,0.9425748876241451,NS,0,DOWN IN LIMBUS
XM_006716144,-1.0730622319400824,0.001364745516285672,Down,-0.4821977685048635,0.4508858016208956,NS,0.03425294989445282,0.9425748876241451,NS,0,DOWN IN LIMBUS
XR_428186,-1.0730622319400824,0.001364745516285672,Down,-0.4821977685048635,0.4508858016208956,NS,0.03425294989445282,0.9425748876241451,NS,0,DOWN IN LIMBUS
HSPA4L,-1.5558533510581638,0.001364745516285672,Down,-0.19035914947594357,0.8770895328875602,NS,-0.09890078865992802,0.885363856143625,NS,0,DOWN IN LIMBUS
XM_006714140,-1.5558533510581638,0.001364745516285672,Down,-0.19035914947594357,0.8770895328875602,NS,-0.09890078865992802,0.885363856143625,NS,0,DOWN IN LIMBUS
TPM1,1.537620771331361,0.001364745516285672,Up,0.3570984070542309,0.7259906614264067,NS,-0.05690292390868201,0.934803914713206,NS,1,C1 SPECIFIC
XM_005254643,1.537620771331361,0.001364745516285672,Up,0.3570984070542309,0.7259906614264067,NS,-0.05690292390868201,0.934803914713206,NS,1,C1 SPECIFIC
XM_005254645,1.537620771331361,0.001364745516285672,Up,0.3570984070542309,0.7259906614264067,NS,-0.05690292390868201,0.934803914713206,NS,1,C1 SPECIFIC
XM_005254647,1.537620771331361,0.001364745516285672,Up,0.3570984070542309,0.7259906614264067,NS,-0.05690292390868201,0.934803914713206,NS,1,C1 SPECIFIC
XM_005254648,1.537620771331361,0.001364745516285672,Up,0.3570984070542309,0.7259906614264067,NS,-0.05690292390868201,0.934803914713206,NS,1,C1 SPECIFIC
XM_006720667,1.537620771331361,0.001364745516285672,Up,0.3570984070542309,0.7259906614264067,NS,-0.05690292390868201,0.934803914713206,NS,1,C1 SPECIFIC
XM_006720668,1.537620771331361,0.001364745516285672,Up,0.3570984070542309,0.7259906614264067,NS,-0.05690292390868201,0.934803914713206,NS,1,C1 SPECIFIC
XM_006720669,1.537620771331361,0.001364745516285672,Up,0.3570984070542309,0.7259906614264067,NS,-0.05690292390868201,0.934803914713206,NS,1,C1 SPECIFIC
GLYR1,1.3880988687115243,0.0013653000267151824,Up,0.04879530618044825,0.9698942294547676,NS,1.0555917205180432,0.04642907422548081,Up,2,SHARED C1 & C3
RPGR,1.0819043165650681,0.0013667692794170137,Up,-0.07275882388460708,0.9392177861939601,NS,0.769819178463309,0.05855746084915388,NS,1,C1 SPECIFIC
SSTR5-AS1,-2.700133222694358,0.0013680657454727186,Down,-0.31840025128424987,0.8827521510639124,NS,-1.0271428226212498,0.29247291008646664,NS,0,DOWN IN LIMBUS
CORO1A,1.240818028186383,0.0013720272043345114,Up,-0.18089914576465205,0.8504529274375262,NS,0.7754267436128677,0.09139855219500148,NS,1,C1 SPECIFIC
C1orf74,-0.8761525268101575,0.001375165829663779,NS,-0.22709019780201967,0.6894508643490658,NS,-1.0528628599049688,0.004846313576232175,Down,0,DOWN IN LIMBUS
SRPX2,1.5057842379219961,0.0013859878678054653,Up,-0.30015212765961774,0.7747184152933493,NS,-1.0303868056383179,0.0673830366177548,NS,1,C1 SPECIFIC
SOX17,1.8546768504829734,0.0013876140272678279,Up,-0.08294484548228986,0.961438722025245,NS,1.4316149925511619,0.04432107726935056,Up,2,SHARED C1 & C3
DSG2,-0.9622864963858531,0.0013895163680984353,NS,-0.7287617519501088,0.18588953345914716,NS,-2.374230907894894,3.590058809122084e-5,Down,0,DOWN IN LIMBUS
WNK2,-1.0603824637757624,0.0013904252816370804,Down,-0.08195476162511728,0.9273933727720807,NS,0.2293179240632499,0.5696830193074117,NS,0,DOWN IN LIMBUS
XM_006717240,-1.0603824637757624,0.0013904252816370804,Down,-0.08195476162511728,0.9273933727720807,NS,0.2293179240632499,0.5696830193074117,NS,0,DOWN IN LIMBUS
MAGI2,1.3879503564413733,0.0013904252816370804,Up,1.259310361745647,0.1123841114010752,NS,1.4507917633927834,0.01090144373772074,Up,2,SHARED C1 & C3
NPNT,2.5548078884102114,0.001393449819094632,Up,-1.1278354549035523,0.4650947603302005,NS,0.37670673902675755,0.7138672454410726,NS,1,C1 SPECIFIC
MEOX1,1.5366640806220708,0.0013973840123545993,Up,1.0928808246256283,0.2132555710779865,NS,1.6184703137658598,0.010434788725802571,Up,2,SHARED C1 & C3
ALDH1A1,-1.731304649061542,0.0013978303302610825,Down,0.48429643167957437,0.6629381536645282,NS,1.1116925702580094,0.08455536639732061,NS,0,DOWN IN LIMBUS
TRPC1,1.491208135135695,0.0013984177194399931,Up,0.6560450687331052,0.4661862353227666,NS,0.039874638247961336,0.9530559184355127,NS,1,C1 SPECIFIC
XM_005247740,1.491208135135695,0.0013984177194399931,Up,0.6560450687331052,0.4661862353227666,NS,0.039874638247961336,0.9530559184355127,NS,1,C1 SPECIFIC
DUOX1,-1.0869814573167647,0.0013995520895781792,Down,-0.5466335664086168,0.3951343121073411,NS,-1.1205074205115313,0.011996626430626425,Down,0,DOWN IN LIMBUS
C1QTNF5,0.9829726447590303,0.0013999335860063514,NS,0.40264479283572197,0.5085826005181991,NS,1.1634490128116104,0.0053448045560876845,Up,1,C3 SPECIFIC
FKBP9,1.0670612127397092,0.0014021210482622166,Up,0.5319223093338401,0.401344715053123,NS,0.5460838691425831,0.16153637148915728,NS,1,C1 SPECIFIC
MYH11,2.352123794122309,0.0014021851695819121,Up,1.7775192195573188,0.1877467958456156,NS,1.9491277012855983,0.0338246972173243,Up,2,SHARED C1 & C3
TRPM6,-1.0114622028770448,0.001402246880551697,Down,-0.08195735251612923,0.924492744848814,NS,-0.383952026559081,0.29591320725682424,NS,0,DOWN IN LIMBUS
ANGPT2,1.7492516191739536,0.0014096310303160261,Up,-0.2097239100286643,0.8813689150599041,NS,0.9054295873132441,0.15742470643307133,NS,1,C1 SPECIFIC
C1QB,2.467805715288062,0.0014139942077290191,Up,-0.583746584567086,0.722942631791185,NS,1.839755751193291,0.05062913527072437,NS,1,C1 SPECIFIC
GAS7,1.4545392149868626,0.0014216119335179603,Up,-0.2953337469072901,0.7715392475280065,NS,1.2744370128623954,0.02700228905180941,Up,2,SHARED C1 & C3
CHN1,1.997236599463367,0.0014216119335179603,Up,0.9032192868197093,0.4508858016208956,NS,1.6341096550150374,0.03579607664132843,Up,2,SHARED C1 & C3
PLXNA4,-1.9456813371195132,0.0014288031434582773,Down,1.0572296677637487,0.35872630203240047,NS,-0.48242235487775176,0.5095563567552811,NS,0,DOWN IN LIMBUS
MSR1,1.536669710817499,0.0014304572143379057,Up,-0.6802525255245966,0.4656224058243633,NS,1.1501546545635994,0.050213334811877154,NS,1,C1 SPECIFIC
TMEM176B,1.963589132807602,0.001444938293055031,Up,-1.003818701061972,0.38978024517146476,NS,1.397250960245172,0.06007509137235882,NS,1,C1 SPECIFIC
NT5E,2.9138374337899213,0.0014581703476273704,Up,-0.4937517200991195,0.8205599964450649,NS,-2.068092270507936,0.06093647724685659,NS,1,C1 SPECIFIC
MDK,1.0400646840601695,0.0014584005954367482,Up,-0.12434903020199606,0.8823439808205812,NS,0.1632611915377522,0.6934638930877363,NS,1,C1 SPECIFIC
ACTR3C,-0.4992326182552924,0.001460816585407705,NS,-0.5971518856936902,0.037601959330208046,Down,-0.6135216195731932,0.004505216597808454,NS,0,DOWN IN LIMBUS
PSD3,1.2595012980205693,0.001460816585407705,Up,-0.13999774486621952,0.8929071858704299,NS,0.04235997893568122,0.9404750911327197,NS,1,C1 SPECIFIC
XM_005273461,1.2595012980205693,0.001460816585407705,Up,-0.13999774486621952,0.8929071858704299,NS,0.04235997893568122,0.9404750911327197,NS,1,C1 SPECIFIC
XM_006716319,1.2595012980205693,0.001460816585407705,Up,-0.13999774486621952,0.8929071858704299,NS,0.04235997893568122,0.9404750911327197,NS,1,C1 SPECIFIC
PLPP4,-2.0793405623344245,0.001465476160706258,Down,1.571620277515863,0.18918226762631832,NS,0.01806614028818565,0.9858023531261332,NS,0,DOWN IN LIMBUS
XM_006717685,-2.0793405623344245,0.001465476160706258,Down,1.571620277515863,0.18918226762631832,NS,0.01806614028818565,0.9858023531261332,NS,0,DOWN IN LIMBUS
CCL21,2.006803158409812,0.0014662566939522336,Up,-1.0234633561684845,0.391150279857497,NS,1.2429284173506367,0.0967271329079334,NS,1,C1 SPECIFIC
AFF3,1.8916762636577573,0.0014729806045863862,Up,0.23883419613705303,0.875235061519256,NS,1.566942019949649,0.0347344460205423,Up,2,SHARED C1 & C3
RNASE2,1.7316979415053448,0.001485950445351885,Up,0.17541132782975488,0.9030758770960674,NS,1.5584129886685032,0.02457848951151065,Up,2,SHARED C1 & C3
UCHL1,2.0183824033058038,0.0015020364999483776,Up,0.16014917640213167,0.9268115347186178,NS,1.0308850755106471,0.16556826135828923,NS,1,C1 SPECIFIC
GLS,-1.356716274968007,0.0015027741637049217,Down,0.5758690347226834,0.49425070041719976,NS,0.19381122740708268,0.7260167350075116,NS,0,DOWN IN LIMBUS
XR_241306,-1.356716274968007,0.0015027741637049217,Down,0.5758690347226834,0.49425070041719976,NS,0.19381122740708268,0.7260167350075116,NS,0,DOWN IN LIMBUS
ENPEP,1.6503361789945377,0.0015227700108623602,Up,0.8591963872484953,0.3830189452497111,NS,1.4700351300588426,0.025987876644145126,Up,2,SHARED C1 & C3
STEAP4,1.8085180341351617,0.0015352588931219534,Up,0.3544088790849056,0.784576892307839,NS,-1.8521374895216685,0.01310709908899074,Down,1,C1 SPECIFIC
CA13,1.343395580966332,0.0015352588931219534,Up,-0.4970626222294534,0.5546803671816637,NS,0.23413063773212262,0.6588989912525912,NS,1,C1 SPECIFIC
CHI3L2,3.0819256368582044,0.0015452802069103769,Up,1.1863224576704416,0.540087161689787,NS,2.6238687887925547,0.032080715986403004,Up,2,SHARED C1 & C3
MYO1D,1.3902568103298796,0.0015548436457167008,Up,0.8590500805837822,0.2997262655806664,NS,0.38939266974703557,0.4582908395889384,NS,1,C1 SPECIFIC
ATP8A1,1.1252491279552803,0.0015557242475233556,Up,0.12444636565094758,0.8945011000253666,NS,0.5782174223831449,0.16510183211251628,NS,1,C1 SPECIFIC
MARCKSL1,1.5180956701554535,0.0015596676587944641,Up,0.047065318862332006,0.9743912279076654,NS,1.0492023183665076,0.06890807946535117,NS,1,C1 SPECIFIC
NR_040448,1.0656822373495363,0.0015605164162564038,Up,-0.44029669288160367,0.5113106313721222,NS,0.831319515669521,0.04531552247570269,NS,1,C1 SPECIFIC
SLC7A7,1.0656822373495363,0.0015605164162564038,Up,-0.44029669288160367,0.5113106313721222,NS,0.831319515669521,0.04531552247570269,NS,1,C1 SPECIFIC
CCN3,-1.2457998979761502,0.0015623814738511428,Down,0.7157358569931436,0.3316146168677625,NS,1.1535124659635283,0.022093150306453684,Up,1,C3 SPECIFIC
FGF2,1.6750347795952987,0.0015723512540227122,Up,1.2849206237737718,0.1877467958456156,NS,1.699427735651586,0.0140846730066756,Up,2,SHARED C1 & C3
INF2,-1.0286416518878392,0.0015739928534293495,Down,0.3638172950382188,0.5716630665404882,NS,-0.3856596794987457,0.31040750296380254,NS,0,DOWN IN LIMBUS
DUSP14,-1.141870816911549,0.0015918668919812087,Down,0.06507207525153902,0.9521418338382165,NS,-0.38267834439638193,0.3689467565081271,NS,0,DOWN IN LIMBUS
TMEM45A,1.3145770554410117,0.001592216101496264,Up,0.9965329685457771,0.19416718186027787,NS,1.0615462084374236,0.04026821214136804,Up,2,SHARED C1 & C3
XM_005247569,1.3145770554410117,0.001592216101496264,Up,0.9965329685457771,0.19416718186027787,NS,1.0615462084374236,0.04026821214136804,Up,2,SHARED C1 & C3
KIT,-1.9803010299223942,0.001592216101496264,Down,-0.019681957220949897,0.9925310236717612,NS,2.354349720163871,0.005674546524667141,Up,1,C3 SPECIFIC
XM_006714038,-1.9803010299223942,0.001592216101496264,Down,-0.019681957220949897,0.9925310236717612,NS,2.354349720163871,0.005674546524667141,Up,1,C3 SPECIFIC
RASGRP3,1.0120057900382555,0.0015951664580671184,Up,-0.058167005505047165,0.9520494070768777,NS,0.4187307153658075,0.2614960778752155,NS,1,C1 SPECIFIC
PERP,-1.0652601360820873,0.0015951664580671184,Down,-0.18793189592927817,0.8147473356106156,NS,-0.5838687255518451,0.1414301432828107,NS,0,DOWN IN LIMBUS
FSIP1,-2.9655676283844574,0.0016015450589666848,Down,0.7265888235171314,0.7181914670452099,NS,-1.6936187787609072,0.12663163248994178,NS,0,DOWN IN LIMBUS
XM_005254209,-2.9655676283844574,0.0016015450589666848,Down,0.7265888235171314,0.7181914670452099,NS,-1.6936187787609072,0.12663163248994178,NS,0,DOWN IN LIMBUS
GPD1L,-1.1425553359080123,0.0016101919554275797,Down,0.0872855893401212,0.929475592846331,NS,0.5759352147459111,0.1743438724840253,NS,0,DOWN IN LIMBUS
XM_005264984,-1.1425553359080123,0.0016101919554275797,Down,0.0872855893401212,0.929475592846331,NS,0.5759352147459111,0.1743438724840253,NS,0,DOWN IN LIMBUS
VSNL1,-1.650481789859672,0.0016138837639549624,Down,0.244022970465954,0.8517800397905188,NS,-0.5293382782704015,0.3930348256801782,NS,0,DOWN IN LIMBUS
CD248,1.4282066446110386,0.001621658263237128,Up,0.13929395421843616,0.9097243587397155,NS,1.6203091015299904,0.0077222996413732654,Up,2,SHARED C1 & C3
SLC16A1,2.0722287214468604,0.001623068762720236,Up,0.6075733240215015,0.6539219587860641,NS,-0.8424488051876056,0.27183490259862264,NS,1,C1 SPECIFIC
PLXDC1,1.4213661545288727,0.0016420427760643792,Up,-1.0320207831946835,0.21498433895693211,NS,0.9789386100963191,0.07195267654146845,NS,1,C1 SPECIFIC
XM_006721983,1.4213661545288727,0.0016420427760643792,Up,-1.0320207831946835,0.21498433895693211,NS,0.9789386100963191,0.07195267654146845,NS,1,C1 SPECIFIC
XM_006721984,1.4213661545288727,0.0016420427760643792,Up,-1.0320207831946835,0.21498433895693211,NS,0.9789386100963191,0.07195267654146845,NS,1,C1 SPECIFIC
CHN2,-1.9105218130396127,0.0016474476137434894,Down,0.3712476065188701,0.7894217045353749,NS,-0.23556086499702733,0.7701220769437748,NS,0,DOWN IN LIMBUS
STX2,1.5360832590674018,0.0016596268517399852,Up,0.2274484213628556,0.8524121418212296,NS,-0.3864323622153716,0.5129706353709843,NS,1,C1 SPECIFIC
NR_046396,1.1280296889181285,0.001672998454632666,Up,-0.6021023738091262,0.37658196035847036,NS,0.2114019902912183,0.6371226128594097,NS,1,C1 SPECIFIC
NR_046397,1.1280296889181285,0.001672998454632666,Up,-0.6021023738091262,0.37658196035847036,NS,0.2114019902912183,0.6371226128594097,NS,1,C1 SPECIFIC
XAF1,1.1280296889181285,0.001672998454632666,Up,-0.6021023738091262,0.37658196035847036,NS,0.2114019902912183,0.6371226128594097,NS,1,C1 SPECIFIC
XM_005256706,1.1280296889181285,0.001672998454632666,Up,-0.6021023738091262,0.37658196035847036,NS,0.2114019902912183,0.6371226128594097,NS,1,C1 SPECIFIC
XR_429817,1.1280296889181285,0.001672998454632666,Up,-0.6021023738091262,0.37658196035847036,NS,0.2114019902912183,0.6371226128594097,NS,1,C1 SPECIFIC
SYNPO,1.4127840543878607,0.0016740638505955432,Up,1.089691939592278,0.18918226762631832,NS,1.476779944509036,0.012754103869318753,Up,2,SHARED C1 & C3
PDLIM4,1.5273824385173702,0.001674985560105501,Up,0.48928492244742294,0.6197383138991034,NS,0.260285301277249,0.6715921555825848,NS,1,C1 SPECIFIC
RETREG1,-1.7090206158880594,0.0016769443378126174,Down,0.47900245785292306,0.6702293577142897,NS,1.2137183600385884,0.06529813880753176,NS,0,DOWN IN LIMBUS
XM_005248312,-1.7090206158880594,0.0016769443378126174,Down,0.47900245785292306,0.6702293577142897,NS,1.2137183600385884,0.06529813880753176,NS,0,DOWN IN LIMBUS
DIPK2A,1.169870148767341,0.001677518551795701,Up,-0.1711808411078568,0.8545490367499295,NS,0.9568377530655034,0.03942298975589902,NS,1,C1 SPECIFIC
COL13A1,1.1714788962944764,0.001685726542536971,Up,1.2314393670444432,0.07691452025930984,NS,1.3515550612047993,0.007259287323223403,Up,2,SHARED C1 & C3
ZNF326,-1.0538738655558735,0.0016966927649300068,Down,-0.3218736012582397,0.6393717904179261,NS,0.5850463869899922,0.14004752518860297,NS,0,DOWN IN LIMBUS
ABCC1,1.0361190121644004,0.0016969691473776964,Up,0.31393318195370234,0.6432558036695972,NS,0.2729038380412021,0.494220605831117,NS,1,C1 SPECIFIC
HSD11B1,1.6682937154704351,0.0016994453998884565,Up,-0.10123589844293601,0.948188150616778,NS,1.0598869251379757,0.09559033484104948,NS,1,C1 SPECIFIC
SCNN1A,-1.3020851474868333,0.001703249154770578,Down,-0.48397876937311146,0.5567058292280764,NS,-0.7334354059172448,0.1348231313150468,NS,0,DOWN IN LIMBUS
MTUS2,-2.2447566518925157,0.0017157492055329153,Down,1.604818467458303,0.22990056485815555,NS,-0.4803939641068711,0.5850289237673403,NS,0,DOWN IN LIMBUS
PTPRC,1.9924353834562898,0.0017267565923507827,Up,-0.5376131449315604,0.6863934510110961,NS,1.4324922149202912,0.06339401287202476,NS,1,C1 SPECIFIC
OSBPL3,-0.6383380233534028,0.0017332970884780482,NS,-0.32807092526644244,0.40118662335441774,NS,-1.1908642305244426,4.054296562933141e-4,Down,0,DOWN IN LIMBUS
NBEA,-2.290509149833829,0.0017605798394833,Down,0.9879088412610537,0.4974610788457431,NS,-0.7370784747214412,0.39698122623494825,NS,0,DOWN IN LIMBUS
IL27RA,1.1298431374378608,0.0017682680168991502,Up,-0.29789969965550167,0.6949476923131238,NS,0.833824923932839,0.05855746084915388,NS,1,C1 SPECIFIC
LYPD3,-1.6396491104952613,0.0017682680168991502,Down,0.19424929388572387,0.8871455272787161,NS,-0.1518434994968807,0.8342615993173806,NS,0,DOWN IN LIMBUS
S100A8,4.312535912988602,0.0017806458896146321,Up,-1.314277957182794,0.6435937482448943,NS,-0.26443344046029793,0.8944565639127217,NS,1,C1 SPECIFIC
PTGER2,1.42066209407196,0.0017815289303404452,Up,0.8452595504656415,0.32420145966696523,NS,1.4548582723812533,0.014633788347945027,Up,2,SHARED C1 & C3
SLCO4A1-AS1,1.1732256939903207,0.0017842564447987325,Up,-0.060321193382777416,0.9576874323854976,NS,0.958472688054572,0.041036095542837506,NS,1,C1 SPECIFIC
PM20D2,1.012643078511628,0.0017888380120218337,Up,0.09073251636847424,0.9182045011846982,NS,0.7111415152078298,0.06965259723149456,NS,1,C1 SPECIFIC
CXCL14,-2.236058569827403,0.001794518137050723,Down,1.3407030789417336,0.32029493292457734,NS,2.254879146786373,0.01586827381895092,Up,1,C3 SPECIFIC
CITED2,1.2852938604265365,0.0017953358216851714,Up,0.5262820847921379,0.5199528841385026,NS,2.069291579368091,9.76628461725531e-4,Up,2,SHARED C1 & C3
NEK6,1.3024098932673942,0.0017953358216851714,Up,0.17912965017417815,0.8661244783001159,NS,0.29489329675594966,0.5655165825173032,NS,1,C1 SPECIFIC
XM_005251664,1.3024098932673942,0.0017953358216851714,Up,0.17912965017417815,0.8661244783001159,NS,0.29489329675594966,0.5655165825173032,NS,1,C1 SPECIFIC
XM_006716936,1.3024098932673942,0.0017953358216851714,Up,0.17912965017417815,0.8661244783001159,NS,0.29489329675594966,0.5655165825173032,NS,1,C1 SPECIFIC
SLPI,3.0456547590982703,0.0017962686728371015,Up,-0.9244185243303864,0.6461665116419469,NS,-1.1957323786666265,0.2964676035661274,NS,1,C1 SPECIFIC
LDB3,1.5739329091952143,0.0018017231434290697,Up,0.6888631067621818,0.49163741820920387,NS,1.2876763870503503,0.041036095542837506,Up,2,SHARED C1 & C3
XM_005269465,1.5739329091952143,0.0018017231434290697,Up,0.6888631067621818,0.49163741820920387,NS,1.2876763870503503,0.041036095542837506,Up,2,SHARED C1 & C3
XM_005269467,1.5739329091952143,0.0018017231434290697,Up,0.6888631067621818,0.49163741820920387,NS,1.2876763870503503,0.041036095542837506,Up,2,SHARED C1 & C3
CNTNAP4,0.6705694313988486,0.0018166160837545947,NS,0.9339932395397765,0.019364849119977406,Up,0.4768668401620513,0.06737673302529397,NS,1,C2 SPECIFIC
LOX,2.3992225666237434,0.0018370126333007403,Up,1.3538165261975035,0.35664725718444273,NS,1.3117252961830967,0.1505794529866008,NS,1,C1 SPECIFIC
WDR86,1.2345294140980947,0.0018370126333007403,Up,1.15694329868637,0.11546726050363597,NS,1.3005157060439614,0.012997835099267715,Up,2,SHARED C1 & C3
CLEC3B,2.027721341586675,0.0018407612431949453,Up,-0.5890525360928613,0.6631137704359257,NS,1.66011990473568,0.04150434126706949,Up,2,SHARED C1 & C3
XM_005265426,2.027721341586675,0.0018407612431949453,Up,-0.5890525360928613,0.6631137704359257,NS,1.66011990473568,0.04150434126706949,Up,2,SHARED C1 & C3
BHMT2,1.7369872590530306,0.001848835080026824,Up,0.823096025184606,0.44723075871720286,NS,1.802833663109372,0.014100199910378398,Up,2,SHARED C1 & C3
MOXD1,-1.8165348925271534,0.001854037336334892,Down,-0.3066034827262474,0.8272626816229611,NS,0.4852561542946221,0.4931164805352221,NS,0,DOWN IN LIMBUS
FGR,1.028640762822981,0.0018567274688394068,Up,0.2228593071736702,0.7624278509942222,NS,0.9140484527535397,0.029825183311176413,NS,1,C1 SPECIFIC
XM_006710452,1.028640762822981,0.0018567274688394068,Up,0.2228593071736702,0.7624278509942222,NS,0.9140484527535397,0.029825183311176413,NS,1,C1 SPECIFIC
PRAG1,1.028567862751249,0.0018578520400396451,Up,0.7273482974693781,0.24028380042008785,NS,0.7768716713760799,0.0553861918893778,NS,1,C1 SPECIFIC
CYSLTR1,1.8157510515741375,0.0018636562742856042,Up,-0.8319145908918166,0.4661862353227666,NS,0.39830121659599804,0.5811396894076429,NS,1,C1 SPECIFIC
GLT8D2,2.078842990960317,0.001890119812985776,Up,1.026457191487287,0.42656131468434644,NS,2.151498687150168,0.014484411614178235,Up,2,SHARED C1 & C3
RASA3,1.256291562044618,0.0018965704457449145,Up,0.3437704078978774,0.6856569214638686,NS,0.5714950252776756,0.22697737141636384,NS,1,C1 SPECIFIC
AVPR1A,1.636195112019525,0.0018985295667173546,Up,0.6064759307354137,0.5632965483998864,NS,1.233490739218209,0.056213619148016196,NS,1,C1 SPECIFIC
SGPL1,-0.8985385733244797,0.0019081905687038001,NS,-0.3534565528880389,0.5436898420960977,NS,-1.0326332287576516,0.00818046025003647,Down,0,DOWN IN LIMBUS
MOSMO,-0.8852608492301277,0.001910050518452125,NS,-0.32385453824158184,0.5686105233821221,NS,-1.0019717478485832,0.00896848220705421,Down,0,DOWN IN LIMBUS
XR_429679,-0.8852608492301277,0.001910050518452125,NS,-0.32385453824158184,0.5686105233821221,NS,-1.0019717478485832,0.00896848220705421,Down,0,DOWN IN LIMBUS
ZBED2,-1.8686030752002063,0.001924401726917896,Down,1.1797236186060314,0.3039409128628414,NS,-1.417501784830777,0.05544888350788606,NS,0,DOWN IN LIMBUS
IL10RA,1.2563366100378595,0.001942324620890559,Up,-0.4111098147983361,0.6192153622727814,NS,0.9828052118604402,0.05001437578875334,NS,1,C1 SPECIFIC
SLCO3A1,-1.068394006789397,0.001942324620890559,Down,0.07049257153085087,0.9438358380491281,NS,-0.3843286946888096,0.3473313577981679,NS,0,DOWN IN LIMBUS
XM_006720472,-1.068394006789397,0.001942324620890559,Down,0.07049257153085087,0.9438358380491281,NS,-0.3843286946888096,0.3473313577981679,NS,0,DOWN IN LIMBUS
XR_429450,-1.068394006789397,0.001942324620890559,Down,0.07049257153085087,0.9438358380491281,NS,-0.3843286946888096,0.3473313577981679,NS,0,DOWN IN LIMBUS
REEP6,-1.0145298544274457,0.001942324620890559,Down,-0.41287763651427767,0.529488578546362,NS,0.2927384349561448,0.45924947785239895,NS,0,DOWN IN LIMBUS
XM_006722935,-1.0145298544274457,0.001942324620890559,Down,-0.41287763651427767,0.529488578546362,NS,0.2927384349561448,0.45924947785239895,NS,0,DOWN IN LIMBUS
SOX2,1.3012532863797142,0.0019457679813862055,Up,0.2590992854582126,0.7889862326232345,NS,0.8898772396869603,0.08000552331572161,NS,1,C1 SPECIFIC
SH3RF3,1.0481969171872132,0.0019508767860285147,Up,0.736034787741267,0.2473752266411147,NS,1.4637906764834625,0.002651630563274534,Up,2,SHARED C1 & C3
XM_006712493,1.0481969171872132,0.0019508767860285147,Up,0.736034787741267,0.2473752266411147,NS,1.4637906764834625,0.002651630563274534,Up,2,SHARED C1 & C3
XM_006712494,1.0481969171872132,0.0019508767860285147,Up,0.736034787741267,0.2473752266411147,NS,1.4637906764834625,0.002651630563274534,Up,2,SHARED C1 & C3
DSG1,-2.804978088842029,0.001957106249347156,Down,0.9298539478539984,0.6132637799360782,NS,1.4819212446447256,0.1672656115711475,NS,0,DOWN IN LIMBUS
GJB6,-2.356940837417987,0.0019741920520561615,Down,2.2473511377896145,0.1123841114010752,NS,0.04237504265388026,0.9717441331628416,NS,0,DOWN IN LIMBUS
FHIT,-1.0098697305968454,0.001991616855992749,Down,0.25745442115852235,0.7153201155862716,NS,-0.009953023187344812,0.9846137802535724,NS,0,DOWN IN LIMBUS
XM_005264951,-1.0098697305968454,0.001991616855992749,Down,0.25745442115852235,0.7153201155862716,NS,-0.009953023187344812,0.9846137802535724,NS,0,DOWN IN LIMBUS
XM_005264952,-1.0098697305968454,0.001991616855992749,Down,0.25745442115852235,0.7153201155862716,NS,-0.009953023187344812,0.9846137802535724,NS,0,DOWN IN LIMBUS
XM_005264953,-1.0098697305968454,0.001991616855992749,Down,0.25745442115852235,0.7153201155862716,NS,-0.009953023187344812,0.9846137802535724,NS,0,DOWN IN LIMBUS
GPR160,1.3837681449750088,0.0019964779698915776,Up,-0.9254402554741601,0.2768201202925537,NS,-0.3750610202059823,0.4914783831263781,NS,1,C1 SPECIFIC
XM_006713582,1.3837681449750088,0.0019964779698915776,Up,-0.9254402554741601,0.2768201202925537,NS,-0.3750610202059823,0.4914783831263781,NS,1,C1 SPECIFIC
XM_006713584,1.3837681449750088,0.0019964779698915776,Up,-0.9254402554741601,0.2768201202925537,NS,-0.3750610202059823,0.4914783831263781,NS,1,C1 SPECIFIC
POLR3G,-1.177030936737875,0.002000480120369513,Down,0.14857477556865906,0.8811314380349261,NS,-1.0063340632040747,0.036502621809717466,Down,0,DOWN IN LIMBUS
RLN2,-1.3416553662352975,0.0020009626492745614,Down,-0.132052645689412,0.9119049838061896,NS,-0.8927346500610662,0.08897865792896589,NS,0,DOWN IN LIMBUS
ICAM2,1.1771916068144517,0.002001106371389475,Up,-0.3697397736370993,0.6391446476584615,NS,0.6653486887710711,0.14257118991382436,NS,1,C1 SPECIFIC
MPEG1,2.4357070107737613,0.0020048489636011594,Up,-0.8969950786435756,0.5693082426839784,NS,1.8988518253388733,0.05164821030700855,NS,1,C1 SPECIFIC
LAMC3,1.094154992123248,0.0020302283497344214,Up,0.6903388285217016,0.3054112145119819,NS,1.2397200392311873,0.009456887145612528,Up,2,SHARED C1 & C3
AOC3,1.8059019441346633,0.0020302283497344214,Up,0.7733182880429803,0.5120029199476603,NS,1.8568295054688697,0.015842816354231713,Up,2,SHARED C1 & C3
OLFML2A,1.17300780763214,0.002034703125585649,Up,0.2988372902439469,0.7170749036430183,NS,0.931639447200804,0.04875146193698843,NS,1,C1 SPECIFIC
DLGAP1,-1.0874282109836075,0.0020364530497083548,Down,0.14045940996054496,0.8775605268079594,NS,-0.6664754033108986,0.11499610417836806,NS,0,DOWN IN LIMBUS
BCAM,-1.3173831930281485,0.002037329033773853,Down,-0.0970614449317937,0.9362803941165442,NS,0.25076404111372774,0.6421799916132226,NS,0,DOWN IN LIMBUS
N4BP2L1,1.542661487529128,0.002043029395864792,Up,-0.3816779316042407,0.7243442439539061,NS,0.83884706372368,0.15894453056631871,NS,1,C1 SPECIFIC
XM_006719890,1.542661487529128,0.002043029395864792,Up,-0.3816779316042407,0.7243442439539061,NS,0.83884706372368,0.15894453056631871,NS,1,C1 SPECIFIC
CCL19,1.6178558451345069,0.002043404701203889,Up,0.33218149965976806,0.7831703162263421,NS,1.5467141898224925,0.023016230939323836,Up,2,SHARED C1 & C3
ALDH4A1,1.039306738214667,0.0020563575537181377,Up,0.8530157265622416,0.1775846018060309,NS,1.0236247090092823,0.019870217864871222,Up,2,SHARED C1 & C3
CELSR1,-1.0264987483606482,0.002057683124498972,Down,-0.017594135311813197,0.9883090123971865,NS,-1.073159193035396,0.014689869412906223,Down,0,DOWN IN LIMBUS
SLC16A2,1.120239091533561,0.0020704138669240817,Up,-0.5458971419884673,0.43988705578828874,NS,0.4609660252375818,0.28293177285064974,NS,1,C1 SPECIFIC
TSPAN15,-1.5655451504739863,0.0020816062312043614,Down,0.1537735973057499,0.9124837591639827,NS,-0.13711497806967632,0.8475721954675601,NS,0,DOWN IN LIMBUS
XM_006717738,-1.5655451504739863,0.0020816062312043614,Down,0.1537735973057499,0.9124837591639827,NS,-0.13711497806967632,0.8475721954675601,NS,0,DOWN IN LIMBUS
PIP4P2,1.3423599793070249,0.0020960755909244988,Up,0.7378741909797588,0.3770077659169766,NS,0.6187127194463171,0.22803756974985043,NS,1,C1 SPECIFIC
NEDD4L,-1.0604311983551664,0.002104955130654192,Down,-0.28844610789664404,0.6929802755684802,NS,-1.4253255779643865,0.0035236727083169427,Down,0,DOWN IN LIMBUS
SPINT1,-1.0979016009035139,0.0021166388550157168,Down,-0.5453422019575225,0.4314117663746457,NS,-1.3677411630094838,0.0055442001546615214,Down,0,DOWN IN LIMBUS
CALHM6,1.566513862971962,0.0021220196613267956,Up,-0.548938359822289,0.593323753130147,NS,0.8982052840360311,0.13999134133427218,NS,1,C1 SPECIFIC
CD163,3.1531649083304343,0.0021223753456997437,Up,-0.6222969542787506,0.7969614228888656,NS,2.558163473487162,0.04613846643541531,Up,2,SHARED C1 & C3
CLIC5,1.255896792936448,0.0021373055768068383,Up,-0.32298122742241286,0.7160019194007508,NS,0.11096900005324262,0.8470045661213614,NS,1,C1 SPECIFIC
H2BC12,1.8533526704122352,0.002138938899959689,Up,-0.4296682345639642,0.7484458986826232,NS,0.4802090130570775,0.516410653505549,NS,1,C1 SPECIFIC
E2F7,-1.4542281235376588,0.0021428788475649145,Down,-0.13217990282363878,0.9182961317530851,NS,-0.9037647055292561,0.11243325421216664,NS,0,DOWN IN LIMBUS
ABHD6,-1.1399689409997524,0.0021484606796387347,Down,-0.04151328845899194,0.9713795734872065,NS,0.5821628228712195,0.18517421844033957,NS,0,DOWN IN LIMBUS
IER3IP1,-1.021719480918816,0.0021535673615424894,Down,0.18299355348855872,0.8210889183594766,NS,-0.39445653318717877,0.31931944354302355,NS,0,DOWN IN LIMBUS
MST1R,-0.8364059939485688,0.0021566929699004395,NS,-0.4315409371574388,0.41378039991426036,NS,-1.1678773631694526,0.0029227986194314526,Down,0,DOWN IN LIMBUS
ODC1,-1.4794459232498003,0.0021637817081629,Down,-0.4598061707491663,0.647857438118597,NS,0.6732567032640127,0.23650502748518695,NS,0,DOWN IN LIMBUS
MC5R,-1.808805451832506,0.0021897406341398677,Down,-0.29229482235348847,0.8433159289333244,NS,0.11291038655514285,0.8957698898253269,NS,0,DOWN IN LIMBUS
FZD1,1.2218794362868302,0.002202871223657037,Up,0.27302357380900766,0.7611567208352752,NS,0.9993868603337264,0.04566901762348412,NS,1,C1 SPECIFIC
SLA,1.148125860237739,0.002207059541574001,Up,-0.17143174240040793,0.8583588828006292,NS,0.8554465075379944,0.06339401287202476,NS,1,C1 SPECIFIC
PEX5L,-1.722733549345603,0.0022149279250864478,Down,-0.054116921379346206,0.9762227176769305,NS,-1.4103999966143221,0.04566901762348412,Down,0,DOWN IN LIMBUS
ECHDC3,1.3466272574698266,0.002238009047757108,Up,0.8137277717453424,0.3320107300324488,NS,0.825432770110349,0.11989938684602042,NS,1,C1 SPECIFIC
C1orf53,-1.1369747719952548,0.002248551951384168,Down,-0.7274626849465875,0.3054112145119819,NS,-0.594902559017445,0.1785844018629222,NS,0,DOWN IN LIMBUS
SFN,-1.256578049133438,0.0022610942883342735,Down,-0.014291219285425427,0.9919699798114189,NS,-1.169379163509154,0.027792210759287186,Down,0,DOWN IN LIMBUS
NMU,-1.5107405997195684,0.002266214613206633,Down,0.9445085704913483,0.3171752544012327,NS,-0.5971587379368888,0.3108139855287603,NS,0,DOWN IN LIMBUS
ELP4,-1.1025877083449522,0.0022678231849672403,Down,0.18331647632935422,0.8373335706981292,NS,-0.18380225270541928,0.6952006923829687,NS,0,DOWN IN LIMBUS
CCL18,2.1241145964567614,0.00227657908641301,Up,-0.2397948998475652,0.8981045043059015,NS,1.6424357024575245,0.05675205291374485,NS,1,C1 SPECIFIC
CDK6,0.8972992740791632,0.002281246360705768,NS,-0.960645451801442,0.08828830854835298,NS,-1.1982588914955734,0.003984145342295272,Down,0,DOWN IN LIMBUS
XM_006715836,0.8972992740791632,0.002281246360705768,NS,-0.960645451801442,0.08828830854835298,NS,-1.1982588914955734,0.003984145342295272,Down,0,DOWN IN LIMBUS
CD82,-0.8496973612458234,0.002306146577732557,NS,-0.5424993360198673,0.3084005974748438,NS,-1.0954582898603462,0.00497472502005716,Down,0,DOWN IN LIMBUS
FAM110D,0.9684009653912793,0.0023105093879930445,NS,0.6770090813624936,0.2652331179273546,NS,1.0437922766756982,0.013848876275922956,Up,1,C3 SPECIFIC
ACTN1,2.1041954576523834,0.002315731636505534,Up,0.7573918704342493,0.5878793187364874,NS,-0.8053019715873972,0.329727528300732,NS,1,C1 SPECIFIC
C1QC,2.2356905869848234,0.0023199542565612696,Up,-0.7210071618841809,0.6375247351532735,NS,1.6310236953265767,0.0698850535756105,NS,1,C1 SPECIFIC
IGSF11,0.967481637431443,0.0023472132591512854,NS,0.24273093839848148,0.7271564562532378,NS,1.037959069835276,0.014345916867187657,Up,1,C3 SPECIFIC
CALHM2,0.8031762466734227,0.0023472132591512854,NS,0.21602557443181514,0.7048093949377532,NS,1.1230618591624326,0.003143619765917668,Up,1,C3 SPECIFIC
XM_006717879,0.8031762466734227,0.0023472132591512854,NS,0.21602557443181514,0.7048093949377532,NS,1.1230618591624326,0.003143619765917668,Up,1,C3 SPECIFIC
C1QA,1.602203502745569,0.0023538754742908276,Up,-0.8527409915230928,0.4047250575165198,NS,1.0915737966058092,0.08908850087975617,NS,1,C1 SPECIFIC
F3,2.317767557369942,0.0023538754742908276,Up,-0.9096375951409001,0.5555291410177046,NS,-0.2544538455163128,0.8081657666122751,NS,1,C1 SPECIFIC
RBM48,-0.5973101644947167,0.0023595509213506964,NS,-0.7271616416495963,0.048842755281796005,Down,-0.20897707930583564,0.37706351012385764,NS,0,DOWN IN LIMBUS
CDK14,1.7643440872356058,0.0023690536845432588,Up,0.8226986151552289,0.47839893056976784,NS,0.021883361896782638,0.9812077576659033,NS,1,C1 SPECIFIC
XM_005250435,1.7643440872356058,0.0023690536845432588,Up,0.8226986151552289,0.47839893056976784,NS,0.021883361896782638,0.9812077576659033,NS,1,C1 SPECIFIC
XM_005250439,1.7643440872356058,0.0023690536845432588,Up,0.8226986151552289,0.47839893056976784,NS,0.021883361896782638,0.9812077576659033,NS,1,C1 SPECIFIC
CXCL2,3.0419372181005526,0.0023698010068194985,Up,-0.21288777887097687,0.9414235208292442,NS,1.265965031161353,0.2873461002632638,NS,1,C1 SPECIFIC
DENND2C,-1.2980493270978606,0.0023736528431360163,Down,-0.29371584797457295,0.7611567208352752,NS,-0.4686391579480258,0.3611034483534511,NS,0,DOWN IN LIMBUS
OTUD1,-1.2312578191133046,0.0023937865596208316,Down,0.11573238447875056,0.9181057253596082,NS,0.6561799549070653,0.17541868898104185,NS,0,DOWN IN LIMBUS
LRRC3B,1.1310694401722503,0.0023988624127416836,Up,1.8688422344829432,0.009472800294270297,Up,1.2885999762779128,0.010449149875334346,Up,3,CORE - all 3 contrasts
RHOBTB2,-1.0103415369169513,0.002404033592883126,Down,0.2591944384969809,0.7219356893795215,NS,-0.1337917626634164,0.7662920892467352,NS,0,DOWN IN LIMBUS
BBOX1,-1.7490348283753452,0.0024057090828303145,Down,-0.6879669725749693,0.5558728608095119,NS,-0.2823183168768022,0.7102092958603673,NS,0,DOWN IN LIMBUS
DDX25,-1.2307136528260054,0.0024095727729317377,Down,0.47725118056820204,0.5603503288152636,NS,-0.23499154369909458,0.6495600148104081,NS,0,DOWN IN LIMBUS
LLGL2,-0.7282427557861917,0.00241016368860527,NS,-0.6454553419416031,0.16167517809755264,NS,-1.0332058231635841,0.0029325836139369047,Down,0,DOWN IN LIMBUS
XM_006721899,-0.7282427557861917,0.00241016368860527,NS,-0.6454553419416031,0.16167517809755264,NS,-1.0332058231635841,0.0029325836139369047,Down,0,DOWN IN LIMBUS
SEPTIN4,1.5676817088019952,0.0024145022394388765,Up,1.4435712205410862,0.14178196675612592,NS,1.5415281539339452,0.022661579213082414,Up,2,SHARED C1 & C3
VSIG4,2.5735195813973766,0.0024202741297878285,Up,-1.131704379116604,0.5123061069154227,NS,1.6973704317796487,0.10006002544649298,NS,1,C1 SPECIFIC
NFATC1,1.0668379893202893,0.0024289139474092066,Up,0.18505992996551512,0.8312953310131195,NS,1.0847415445591615,0.019235923456245026,Up,2,SHARED C1 & C3
STON2,-1.236622451443064,0.0024289139474092066,Down,0.34548071471887765,0.6919071880418421,NS,-0.40161280390064835,0.4167859732517555,NS,0,DOWN IN LIMBUS
XM_006720280,-1.236622451443064,0.0024289139474092066,Down,0.34548071471887765,0.6919071880418421,NS,-0.40161280390064835,0.4167859732517555,NS,0,DOWN IN LIMBUS
XM_006720281,-1.236622451443064,0.0024289139474092066,Down,0.34548071471887765,0.6919071880418421,NS,-0.40161280390064835,0.4167859732517555,NS,0,DOWN IN LIMBUS
MAP7D3,1.0096538211397217,0.0024298666416311967,Up,0.38421598558395065,0.5685114731979407,NS,0.10950069618504177,0.8120715059725504,NS,1,C1 SPECIFIC
C14orf132,1.077939062165287,0.0024369264568855128,Up,1.6026732218879332,0.017578831368199665,Up,1.5777710532393137,0.0024238079375671732,Up,3,CORE - all 3 contrasts
ETV4,-1.1169621232825993,0.002451654078319221,Down,0.3483015910516789,0.6538385990017889,NS,-0.4578442290682645,0.2983626296368406,NS,0,DOWN IN LIMBUS
SLCO2A1,2.106520271074654,0.0024699916639258908,Up,-0.41584885585072673,0.8032628819424439,NS,1.5897523261242288,0.06458257305373735,NS,1,C1 SPECIFIC
DRAM1,1.8326511052199725,0.0024813780132166845,Up,-0.3860292314190179,0.7843953847331655,NS,-0.6128261060087024,0.4044370707563057,NS,1,C1 SPECIFIC
IL6ST,1.2141215701927441,0.0024886585164503676,Up,0.27712680639196563,0.7611567208352752,NS,1.1500130768211436,0.0274329005689928,Up,2,SHARED C1 & C3
PLXNA1,1.0061202634282767,0.0024886585164503676,Up,0.040455706091838906,0.9689122761756602,NS,-0.7063689328389469,0.08335509751357324,NS,1,C1 SPECIFIC
MAP1A,1.2318342415878956,0.002493824473228885,Up,0.9233193064575334,0.23227488462129717,NS,1.4370419208120753,0.009561981573555119,Up,2,SHARED C1 & C3
RGN,1.0440088240843464,0.002498206759692057,Up,1.0813295287703069,0.09889420407059711,NS,1.208644483501014,0.009979429594916246,Up,2,SHARED C1 & C3
AP1S3,-1.0828591410589663,0.002498206759692057,Down,0.037692125811383814,0.9730855189820611,NS,-1.3392530078648361,0.006766437110067864,Down,0,DOWN IN LIMBUS
IFT81,1.0371764104416146,0.002498206759692057,Up,-0.009793916169987149,0.9933573847963686,NS,-0.02275446618784116,0.96573009961612,NS,1,C1 SPECIFIC
ANKRD35,1.5466167338566477,0.002543370223600648,Up,-0.19247109659148798,0.8884838015369529,NS,1.2020643362359005,0.05908621192787774,NS,1,C1 SPECIFIC
IRX5,1.833773213476448,0.0025524382998538585,Up,-0.32176532289608417,0.8307424446259324,NS,1.2874866217282763,0.08430651935257329,NS,1,C1 SPECIFIC
SULT1E1,2.2185309618313926,0.00255361902152669,Up,-0.01527512969064837,0.9952554888267175,NS,1.0968826229387956,0.21004261375222255,NS,1,C1 SPECIFIC
PRKAR2B,2.0855281419120573,0.00255573531348476,Up,-0.10323879615198273,0.961438722025245,NS,1.8097216840076626,0.03999777423866325,Up,2,SHARED C1 & C3
SLC6A4,-1.2819001863496853,0.0025572381257235877,Down,0.5723244913188958,0.5095906023913763,NS,0.2147112404260927,0.6999654053959916,NS,0,DOWN IN LIMBUS
ABCA1,1.2456413094977696,0.002583451459890881,Up,0.1387381785497288,0.902216933131275,NS,0.37729702239209306,0.4570128214674674,NS,1,C1 SPECIFIC
XM_005251780,1.2456413094977696,0.002583451459890881,Up,0.1387381785497288,0.902216933131275,NS,0.37729702239209306,0.4570128214674674,NS,1,C1 SPECIFIC
XM_006716995,1.2456413094977696,0.002583451459890881,Up,0.1387381785497288,0.902216933131275,NS,0.37729702239209306,0.4570128214674674,NS,1,C1 SPECIFIC
NR_034154,1.3160516290880437,0.002591511073216024,Up,-0.35268208909444443,0.7129949554327394,NS,1.0170212696371301,0.06093647724685659,NS,1,C1 SPECIFIC
SPTLC3,-1.0581881220895806,0.002602413538514042,Down,0.011538195049955569,0.9924534068970385,NS,-0.559293632559072,0.18342783595625456,NS,0,DOWN IN LIMBUS
FMO3,2.524034886582587,0.002622206250851193,Up,-0.43119974800276584,0.8362524303837697,NS,1.9520986089775514,0.06093647724685659,NS,1,C1 SPECIFIC
CENPU,-1.1725524562553868,0.002641669242013715,Down,-0.2610414137808439,0.7713002295915729,NS,-0.9160662177664269,0.05914211535163116,NS,0,DOWN IN LIMBUS
FGF9,-1.2415307438166758,0.002650651569778719,Down,-0.956513023513919,0.2245001822830493,NS,-0.4102260641725084,0.41494660384165327,NS,0,DOWN IN LIMBUS
ITIH5,1.2072324232266993,0.002663474043656802,Up,0.1801605685850447,0.8632228024399473,NS,0.935894632502662,0.06093647724685659,NS,1,C1 SPECIFIC
LOC646903,-1.0292164301324602,0.0026782724437148936,Down,0.29485252566039843,0.6885391041378018,NS,-0.22137252151259723,0.6104491362368543,NS,0,DOWN IN LIMBUS
LY6G6C,-1.5554132759813486,0.0026965117226203264,Down,0.36000397705145204,0.7604605662916429,NS,0.7523509017908694,0.22356122957656985,NS,0,DOWN IN LIMBUS
CLIC2,1.8906000527570859,0.002699438833208176,Up,-0.7154811799527598,0.5762515677953015,NS,0.9822880099141171,0.19239226258109224,NS,1,C1 SPECIFIC
INHBA,2.168729946642879,0.0027240056839768164,Up,0.7778221102762339,0.6002134414472846,NS,-1.6415173058671613,0.06702955455907926,NS,1,C1 SPECIFIC
CHST11,-1.5884564047241216,0.0027275607773731927,Down,0.03451018002760886,0.9856118607127142,NS,-1.4768272160289904,0.031466236015170124,Down,0,DOWN IN LIMBUS
RCSD1,1.3295132015528583,0.002754668354347227,Up,-0.6310564548081521,0.48100226062568796,NS,1.0176867388157707,0.06488588083503857,NS,1,C1 SPECIFIC
SH3BGRL2,-1.2209219676363148,0.002757425535573616,Down,0.16773816625006077,0.8758690645847782,NS,0.04909139035116539,0.9356695988318455,NS,0,DOWN IN LIMBUS
SCARF1,1.1165879331810915,0.002766492184734139,Up,0.107925790965961,0.9178044288792554,NS,0.9832760902305226,0.039377594681585186,NS,1,C1 SPECIFIC
GLRB,1.0547182511881008,0.0027931234768525373,Up,0.2608679131416163,0.7407315388947292,NS,0.5256086963425082,0.21226376472625233,NS,1,C1 SPECIFIC
ZFP36L2,0.8302143796707053,0.0028082299285877256,NS,0.0073171463504824175,0.9940401996639083,NS,1.1283520101113886,0.004353950453351668,Up,1,C3 SPECIFIC
MSX1,1.6869330298227334,0.0028082299285877256,Up,0.6277398213356742,0.5859770045542169,NS,1.4046778029809763,0.048870694753761594,Up,2,SHARED C1 & C3
LPAR6,-1.2627749274642195,0.002811824787746653,Down,0.4103264170229757,0.6452122294522318,NS,1.0603349716644406,0.047697887030257326,Up,1,C3 SPECIFIC
TM4SF18,1.7105165673573093,0.0028265435759187696,Up,-0.7710892458930978,0.5113106313721222,NS,1.0819446926735363,0.12098491304624107,NS,1,C1 SPECIFIC
RASSF2,1.0654868773546022,0.0028315424175162297,Up,-0.4056637536860981,0.5764685286175243,NS,0.8900161242595086,0.0485412411685836,NS,1,C1 SPECIFIC
KRT7,1.8553742958511013,0.0028315424175162297,Up,-2.1785914790116783,0.06661084001908026,NS,-2.4313342923387866,0.005358166518491989,Down,1,C1 SPECIFIC
XR_245927,1.8553742958511013,0.0028315424175162297,Up,-2.1785914790116783,0.06661084001908026,NS,-2.4313342923387866,0.005358166518491989,Down,1,C1 SPECIFIC
SYBU,1.7805808854920686,0.002832527740170617,Up,0.47469049796073826,0.7181823351424234,NS,0.9675946386946812,0.177037270743373,NS,1,C1 SPECIFIC
XM_005251000,1.7805808854920686,0.002832527740170617,Up,0.47469049796073826,0.7181823351424234,NS,0.9675946386946812,0.177037270743373,NS,1,C1 SPECIFIC
CPEB2,-1.1987399438924644,0.0028390058318791458,Down,-0.23562645177370367,0.8097972168393022,NS,0.8901493962907026,0.07327110980044277,NS,0,DOWN IN LIMBUS
XR_427486,-1.1987399438924644,0.0028390058318791458,Down,-0.23562645177370367,0.8097972168393022,NS,0.8901493962907026,0.07327110980044277,NS,0,DOWN IN LIMBUS
ACSL4,1.5136665220345296,0.002843692460613494,Up,0.7579562914070941,0.4508858016208956,NS,-0.20385079784663596,0.7680956581553121,NS,1,C1 SPECIFIC
PCDH17,1.1582857328143765,0.0028799491217955057,Up,0.1556206735550658,0.8795684550064288,NS,0.7512461097104985,0.11307237692211763,NS,1,C1 SPECIFIC
C1orf162,1.8847390126178247,0.002884469500674604,Up,-0.25540984410809386,0.877843943363872,NS,1.7446517998072215,0.0333250498484047,Up,2,SHARED C1 & C3
XM_005270475,1.8847390126178247,0.002884469500674604,Up,-0.25540984410809386,0.877843943363872,NS,1.7446517998072215,0.0333250498484047,Up,2,SHARED C1 & C3
XM_005270476,1.8847390126178247,0.002884469500674604,Up,-0.25540984410809386,0.877843943363872,NS,1.7446517998072215,0.0333250498484047,Up,2,SHARED C1 & C3
TAL1,1.1653005863183847,0.002886215192003582,Up,-0.29060642827259997,0.7401800739171789,NS,0.9190988824700197,0.059783254691171045,NS,1,C1 SPECIFIC
XM_005271160,1.1653005863183847,0.002886215192003582,Up,-0.29060642827259997,0.7401800739171789,NS,0.9190988824700197,0.059783254691171045,NS,1,C1 SPECIFIC
TUBA1A,1.4598441889988791,0.0029011825731751427,Up,0.3847933677744262,0.7221519126175013,NS,0.5840931922970078,0.3241516975751183,NS,1,C1 SPECIFIC
ZNF826P,-1.0815001449929262,0.0029155979213760456,Down,0.018385343993199577,0.9886680127532674,NS,-0.5399304816328607,0.2141652055515292,NS,0,DOWN IN LIMBUS
INHBB,1.1612980892855846,0.0029254016768346693,Up,0.02114249989468764,0.9882594584197891,NS,1.0411367974090204,0.03798896449408725,Up,2,SHARED C1 & C3
FXYD6,1.086027241474592,0.002930068411851743,Up,0.0406307739547902,0.9720270228258313,NS,0.9846243706408409,0.03623842656182535,NS,1,C1 SPECIFIC
POU3F3,1.307768669289258,0.002937115318526342,Up,2.7635071701314997,0.0016049883939527527,Up,1.8190252259673043,0.0039103201141195455,Up,3,CORE - all 3 contrasts
LSP1P4,1.141948613517343,0.002937398444536559,Up,-0.2525388209474855,0.7775583749663442,NS,1.2178824401887267,0.017361204992907685,Up,2,SHARED C1 & C3
LSP1P5,1.141948613517343,0.002937398444536559,Up,-0.2525388209474855,0.7775583749663442,NS,1.2178824401887267,0.017361204992907685,Up,2,SHARED C1 & C3
LCP1,1.1964467568590313,0.002946936681210838,Up,0.3725419602966431,0.6634076070027486,NS,-0.04168189071277428,0.9446057491292982,NS,1,C1 SPECIFIC
ANKRD28,1.2154351294646446,0.0029510736931715807,Up,0.26808180716080354,0.7786488845226118,NS,1.4886070194404066,0.00834472859266945,Up,2,SHARED C1 & C3
CKMT1A,-1.2994026166778685,0.0029510736931715807,Down,-0.43102139157725183,0.6393717904179261,NS,-0.6882078143763586,0.19018637497714172,NS,0,DOWN IN LIMBUS
CKMT1B,-1.2994026166778685,0.0029510736931715807,Down,-0.43102139157725183,0.6393717904179261,NS,-0.6882078143763586,0.19018637497714172,NS,0,DOWN IN LIMBUS
POPDC1,1.1562579655305036,0.0029672440699704313,Up,0.3261994173225675,0.7001895710105196,NS,-0.5229831168467411,0.2635070141546858,NS,1,C1 SPECIFIC
FOXO3B,0.912346640528586,0.002967776277222694,NS,0.5823844623716141,0.32676304587906574,NS,1.0135608161513368,0.014387492759032334,Up,1,C3 SPECIFIC
MYH10,1.0861991479798068,0.0029928666106949246,Up,0.6118714737218944,0.39402779002343413,NS,0.5793541036063701,0.18849982520523692,NS,1,C1 SPECIFIC
ZNF174,-1.0144087347547526,0.0030008223662192713,Down,-0.1628642309411159,0.8532973091712617,NS,-0.3408721906655421,0.4159127006354807,NS,0,DOWN IN LIMBUS
PENK,3.3033268281526116,0.0030491038989623187,Up,1.0640211109255588,0.6539979381793479,NS,3.0703527063738774,0.0338246972173243,Up,2,SHARED C1 & C3
HOXD1,1.0634610358946235,0.0030557338651417028,Up,0.8096725939749039,0.24028380042008785,NS,1.1645043882257706,0.015842816354231713,Up,2,SHARED C1 & C3
XM_005246507,1.0634610358946235,0.0030557338651417028,Up,0.8096725939749039,0.24028380042008785,NS,1.1645043882257706,0.015842816354231713,Up,2,SHARED C1 & C3
AP1M2,-1.020734617217962,0.003064570109204026,Down,-0.7604832738706939,0.25478534238298484,NS,-1.8014403809014086,9.031405905669744e-4,Down,0,DOWN IN LIMBUS
MS4A6A,1.8919098785439465,0.003065760497233212,Up,-0.9969033597969377,0.4307307539658875,NS,1.387912973910908,0.07988911681109727,NS,1,C1 SPECIFIC
XM_006718658,1.8919098785439465,0.003065760497233212,Up,-0.9969033597969377,0.4307307539658875,NS,1.387912973910908,0.07988911681109727,NS,1,C1 SPECIFIC
XM_006718659,1.8919098785439465,0.003065760497233212,Up,-0.9969033597969377,0.4307307539658875,NS,1.387912973910908,0.07988911681109727,NS,1,C1 SPECIFIC
SIRT2,-0.5400426413740629,0.0031353746748893924,NS,-0.8224238263310548,0.018696313938092863,Down,-0.28870516233963794,0.19023301102759776,NS,0,DOWN IN LIMBUS
XM_006723111,-0.5400426413740629,0.0031353746748893924,NS,-0.8224238263310548,0.018696313938092863,Down,-0.28870516233963794,0.19023301102759776,NS,0,DOWN IN LIMBUS
EBF2,1.0828158371666272,0.003158979475338484,Up,0.5166981338512056,0.49163741820920387,NS,0.9405564414185679,0.044935394075344796,NS,1,C1 SPECIFIC
TJP2,-0.7735175188118175,0.0031661502301395155,NS,0.05981209056012471,0.9373847401179237,NS,-1.07622923371202,0.004241669232960824,Down,0,DOWN IN LIMBUS
STUM,0.7833122841607052,0.003190738779057026,NS,0.885696124446385,0.08783875992634103,NS,1.1651842644684343,0.0028461879507644923,Up,1,C3 SPECIFIC
ROBO4,1.2993051631845312,0.003217336427409539,Up,-0.29910422522664337,0.770068672886843,NS,1.1754087139558802,0.039006102917516425,Up,2,SHARED C1 & C3
CCL5,1.4141893284634444,0.003217336427409539,Up,0.2571415426217145,0.8305810118927073,NS,1.0341628196440444,0.08274973952448227,NS,1,C1 SPECIFIC
FOXL2,1.2370072648326675,0.003218961923184157,Up,-1.1785425803680623,0.1476192020885094,NS,1.0067601128156367,0.057073925906946696,NS,1,C1 SPECIFIC
CD86,1.142069823234964,0.0032469600607857234,Up,-0.2981802039230823,0.7301356059046624,NS,-0.2682676732906337,0.5860766387727737,NS,1,C1 SPECIFIC
PALLD,1.975579206071795,0.0032917859191431377,Up,1.1299608738696767,0.39310578715507616,NS,0.8587941334955662,0.2907179910544307,NS,1,C1 SPECIFIC
MMP3,3.6360028437504104,0.003294532900340513,Up,1.2770348453088562,0.624736807660339,NS,0.658392482601629,0.6853295268562112,NS,1,C1 SPECIFIC
HEPH,1.7819629203588798,0.00331816242717668,Up,1.2355249358309788,0.2991446524229498,NS,1.6013861172876762,0.04079181885009573,Up,2,SHARED C1 & C3
CAND2,0.8751714054434174,0.0033338180860670564,NS,0.11184747398460093,0.8901041703004049,NS,1.034660519125799,0.011356365764828376,Up,1,C3 SPECIFIC
DACT1,2.084569039494643,0.0033510864891532154,Up,1.3635721623208683,0.32420145966696523,NS,2.004465323786583,0.03128076918391012,Up,2,SHARED C1 & C3
XM_006720166,2.084569039494643,0.0033510864891532154,Up,1.3635721623208683,0.32420145966696523,NS,2.004465323786583,0.03128076918391012,Up,2,SHARED C1 & C3
XM_006720167,2.084569039494643,0.0033510864891532154,Up,1.3635721623208683,0.32420145966696523,NS,2.004465323786583,0.03128076918391012,Up,2,SHARED C1 & C3
RASSF6,-1.5267240880702522,0.0033510864891532154,Down,-0.16058091880192116,0.9131473220379549,NS,-0.6163778867176726,0.3305924229975375,NS,0,DOWN IN LIMBUS
ALDH7A1,-0.6979981306776573,0.0033629470654384956,NS,0.30716742789608453,0.5325417163395108,NS,1.1050765421150128,0.001969154542449248,Up,1,C3 SPECIFIC
CFD,2.1947966473846465,0.0033765525616768145,Up,-1.1015661831820065,0.4661862353227666,NS,1.758778044522506,0.06162006628697975,NS,1,C1 SPECIFIC
PKHD1L1,1.3772554568229776,0.0033798087792095534,Up,-1.1150192719297305,0.2142288164337263,NS,0.9363379378772034,0.10634127888464104,NS,1,C1 SPECIFIC
CITED4,-1.1193980510566854,0.0033798087792095534,Down,0.05720692778190184,0.961438722025245,NS,-0.7499084732710504,0.11068252007276011,NS,0,DOWN IN LIMBUS
XM_006716464,1.0952863391996015,0.0033798087792095534,Up,0.6682457299775324,0.3655789966826069,NS,1.4586489873035013,0.005674546524667141,Up,2,SHARED C1 & C3
ZNF704,1.0952863391996015,0.0033798087792095534,Up,0.6682457299775324,0.3655789966826069,NS,1.4586489873035013,0.005674546524667141,Up,2,SHARED C1 & C3
XM_005278365,-1.2360792049062654,0.0033814891471717155,Down,-0.11163132022428357,0.9263059377877105,NS,-0.37189067880490523,0.47973380179089004,NS,0,DOWN IN LIMBUS
ZNF141,-1.2360792049062654,0.0033814891471717155,Down,-0.11163132022428357,0.9263059377877105,NS,-0.37189067880490523,0.47973380179089004,NS,0,DOWN IN LIMBUS
DAAM2,1.486135308931063,0.0034292353233944676,Up,0.2303130545973442,0.8632228024399473,NS,1.653584209053352,0.015851218671173513,Up,2,SHARED C1 & C3
XM_006715042,1.486135308931063,0.0034292353233944676,Up,0.2303130545973442,0.8632228024399473,NS,1.653584209053352,0.015851218671173513,Up,2,SHARED C1 & C3
SERINC2,-0.8242586495617914,0.0034331388590679024,NS,-0.6516475423903021,0.23146118547554306,NS,-1.09123615878136,0.005930187647824005,Down,0,DOWN IN LIMBUS
CIART,-1.482784960668921,0.0034409326167665058,Down,0.6824496816633081,0.5140275895783977,NS,0.8595816544497268,0.1643942458716409,NS,0,DOWN IN LIMBUS
XM_005244910,-1.482784960668921,0.0034409326167665058,Down,0.6824496816633081,0.5140275895783977,NS,0.8595816544497268,0.1643942458716409,NS,0,DOWN IN LIMBUS
CEMIP,2.1811705942286377,0.003457606224545302,Up,1.3151686960907512,0.3744559591495256,NS,2.567087624256705,0.01211208828411988,Up,2,SHARED C1 & C3
ADCY2,1.6230968016018226,0.0034643823922636693,Up,1.420105901160479,0.1823501530586319,NS,1.4373492435600772,0.04417295173652334,Up,2,SHARED C1 & C3
BDKRB1,-1.2627584685524385,0.003477559862694237,Down,0.4848979855803597,0.5867609910993641,NS,0.4231517359314214,0.4285520671022917,NS,0,DOWN IN LIMBUS
TLR8,1.0393738787833864,0.003491663951729333,Up,-0.1656839722631469,0.8588601970257411,NS,0.7934573323117058,0.07449129731770351,NS,1,C1 SPECIFIC
RASSF5,-1.3336157401136433,0.003501352465028053,Down,0.035076331432140506,0.9822761680130541,NS,0.7281841231422295,0.1885807299032733,NS,0,DOWN IN LIMBUS
TRIM37,-1.0225743630346118,0.0035035912273793306,Down,-0.1970307063514234,0.8213716447441193,NS,-0.5585466243060289,0.18849353736927868,NS,0,DOWN IN LIMBUS
IL31RA,-1.1496544948740484,0.0035035912273793306,Down,0.024196599046795164,0.9866122469813824,NS,-1.3947366825545853,0.010189499405192726,Down,0,DOWN IN LIMBUS
PTHLH,0.9782789564293677,0.003514594570816865,NS,-2.239481557858565,0.0012289918146469168,Down,-3.758645546126397,2.862999176477103e-6,Down,0,DOWN IN LIMBUS
XM_006719115,0.9782789564293677,0.003514594570816865,NS,-2.239481557858565,0.0012289918146469168,Down,-3.758645546126397,2.862999176477103e-6,Down,0,DOWN IN LIMBUS
MXRA8,1.358432667663883,0.003514594570816865,Up,0.5382702116997722,0.5730653540587388,NS,1.5553725859681062,0.014064763624818894,Up,2,SHARED C1 & C3
FAM83E,-0.5271261480093203,0.003556652236487115,NS,-0.681409844016736,0.04939826513770367,Down,-0.3990586237035352,0.07739338605508818,NS,0,DOWN IN LIMBUS
LONRF1,-1.0956639067585847,0.0035606000057149586,Down,0.8526476221227739,0.24028380042008785,NS,0.9493142520070261,0.0483480888621601,NS,0,DOWN IN LIMBUS
SMIM10,1.0225035748217883,0.0035647137025682776,Up,0.47876412334876584,0.5105645239933616,NS,1.032689528256125,0.026188420816985757,Up,2,SHARED C1 & C3
DPP4,1.7520144466192917,0.003593670959077988,Up,-0.5006645767807667,0.706413601994736,NS,0.9012515992576917,0.21514957295790213,NS,1,C1 SPECIFIC
PDE2A,1.2573511271712974,0.0036059159871318722,Up,-0.32841679357803866,0.7354982447384906,NS,0.9188518466338671,0.08774691946135198,NS,1,C1 SPECIFIC
IQCA1,1.0841169670138777,0.003610746765921621,Up,-0.7469449798565551,0.3054112145119819,NS,-0.7102120781880208,0.1219777465114518,NS,1,C1 SPECIFIC
DCT,4.535529392576681,0.003619462088432537,Up,-0.19366544399326457,0.9689082283318393,NS,3.1166720328389736,0.1062701976247419,NS,1,C1 SPECIFIC
SNORD114-3,1.0126468510013975,0.0036204365920888943,Up,0.44852211944036213,0.5370757775564002,NS,0.01777375868130804,0.9745316423625919,NS,1,C1 SPECIFIC
CD99L2,1.1391661409872382,0.0036315943191977435,Up,0.549469068723619,0.4964080259108351,NS,0.9904831272338184,0.048213593472241835,NS,1,C1 SPECIFIC
MATN2,-0.9883183723775044,0.0036610037597315636,NS,1.8386821733651928,0.006029690930712592,Up,2.334753187643866,1.9169817500651557e-4,Up,2,SHARED C2 & C3
FLNA,1.76367087322671,0.0036673661575677466,Up,0.5678950701637007,0.6634076070027486,NS,-0.14181053931316612,0.8742295378240467,NS,1,C1 SPECIFIC
EIF5A2,1.2110657333489376,0.0036684193432806322,Up,0.5435139148649641,0.5292666450547853,NS,-0.20131339461326192,0.7213504478711703,NS,1,C1 SPECIFIC
STS,1.4760343873648214,0.0036742733711859067,Up,-1.0593304437274451,0.2871378831965068,NS,-1.5572546390397983,0.021876276608252955,Down,1,C1 SPECIFIC
TEAD1,1.1449628655654998,0.003680817208280471,Up,0.5473651453760588,0.5038037337314697,NS,0.20067860538171267,0.7038844055811182,NS,1,C1 SPECIFIC
LYVE1,2.3949995913958935,0.0036911135713565088,Up,-1.2479858298807205,0.4509535029282703,NS,1.741406318669224,0.09005663377993925,NS,1,C1 SPECIFIC
RGCC,1.8395308328894666,0.003704955598906884,Up,0.7311797212041222,0.576086554336799,NS,1.9889478967771002,0.019431490691945805,Up,2,SHARED C1 & C3
ENPP1,1.7384938193068047,0.003704955598906884,Up,1.7471202129986514,0.13051160792637634,NS,1.751517578122404,0.027337002139233926,Up,2,SHARED C1 & C3
ISM1,1.2425280118946915,0.003723432401985251,Up,0.0033489560735002755,0.9978255236721971,NS,0.7996753234195468,0.12941057240254916,NS,1,C1 SPECIFIC
SLC2A14,1.9122540842846538,0.0037342631862508327,Up,1.1256559450063284,0.38978024517146476,NS,1.7486631017262306,0.04096603169775214,Up,2,SHARED C1 & C3
XM_005253317,1.9122540842846538,0.0037342631862508327,Up,1.1256559450063284,0.38978024517146476,NS,1.7486631017262306,0.04096603169775214,Up,2,SHARED C1 & C3
ZNF300P1,1.215812861148314,0.0037551964108837772,Up,0.14709606047252155,0.8989975012100013,NS,0.7350562058271564,0.15382811135508379,NS,1,C1 SPECIFIC
SELENOP,1.410915010656833,0.0037581589898005915,Up,-0.12681365551167811,0.9271140602342673,NS,1.2555389978224607,0.04540696417154234,Up,2,SHARED C1 & C3
CNGA1,-1.4847847820331213,0.0037879328092606146,Down,0.00278091820577675,0.998439214265333,NS,-0.982926970971433,0.12110176507643079,NS,0,DOWN IN LIMBUS
PDK4,2.6812870391620534,0.0037879328092606146,Up,0.27044455613199503,0.9180902553755048,NS,1.5795143629286184,0.1639244042431901,NS,1,C1 SPECIFIC
SPATS2L,1.1119133730351103,0.0037885301697948553,Up,0.6743820731498853,0.37658196035847036,NS,0.40804884718098844,0.38963400399868414,NS,1,C1 SPECIFIC
XM_005246456,1.1119133730351103,0.0037885301697948553,Up,0.6743820731498853,0.37658196035847036,NS,0.40804884718098844,0.38963400399868414,NS,1,C1 SPECIFIC
XM_005246457,1.1119133730351103,0.0037885301697948553,Up,0.6743820731498853,0.37658196035847036,NS,0.40804884718098844,0.38963400399868414,NS,1,C1 SPECIFIC
FKBP10,1.5399114046069995,0.0038141174245205946,Up,0.9230300257190107,0.3807665241010315,NS,1.5184204725811945,0.030624048116928884,Up,2,SHARED C1 & C3
XM_006722008,1.5399114046069995,0.0038141174245205946,Up,0.9230300257190107,0.3807665241010315,NS,1.5184204725811945,0.030624048116928884,Up,2,SHARED C1 & C3
AQP1,1.613134357565416,0.003815187354447614,Up,1.2140336203052122,0.2652331179273546,NS,2.0031398941244944,0.009680342053792179,Up,2,SHARED C1 & C3
CDH19,2.5555863287590563,0.003832211169643844,Up,1.6378512937055651,0.3477658597086686,NS,2.622243853687152,0.02576358041835886,Up,2,SHARED C1 & C3
EMILIN2,1.9765151815190523,0.003844235829281361,Up,-0.8029558194154838,0.569681074088485,NS,0.5140861225001974,0.555606131653645,NS,1,C1 SPECIFIC
HINT3,-1.0603475124094581,0.003852075999503483,Down,-0.6579581589382171,0.36871264517923336,NS,-1.11603742559232,0.02303751206710226,Down,0,DOWN IN LIMBUS
SYT8,-1.3926557924911886,0.003854076227828849,Down,-0.4584114483838242,0.6599118143032238,NS,0.4479783419101935,0.45739390803283964,NS,0,DOWN IN LIMBUS
TNN,1.8476824406315107,0.003854076227828849,Up,2.1655500553028064,0.08428376309242612,NS,1.7181510347718003,0.039077737902481646,Up,2,SHARED C1 & C3
UGGT2,1.015587105711493,0.00385460353625386,Up,0.10765460348148359,0.914553901417038,NS,0.25617098186315523,0.5692280826701573,NS,1,C1 SPECIFIC
CCN5,1.3140746988250847,0.0038690974322649566,Up,-0.3075941420503989,0.773283429007862,NS,1.2998531238687256,0.030590362531278014,Up,2,SHARED C1 & C3
OCLN,-1.703479201809314,0.0038699479116829174,Down,-0.9460123977113257,0.42305591481156285,NS,-1.5942564701893218,0.03812367458444565,Down,0,DOWN IN LIMBUS
TPPP,1.098058116899951,0.00389898874732311,Up,0.08028258660143628,0.9438358380491281,NS,0.6485873100705764,0.16485983129320078,NS,1,C1 SPECIFIC
XM_005248237,1.098058116899951,0.00389898874732311,Up,0.08028258660143628,0.9438358380491281,NS,0.6485873100705764,0.16485983129320078,NS,1,C1 SPECIFIC
TCEAL2,2.3615735905324247,0.003913044781454782,Up,1.3019956743043286,0.4276053480374435,NS,2.1673441097243273,0.041648148826691364,Up,2,SHARED C1 & C3
PLA2G7,0.9235837933343238,0.003925698308845045,NS,-1.0803676133543378,0.08704032316994355,NS,-1.9941355882878868,3.187470488888357e-4,Down,0,DOWN IN LIMBUS
TRIM16,-1.2570495816376788,0.003927992897282927,Down,-0.8328004619113489,0.32893673797904827,NS,-1.585384188500063,0.009082103429371265,Down,0,DOWN IN LIMBUS
PLEKHG1,-1.0366864822567363,0.003939678815843471,Down,0.2552190296181598,0.7593690088313383,NS,0.3581767960034332,0.4232702952144089,NS,0,DOWN IN LIMBUS
XM_005267064,-1.0366864822567363,0.003939678815843471,Down,0.2552190296181598,0.7593690088313383,NS,0.3581767960034332,0.4232702952144089,NS,0,DOWN IN LIMBUS
DNER,-2.0730342946727216,0.003941596694585021,Down,3.0410349645406427,0.030354325138196806,Up,0.6706851812305512,0.4566605322017849,NS,1,C2 SPECIFIC
TMEM139,-1.1715432518144553,0.00395711050722786,Down,-0.9431904239265325,0.23227488462129717,NS,-1.6349426065262938,0.005052805128123701,Down,0,DOWN IN LIMBUS
XDH,-1.2030319187749647,0.004018908328475502,Down,-0.7146405552558495,0.39062283455931135,NS,-1.4313342730459517,0.012931354188712833,Down,0,DOWN IN LIMBUS
SLC2A3,2.229120221218423,0.004044155365308047,Up,1.1793727038098467,0.4508858016208956,NS,1.6040535711064345,0.09745549297303809,NS,1,C1 SPECIFIC
MAMDC2,1.7419114312572006,0.004044252128169083,Up,-0.43330612609459784,0.7572003493859766,NS,0.05683922066384817,0.9514040415710054,NS,1,C1 SPECIFIC
TMEM176A,1.0671353740563827,0.004091735777134556,Up,-0.4082756359521911,0.5994394115738023,NS,0.6716627150027907,0.1431722033316269,NS,1,C1 SPECIFIC
SIPA1L2,1.3887471785750973,0.004095235566446481,Up,0.26695835770451026,0.8260414863903855,NS,1.3298361864730541,0.03590757077761056,Up,2,SHARED C1 & C3
HCAR3,-1.899805890743945,0.004122489225448541,Down,0.3200708346681864,0.8532973091712617,NS,-0.3235838647273628,0.7195700660643009,NS,0,DOWN IN LIMBUS
CHMP4C,-0.9648730790401316,0.004144556600939291,NS,-0.4829869073556434,0.4861137831368931,NS,-1.4312800909575714,0.0036509084453911628,Down,0,DOWN IN LIMBUS
GNA12,1.0025793849497537,0.004193380582231153,Up,0.02592205690373106,0.9831058381290984,NS,-0.5946412675921753,0.16742261575315906,NS,1,C1 SPECIFIC
TGFBR3,1.0413592227739201,0.004211605263149619,Up,0.43981612160567707,0.5603503288152636,NS,2.504434723843268,1.9815855100106903e-4,Up,2,SHARED C1 & C3
RNF125,1.0405300634637227,0.004215551558014823,Up,0.10148608924284908,0.9226933925130779,NS,0.1873289478400153,0.7018341113238603,NS,1,C1 SPECIFIC
ADH7,-2.915231501820598,0.004228603859275626,Down,-0.5268086243605481,0.8412251319725266,NS,2.4728755034498375,0.05723379977612283,NS,0,DOWN IN LIMBUS
MUC16,-0.9771464334211126,0.004229342836209668,NS,0.011903385634558283,0.992133106471241,NS,-1.5570950992769816,0.002408256216128296,Down,0,DOWN IN LIMBUS
MMP28,-1.8145486273074845,0.0042417459764971825,Down,1.0409779109316126,0.4137749169743042,NS,-2.0533137207080934,0.01715283802587757,Down,0,DOWN IN LIMBUS
A1BG,0.9542423756627914,0.004242702397698903,NS,0.8719865241943792,0.17847353839792618,NS,1.2087459393329985,0.009524732511721562,Up,1,C3 SPECIFIC
PKNOX2,0.9307985548276885,0.004244984181530294,NS,0.8339858185521538,0.1856009301458489,NS,1.125791911251632,0.012440772654968105,Up,1,C3 SPECIFIC
CCN1,2.0488701880859725,0.004252928326837423,Up,1.7501383118529255,0.20759320821188212,NS,2.5545861172744644,0.01030164632367025,Up,2,SHARED C1 & C3
MGARP,-1.6985501042080013,0.004252928326837423,Down,2.7047101646612646,0.018885383604596958,Up,2.670426870894458,0.002671065691383053,Up,2,SHARED C2 & C3
CXCR4,1.5722180312712926,0.00428093888139302,Up,0.2141804224377326,0.8864640681946682,NS,1.3239380058083103,0.05908237741423286,NS,1,C1 SPECIFIC
CFB,1.4069369057383412,0.0042813900985737355,Up,-1.325232356892787,0.1692302700950745,NS,-2.08313066042556,0.003810967377541773,Down,1,C1 SPECIFIC
CYBB,1.7685596850015948,0.004292856678481147,Up,-0.6118684646654629,0.6468332049424975,NS,1.4892676240750147,0.05914588110651263,NS,1,C1 SPECIFIC
FAM20A,1.4098079621145576,0.0043149143594145845,Up,-0.21346079560498676,0.8734806851026155,NS,1.1102103912306092,0.07501397829005219,NS,1,C1 SPECIFIC
XM_006721958,1.4098079621145576,0.0043149143594145845,Up,-0.21346079560498676,0.8734806851026155,NS,1.1102103912306092,0.07501397829005219,NS,1,C1 SPECIFIC
HSD17B14,1.1360506470094895,0.004336873211434261,Up,0.7058202460534986,0.37658196035847036,NS,0.04202432143458168,0.9446057491292982,NS,1,C1 SPECIFIC
DHCR7,-0.9638381277507051,0.004352380832211123,NS,-0.04870474075210751,0.9630561750337638,NS,-1.1760304527803953,0.01211208828411988,Down,0,DOWN IN LIMBUS
PLPP1,0.9265520898158766,0.004358335690181014,NS,0.14432074192670363,0.8683480551127832,NS,1.534272257731308,0.0019094631295630967,Up,1,C3 SPECIFIC
MNDA,1.728689622977714,0.004376814995945127,Up,-0.7197567798915081,0.5685114731979407,NS,1.079374786706035,0.1505794529866008,NS,1,C1 SPECIFIC
ULBP2,-1.7755743850629209,0.004377923869594296,Down,1.2708571478887238,0.3051888816129426,NS,-0.986901134175687,0.19556076781085543,NS,0,DOWN IN LIMBUS
NAV3,1.5002784934649043,0.004377923869594296,Up,0.591775808780894,0.5892109065976312,NS,0.5750668123064111,0.3790064722260953,NS,1,C1 SPECIFIC
XM_006719677,1.5002784934649043,0.004377923869594296,Up,0.591775808780894,0.5892109065976312,NS,0.5750668123064111,0.3790064722260953,NS,1,C1 SPECIFIC
NR_046020,-1.3208750808638365,0.004418370164389499,Down,-0.747423975758597,0.42305591481156285,NS,-0.8856417326558477,0.12467671553355271,NS,0,DOWN IN LIMBUS
TMPRSS3,-1.3208750808638365,0.004418370164389499,Down,-0.747423975758597,0.42305591481156285,NS,-0.8856417326558477,0.12467671553355271,NS,0,DOWN IN LIMBUS
NDC1,-1.1569896409422968,0.0044309786307488224,Down,-0.10552356598651702,0.9277179898831864,NS,-0.8405500257127159,0.09900971305831952,NS,0,DOWN IN LIMBUS
XM_006710762,-1.1569896409422968,0.0044309786307488224,Down,-0.10552356598651702,0.9277179898831864,NS,-0.8405500257127159,0.09900971305831952,NS,0,DOWN IN LIMBUS
C1orf210,-1.0450509766638723,0.004441618283387664,Down,-0.7470813877555704,0.3054112145119819,NS,-0.26875239198340584,0.5703858374523981,NS,0,DOWN IN LIMBUS
XM_005270523,-1.0450509766638723,0.004441618283387664,Down,-0.7470813877555704,0.3054112145119819,NS,-0.26875239198340584,0.5703858374523981,NS,0,DOWN IN LIMBUS
SERPINE2,2.418458002113134,0.004463813840967218,Up,0.28566399582735613,0.9052448350052164,NS,-0.9365977419109086,0.3754424136043181,NS,1,C1 SPECIFIC
RAMP3,1.0118528873324397,0.004493883196415289,Up,0.17343345348816008,0.853026252866047,NS,0.8686079560776188,0.05682244179648867,NS,1,C1 SPECIFIC
TTC39A,1.0099062225926918,0.004510242668140195,Up,-0.5652001389239851,0.4307307539658875,NS,-0.5030953589427547,0.2480297756654296,NS,1,C1 SPECIFIC
OVOL1,-1.51543186124176,0.004530381221412965,Down,-0.4902920446288217,0.6723092286290799,NS,0.21739399613309196,0.7704217836875106,NS,0,DOWN IN LIMBUS
XM_005274017,-1.51543186124176,0.004530381221412965,Down,-0.4902920446288217,0.6723092286290799,NS,0.21739399613309196,0.7704217836875106,NS,0,DOWN IN LIMBUS
SNCAIP,1.4157209340871795,0.004541853366185841,Up,0.0831052262220684,0.9577995743175097,NS,1.1320548588326087,0.07327110980044277,NS,1,C1 SPECIFIC
SLC16A7,1.3229531202101654,0.004546313713703349,Up,-0.8333233266118389,0.37413014448055587,NS,0.8295619700769574,0.15149096203014017,NS,1,C1 SPECIFIC
XM_006725699,1.830109665371345,0.004641922644152237,Up,0.2866418746307886,0.8687055936449989,NS,2.0072511145999323,0.021727567811050924,Up,2,SHARED C1 & C3
XM_006725907,1.830109665371345,0.004641922644152237,Up,0.2866418746307886,0.8687055936449989,NS,2.0072511145999323,0.021727567811050924,Up,2,SHARED C1 & C3
XM_006725908,1.830109665371345,0.004641922644152237,Up,0.2866418746307886,0.8687055936449989,NS,2.0072511145999323,0.021727567811050924,Up,2,SHARED C1 & C3
MYO1E,-0.7707899304259325,0.004679226765916291,NS,-0.0027184554075319056,0.9975584361588662,NS,-1.3417107599394553,0.001483878328393395,Down,0,DOWN IN LIMBUS
LCN2,3.106182056697085,0.004694940857698794,Up,-1.967926705250159,0.37313043643207233,NS,-1.6958620325793579,0.2075753140252517,NS,1,C1 SPECIFIC
CLDN4,-1.163254154295716,0.004704670507846614,Down,-0.48486606902799423,0.5716630665404882,NS,-0.39322805381252124,0.4491249475697516,NS,0,DOWN IN LIMBUS
CHSY3,1.1628125748971163,0.004704670507846614,Up,0.7742477845555555,0.3434929630921007,NS,1.0599886363975157,0.04736498643460279,Up,2,SHARED C1 & C3
PDPN,1.4254917501117355,0.0047194947941361825,Up,0.7244405434156196,0.491417774851666,NS,-0.6625262843120083,0.2852772996833699,NS,1,C1 SPECIFIC
NECTIN4,-1.3493337215979562,0.004720486843311558,Down,-0.18367980704012155,0.8889262037016061,NS,-0.5763046675209793,0.32965299349333776,NS,0,DOWN IN LIMBUS
ITGA9,1.550722300652347,0.004723383294545502,Up,-1.1105439895043112,0.3054112145119819,NS,0.9943058012365915,0.1449353945851016,NS,1,C1 SPECIFIC
ADGRF1,-1.8265931602979224,0.004730952477467311,Down,-1.5316914988354702,0.2284103192923819,NS,-2.075467641990329,0.018434724556755665,Down,0,DOWN IN LIMBUS
SLC26A2,-1.4914715264723561,0.004776800417737357,Down,0.08100484068880398,0.961438722025245,NS,1.305541882371413,0.055046368773497056,NS,0,DOWN IN LIMBUS
NR1D1,-1.6445542325920695,0.0048026667298028845,Down,0.3755598709998189,0.7896702718326768,NS,1.590385145137354,0.03836988550113666,Up,1,C3 SPECIFIC
VWF,1.1717055936423018,0.004855010389787698,Up,0.2894738961356573,0.7681014177057226,NS,1.1554031974671641,0.03562123089027708,Up,2,SHARED C1 & C3
GPR34,2.1417697862039473,0.004866217148504276,Up,-0.8637697053613573,0.5878793187364874,NS,1.4312846278284033,0.1312125758443868,NS,1,C1 SPECIFIC
RPS27,1.0689437714734638,0.00487066379476062,Up,0.6815844887571902,0.3729920550977031,NS,0.7803443205707756,0.10217081762118331,NS,1,C1 SPECIFIC
ELAPOR2,0.7843757449923316,0.004875463666071935,NS,0.268001078668056,0.6599118143032238,NS,1.1755394619781105,0.0040564063240324175,Up,1,C3 SPECIFIC
RHEX,-1.0738426965038936,0.004884774522472525,Down,-1.052804024516905,0.16587051266626415,NS,-0.7739116897139349,0.10640272291104899,NS,0,DOWN IN LIMBUS
XM_005272738,-1.0738426965038936,0.004884774522472525,Down,-1.052804024516905,0.16587051266626415,NS,-0.7739116897139349,0.10640272291104899,NS,0,DOWN IN LIMBUS
VNN2,1.1298284970003554,0.00494020685053523,Up,-0.4794910192871944,0.5685114731979407,NS,-2.072798068739366,0.0011338087819239026,Down,1,C1 SPECIFIC
CDH6,1.8504586787464632,0.004972413519033569,Up,0.48784378166391296,0.749440573119559,NS,0.13993128962314483,0.8882195631234628,NS,1,C1 SPECIFIC
STIMATE,1.04324371760391,0.005003670903301016,Up,0.6570941553662584,0.37658196035847036,NS,1.2395932869731503,0.015519485013314486,Up,2,SHARED C1 & C3
STIMATE-MUSTN1,1.04324371760391,0.005003670903301016,Up,0.6570941553662584,0.37658196035847036,NS,1.2395932869731503,0.015519485013314486,Up,2,SHARED C1 & C3
RFLNB,1.6371325401016437,0.005017110526074839,Up,1.6937786454243673,0.14074110968570522,NS,1.6400310950520973,0.03416527613572522,Up,2,SHARED C1 & C3
WEE1,-0.7302007114171083,0.005021241721203933,NS,-0.03880739897429297,0.961438722025245,NS,1.0088689470450811,0.0066559955827757665,Up,1,C3 SPECIFIC
XM_005253118,-0.7302007114171083,0.005021241721203933,NS,-0.03880739897429297,0.961438722025245,NS,1.0088689470450811,0.0066559955827757665,Up,1,C3 SPECIFIC
XM_005253119,-0.7302007114171083,0.005021241721203933,NS,-0.03880739897429297,0.961438722025245,NS,1.0088689470450811,0.0066559955827757665,Up,1,C3 SPECIFIC
CDCP1,-0.9217903876793163,0.005060109987088221,NS,-0.15668902512219907,0.8583131010211764,NS,-1.4821732719375587,0.0027478017793588884,Down,0,DOWN IN LIMBUS
S100A2,1.9991802145279323,0.005084207837585818,Up,-0.16872528352056015,0.9366674559906237,NS,-2.516646455198341,0.011619405291430868,Down,1,C1 SPECIFIC
IRX1,1.004542624592614,0.0050861049758143565,Up,1.34600346494691,0.05329634962610511,NS,1.2405832236796872,0.012948632312216274,Up,2,SHARED C1 & C3
SOX9,1.6874573150160694,0.005111086844032684,Up,-0.013007960966193721,0.9952554888267175,NS,0.7133816739572438,0.34131452022756453,NS,1,C1 SPECIFIC
ST14,-1.3336314100502733,0.005154323058847107,Down,-0.8017845895427085,0.404677431682212,NS,-1.3437591189790998,0.03396389012416502,Down,0,DOWN IN LIMBUS
LPIN1,1.0496736804041458,0.00517448651074241,Up,0.6555560409225087,0.3862019869966443,NS,-0.667871391020725,0.15382811135508379,NS,1,C1 SPECIFIC
XM_006711874,1.0496736804041458,0.00517448651074241,Up,0.6555560409225087,0.3862019869966443,NS,-0.667871391020725,0.15382811135508379,NS,1,C1 SPECIFIC
EFEMP1,1.0724805149637717,0.005271350617043765,Up,-0.6231231161678039,0.42403733379643177,NS,0.25802519153276293,0.6078007376777181,NS,1,C1 SPECIFIC
DOK6,1.453826722980362,0.005284800504039036,Up,1.0123857850824236,0.32803613651841573,NS,1.283587649117662,0.056279283157503975,NS,1,C1 SPECIFIC
FAM149A,1.0883079981674757,0.005332150762561976,Up,0.00651714793249436,0.996465436520431,NS,0.48522221142645616,0.3173899005660219,NS,1,C1 SPECIFIC
XM_005262908,1.0883079981674757,0.005332150762561976,Up,0.00651714793249436,0.996465436520431,NS,0.48522221142645616,0.3173899005660219,NS,1,C1 SPECIFIC
XM_005262909,1.0883079981674757,0.005332150762561976,Up,0.00651714793249436,0.996465436520431,NS,0.48522221142645616,0.3173899005660219,NS,1,C1 SPECIFIC
XM_005262911,1.0883079981674757,0.005332150762561976,Up,0.00651714793249436,0.996465436520431,NS,0.48522221142645616,0.3173899005660219,NS,1,C1 SPECIFIC
XM_005262912,1.0883079981674757,0.005332150762561976,Up,0.00651714793249436,0.996465436520431,NS,0.48522221142645616,0.3173899005660219,NS,1,C1 SPECIFIC
PITPNC1,1.222977817438693,0.005372213732924144,Up,0.2508385022157986,0.8222925394974925,NS,-0.5331602892284,0.3295690786792766,NS,1,C1 SPECIFIC
XM_005257216,1.222977817438693,0.005372213732924144,Up,0.2508385022157986,0.8222925394974925,NS,-0.5331602892284,0.3295690786792766,NS,1,C1 SPECIFIC
GPR183,2.1224513929641935,0.005400215584175404,Up,0.16187373359392954,0.9448726943194844,NS,2.131333958482651,0.03534226420408233,Up,2,SHARED C1 & C3
WDR37,-0.43683787282408293,0.0054148689892651106,NS,-0.6267890843303654,0.039633723249099403,Down,-0.17256755626813725,0.38074699972746007,NS,0,DOWN IN LIMBUS
COPZ2,1.0688241200399595,0.005420582505708013,Up,0.6413127624911148,0.4099977239577118,NS,1.1221654501061291,0.02962759260405923,Up,2,SHARED C1 & C3
GALNT5,1.427145963272216,0.005428750822238864,Up,-0.7505229288739326,0.48270772557614955,NS,-1.5697546238612583,0.024063718933707904,Down,1,C1 SPECIFIC
MGST1,1.467004675767746,0.005529981646141816,Up,-1.0528341547270514,0.3171752544012327,NS,0.45055700800531717,0.5055312812010022,NS,1,C1 SPECIFIC
XM_006719079,1.467004675767746,0.005529981646141816,Up,-1.0528341547270514,0.3171752544012327,NS,0.45055700800531717,0.5055312812010022,NS,1,C1 SPECIFIC
XM_006719080,1.467004675767746,0.005529981646141816,Up,-1.0528341547270514,0.3171752544012327,NS,0.45055700800531717,0.5055312812010022,NS,1,C1 SPECIFIC
MEIG1,-1.1897154491019215,0.005530315256137818,Down,-0.0957570782575683,0.9412337387116687,NS,-1.1514323145620136,0.04181393754106048,Down,0,DOWN IN LIMBUS
XM_005252559,-1.1897154491019215,0.005530315256137818,Down,-0.0957570782575683,0.9412337387116687,NS,-1.1514323145620136,0.04181393754106048,Down,0,DOWN IN LIMBUS
XM_005252561,-1.1897154491019215,0.005530315256137818,Down,-0.0957570782575683,0.9412337387116687,NS,-1.1514323145620136,0.04181393754106048,Down,0,DOWN IN LIMBUS
GPR37,-0.68987395294279,0.0055354082077577185,NS,1.003337105099738,0.03781548375810257,Up,0.4204395057932713,0.17385484877224375,NS,1,C2 SPECIFIC
APCDD1,1.4315114109073992,0.005588148497484909,Up,0.34447017389927304,0.7821183194655837,NS,1.310976184124347,0.0509611741288403,NS,1,C1 SPECIFIC
FBXO16,-1.116858919180955,0.005606775698105686,Down,-0.2541576370141163,0.7988587224422995,NS,-1.467124776278422,0.009866530432078,Down,0,DOWN IN LIMBUS
CD68,1.042095802901045,0.005629390977363994,Up,0.1384742937381569,0.8958157478983225,NS,-0.08798771650434922,0.876684575796837,NS,1,C1 SPECIFIC
FRMD4B,-1.0564907749119623,0.005639153937360975,Down,0.3743655228738181,0.6539979381793479,NS,0.2971235426986585,0.5479772007169811,NS,0,DOWN IN LIMBUS
ADTRP,-1.0091007466139281,0.005639153937360975,Down,-0.28057161658117646,0.7381360617717262,NS,-1.3418785305227852,0.009298301644619648,Down,0,DOWN IN LIMBUS
XM_005249454,-1.0091007466139281,0.005639153937360975,Down,-0.28057161658117646,0.7381360617717262,NS,-1.3418785305227852,0.009298301644619648,Down,0,DOWN IN LIMBUS
XM_005249455,-1.0091007466139281,0.005639153937360975,Down,-0.28057161658117646,0.7381360617717262,NS,-1.3418785305227852,0.009298301644619648,Down,0,DOWN IN LIMBUS
OLFM1,1.0508383843116613,0.005654488972074798,Up,0.6105657725157814,0.4297230446491825,NS,1.1251847791740008,0.02798331506388487,Up,2,SHARED C1 & C3
RASL11B,0.6712129047989448,0.00566799195322258,NS,0.9278807449138524,0.049772919199754365,Up,0.4988512439075006,0.10394124955531056,NS,1,C2 SPECIFIC
WDPCP,1.2600451263582801,0.00570667275337465,Up,-0.656475469440247,0.49358910430662944,NS,1.1386891681010134,0.05429218365862077,NS,1,C1 SPECIFIC
SAA1,3.212313417005344,0.005714584364312893,Up,4.426627796363311,0.051220331802322154,NS,-1.8978193101802745,0.18791592927112177,NS,1,C1 SPECIFIC
ARHGEF26,1.0353527071236845,0.005755257525458996,Up,0.5977914262232131,0.4345463095525729,NS,0.6139703304690283,0.18666055747701504,NS,1,C1 SPECIFIC
LRRC70,1.0794270162680135,0.0057823047366322294,Up,-0.22879215865594116,0.8170022580825965,NS,1.0165766098945674,0.047404552449357276,Up,2,SHARED C1 & C3
SOBP,1.6606938273702365,0.00581350757604321,Up,1.5285117445299505,0.19559558746827413,NS,1.5768906844806203,0.046024060263498985,Up,2,SHARED C1 & C3
XM_005267042,1.6606938273702365,0.00581350757604321,Up,1.5285117445299505,0.19559558746827413,NS,1.5768906844806203,0.046024060263498985,Up,2,SHARED C1 & C3
ATXN7,-1.0882877015797199,0.005816486591353508,Down,0.25386334143760436,0.7929657735817065,NS,0.07506803397390449,0.9011455951837749,NS,0,DOWN IN LIMBUS
ADA2,1.1730002169088705,0.005820305815740362,Up,-0.39005335252935325,0.6779019430296235,NS,0.6105195992704138,0.2464382697433269,NS,1,C1 SPECIFIC
FGFR3,-1.1550049799723947,0.005822310445508088,Down,0.14633694168318456,0.9020894993243816,NS,0.47401532583985606,0.3671303814511989,NS,0,DOWN IN LIMBUS
ST8SIA1,1.0064804301196726,0.00582658101327227,Up,-0.13497710190784673,0.8951442748358186,NS,0.8679565601504109,0.06463077034879883,NS,1,C1 SPECIFIC
XM_005253470,1.0064804301196726,0.00582658101327227,Up,-0.13497710190784673,0.8951442748358186,NS,0.8679565601504109,0.06463077034879883,NS,1,C1 SPECIFIC
FBXO15,-1.390350069018873,0.005851246844096827,Down,0.40530339295223783,0.7243442439539061,NS,-0.7718850184765085,0.21590196528778763,NS,0,DOWN IN LIMBUS
XM_006722416,-1.390350069018873,0.005851246844096827,Down,0.40530339295223783,0.7243442439539061,NS,-0.7718850184765085,0.21590196528778763,NS,0,DOWN IN LIMBUS
TM6SF1,-1.3109190280951895,0.005852508674197624,Down,0.24022446597042713,0.8489327803898759,NS,1.1960652912911467,0.0533016129171627,NS,0,DOWN IN LIMBUS
XM_005272432,-1.3109190280951895,0.005852508674197624,Down,0.24022446597042713,0.8489327803898759,NS,1.1960652912911467,0.0533016129171627,NS,0,DOWN IN LIMBUS
NOTCH2NLA,1.0076330696454985,0.005878340219657079,Up,0.2800329814781328,0.7414539469838923,NS,0.6460034193523043,0.15882054276698684,NS,1,C1 SPECIFIC
BCL11B,1.3130027649887932,0.005904022941508471,Up,0.37470555999995714,0.7321690100827547,NS,0.969199129528798,0.10836000763984538,NS,1,C1 SPECIFIC
ZNF423,1.112886598022186,0.0059556754041481036,Up,0.4135691457776822,0.6393717904179261,NS,1.1552632929078372,0.0333522666616217,Up,2,SHARED C1 & C3
NR4A1,-1.7784659144379162,0.0060049831944395116,Down,0.20137133676889718,0.9145971596912201,NS,2.0223874894297866,0.022201412023130015,Up,1,C3 SPECIFIC
XM_006719364,-1.7784659144379162,0.0060049831944395116,Down,0.20137133676889718,0.9145971596912201,NS,2.0223874894297866,0.022201412023130015,Up,1,C3 SPECIFIC
RHOBTB3,1.7289715554420955,0.00600594000524267,Up,0.04015756876513521,0.9866091604639442,NS,1.15114036493775,0.14525972110052432,NS,1,C1 SPECIFIC
FRZB,2.646579747810814,0.0060753757280841755,Up,1.7004301795299206,0.3844758720829178,NS,2.6010369166385727,0.0419062151678316,Up,2,SHARED C1 & C3
NECTIN3,1.4222978246175915,0.0060753757280841755,Up,0.19005392303372215,0.8965420921240882,NS,-0.5044151362777862,0.44584782463649547,NS,1,C1 SPECIFIC
XM_005247321,1.4222978246175915,0.0060753757280841755,Up,0.19005392303372215,0.8965420921240882,NS,-0.5044151362777862,0.44584782463649547,NS,1,C1 SPECIFIC
XM_005247322,1.4222978246175915,0.0060753757280841755,Up,0.19005392303372215,0.8965420921240882,NS,-0.5044151362777862,0.44584782463649547,NS,1,C1 SPECIFIC
XR_427363,1.4222978246175915,0.0060753757280841755,Up,0.19005392303372215,0.8965420921240882,NS,-0.5044151362777862,0.44584782463649547,NS,1,C1 SPECIFIC
UGT2A1,-2.1052436341057383,0.006092003492187131,Down,-0.2178251145224337,0.9227467441777553,NS,0.5452212519400801,0.5873153053163487,NS,0,DOWN IN LIMBUS
UGT2A2,-2.1052436341057383,0.006092003492187131,Down,-0.2178251145224337,0.9227467441777553,NS,0.5452212519400801,0.5873153053163487,NS,0,DOWN IN LIMBUS
ALDH1L1,1.0796615246709633,0.006145646191655462,Up,-0.5787466555424698,0.48331186734514486,NS,0.352636996939963,0.48543424971338184,NS,1,C1 SPECIFIC
TMEM200B,0.9532495744392673,0.006156983521464199,NS,0.6649848367086815,0.3408019865789004,NS,1.083753139506693,0.022734769331081095,Up,1,C3 SPECIFIC
ZBTB43,-1.1047331890698535,0.006177720263817374,Down,-0.09836079987545077,0.9342582867705165,NS,0.3832028103813512,0.45736395228643356,NS,0,DOWN IN LIMBUS
PIGR,3.275944260640669,0.006193615651173387,Up,-2.671338918220144,0.2651421940504688,NS,-0.3705738841756787,0.8331364309874628,NS,1,C1 SPECIFIC
XM_005273163,3.275944260640669,0.006193615651173387,Up,-2.671338918220144,0.2651421940504688,NS,-0.3705738841756787,0.8331364309874628,NS,1,C1 SPECIFIC
MFGE8,1.1689760219476613,0.006196395052501525,Up,1.113715793229824,0.1856009301458489,NS,0.7833502629717861,0.14490457123022243,NS,1,C1 SPECIFIC
XM_005254920,1.1689760219476613,0.006196395052501525,Up,1.113715793229824,0.1856009301458489,NS,0.7833502629717861,0.14490457123022243,NS,1,C1 SPECIFIC
DIO2,1.1447196531244668,0.006225623900379053,Up,0.3189785091765902,0.7434529740603033,NS,-0.16199889447217775,0.7854424358939158,NS,1,C1 SPECIFIC
NM_001242502,1.1447196531244668,0.006225623900379053,Up,0.3189785091765902,0.7434529740603033,NS,-0.16199889447217775,0.7854424358939158,NS,1,C1 SPECIFIC
TYROBP,1.690005205175984,0.00622900388431694,Up,-0.7898369477758767,0.5478943806336491,NS,1.441720876019291,0.06948563778516234,NS,1,C1 SPECIFIC
GRHL1,-1.3095373665012398,0.006309598286293912,Down,-0.9014337903839005,0.3535738426913571,NS,-0.9029206110948396,0.13464615556581533,NS,0,DOWN IN LIMBUS
MTNR1A,-0.7323112741978486,0.006318164533173189,NS,-0.4684175936035677,0.3903787364673954,NS,-1.465966340277192,8.376850942865207e-4,Down,0,DOWN IN LIMBUS
TP63,-1.42614621375703,0.00634895904343198,Down,-0.6791957415086225,0.5417132770818152,NS,-0.9917737926961596,0.13203672310568534,NS,0,DOWN IN LIMBUS
NPR3,1.304022854572417,0.006377658289279942,Up,1.0186612588028385,0.2884200786870729,NS,1.4413017174298597,0.026628413677434543,Up,2,SHARED C1 & C3
XM_005248310,1.304022854572417,0.006377658289279942,Up,1.0186612588028385,0.2884200786870729,NS,1.4413017174298597,0.026628413677434543,Up,2,SHARED C1 & C3
LRRN3,1.8165488478866587,0.006413046838424174,Up,0.004083046841670601,0.9983538461908146,NS,1.5060457967607235,0.07820818786457855,NS,1,C1 SPECIFIC
RRAGD,1.9845428738010167,0.0064136918323344705,Up,-0.4051088278361137,0.8285260419901309,NS,0.7291798696000829,0.43149472693300356,NS,1,C1 SPECIFIC
BAK1,-0.530159658056899,0.0064736355031192174,NS,-0.3340518563302455,0.40118662335441774,NS,-1.1124070009199034,6.269924517682951e-4,Down,0,DOWN IN LIMBUS
F10,0.8980914164288167,0.0065304131577069175,NS,0.1711857577272955,0.8447378762446721,NS,1.0317750083542503,0.022631627665430858,Up,1,C3 SPECIFIC
SCEL,-1.7368409187888645,0.006608549393669718,Down,-0.8653717271038985,0.5235302749262836,NS,-2.284778265129818,0.01151955685919165,Down,0,DOWN IN LIMBUS
RBP4,1.9488453630325395,0.0066709588385900345,Up,2.1715266448998927,0.1242670061460532,NS,1.6461623766170748,0.07480044098130123,NS,1,C1 SPECIFIC
BNIPL,-1.598512372294124,0.006740056223617734,Down,-0.28249589869646385,0.8590674266918404,NS,0.09504912553977363,0.9177949213615002,NS,0,DOWN IN LIMBUS
XM_005244924,-1.598512372294124,0.006740056223617734,Down,-0.28249589869646385,0.8590674266918404,NS,0.09504912553977363,0.9177949213615002,NS,0,DOWN IN LIMBUS
RAPGEF4,-1.144851470978323,0.006755280707119274,Down,-0.04215456701152931,0.9765596880283897,NS,-0.24876374957154113,0.6613535125619635,NS,0,DOWN IN LIMBUS
TIMP4,1.2688184535889464,0.006784789923591144,Up,0.20897123868834555,0.871053957032961,NS,1.090767351065085,0.07103950452342216,NS,1,C1 SPECIFIC
FILIP1,1.4699729138730602,0.00678916465809687,Up,-0.7691159929015816,0.5076164155875994,NS,1.0648866486536126,0.12206838694213024,NS,1,C1 SPECIFIC
BHLHE40,-1.3431737159032187,0.006821902970105569,Down,-0.14195757583747604,0.9221526955291858,NS,-0.6611651086657391,0.28617305470556936,NS,0,DOWN IN LIMBUS
CCL2,2.3961849328721145,0.00688219870033889,Up,1.057833148967613,0.5728924136351059,NS,2.4075712213735825,0.041516245087445475,Up,2,SHARED C1 & C3
IGF1,1.352130796739499,0.0068981320711100046,Up,0.187615422338812,0.8945011000253666,NS,0.9798825457926994,0.12258651600436207,NS,1,C1 SPECIFIC
XM_005268835,1.352130796739499,0.0068981320711100046,Up,0.187615422338812,0.8945011000253666,NS,0.9798825457926994,0.12258651600436207,NS,1,C1 SPECIFIC
SAA2,2.8973632510582767,0.00695754951617542,Up,4.36863964533906,0.03796759013383818,Up,-1.3550870149256653,0.31493020153559914,NS,2,SHARED C1 & C2
LINC00615,-1.0033111532204155,0.0069622818580445354,Down,-0.621905171759614,0.41378039991426036,NS,-0.4528510214948889,0.33298310034010825,NS,0,DOWN IN LIMBUS
TNFRSF17,-1.4732661965482117,0.006981520730783411,Down,0.10365319926274452,0.9525929652511005,NS,-1.0767657031842455,0.12066534490562085,NS,0,DOWN IN LIMBUS
HIVEP3,1.0002974084314582,0.007031368624719461,Up,-0.30520304563848377,0.7217068236143718,NS,0.8274417295360257,0.08296191157596614,NS,1,C1 SPECIFIC
NUPR1,0.8548246998993445,0.007053555289641238,NS,0.17593205515128396,0.8307424446259324,NS,1.0668557813221895,0.015851218671173513,Up,1,C3 SPECIFIC
CD53,1.3196163931882916,0.007061525100231608,Up,-0.6071149989114408,0.5589417345654389,NS,1.0441518121048334,0.09565387229313299,NS,1,C1 SPECIFIC
STXBP6,1.6250136074270038,0.007173112713925706,Up,-0.3852952952025088,0.7987472935631073,NS,1.1661263520954899,0.12780592782045525,NS,1,C1 SPECIFIC
ANXA6,2.014071048970451,0.007240342178994069,Up,0.8905128479965363,0.5764299987053852,NS,1.764835870758609,0.06889038707376403,NS,1,C1 SPECIFIC
KBTBD11,1.0645024839974742,0.007406270406286017,Up,-1.06640728351005,0.1775846018060309,NS,0.7615751379980233,0.13078472780562575,NS,1,C1 SPECIFIC
SOSTDC1,-1.5375233770995171,0.007438659349400579,Down,1.579561091594429,0.1696399399885134,NS,0.6585305961600181,0.36548749669355945,NS,0,DOWN IN LIMBUS
TRIB1,-1.4586379164536112,0.0075314746987039495,Down,-0.4951040718982025,0.6856569214638686,NS,0.7313070404081312,0.28507281208827623,NS,0,DOWN IN LIMBUS
XM_006716496,-1.4586379164536112,0.0075314746987039495,Down,-0.4951040718982025,0.6856569214638686,NS,0.7313070404081312,0.28507281208827623,NS,0,DOWN IN LIMBUS
XM_006716497,-1.4586379164536112,0.0075314746987039495,Down,-0.4951040718982025,0.6856569214638686,NS,0.7313070404081312,0.28507281208827623,NS,0,DOWN IN LIMBUS
XR_428373,-1.4586379164536112,0.0075314746987039495,Down,-0.4951040718982025,0.6856569214638686,NS,0.7313070404081312,0.28507281208827623,NS,0,DOWN IN LIMBUS
ITGA11,0.8607574354419709,0.007565269322605696,NS,0.9391453008729966,0.1476192020885094,NS,1.3700611666809204,0.0043466546036748915,Up,1,C3 SPECIFIC
RNPC3,-1.1625209775974188,0.007569894670493872,Down,-0.33726351873937865,0.7404929599813304,NS,0.3281187606104572,0.5675343083260485,NS,0,DOWN IN LIMBUS
BMP7,-1.142667125754631,0.007664115006071812,Down,0.7331454093322893,0.404677431682212,NS,1.185133873709976,0.0391453568421888,Up,1,C3 SPECIFIC
SOX7,2.0885360810068683,0.007779333338296337,Up,-0.6308526681505278,0.7282917643001866,NS,1.0894980667485976,0.26877825098407093,NS,1,C1 SPECIFIC
CXCL8,2.114683421750268,0.007792003187390018,Up,-0.1848105283279251,0.9398200540734228,NS,-0.6239085535866611,0.5503423918888393,NS,1,C1 SPECIFIC
TMEM54,-0.697740110403406,0.007825855653013542,NS,-0.3414853533564548,0.544748274839472,NS,-1.284487104439184,0.0017918435210049692,Down,0,DOWN IN LIMBUS
XM_005270408,-0.697740110403406,0.007825855653013542,NS,-0.3414853533564548,0.544748274839472,NS,-1.284487104439184,0.0017918435210049692,Down,0,DOWN IN LIMBUS
PTK2,-0.7252553178611043,0.007904106319611465,NS,-0.3396385483335491,0.5593411797247235,NS,-1.3514084474003774,0.0016677629173853928,Down,0,DOWN IN LIMBUS
XM_006716606,-0.7252553178611043,0.007904106319611465,NS,-0.3396385483335491,0.5593411797247235,NS,-1.3514084474003774,0.0016677629173853928,Down,0,DOWN IN LIMBUS
SIK1,-1.5633274296455806,0.007906779441861876,Down,-0.3731868891592729,0.8015052943729227,NS,0.028254430346208892,0.9765114855628523,NS,0,DOWN IN LIMBUS
ALOX5,2.199866937238175,0.00804133866853533,Up,-1.4930080291485854,0.37779418765383593,NS,0.3954350695096096,0.7345894380903302,NS,1,C1 SPECIFIC
ARAP2,-1.0488571618841949,0.00813538055389369,Down,-0.22517014119081757,0.8260414863903855,NS,-0.8279765667102623,0.103662138946359,NS,0,DOWN IN LIMBUS
XM_005262642,-1.0488571618841949,0.00813538055389369,Down,-0.22517014119081757,0.8260414863903855,NS,-0.8279765667102623,0.103662138946359,NS,0,DOWN IN LIMBUS
CPVL,-2.0391485532660862,0.008139687121168434,Down,-0.003974833668540789,0.9984860509572454,NS,0.1879365319669013,0.8729429731651686,NS,0,DOWN IN LIMBUS
HAVCR2,1.0042770515712487,0.008216197132959234,Up,-0.8415036932076516,0.27550862522081987,NS,0.60068389233109,0.2073236782796131,NS,1,C1 SPECIFIC
BEX1,1.3628092593267036,0.008220052994647228,Up,0.9110321345365033,0.38978024517146476,NS,1.1485656726049012,0.08486698177210088,NS,1,C1 SPECIFIC
PARD6B,-1.1390980840040772,0.008242079001447184,Down,-0.5989243698867286,0.516730759740866,NS,-0.7032724872166485,0.1943577192697094,NS,0,DOWN IN LIMBUS
ARMCX4,1.1939566898177407,0.00831368799236774,Up,0.12342758805085285,0.9269220783646084,NS,1.2542031122488675,0.03925280598129037,Up,2,SHARED C1 & C3
TOX,1.2772478512751237,0.008375348991839905,Up,0.5003597618355613,0.6393717904179261,NS,1.0527338371670951,0.0920225462084754,NS,1,C1 SPECIFIC
OGDHL,-1.2137869630256182,0.008510095468594802,Down,0.3423074267143287,0.755775674306879,NS,-0.4989060401654539,0.39757151199220936,NS,0,DOWN IN LIMBUS
HOXD10,1.4147103811277493,0.008510095468594802,Up,-0.6976387716647947,0.5476844209555869,NS,0.8436303139890677,0.21145258324118632,NS,1,C1 SPECIFIC
ITGB4,-0.7658134431895531,0.008598642526918212,NS,-0.3206011156323596,0.6132637799360782,NS,-2.273744380065856,9.60917310102301e-5,Down,0,DOWN IN LIMBUS
CACNA1C,0.7753621203011751,0.008631694301148369,NS,0.5150279869236969,0.3966794726972321,NS,1.053592598350403,0.012325356758002682,Up,1,C3 SPECIFIC
EFNB2,1.1230243241439357,0.008663805269373543,Up,0.12404195197159495,0.9215063965208417,NS,-0.18973399847852157,0.7549970341900536,NS,1,C1 SPECIFIC
ALCAM,1.7866455354981667,0.008670641910822388,Up,-0.5518927826924687,0.7260994651934671,NS,-1.060803998851136,0.21452907465531593,NS,1,C1 SPECIFIC
EPCAM,-1.5433386802785876,0.00868845956970446,Down,-1.5352105319992067,0.18918226762631832,NS,-2.1563091861394827,0.010421868803395429,Down,0,DOWN IN LIMBUS
NKD1,0.5564135349717789,0.00870541472333259,NS,0.8777302136958323,0.037601959330208046,Up,0.6864761216551241,0.020140911674531272,NS,1,C2 SPECIFIC
XM_005256211,0.5564135349717789,0.00870541472333259,NS,0.8777302136958323,0.037601959330208046,Up,0.6864761216551241,0.020140911674531272,NS,1,C2 SPECIFIC
LINC00312,1.3848172446095912,0.008711913048455954,Up,0.8540878998538437,0.4355264038745792,NS,1.1299078179499462,0.09694317595880744,NS,1,C1 SPECIFIC
SAA2-SAA4,2.5615766218707456,0.008719396986038078,Up,4.1649913242425995,0.03243088929809399,Up,-0.20327813196007938,0.8931178001393358,NS,2,SHARED C1 & C2
SLC22A17,-0.7853469567929228,0.008761143191847674,NS,1.0733316040248635,0.07659974063080316,NS,1.1282500557399784,0.009029972746136263,Up,1,C3 SPECIFIC
LUM,2.0149655202494294,0.0087901969046514615,Up,1.3333851321970336,0.401344715053123,NS,2.4601214912178593,0.021370473724675123,Up,2,SHARED C1 & C3
CD36,-2.3391860089160152,0.008838252123208172,Down,-4.690670372262673e-4,0.9999040623953697,NS,0.7927454292727338,0.49647802016192283,NS,0,DOWN IN LIMBUS
XM_005250713,-2.3391860089160152,0.008838252123208172,Down,-4.690670372262673e-4,0.9999040623953697,NS,0.7927454292727338,0.49647802016192283,NS,0,DOWN IN LIMBUS
KCNJ2,1.914116512808528,0.008882052115524612,Up,-0.28705086893138443,0.8898477791668826,NS,1.905406178187227,0.049988681015592305,Up,2,SHARED C1 & C3
LIMS3,1.4207608906313318,0.008968300200922659,Up,0.3635173204250224,0.786640414861446,NS,1.3399685386448565,0.06062737761303082,NS,1,C1 SPECIFIC
LIMS4,1.4207608906313318,0.008968300200922659,Up,0.3635173204250224,0.786640414861446,NS,1.3399685386448565,0.06062737761303082,NS,1,C1 SPECIFIC
XM_006712167,1.4207608906313318,0.008968300200922659,Up,0.3635173204250224,0.786640414861446,NS,1.3399685386448565,0.06062737761303082,NS,1,C1 SPECIFIC
FGF18,1.0411498119949325,0.008989697671656742,Up,1.7677514137662138,0.028330309977319022,Up,1.2758274379010688,0.021428467426164683,Up,3,CORE - all 3 contrasts
AFAP1,1.0785683184429589,0.009006138662878175,Up,0.3231104999432466,0.7399531926174556,NS,0.1499466011223909,0.8046117355773411,NS,1,C1 SPECIFIC
XM_006713910,1.0785683184429589,0.009006138662878175,Up,0.3231104999432466,0.7399531926174556,NS,0.1499466011223909,0.8046117355773411,NS,1,C1 SPECIFIC
DTNA,1.2875831923347114,0.009118081169683016,Up,0.7068547803641385,0.5083127762198097,NS,0.9678595380573833,0.12606393016697523,NS,1,C1 SPECIFIC
XM_006722396,1.2875831923347114,0.009118081169683016,Up,0.7068547803641385,0.5083127762198097,NS,0.9678595380573833,0.12606393016697523,NS,1,C1 SPECIFIC
XM_006722397,1.2875831923347114,0.009118081169683016,Up,0.7068547803641385,0.5083127762198097,NS,0.9678595380573833,0.12606393016697523,NS,1,C1 SPECIFIC
XM_006722398,1.2875831923347114,0.009118081169683016,Up,0.7068547803641385,0.5083127762198097,NS,0.9678595380573833,0.12606393016697523,NS,1,C1 SPECIFIC
DDAH1,1.2761308897452803,0.009150993055641396,Up,1.1808188072214918,0.23174704168814872,NS,1.850073031961526,0.00898285136291633,Up,2,SHARED C1 & C3
XM_005270709,1.2761308897452803,0.009150993055641396,Up,1.1808188072214918,0.23174704168814872,NS,1.850073031961526,0.00898285136291633,Up,2,SHARED C1 & C3
HLA-DPB1,1.7927944474985562,0.0091554877506927,Up,0.29002455362961754,0.8795684550064288,NS,2.118926839178158,0.02576358041835886,Up,2,SHARED C1 & C3
SCUBE2,1.35237820018315,0.0091554877506927,Up,0.7413667329385669,0.5085826005181991,NS,1.6789432159923896,0.020473701629049823,Up,2,SHARED C1 & C3
STMN1,1.3279026010966826,0.009174523492935252,Up,-0.10173613720545838,0.951181780892474,NS,-0.4502808625789019,0.4991862745143227,NS,1,C1 SPECIFIC
CYP26A1,-2.4246478367440503,0.0092037880158539,Down,-0.09986725635591487,0.9743487489792578,NS,0.3912350944288505,0.7701374992442042,NS,0,DOWN IN LIMBUS
TGFBR1,1.2597314575681615,0.0092037880158539,Up,0.9179300336353524,0.35664725718444273,NS,0.5830244863686493,0.34467755138830247,NS,1,C1 SPECIFIC
PAX6,-1.4005938901604207,0.009212473485261085,Down,-0.19992596667034235,0.8965420921240882,NS,-0.5717123432111837,0.40907232972130186,NS,0,DOWN IN LIMBUS
XM_005252957,-1.4005938901604207,0.009212473485261085,Down,-0.19992596667034235,0.8965420921240882,NS,-0.5717123432111837,0.40907232972130186,NS,0,DOWN IN LIMBUS
XM_005252958,-1.4005938901604207,0.009212473485261085,Down,-0.19992596667034235,0.8965420921240882,NS,-0.5717123432111837,0.40907232972130186,NS,0,DOWN IN LIMBUS
PBX1,0.6901917126037738,0.009220157596303567,NS,0.031303764247841315,0.9719780065981138,NS,1.3580600474442868,0.0013864158046556511,Up,1,C3 SPECIFIC
XM_005245230,0.6901917126037738,0.009220157596303567,NS,0.031303764247841315,0.9719780065981138,NS,1.3580600474442868,0.0013864158046556511,Up,1,C3 SPECIFIC
EXOSC7,1.8205062089351447,0.009220157596303567,Up,-0.5949739965214356,0.7140882189096589,NS,1.7864524760087006,0.05394967999877149,NS,1,C1 SPECIFIC
CXADR,-1.7051749728872618,0.0093025737992404,Down,-0.7629245996300531,0.5878793187364874,NS,-0.8557034699100194,0.30364078755638074,NS,0,DOWN IN LIMBUS
CXCL6,1.5579534302413163,0.009314754139952997,Up,-1.9721543651277704,0.10196692042946673,NS,-0.8218894335184279,0.27886769582924215,NS,1,C1 SPECIFIC
HEY1,1.2384807290738173,0.009383160189239891,Up,0.16398607588455594,0.9061372207346865,NS,0.5331016682574159,0.3837432336732978,NS,1,C1 SPECIFIC
TWF1,-0.8440291186753521,0.00939706916701369,NS,-0.4569691552299098,0.5146007816891119,NS,-1.2753283688953987,0.007286248128180163,Down,0,DOWN IN LIMBUS
RAPGEFL1,-1.2191156727359047,0.009409930805752012,Down,-0.3918201265582173,0.7207831977702975,NS,0.09283250312433289,0.8991358774508553,NS,0,DOWN IN LIMBUS
XM_006721933,-1.2191156727359047,0.009409930805752012,Down,-0.3918201265582173,0.7207831977702975,NS,0.09283250312433289,0.8991358774508553,NS,0,DOWN IN LIMBUS
EMP1,-1.140048560696421,0.009465966031766627,Down,-0.7212528971231329,0.4307307539658875,NS,-0.6955998411824247,0.2099496509638586,NS,0,DOWN IN LIMBUS
SERPINH1,1.066213271572134,0.009504603568250595,Up,0.27698616993233927,0.785634408365276,NS,0.2223170310321656,0.696710786196437,NS,1,C1 SPECIFIC
KLHL14,-1.5716991072131403,0.009530626021613139,Down,0.1365341541232521,0.9418914359057884,NS,1.0445353050617463,0.17549781005670323,NS,0,DOWN IN LIMBUS
TPSAB1,0.9874747361012028,0.009644159041542056,NS,0.4681569723234844,0.5685114731979407,NS,1.1936206155590154,0.024384494043001078,Up,1,C3 SPECIFIC
TPSB2,0.9874747361012028,0.009644159041542056,NS,0.4681569723234844,0.5685114731979407,NS,1.1936206155590154,0.024384494043001078,Up,1,C3 SPECIFIC
SLC6A14,2.942135591273502,0.009699058078375438,Up,-2.9348459008905987,0.1980315133049699,NS,-2.9716336003750925,0.05018848005129376,NS,1,C1 SPECIFIC
TMEM62,-0.5609905642019992,0.009742874923560197,NS,-0.24479056080324924,0.6038334905647256,NS,-1.0031369632713485,0.002803330590519401,Down,0,DOWN IN LIMBUS
TSLP,1.0296834414954592,0.009800220015841764,Up,-0.41918328019900297,0.6368114201944252,NS,0.024572755834729954,0.9708209650481798,NS,1,C1 SPECIFIC
PAMR1,0.8554740017913112,0.009836425271925424,NS,-1.3776739151456017,0.037601959330208046,Down,1.012498400276618,0.02720464256082868,Up,1,C3 SPECIFIC
KRT13,3.3222926029087763,0.00991395775734632,Up,-0.4233271604748978,0.9113959274457653,NS,0.9106816489672251,0.5964602943392009,NS,1,C1 SPECIFIC
MEIS2,1.1013133320438584,0.00995306642627962,Up,-0.7701484109415109,0.3830189452497111,NS,0.32873279574496905,0.5636213293316077,NS,1,C1 SPECIFIC
LGALS3,-1.3335600953862494,0.009991249303686348,Down,-0.7239481518872237,0.5170328950809125,NS,-0.3020893266820588,0.6704891486061152,NS,0,DOWN IN LIMBUS
HMGCS1,-1.0999004980822296,0.010019317409849453,Down,-0.15739705300197304,0.8981045043059015,NS,-0.5878758145345735,0.2787486266502763,NS,0,DOWN IN LIMBUS
CD300LG,0.9781260638027276,0.010067589831184312,NS,0.8269069824387945,0.2878372067820122,NS,1.1180927566699062,0.03215020574369529,Up,1,C3 SPECIFIC
CNN1,0.7991078792745974,0.010078015694229128,NS,0.5794516897351949,0.3696995302678579,NS,1.0879713289171162,0.013956652339397474,Up,1,C3 SPECIFIC
KDELR3,2.1234058941692133,0.010088727257442028,Up,0.6741162556289781,0.7260994651934671,NS,0.10580797944270515,0.9355449673561473,NS,1,C1 SPECIFIC
MGP,2.7411468657946028,0.010089927716428125,Up,0.9626779435110304,0.6919071880418421,NS,3.455881348458309,0.02072070488036148,Up,2,SHARED C1 & C3
IL13RA1,1.0039002181739347,0.010090526817955619,Up,-0.0783765625307149,0.9509939428616476,NS,-0.3614046842040963,0.47943114468904074,NS,1,C1 SPECIFIC
NABP1,1.2537251270494112,0.010125686041180965,Up,-0.6264995811033769,0.5533342201282473,NS,-0.5807479391234711,0.3525445265945753,NS,1,C1 SPECIFIC
PLAC9,1.0000355631480309,0.01017704355509233,Up,0.6018310564657856,0.4656224058243633,NS,1.278886372317853,0.01927428155940582,Up,2,SHARED C1 & C3
GRP,1.9648826740372884,0.010223828020141552,Up,5.0052134314460375,0.0017101477124057422,Up,2.9939219035429465,0.007554365158138351,Up,3,CORE - all 3 contrasts
MTAP,-0.5302992001414655,0.010378481460477335,NS,-0.8574726771968626,0.03781548375810257,Down,-0.8968729208672377,0.004165771173578994,NS,0,DOWN IN LIMBUS
FOLR2,1.0117029000713265,0.010387608983649004,Up,-0.27162147253150604,0.7807214470583294,NS,0.9605231281116202,0.06488588083503857,NS,1,C1 SPECIFIC
S1PR1,1.0995866651137742,0.010648110759336913,Up,0.307017207529821,0.7707458174637486,NS,1.1573254816399938,0.0457829776910186,Up,2,SHARED C1 & C3
PROX1,1.1149589545240675,0.010742098392206394,Up,-1.4112031105879481,0.10751970322036825,NS,0.26879399965995265,0.6520286785993102,NS,1,C1 SPECIFIC
TRIM29,-1.3464404384401352,0.010967358938595536,Down,0.005227686148279176,0.9975943412530818,NS,-0.5831917401832953,0.3939208619942469,NS,0,DOWN IN LIMBUS
PLOD3,1.0047866672476333,0.010967358938595536,Up,0.1262405956194499,0.914553901417038,NS,-0.7329580462490615,0.14915106842286832,NS,1,C1 SPECIFIC
BMAL2,1.3918408980293906,0.011170478119044425,Up,-0.6355543148865799,0.59477218507851215,NS,-2.6979887879602256,0.0018839304919960774,Down,1,C1 SPECIFIC
XM_006719113,1.3918408980293906,0.011170478119044425,Up,-0.6355543148865799,0.59477218507851215,NS,-2.6979887879602256,0.0018839304919960774,Down,1,C1 SPECIFIC
EPDR1,2.1507121234862066,0.011180590716234742,Up,0.785764319728746,0.6835894877884098,NS,2.2656576108769855,0.04723171937218356,Up,2,SHARED C1 & C3
ALDH1A3,1.4097541967206473,0.011180590716234742,Up,-1.3904220293944611,0.2132555710779865,NS,-2.3315323062646787,0.005106448558742045,Down,1,C1 SPECIFIC
NFATC4,1.0861433288290243,0.011221783721552789,Up,1.2424158518026012,0.15912391943051685,NS,1.562635288929445,0.011549061896334353,Up,2,SHARED C1 & C3
PRKCA,1.3007594246520782,0.011228912977008199,Up,0.34613270768971294,0.786640414861446,NS,0.7474471652089543,0.2523440188489656,NS,1,C1 SPECIFIC
XM_006721972,1.3007594246520782,0.011228912977008199,Up,0.34613270768971294,0.786640414861446,NS,0.7474471652089543,0.2523440188489656,NS,1,C1 SPECIFIC
TSPAN8,1.4757594034623587,0.011247425535738542,Up,-1.4516576156904177,0.21572618960494833,NS,1.0265986708674602,0.16881686049604205,NS,1,C1 SPECIFIC
OCA2,1.4706615620053238,0.01126053690826556,Up,1.2109774204062633,0.30858291364674845,NS,1.3945667266582635,0.06836198279879784,NS,1,C1 SPECIFIC
CD14,1.1291802577807406,0.011336193720964224,Up,-0.5426911361229507,0.5728924136351059,NS,0.9013839908676742,0.11898520627739638,NS,1,C1 SPECIFIC
KCNE3,1.8721244578396439,0.011364007974944568,Up,-1.6686635609954292,0.27266635347806634,NS,0.8791329993688644,0.35567515057076926,NS,1,C1 SPECIFIC
TPST1,1.2021339961435125,0.011458817071818698,Up,0.6393741785968219,0.538520921556572,NS,-0.3235846454043205,0.6139048117960338,NS,1,C1 SPECIFIC
RNF150,1.1004479811329286,0.011488604417743693,Up,1.038499927846841,0.24028380042008785,NS,1.1887787639214915,0.04381296653656905,Up,2,SHARED C1 & C3
GJB4,-1.0946387600117653,0.011540360467456517,Down,-0.05378585379336531,0.9698942294547676,NS,0.09006554616552798,0.8949477464609348,NS,0,DOWN IN LIMBUS
BAALC,1.659399510614345,0.01159207432897786,Up,-0.35511543169162696,0.8403806417454446,NS,1.4266439557705688,0.09607374439641675,NS,1,C1 SPECIFIC
ARL4A,1.4094032470850646,0.011777281557737135,Up,-0.09718340964513317,0.9577151580813719,NS,1.2414064054207472,0.0898463932854427,NS,1,C1 SPECIFIC
NFIC,0.6069596687006076,0.011819763085610974,NS,0.28537188864845753,0.5864286151313375,NS,1.0018853593567503,0.005413379139633913,Up,1,C3 SPECIFIC
XM_005259563,0.6069596687006076,0.011819763085610974,NS,0.28537188864845753,0.5864286151313375,NS,1.0018853593567503,0.005413379139633913,Up,1,C3 SPECIFIC
RARRES1,1.5529296409952273,0.011819763085610974,Up,-2.380952711724495,0.055620843287285296,NS,-1.2677851758570533,0.11328117656485404,NS,1,C1 SPECIFIC
C15orf48,2.1583871831236845,0.01182244249375459,Up,-2.720500673820612,0.1160224332303773,NS,-3.645855831939417,0.004795079856634371,Down,1,C1 SPECIFIC
XM_006718899,1.1093357266983155,0.01183041465876665,Up,0.6355006100984264,0.5085826005181991,NS,1.3246349999006926,0.029946481593398418,Up,2,SHARED C1 & C3
ZBTB16,1.1093357266983155,0.01183041465876665,Up,0.6355006100984264,0.5085826005181991,NS,1.3246349999006926,0.029946481593398418,Up,2,SHARED C1 & C3
LAPTM5,1.7392007590491563,0.011850000751406532,Up,-0.33769398446441024,0.8599708474939235,NS,1.943032643303976,0.0392873470438747,Up,2,SHARED C1 & C3
TMEM255A,1.3262002584899877,0.011916524396309849,Up,-1.0032409210082198,0.3613285884756898,NS,1.105726426739011,0.10722497157356735,NS,1,C1 SPECIFIC
F13A1,1.9242575112382676,0.011922733730571742,Up,-0.5975402093187707,0.7439125534488894,NS,1.6655842007638055,0.09572261558412129,NS,1,C1 SPECIFIC
PAPPA,2.639357189472192,0.012106616856133057,Up,1.6336384588462325,0.4661862353227666,NS,0.1447671021111816,0.9313445563542952,NS,1,C1 SPECIFIC
SLC6A8,1.0956392260811452,0.012106616856133057,Up,0.3755369586975075,0.7139742933092917,NS,0.7671992853734508,0.17144942819362097,NS,1,C1 SPECIFIC
FCGBP,1.1558442895419665,0.012155140512808417,Up,0.9456925519488841,0.3182433804663178,NS,0.8781954888647077,0.14015756969301565,NS,1,C1 SPECIFIC
SLC38A5,1.0479517035692538,0.012271061381230365,Up,-0.053618766819004016,0.969495226754729,NS,-1.4218564006327261,0.01680329627603955,Down,1,C1 SPECIFIC
XM_006724570,1.0479517035692538,0.012271061381230365,Up,-0.053618766819004016,0.969495226754729,NS,-1.4218564006327261,0.01680329627603955,Down,1,C1 SPECIFIC
ITGA5,1.541915615703334,0.012364788931558257,Up,0.21756020211838667,0.9040695378279909,NS,-1.7978354669209011,0.03416527613572522,Down,1,C1 SPECIFIC
MPP1,0.5563172003804935,0.012405275785567368,NS,0.27711843363474564,0.566812453888865,NS,1.1977031470604622,0.001104030107729982,Up,1,C3 SPECIFIC
RNF128,1.2593675864138518,0.012405275785567368,Up,0.23877195389196082,0.8642599123470127,NS,-0.5094477308465359,0.44071375095118076,NS,1,C1 SPECIFIC
MEAK7,-1.0048697712801271,0.012496431222900284,Down,-0.25890108473274687,0.8023135147590935,NS,-1.3926706003305558,0.015519485013314486,Down,0,DOWN IN LIMBUS
XM_005256077,-1.0048697712801271,0.012496431222900284,Down,-0.25890108473274687,0.8023135147590935,NS,-1.3926706003305558,0.015519485013314486,Down,0,DOWN IN LIMBUS
NOX4,1.0652767419144253,0.012546598238943914,Up,-1.08666584261774,0.20876682638847865,NS,0.5836564474209518,0.2851454969746104,NS,1,C1 SPECIFIC
XM_006718848,1.0652767419144253,0.012546598238943914,Up,-1.08666584261774,0.20876682638847865,NS,0.5836564474209518,0.2851454969746104,NS,1,C1 SPECIFIC
XM_006718849,1.0652767419144253,0.012546598238943914,Up,-1.08666584261774,0.20876682638847865,NS,0.5836564474209518,0.2851454969746104,NS,1,C1 SPECIFIC
XM_006718852,1.0652767419144253,0.012546598238943914,Up,-1.08666584261774,0.20876682638847865,NS,0.5836564474209518,0.2851454969746104,NS,1,C1 SPECIFIC
XM_006718853,1.0652767419144253,0.012546598238943914,Up,-1.08666584261774,0.20876682638847865,NS,0.5836564474209518,0.2851454969746104,NS,1,C1 SPECIFIC
XR_428979,1.0652767419144253,0.012546598238943914,Up,-1.08666584261774,0.20876682638847865,NS,0.5836564474209518,0.2851454969746104,NS,1,C1 SPECIFIC
ACKR3,1.1825154175917056,0.0125739272468002,Up,-0.2797373757618846,0.8223548631692825,NS,-0.02813241030811575,0.9720759657663908,NS,1,C1 SPECIFIC
ADORA3,1.6188561401824435,0.012691406279155637,Up,-0.7407791504412788,0.6032235021021368,NS,1.1768756880370743,0.1608903647911951,NS,1,C1 SPECIFIC
TMIGD3,1.6188561401824435,0.012691406279155637,Up,-0.7407791504412788,0.6032235021021368,NS,1.1768756880370743,0.1608903647911951,NS,1,C1 SPECIFIC
XM_005270486,1.6188561401824435,0.012691406279155637,Up,-0.7407791504412788,0.6032235021021368,NS,1.1768756880370743,0.1608903647911951,NS,1,C1 SPECIFIC
XM_005270489,1.6188561401824435,0.012691406279155637,Up,-0.7407791504412788,0.6032235021021368,NS,1.1768756880370743,0.1608903647911951,NS,1,C1 SPECIFIC
IQGAP2,1.1424125545359232,0.012768163674866072,Up,-0.068906015371061,0.9630561750337638,NS,0.9582196514992836,0.10916861073173362,NS,1,C1 SPECIFIC
ALOX5AP,1.3991161786690673,0.012781107898664101,Up,-0.8804093838394689,0.46241889392770313,NS,0.6402705982247952,0.38023705668881275,NS,1,C1 SPECIFIC
DPP10,-1.1858112244480647,0.01279448523133707,Down,0.8688745270250418,0.38134230687781373,NS,0.04106025022998416,0.957630110737153,NS,0,DOWN IN LIMBUS
XM_005263718,-1.1858112244480647,0.01279448523133707,Down,0.8688745270250418,0.38134230687781373,NS,0.04106025022998416,0.957630110737153,NS,0,DOWN IN LIMBUS
ELAVL2,-1.233593013501931,0.012891438562059807,Down,-1.049576030054702,0.3054112145119819,NS,-1.2614935407668426,0.05724583078814992,NS,0,DOWN IN LIMBUS
MKX,1.8164842950508828,0.012895295561807261,Up,1.7859638017680335,0.23174704168814872,NS,1.5386756947005744,0.10692425894496116,NS,1,C1 SPECIFIC
XM_006717438,1.8164842950508828,0.012895295561807261,Up,1.7859638017680335,0.23174704168814872,NS,1.5386756947005744,0.10692425894496116,NS,1,C1 SPECIFIC
XM_006717439,1.8164842950508828,0.012895295561807261,Up,1.7859638017680335,0.23174704168814872,NS,1.5386756947005744,0.10692425894496116,NS,1,C1 SPECIFIC
NTF3,-1.122874634064111,0.013055507850635846,Down,0.6139374103156046,0.538504455111316,NS,0.5894281941094093,0.3113342557641713,NS,0,DOWN IN LIMBUS
RNASE6,1.8933661192848197,0.013064572636828394,Up,-0.5995153294928484,0.7432987078060693,NS,1.8791390703964739,0.06398927982920878,NS,1,C1 SPECIFIC
PRSS8,-0.7625574045079073,0.013218836585678111,NS,-0.8161190267491563,0.19046552056887894,NS,-1.4485158404136733,0.0026844506210279193,Down,0,DOWN IN LIMBUS
COCH,2.084823997424045,0.013347341177495557,Up,1.6861193084144546,0.3320107300324488,NS,1.802097066950791,0.10256151351794364,NS,1,C1 SPECIFIC
WSB2,0.9533452618895257,0.013404428579165819,NS,-0.08297048597219892,0.9467600687033909,NS,-1.204193894894809,0.025888232137481502,Down,0,DOWN IN LIMBUS
SNORD21,-1.1660758774877396,0.013462856307008097,Down,0.0576132397975293,0.9710836813762861,NS,0.9977134718493641,0.10631594021821607,NS,0,DOWN IN LIMBUS
P4HA1,1.1038192299164837,0.013565764708323571,Up,0.6745369780250758,0.4861137831368931,NS,-0.23994157455898169,0.7047476159760135,NS,1,C1 SPECIFIC
BCHE,1.4796183762697392,0.013607179629456354,Up,-0.013727779028037013,0.9952452534261654,NS,0.5418406474479625,0.4961684636978237,NS,1,C1 SPECIFIC
KRT23,1.170053865721127,0.013793805149135127,Up,-0.4675993293639058,0.6650003396310519,NS,-2.831080662144797,6.106983244221264e-4,Down,1,C1 SPECIFIC
NELL1,1.2206949526598132,0.013986708000393998,Up,0.08424997926009148,0.9586142019707613,NS,1.095279296394648,0.09408102355345865,NS,1,C1 SPECIFIC
STYXL1,-0.761544147936938,0.014004977405370196,NS,-0.3140763261225654,0.6560521666930854,NS,-1.1385022224865704,0.011639519656502301,Down,0,DOWN IN LIMBUS
MRO,1.0295729602656918,0.014028928526627247,Up,1.5371143078591043,0.07619167612055291,NS,0.9867503047275719,0.0757452231613209,NS,1,C1 SPECIFIC
XM_005258365,1.0295729602656918,0.014028928526627247,Up,1.5371143078591043,0.07619167612055291,NS,0.9867503047275719,0.0757452231613209,NS,1,C1 SPECIFIC
CH25H,1.3774162609120708,0.014038394428327654,Up,0.9129092599147413,0.4436291570653696,NS,1.834061535817309,0.02110422923859195,Up,2,SHARED C1 & C3
MT1M,1.2822959841727384,0.014253677775615274,Up,0.8015928746922629,0.47898218022041833,NS,1.40877645008581,0.04772960056460903,Up,2,SHARED C1 & C3
HOMER2,-1.3012883603274723,0.01429184392589839,Down,-0.701741822721889,0.5478943806336491,NS,-1.0593520598283304,0.12606393016697523,NS,0,DOWN IN LIMBUS
XM_005272448,-1.3012883603274723,0.01429184392589839,Down,-0.701741822721889,0.5478943806336491,NS,-1.0593520598283304,0.12606393016697523,NS,0,DOWN IN LIMBUS
RBM24,1.4567937033289167,0.014293693903729258,Up,1.2015519040817462,0.3282116677107088,NS,1.5671126802999944,0.051160035762947295,NS,1,C1 SPECIFIC
EDIL3,-1.1816287999081805,0.014441833546656646,Down,1.1803204483944452,0.23227488462129717,NS,1.941919541533001,0.0068948326713394355,Up,1,C3 SPECIFIC
HBEGF,-1.405693204360718,0.014472572231182142,Down,-0.42866405168614286,0.7611567208352752,NS,-0.5876133240140007,0.43808556270105325,NS,0,DOWN IN LIMBUS
C1orf21,0.8042280988666475,0.014533793642037522,NS,0.7636025587073938,0.2650095723886937,NS,1.0312503141404674,0.025888232137481502,Up,1,C3 SPECIFIC
ST3GAL4,-0.588517204275826,0.01455838808631417,NS,-0.9359401275817891,0.05562541008808859,NS,-1.1207291989535637,0.0029325836139369047,Down,0,DOWN IN LIMBUS
XM_006718897,-0.588517204275826,0.01455838808631417,NS,-0.9359401275817891,0.05562541008808859,NS,-1.1207291989535637,0.0029325836139369047,Down,0,DOWN IN LIMBUS
PDE4B,1.348850897160422,0.014597630046053106,Up,0.07254511522568308,0.9689122761756602,NS,1.0433200330827095,0.14661601841406396,NS,1,C1 SPECIFIC
ANGPTL2,1.0917439896671501,0.014693035577580994,Up,0.7464430183697157,0.4307307539658875,NS,1.9714229143202813,0.00406492031575374,Up,2,SHARED C1 & C3
SNORD47,0.8995569526959599,0.014835055850344153,NS,-0.027680591680837807,0.983743570143105,NS,1.0300366953385058,0.04210380322134283,Up,1,C3 SPECIFIC
COL11A1,1.4963369596980267,0.014873038522552904,Up,1.4806584029023884,0.24028380042008785,NS,1.2867880990427838,0.10993056470055668,NS,1,C1 SPECIFIC
FCGR2A,1.3788035673835317,0.01488520154840532,Up,-0.6423590370794132,0.6082123981901556,NS,1.302850772082607,0.08253784967905307,NS,1,C1 SPECIFIC
RRAD,1.1095892765314836,0.01491649965122446,Up,0.5351491970775362,0.593323753130147,NS,1.205998916465961,0.05062913527072437,NS,1,C1 SPECIFIC
PCK1,-2.062472161933993,0.015018494812357324,Down,1.9990351019396773,0.25570165566241543,NS,1.5357485240198203,0.16317939216968894,NS,0,DOWN IN LIMBUS
PDZK1IP1,1.5815111742090497,0.015165527537974002,Up,-1.8265224948558378,0.17430218598149247,NS,-1.6574854728435868,0.05841162374340934,NS,1,C1 SPECIFIC
MYOCD,1.360414380254129,0.015202563131605232,Up,1.2011889598075651,0.3054112145119819,NS,1.1863486285520617,0.10724829118833824,NS,1,C1 SPECIFIC
FXYD3,-0.8478489822785757,0.01532403722545334,NS,-0.41001853196336313,0.594848887086033,NS,-1.5823058280338316,0.003468442371508281,Down,0,DOWN IN LIMBUS
XM_005258992,-0.8478489822785757,0.01532403722545334,NS,-0.41001853196336313,0.594848887086033,NS,-1.5823058280338316,0.003468442371508281,Down,0,DOWN IN LIMBUS
XM_005258996,-0.8478489822785757,0.01532403722545334,NS,-0.41001853196336313,0.594848887086033,NS,-1.5823058280338316,0.003468442371508281,Down,0,DOWN IN LIMBUS
XM_006723242,-0.8478489822785757,0.01532403722545334,NS,-0.41001853196336313,0.594848887086033,NS,-1.5823058280338316,0.003468442371508281,Down,0,DOWN IN LIMBUS
NTRK2,-1.3739541860100903,0.015536863193491499,Down,1.5698933498525314,0.1775846018060309,NS,1.5863701701069512,0.042150792615410326,Up,1,C3 SPECIFIC
BCO1,-1.242804922026596,0.015536863193491499,Down,-0.8995333780800454,0.4073595272515234,NS,0.29600503921931764,0.6805973662580754,NS,0,DOWN IN LIMBUS
GSTA4,-0.7904176502238123,0.0156940006387213,NS,-0.2537764825115527,0.7494305972363012,NS,1.1329461141215198,0.016044098600001864,Up,1,C3 SPECIFIC
S100A16,0.6883765662231571,0.01573334124899516,NS,-0.27706325909174545,0.6705130086374164,NS,-1.0960411359289015,0.009168868348827897,Down,0,DOWN IN LIMBUS
XM_005244906,0.6883765662231571,0.01573334124899516,NS,-0.27706325909174545,0.6705130086374164,NS,-1.0960411359289015,0.009168868348827897,Down,0,DOWN IN LIMBUS
TCEAL7,1.2785502136151567,0.01574444541907857,Up,0.5263204188373054,0.6634076070027486,NS,1.4561666695243751,0.04455414110763317,Up,2,SHARED C1 & C3
TNNT1,-1.6225450987005248,0.015744874043075275,Down,-0.1441161422185857,0.9469136910258292,NS,-2.0871230052327068,0.027337002139233926,Down,0,DOWN IN LIMBUS
XM_006723343,-1.6225450987005248,0.015744874043075275,Down,-0.1441161422185857,0.9469136910258292,NS,-2.0871230052327068,0.027337002139233926,Down,0,DOWN IN LIMBUS
SYTL4,1.6507321149853036,0.015836370448264015,Up,-0.5873728014044586,0.7176539295393023,NS,0.8035335985963803,0.3687908634072083,NS,1,C1 SPECIFIC
XM_006724718,1.6507321149853036,0.015836370448264015,Up,-0.5873728014044586,0.7176539295393023,NS,0.8035335985963803,0.3687908634072083,NS,1,C1 SPECIFIC
EMILIN1,0.8600108484009192,0.01584972903253089,NS,0.4468486752303784,0.5685114731979407,NS,1.087077191535057,0.02965161004803058,Up,1,C3 SPECIFIC
LMNB1,-1.123605037719651,0.01590517738620407,Down,0.19538772014560557,0.8830441040750601,NS,-0.23631546406299986,0.7251703441744526,NS,0,DOWN IN LIMBUS
CEACAM7,3.4252155905604535,0.016014164183962454,Up,-1.7500590398045155,0.5743915955542225,NS,-0.6028507255691142,0.772522027665485,NS,1,C1 SPECIFIC
TSPAN18,0.664242186487118,0.01605924442578919,NS,0.568648121885504,0.32159848692635057,NS,1.1606593162159164,0.005413379139633913,Up,1,C3 SPECIFIC
GJA3,-1.0435110643020202,0.016174290764900262,Down,0.9741380927204562,0.2815212502155924,NS,0.01370630358270919,0.9853342789218636,NS,0,DOWN IN LIMBUS
CYS1,-1.1868281712659776,0.016399969282656197,Down,0.9572467183116888,0.35843597834360963,NS,-0.29435386545971376,0.6702243856827506,NS,0,DOWN IN LIMBUS
CDH5,1.0376112312968866,0.01648560609966482,Up,-0.5260295381336242,0.580636426182113,NS,0.754255589760886,0.17874272295194832,NS,1,C1 SPECIFIC
CCR1,1.1305603279477698,0.016566651978238423,Up,-0.8759106508260395,0.37658196035847036,NS,0.64842692498795,0.2881442636207813,NS,1,C1 SPECIFIC
SDR16C5,-1.3065484988614884,0.016660414896611506,Down,-1.2094929737740046,0.2884200786870729,NS,-1.182937061787742,0.10099070012160496,NS,0,DOWN IN LIMBUS
XM_005251180,-1.3065484988614884,0.016660414896611506,Down,-1.2094929737740046,0.2884200786870729,NS,-1.182937061787742,0.10099070012160496,NS,0,DOWN IN LIMBUS
XM_005251181,-1.3065484988614884,0.016660414896611506,Down,-1.2094929737740046,0.2884200786870729,NS,-1.182937061787742,0.10099070012160496,NS,0,DOWN IN LIMBUS
BTG1,-1.0379479372077682,0.016669818939063892,Down,-0.10494419239521235,0.9385339017332525,NS,-0.19674589577428758,0.7562521236100984,NS,0,DOWN IN LIMBUS
RAMP2,0.3731622589549959,0.016689667509130486,NS,0.69391078048716,0.03171740143457955,Up,0.5545926893004678,0.014317558938038053,NS,1,C2 SPECIFIC
TACC1,1.0408191305504149,0.016735549849773438,Up,0.025047294844081414,0.9883090123971865,NS,0.9517016715071982,0.09833025498939003,NS,1,C1 SPECIFIC
SQOR,0.6458862012991187,0.0167413260745928,NS,-0.3577610225342056,0.5485682992040881,NS,-1.0106985850731451,0.010841793115712988,Down,0,DOWN IN LIMBUS
PLEKHG2,1.0093979305947398,0.01696555078865168,Up,-0.6088986182484399,0.5140275895783977,NS,0.8710594002271668,0.1177518181273353,NS,1,C1 SPECIFIC
XM_006723330,1.0093979305947398,0.01696555078865168,Up,-0.6088986182484399,0.5140275895783977,NS,0.8710594002271668,0.1177518181273353,NS,1,C1 SPECIFIC
GPAT3,0.8710981896396435,0.017155649169996682,NS,-0.6099393615112652,0.4329855910968975,NS,-1.2148674244937103,0.02017183777575178,Down,0,DOWN IN LIMBUS
XM_005263314,0.8710981896396435,0.017155649169996682,NS,-0.6099393615112652,0.4329855910968975,NS,-1.2148674244937103,0.02017183777575178,Down,0,DOWN IN LIMBUS
CA12,2.4662906463766,0.017403613944890182,Up,0.32532882493919324,0.9178044288792554,NS,0.6838619810678281,0.6335157772626582,NS,1,C1 SPECIFIC
PCDHB7,0.8006765974949275,0.01759893669492541,NS,0.7859654853538673,0.2651421940504688,NS,1.1096934600432355,0.021299343017707823,Up,1,C3 SPECIFIC
WWC1,-0.6046704726353642,0.017763577333011076,NS,-0.6293433237420158,0.23227488462129717,NS,-1.1478985527362822,0.0037364543697261695,Down,0,DOWN IN LIMBUS
FAM3C,1.1564300318464014,0.01785013988800412,Up,0.39541068632112353,0.736720445441315,NS,-1.1370777544622488,0.08095076983939076,NS,1,C1 SPECIFIC
FOSL1,-1.1353628853618387,0.017924128790868427,Down,-0.28762328927324887,0.8222925394974925,NS,-0.11809057804406553,0.8758466299681349,NS,0,DOWN IN LIMBUS
XM_005274311,-1.1353628853618387,0.017924128790868427,Down,-0.28762328927324887,0.8222925394974925,NS,-0.11809057804406553,0.8758466299681349,NS,0,DOWN IN LIMBUS
CLEC1A,0.8278272145018386,0.01793655355045751,NS,0.8625014344908912,0.23227488462129717,NS,1.0495641149477013,0.032456508615575023,Up,1,C3 SPECIFIC
PDE1C,1.3817279619461473,0.018271431538261107,Up,1.5668686327296562,0.19271934102177093,NS,1.6749930786559744,0.03923379731728348,Up,2,SHARED C1 & C3
XM_005249768,1.3817279619461473,0.018271431538261107,Up,1.5668686327296562,0.19271934102177093,NS,1.6749930786559744,0.03923379731728348,Up,2,SHARED C1 & C3
SERPINE1,1.4315369794374426,0.01845836824858325,Up,0.306993708934276,0.8572608631501746,NS,-1.360988191810275,0.09242743660625391,NS,1,C1 SPECIFIC
NUAK2,-1.4320984202804325,0.018511262821783062,Down,-0.2506753290533741,0.8866669900353478,NS,0.37968472845556356,0.6545039486536597,NS,0,DOWN IN LIMBUS
SHOX,1.0201634439469265,0.018516432461537863,Up,1.8424628082574737,0.037601959330208046,Up,1.2235644060861368,0.04150434126706949,Up,3,CORE - all 3 contrasts
XM_005248369,1.007601483241011,0.018516432461537863,Up,-0.4923593411412499,0.6059013515171061,NS,0.6606311163638612,0.23266125737102697,NS,1,C1 SPECIFIC
ZDHHC11,1.007601483241011,0.018516432461537863,Up,-0.4923593411412499,0.6059013515171061,NS,0.6606311163638612,0.23266125737102697,NS,1,C1 SPECIFIC
ZNF280B,1.213561802149389,0.01858861392891564,Up,0.029931174700601026,0.9883090123971865,NS,1.2588649749238314,0.06892311597557073,NS,1,C1 SPECIFIC
MDFI,-0.5633269304487687,0.01858861392891564,NS,-0.002207352953090158,0.9976149891800956,NS,-1.1083856066023392,0.003226235433504312,Down,0,DOWN IN LIMBUS
XM_005249118,-0.5633269304487687,0.01858861392891564,NS,-0.002207352953090158,0.9976149891800956,NS,-1.1083856066023392,0.003226235433504312,Down,0,DOWN IN LIMBUS
HAPLN1,1.1027246683951342,0.018598765349564776,Up,0.20695584455737714,0.8767548574109117,NS,0.8469523174806617,0.1672057473603414,NS,1,C1 SPECIFIC
PRXL2A,1.9847537053491688,0.01871490766650016,Up,-0.7830864774645931,0.6917022959513425,NS,-0.4206066417018661,0.7316310178297716,NS,1,C1 SPECIFIC
LDLRAD4,1.2095282060993844,0.018762941247726494,Up,-0.26988733942856413,0.8504529274375262,NS,1.1154991022278384,0.10243697005342033,NS,1,C1 SPECIFIC
XM_006722355,1.2095282060993844,0.018762941247726494,Up,-0.26988733942856413,0.8504529274375262,NS,1.1154991022278384,0.10243697005342033,NS,1,C1 SPECIFIC
WIF1,1.9805019341804413,0.018764051847797746,Up,-0.4816807875937741,0.8321320016211174,NS,1.3144571724734133,0.22850894405122382,NS,1,C1 SPECIFIC
ST8SIA4,1.060796557370395,0.018796400433367222,Up,-1.4803113784440751,0.10900645416442921,NS,0.08423610681421456,0.9087230840697366,NS,1,C1 SPECIFIC
CP,3.2826493972987247,0.018808227792486858,Up,-2.025572298298881,0.5130711738238243,NS,0.16900170458978092,0.9404243095100251,NS,1,C1 SPECIFIC
SCG2,1.328697471115678,0.018928009333579986,Up,2.109682928018511,0.07485201535360136,NS,1.470072495958818,0.055982443675566054,NS,1,C1 SPECIFIC
SGCB,1.1658728585155949,0.019238334991843742,Up,0.39910873765051846,0.7417074081812739,NS,-0.15941064345675393,0.83529603487608,NS,1,C1 SPECIFIC
CDHR1,0.43735968395209657,0.019392079381344057,NS,0.8280451152370718,0.03243088929809399,Up,-0.07210199103909432,0.797176215883266,NS,1,C2 SPECIFIC
UGT2B15,-1.2147311130320984,0.01943845347878165,Down,-0.3153121181049965,0.8203340750576493,NS,0.6725556977168969,0.3234937203606455,NS,0,DOWN IN LIMBUS
H2BC10,1.656336311770704,0.01954182146555912,Up,-0.9664750444598607,0.5406495003082186,NS,0.7084575895711014,0.4552340648924684,NS,1,C1 SPECIFIC
TMPRSS11D,-1.2717870133646674,0.019573531992887833,Down,-0.23426164720893095,0.8814631381232565,NS,-1.1909752085886343,0.10026923560406627,NS,0,DOWN IN LIMBUS
MUSTN1,0.9249930606438843,0.01958821107911104,NS,0.6684063187802547,0.4307307539658875,NS,1.222318973066538,0.02922495695049092,Up,1,C3 SPECIFIC
CYP2C18,-1.399347448403594,0.01958970310564219,Down,-0.07579327969259442,0.9699719432840904,NS,1.2840156309677768,0.1066429080164909,NS,0,DOWN IN LIMBUS
STAT4,-1.0329535314613967,0.019614340416011577,Down,0.2060381348796625,0.8709481218313003,NS,-0.8267151812313598,0.15547194147502622,NS,0,DOWN IN LIMBUS
XM_005246817,-1.0329535314613967,0.019614340416011577,Down,0.2060381348796625,0.8709481218313003,NS,-0.8267151812313598,0.15547194147502622,NS,0,DOWN IN LIMBUS
SUSD5,1.5061927707849945,0.019973764268884503,Up,0.9011870231349128,0.5314471335781548,NS,1.6999590484996236,0.05429218365862077,NS,1,C1 SPECIFIC
PLCB4,-1.0905904493486638,0.020114347216910092,Down,0.933463734175322,0.3450959279699134,NS,0.9369358508670942,0.1301212467028458,NS,0,DOWN IN LIMBUS
YOD1,-1.1063646694934413,0.020346280187259244,Down,-0.33050373093559315,0.7859950037283522,NS,0.5882568408230426,0.3486862931768649,NS,0,DOWN IN LIMBUS
AADACL2,2.078341416157286,0.020458511098357265,Up,-1.748166061644949,0.35957327444588605,NS,0.9398628344967204,0.43158512568345914,NS,1,C1 SPECIFIC
MUC4,2.33866409034741,0.020688448962818455,Up,-2.2134548289484437,0.30008377122227964,NS,-0.321075083521869,0.8369213400499566,NS,1,C1 SPECIFIC
GK3,0.574143876578062,0.020712718872472054,NS,-0.050482002707837204,0.9520494070768777,NS,-1.335405955570839,0.001275939499856332,Down,0,DOWN IN LIMBUS
CGN,-0.7923405327820774,0.02073602353050198,NS,-1.013842197178258,0.16062183945652503,NS,-1.0294173595086926,0.03304781512994943,Down,0,DOWN IN LIMBUS
ACADSB,-0.8357989725732455,0.02075940990422463,NS,0.3330253720145322,0.6944693843226027,NS,1.0187264850503661,0.042396414582058325,Up,1,C3 SPECIFIC
GLIS3,1.798304808655831,0.020895464257807684,Up,1.4959403672089602,0.3687434248188095,NS,1.83125567897532,0.08003950409394235,NS,1,C1 SPECIFIC
XM_005251389,1.798304808655831,0.020895464257807684,Up,1.4959403672089602,0.3687434248188095,NS,1.83125567897532,0.08003950409394235,NS,1,C1 SPECIFIC
CRABP2,1.0348743372845917,0.020918474424851587,Up,-0.2302628151763395,0.8545490367499295,NS,-0.4032162322111219,0.5055312812010022,NS,1,C1 SPECIFIC
SPRING1,-0.8010349493226778,0.020984175514598948,NS,-0.1591306819374303,0.8735751197095963,NS,-1.167126740921388,0.019720063204742008,Down,0,DOWN IN LIMBUS
TNFRSF11B,1.855362813213831,0.021005077685900892,Up,1.948184850677432,0.2450807745919268,NS,2.298264102311265,0.04026821214136804,Up,2,SHARED C1 & C3
CD24,-2.502787861628427,0.02102363428313324,Down,-0.24914476323055634,0.9428929219456906,NS,-4.732042570546849,0.004689050383106683,Down,0,DOWN IN LIMBUS
CEACAM6,2.1853900252694576,0.021173410405480535,Up,-2.5233076931327023,0.19765786429418003,NS,-2.6919970317552817,0.041516245087445475,Down,1,C1 SPECIFIC
IGF2,1.623902989655135,0.021173410405480535,Up,0.015078082833441364,0.9955003767170795,NS,1.6448314217836915,0.08235441153697283,NS,1,C1 SPECIFIC
INS-IGF2,1.623902989655135,0.021173410405480535,Up,0.015078082833441364,0.9955003767170795,NS,1.6448314217836915,0.08235441153697283,NS,1,C1 SPECIFIC
ITGBL1,1.8104591791982703,0.021344474328465337,Up,3.561049498654114,0.030354325138196806,Up,2.738330104474402,0.016524897248325506,Up,3,CORE - all 3 contrasts
HEG1,1.0622381661116282,0.021480391549393782,Up,0.332571458744912,0.7747184152933493,NS,0.3092838097654358,0.6310255973002612,NS,1,C1 SPECIFIC
FGFBP1,-1.234745235934362,0.021508277783370236,Down,-0.7504162537799761,0.531072457043177,NS,-1.7685439085701855,0.02198828537379635,Down,0,DOWN IN LIMBUS
ORAI2,1.1475168228381385,0.02152802486074584,Up,0.5611133936458961,0.6209837893277204,NS,0.2950871226549836,0.6760956660847017,NS,1,C1 SPECIFIC
HAS2,1.7296946680760228,0.021661968726937,Up,-0.12008614159068287,0.961438722025245,NS,-3.0762331383439463,0.006891020360311969,Down,1,C1 SPECIFIC
EPHA2,-1.0354706882753533,0.021661968726937,Down,-0.7106748827101796,0.4703280153140143,NS,-0.8459819307274401,0.15508991214752066,NS,0,DOWN IN LIMBUS
XM_005245751,-1.0354706882753533,0.021661968726937,Down,-0.7106748827101796,0.4703280153140143,NS,-0.8459819307274401,0.15508991214752066,NS,0,DOWN IN LIMBUS
SKAP2,1.040725643350485,0.021676869443253904,Up,-0.281796552730043,0.815414521034101,NS,-0.3661342546998725,0.5552112842414669,NS,1,C1 SPECIFIC
XM_005249901,1.040725643350485,0.021676869443253904,Up,-0.281796552730043,0.815414521034101,NS,-0.3661342546998725,0.5552112842414669,NS,1,C1 SPECIFIC
GAREM1,-1.229926940460432,0.021687880643918116,Down,-0.5591884440310002,0.6516681411041526,NS,-0.31530486706244876,0.6776259212220481,NS,0,DOWN IN LIMBUS
CHCHD10,1.0169492194117105,0.021738077641373057,Up,-0.20384976063083116,0.8734816895476651,NS,0.8899191632859882,0.12927247152578353,NS,1,C1 SPECIFIC
AGRN,-0.5722583105885972,0.02175408852908213,NS,-0.4239455388839781,0.42924573473345645,NS,-1.1220434250592541,0.003923974641424592,Down,0,DOWN IN LIMBUS
XM_006710635,-0.5722583105885972,0.02175408852908213,NS,-0.4239455388839781,0.42924573473345645,NS,-1.1220434250592541,0.003923974641424592,Down,0,DOWN IN LIMBUS
XM_006719171,1.3534229149255106,0.021767604172396027,Up,-0.008249920062890936,0.9965626438730923,NS,1.3357309224944958,0.09119582327742014,NS,1,C1 SPECIFIC
XM_006719174,1.3534229149255106,0.021767604172396027,Up,-0.008249920062890936,0.9965626438730923,NS,1.3357309224944958,0.09119582327742014,NS,1,C1 SPECIFIC
XM_006726540,1.3534229149255106,0.021767604172396027,Up,-0.008249920062890936,0.9965626438730923,NS,1.3357309224944958,0.09119582327742014,NS,1,C1 SPECIFIC
XM_006726541,1.3534229149255106,0.021767604172396027,Up,-0.008249920062890936,0.9965626438730923,NS,1.3357309224944958,0.09119582327742014,NS,1,C1 SPECIFIC
MYEOV,-1.2236708374063001,0.0218960683840326,Down,0.021643575775348367,0.9916006619164891,NS,-1.2577330053319296,0.08008748260867873,NS,0,DOWN IN LIMBUS
XM_006718499,-1.2236708374063001,0.0218960683840326,Down,0.021643575775348367,0.9916006619164891,NS,-1.2577330053319296,0.08008748260867873,NS,0,DOWN IN LIMBUS
PLA2G5,1.2412320100488694,0.0218960683840326,Up,1.5251591287495518,0.17506811651865586,NS,1.6258539930953733,0.033372140452512064,Up,2,SHARED C1 & C3
XM_005245895,1.2412320100488694,0.0218960683840326,Up,1.5251591287495518,0.17506811651865586,NS,1.6258539930953733,0.033372140452512064,Up,2,SHARED C1 & C3
XM_005245896,1.2412320100488694,0.0218960683840326,Up,1.5251591287495518,0.17506811651865586,NS,1.6258539930953733,0.033372140452512064,Up,2,SHARED C1 & C3
XM_006710691,1.2412320100488694,0.0218960683840326,Up,1.5251591287495518,0.17506811651865586,NS,1.6258539930953733,0.033372140452512064,Up,2,SHARED C1 & C3
CEACAM5,2.3890656314682506,0.02194665075156829,Up,-1.4627705534671307,0.529488578546362,NS,-1.0069542641824434,0.4740137601497141,NS,1,C1 SPECIFIC
CHI3L1,3.1426033487540925,0.021950497136674338,Up,2.406386049423344,0.41378039991426036,NS,2.872371534990947,0.11546148957451309,NS,1,C1 SPECIFIC
GXYLT2,1.498209063698389,0.022180933850459356,Up,0.8071576345697684,0.5796155628346265,NS,0.6738610727506877,0.4434330929208596,NS,1,C1 SPECIFIC
CRABP1,1.131680482756762,0.02218913109045302,Up,1.3749391843827343,0.17927590792050202,NS,1.2924864262604379,0.055982443675566054,NS,1,C1 SPECIFIC
LRG1,1.018218009756609,0.022202440938151737,Up,-1.2164111376445792,0.18758827543578827,NS,0.28455606265240885,0.6480907028350739,NS,1,C1 SPECIFIC
GJA1,-0.8023865021923182,0.02231889821429135,NS,1.419350526993199,0.049772919199754365,Up,1.332433704678099,0.010685968127913515,Up,2,SHARED C2 & C3
PCOLCE2,0.675081892022205,0.022516871665278843,NS,0.8025967767370297,0.18918226762631832,NS,1.2614699822515538,0.005413379139633913,Up,1,C3 SPECIFIC
VEPH1,-1.3009018742989182,0.02262197783506558,Down,0.1778640045396136,0.9182045011846982,NS,-0.8726919459763227,0.24186485517303363,NS,0,DOWN IN LIMBUS
XM_005247767,-1.3009018742989182,0.02262197783506558,Down,0.1778640045396136,0.9182045011846982,NS,-0.8726919459763227,0.24186485517303363,NS,0,DOWN IN LIMBUS
XM_005247768,-1.3009018742989182,0.02262197783506558,Down,0.1778640045396136,0.9182045011846982,NS,-0.8726919459763227,0.24186485517303363,NS,0,DOWN IN LIMBUS
DCN,1.358056706149826,0.0228793951880048,Up,0.9099458907177471,0.49318074304468285,NS,2.636134564847783,0.004505216597808454,Up,2,SHARED C1 & C3
XM_005268693,1.358056706149826,0.0228793951880048,Up,0.9099458907177471,0.49318074304468285,NS,2.636134564847783,0.004505216597808454,Up,2,SHARED C1 & C3
KALRN,1.0596017097024628,0.02290510012248126,Up,0.6077290612856316,0.5567322970062087,NS,0.6923508160819587,0.2557904535615588,NS,1,C1 SPECIFIC
IL17D,1.0223343909293785,0.022937189803118065,Up,0.21372162363962044,0.8681935029038595,NS,1.1690678377517116,0.05719142261289011,NS,1,C1 SPECIFIC
XM_005266422,1.0223343909293785,0.022937189803118065,Up,0.21372162363962044,0.8681935029038595,NS,1.1690678377517116,0.05719142261289011,NS,1,C1 SPECIFIC
CRIM1,-0.47150001054581026,0.022941107962959808,NS,0.6651543908342674,0.12265218694745876,NS,1.2919491880082674,5.263851410623311e-4,Up,1,C3 SPECIFIC
XR_426983,-0.47150001054581026,0.022941107962959808,NS,0.6651543908342674,0.12265218694745876,NS,1.2919491880082674,5.263851410623311e-4,Up,1,C3 SPECIFIC
NINJ2,0.9454272507695416,0.023773711327292082,NS,0.531370629629234,0.5685114731979407,NS,1.3925901432957755,0.021290793407739917,Up,1,C3 SPECIFIC
XM_006718984,0.9454272507695416,0.023773711327292082,NS,0.531370629629234,0.5685114731979407,NS,1.3925901432957755,0.021290793407739917,Up,1,C3 SPECIFIC
GALE,-0.5837096589742323,0.023777335463106754,NS,-0.2792776486165689,0.6386840684092742,NS,-1.0022710138651796,0.009548860683258192,Down,0,DOWN IN LIMBUS
VAMP8,-0.9196023950265371,0.023779107934248877,NS,-0.8105619961875181,0.3491743967236238,NS,-1.622714003696343,0.008165349263446364,Down,0,DOWN IN LIMBUS
RCN3,1.1328831442484129,0.023870086943016157,Up,0.6390488140274684,0.5684615928774359,NS,1.1338589054836739,0.09275074258522313,NS,1,C1 SPECIFIC
NR_046338,0.8996891762524344,0.02393384011674156,NS,0.31066366739645357,0.7534478291273243,NS,1.1429883432927368,0.040543531620193245,Up,1,C3 SPECIFIC
PRDM11,0.8996891762524344,0.02393384011674156,NS,0.31066366739645357,0.7534478291273243,NS,1.1429883432927368,0.040543531620193245,Up,1,C3 SPECIFIC
IRS2,0.6062132408678238,0.024032623074971164,NS,0.3510608796111292,0.5570253254592592,NS,1.0133254487710506,0.011237415507001828,Up,1,C3 SPECIFIC
ITGA3,-0.7427358964973871,0.02423942652410465,NS,0.047895088586438206,0.9658456570051436,NS,-1.4484481957933442,0.004664361928076086,Down,0,DOWN IN LIMBUS
DDIT4L,1.2300951587714097,0.02425631927285694,Up,1.375881401877578,0.22972799725771537,NS,1.0867968219716673,0.13375793673303948,NS,1,C1 SPECIFIC
XM_005262721,1.2300951587714097,0.02425631927285694,Up,1.375881401877578,0.22972799725771537,NS,1.0867968219716673,0.13375793673303948,NS,1,C1 SPECIFIC
SSPN,0.4902951285673556,0.024381968811507157,NS,0.49700354944214276,0.28114673018115605,NS,1.1002706422418722,0.001933515065678683,Up,1,C3 SPECIFIC
MAOB,1.0845602280467652,0.025014513152422615,Up,0.12568309725916738,0.9334453337827331,NS,0.6873922396303369,0.28022475762885857,NS,1,C1 SPECIFIC
XM_005272608,1.0845602280467652,0.025014513152422615,Up,0.12568309725916738,0.9334453337827331,NS,0.6873922396303369,0.28022475762885857,NS,1,C1 SPECIFIC
ALDH2,0.7961822971702794,0.025069911247797127,NS,0.11411865192216553,0.9172964409002564,NS,1.900369879335745,0.001382686613959894,Up,1,C3 SPECIFIC
H2AC6,1.6827652784615106,0.025157627223268725,Up,-0.7911094521774711,0.6504248640834345,NS,0.4859824531253585,0.6457731150208007,NS,1,C1 SPECIFIC
KLF4,-1.2282539063336024,0.025337828540582988,Down,0.031473247314707464,0.9884923123528815,NS,2.1585473007527156,0.00898285136291633,Up,1,C3 SPECIFIC
LRP1,0.6103672589706699,0.025399645600159792,NS,0.9286879116188986,0.10313698901658454,NS,1.2767842412278014,0.0032571816714675704,Up,1,C3 SPECIFIC
BMPER,1.3253045983174956,0.025480754310139315,Up,1.4560653852564442,0.24166115412126765,NS,1.8448713802820458,0.029405013578644043,Up,2,SHARED C1 & C3
GABRP,2.8484168030928614,0.02554661205288604,Up,-2.9384405079945077,0.27825366710581273,NS,-2.0629867631828214,0.21682635995250307,NS,1,C1 SPECIFIC
LAMP3,1.2719662346466256,0.025607916802310046,Up,-0.9593669055414589,0.4363365688849005,NS,0.05658821776670386,0.952240099097552,NS,1,C1 SPECIFIC
XM_006713586,1.2719662346466256,0.025607916802310046,Up,-0.9593669055414589,0.4363365688849005,NS,0.05658821776670386,0.952240099097552,NS,1,C1 SPECIFIC
PDCD1LG2,1.123830271031979,0.02565976939862069,Up,0.23248035022303526,0.8735751197095963,NS,-0.45772482582755014,0.5043768851232701,NS,1,C1 SPECIFIC
HLA-DMA,1.217678905352888,0.025799592055461364,Up,-0.9334885325301805,0.4297230446491825,NS,0.9013530343087073,0.20819354659504447,NS,1,C1 SPECIFIC
ABRACL,0.7410263144198339,0.02585459321689464,NS,-0.48315976584013143,0.5166960435459598,NS,-1.1300056460707353,0.019407474460386653,Down,0,DOWN IN LIMBUS
COL8A2,1.5979357639426013,0.025995819251286134,Up,3.199500147778595,0.03243088929809399,Up,2.2339354689074673,0.02936229994439689,Up,3,CORE - all 3 contrasts
FAP,1.4399187521230568,0.026032840336969596,Up,-0.061994544162598864,0.9791165997647151,NS,-0.12607323629478007,0.9047868887687966,NS,1,C1 SPECIFIC
ACTG2,1.0427691705320496,0.026260329470543665,Up,0.5923222604796692,0.5716630665404882,NS,1.5619841799489338,0.02169299924294924,Up,2,SHARED C1 & C3
CAMSAP1,-1.1047583443509357,0.02633511682485822,Down,-0.6341929130508772,0.5685114731979407,NS,0.13095822561644876,0.8680333782265239,NS,0,DOWN IN LIMBUS
C1orf116,-1.2115116568798037,0.02633876467058111,Down,-0.44985069840411995,0.7354982447384906,NS,-2.0351908107639183,0.012251968219860859,Down,0,DOWN IN LIMBUS
CYTIP,1.118652728893971,0.026351597428346356,Up,-0.3464979160451227,0.7899514103875936,NS,0.9968542642573874,0.13710534524777118,NS,1,C1 SPECIFIC
SLC7A8,-1.1603364736729613,0.026400392123999167,Down,0.5902048486747722,0.6223786498308767,NS,1.1253642057684834,0.10847087948009017,NS,0,DOWN IN LIMBUS
EXPH5,-0.9995429473720048,0.026593858238661616,NS,-0.11975104010701898,0.9319098172071842,NS,1.2400137157433644,0.04789907446889818,Up,1,C3 SPECIFIC
SPON1,1.875688473382648,0.026746778711352268,Up,0.26907185303261283,0.9178044288792554,NS,1.6712251943535366,0.13816215186499803,NS,1,C1 SPECIFIC
PPP1R3C,-1.5686410681778478,0.026778363768941785,Down,0.25375925821083545,0.9058274467137535,NS,0.1083872992470356,0.9262902166105745,NS,0,DOWN IN LIMBUS
INMT,0.7751161957900328,0.027101689927247572,NS,0.7877605204364571,0.29068503420006975,NS,1.108374416439859,0.027671551619402854,Up,1,C3 SPECIFIC
H2BC8,1.631746785971651,0.0271151539625854,Up,-0.986808985997051,0.5533342201282473,NS,0.25393757984533494,0.8239917594537476,NS,1,C1 SPECIFIC
BST1,0.9451278154357299,0.027410921793257985,NS,-0.31610054362272155,0.7714752018194408,NS,1.5312018858052951,0.015353906258748228,Up,1,C3 SPECIFIC
XM_005248184,0.9451278154357299,0.027410921793257985,NS,-0.31610054362272155,0.7714752018194408,NS,1.5312018858052951,0.015353906258748228,Up,1,C3 SPECIFIC
LRRC15,1.4822955043333277,0.027522315549084703,Up,1.577837055024328,0.2692768825176138,NS,1.7272292403128127,0.06093647724685659,NS,1,C1 SPECIFIC
ADH1C,1.0922092634612914,0.027655841258684026,Up,-1.8280482335700743,0.08175586476630306,NS,0.9466963017855949,0.15193120633195378,NS,1,C1 SPECIFIC
PRDM1,1.6643769368352062,0.027797643068846353,Up,-0.7711855090381343,0.662558684355793,NS,-0.03126532337129717,0.9813593712640125,NS,1,C1 SPECIFIC
UBA6,-0.5202175934131841,0.027810354596890186,NS,-0.255597817077275,0.6393717904179261,NS,-1.3134939720766985,0.0010986232324334529,Down,0,DOWN IN LIMBUS
TENT5A,0.8278156661253471,0.02785746560292308,NS,1.3278497257425155,0.09789533791216233,NS,2.095228125092853,0.0010986232324334529,Up,1,C3 SPECIFIC
SPARCL1,2.095797913791605,0.028112712451530773,Up,0.8290850129829597,0.7214331141529167,NS,3.0517545471895584,0.0264013522706754,Up,2,SHARED C1 & C3
SAMD9,-0.6879179191719729,0.02813660932166169,NS,-0.8393530966749099,0.19884685821493722,NS,-1.9904988943763895,5.167608978049739e-4,Down,0,DOWN IN LIMBUS
PLD1,1.2964819779192043,0.028208190608880968,Up,-0.8008808475853284,0.5478943806336491,NS,0.4574828420272956,0.5780621849855927,NS,1,C1 SPECIFIC
HGD,-1.6772679334633507,0.028283444887879327,Down,-1.7148611605396944,0.2930074568825095,NS,0.44799173920406776,0.6826881078020157,NS,0,DOWN IN LIMBUS
ERG,0.9429370682712985,0.028351913976734203,NS,0.5908411833470373,0.543413857536148,NS,1.2554725380271359,0.038696074726213815,Up,1,C3 SPECIFIC
ZFHX4,1.2838027757175032,0.028396314405363953,Up,1.3382865774435828,0.28370421831308384,NS,1.532097381120642,0.05747794807020342,NS,1,C1 SPECIFIC
SFRP2,1.3288245873306552,0.028440645358143883,Up,-0.5374055944748104,0.7144436883867923,NS,0.877959140204231,0.27294574295567803,NS,1,C1 SPECIFIC
GAP43,1.0309063748052152,0.028453612125792,Up,0.2598894676147703,0.8431600019736867,NS,0.9683285886537418,0.12426508315522272,NS,1,C1 SPECIFIC
SMARCA1,1.2153357443417265,0.028751079982254412,Up,0.16996346665443873,0.9209268696774693,NS,-0.455621108509213,0.5530412185192274,NS,1,C1 SPECIFIC
SCRG1,1.4861703332847949,0.028812119616965188,Up,2.5199001992652947,0.07930560214973084,NS,1.9807905305598066,0.039077737902481646,Up,2,SHARED C1 & C3
XM_006714075,1.4861703332847949,0.028812119616965188,Up,2.5199001992652947,0.07930560214973084,NS,1.9807905305598066,0.039077737902481646,Up,2,SHARED C1 & C3
JUND,-0.7913652623503689,0.02882583706896509,NS,0.023799500575278465,0.9872747485041552,NS,1.2112786254827217,0.021428467426164683,Up,1,C3 SPECIFIC
SPESP1,-1.022680826482251,0.028829946022344163,Down,-0.24936943447867144,0.8504105507454633,NS,-0.9830810012456226,0.11754444715359856,NS,0,DOWN IN LIMBUS
HSD17B2,-1.1735613177964934,0.02916066619647077,Down,0.11682915462862731,0.947431319378452,NS,-1.486867370010022,0.04772960056460903,Down,0,DOWN IN LIMBUS
XR_243405,-1.1735613177964934,0.02916066619647077,Down,0.11682915462862731,0.947431319378452,NS,-1.486867370010022,0.04772960056460903,Down,0,DOWN IN LIMBUS
DCLK1,1.556885912167484,0.029299618054938505,Up,-0.23710311759179437,0.914553901417038,NS,2.0585920643788747,0.04091641518747406,Up,2,SHARED C1 & C3
XM_006719893,1.556885912167484,0.029299618054938505,Up,-0.23710311759179437,0.914553901417038,NS,2.0585920643788747,0.04091641518747406,Up,2,SHARED C1 & C3
FPR3,1.174437382503347,0.02934685527049924,Up,-0.4763606778297991,0.7155145169158587,NS,1.0970950925869323,0.12819017039783456,NS,1,C1 SPECIFIC
PCOLCE,1.7670750331875835,0.029428936223089737,Up,0.8897424588765794,0.6359009939757595,NS,2.2111586342323317,0.05001437578875334,NS,1,C1 SPECIFIC
WFDC2,1.0612060452187952,0.02942901107379843,Up,-1.6568417006679317,0.10317526104348043,NS,-0.26368518034498756,0.7117697420279427,NS,1,C1 SPECIFIC
LRATD2,-0.6928723977449938,0.02961589352376623,NS,-0.6152470254789542,0.3716045771827043,NS,-1.184401205576071,0.012711928991812978,Down,0,DOWN IN LIMBUS
NLGN1,1.1436385164909755,0.029713629334423796,Up,-0.20969600416898082,0.8945011000253666,NS,1.383887153037759,0.05665947360743188,NS,1,C1 SPECIFIC
XM_005247232,1.1436385164909755,0.029713629334423796,Up,-0.20969600416898082,0.8945011000253666,NS,1.383887153037759,0.05665947360743188,NS,1,C1 SPECIFIC
COL8A1,1.5618423472201357,0.02987639100191065,Up,3.8309066611366616,0.012834335852984,Up,2.1784586098576177,0.03350506753956789,Up,3,CORE - all 3 contrasts
IFT70B,-0.7841924194785896,0.029891867540230564,NS,-0.5634814727136215,0.4835959675941516,NS,-1.078714269671499,0.03536100975879552,Down,0,DOWN IN LIMBUS
SERPINA1,1.6084797702055242,0.030047584383383136,Up,-1.5772901744392938,0.3173358567692206,NS,0.2920843493976877,0.795680872062203,NS,1,C1 SPECIFIC
RGS20,-1.442690790158676,0.03068855433609627,Down,0.7458808644447918,0.6310692879915478,NS,-2.054607064504226,0.03155240181377614,Down,0,DOWN IN LIMBUS
LYPLA1,-0.5418369411276487,0.030859673224875775,NS,-0.3095016491328195,0.5848334754499173,NS,-1.1495381861632392,0.003793528982445927,Down,0,DOWN IN LIMBUS
ZNF750,-1.4215017626244588,0.03102325231123423,Down,-0.7312841113451256,0.6330896569848529,NS,0.34767095240761137,0.720934777000726,NS,0,DOWN IN LIMBUS
MAP4K4,0.7611127916500813,0.03105289338708941,NS,0.20394193229306623,0.8332616902199199,NS,-1.0014713383489822,0.04373772392897565,Down,0,DOWN IN LIMBUS
WHAMMP2,0.8206861345737027,0.03140264461330375,NS,-0.06296768622673543,0.961438722025245,NS,1.0959870509088905,0.04189697322342834,Up,1,C3 SPECIFIC
WHAMMP3,0.8206861345737027,0.03140264461330375,NS,-0.06296768622673543,0.961438722025245,NS,1.0959870509088905,0.04189697322342834,Up,1,C3 SPECIFIC
CHL1,-1.3285328676664032,0.03152471515558599,Down,-0.5309101550947335,0.7236999268005728,NS,-0.17423860238047828,0.8583014078406818,NS,0,DOWN IN LIMBUS
INPP4B,0.8818723084791689,0.03179596887032132,NS,-0.7383326116699225,0.4073595272515234,NS,-1.2676448988670215,0.03145380917828705,Down,0,DOWN IN LIMBUS
XM_005263322,0.8818723084791689,0.03179596887032132,NS,-0.7383326116699225,0.4073595272515234,NS,-1.2676448988670215,0.03145380917828705,Down,0,DOWN IN LIMBUS
XM_006714403,0.8818723084791689,0.03179596887032132,NS,-0.7383326116699225,0.4073595272515234,NS,-1.2676448988670215,0.03145380917828705,Down,0,DOWN IN LIMBUS
XM_006714404,0.8818723084791689,0.03179596887032132,NS,-0.7383326116699225,0.4073595272515234,NS,-1.2676448988670215,0.03145380917828705,Down,0,DOWN IN LIMBUS
KRT15,2.141850258289333,0.03215570073509528,Up,0.46486043701179014,0.8735751197095963,NS,0.7881141389156117,0.5717140618801717,NS,1,C1 SPECIFIC
XM_006721891,2.141850258289333,0.03215570073509528,Up,0.46486043701179014,0.8735751197095963,NS,0.7881141389156117,0.5717140618801717,NS,1,C1 SPECIFIC
KRT19P2,-0.7078840066777818,0.0322781583242977,NS,-0.4983840494652956,0.5066251650680411,NS,-2.0635752526795743,5.560947424794251e-4,Down,0,DOWN IN LIMBUS
MIR492,-0.7078840066777818,0.0322781583242977,NS,-0.4983840494652956,0.5066251650680411,NS,-2.0635752526795743,5.560947424794251e-4,Down,0,DOWN IN LIMBUS
SLC44A5,-2.2076834058661357,0.03269488776120362,Down,-0.750820443734713,0.7777276193482252,NS,0.45704904161920545,0.7699062843839072,NS,0,DOWN IN LIMBUS
FCGR2C,0.9998473556421388,0.032998145216050045,NS,0.22877507834092636,0.8659527961946141,NS,1.3204211061402757,0.04539143916374275,Up,1,C3 SPECIFIC
BGN,1.2984695687693737,0.033104321206377664,Up,1.674560805895176,0.18964519001331193,NS,2.920857471673453,0.002961759309658639,Up,2,SHARED C1 & C3
THBS1,1.7648294942524618,0.03359472531820219,Up,2.344577037715922,0.17927590792050202,NS,0.814555028308483,0.4740844122918311,NS,1,C1 SPECIFIC
B3GNT3,-0.7364663563753844,0.03374019170093396,NS,-0.7438315291196185,0.31517678145800243,NS,-1.4805446818429928,0.00581378875858703,Down,0,DOWN IN LIMBUS
SGK1,-0.8848287020559695,0.033757458701317224,NS,-0.09933450788472697,0.9414235208292442,NS,1.464014391704369,0.017252041246455525,Up,1,C3 SPECIFIC
FOSB,-1.68028750038037,0.033851472258002877,Down,-0.31928580555808317,0.8939640300733567,NS,3.136571904553284,0.009150740445202747,Up,1,C3 SPECIFIC
SLC2A5,-1.0259806911629017,0.03403868642479989,Down,0.13843492223501297,0.9270279607995188,NS,0.4890676953497861,0.45927446591385046,NS,0,DOWN IN LIMBUS
XM_006710836,-1.0259806911629017,0.03403868642479989,Down,0.13843492223501297,0.9270279607995188,NS,0.4890676953497861,0.45927446591385046,NS,0,DOWN IN LIMBUS
P2RY2,-0.6423281694886516,0.03408039899164077,NS,-0.4490079010319228,0.5130711738238243,NS,-1.1297882239609338,0.012948632312216274,Down,0,DOWN IN LIMBUS
XM_005274019,-0.6423281694886516,0.03408039899164077,NS,-0.4490079010319228,0.5130711738238243,NS,-1.1297882239609338,0.012948632312216274,Down,0,DOWN IN LIMBUS
XM_005274020,-0.6423281694886516,0.03408039899164077,NS,-0.4490079010319228,0.5130711738238243,NS,-1.1297882239609338,0.012948632312216274,Down,0,DOWN IN LIMBUS
EPHX3,0.6419131004830083,0.03416584443075085,NS,-1.0648945962917908,0.09789533791216233,NS,-1.3607674440692543,0.004464769942796363,Down,0,DOWN IN LIMBUS
C12orf75,-1.0648332927057176,0.034720223677202164,Down,0.7894960068468695,0.48501469689446697,NS,-0.23786633318055728,0.7531065990757096,NS,0,DOWN IN LIMBUS
CPZ,0.8463518328033732,0.03489234078289698,NS,0.6483802834674091,0.4661862353227666,NS,1.1589617727418728,0.04170287040854477,Up,1,C3 SPECIFIC
FGF5,1.2296048704334033,0.035269147352475085,Up,0.2664766788344277,0.8758690645847782,NS,-1.1371340739524687,0.1476405010597159,NS,1,C1 SPECIFIC
RPS6KA1,-0.40448231222025033,0.03545206782734162,NS,-0.3338561247356111,0.4278461522728849,NS,-1.3938835344999454,2.344541488289286e-4,Down,0,DOWN IN LIMBUS
XM_005245966,-0.40448231222025033,0.03545206782734162,NS,-0.3338561247356111,0.4278461522728849,NS,-1.3938835344999454,2.344541488289286e-4,Down,0,DOWN IN LIMBUS
XM_005245967,-0.40448231222025033,0.03545206782734162,NS,-0.3338561247356111,0.4278461522728849,NS,-1.3938835344999454,2.344541488289286e-4,Down,0,DOWN IN LIMBUS
AFAP1L2,-0.7268625836896829,0.035649452715839046,NS,0.40143968490619475,0.6134369274602888,NS,-1.6321196582426962,0.0033132955277858254,Down,0,DOWN IN LIMBUS
XM_005270241,-0.7268625836896829,0.035649452715839046,NS,0.40143968490619475,0.6134369274602888,NS,-1.6321196582426962,0.0033132955277858254,Down,0,DOWN IN LIMBUS
XM_006718039,-0.7268625836896829,0.035649452715839046,NS,0.40143968490619475,0.6134369274602888,NS,-1.6321196582426962,0.0033132955277858254,Down,0,DOWN IN LIMBUS
GPNMB,1.1145772267249487,0.03589878938353946,Up,0.3611100796807687,0.7984726329654468,NS,2.8616813881683685,0.0013864158046556511,Up,2,SHARED C1 & C3
APOL6,0.6710030045428015,0.03592128064028097,NS,-0.7160938275241602,0.2997262655806664,NS,-1.1084022068147075,0.01881072305280401,Down,0,DOWN IN LIMBUS
SLC12A8,-1.0790243661083263,0.036011310446859374,Down,-0.4308390851428161,0.733876387430619,NS,-1.1575379296697985,0.0985182409391977,NS,0,DOWN IN LIMBUS
DPP6,-1.0150886560853651,0.036142455727397355,Down,0.0813559614677164,0.9612343478395452,NS,-0.6286715477782527,0.3329898483106238,NS,0,DOWN IN LIMBUS
XM_006715871,-1.0150886560853651,0.036142455727397355,Down,0.0813559614677164,0.9612343478395452,NS,-0.6286715477782527,0.3329898483106238,NS,0,DOWN IN LIMBUS
THY1,1.2659976390869714,0.036202314997344796,Up,0.5359129878020754,0.7171111023006803,NS,0.5645795825543081,0.4979078559146773,NS,1,C1 SPECIFIC
ABCC9,1.046480851356713,0.036259128082493985,Up,0.6045474501950299,0.5954115472691467,NS,-0.451663393373698,0.5125465963851467,NS,1,C1 SPECIFIC
XM_005253287,1.046480851356713,0.036259128082493985,Up,0.6045474501950299,0.5954115472691467,NS,-0.451663393373698,0.5125465963851467,NS,1,C1 SPECIFIC
XM_005253291,1.046480851356713,0.036259128082493985,Up,0.6045474501950299,0.5954115472691467,NS,-0.451663393373698,0.5125465963851467,NS,1,C1 SPECIFIC
STK17A,0.7150727877016623,0.036260807394954346,NS,-0.5570439243773002,0.4611893039679402,NS,-1.2592990591427622,0.013786809287603665,Down,0,DOWN IN LIMBUS
TMEM119,1.7848687680962128,0.036406666495681236,Up,1.1778504218407186,0.5452087724778499,NS,2.175617244578976,0.06489156989570537,NS,1,C1 SPECIFIC
MIR31HG,1.0902147048078765,0.03640915802000125,Up,0.19862695521883644,0.9000224640901828,NS,-1.8322542104709116,0.017391963428451215,Down,1,C1 SPECIFIC
ACACA,-0.641340072158199,0.03643589420148887,NS,-0.21083638714380548,0.795132752970801,NS,-1.024157703105864,0.022631627665430858,Down,0,DOWN IN LIMBUS
TSPAN12,0.6545278476773637,0.03675358185663906,NS,-1.0330076379103588,0.11950344584500427,NS,-1.3893388230054828,0.004846313576232175,Down,0,DOWN IN LIMBUS
H2BC4,1.6193063839657693,0.03705742320455034,Up,-0.9903745561515098,0.5719901438726865,NS,0.5119050196964077,0.6439335185071063,NS,1,C1 SPECIFIC
ITPKC,-1.0043793148293343,0.03705742320455034,Down,-0.0049131660591994475,0.9975943412530818,NS,-0.21567842576916263,0.767369666616887,NS,0,DOWN IN LIMBUS
XM_006723404,-1.0043793148293343,0.03705742320455034,Down,-0.0049131660591994475,0.9975943412530818,NS,-0.21567842576916263,0.767369666616887,NS,0,DOWN IN LIMBUS
XR_243961,-1.0043793148293343,0.03705742320455034,Down,-0.0049131660591994475,0.9975943412530818,NS,-0.21567842576916263,0.767369666616887,NS,0,DOWN IN LIMBUS
FOXP2,-1.0695555433763553,0.037224224571968195,Down,0.5225986769928568,0.6668452963816679,NS,1.295361616093266,0.0673830366177548,NS,0,DOWN IN LIMBUS
LIX1,-1.1626994505125396,0.0372893164166486,Down,0.39897008948803325,0.783383620390773,NS,-0.5274476410407489,0.4933293951538151,NS,0,DOWN IN LIMBUS
GALNT7,-0.8118937463063816,0.03737403206414573,NS,-0.9506889640786369,0.25620893009420465,NS,-1.1941940118659318,0.033372140452512064,Down,0,DOWN IN LIMBUS
COMP,1.6253093348220995,0.03740595168885944,Up,1.6855521035776464,0.3138806455336335,NS,1.7070451223910412,0.10787892531636643,NS,1,C1 SPECIFIC
HLA-DRB3,1.517640419425045,0.037612697101902015,Up,-0.2987336570166157,0.8917484961402022,NS,1.8155399809486266,0.07114754831069882,NS,1,C1 SPECIFIC
WNT5A,1.2313600554908728,0.038520619593632406,Up,0.9532945876804746,0.4751645012660021,NS,0.2663541925179036,0.7681343402070536,NS,1,C1 SPECIFIC
CALU,1.3678732018671678,0.038687563970382116,Up,0.8602806395613287,0.566812453888865,NS,0.525601746352895,0.5717140618801717,NS,1,C1 SPECIFIC
ACOX2,0.6106805870032339,0.03902154287280364,NS,0.6917242343175678,0.278736575295339,NS,1.0442952942334331,0.017351028657451067,Up,1,C3 SPECIFIC
XM_005265506,0.6106805870032339,0.03902154287280364,NS,0.6917242343175678,0.278736575295339,NS,1.0442952942334331,0.017351028657451067,Up,1,C3 SPECIFIC
KLK5,-1.3223214978294848,0.03904996862537507,Down,0.09537426536843618,0.9656883360911974,NS,-3.408030472619263,0.0015524561694015945,Down,0,DOWN IN LIMBUS
POPDC3,1.0391585516683541,0.03983652765936543,Up,-0.6995864057959693,0.5459738896239419,NS,-0.6947595741493497,0.30578467011715216,NS,1,C1 SPECIFIC
HMGCR,-0.6575467440396654,0.04008204780526229,NS,-0.20030151450083622,0.8190676093887864,NS,-1.162297139368345,0.015271570684468262,Down,0,DOWN IN LIMBUS
RAB25,-1.0712003170270012,0.04036337425898963,Down,-0.6988189098296083,0.5561902991030524,NS,-1.8187104939593244,0.01884622652821573,Down,0,DOWN IN LIMBUS
ANXA9,-0.6374390026992129,0.040632216618836044,NS,-1.456285296596282,0.028808679810598616,Down,-1.9874169247426297,5.263851410623311e-4,Down,0,DOWN IN LIMBUS
XM_005245539,-0.6374390026992129,0.040632216618836044,NS,-1.456285296596282,0.028808679810598616,Down,-1.9874169247426297,5.263851410623311e-4,Down,0,DOWN IN LIMBUS
CPXM1,1.1864649649370982,0.04126682830465383,Up,0.6925421023609859,0.6037717116470219,NS,1.3015754984278471,0.10152594869794772,NS,1,C1 SPECIFIC
CLIC3,-1.1484746000857058,0.041974886803739085,Down,-1.0755987527624749,0.38286829131734007,NS,-0.9393422767451884,0.21311738572430053,NS,0,DOWN IN LIMBUS
XM_005266117,-1.1484746000857058,0.041974886803739085,Down,-1.0755987527624749,0.38286829131734007,NS,-0.9393422767451884,0.21311738572430053,NS,0,DOWN IN LIMBUS
MSMB,-2.050356764114804,0.04201389908583432,Down,-2.016078480731407,0.3605622720813033,NS,-1.5066824616158279,0.26454470175449074,NS,0,DOWN IN LIMBUS
CPXM2,-0.9117741938116399,0.04220220699849766,NS,2.7176414673701705,0.005550402635428103,Up,3.181956582787529,2.503545287537587e-4,Up,2,SHARED C2 & C3
CNTN1,1.6240987972855843,0.04220317885417893,Up,1.6998151179381367,0.32420145966696523,NS,0.6825770031731677,0.5416697738954303,NS,1,C1 SPECIFIC
SAA4,0.6102283154962702,0.04231058851414789,NS,0.5887594314408515,0.3716045771827043,NS,-1.408555706459751,0.003534585087744165,Down,0,DOWN IN LIMBUS
CEP85L,1.144090776603389,0.04264416881419121,Up,0.5105666379792559,0.713343935478964,NS,0.690487602932655,0.3667484610923246,NS,1,C1 SPECIFIC
GABRB2,1.044389033502683,0.0427637598023711,Up,-0.4426406625235142,0.728262121684565,NS,0.7928167554539427,0.25068038879449184,NS,1,C1 SPECIFIC
MYO5A,-0.8391802418050931,0.042779183302852145,NS,-0.22909652811962378,0.8470462012522078,NS,-1.4859348860770671,0.016157135906326663,Down,0,DOWN IN LIMBUS
DAPP1,-0.8480546064355012,0.04288940747223581,NS,-0.6206308901007063,0.5162122164544873,NS,-1.5711599254964126,0.012997835099267715,Down,0,DOWN IN LIMBUS
PDZRN3,1.0824937166705997,0.04311484277614381,Up,1.0989628821003663,0.34341447997177166,NS,1.9868124887380993,0.01375490911324433,Up,2,SHARED C1 & C3
RGS1,1.7897301938081336,0.04314264482899399,Up,-0.173536658056749,0.9543245568312487,NS,2.0281759919149387,0.09501344471622544,NS,1,C1 SPECIFIC
RERG,2.018232784699829,0.04334356818155255,Up,-0.5575342135539803,0.8444226944016942,NS,2.9689099964208046,0.03833073959388872,Up,2,SHARED C1 & C3
NLGN4X,-1.1164328181948378,0.04367140143496774,Down,0.8681050151279246,0.490383115633135,NS,0.2539441923060375,0.7629009169581934,NS,0,DOWN IN LIMBUS
MAN1A1,0.7443388592922968,0.04367258917458639,NS,-0.22965286406751773,0.8215885805364486,NS,1.1685234895602363,0.02965161004803058,Up,1,C3 SPECIFIC
CCL3,1.1186296192524896,0.04381337324332091,Up,-0.10492341669049576,0.9560114923602936,NS,1.3208864030185987,0.08435422401849353,NS,1,C1 SPECIFIC
CCL3L1,1.1186296192524896,0.04381337324332091,Up,-0.10492341669049576,0.9560114923602936,NS,1.3208864030185987,0.08435422401849353,NS,1,C1 SPECIFIC
CCL3L3,1.1186296192524896,0.04381337324332091,Up,-0.10492341669049576,0.9560114923602936,NS,1.3208864030185987,0.08435422401849353,NS,1,C1 SPECIFIC
XM_006725571,1.1186296192524896,0.04381337324332091,Up,-0.10492341669049576,0.9560114923602936,NS,1.3208864030185987,0.08435422401849353,NS,1,C1 SPECIFIC
TACSTD2,-1.36624285359549,0.04434346998203065,Down,-1.5854922462099674,0.28061973890460623,NS,-1.638937849533952,0.0806020188864529,NS,0,DOWN IN LIMBUS
DNM3OS,0.7556081112148294,0.04442395034965002,NS,0.665579214698937,0.4214321765720398,NS,1.1595775393859977,0.0333250498484047,Up,1,C3 SPECIFIC
CYP4B1,2.2449470971607557,0.04456197867559482,Up,-0.9818348961604091,0.7218936788486272,NS,1.8371752540887964,0.2192968902769731,NS,1,C1 SPECIFIC
KRT5,-0.6848724754354727,0.04462399656411137,NS,0.5425029008931119,0.4819695895613223,NS,-1.0924482005720506,0.028281295996941562,Down,0,DOWN IN LIMBUS
DSC3,-1.3880514498764978,0.044731162524019916,Down,0.3179347309279832,0.8758690645847782,NS,-0.9725474428464072,0.29579585925072827,NS,0,DOWN IN LIMBUS
FKBP1A,-0.5874010807430885,0.04487544757857961,NS,-0.4924795978390524,0.44881195734125845,NS,-1.0579943352235777,0.015842816354231713,Down,0,DOWN IN LIMBUS
ANO1,1.0264587498749425,0.04495329265331898,Up,-1.733584572223453,0.10900645416442921,NS,-0.87994765983973,0.19930316553511634,NS,1,C1 SPECIFIC
CERS3,-1.1140982987894317,0.04528886781568048,Down,-0.7919120511515914,0.5380910407935149,NS,-1.0396901053150573,0.1671140763131637,NS,0,DOWN IN LIMBUS
CEACAM1,0.9900290273627821,0.0457136782714579,NS,-1.4951139475493607,0.16533749355381602,NS,-1.4217302902713778,0.04423199183305881,Down,0,DOWN IN LIMBUS
GPX2,-1.3342059698203688,0.04578688269764481,Down,-0.18478541829286854,0.9299939682721414,NS,-0.828013928101921,0.36098892205025956,NS,0,DOWN IN LIMBUS
IL36G,-1.4282616581392897,0.04605900014661661,Down,-0.30915017120632093,0.8852465651568886,NS,-1.8706349373801867,0.06127244488621001,NS,0,DOWN IN LIMBUS
A4GALT,-0.5597178351013987,0.04631323283613103,NS,-0.8148554516414652,0.17506811651865586,NS,-1.2048955633694636,0.006022608543519755,Down,0,DOWN IN LIMBUS
XM_005261643,-0.5597178351013987,0.04631323283613103,NS,-0.8148554516414652,0.17506811651865586,NS,-1.2048955633694636,0.006022608543519755,Down,0,DOWN IN LIMBUS
XM_006724267,-0.5597178351013987,0.04631323283613103,NS,-0.8148554516414652,0.17506811651865586,NS,-1.2048955633694636,0.006022608543519755,Down,0,DOWN IN LIMBUS
XM_006716863,-0.4956505213590132,0.046555148199412186,NS,-1.003135454164421,0.05831030980650385,NS,-1.5220820887020716,6.643055622661617e-4,Down,0,DOWN IN LIMBUS
XR_432407,-0.4956505213590132,0.046555148199412186,NS,-1.003135454164421,0.05831030980650385,NS,-1.5220820887020716,6.643055622661617e-4,Down,0,DOWN IN LIMBUS
DUSP4,1.442376366181767,0.046609137965136875,Up,-0.9541789867156654,0.5636319965189304,NS,-0.9767105350232583,0.31903934554371927,NS,1,C1 SPECIFIC
OCIAD2,-0.5417617258613934,0.04662117673024286,NS,-0.3467566062337468,0.576886964858566,NS,-1.6919213742653376,6.106983244221264e-4,Down,0,DOWN IN LIMBUS
H19,-1.7703279117487103,0.04702969398547832,Down,-0.193633064131296,0.9491779031019238,NS,1.883940545998355,0.1217750810755006,NS,0,DOWN IN LIMBUS
CALML5,-1.0594229895902698,0.04731512704149067,Down,-0.501507364290652,0.6998796982710142,NS,-1.7350581762016484,0.026949080557608734,Down,0,DOWN IN LIMBUS
MFAP3,-0.580478035843373,0.04731512704149067,NS,-0.45845017672014254,0.49236813893519543,NS,-1.0529430061578626,0.016196086471219496,Down,0,DOWN IN LIMBUS
P2RY12,1.5299507380524484,0.04738434127075698,Up,-0.8250866643907058,0.6532365880524899,NS,1.1248442957976281,0.2790087654429721,NS,1,C1 SPECIFIC
CAVIN1,1.0578708658109655,0.047711807663833615,Up,0.8928304509539604,0.45337505188894417,NS,0.24415072920079517,0.7647443958267953,NS,1,C1 SPECIFIC
ACSS3,0.5786846555528964,0.04796691781374391,NS,1.0379137999995711,0.09842901546320916,NS,1.8810982962673606,5.263851410623311e-4,Up,1,C3 SPECIFIC
XM_006719601,0.5786846555528964,0.04796691781374391,NS,1.0379137999995711,0.09842901546320916,NS,1.8810982962673606,5.263851410623311e-4,Up,1,C3 SPECIFIC
ERICH3,-1.1953829312073894,0.04853863580270692,Down,0.08241619618870111,0.969179299981128,NS,-0.40208835498276585,0.6448440833564872,NS,0,DOWN IN LIMBUS
XM_005270450,-1.1953829312073894,0.04853863580270692,Down,0.08241619618870111,0.969179299981128,NS,-0.40208835498276585,0.6448440833564872,NS,0,DOWN IN LIMBUS
XM_006710350,-1.1953829312073894,0.04853863580270692,Down,0.08241619618870111,0.969179299981128,NS,-0.40208835498276585,0.6448440833564872,NS,0,DOWN IN LIMBUS
MET,0.5424872651512587,0.049299267008256854,NS,-0.7231391131318556,0.22096066147018126,NS,-1.2770771366575264,0.003951945960654735,Down,0,DOWN IN LIMBUS
NFASC,1.1202048207511055,0.049299267008256854,Up,0.789547360477417,0.5476844209555869,NS,1.4667449773540544,0.06519078265158204,NS,1,C1 SPECIFIC
XM_006711236,1.1202048207511055,0.049299267008256854,Up,0.789547360477417,0.5476844209555869,NS,1.4667449773540544,0.06519078265158204,NS,1,C1 SPECIFIC
GATA3,1.1494248685910033,0.04982492744850565,Up,-1.885754967755977,0.13300800714920658,NS,-0.3017619185475251,0.7324121143491557,NS,1,C1 SPECIFIC
SYNE1,0.5895502619347255,0.050912477416546836,NS,0.9600938355966688,0.1393578473217685,NS,1.4057157258302757,0.0038152153604613477,Up,1,C3 SPECIFIC
FAM13C,0.8005921184913687,0.051483270093893,NS,0.7235409019130383,0.42724724580323414,NS,1.3277175494835358,0.027792210759287186,Up,1,C3 SPECIFIC
GBP6,0.6637891589555567,0.05233682350658421,NS,-0.4354703205868944,0.578355512128541,NS,-1.962818293169569,0.0010344866221667476,Down,0,DOWN IN LIMBUS
PDE7B,0.9900895934361094,0.05283680998007536,NS,0.503297987429935,0.6831321127411787,NS,1.6398365268175885,0.028653730775673344,Up,1,C3 SPECIFIC
LOXL1,1.09789192203971,0.05283680998007536,NS,0.9161331013658156,0.4760307980869702,NS,1.5811663803431912,0.04968197248398118,Up,1,C3 SPECIFIC
PARD3B,0.36175803253905237,0.05303865580908986,NS,0.5970578627765812,0.13772860516810712,NS,1.0462233306042803,0.0012184025738662147,Up,1,C3 SPECIFIC
HLA-DPA1,1.6942960763214012,0.05304796930167853,NS,0.12070254491096932,0.9689122761756602,NS,2.6410251446304907,0.03708129213165683,Up,1,C3 SPECIFIC
SKIL,0.57079639242352,0.053253730601199444,NS,0.012568859235385865,0.9916006619164891,NS,-1.033026142419014,0.019178032335519853,Down,0,DOWN IN LIMBUS
MMP9,0.8401330322775644,0.05352673584604788,NS,0.3484349774704283,0.7538216297646995,NS,-2.7151727772663348,6.106983244221264e-4,Down,0,DOWN IN LIMBUS
GSDMC,-0.6871965325551015,0.05409063569213199,NS,-0.541361237630392,0.5113106313721222,NS,-1.3564735664280345,0.012652581164270168,Down,0,DOWN IN LIMBUS
SLC39A2,-0.7262252141244732,0.05559324380233415,NS,-0.3597926391833193,0.6968571352482814,NS,-1.3447091860576226,0.017891906646450205,Down,0,DOWN IN LIMBUS
MYOC,2.183151183216985,0.05562904260900976,NS,5.664679670706748,0.020793465242724532,Up,3.566330494654019,0.03235850390053532,Up,2,SHARED C2 & C3
RAB27B,-0.5583944616267758,0.056707289902538226,NS,-0.8732601789252508,0.1675834642760891,NS,-1.4729884402758318,0.002448697690217549,Down,0,DOWN IN LIMBUS
USP32P2,0.4866446770642927,0.056826156727341585,NS,1.0167131543339636,0.06455461303857844,NS,1.0652959697145157,0.007498658985523237,Up,1,C3 SPECIFIC
EBP,-0.4330808187766664,0.059094171647194535,NS,-0.5464900611046932,0.27525484940352923,NS,-1.0759692976994373,0.00374546158546054,Down,0,DOWN IN LIMBUS
SAMD9L,0.7286274340429522,0.06145000242501253,NS,-0.4957126002105179,0.5804442762451139,NS,-1.3294025283003847,0.021959714419332168,Down,0,DOWN IN LIMBUS
RGS16,1.0338835173082597,0.06241383065999673,NS,1.1161574804670886,0.36188428057195204,NS,1.900368995886046,0.0216621322724639,Up,1,C3 SPECIFIC
PPBP,0.5064519006910984,0.06409700943612465,NS,-0.033954070334410336,0.9724570086553468,NS,-2.3537548948240423,7.719480943288925e-5,Down,0,DOWN IN LIMBUS
SPARC,0.9196841394053372,0.06503453070442913,NS,0.7904543408538185,0.48998754362137265,NS,1.4665967758887355,0.04174279111080542,Up,1,C3 SPECIFIC
TINAGL1,0.8380850778271238,0.06653820233575003,NS,0.16178839032277725,0.9108387536347923,NS,-2.396282559906024,0.0018717597300725588,Down,0,DOWN IN LIMBUS
GNG7,0.8059554204004185,0.06710889757024768,NS,0.6814702768474978,0.5042507433176077,NS,1.261326199161232,0.0457829776910186,Up,1,C3 SPECIFIC
PLS1,-0.6703327780497883,0.06895693278191026,NS,-0.9239393156921958,0.24770675924144195,NS,-1.4924056033854542,0.009082103429371265,Down,0,DOWN IN LIMBUS
AHNAK2,-0.39002824427280913,0.06990936189945128,NS,1.1124457010496762,0.017028801210897192,Up,-0.7744805123240877,0.016982069564290346,NS,1,C2 SPECIFIC
IGF2BP3,0.9927953403882506,0.07014221785996505,NS,-0.1308654408876624,0.9428929219456906,NS,-1.7066795059665951,0.0334261811737004,Down,0,DOWN IN LIMBUS
XM_006715638,0.9927953403882506,0.07014221785996505,NS,-0.1308654408876624,0.9428929219456906,NS,-1.7066795059665951,0.0334261811737004,Down,0,DOWN IN LIMBUS
XM_006715639,0.9927953403882506,0.07014221785996505,NS,-0.1308654408876624,0.9428929219456906,NS,-1.7066795059665951,0.0334261811737004,Down,0,DOWN IN LIMBUS
CNTNAP3,-0.5116305305142914,0.07064314461793307,NS,-1.018231001619216,0.09789533791216233,NS,-1.7750704486855016,6.106983244221264e-4,Down,0,DOWN IN LIMBUS
CNTNAP3B,-0.5116305305142914,0.07064314461793307,NS,-1.018231001619216,0.09789533791216233,NS,-1.7750704486855016,6.106983244221264e-4,Down,0,DOWN IN LIMBUS
CNTNAP3P2,-0.5116305305142914,0.07064314461793307,NS,-1.018231001619216,0.09789533791216233,NS,-1.7750704486855016,6.106983244221264e-4,Down,0,DOWN IN LIMBUS
XM_006716859,-0.5116305305142914,0.07064314461793307,NS,-1.018231001619216,0.09789533791216233,NS,-1.7750704486855016,6.106983244221264e-4,Down,0,DOWN IN LIMBUS
CCL8,0.7235601179686517,0.07082231726279892,NS,0.7630316571506226,0.3904229054225102,NS,1.151919550151033,0.04558189743003972,Up,1,C3 SPECIFIC
BID,0.43855745497270693,0.07115914117443473,NS,-0.9207413328043668,0.08267083977755449,NS,-1.1165077021170697,0.004415213825830682,Down,0,DOWN IN LIMBUS
PNLIPRP3,0.8692213966243663,0.07125507918060056,NS,0.2657405214882287,0.849296309377074,NS,-3.429529782829505,2.6214651713870154e-4,Down,0,DOWN IN LIMBUS
PRDM6,0.45811882533990556,0.07163297131411218,NS,-1.1706018350646934,0.03243088929809399,Down,0.4442222700010374,0.19746433137206698,NS,0,DOWN IN LIMBUS
XM_005272128,0.45811882533990556,0.07163297131411218,NS,-1.1706018350646934,0.03243088929809399,Down,0.4442222700010374,0.19746433137206698,NS,0,DOWN IN LIMBUS
PGM2L1,0.6302844714356359,0.0746407462655562,NS,0.11563553273958327,0.9178867892735709,NS,-1.4411611680858956,0.008841745986104663,Down,0,DOWN IN LIMBUS
IFI27,0.5689965240106147,0.07567272948140287,NS,-0.4002714958924791,0.5878793187364874,NS,-1.375575146876482,0.006470691157212102,Down,0,DOWN IN LIMBUS
GPR87,-0.707939139486534,0.07800893475944407,NS,-0.5838029756071528,0.5315263402794264,NS,-1.5908124429015427,0.01036954013311103,Down,0,DOWN IN LIMBUS
RHOB,-0.7050383901048569,0.07848463732269288,NS,0.5968839981413652,0.5187750114789442,NS,1.893712351643254,0.0037153460567642383,Up,1,C3 SPECIFIC
KCNG1,-0.7238895393828315,0.0799922733247968,NS,-1.0026680794099248,0.26833814035624054,NS,-2.2321671785188704,0.0016039481811543012,Down,0,DOWN IN LIMBUS
EGR1,-1.068278869774586,0.08007054205449356,NS,-0.3510512886707726,0.8412482578091348,NS,3.4041989032465443,0.0013150204671985,Up,1,C3 SPECIFIC
DKK3,-0.662139423991098,0.08037438207586069,NS,2.057373184955728,0.0129719104473335,Up,1.1655875197922168,0.03534226420408233,Up,2,SHARED C2 & C3
XM_006718177,-0.662139423991098,0.08037438207586069,NS,2.057373184955728,0.0129719104473335,Up,1.1655875197922168,0.03534226420408233,Up,2,SHARED C2 & C3
XM_006718179,-0.662139423991098,0.08037438207586069,NS,2.057373184955728,0.0129719104473335,Up,1.1655875197922168,0.03534226420408233,Up,2,SHARED C2 & C3
XM_006718180,-0.662139423991098,0.08037438207586069,NS,2.057373184955728,0.0129719104473335,Up,1.1655875197922168,0.03534226420408233,Up,2,SHARED C2 & C3
WNT2,0.8097977336854831,0.08048551493972614,NS,0.3407777971250292,0.7813632930432303,NS,1.5062251495408727,0.028276047790631198,Up,1,C3 SPECIFIC
RHCG,1.2299128428723476,0.08073261306689854,NS,-1.4799113973371174,0.3372762732693159,NS,-2.665183620543484,0.01351615778902603,Down,0,DOWN IN LIMBUS
CCNA1,0.609954882922148,0.08081516354173393,NS,-0.5972402382694737,0.4478336667343744,NS,-2.342034492939548,4.587238073014299e-4,Down,0,DOWN IN LIMBUS
LGR6,0.6326349178677626,0.08082497653713595,NS,1.209226007654343,0.12265218694745876,NS,1.1796907044597598,0.028130351433582522,Up,1,C3 SPECIFIC
XM_006711480,0.6326349178677626,0.08082497653713595,NS,1.209226007654343,0.12265218694745876,NS,1.1796907044597598,0.028130351433582522,Up,1,C3 SPECIFIC
SERPINB1,0.6490770485146644,0.08084640676476479,NS,-1.1236697849144957,0.16620909363381992,NS,-1.3065758070822096,0.019546577007283603,Down,0,DOWN IN LIMBUS
XM_006715008,0.6490770485146644,0.08084640676476479,NS,-1.1236697849144957,0.16620909363381992,NS,-1.3065758070822096,0.019546577007283603,Down,0,DOWN IN LIMBUS
MTHFD2L,-0.45467289909765807,0.08190521204044442,NS,0.521492731989623,0.3716045771827043,NS,-1.0174848496566282,0.011631190681800015,Down,0,DOWN IN LIMBUS
XM_005265691,-0.45467289909765807,0.08190521204044442,NS,0.521492731989623,0.3716045771827043,NS,-1.0174848496566282,0.011631190681800015,Down,0,DOWN IN LIMBUS
VGLL1,-1.0316344708460834,0.08201949693474872,NS,-2.026130838804094,0.1123841114010752,NS,-2.180809361561119,0.01569576934315383,Down,0,DOWN IN LIMBUS
PCDHB14,-0.4545708709106018,0.08282267002616915,NS,0.19729343443980607,0.7742230783704227,NS,1.0780843985075563,0.008507954338899188,Up,1,C3 SPECIFIC
UBE3C,-0.5262240572444377,0.08283165024352539,NS,-0.4232472590533263,0.5485682992040881,NS,-1.023742808735741,0.02396481899647786,Down,0,DOWN IN LIMBUS
TCEA3,-0.6400480052970963,0.0841111835669246,NS,-0.24555490238090982,0.8104870813516791,NS,1.6052459424161665,0.006221302861567894,Up,1,C3 SPECIFIC
XM_005245980,-0.6400480052970963,0.0841111835669246,NS,-0.24555490238090982,0.8104870813516791,NS,1.6052459424161665,0.006221302861567894,Up,1,C3 SPECIFIC
FGF7P6,0.8454336601903556,0.08554897065279471,NS,0.5930301553742243,0.6071797899983628,NS,1.7766861554828628,0.017104663746412195,Up,1,C3 SPECIFIC
TNFRSF10B,-0.8912581289949033,0.08579725152781406,NS,-1.23225686783357e-4,0.9999615377949095,NS,-1.7620183260751103,0.023359562358363683,Down,0,DOWN IN LIMBUS
TRIML2,-0.3974306739015958,0.08598604286650575,NS,-0.24274988898202476,0.664173974566806,NS,-1.1844285219008794,0.002298420519693406,Down,0,DOWN IN LIMBUS
FBXL21P,-0.502260750461121,0.0876936714319025,NS,-0.008774848370925348,0.994048216926187,NS,-1.008472363646054,0.022351771986672566,Down,0,DOWN IN LIMBUS
MRPL13,-0.4872077374920156,0.08803103677835013,NS,-0.6130242309785263,0.32803613651841573,NS,-1.0631976777560883,0.01483519625549194,Down,0,DOWN IN LIMBUS
XM_006716547,-0.4872077374920156,0.08803103677835013,NS,-0.6130242309785263,0.32803613651841573,NS,-1.0631976777560883,0.01483519625549194,Down,0,DOWN IN LIMBUS
SLC6A15,0.7107428990582836,0.0882561010454375,NS,-0.48149321645926424,0.6307880325289356,NS,-2.474770875465599,9.031405905669744e-4,Down,0,DOWN IN LIMBUS
SERPINB7,0.834366158623614,0.08839705051072816,NS,0.15108996696254362,0.9238914443116755,NS,-2.9968527258644304,7.454110013679373e-4,Down,0,DOWN IN LIMBUS
SCD,-0.6976023900501218,0.0894285711855823,NS,0.40395318165887417,0.688114680875396,NS,-1.3816479670848185,0.024609854351428512,Down,0,DOWN IN LIMBUS
MGAT4A,-0.649664141643485,0.09359596251368639,NS,-0.15633321471590467,0.8965420921240882,NS,-1.261731252751149,0.0284029350378688,Down,0,DOWN IN LIMBUS
CCDC134,-0.33863095258736475,0.09506473271541444,NS,-0.42270136682481585,0.34570186798219393,NS,-1.0535690994792617,0.0021032732494854255,Down,0,DOWN IN LIMBUS
DYRK2,-0.2962494050953932,0.09586087614752291,NS,-0.7574961590813096,0.048800454064949705,Down,-0.3963794516835728,0.10913100479168514,NS,0,DOWN IN LIMBUS
OR7E2P,-0.3702685989516641,0.09698762580604342,NS,-0.017625594518643428,0.983876247901994,NS,1.0134410135784202,0.004846313576232175,Up,1,C3 SPECIFIC
DMKN,0.48939116988623255,0.09701916140536164,NS,-0.6115725974347539,0.3493332286388227,NS,-1.301893242853728,0.005644121616224763,Down,0,DOWN IN LIMBUS
XM_006723502,0.48939116988623255,0.09701916140536164,NS,-0.6115725974347539,0.3493332286388227,NS,-1.301893242853728,0.005644121616224763,Down,0,DOWN IN LIMBUS
XM_006723503,0.48939116988623255,0.09701916140536164,NS,-0.6115725974347539,0.3493332286388227,NS,-1.301893242853728,0.005644121616224763,Down,0,DOWN IN LIMBUS
XR_430219,0.48939116988623255,0.09701916140536164,NS,-0.6115725974347539,0.3493332286388227,NS,-1.301893242853728,0.005644121616224763,Down,0,DOWN IN LIMBUS
YIPF6,-0.46244350031668446,0.09705570986284626,NS,-0.2857055504152619,0.6711551781473243,NS,-1.0894619462330475,0.011597875121041988,Down,0,DOWN IN LIMBUS
KRT80,-0.6076986675026568,0.09877576914427721,NS,-1.1467928657763844,0.15912391943051685,NS,-1.0426110972434772,0.04927989330062993,Down,0,DOWN IN LIMBUS
VAV2,-0.5793875036716178,0.09980051206043329,NS,0.14123158867100738,0.8968209221836351,NS,-1.0151922581262527,0.04625193434571571,Down,0,DOWN IN LIMBUS
SEL1L3,0.8146643579534478,0.10113972524938286,NS,-1.1875421297441218,0.27879413679274534,NS,-1.787163525737693,0.01768929086517689,Down,0,DOWN IN LIMBUS
XM_005248143,0.8146643579534478,0.10113972524938286,NS,-1.1875421297441218,0.27879413679274534,NS,-1.787163525737693,0.01768929086517689,Down,0,DOWN IN LIMBUS
PPP1R15A,-0.9044083969700463,0.10292869404295549,NS,-0.21722853705428236,0.8998577167180336,NS,1.7710437799228957,0.03120217542360773,Up,1,C3 SPECIFIC
MED18,-0.5897142280344045,0.10523573822040753,NS,-0.18581724033309222,0.863772624011386,NS,-1.0398910178825416,0.0481071466811313,Down,0,DOWN IN LIMBUS
XM_003846750,-0.5897142280344045,0.10523573822040753,NS,-0.18581724033309222,0.863772624011386,NS,-1.0398910178825416,0.0481071466811313,Down,0,DOWN IN LIMBUS
SLC44A3,-0.4479853560419693,0.10895978979408275,NS,-0.8175506814094824,0.17847353839792618,NS,-1.2809341837842556,0.004664361928076086,Down,0,DOWN IN LIMBUS
MSMO1,-0.7995332382974549,0.11162233784427979,NS,-0.17820538638683026,0.9113959274457653,NS,-1.7480889329628582,0.02121171776242791,Down,0,DOWN IN LIMBUS
ERO1A,0.4418217825839452,0.11165080214887198,NS,-0.3476165389386061,0.5914621789380493,NS,-1.318450186937211,0.00374546158546054,Down,0,DOWN IN LIMBUS
MTURN,0.32275821854935316,0.11284237451154285,NS,1.1677655643035294,0.009834883196849194,Up,0.6982919574160489,0.022661579213082414,NS,1,C2 SPECIFIC
MYRF,-0.3262369371170948,0.11434880945777677,NS,-0.9414111132005054,0.03500458339512928,Down,-0.1288953879493917,0.6737137610844655,NS,0,DOWN IN LIMBUS
DCXR,-0.4119280941923247,0.11436865943337907,NS,0.336258341495391,0.5798560261289305,NS,1.0016436492791314,0.012960568704631697,Up,1,C3 SPECIFIC
SDR42E1,-0.4402429095535272,0.11727125120830505,NS,-0.14124122496656266,0.8661244783001159,NS,-1.039290780923384,0.015723433632442805,Down,0,DOWN IN LIMBUS
EID3,-0.9396669066558472,0.11740646653052236,NS,-0.027762527570937223,0.9909796547027413,NS,1.9839646930882662,0.02709064498542084,Up,1,C3 SPECIFIC
PDE8B,-0.6743325965120874,0.11788205989883543,NS,1.035004424617453,0.2786246973157788,NS,1.884970187674197,0.006061623404644067,Up,1,C3 SPECIFIC
XM_005248623,-0.6743325965120874,0.11788205989883543,NS,1.035004424617453,0.2786246973157788,NS,1.884970187674197,0.006061623404644067,Up,1,C3 SPECIFIC
DHRS9,1.5989922840136161,0.1181967874426737,NS,-2.469744778410046,0.2758607637916061,NS,-3.627796140859454,0.01934083047167381,Down,0,DOWN IN LIMBUS
TLCD1,-0.37908401813121007,0.11856563788767067,NS,-0.4637266026357807,0.3929139423532575,NS,-1.3147663602032997,0.0016628466075501885,Down,0,DOWN IN LIMBUS
ADAM19,0.7027796927278622,0.12050794112123336,NS,0.008166362155447082,0.9965465994732307,NS,-2.296539514230603,0.0025744421218325533,Down,0,DOWN IN LIMBUS
XM_005266003,0.7027796927278622,0.12050794112123336,NS,0.008166362155447082,0.9965465994732307,NS,-2.296539514230603,0.0025744421218325533,Down,0,DOWN IN LIMBUS
GAGE12C,-0.5054992788513193,0.12063346464413935,NS,-0.20220223757495548,0.8260414863903855,NS,1.500318225809286,0.00459154910230915,Up,1,C3 SPECIFIC
GAGE12D,-0.5054992788513193,0.12063346464413935,NS,-0.20220223757495548,0.8260414863903855,NS,1.500318225809286,0.00459154910230915,Up,1,C3 SPECIFIC
GAGE12E,-0.5054992788513193,0.12063346464413935,NS,-0.20220223757495548,0.8260414863903855,NS,1.500318225809286,0.00459154910230915,Up,1,C3 SPECIFIC
GAGE12H,-0.5054992788513193,0.12063346464413935,NS,-0.20220223757495548,0.8260414863903855,NS,1.500318225809286,0.00459154910230915,Up,1,C3 SPECIFIC
GAGE12J,-0.5054992788513193,0.12063346464413935,NS,-0.20220223757495548,0.8260414863903855,NS,1.500318225809286,0.00459154910230915,Up,1,C3 SPECIFIC
GAGE13,-0.5054992788513193,0.12063346464413935,NS,-0.20220223757495548,0.8260414863903855,NS,1.500318225809286,0.00459154910230915,Up,1,C3 SPECIFIC
GAGE2A,-0.5054992788513193,0.12063346464413935,NS,-0.20220223757495548,0.8260414863903855,NS,1.500318225809286,0.00459154910230915,Up,1,C3 SPECIFIC
GAGE2E,-0.5054992788513193,0.12063346464413935,NS,-0.20220223757495548,0.8260414863903855,NS,1.500318225809286,0.00459154910230915,Up,1,C3 SPECIFIC
GAGE8,-0.5054992788513193,0.12063346464413935,NS,-0.20220223757495548,0.8260414863903855,NS,1.500318225809286,0.00459154910230915,Up,1,C3 SPECIFIC
SPINK7,-1.081754398196499,0.12215430916959871,NS,0.28609348132826984,0.8954467483501375,NS,-3.0365414242138833,0.006468760893050274,Down,0,DOWN IN LIMBUS
CCL20,0.460871157472202,0.1260311535516213,NS,-0.18884588222529164,0.8251099260642568,NS,-2.2289690668762896,2.3951424377536914e-4,Down,0,DOWN IN LIMBUS
ZBTB20,0.8102273203877628,0.12870050266424699,NS,0.23257091171437327,0.8866669900353478,NS,1.7279680194983573,0.02989315913840441,Up,1,C3 SPECIFIC
GK,0.45901568655471614,0.1308128476565311,NS,-0.6269597387152794,0.35664725718444273,NS,-1.5613444703727684,0.002357270426835483,Down,0,DOWN IN LIMBUS
IL1B,0.7095030069630583,0.13135848633219271,NS,0.305671740663195,0.8165976951083326,NS,-2.9327290777741,6.708007591651626e-4,Down,0,DOWN IN LIMBUS
LINC00965,-0.3592686772896485,0.1314945469740311,NS,0.2916345762523207,0.6033447747437993,NS,1.0266186360331488,0.006766437110067864,Up,1,C3 SPECIFIC
GAGE12F,-0.4918651811264718,0.13156110785987107,NS,-0.23601764801089287,0.7883233522178541,NS,1.4800694418929965,0.005049968853538995,Up,1,C3 SPECIFIC
GAGE12G,-0.4918651811264718,0.13156110785987107,NS,-0.23601764801089287,0.7883233522178541,NS,1.4800694418929965,0.005049968853538995,Up,1,C3 SPECIFIC
GAGE6,-0.4918651811264718,0.13156110785987107,NS,-0.23601764801089287,0.7883233522178541,NS,1.4800694418929965,0.005049968853538995,Up,1,C3 SPECIFIC
SLC37A2,0.29337303241784163,0.13170915611364045,NS,0.19065300594219625,0.6919071880418421,NS,-1.3029602109465133,4.822124850046166e-4,Down,0,DOWN IN LIMBUS
ORMDL2,-0.39018146926579966,0.13190137282424028,NS,-0.5091604362181048,0.3784054640059895,NS,-1.364090324403561,0.0019891151089608725,Down,0,DOWN IN LIMBUS
SEC14L2,0.5494055253117933,0.13480105571592066,NS,0.06397555555064383,0.9610554634144228,NS,-1.863048632290912,0.0026460492224464212,Down,0,DOWN IN LIMBUS
JPT2,-0.380283123276115,0.13484966484455474,NS,-0.2369905037220157,0.7124342919706016,NS,-1.2307033802714198,0.0034596231143634018,Down,0,DOWN IN LIMBUS
RASA1,0.39869807874429775,0.1353053910453653,NS,-0.2122765961493709,0.7612294621413116,NS,-1.2248922682995005,0.0047848887073133695,Down,0,DOWN IN LIMBUS
EREG,-0.9898867510278393,0.1356605385938208,NS,0.007402204884350283,0.9975584361588662,NS,-2.1583764777967787,0.029515796167715908,Down,0,DOWN IN LIMBUS
JPT1,-0.6216990527870703,0.1367485805060818,NS,-0.5798144072074489,0.5546803671816637,NS,-1.2363364605534386,0.04320948898115963,Down,0,DOWN IN LIMBUS
CAV2,0.5848225093190447,0.13677933286233526,NS,-0.31059428715576765,0.7626161002906261,NS,-1.229409665466358,0.0347344460205423,Down,0,DOWN IN LIMBUS
NBEAL1,-0.38402768346618554,0.1371666846514776,NS,-0.4028108355139999,0.5083127762198097,NS,-1.1233558917648523,0.006479156931132004,Down,0,DOWN IN LIMBUS
SOCS3,0.7893017166821767,0.14029412564764918,NS,0.04436531803538024,0.9831503279308691,NS,1.8320914273567634,0.023554259444741994,Up,1,C3 SPECIFIC
PLAAT4,0.5820305275651769,0.14126626983070953,NS,-1.205561971677172,0.16717607680990942,NS,-1.3246017978482953,0.025987876644145126,Down,0,DOWN IN LIMBUS
JADE1,0.2966162028962689,0.14157520011870856,NS,0.3762092981771765,0.40813134464916095,NS,1.1292361223313563,0.0013864158046556511,Up,1,C3 SPECIFIC
SCML1,0.43006206460553287,0.14367245721238223,NS,0.16550338889573446,0.848463378549166,NS,1.000778295879714,0.024185072024690085,Up,1,C3 SPECIFIC
ZFP36,-0.9059932104680435,0.1444228937677788,NS,0.0010942698011344731,0.9995745592494331,NS,1.8698591153117157,0.040497270818251864,Up,1,C3 SPECIFIC
CYB5R2,0.38843638365691646,0.14522477998292505,NS,-0.16632431676519932,0.8260414863903855,NS,-1.5944997065862996,9.031405905669744e-4,Down,0,DOWN IN LIMBUS
XM_005252973,0.38843638365691646,0.14522477998292505,NS,-0.16632431676519932,0.8260414863903855,NS,-1.5944997065862996,9.031405905669744e-4,Down,0,DOWN IN LIMBUS
XM_005252976,0.38843638365691646,0.14522477998292505,NS,-0.16632431676519932,0.8260414863903855,NS,-1.5944997065862996,9.031405905669744e-4,Down,0,DOWN IN LIMBUS
SPATA6,0.4979269733364564,0.1496945314753365,NS,0.03046686399313092,0.9820526405565327,NS,1.1531630322284387,0.02660151257721397,Up,1,C3 SPECIFIC
VNN3P,0.43674858673668915,0.15174698017092025,NS,-0.6723914362232168,0.3197320589259854,NS,-1.7176067490985076,0.0013277970985854375,Down,0,DOWN IN LIMBUS
GAS1,0.7430140156610356,0.1520358381114057,NS,0.5686721860603026,0.6532365880524899,NS,1.8519091757753312,0.019216755278090664,Up,1,C3 SPECIFIC
LYRM9,-0.3259212741086248,0.15440819970987604,NS,0.5576240499927607,0.2733593198231489,NS,1.2978309439040956,0.0012934336378906015,Up,1,C3 SPECIFIC
XM_005257943,-0.3259212741086248,0.15440819970987604,NS,0.5576240499927607,0.2733593198231489,NS,1.2978309439040956,0.0012934336378906015,Up,1,C3 SPECIFIC
XM_005257944,-0.3259212741086248,0.15440819970987604,NS,0.5576240499927607,0.2733593198231489,NS,1.2978309439040956,0.0012934336378906015,Up,1,C3 SPECIFIC
EHF,-0.7177510590816185,0.1587278809943102,NS,-0.8946205732464758,0.43925081148966844,NS,-2.1685789057991087,0.007459440968357691,Down,0,DOWN IN LIMBUS
RRP36,-0.4000158526020474,0.16011048371801773,NS,0.024951455688379198,0.9821923709200338,NS,-1.1488497293930724,0.010186427287378992,Down,0,DOWN IN LIMBUS
DUSP1,-0.7870962490505615,0.16098711776101993,NS,-0.2292200582565771,0.8965420921240882,NS,1.8002146369920684,0.03168095702456159,Up,1,C3 SPECIFIC
CAB39,-0.24459897224106975,0.16566920802989885,NS,-0.024769709347411073,0.9689440121094631,NS,-1.060250741228038,8.881022241821446e-4,Down,0,DOWN IN LIMBUS
TCN1,0.8096490698477119,0.16871109956750585,NS,-1.066157161596248,0.42305591481156285,NS,-2.7586843032897264,0.004262347925723764,Down,0,DOWN IN LIMBUS
SLC25A25,-0.7345366289077138,0.16953887015461025,NS,-0.16991790270927432,0.9215063965208417,NS,1.8317810793705611,0.023554259444741994,Up,1,C3 SPECIFIC
ZNF702P,0.3005380585305346,0.1709141217075581,NS,-0.27807080289449226,0.5882907771595497,NS,-1.240909001759126,0.0013144284898467396,Down,0,DOWN IN LIMBUS
RAB38,-0.5802456154310232,0.17290993507432392,NS,-0.2996844843681945,0.798717417733173,NS,-1.3213585133832098,0.03596575530400171,Down,0,DOWN IN LIMBUS
XM_005273860,-0.5802456154310232,0.17290993507432392,NS,-0.2996844843681945,0.798717417733173,NS,-1.3213585133832098,0.03596575530400171,Down,0,DOWN IN LIMBUS
XM_006718807,-0.5802456154310232,0.17290993507432392,NS,-0.2996844843681945,0.798717417733173,NS,-1.3213585133832098,0.03596575530400171,Down,0,DOWN IN LIMBUS
TMPRSS2,0.383902156229154,0.17290993507432392,NS,-0.708168834614102,0.25690049813185467,NS,-1.7315739545797406,7.797500255208231e-4,Down,0,DOWN IN LIMBUS
XM_005261042,0.383902156229154,0.17290993507432392,NS,-0.708168834614102,0.25690049813185467,NS,-1.7315739545797406,7.797500255208231e-4,Down,0,DOWN IN LIMBUS
XM_005261044,0.383902156229154,0.17290993507432392,NS,-0.708168834614102,0.25690049813185467,NS,-1.7315739545797406,7.797500255208231e-4,Down,0,DOWN IN LIMBUS
XM_006724048,0.383902156229154,0.17290993507432392,NS,-0.708168834614102,0.25690049813185467,NS,-1.7315739545797406,7.797500255208231e-4,Down,0,DOWN IN LIMBUS
CIRBP,-0.3088168408009686,0.17476428342201059,NS,0.28271856986256516,0.5994394115738023,NS,1.0398622605554682,0.004957425322350351,Up,1,C3 SPECIFIC
SNORD44,0.5979871707813764,0.1758940436186999,NS,-0.027599367739725267,0.9882118018087942,NS,1.444380411660676,0.029260896259331044,Up,1,C3 SPECIFIC
MMEL1,-0.18269990257918156,0.1776208634021063,NS,-0.6117378799264843,0.037601959330208046,Down,-0.21108574247511402,0.2585954941141841,NS,0,DOWN IN LIMBUS
IGF2BP2,0.4074782246580071,0.1780415083941461,NS,0.08495196735724164,0.9313449570913879,NS,-1.0854352448468987,0.01890182819674548,Down,0,DOWN IN LIMBUS
A2ML1,0.6670854876261476,0.17861162218623947,NS,-1.110873922730356,0.3118360782508439,NS,-2.209888887151009,0.005674546524667141,Down,0,DOWN IN LIMBUS
ETHE1,0.40927396061480614,0.1803343667389864,NS,-0.26588285181573923,0.7330142245317337,NS,-1.0151553625532301,0.027337002139233926,Down,0,DOWN IN LIMBUS
KRT16,0.5344832718563293,0.1810131427544201,NS,-0.16496749634990593,0.894773836468603,NS,-1.5618404873160978,0.012393666650749384,Down,0,DOWN IN LIMBUS
HNF4G,-0.2960335756096315,0.18491754527662538,NS,-1.8359238169568268,6.199661666104555e-4,Down,-1.5294438757403803,4.2985122202595646e-4,Down,0,DOWN IN LIMBUS
SEMA7A,0.41397946633315374,0.18586380225314086,NS,0.291103554066094,0.7135623605802897,NS,-1.1908162108556253,0.014081512708413221,Down,0,DOWN IN LIMBUS
CNKSR3,-0.5503471630925532,0.1900108077897955,NS,0.1030244051960505,0.9419297148907596,NS,1.279896219249207,0.039077737902481646,Up,1,C3 SPECIFIC
IFNE,0.2962303682519911,0.1903722943812235,NS,8.4468470985754607e-05,0.9999313847387709,NS,-1.188592233259019,0.002102297090572756,Down,0,DOWN IN LIMBUS
MSLN,-0.49805696714522174,0.19295495637395316,NS,-1.0838719311146203,0.19424633436903788,NS,-1.7160833373456352,0.005502744435201475,Down,0,DOWN IN LIMBUS
XM_006720837,-0.49805696714522174,0.19295495637395316,NS,-1.0838719311146203,0.19424633436903788,NS,-1.7160833373456352,0.005502744435201475,Down,0,DOWN IN LIMBUS
CASP6,-0.31883256994602505,0.19358060599386623,NS,-0.2677801584456674,0.655376988122622,NS,-1.2251465848309966,0.0029325836139369047,Down,0,DOWN IN LIMBUS
XM_005263271,-0.31883256994602505,0.19358060599386623,NS,-0.2677801584456674,0.655376988122622,NS,-1.2251465848309966,0.0029325836139369047,Down,0,DOWN IN LIMBUS
DCBLD2,0.761772986364412,0.20270936185857558,NS,0.3320597724025074,0.8509474594387881,NS,-2.378839664542136,0.011045891427129072,Down,0,DOWN IN LIMBUS
OLAH,-0.38780180588781565,0.20403460687983807,NS,-0.25043757539567313,0.7534776571426817,NS,-1.111549490495241,0.017496831138048646,Down,0,DOWN IN LIMBUS
XM_006717456,-0.38780180588781565,0.20403460687983807,NS,-0.25043757539567313,0.7534776571426817,NS,-1.111549490495241,0.017496831138048646,Down,0,DOWN IN LIMBUS
ADM,-0.4221066509552358,0.20455454058766598,NS,0.13807911288162167,0.8945011000253666,NS,2.1402145571387763,5.928408357644779e-4,Up,1,C3 SPECIFIC
SLC9A9,0.371122155739954,0.20588204452553596,NS,-0.01876765133936953,0.987967126207834,NS,1.1403941203769303,0.012711928991812978,Up,1,C3 SPECIFIC
ARPC1A,0.3147013322517509,0.2099080600907153,NS,-0.2286091608485723,0.7207831977702975,NS,-1.18470827779176,0.004100631169561659,Down,0,DOWN IN LIMBUS
RHOC,0.3050563713177237,0.21864753607602502,NS,-0.238695041139791,0.7004089391922319,NS,-1.063604016519081,0.0072260424627695,Down,0,DOWN IN LIMBUS
ROBO2,-0.3552492114550976,0.21947577144042388,NS,1.5845587416236988,0.013320991001598163,Up,1.7988726699478823,7.220265147935215e-4,Up,2,SHARED C2 & C3
XM_006713279,-0.3552492114550976,0.21947577144042388,NS,1.5845587416236988,0.013320991001598163,Up,1.7988726699478823,7.220265147935215e-4,Up,2,SHARED C2 & C3
CCNDBP1,0.2716755296765925,0.2198120081858804,NS,-0.33243377287847053,0.5231226158359137,NS,-1.0577701722476025,0.003810967377541773,Down,0,DOWN IN LIMBUS
XR_429445,0.2716755296765925,0.2198120081858804,NS,-0.33243377287847053,0.5231226158359137,NS,-1.0577701722476025,0.003810967377541773,Down,0,DOWN IN LIMBUS
UNC5CL,-0.2002977860542723,0.22099074238908709,NS,-0.6980219532562266,0.049772919199754365,Down,-0.2269216265614986,0.318871613706497,NS,0,DOWN IN LIMBUS
SOX4,-0.28089888254863293,0.22248634246804178,NS,0.12969176123104376,0.8489327803898759,NS,-1.0898074322979987,0.004061846117526489,Down,0,DOWN IN LIMBUS
FRK,-0.5801993959689984,0.2259272787733417,NS,-0.882957124256972,0.4156686284066901,NS,-1.5407421159531483,0.03155240181377614,Down,0,DOWN IN LIMBUS
ENTPD3,-0.3598781058143796,0.22633493116402378,NS,-0.008848200664902883,0.9941591927971911,NS,-1.2310807604949652,0.008940832532583863,Down,0,DOWN IN LIMBUS
XM_005265606,-0.3598781058143796,0.22633493116402378,NS,-0.008848200664902883,0.9941591927971911,NS,-1.2310807604949652,0.008940832532583863,Down,0,DOWN IN LIMBUS
GRB14,0.3585172154564069,0.22786349893103075,NS,0.045246525153657124,0.9662276799943725,NS,-1.4623352758946901,0.003255279744959513,Down,0,DOWN IN LIMBUS
NR3C2,0.42997529755805086,0.22788936359435588,NS,0.01183996054235692,0.9933233042450115,NS,1.0356759145086816,0.047058148739513236,Up,1,C3 SPECIFIC
XM_005263014,0.42997529755805086,0.22788936359435588,NS,0.01183996054235692,0.9933233042450115,NS,1.0356759145086816,0.047058148739513236,Up,1,C3 SPECIFIC
CWH43,0.4460166757320523,0.22830030566338821,NS,-0.02027143562740319,0.9890307638014827,NS,-3.034702760219723,1.3113013913325296e-4,Down,0,DOWN IN LIMBUS
TMSB10,0.3869136009403409,0.2283521893014848,NS,-0.3245742590429881,0.6821205740488622,NS,-1.2515171460556243,0.012633955900392898,Down,0,DOWN IN LIMBUS
LGALS7,-0.6287625791419682,0.23094685480235627,NS,0.6952166810102174,0.5716630665404882,NS,-1.51176767354292,0.048213593472241835,Down,0,DOWN IN LIMBUS
LGALS7B,-0.6287625791419682,0.23094685480235627,NS,0.6952166810102174,0.5716630665404882,NS,-1.51176767354292,0.048213593472241835,Down,0,DOWN IN LIMBUS
LPCAT4,-0.23838898667952524,0.2314698638059928,NS,-0.5736067019873428,0.1877467958456156,NS,-1.3113664364473037,5.263851410623311e-4,Down,0,DOWN IN LIMBUS
XR_243087,-0.23838898667952524,0.2314698638059928,NS,-0.5736067019873428,0.1877467958456156,NS,-1.3113664364473037,5.263851410623311e-4,Down,0,DOWN IN LIMBUS
PRSS2,0.4846732866600436,0.2344310205330907,NS,0.0693596363800757,0.961438722025245,NS,-2.3617202597200153,0.0011167473926200914,Down,0,DOWN IN LIMBUS
XM_005276996,0.4846732866600436,0.2344310205330907,NS,0.0693596363800757,0.961438722025245,NS,-2.3617202597200153,0.0011167473926200914,Down,0,DOWN IN LIMBUS
SLC15A1,-0.3115536021346301,0.23502146735336182,NS,-0.19204821038901265,0.786640414861446,NS,-1.2561453839014254,0.0037665863326543344,Down,0,DOWN IN LIMBUS
FBXW10,-0.27274232015611855,0.23524799034522462,NS,-0.053060371141211427,0.9468154269783581,NS,-1.3998751787180463,8.290823836953679e-4,Down,0,DOWN IN LIMBUS
FBXW10B,-0.27274232015611855,0.23524799034522462,NS,-0.053060371141211427,0.9468154269783581,NS,-1.3998751787180463,8.290823836953679e-4,Down,0,DOWN IN LIMBUS
XM_006721422,-0.27274232015611855,0.23524799034522462,NS,-0.053060371141211427,0.9468154269783581,NS,-1.3998751787180463,8.290823836953679e-4,Down,0,DOWN IN LIMBUS
CYP51A1,-0.40293798682539617,0.23553362446198542,NS,-0.2986737801993353,0.7301356059046624,NS,-1.009752102936739,0.04305640865134418,Down,0,DOWN IN LIMBUS
STON1,0.2953039897752259,0.23919766363207004,NS,1.4421583643025127,0.0103230592145825,Up,1.449645852762103,0.001135577119122048,Up,2,SHARED C2 & C3
CSRNP1,-0.6435671962149918,0.2442626786442811,NS,-0.09747220208558183,0.9609486273818618,NS,1.63822814988837,0.043623384198497185,Up,1,C3 SPECIFIC
XM_005265403,-0.6435671962149918,0.2442626786442811,NS,-0.09747220208558183,0.9609486273818618,NS,1.63822814988837,0.043623384198497185,Up,1,C3 SPECIFIC
KLK7,0.5247454188543719,0.2511005493899969,NS,-0.13611722381948432,0.9270279607995188,NS,-3.144977545911172,4.1319282129765895e-4,Down,0,DOWN IN LIMBUS
ERRFI1,-0.4042605439446252,0.2512506669629611,NS,0.35481710055608673,0.6831321127411787,NS,1.0052164549161677,0.049782042230221556,Up,1,C3 SPECIFIC
SH3TC2,-0.26675216607810803,0.2529210635059536,NS,-0.16769325997113516,0.7914157370367411,NS,-1.0417030859064011,0.005644121616224763,Down,0,DOWN IN LIMBUS
WASF3,0.29125479792719133,0.25508792879015846,NS,1.168785631474445,0.0363933074336012,Up,1.0260687432927078,0.010552254123482463,Up,2,SHARED C2 & C3
DCAF16,0.2926081605043436,0.2576184380459036,NS,0.07460184547203674,0.9287001065545024,NS,1.0543395238229536,0.009632386674661464,Up,1,C3 SPECIFIC
TMEM45B,-0.503707382940906,0.25842407386589283,NS,-1.2749193448083203,0.18918226762631832,NS,-2.4252113055137983,0.0016677629173853928,Down,0,DOWN IN LIMBUS
XM_005271400,-0.503707382940906,0.25842407386589283,NS,-1.2749193448083203,0.18918226762631832,NS,-2.4252113055137983,0.0016677629173853928,Down,0,DOWN IN LIMBUS
XM_005271401,-0.503707382940906,0.25842407386589283,NS,-1.2749193448083203,0.18918226762631832,NS,-2.4252113055137983,0.0016677629173853928,Down,0,DOWN IN LIMBUS
ITGB8,-0.37783142124438385,0.2671402639179388,NS,-0.5225120399223098,0.5137378666842165,NS,-1.8829655794216613,0.0014774690301360355,Down,0,DOWN IN LIMBUS
FUT2,0.36079014934881837,0.2716769260254258,NS,-1.158710554905129,0.10464964646077471,NS,-1.2174538725906032,0.015851218671173513,Down,0,DOWN IN LIMBUS
ZFAND5,0.32370872001407314,0.2728918634371281,NS,0.5699549221711742,0.3908495963404543,NS,1.326864340727088,0.005403109603651084,Up,1,C3 SPECIFIC
PLD5,0.313723600810107,0.2729041300873741,NS,0.2651801268757361,0.7143329407369898,NS,-1.1703913965624029,0.009466752628500724,Down,0,DOWN IN LIMBUS
XM_006711752,0.313723600810107,0.2729041300873741,NS,0.2651801268757361,0.7143329407369898,NS,-1.1703913965624029,0.009466752628500724,Down,0,DOWN IN LIMBUS
MAPK1,-0.36034820586072946,0.27290417251042187,NS,-0.40164955038083505,0.6059687437476875,NS,-1.0364421153657135,0.03390203199295192,Down,0,DOWN IN LIMBUS
PTGDS,0.6485488868861449,0.2739770690667502,NS,3.734560086916007,0.005550402635428103,Up,2.219831559837848,0.015271059526081533,Up,2,SHARED C2 & C3
PYGB,-0.4584131788716146,0.27569791326389925,NS,0.5125964808863603,0.6075718746823412,NS,-1.793058024732261,0.007425055214334258,Down,0,DOWN IN LIMBUS
ITGA2,-0.43908756920425596,0.27712816244047594,NS,-0.19555079621832405,0.8735751197095963,NS,-1.2041850411095236,0.042396414582058325,Down,0,DOWN IN LIMBUS
HAUS2,-0.3800188893132397,0.2771660204708947,NS,-0.15557152432073362,0.8848324189529824,NS,-1.0900495586280208,0.03536100975879552,Down,0,DOWN IN LIMBUS
PSMB8,0.12827563460263214,0.28214711754099664,NS,-0.5161668673310515,0.04657976736608308,Down,-0.2647981752006654,0.11344379129687682,NS,0,DOWN IN LIMBUS
XM_005275000,0.12827563460263214,0.28214711754099664,NS,-0.5161668673310515,0.04657976736608308,Down,-0.2647981752006654,0.11344379129687682,NS,0,DOWN IN LIMBUS
CPA6,0.24781863914808255,0.2863672304456159,NS,0.25307710012865625,0.6554450161483067,NS,-1.477836559130579,6.15413965883604e-4,Down,0,DOWN IN LIMBUS
PLAU,-0.45311491304409834,0.2881642372923585,NS,0.2584028523306259,0.8321320016211174,NS,-1.9361628521813739,0.005107256147154941,Down,0,DOWN IN LIMBUS
LAMC2,-0.5257708495373601,0.29711314780934506,NS,0.12870418734921518,0.9398200540734228,NS,-3.7399778012621923,2.3951424377536914e-4,Down,0,DOWN IN LIMBUS
XM_006711316,-0.5257708495373601,0.29711314780934506,NS,0.12870418734921518,0.9398200540734228,NS,-3.7399778012621923,2.3951424377536914e-4,Down,0,DOWN IN LIMBUS
S100A14,-0.4615484329096997,0.3078655863662044,NS,-0.5308099131818889,0.6261307966545676,NS,-1.881747395408894,0.008470077220066284,Down,0,DOWN IN LIMBUS
CREBRF,0.28951613574372104,0.30898172426701226,NS,0.3251351687421744,0.6359009939757595,NS,1.1064627822015263,0.012490157469919246,Up,1,C3 SPECIFIC
ERMP1,-0.44377645299418766,0.3105955099382617,NS,-1.4605313096551171,0.1242670061460532,NS,-1.2888573867178277,0.043971084802997266,Down,0,DOWN IN LIMBUS
XR_428431,-0.44377645299418766,0.3105955099382617,NS,-1.4605313096551171,0.1242670061460532,NS,-1.2888573867178277,0.043971084802997266,Down,0,DOWN IN LIMBUS
XR_428432,-0.44377645299418766,0.3105955099382617,NS,-1.4605313096551171,0.1242670061460532,NS,-1.2888573867178277,0.043971084802997266,Down,0,DOWN IN LIMBUS
ACAT2,-0.38769129017099857,0.3115280725894669,NS,-0.452740445514765,0.6222787930151291,NS,-1.430710566371383,0.015271450441881308,Down,0,DOWN IN LIMBUS
GPD2,-0.22524773941890075,0.31813826723564903,NS,-0.9379588318470775,0.05562541008808859,NS,-1.191794048990931,0.001969154542449248,Down,0,DOWN IN LIMBUS
PNRC1,-0.24471296823087485,0.32701004770195946,NS,0.17790910220395695,0.7929395428651623,NS,1.1077474356555594,0.005644121616224763,Up,1,C3 SPECIFIC
CFAP20DC,-0.36438209962096657,0.328412019593076,NS,-0.16288448591670246,0.886552501488498,NS,-1.5399148698448517,0.008720325375474791,Down,0,DOWN IN LIMBUS
ASAP2,-0.29127474709092205,0.33515252936973644,NS,-0.21680078132268044,0.7899514103875936,NS,-1.1647478953290413,0.012883431488803443,Down,0,DOWN IN LIMBUS
KLK10,0.4463886027458548,0.33556711535196954,NS,-0.8872683154503047,0.3923256317272497,NS,-2.086012911491168,0.005265801188306162,Down,0,DOWN IN LIMBUS
MUC20,-0.48850992914293023,0.33676697348996837,NS,-1.3495078605428557,0.2257629620231014,NS,-1.8741572003483835,0.015982647134683375,Down,0,DOWN IN LIMBUS
RBM47,-0.3502436877172421,0.34097349111624853,NS,-0.8525007277677279,0.29765493608651383,NS,-1.1310216141904696,0.0365691557803551,Down,0,DOWN IN LIMBUS
TAGLN3,0.2712783106089969,0.3418436117461898,NS,0.15519568440713805,0.8532846319468101,NS,-1.7940015633193065,6.269924517682951e-4,Down,0,DOWN IN LIMBUS
GPHA2,1.062044707513894,0.348591727711916,NS,3.4077240761539667,0.16969920170260996,NS,4.086430895746865,0.017663285611240864,Up,1,C3 SPECIFIC
FDPS,0.25950702050149843,0.35844303114806053,NS,-0.08171743027616074,0.9277179898831864,NS,-1.1079060962013951,0.011549061896334353,Down,0,DOWN IN LIMBUS
PAX9,0.24211781926670595,0.35861246923035833,NS,-1.6025852714671132,0.0060884693210718896,Down,-0.39575995805424924,0.27367015119013244,NS,0,DOWN IN LIMBUS
ALOX15B,-0.23787412061643298,0.3724247295729862,NS,1.1796120347289492,0.03961887679884167,Up,-0.6992390353381657,0.06481461549050296,NS,1,C2 SPECIFIC
TSPAN13,-0.3172972159431584,0.3746430331857967,NS,-0.890229855849956,0.25815786636990384,NS,-1.623675043960077,0.004888677668654248,Down,0,DOWN IN LIMBUS
LEMD1,-0.5071619951968644,0.37720008967286256,NS,0.17324029962957876,0.9263059377877105,NS,-2.280818278600422,0.01063706484821685,Down,0,DOWN IN LIMBUS
XM_006711632,-0.5071619951968644,0.37720008967286256,NS,0.17324029962957876,0.9263059377877105,NS,-2.280818278600422,0.01063706484821685,Down,0,DOWN IN LIMBUS
PNISR,0.31109415116787176,0.38062070942891657,NS,0.13857208216493433,0.9003452004879304,NS,1.0712360114272519,0.0391453568421888,Up,1,C3 SPECIFIC
TMEM40,-0.32417874221170884,0.3821765363244489,NS,-0.35342851516036955,0.7007003662572779,NS,-1.1207428384181224,0.039077737902481646,Down,0,DOWN IN LIMBUS
XM_006713249,-0.32417874221170884,0.3821765363244489,NS,-0.35342851516036955,0.7007003662572779,NS,-1.1207428384181224,0.039077737902481646,Down,0,DOWN IN LIMBUS
SLC44A4,0.2473290075990584,0.39066419375693695,NS,-0.6711445395052742,0.29120349390242817,NS,-1.2101060849367933,0.0077065148364956005,Down,0,DOWN IN LIMBUS
STK17B,-0.20956829240091057,0.42050112513989835,NS,-0.2667358584033952,0.6705130086374164,NS,1.0847326751349051,0.007773887941015438,Up,1,C3 SPECIFIC
OR4F16,-0.26294903742445186,0.4395264064447537,NS,0.2726624634739596,0.7542135833055889,NS,1.476495388356966,0.00590264811482905,Up,1,C3 SPECIFIC
OR4F21,-0.26294903742445186,0.4395264064447537,NS,0.2726624634739596,0.7542135833055889,NS,1.476495388356966,0.00590264811482905,Up,1,C3 SPECIFIC
OR4F29,-0.26294903742445186,0.4395264064447537,NS,0.2726624634739596,0.7542135833055889,NS,1.476495388356966,0.00590264811482905,Up,1,C3 SPECIFIC
OR4F3,-0.26294903742445186,0.4395264064447537,NS,0.2726624634739596,0.7542135833055889,NS,1.476495388356966,0.00590264811482905,Up,1,C3 SPECIFIC
UCA1,0.4491782461935472,0.4417920882935567,NS,-0.74143772609232,0.5814083762785373,NS,-2.3895868442418307,0.008511474707620556,Down,0,DOWN IN LIMBUS
STRA6,-0.26860530809040917,0.45432738962571456,NS,0.14801629364045255,0.8934568213104339,NS,-1.1893263273135766,0.02547400905666547,Down,0,DOWN IN LIMBUS
KMO,-0.5079544047309179,0.4579324283499405,NS,-1.7872720991683435,0.2284103192923819,NS,-2.297160988535645,0.023960754118597632,Down,0,DOWN IN LIMBUS
XM_005273337,-0.5079544047309179,0.4579324283499405,NS,-1.7872720991683435,0.2284103192923819,NS,-2.297160988535645,0.023960754118597632,Down,0,DOWN IN LIMBUS
XM_005273338,-0.5079544047309179,0.4579324283499405,NS,-1.7872720991683435,0.2284103192923819,NS,-2.297160988535645,0.023960754118597632,Down,0,DOWN IN LIMBUS
IL19,0.2011497166018259,0.4625324344430491,NS,-0.20888255984536475,0.7690888346978877,NS,-1.2369709487668263,0.004758886007134727,Down,0,DOWN IN LIMBUS
CXCL5,0.19753981512199825,0.46378211587045065,NS,0.15788463889503213,0.8347369029294996,NS,-1.0224631378167643,0.012997835099267715,Down,0,DOWN IN LIMBUS
ELOVL4,-0.34295454962879024,0.4694251362627671,NS,0.908501889257165,0.3849873704736822,NS,-1.3465508933751966,0.047145804594037916,Down,0,DOWN IN LIMBUS
ANGPTL7,0.5238578618137613,0.4705525937041026,NS,2.005180341884154,0.1961559673199192,NS,2.835724496226275,0.0109006558638926,Up,1,C3 SPECIFIC
PRSS3P2,0.30467287984908964,0.47424646414536964,NS,-0.2942471204644965,0.7980916462971731,NS,-2.5557873797529416,7.93113935061401e-4,Down,0,DOWN IN LIMBUS
CSTA,-0.33057422576485074,0.48540478176360446,NS,-0.7114199138504187,0.5135355628768657,NS,-2.0610451266044265,0.005674546524667141,Down,0,DOWN IN LIMBUS
BOC,0.3037526240405555,0.4862058194117559,NS,0.6105664908262476,0.5442382464177717,NS,1.9367405855646087,0.005106448558742045,Up,1,C3 SPECIFIC
XM_005247894,0.3037526240405555,0.4862058194117559,NS,0.6105664908262476,0.5442382464177717,NS,1.9367405855646087,0.005106448558742045,Up,1,C3 SPECIFIC
MAFB,-0.2910038449898007,0.49537350265069874,NS,0.17257275571611252,0.894773836468603,NS,1.1932895624584852,0.04934845927388705,Up,1,C3 SPECIFIC
PELI2,-0.2574506812765023,0.49680250239966456,NS,0.4928947059293547,0.5700287325861306,NS,1.4354465005121444,0.012930016124031293,Up,1,C3 SPECIFIC
PCP4L1,-0.22861152124772666,0.4980055898651406,NS,0.6329045838816487,0.3943230176407421,NS,1.1126017359511158,0.025542954024333382,Up,1,C3 SPECIFIC
FERMT1,-0.3195460218100177,0.498272134059892,NS,-0.2034095750946534,0.8859116285963432,NS,-2.9227263761692512,6.269924517682951e-4,Down,0,DOWN IN LIMBUS
TAB3,-0.08542030868399353,0.4989122082468105,NS,-0.5392422325415307,0.04487708482795239,Down,-0.6925533458787845,0.0013864158046556511,NS,0,DOWN IN LIMBUS
XR_430492,-0.08542030868399353,0.4989122082468105,NS,-0.5392422325415307,0.04487708482795239,Down,-0.6925533458787845,0.0013864158046556511,NS,0,DOWN IN LIMBUS
CHRNA5,0.19279744275313915,0.5005974178385707,NS,0.13095422598739637,0.8771453298290438,NS,-1.128592670970884,0.010248026378951272,Down,0,DOWN IN LIMBUS
SPINK6,0.27396783301280037,0.5019615556167504,NS,0.12696537513519512,0.9215063965208417,NS,-1.1391763166804658,0.049602820697665397,Down,0,DOWN IN LIMBUS
FAM86B2-DT,-0.23395210776025976,0.518010904253748,NS,0.47725985140923655,0.5639268214842195,NS,1.3025168585186897,0.01636498650610683,Up,1,C3 SPECIFIC
MBNL2,-0.19125839838400704,0.5242611736933849,NS,0.6590017764920661,0.30980070754691114,NS,1.0763024677732194,0.01661805993356963,Up,1,C3 SPECIFIC
IL1A,-0.5742122614011231,0.5324158065106793,NS,0.5659927264306872,0.8243126646699853,NS,-2.7944220309500603,0.03536100975879552,Down,0,DOWN IN LIMBUS
SELENBP1,0.22718031926010784,0.5345943719574288,NS,-1.0481434049141605,0.17927590792050202,NS,1.1271812933980119,0.03343102763496016,Up,1,C3 SPECIFIC
AGR3,-0.25116285256423954,0.5396334595480732,NS,-1.8733834072816493,0.03243088929809399,Down,-0.30487268742215345,0.5989285334542598,NS,0,DOWN IN LIMBUS
KCNJ15,-0.29055203981902533,0.5501992022652494,NS,-0.02817152709473092,0.9884923123528815,NS,-1.5947594794085447,0.025262299156538978,Down,0,DOWN IN LIMBUS
CR1,-0.1463455097197106,0.5628348603583855,NS,-1.0426403220405187,0.049772919199754365,Down,0.04178774440747102,0.9214017726458533,NS,0,DOWN IN LIMBUS
GASK1B,-0.16891433675415435,0.5691306002329182,NS,0.22434104290668522,0.7673707759260275,NS,1.593344709200454,0.0014138495334089938,Up,1,C3 SPECIFIC
KYNU,0.2728099007987179,0.5728175965490087,NS,-1.4845252625108847,0.15454089375199187,NS,-2.301279884682992,0.0032116615617494675,Down,0,DOWN IN LIMBUS
IDO1,0.1401896753084957,0.5758901718712183,NS,-0.4134593772363271,0.4547821169614373,NS,-1.2538212430361533,0.0022872852970202045,Down,0,DOWN IN LIMBUS
ABTB3,-0.17029806262839564,0.5793329030828493,NS,0.4535874342767823,0.5146757237742775,NS,-1.311855585679921,0.005824139327977869,Down,0,DOWN IN LIMBUS
E2F5,-0.16762487236989188,0.5876503689040163,NS,-0.16837524178023777,0.8476676875180481,NS,-1.0619315564170249,0.019287939514026915,Down,0,DOWN IN LIMBUS
XM_005249582,-0.2096969035257299,0.5880925460773209,NS,-0.4214683817283378,0.6393717904179261,NS,-1.2234563400910634,0.028540035598555936,Down,0,DOWN IN LIMBUS
YKT6,-0.2096969035257299,0.5880925460773209,NS,-0.4214683817283378,0.6393717904179261,NS,-1.2234563400910634,0.028540035598555936,Down,0,DOWN IN LIMBUS
EPB41L4A-AS1,-0.1439611290750218,0.6090143624828674,NS,0.4088295939662272,0.5196799105293365,NS,1.1947008245192778,0.005975166054080222,Up,1,C3 SPECIFIC
SPOCK1,0.20238422646167642,0.6142011933113852,NS,1.7965344373131913,0.03243088929809399,Up,1.515087063364513,0.012035286633530715,Up,2,SHARED C2 & C3
LRP4,0.25503192667576435,0.6184891103369985,NS,1.7365319747441186,0.10483889277452113,NS,1.8315169404433984,0.015746573830190742,Up,1,C3 SPECIFIC
EMB,0.26045414803600053,0.6186820343632731,NS,-0.7694514595277937,0.5150839663647148,NS,-1.831931599216725,0.017378547456010997,Down,0,DOWN IN LIMBUS
PCMTD2,-0.12890506431214277,0.621786671879877,NS,0.006853950609585269,0.9946845895529964,NS,1.0169577608124882,0.009934157498157943,Up,1,C3 SPECIFIC
SORBS1,-0.2451140475617528,0.6260010325642444,NS,0.6256995263226983,0.580636426182113,NS,1.387730323447351,0.048164175807144376,Up,1,C3 SPECIFIC
FYB1,0.15690840483309643,0.6278843131544267,NS,0.09447977562684429,0.9263059377877105,NS,-1.4057605434716924,0.005265801188306162,Down,0,DOWN IN LIMBUS
XM_006714465,0.15690840483309643,0.6278843131544267,NS,0.09447977562684429,0.9263059377877105,NS,-1.4057605434716924,0.005265801188306162,Down,0,DOWN IN LIMBUS
XM_006714466,0.15690840483309643,0.6278843131544267,NS,0.09447977562684429,0.9263059377877105,NS,-1.4057605434716924,0.005265801188306162,Down,0,DOWN IN LIMBUS
TMEM156,0.12361812729717414,0.6331931527474163,NS,-0.30452261295629857,0.6038334905647256,NS,-1.8647329945147435,2.344541488289286e-4,Down,0,DOWN IN LIMBUS
XM_005262670,0.12361812729717414,0.6331931527474163,NS,-0.30452261295629857,0.6038334905647256,NS,-1.8647329945147435,2.344541488289286e-4,Down,0,DOWN IN LIMBUS
RP1,0.11291246267154254,0.6346230372839577,NS,0.14374106704879486,0.824039793503369,NS,-1.0254336978185026,0.0053448045560876845,Down,0,DOWN IN LIMBUS
MMP7,0.1967453505618737,0.6353580620467132,NS,-2.1228278134511713,0.014813590307042991,Down,-1.795552254361712,0.005291756214699208,Down,0,DOWN IN LIMBUS
NXF1,0.14460534783004597,0.637216186027767,NS,0.026991465339410325,0.981434328180812,NS,1.0321114492640096,0.021019861133802043,Up,1,C3 SPECIFIC
XM_006718418,0.14460534783004597,0.637216186027767,NS,0.026991465339410325,0.981434328180812,NS,1.0321114492640096,0.021019861133802043,Up,1,C3 SPECIFIC
LRAT,0.16758320473541888,0.6389367077030033,NS,-0.35374187449546746,0.6711786529491445,NS,-2.4639862232434786,2.632665359847374e-4,Down,0,DOWN IN LIMBUS
XM_006714412,0.16758320473541888,0.6389367077030033,NS,-0.35374187449546746,0.6711786529491445,NS,-2.4639862232434786,2.632665359847374e-4,Down,0,DOWN IN LIMBUS
PLAT,0.13218388073859266,0.6399899489059387,NS,-0.3423637015959269,0.5891084833528739,NS,-1.140603334998465,0.007883599365723071,Down,0,DOWN IN LIMBUS
TMPRSS11B,0.13712042384360457,0.6400901904916897,NS,-0.16403719921793458,0.8403806417454446,NS,-1.7658226736292941,6.501718816848102e-4,Down,0,DOWN IN LIMBUS
KRT14,0.1928327156428118,0.6421701791223786,NS,0.5690647221608813,0.5439629736272246,NS,-1.141564575662768,0.048164175807144376,Down,0,DOWN IN LIMBUS
TTC9,-0.19155191935109794,0.6474657924081556,NS,-1.1286266793890238,0.19574557266181922,NS,-1.6179675937114233,0.010042297597373772,Down,0,DOWN IN LIMBUS
MYH16,-0.0759218519977698,0.6591984235939063,NS,-0.2154367981006171,0.57554276183825,NS,-1.0496912588869947,6.106983244221264e-4,Down,0,DOWN IN LIMBUS
TSPYL2,-0.18131415595487255,0.6594515530434113,NS,0.28299528516584527,0.7899514103875936,NS,1.4084141277012083,0.01887262657074395,Up,1,C3 SPECIFIC
PRSS22,-0.09927832114232782,0.6621812587281178,NS,-0.37598986365989795,0.44653970198388865,NS,-1.6004564203706018,2.451666565303277e-4,Down,0,DOWN IN LIMBUS
XM_006720915,-0.09927832114232782,0.6621812587281178,NS,-0.37598986365989795,0.44653970198388865,NS,-1.6004564203706018,2.451666565303277e-4,Down,0,DOWN IN LIMBUS
XM_006726627,0.18150211144743977,0.662456564544024,NS,0.2895349251869668,0.786640414861446,NS,1.3055297022964112,0.02819452707467877,Up,1,C3 SPECIFIC
SLC25A27,0.1250238593970865,0.6645467213557331,NS,0.2932847847736131,0.661882239919391,NS,1.311959617552068,0.0037665863326543344,Up,1,C3 SPECIFIC
XM_005249484,0.1250238593970865,0.6645467213557331,NS,0.2932847847736131,0.661882239919391,NS,1.311959617552068,0.0037665863326543344,Up,1,C3 SPECIFIC
MAPKAPK3,-0.11821800863864684,0.666080056989352,NS,-0.09986721220245887,0.9030758770960674,NS,-1.005629422251638,0.0130290462724246,Down,0,DOWN IN LIMBUS
GPR180,-0.2028701225755074,0.6677407433257889,NS,0.024326614528682455,0.9891824506008434,NS,-1.4444329060715044,0.03155240181377614,Down,0,DOWN IN LIMBUS
TMT1A,-0.21629813356954664,0.6830125183689387,NS,0.09827048682480743,0.9560114923602936,NS,2.240525227608421,0.005559766861229104,Up,1,C3 SPECIFIC
KERA,-0.37249322971215726,0.6835593473908967,NS,4.934610253870174,0.010767413966049544,Up,0.7633093692665813,0.5402496534600676,NS,1,C2 SPECIFIC
KLK8,-0.17732369750913168,0.6859806868550672,NS,0.21081737780922083,0.8655554518517784,NS,-1.5697074355579481,0.014387492759032334,Down,0,DOWN IN LIMBUS
PI3,0.1779210810230749,0.6885318350704527,NS,-1.0576143829095335,0.25600109943835686,NS,-3.1157093279248693,2.3951424377536914e-4,Down,0,DOWN IN LIMBUS
RTKN2,0.11010845796294477,0.6891300660935659,NS,-0.10541228067165198,0.8965420921240882,NS,-1.099994307277139,0.0077222996413732654,Down,0,DOWN IN LIMBUS
NIPAL3,0.14997771841137997,0.69196059015553,NS,-0.03776373519549736,0.977446776934431,NS,-1.2275232187229825,0.02331456925139347,Down,0,DOWN IN LIMBUS
XM_005245948,0.14997771841137997,0.69196059015553,NS,-0.03776373519549736,0.977446776934431,NS,-1.2275232187229825,0.02331456925139347,Down,0,DOWN IN LIMBUS
MICALL1,-0.11051584334907893,0.6933198930178699,NS,-0.26550991773803645,0.6835894877884098,NS,-1.1688348858421023,0.00590264811482905,Down,0,DOWN IN LIMBUS
XM_006724345,-0.11051584334907893,0.6933198930178699,NS,-0.26550991773803645,0.6835894877884098,NS,-1.1688348858421023,0.00590264811482905,Down,0,DOWN IN LIMBUS
NCF2,0.19494105112713722,0.6963712850370114,NS,-0.7762751535981272,0.4780509146720753,NS,-1.6877282384887975,0.019034825790502908,Down,0,DOWN IN LIMBUS
APOBEC3G,-0.12165312698529007,0.7001715548445534,NS,-0.7025362939444726,0.2884200786870729,NS,-1.1518783945392919,0.012948632312216274,Down,0,DOWN IN LIMBUS
P3H2,0.10644017558467489,0.7025744968500736,NS,0.28401634200505477,0.6590317525492755,NS,-1.1023659915421682,0.008112443844274122,Down,0,DOWN IN LIMBUS
VIT,0.22765637892330837,0.7099495078900437,NS,1.3278746162136272,0.3019324212801403,NS,3.082470774276409,0.0018401302063115147,Up,1,C3 SPECIFIC
XM_005264367,0.22765637892330837,0.7099495078900437,NS,1.3278746162136272,0.3019324212801403,NS,3.082470774276409,0.0018401302063115147,Up,1,C3 SPECIFIC
KLK12,0.10628806610166563,0.7126501956871328,NS,-0.08581367574423915,0.9217995989054075,NS,-1.2677764665241886,0.004353950453351668,Down,0,DOWN IN LIMBUS
NIBAN2,0.10523075302766394,0.7209419879211277,NS,-0.3177816308641592,0.6346902986418151,NS,-1.2359998816821527,0.0055442001546615214,Down,0,DOWN IN LIMBUS
DNAJB4,0.08882675128315487,0.7256331076888223,NS,0.3797193162142536,0.4947066965020127,NS,1.157848033333659,0.0033386931746795068,Up,1,C3 SPECIFIC
XM_006710308,0.08882675128315487,0.7256331076888223,NS,0.3797193162142536,0.4947066965020127,NS,1.157848033333659,0.0033386931746795068,Up,1,C3 SPECIFIC
LAMA3,0.13740581091272297,0.7331924727856719,NS,0.632494285214781,0.4671540324347281,NS,-1.4515274717360374,0.01339849922722505,Down,0,DOWN IN LIMBUS
KRT17,0.1651500295919952,0.738850913846226,NS,-0.9893795863755726,0.33626701390227737,NS,-1.508981271976121,0.02989315913840441,Down,0,DOWN IN LIMBUS
TNFSF11,-0.04135056011141103,0.7460269461634564,NS,-0.8076446869367935,0.0029531227265062014,Down,-0.3841845047450003,0.03134202927084386,NS,0,DOWN IN LIMBUS
IFIH1,-0.08181643148541085,0.7492040503154797,NS,-0.878439061865107,0.09789533791216233,NS,-1.0420585394571606,0.006468760893050274,Down,0,DOWN IN LIMBUS
OPN3,0.09531400677773849,0.7497422547085734,NS,-0.42367458711691697,0.5180733219270007,NS,-1.1272209398656763,0.010114928333496679,Down,0,DOWN IN LIMBUS
PRUNE2,-0.24865638180765082,0.7510527521863203,NS,2.2749644939266727,0.16301016446053634,NS,2.4415331212367004,0.026688706056632507,Up,1,C3 SPECIFIC
EMX2,0.12208051228261496,0.7515961738090713,NS,2.3936902045223407,0.0034029107838066306,Up,1.717702479897719,0.003793528982445927,Up,2,SHARED C2 & C3
ACOT7,0.0924791808815737,0.7550029725652104,NS,0.18638613563792994,0.8100674596435883,NS,-1.0675687950097323,0.012997835099267715,Down,0,DOWN IN LIMBUS
TMC7,0.07371114402817769,0.7594264740835611,NS,0.163935361347205,0.786640414861446,NS,-1.4175224879703534,6.269924517682951e-4,Down,0,DOWN IN LIMBUS
ELMOD2,-0.12172159411191696,0.7802978086735917,NS,-0.4381795217339004,0.6579576112818178,NS,-1.1872149791589193,0.04477121211123868,Down,0,DOWN IN LIMBUS
NFIL3,0.11569834191517891,0.7894871085112436,NS,0.24316340983434337,0.8312993733891758,NS,1.5287142122916038,0.013625782065762551,Up,1,C3 SPECIFIC
TXNDC17,0.06315226663702056,0.8038141016677347,NS,-0.28386819329947066,0.6063359168993104,NS,-1.0157768740733353,0.006362857847485244,Down,0,DOWN IN LIMBUS
KLK6,0.09909676225130504,0.8066536000172064,NS,0.12025969389150681,0.91865261007872,NS,-2.331624471969082,6.440240735179183e-4,Down,0,DOWN IN LIMBUS
CENPW,0.12250729018032125,0.8108033539591022,NS,-0.0729160113968188,0.9649552409995564,NS,-1.787017003460715,0.013730070892526059,Down,0,DOWN IN LIMBUS
GNA15,-0.0884637086759783,0.8134668912367635,NS,-0.6747778466336429,0.37767349598728295,NS,-1.7590509274923898,0.002394064247223853,Down,0,DOWN IN LIMBUS
PRSS3,0.0772895051071254,0.8177966532700456,NS,-0.7383628479044129,0.2768201202925537,NS,-1.5951998788201687,0.002139207443551947,Down,0,DOWN IN LIMBUS
XM_005251519,0.0772895051071254,0.8177966532700456,NS,-0.7383628479044129,0.2768201202925537,NS,-1.5951998788201687,0.002139207443551947,Down,0,DOWN IN LIMBUS
ADHFE1,0.07757710172872034,0.8224092556419402,NS,0.3934702967025503,0.5945148420176466,NS,1.2730696328934545,0.009800914875787834,Up,1,C3 SPECIFIC
KRTAP4-5,-0.07257352530378736,0.8239412802576245,NS,0.43098854807693954,0.538504455111316,NS,1.126870974648114,0.013882204434049708,Up,1,C3 SPECIFIC
SORBS2,0.08779399547045408,0.8249547523734391,NS,0.4807020931763972,0.5685114731979407,NS,1.2104311125340335,0.025708217552615632,Up,1,C3 SPECIFIC
XM_006714383,0.08779399547045408,0.8249547523734391,NS,0.4807020931763972,0.5685114731979407,NS,1.2104311125340335,0.025708217552615632,Up,1,C3 SPECIFIC
XM_006714389,0.08779399547045408,0.8249547523734391,NS,0.4807020931763972,0.5685114731979407,NS,1.2104311125340335,0.025708217552615632,Up,1,C3 SPECIFIC
VTCN1,-0.12667552141280147,0.8252145090783541,NS,-1.4718071214431143,0.19424633436903788,NS,-1.8251586464412126,0.02103597218081023,Down,0,DOWN IN LIMBUS
DST,0.07648551533561943,0.8253219273679493,NS,0.4058358139962781,0.581383991221883,NS,1.0692821511427502,0.024389528562856408,Up,1,C3 SPECIFIC
RNF144B,-0.07645807973963503,0.8332684951273807,NS,0.029530235654203985,0.9817516932785331,NS,-1.1258939686902742,0.023552142588733352,Down,0,DOWN IN LIMBUS
XM_005248985,-0.07645807973963503,0.8332684951273807,NS,0.029530235654203985,0.9817516932785331,NS,-1.1258939686902742,0.023552142588733352,Down,0,DOWN IN LIMBUS
RAP1GDS1,-0.07368517160662336,0.8478488936937276,NS,-0.28419405037846257,0.7522617041964839,NS,-1.4009046630417048,0.009909986838497383,Down,0,DOWN IN LIMBUS
PGLYRP4,0.07707085983002937,0.854308318464821,NS,-0.6569894466915684,0.4451210437556006,NS,-1.2763284918442643,0.025186725871107145,Down,0,DOWN IN LIMBUS
ATP1B1,0.07920899356724753,0.8553070389166038,NS,-0.7360715394722543,0.404677431682212,NS,-1.120111441548092,0.048870694753761594,Down,0,DOWN IN LIMBUS
CDH3,0.08561877857748001,0.8586230963769185,NS,-0.34807890309039635,0.759313089042425,NS,-2.620930768037466,8.376850942865207e-4,Down,0,DOWN IN LIMBUS
KLF7,-0.09846139121926356,0.8597321330031144,NS,0.3021616583969795,0.8333833988303904,NS,-1.5702566790191552,0.03496231689561779,Down,0,DOWN IN LIMBUS
SERPINB3,0.06780572280161046,0.8606988852139896,NS,-0.2867248839334202,0.7506513549061203,NS,-1.5167032107682052,0.006468760893050274,Down,0,DOWN IN LIMBUS
CXCL10,0.08153523524906348,0.8718517755921751,NS,-0.5895437013578437,0.5796155628346265,NS,-1.7178742929276796,0.014387492759032334,Down,0,DOWN IN LIMBUS
CRCT1,0.06646831271810871,0.871933858026679,NS,0.0865234578764924,0.9458282317105273,NS,-1.173775031392478,0.0333522666616217,Down,0,DOWN IN LIMBUS
SNORD115-13,0.08384897752744802,0.8794958654429311,NS,0.46065984044095387,0.713343935478964,NS,2.2956103037878957,0.004557371983369541,Up,1,C3 SPECIFIC
SNORD115-26,0.08384897752744802,0.8794958654429311,NS,0.46065984044095387,0.713343935478964,NS,2.2956103037878957,0.004557371983369541,Up,1,C3 SPECIFIC
SNORD115-7,0.08384897752744802,0.8794958654429311,NS,0.46065984044095387,0.713343935478964,NS,2.2956103037878957,0.004557371983369541,Up,1,C3 SPECIFIC
FOLH1,-0.05493927358442985,0.8799331005010599,NS,-0.9099571833104658,0.19886910068003558,NS,-1.0440552035934898,0.03151262210005125,Down,0,DOWN IN LIMBUS
FOLH1B,-0.05493927358442985,0.8799331005010599,NS,-0.9099571833104658,0.19886910068003558,NS,-1.0440552035934898,0.03151262210005125,Down,0,DOWN IN LIMBUS
PACC1,-0.053592300936899484,0.884821969159891,NS,-0.36368433425892377,0.6513061914467644,NS,-1.0526221647807805,0.03248533398600942,Down,0,DOWN IN LIMBUS
SULF1,0.08953029643382227,0.8888165144942581,NS,0.23174904018783327,0.8965420921240882,NS,2.482167343722474,0.006593126898833856,Up,1,C3 SPECIFIC
KRT2,-0.037051013342615846,0.8890081379940385,NS,-1.0635641056740024,0.03796759013383818,Down,-0.3091328529240345,0.3488489789924962,NS,0,DOWN IN LIMBUS
NANOS1,-0.09144375495351831,0.892640061292378,NS,2.8215085656082985,0.03243088929809399,Up,0.48186966435033174,0.5842995699259725,NS,1,C2 SPECIFIC
CMTM7,-0.049780480780767355,0.896167661470121,NS,0.15366271073032234,0.8827521510639124,NS,-1.7736772328940518,0.002214865062113039,Down,0,DOWN IN LIMBUS
SLC7A2,0.04592347249315054,0.9147297159855249,NS,1.306042407292595,0.11110932064635523,NS,1.231329236922356,0.02922495695049092,Up,1,C3 SPECIFIC
COLEC12,0.048511570376645,0.91677647891476155,NS,-0.19848578857212296,0.8735609972139264,NS,1.732381992239561,0.0077222996413732654,Up,1,C3 SPECIFIC
XM_006722358,0.048511570376645,0.91677647891476155,NS,-0.19848578857212296,0.8735609972139264,NS,1.732381992239561,0.0077222996413732654,Up,1,C3 SPECIFIC
RDH11,0.02385501288319336,0.9205630814395538,NS,0.003966175823918228,0.996465436520431,NS,-1.0036431256118572,0.003945318480949058,Down,0,DOWN IN LIMBUS
SLC5A1,-0.03061624440681232,0.9234691554846564,NS,-0.015373687993093021,0.9890307638014827,NS,-1.5367741766666887,0.0015824909198134986,Down,0,DOWN IN LIMBUS
CYBRD1,0.050505352661428304,0.9250255827381577,NS,0.7268394228227084,0.5123701120509837,NS,2.038567817371466,0.006696148216896703,Up,1,C3 SPECIFIC
JUN,-0.08043334199459551,0.9252399303984943,NS,0.12058573047817767,0.9635793413894652,NS,2.6292041630160607,0.021290793407739917,Up,1,C3 SPECIFIC
TMPRSS11E,-0.02928287986465694,0.9314299844109384,NS,-0.4915609107259229,0.4758277245808378,NS,-1.42905010301157,0.0036500894980428075,Down,0,DOWN IN LIMBUS
PLEK2,0.03268102418206453,0.9383352666283925,NS,-0.003177064940549812,0.9978680400178571,NS,-2.389509113396615,5.560947424794251e-4,Down,0,DOWN IN LIMBUS
CTSF,0.011649328457425057,0.9406036274378102,NS,0.6523510176447189,0.028808679810598616,Up,1.3932697322874459,1.3227294070987595e-5,Up,2,SHARED C2 & C3
HMGA2,0.02955392118758393,0.947184172240494,NS,-0.060299622528024344,0.9638084749601795,NS,-2.020682834927415,0.0019305804240639806,Down,0,DOWN IN LIMBUS
XM_005269164,0.02955392118758393,0.947184172240494,NS,-0.060299622528024344,0.9638084749601795,NS,-2.020682834927415,0.0019305804240639806,Down,0,DOWN IN LIMBUS
UBASH3B,0.022805641196724125,0.9604980739363176,NS,-0.19982626432339945,0.8604405537781266,NS,-1.491542637162345,0.01200710154407118,Down,0,DOWN IN LIMBUS
BCL6,-0.019664978626876106,0.9670566855697822,NS,0.5361187015145283,0.5606654844787533,NS,1.200498916564201,0.038772152604280914,Up,1,C3 SPECIFIC
ATP13A2,-0.011451240314676703,0.970163333282232,NS,-0.39081192871309156,0.518605027897249,NS,-1.5619109305971062,8.474512701516494e-4,Down,0,DOWN IN LIMBUS
MAN1C1,-0.006620943542447577,0.9808863568079702,NS,0.5207119873986628,0.30168047597740166,NS,1.0044263198822199,0.005644121616224763,Up,1,C3 SPECIFIC
MN1,0.00668835627611486,0.9823639258883777,NS,1.0347637919892199,0.049772919199754365,Up,0.7481701911476728,0.03737948051897367,NS,1,C2 SPECIFIC
GRIP1,-0.007571545077479591,0.9837455663892638,NS,-0.5939829567862347,0.37658196035847036,NS,-1.1897776236686761,0.011045891427129072,Down,0,DOWN IN LIMBUS
ZFP42,0.007332242727288385,0.9840789701442203,NS,-0.14729721742992208,0.8699835074561861,NS,-1.7870896075053322,8.868444605134368e-4,Down,0,DOWN IN LIMBUS
ITGB6,-0.010545218771619957,0.9850071266639351,NS,-0.6150121036712246,0.5700287325861306,NS,-3.402600808526735,2.4751311979565635e-4,Down,0,DOWN IN LIMBUS
BAMBI,0.004859151449938537,0.9925436488098813,NS,1.6814348641762225,0.05882498860363293,NS,1.9554379543647666,0.0037182899265493434,Up,1,C3 SPECIFIC
SNORD35A,0.0037765853726838827,0.9934518861796894,NS,-0.07634951744652163,0.9521702054761013,NS,1.0357528041490998,0.04875146193698843,Up,1,C3 SPECIFIC
SSBP2,0.0019406018756393806,0.9955337981894811,NS,0.3673264844513624,0.5966307829423123,NS,1.2791326958197606,0.006574922173932126,Up,1,C3 SPECIFIC
KLF9,-9.092541113444597e-4,0.99860366474816,NS,0.4959727708728865,0.5685114731979407,NS,1.2211621097525471,0.028281295996941562,Up,1,C3 SPECIFIC
EPHB2,-5.395416207853998e-5,0.999766557252973,NS,-0.45041104774336205,0.20577954519116576,NS,-1.0581715748589744,5.522460875718671e-4,Down,0,DOWN IN LIMBUS
