contrast,direction,source,term_id,term,gene_ratio,bg_ratio,pvalue,padj,qvalue,count,genes
C1,Up,GO_BP,GO:0030198,extracellular matrix organization,97/1323,326/16355,5.441414862655284e-31,1.295007516898681e-27,9.51606174730602e-28,97,MMP2/ADAMTS1/NID1/POSTN/CTSK/COL3A1/COL4A1/COL14A1/LAMA2/PDGFRA/FBLN1/DDR2/COL4A2/ADAMTS5/ADAMTSL1/COL1A1/AEBP1/CCDC80/FBLN5/SH3PXD2B/ENG/RECK/CSGALNACT1/TNXB/ANTXR1/GPM6B/DPT/HMCN1/MFAP4/COL6A1/ITGA8/MMP1/ADAMTS2/THSD4/NID2/BMP2/AXIN2/COL1A2/ABL1/CRISPLD2/PPARG/SMOC2/FMOD/MMP27/ABI3BP/CYP1B1/MMP10/SLC2A10/PTX3/COL15A1/COL16A1/TNFRSF1B/NTN4/SLC39A8/FOXF2/LAMC1/GAS6/ECM2/PRICKLE1/EFEMP2/MATN3/COL24A1/LOXL2/MELTF/TMEM38B/TIE1/COL5A1/APBB2/PXDN/IL6/NPNT/MYH11/COL13A1/LOX/OLFML2A/LCP1/MMP3/DPP4/RGCC/FKBP10/TGFBR3/CCN1/PDPN/SOX9/LUM/TGFBR1/SERPINH1/PLOD3/P4HA1/COL11A1/TNFRSF11B/HAS2/COL8A2/FAP/SFRP2/COL8A1/COMP
C1,Up,GO_BP,GO:0043062,extracellular structure organization,97/1323,327/16355,7.152103370206264e-31,1.295007516898681e-27,9.51606174730602e-28,97,MMP2/ADAMTS1/NID1/POSTN/CTSK/COL3A1/COL4A1/COL14A1/LAMA2/PDGFRA/FBLN1/DDR2/COL4A2/ADAMTS5/ADAMTSL1/COL1A1/AEBP1/CCDC80/FBLN5/SH3PXD2B/ENG/RECK/CSGALNACT1/TNXB/ANTXR1/GPM6B/DPT/HMCN1/MFAP4/COL6A1/ITGA8/MMP1/ADAMTS2/THSD4/NID2/BMP2/AXIN2/COL1A2/ABL1/CRISPLD2/PPARG/SMOC2/FMOD/MMP27/ABI3BP/CYP1B1/MMP10/SLC2A10/PTX3/COL15A1/COL16A1/TNFRSF1B/NTN4/SLC39A8/FOXF2/LAMC1/GAS6/ECM2/PRICKLE1/EFEMP2/MATN3/COL24A1/LOXL2/MELTF/TMEM38B/TIE1/COL5A1/APBB2/PXDN/IL6/NPNT/MYH11/COL13A1/LOX/OLFML2A/LCP1/MMP3/DPP4/RGCC/FKBP10/TGFBR3/CCN1/PDPN/SOX9/LUM/TGFBR1/SERPINH1/PLOD3/P4HA1/COL11A1/TNFRSF11B/HAS2/COL8A2/FAP/SFRP2/COL8A1/COMP
C1,Up,GO_BP,GO:0045229,external encapsulating structure organization,97/1323,327/16355,7.152103370206264e-31,1.295007516898681e-27,9.51606174730602e-28,97,MMP2/ADAMTS1/NID1/POSTN/CTSK/COL3A1/COL4A1/COL14A1/LAMA2/PDGFRA/FBLN1/DDR2/COL4A2/ADAMTS5/ADAMTSL1/COL1A1/AEBP1/CCDC80/FBLN5/SH3PXD2B/ENG/RECK/CSGALNACT1/TNXB/ANTXR1/GPM6B/DPT/HMCN1/MFAP4/COL6A1/ITGA8/MMP1/ADAMTS2/THSD4/NID2/BMP2/AXIN2/COL1A2/ABL1/CRISPLD2/PPARG/SMOC2/FMOD/MMP27/ABI3BP/CYP1B1/MMP10/SLC2A10/PTX3/COL15A1/COL16A1/TNFRSF1B/NTN4/SLC39A8/FOXF2/LAMC1/GAS6/ECM2/PRICKLE1/EFEMP2/MATN3/COL24A1/LOXL2/MELTF/TMEM38B/TIE1/COL5A1/APBB2/PXDN/IL6/NPNT/MYH11/COL13A1/LOX/OLFML2A/LCP1/MMP3/DPP4/RGCC/FKBP10/TGFBR3/CCN1/PDPN/SOX9/LUM/TGFBR1/SERPINH1/PLOD3/P4HA1/COL11A1/TNFRSF11B/HAS2/COL8A2/FAP/SFRP2/COL8A1/COMP
C1,Up,GO_BP,GO:0031589,cell-substrate adhesion,95/1323,352/16355,9.251110481322425e-27,1.2563008033635853e-23,9.231634459256483e-24,95,NID1/POSTN/HACD1/COL3A1/FERMT2/FBLN1/DAB2/COL1A1/SGCE/CCDC80/FBLN5/PTPRJ/DLC1/LIMCH1/AXL/TNXB/CSF1/JAM3/ANTXR1/VCAM1/GBP1/SVEP1/PTPRK/GPM6B/FZD7/RAC2/CDH11/FZD4/ANGPT1/ITGA8/ITGA1/PEAK1/FBLN2/NID2/TEK/ITGA4/ABL1/CASK/ACVRL1/L1CAM/PREX1/NRP1/BCL2/ABI3BP/PIK3R1/LIMS2/SNED1/SMAD6/COL16A1/NTN4/FN1/EPHA3/LPXN/ITGA10/ITGA7/CCN2/LAMC1/ITGAM/GAS6/PARVA/ECM2/RRAS/ITGB2/EFEMP2/ARHGAP6/GCNT2/MELTF/APOD/FAM107A/CORO1A/NPNT/ANGPT2/MDK/CCL21/COL13A1/ACTN1/POPDC1/FLNA/LYVE1/TNN/CCN1/PDPN/ITGA9/VWF/WDPCP/EPDR1/ITGA5/SERPINE1/MUC4/CEACAM6/ITGBL1/HAS2/COL8A1/THBS1/THY1
C1,Up,GO_BP,GO:0006935,chemotaxis,101/1323,455/16355,2.4525901195645797e-21,2.6644939058949597e-18,1.957941417555555e-18,101,MMP2/CXCL12/PRKD1/PDGFRA/DOCK4/VEGFC/SLIT3/ENG/PDGFRB/PTPRJ/FLT1/PDGFD/BMP4/CSF1/JAM3/VCAM1/ADGRA2/NTRK3/FLRT3/RAC2/ANGPT1/ENPP2/ITGA1/ACKR4/AGTR1/CCL14/CXCL1/LPAR1/SMOC2/L1CAM/PREX1/ANO6/NRP1/CMTM3/DOCK2/CCL23/LYN/PGF/RARRES2/LSP1/TNFAIP6/THBS4/SEMA6A/GAS6/PARVA/IL16/CMKLR1/ITGB2/SEMA3A/PTN/SEMA3G/S100A9/AIF1/C3AR1/FGFR1/FCER1G/STK39/IL6/CORO1A/ANGPT2/MDK/CCL21/RNASE2/FGF2/ABCC1/S100A8/LOX/CYSLTR1/CCL19/CCL18/F3/CXCL2/CCL5/DPP4/CCN1/CXCR4/ITGA9/GPR183/SAA1/CCL2/CXCL8/ALOX5/EFNB2/FGF18/CXCL6/S1PR1/ACKR3/CH25H/PDE4B/CCR1/SERPINE1/SCG2/PLD1/FPR3/THBS1/GPNMB/WNT5A/CCL3/CCL3L1/CCL3L3/P2RY12
C1,Up,GO_BP,GO:0042330,taxis,101/1323,457/16355,3.454404598109831e-21,3.127387629488767e-18,2.2980881115846456e-18,101,MMP2/CXCL12/PRKD1/PDGFRA/DOCK4/VEGFC/SLIT3/ENG/PDGFRB/PTPRJ/FLT1/PDGFD/BMP4/CSF1/JAM3/VCAM1/ADGRA2/NTRK3/FLRT3/RAC2/ANGPT1/ENPP2/ITGA1/ACKR4/AGTR1/CCL14/CXCL1/LPAR1/SMOC2/L1CAM/PREX1/ANO6/NRP1/CMTM3/DOCK2/CCL23/LYN/PGF/RARRES2/LSP1/TNFAIP6/THBS4/SEMA6A/GAS6/PARVA/IL16/CMKLR1/ITGB2/SEMA3A/PTN/SEMA3G/S100A9/AIF1/C3AR1/FGFR1/FCER1G/STK39/IL6/CORO1A/ANGPT2/MDK/CCL21/RNASE2/FGF2/ABCC1/S100A8/LOX/CYSLTR1/CCL19/CCL18/F3/CXCL2/CCL5/DPP4/CCN1/CXCR4/ITGA9/GPR183/SAA1/CCL2/CXCL8/ALOX5/EFNB2/FGF18/CXCL6/S1PR1/ACKR3/CH25H/PDE4B/CCR1/SERPINE1/SCG2/PLD1/FPR3/THBS1/GPNMB/WNT5A/CCL3/CCL3L1/CCL3L3/P2RY12
C1,Up,GO_BP,GO:0050900,leukocyte migration,89/1323,396/16355,2.7285609571883294e-19,2.1173633027781436e-16,1.5558952104749092e-16,89,MMP2/CXCL12/JAM2/EPS8/IL1R1/FYN/VEGFC/CD200/IL33/PTPRJ/FLT1/PDGFD/CSF1/JAM3/VCAM1/CD47/ICAM1/RAC2/ITGA1/CCL14/PECAM1/ITGA4/CXCL1/ABL1/PREX1/ANO6/MSN/PIK3R1/CD69/SIRPA/CCL23/SELE/LYN/PGF/ITGA7/RARRES2/TNFAIP6/THBS4/GAS6/IL16/CMKLR1/ITGB2/ADA/PTN/S100A9/AIF1/C3AR1/TACR1/APOD/FCER1G/PLVAP/PTGER4/STK39/IL6/GDF15/CORO1A/MDK/CCL21/IL27RA/S100A8/CCL19/CCL18/CXCL2/CCL5/DPP4/CD99L2/LYVE1/CXCR4/ITGA9/GPR183/SAA1/CCL2/CXCL8/ALOX5/CXCL6/S1PR1/CH25H/PDE4B/CCR1/SERPINE1/SCG2/THBS1/THY1/WNT5A/CCL3/CCL3L1/CCL3L3/P2RY12/GATA3
C1,Up,GO_BP,GO:0060326,cell chemotaxis,77/1323,314/16355,3.587526535352015e-19,2.435930517504018e-16,1.7899869239545844e-16,77,MMP2/CXCL12/PRKD1/PDGFRA/DOCK4/VEGFC/ENG/PDGFRB/PTPRJ/FLT1/PDGFD/CSF1/JAM3/VCAM1/RAC2/ITGA1/ACKR4/AGTR1/CCL14/CXCL1/LPAR1/SMOC2/PREX1/ANO6/NRP1/CCL23/LYN/PGF/RARRES2/TNFAIP6/THBS4/GAS6/PARVA/IL16/CMKLR1/ITGB2/PTN/S100A9/AIF1/C3AR1/FGFR1/FCER1G/STK39/IL6/CORO1A/MDK/CCL21/FGF2/ABCC1/S100A8/LOX/CCL19/CCL18/CXCL2/CCL5/DPP4/CXCR4/ITGA9/GPR183/SAA1/CCL2/CXCL8/ALOX5/FGF18/CXCL6/S1PR1/ACKR3/CH25H/PDE4B/CCR1/SERPINE1/SCG2/THBS1/WNT5A/CCL3/CCL3L1/CCL3L3
C1,Up,GO_BP,GO:1901342,regulation of vasculature development,74/1323,307/16355,5.0983726976330754e-18,3.0771511659492072e-15,2.261173013967792e-15,74,ADAMTS1/TGFBR2/CXCL12/ETS1/FYN/SHC1/PRKD1/C3/COL4A2/PLXND1/RHOJ/ENG/CCBE1/RECK/FLT1/AKT3/ADGRA2/THBS2/QKI/TWIST1/GATA2/HHEX/PTGIS/HSPG2/JCAD/TEK/ABL1/PPARG/SERPINF1/ANXA3/SMOC2/ACVRL1/NRP1/CYP1B1/CLDN5/STAB1/THBS4/SEMA6A/RRAS/KLF2/TIE1/C3AR1/PTPRM/PPP1R16B/IL6/ANGPT2/MDK/FGF2/CYSLTR1/F3/RGCC/ISM1/AQP1/EMILIN2/TNN/CXCR4/CYBB/CXCL8/ALOX5/FGF18/DDAH1/TGFBR1/PRKCA/ITGA5/CDH5/SERPINE1/CHI3L1/LRG1/DCN/BMPER/SFRP2/THBS1/GPNMB/WNT5A
C1,Up,GO_BP,GO:2000146,negative regulation of cell motility,76/1323,323/16355,7.849003638557368e-18,4.263578776464363e-15,3.1329917681483728e-15,76,CXCL12/IFITM1/COL3A1/FBLN1/ZEB2/PTPRG/MIR224/ENG/CD200/IL33/RECK/PTPRJ/DLC1/MEF2C/BMP4/IGFBP5/LIMCH1/PTPRK/CLIC4/PODN/IGFBP3/CDH11/MEOX2/ADARB1/MITF/PPARG/SERPINF1/ACVRL1/BCL2/CYP1B1/CD69/MMRN2/CLDN5/TIMP1/DPYSL3/TNFAIP6/FOXO3/RRAS/STARD13/ADA/DNAI3/TIE1/AIF1/CYGB/PTPRM/PRKG1/APOD/PTGER4/GDF15/TPM1/MAGI2/ANGPT2/CCL21/FGF2/IL27RA/CITED2/RGN/DPP4/RGCC/EMILIN2/TNN/GNA12/TGFBR3/NAV3/CCL2/TGFBR1/ADORA3/TMIGD3/MYOCD/SERPINE1/LDLRAD4/DCN/SFRP2/THBS1/THY1/GATA3
C1,Up,GO_BP,GO:0001503,ossification,90/1323,426/16355,1.1899273299735393e-17,5.876077505832969e-15,4.317898981109723e-15,90,MMP2/CTSK/IFITM1/VCAN/FERMT2/PRKD1/DDR2/PTPRB/VEGFC/COL1A1/TNC/SLC8A1/CSGALNACT1/MEF2C/BMP4/IGFBP5/CSF1/ASPN/GPM6B/OSR2/RORB/NPR2/IGFBP3/CTHRC1/DCHS1/TWIST1/CDH11/SRGN/COL6A1/RUNX2/IGSF10/GPC3/FHL2/BMP2/TEK/AXIN2/COL1A2/PPARG/SND1/ID3/ANO6/BCL2/CHRDL1/SMAD6/DKK1/ID4/CCN2/TNFAIP6/PRICKLE1/PTN/DNAI3/TMEM38B/TACR1/CBS/PTGER4/RUNX3/IL6/NPNT/MDK/FGF2/COL13A1/LOX/CLEC3B/FGR/SOX2/FZD1/IL6ST/RASSF2/PENK/ENPP1/TNN/CCN1/RFLNB/SOX9/IGF1/ALOX5/FGF18/MGP/GRP/S1PR1/ZBTB16/NELL1/COL11A1/CCR1/IGF2/SFRP2/TMEM119/COMP/WNT5A/CCL3
C1,Up,GO_BP,GO:0040013,negative regulation of locomotion,78/1323,340/16355,1.3722980868637702e-17,6.211936006536667e-15,4.5646967941994884e-15,78,CXCL12/IFITM1/COL3A1/FBLN1/ZEB2/PTPRG/MIR224/ENG/CD200/IL33/RECK/PTPRJ/DLC1/MEF2C/BMP4/IGFBP5/LIMCH1/PTPRK/CLIC4/PODN/IGFBP3/CDH11/MEOX2/ADARB1/MITF/PPARG/SERPINF1/ACVRL1/NRP1/BCL2/CYP1B1/CD69/MMRN2/CLDN5/TIMP1/DPYSL3/TNFAIP6/FOXO3/RRAS/STARD13/ADA/DNAI3/TIE1/AIF1/CYGB/PTPRM/PRKG1/APOD/PTGER4/GDF15/TPM1/MAGI2/ANGPT2/CCL21/FGF2/IL27RA/CITED2/RGN/DPP4/RGCC/EMILIN2/TNN/GNA12/TGFBR3/NAV3/CCL2/TGFBR1/ADORA3/TMIGD3/MYOCD/SERPINE1/LDLRAD4/DCN/SFRP2/THBS1/THY1/WNT5A/GATA3
C1,Up,GO_BP,GO:0045765,regulation of angiogenesis,72/1323,300/16355,1.870134086472112e-17,7.814283352089625e-15,5.742144498706274e-15,72,ADAMTS1/TGFBR2/ETS1/FYN/SHC1/PRKD1/C3/COL4A2/PLXND1/RHOJ/ENG/CCBE1/RECK/FLT1/AKT3/ADGRA2/THBS2/QKI/TWIST1/GATA2/HHEX/PTGIS/HSPG2/JCAD/TEK/ABL1/PPARG/SERPINF1/ANXA3/SMOC2/ACVRL1/NRP1/CYP1B1/CLDN5/STAB1/THBS4/SEMA6A/RRAS/KLF2/TIE1/C3AR1/PTPRM/PPP1R16B/IL6/ANGPT2/MDK/FGF2/CYSLTR1/F3/RGCC/ISM1/AQP1/EMILIN2/TNN/CXCR4/CYBB/CXCL8/ALOX5/FGF18/DDAH1/PRKCA/ITGA5/CDH5/SERPINE1/CHI3L1/LRG1/DCN/BMPER/SFRP2/THBS1/GPNMB/WNT5A
C1,Up,GO_BP,GO:0030336,negative regulation of cell migration,73/1323,308/16355,2.325712337926674e-17,9.023763871155495e-15,6.6309031469307875e-15,73,CXCL12/IFITM1/COL3A1/ZEB2/PTPRG/MIR224/ENG/CD200/IL33/RECK/PTPRJ/DLC1/MEF2C/BMP4/IGFBP5/LIMCH1/PTPRK/CLIC4/PODN/IGFBP3/CDH11/MEOX2/ADARB1/MITF/PPARG/SERPINF1/ACVRL1/BCL2/CYP1B1/CD69/MMRN2/CLDN5/TIMP1/DPYSL3/TNFAIP6/FOXO3/RRAS/STARD13/ADA/DNAI3/TIE1/AIF1/CYGB/PTPRM/PRKG1/APOD/PTGER4/GDF15/TPM1/MAGI2/ANGPT2/CCL21/FGF2/IL27RA/CITED2/DPP4/RGCC/EMILIN2/TNN/GNA12/TGFBR3/NAV3/CCL2/TGFBR1/ADORA3/TMIGD3/MYOCD/SERPINE1/LDLRAD4/DCN/SFRP2/THBS1/THY1
C1,Up,GO_BP,GO:0007160,cell-matrix adhesion,61/1323,233/16355,6.810669593779723e-17,2.4663704822274303e-14,1.8123550245342252e-14,61,NID1/POSTN/COL3A1/FERMT2/SGCE/FBLN5/PTPRJ/DLC1/LIMCH1/TNXB/CSF1/JAM3/VCAM1/SVEP1/PTPRK/GPM6B/CDH11/ITGA8/ITGA1/PEAK1/NID2/TEK/ITGA4/ABL1/CASK/ACVRL1/L1CAM/NRP1/BCL2/PIK3R1/SNED1/COL16A1/FN1/EPHA3/ITGA10/ITGA7/CCN2/ITGAM/ECM2/RRAS/ITGB2/EFEMP2/ARHGAP6/APOD/FAM107A/NPNT/CCL21/COL13A1/ACTN1/LYVE1/TNN/ITGA9/WDPCP/EPDR1/ITGA5/SERPINE1/MUC4/CEACAM6/ITGBL1/THBS1/THY1
C1,Up,GO_BP,GO:0085029,extracellular matrix assembly,25/1323,49/16355,3.796159600816001e-15,1.2887961844770322e-12,9.470419214667286e-13,25,COL3A1/FBLN5/TNXB/ANTXR1/GPM6B/MFAP4/COL6A1/THSD4/COL1A2/PPARG/NTN4/GAS6/PRICKLE1/EFEMP2/TIE1/PXDN/MYH11/LOX/RGCC/FKBP10/TGFBR3/SOX9/TGFBR1/PLOD3/HAS2
C1,Up,GO_BP,GO:0030595,leukocyte chemotaxis,58/1323,234/16355,5.691053373695302e-15,1.8184589368184047e-12,1.3362522843995409e-12,58,MMP2/CXCL12/VEGFC/PTPRJ/FLT1/CSF1/JAM3/RAC2/ITGA1/CCL14/CXCL1/PREX1/ANO6/CCL23/LYN/PGF/RARRES2/TNFAIP6/THBS4/GAS6/IL16/CMKLR1/ITGB2/PTN/S100A9/AIF1/C3AR1/FCER1G/STK39/IL6/CORO1A/MDK/CCL21/S100A8/CCL19/CCL18/CXCL2/CCL5/DPP4/CXCR4/ITGA9/GPR183/SAA1/CCL2/CXCL8/ALOX5/CXCL6/S1PR1/CH25H/PDE4B/CCR1/SERPINE1/SCG2/THBS1/WNT5A/CCL3/CCL3L1/CCL3L3
C1,Up,GO_BP,GO:0010810,regulation of cell-substrate adhesion,55/1323,217/16355,1.0441645820481006e-14,3.151056672047379e-12,2.3154807573838582e-12,55,NID1/POSTN/HACD1/FERMT2/FBLN1/DAB2/COL1A1/CCDC80/PTPRJ/DLC1/LIMCH1/CSF1/GBP1/GPM6B/FZD7/RAC2/FZD4/PEAK1/FBLN2/TEK/ABL1/CASK/ACVRL1/PREX1/NRP1/BCL2/ABI3BP/PIK3R1/LIMS2/COL16A1/FN1/EPHA3/ECM2/RRAS/EFEMP2/ARHGAP6/GCNT2/MELTF/APOD/FAM107A/NPNT/ANGPT2/MDK/CCL21/FLNA/CCN1/PDPN/WDPCP/ITGA5/SERPINE1/CEACAM6/HAS2/COL8A1/THBS1/THY1
C1,Up,GO_BP,GO:0050921,positive regulation of chemotaxis,43/1323,143/16355,1.3559068158377072e-14,3.876466222963381e-12,2.848531105626917e-12,43,CXCL12/PRKD1/PDGFRA/VEGFC/PDGFRB/PTPRJ/PDGFD/CSF1/NTRK3/RAC2/LPAR1/SMOC2/ANO6/NRP1/PGF/RARRES2/THBS4/GAS6/IL16/CMKLR1/PTN/AIF1/C3AR1/FGFR1/STK39/IL6/MDK/CCL21/FGF2/CCL19/F3/CCL5/CXCR4/CXCL8/FGF18/S1PR1/CCR1/SERPINE1/SCG2/THBS1/WNT5A/CCL3/P2RY12
C1,Up,GO_BP,GO:0043542,endothelial cell migration,57/1323,232/16355,1.478483283586024e-14,4.0155605982196414e-12,2.9507413743990545e-12,57,ETS1/PLPP3/PRKD1/PLXND1/RHOJ/ZEB2/VEGFC/CCBE1/MEF2C/AKT3/ADGRA2/PIK3R3/GATA2/ANGPT1/SCARB1/FSTL1/MEOX2/JCAD/TEK/ABL1/PPARG/SERPINF1/ANXA3/SMOC2/ACVRL1/NRP1/CYP1B1/MMRN2/LPXN/CLEC14A/RRAS/STARD13/PTN/S100A9/LOXL2/PTPRM/FGFR1/SRPX2/ANGPT2/FGF2/DPP4/RGCC/TGFBR3/S100A2/EFNB2/FGF18/TGFBR1/PROX1/PRKCA/CDH5/SCG2/DCN/BMPER/FAP/THBS1/WNT5A/GATA3
C1,Up,GO_BP,GO:1904018,positive regulation of vasculature development,47/1323,168/16355,1.6967428195045722e-14,4.388908093118493e-12,3.2250871035395174e-12,47,TGFBR2/CXCL12/ETS1/PRKD1/C3/ENG/CCBE1/FLT1/AKT3/TWIST1/GATA2/PTGIS/JCAD/TEK/ABL1/ANXA3/SMOC2/ACVRL1/NRP1/CYP1B1/RRAS/TIE1/C3AR1/ANGPT2/MDK/FGF2/CYSLTR1/F3/AQP1/EMILIN2/TNN/CXCR4/CYBB/CXCL8/FGF18/DDAH1/TGFBR1/PRKCA/ITGA5/CDH5/SERPINE1/CHI3L1/LRG1/BMPER/SFRP2/THBS1/WNT5A
C1,Up,GO_BP,GO:0097529,myeloid leukocyte migration,57/1323,236/16355,3.2731052329855753e-14,8.081594375262567e-12,5.938571791139378e-12,57,MMP2/CXCL12/IL1R1/VEGFC/CD200/PTPRJ/FLT1/PDGFD/CSF1/JAM3/CD47/RAC2/ITGA1/CCL14/PECAM1/CXCL1/PREX1/ANO6/PIK3R1/SIRPA/CCL23/LYN/PGF/RARRES2/TNFAIP6/THBS4/CMKLR1/ITGB2/S100A9/AIF1/C3AR1/FCER1G/PTGER4/IL6/MDK/CCL21/S100A8/CCL19/CCL18/CXCL2/CCL5/DPP4/CD99L2/ITGA9/SAA1/CCL2/CXCL8/CXCL6/PDE4B/CCR1/SERPINE1/SCG2/THBS1/CCL3/CCL3L1/CCL3L3/P2RY12
C1,Up,GO_BP,GO:0045785,positive regulation of cell adhesion,91/1323,492/16355,4.274065187052848e-14,1.009422699829177e-11,7.417508095791487e-12,91,NID1/TGFBR2/CXCL12/HACD1/ETS1/FERMT2/FYN/PLPP3/LAMA2/FBLN1/DAB2/CYTH3/CCDC80/PTPRJ/LGALS1/PIEZO1/CSF1/VCAM1/CD47/ANGPT1/IL7/FBLN2/TEK/ITGA4/ABL1/PREX1/NRP1/PODXL/ABI3BP/LIMS2/COL16A1/SIRPA/FN1/SELE/LYN/IL7R/SMARCD3/MMRN1/IL15/FOXO3/HLX/LAMC1/ECM2/RRAS/ITGB2/EFEMP2/ADA/GCNT2/IL4R/AIF1/RUNX3/IL6/TPM1/CORO1A/NPNT/MDK/CCL21/PTPRC/CITED2/SOX2/CCL19/IL6ST/CCL5/CD86/DPP4/FLNA/EMILIN2/CCN1/PDPN/SAA1/CCL2/IGF1/ALOX5/HAVCR2/EFNB2/HLA-DPB1/PRKCA/ZBTB16/ITGA5/CEACAM6/IGF2/HAS2/PDCD1LG2/HLA-DMA/SFRP2/COL8A1/THY1/HLA-DRB3/WNT5A/P2RY12/GATA3
C1,Up,GO_BP,GO:0002685,regulation of leukocyte migration,56/1323,231/16355,4.651498651317614e-14,1.05278919474822e-11,7.736176704296662e-12,56,CXCL12/JAM2/IL1R1/VEGFC/CD200/IL33/PTPRJ/PDGFD/CSF1/JAM3/CD47/ICAM1/RAC2/ITGA4/ABL1/ANO6/MSN/PIK3R1/CD69/SELE/LYN/PGF/RARRES2/TNFAIP6/THBS4/GAS6/CMKLR1/ADA/PTN/AIF1/C3AR1/TACR1/APOD/PLVAP/PTGER4/STK39/IL6/GDF15/CORO1A/MDK/CCL21/IL27RA/CCL19/CCL5/DPP4/CD99L2/LYVE1/CCL2/CXCL8/CCR1/SERPINE1/THBS1/THY1/WNT5A/CCL3/P2RY12
C1,Up,GO_BP,GO:0042060,wound healing,83/1323,430/16355,5.153783736904648e-14,1.119814130354642e-11,8.228693865407337e-12,83,SERPING1/COL3A1/FERMT2/PRRG1/PLPP3/PDGFRA/FBLN1/DDR2/PAPSS2/TFPI/TLR4/RAB27A/ENG/F2RL2/PTPRJ/CD59/AXL/MYL9/SVEP1/ANXA5/NPR2/FZD7/MYLK/GATA2/SCARB1/F2R/PLSCR1/NOTCH2/PPARG/CASK/SMOC2/ACVRL1/ANO6/PROS1/PEAR1/MCAM/TFPI2/FN1/ENPP4/LYN/TIMP1/MMRN1/ADRA2A/GAS6/ELK3/COL5A1/PRKG1/PROCR/FCER1G/IL6/TPM1/FGF2/RASA3/F3/NFATC1/IL6ST/FLNA/FKBP10/AQP1/EMILIN2/GNA12/CCN1/CXCR4/SERPINE2/PDPN/VWF/SAA1/IGF1/ALOX5/TGFBR1/PRKCA/TSPAN8/F13A1/ITGA5/SYTL4/SERPINE1/LRG1/FAP/SERPINA1/THBS1/COMP/WNT5A/P2RY12
C1,Up,GO_BP,GO:0061448,connective tissue development,63/1323,282/16355,7.033821310811179e-14,1.4695275907817818e-11,1.0798481947609713e-11,63,TGFBR2/CTSK/COL3A1/ZEB1/COL1A1/WNT2B/SH3PXD2B/PDGFRB/CSGALNACT1/MEF2C/PDGFD/BMP4/CSF1/ACTA2/PRRX1/OSR2/NPR2/MBOAT2/COL6A1/RUNX2/FOXD1/BMP2/AXIN2/PPARG/ACVRL1/SELENOM/ID4/LPL/OGN/TIMP1/CCN2/CYTL1/SOX5/PPARGC1A/ARID5B/MATN3/LOXL2/COL5A1/FGFR1/CBS/RUNX3/MDK/FGF2/LOX/MSX1/EBF2/CCN1/RFLNB/SOX9/EFEMP1/FRZB/FGF18/TGFBR1/SERPINH1/MGP/ZBTB16/COL11A1/CHI3L1/SFRP2/BGN/COMP/WNT5A/GATA3
C1,Up,GO_BP,GO:0002687,positive regulation of leukocyte migration,43/1323,150/16355,8.745052433850461e-14,1.7593749933583595e-11,1.2928358217996472e-11,43,CXCL12/JAM2/IL1R1/VEGFC/PTPRJ/PDGFD/CSF1/JAM3/CD47/ICAM1/RAC2/ITGA4/ABL1/ANO6/PIK3R1/SELE/PGF/RARRES2/THBS4/GAS6/CMKLR1/PTN/AIF1/C3AR1/TACR1/PLVAP/STK39/IL6/CORO1A/MDK/CCL21/CCL19/CCL5/CD99L2/LYVE1/CXCL8/CCR1/SERPINE1/THBS1/THY1/WNT5A/CCL3/P2RY12
C1,Up,GO_BP,GO:0033627,cell adhesion mediated by integrin,32/1323,88/16355,9.10162001166026e-14,1.7657142822620907e-11,1.2974941009103648e-11,32,PLPP3/FBN1/PIEZO1/JAM3/VCAM1/ICAM1/ITGA8/ITGA1/ITGA4/PODXL/CYP1B1/MUC1/COL16A1/LPXN/ITGA10/LYN/ITGA7/MMRN1/ITGAM/ITGB2/ADA/NPNT/CCL21/CCL5/DPP4/EMILIN2/ITGA9/ITGA5/SERPINE1/ITGBL1/SFRP2/P2RY12
C1,Up,GO_BP,GO:0050920,regulation of chemotaxis,52/1323,209/16355,1.24534143174405e-13,2.3326533300805794e-11,1.7140960831845507e-11,52,CXCL12/PRKD1/PDGFRA/VEGFC/PDGFRB/PTPRJ/PDGFD/CSF1/JAM3/ADGRA2/NTRK3/RAC2/LPAR1/SMOC2/ANO6/NRP1/LYN/PGF/RARRES2/TNFAIP6/THBS4/GAS6/IL16/CMKLR1/PTN/AIF1/C3AR1/FGFR1/STK39/IL6/ANGPT2/MDK/CCL21/FGF2/CCL19/F3/CCL5/DPP4/CXCR4/GPR183/CCL2/CXCL8/EFNB2/FGF18/S1PR1/CCR1/SERPINE1/SCG2/THBS1/WNT5A/CCL3/P2RY12
C1,Up,GO_BP,GO:0050673,epithelial cell proliferation,83/1323,437/16355,1.3051371250294442e-13,2.3631682877199803e-11,1.736519290565492e-11,83,CXCL12/PRKD1/DAB2/ZEB1/ZEB2/ENG/MEF2C/IGFBP4/FLT1/AKT3/BMP4/IGFBP5/SAV1/PTPRK/OSR2/FZD7/IGFBP3/SIDT2/TWIST1/GATA2/SCARB1/ANG/RUNX2/GPC3/HSPG2/AGTR1/JCAD/NOTCH2/TEK/ITGA4/PPARG/CASK/SERPINF1/ACVRL1/AR/NRP1/LIMS2/MMRN2/FST/THBS4/HLX/LAMC1/PTN/ZNF703/LOXL2/TIE1/TACR1/PTPRM/FGFR1/RUNX3/PPP1R16B/IL6/ID2/MDK/FGF2/SOX2/F3/RGN/CCL5/RGCC/TGFBR3/SOX9/ST8SIA1/BCL11B/CCL2/IGF1/ALOX5/EFNB2/TGFBR1/PROX1/PRKCA/SCG2/IGF2/HAS2/LRG1/BMPER/COL8A2/FAP/SFRP2/COL8A1/THBS1/WNT5A/GATA3
C1,Up,GO_BP,GO:0072001,renal system development,69/1323,330/16355,1.403314654096732e-13,2.4589694196946605e-11,1.806916525750359e-11,69,ADAMTS1/NID1/EDNRA/COL4A1/PDGFRA/PLXND1/WNT2B/FBN1/PDGFRB/MEF2C/PDGFD/KANK2/BMP4/ACTA2/TNS2/OSR2/DCHS1/ANGPT1/ITGA8/BICC1/GPC3/FOXD1/PKD2/GFRA1/AGTR1/NOTCH2/BMP2/TEK/FRAS1/PECAM1/SERPINF1/LRRK2/ID3/NRP1/PODXL/BCL2/IRX3/SMAD6/TFAP2B/KCNJ8/CYP26B1/DYNC2H1/PRICKLE1/KLF15/ARID5B/FGFR1/SOX17/MAGI2/NPNT/ANGPT2/ENPEP/FGF2/RGN/POU3F3/AQP1/IRX1/SOX9/WDPCP/RBP4/EFNB2/TGFBR1/PROX1/ZBTB16/MYOCD/HAS2/BMPER/PRDM1/WNT5A/GATA3
C1,Up,GO_BP,GO:0043410,positive regulation of MAPK cascade,85/1323,454/16355,1.5108027891928403e-13,2.5645877346548466e-11,1.8845276896773852e-11,85,PDGFC/FERMT2/SHC1/PDGFRA/MFHAS1/GLIPR2/SDCBP/TLR4/PDGFRB/PTPRJ/MEF2C/IGFBP4/FLT1/PDGFD/BMP4/AKAP12/ACTA2/NTRK3/FZD7/ICAM1/IGFBP3/ANGPT1/F2R/GSDME/ITGA1/PRXL2C/TNFRSF19/PDE5A/JCAD/NOTCH2/BMP2/TEK/ABL1/LPAR1/AR/LRRK2/NRP1/DKK1/MID1/DENND2B/LYN/TGFB3/ANKRD6/CCN2/ADRA2A/GAS6/CCDC88C/SEMA3A/GCNT2/CAVIN3/PTPN22/FGFR1/PLA2G2A/STK39/IL6/GDF15/NPNT/CCL21/FGF2/PTPRC/SOX2/SH3RF3/CCL19/INHBA/RASSF2/RAMP3/DOK6/GPR183/IGF1/HAVCR2/FGF18/PRKCA/LAPTM5/NOX4/ACKR3/CCR1/IGF2/PLA2G5/CHI3L1/BMPER/THBS1/FGF5/GPNMB/WNT5A/CCL3
C1,Up,GO_BP,GO:0060485,mesenchyme development,67/1323,316/16355,1.5948856897952254e-13,2.6252785051417164e-11,1.92912489177145e-11,67,TGFBR2/EDNRA/FERMT2/ADAMTS5/DAB2/GLIPR2/ZFPM2/SDCBP/COL1A1/ENG/MEF2C/BMP4/TNXB/ACTA2/QKI/DCHS1/TWIST1/TGFB1I1/FOXD1/PKD2/TEAD2/BMP2/AXIN2/ACVRL1/NRP1/BCL2/DKK1/TBX3/HEY2/FN1/EPHA3/TGFB3/PITX2/FOXF2/SEMA6A/SOX10/PRICKLE1/SEMA3A/SEMA3G/ZNF703/GCNT2/LOXL2/FGFR1/IL6/MEOX1/MDK/CITED2/MSX1/FLNA/RGCC/TGFBR3/PDPN/RFLNB/SOX9/OLFM1/FRZB/IGF1/TGFBR1/HEY1/RBM24/LDLRAD4/HAS2/LRG1/ACTG2/SFRP2/WNT5A/GATA3
C1,Up,GO_BP,GO:0045766,positive regulation of angiogenesis,45/1323,165/16355,1.6779424989356857e-13,2.6807598982996012e-11,1.9698941040136593e-11,45,TGFBR2/ETS1/PRKD1/C3/ENG/CCBE1/FLT1/AKT3/TWIST1/GATA2/PTGIS/JCAD/TEK/ABL1/ANXA3/SMOC2/ACVRL1/NRP1/CYP1B1/RRAS/TIE1/C3AR1/ANGPT2/MDK/FGF2/CYSLTR1/F3/AQP1/EMILIN2/TNN/CXCR4/CYBB/CXCL8/FGF18/DDAH1/PRKCA/ITGA5/CDH5/SERPINE1/CHI3L1/LRG1/BMPER/SFRP2/THBS1/WNT5A
C1,Up,GO_BP,GO:0070374,positive regulation of ERK1 and ERK2 cascade,48/1323,186/16355,2.5320024466342097e-13,3.9296677971762934e-11,2.8876250459058416e-11,48,PDGFC/FERMT2/SHC1/PDGFRA/MFHAS1/GLIPR2/TLR4/PDGFRB/PDGFD/BMP4/AKAP12/ACTA2/ICAM1/ANGPT1/F2R/PRXL2C/NOTCH2/BMP2/TEK/ABL1/NRP1/DENND2B/CCN2/GAS6/GCNT2/CAVIN3/PTPN22/PLA2G2A/NPNT/CCL21/FGF2/PTPRC/CCL19/INHBA/RAMP3/GPR183/IGF1/HAVCR2/FGF18/PRKCA/NOX4/ACKR3/CCR1/PLA2G5/CHI3L1/BMPER/GPNMB/CCL3
C1,Up,GO_BP,GO:0042692,muscle cell differentiation,77/1323,396/16355,2.925910710742225e-13,4.414874161319935e-11,3.2441676652440115e-11,77,NID1/JAM2/EDNRA/COL14A1/LAMA2/PRKD1/PDGFRA/ADAMTS5/ZEB1/ENG/PDGFRB/SLC8A1/MEF2C/BMP4/PIEZO1/IGFBP5/MYL9/QKI/FZD7/MYEF2/COL6A1/ITGA8/PLEKHO1/SGCD/FHL2/CFL2/NOTCH2/BMP2/ANK2/PGM5/BCL2/DOCK2/ATP11A/KRT19/IRX3/DKK1/TBX3/HEY2/LMOD1/KCNJ8/SMARCD3/CYP26B1/LAMC1/PRICKLE1/EFEMP2/IL4R/PRKG1/SOD2/GDF15/ID2/TPM1/NPNT/MYH11/UCHL1/LDB3/LOX/AVPR1A/ACTN1/NFATC1/MSX1/POPDC1/SOX9/IGF1/CD53/EFNB2/HEY1/PROX1/NFATC4/NOX4/RBM24/MYOCD/SGCB/IGF2/CEACAM5/TMEM119/COMP/POPDC3
C1,Up,GO_BP,GO:0071559,response to transforming growth factor beta,60/1323,271/16355,4.22958617497279e-13,6.058947073709507e-11,4.4522764327390226e-11,60,TGFBR2/POSTN/CTSK/COL3A1/FERMT2/FYN/DDR2/COL4A2/DAB2/ZEB1/ZEB2/SDCBP/COL1A1/ENG/FBN1/MEF2C/PDGFD/LRRC32/ACTA2/LTBP2/ASPN/PTPRK/ITGA8/TGFB1I1/FUT8/BMP2/COL1A2/ABL1/PPARG/ACVRL1/FMOD/SLC2A10/SMAD6/PMEPA1/CLDN5/LPXN/TGFB3/SMAD9/TSC22D1/SOX5/PDE3A/ZNF703/GCNT2/RUNX3/GDF15/NPNT/CITED2/LOX/NFATC1/PENK/PDE2A/TGFBR3/SOX9/TGFBR1/MYOCD/CDH5/LDLRAD4/LRG1/THBS1/WNT5A
C1,Up,GO_BP,GO:0071560,cellular response to transforming growth factor beta stimulus,59/1323,264/16355,4.3441287890891954e-13,6.058947073709507e-11,4.4522764327390226e-11,59,TGFBR2/POSTN/CTSK/COL3A1/FERMT2/FYN/DDR2/COL4A2/DAB2/ZEB1/ZEB2/SDCBP/COL1A1/ENG/FBN1/MEF2C/PDGFD/LRRC32/ACTA2/LTBP2/ASPN/PTPRK/ITGA8/TGFB1I1/FUT8/BMP2/COL1A2/ABL1/PPARG/ACVRL1/FMOD/SLC2A10/SMAD6/PMEPA1/CLDN5/LPXN/TGFB3/SMAD9/TSC22D1/SOX5/PDE3A/ZNF703/GCNT2/GDF15/NPNT/CITED2/LOX/NFATC1/PENK/PDE2A/TGFBR3/SOX9/TGFBR1/MYOCD/CDH5/LDLRAD4/LRG1/THBS1/WNT5A
C1,Up,GO_BP,GO:1903053,regulation of extracellular matrix organization,27/1323,67/16355,4.350127685468903e-13,6.058947073709507e-11,4.4522764327390226e-11,27,NID1/LAMA2/DDR2/AEBP1/RECK/TNXB/ANTXR1/COL6A1/BMP2/AXIN2/ABL1/PPARG/SLC2A10/TNFRSF1B/LAMC1/EFEMP2/MELTF/TIE1/IL6/DPP4/RGCC/TGFBR3/PDPN/SOX9/TGFBR1/HAS2/FAP
C1,Up,GO_BP,GO:0090287,regulation of cellular response to growth factor stimulus,67/1323,326/16355,7.437338947273849e-13,1.0099906290397888e-10,7.421681391595378e-11,67,ZEB1/ZEB2/SDCBP/VEGFC/GRB10/ENG/FBN1/CCBE1/BMP4/TNXB/ADGRA2/ASPN/FZD4/HHEX/GREM2/FSTL1/RUNX2/ITGA8/TGFB1I1/GPC3/FOXD1/JCAD/NOTCH2/BMP2/ABL1/PPARG/CASK/SMOC2/ACVRL1/NRP1/SLC2A10/CHRDL1/SMAD6/DKK1/MMRN2/PMEPA1/TFAP2B/ARK2C/TGFB3/TNFAIP6/FST/SEMA6A/TSC22D1/SHISA2/ZNF703/GDF15/NPNT/FGF2/CITED2/LOX/FZD1/MSX1/TGFBR3/CCN1/ZNF423/FGF18/ITGA5/MYOCD/CDH5/LDLRAD4/LRG1/DCN/BMPER/SFRP2/THBS1/WNT5A/GATA3
C1,Up,GO_BP,GO:0141091,transforming growth factor beta receptor superfamily signaling pathway,69/1323,345/16355,1.3047396937417758e-12,1.7286209796110552e-10,1.2702369495940473e-10,69,TGFBR2/COL3A1/FERMT2/DAB2/ZEB1/ZEB2/SDCBP/ENG/FBN1/BMP4/LRRC32/LTBP2/ASPN/PTPRK/GREM2/FSTL1/RUNX2/ITGA8/TGFB1I1/GPC3/FUT8/FOXD1/NOTCH2/BMP2/COL1A2/ABL1/PPARG/ACVRL1/FMOD/SLC2A10/CHRDL1/SMAD6/DKK1/PMEPA1/CLDN5/TFAP2B/ARK2C/LPXN/TGFB3/HFE/TNFAIP6/FST/SMAD9/TSC22D1/ZNF703/GCNT2/GDF15/MAGI2/NPNT/CITED2/LOX/FZD1/INHBA/MSX1/INHBB/TGFBR3/CCN1/ZNF423/TGFBR1/MYOCD/CDH5/LDLRAD4/WIF1/LRG1/BMPER/SFRP2/THBS1/COMP/WNT5A
C1,Up,GO_BP,GO:0014909,smooth muscle cell migration,29/1323,80/16355,1.4448831096936445e-12,1.8687154885371138e-10,1.3731821433479452e-10,29,ADAMTS1/POSTN/DDR2/DOCK4/TLR4/GRB10/PDGFRB/MEF2C/PDGFD/BMP4/IGFBP5/IGFBP3/LPAR1/NRP1/BCL2/CYP1B1/PARVA/AIF1/TACR1/PRKG1/TPM1/MDK/PLXNA1/CCL5/GNA12/IGF1/MYOCD/SERPINE1/HAS2
C1,Up,GO_BP,GO:0008360,regulation of cell shape,39/1323,138/16355,2.0443825987115387e-12,2.5355594535501013e-10,1.8631969319940285e-10,39,FERMT2/EPS8/FYN/PLXND1/RHOJ/SH3KBP1/DLC1/PALMD/PALM2AKAP2/FMNL2/SYNE3/PLEKHO1/ATP10A/PLXNC1/LPAR1/MSN/FN1/EPB41L3/ITGA7/FMNL3/RHOQ/CDC42EP5/PARVA/ITGB2/FGD5/CDC42EP3/TPM1/CORO1A/FGR/PRAG1/PLXNA1/POPDC1/MYH10/GNA12/PDPN/WDPCP/CCL2/COCH/CCL3
C1,Up,GO_BP,GO:0003007,heart morphogenesis,58/1323,266/16355,2.0538404999301262e-12,2.5355594535501013e-10,1.8631969319940285e-10,58,ADAMTS1/TGFBR2/EDNRA/ADAMTS5/PLXND1/ZFPM2/SLIT3/ENG/DLC1/MEF2C/BMP4/SAV1/DCHS1/TWIST1/CPE/PKD2/FHL2/TEAD2/NOTCH2/BMP2/TEK/AXIN2/ACVRL1/NRP1/SMAD6/DKK1/TBX3/HEY2/CLDN5/KCNJ8/SMARCD3/PITX2/PARVA/PRICKLE1/CCM2L/COL5A1/TPM1/SOX17/CITED2/FZD1/MSX1/FLNA/TGFBR3/CCN1/SOX9/OLFM1/RBP4/TGFBR1/HEY1/S1PR1/PROX1/COL11A1/HEG1/HAS2/SFRP2/ABCC9/WNT5A/GATA3
C1,Up,GO_BP,GO:0010718,positive regulation of epithelial to mesenchymal transition,24/1323,57/16355,2.789461799143723e-12,3.338395050448586e-10,2.453142010561398e-10,24,TGFBR2/FERMT2/DAB2/GLIPR2/SDCBP/COL1A1/ENG/BMP4/TNXB/TWIST1/TGFB1I1/BMP2/AXIN2/TGFB3/ZNF703/GCNT2/LOXL2/IL6/MDK/RGCC/PDPN/OLFM1/TGFBR1/LRG1
C1,Up,GO_BP,GO:0001822,kidney development,65/1323,320/16355,2.8634840127493664e-12,3.338395050448586e-10,2.453142010561398e-10,65,ADAMTS1/NID1/EDNRA/PDGFRA/PLXND1/WNT2B/FBN1/PDGFRB/MEF2C/PDGFD/KANK2/BMP4/ACTA2/TNS2/OSR2/DCHS1/ANGPT1/ITGA8/BICC1/GPC3/FOXD1/PKD2/GFRA1/AGTR1/NOTCH2/BMP2/TEK/FRAS1/PECAM1/SERPINF1/LRRK2/ID3/NRP1/PODXL/BCL2/IRX3/SMAD6/TFAP2B/KCNJ8/CYP26B1/DYNC2H1/KLF15/ARID5B/FGFR1/SOX17/MAGI2/NPNT/ANGPT2/ENPEP/FGF2/RGN/POU3F3/AQP1/IRX1/SOX9/WDPCP/EFNB2/TGFBR1/PROX1/ZBTB16/HAS2/BMPER/PRDM1/WNT5A/GATA3
C1,Up,GO_BP,GO:0043491,phosphatidylinositol 3-kinase/protein kinase B signal transduction,63/1323,305/16355,2.8885229633851903e-12,3.338395050448586e-10,2.453142010561398e-10,63,PDGFC/FERMT2/PRKD1/PDGFRA/DDR2/MFHAS1/ENG/PDGFRB/PTPRJ/FLT1/PDGFD/IGFBP5/AXL/PIK3R3/NTRK3/AKR1C3/TWIST1/ANGPT1/F2R/COL6A1/PRR5L/COL6A3/TEK/CCDC88A/IRS1/PROS1/PIK3R1/PIK3AP1/PEAR1/ROR1/PREX2/FN1/COL6A2/HCLS1/GAS6/RRAS/GCNT2/CAVIN3/FGFR1/PPP1R16B/GDF15/MAGI2/CCL21/FGF2/DIPK2A/LOX/FGR/CCL19/CCL5/MMP3/SERPINE2/RAMP3/IGF1/TGFBR1/NOX4/IGF2/CHI3L1/DCN/RCN3/THBS1/CCL3/P2RY12/GATA3
C1,Up,GO_BP,GO:0070372,regulation of ERK1 and ERK2 cascade,59/1323,277/16355,3.7478193034178995e-12,4.241282178367923e-10,3.116607631263306e-10,59,PDGFC/FERMT2/SHC1/PDGFRA/FBLN1/DAB2/MFHAS1/GLIPR2/TLR4/PDGFRB/PDGFD/BMP4/AKAP12/ACTA2/GBP1/ICAM1/ANGPT1/LMO3/F2R/PRXL2C/NOTCH2/BMP2/TEK/ABL1/NRP1/SIRPA/FN1/DENND2B/LYN/CCN2/SEMA6A/GAS6/RRAS/GCNT2/CAVIN3/PTPN22/PLA2G2A/NPNT/CCL21/FGF2/PTPRC/CCL19/INHBA/CCN1/RAMP3/GPR183/IGF1/HAVCR2/FGF18/PRKCA/NOX4/ACKR3/CCR1/PLA2G5/CHI3L1/BMPER/GPNMB/CCL3/DUSP4
C1,Up,GO_BP,GO:0001935,endothelial cell proliferation,43/1323,166/16355,3.8792004787359606e-12,4.3002710662526364e-10,3.1599542444829854e-10,43,CXCL12/PRKD1/ZEB2/ENG/MEF2C/FLT1/AKT3/BMP4/GATA2/SCARB1/ANG/HSPG2/AGTR1/JCAD/TEK/ITGA4/PPARG/ACVRL1/NRP1/MMRN2/THBS4/LOXL2/TIE1/PTPRM/FGFR1/PPP1R16B/MDK/FGF2/F3/RGCC/CCL2/ALOX5/TGFBR1/PROX1/PRKCA/SCG2/IGF2/LRG1/BMPER/COL8A2/COL8A1/THBS1/WNT5A
C1,Up,GO_BP,GO:0060537,muscle tissue development,78/1323,424/16355,3.958276018273782e-12,4.3002710662526364e-10,3.1599542444829854e-10,78,EDNRA/COL3A1/GJC1/COL14A1/PDGFRA/ZFPM2/ENG/PDGFRB/SLC8A1/MEF2C/BMP4/IGFBP5/SAV1/NPR2/FZD7/MYLK/TWIST1/COL6A1/ITGA8/SVIL/MEOX2/PKD2/SGCD/FHL2/PLN/CFL2/NOTCH2/BMP2/PGM5/ABL1/BCL2/FOXN2/VAMP5/IRX3/EYA2/DKK1/TBX3/FLNB/HEY2/TFAP2B/KCNJ8/CYP26B1/HLX/PRICKLE1/EFEMP2/FGFR1/PRKG1/ID2/TPM1/MYH11/FGF2/DIPK2A/CITED2/LOX/MSX1/POPDC1/FOXL2/TNN/TGFBR3/SOX9/RBP4/IGF1/HIVEP3/HOXD10/EFNB2/TGFBR1/HEY1/S1PR1/PROX1/NOX4/RBM24/COL11A1/MYOCD/SGCB/IGF2/HEG1/ABCC9/POPDC3
C1,Up,GO_BP,GO:0070371,ERK1 and ERK2 cascade,62/1323,300/16355,4.207856832451107e-12,4.433146701769062e-10,3.257594816895644e-10,62,PDGFC/FERMT2/SHC1/PDGFRA/FBLN1/DAB2/MFHAS1/GLIPR2/TLR4/GRB10/PDGFRB/PDGFD/BMP4/AKAP12/ACTA2/GBP1/ICAM1/ANGPT1/LMO3/F2R/PRXL2C/NOTCH2/BMP2/TEK/ABL1/NRP1/SIRPA/FN1/DENND2B/LYN/CCN2/SEMA6A/GAS6/RRAS/GCNT2/CAVIN3/PTPN22/PLA2G2A/PTGER4/NPNT/CCL21/FGF2/PTPRC/CCL19/INHBA/CCN1/RAMP3/SOX9/GPR183/IGF1/HAVCR2/FGF18/PRKCA/NOX4/ACKR3/CCR1/PLA2G5/CHI3L1/BMPER/GPNMB/CCL3/DUSP4
C1,Up,GO_BP,GO:0007178,cell surface receptor protein serine/threonine kinase signaling pathway,71/1323,369/16355,4.2438075937406335e-12,4.433146701769062e-10,3.257594816895644e-10,71,TGFBR2/RBPMS/COL3A1/FERMT2/DAB2/ZEB1/ZEB2/SDCBP/ENG/FBN1/BMP4/LRRC32/LTBP2/ASPN/PTPRK/SPTBN1/GREM2/FSTL1/RUNX2/ITGA8/TGFB1I1/GPC3/FUT8/FOXD1/NOTCH2/BMP2/COL1A2/ABL1/PPARG/ACVRL1/FMOD/SLC2A10/CHRDL1/SMAD6/DKK1/PMEPA1/CLDN5/TFAP2B/ARK2C/LPXN/TGFB3/HFE/TNFAIP6/FST/SMAD9/TSC22D1/ZNF703/GCNT2/GDF15/MAGI2/NPNT/CITED2/LOX/FZD1/INHBA/MSX1/INHBB/TGFBR3/CCN1/ZNF423/TGFBR1/MYOCD/CDH5/LDLRAD4/WIF1/LRG1/BMPER/SFRP2/THBS1/COMP/WNT5A
C1,Up,GO_BP,GO:0014812,muscle cell migration,31/1323,94/16355,4.440111749591318e-12,4.5506956648641584e-10,3.3439729403079005e-10,31,ADAMTS1/POSTN/DDR2/DOCK4/TLR4/GRB10/PDGFRB/MEF2C/PDGFD/BMP4/IGFBP5/IGFBP3/PLEKHO1/LPAR1/NRP1/BCL2/CYP1B1/THBS4/PARVA/AIF1/TACR1/PRKG1/TPM1/MDK/PLXNA1/CCL5/GNA12/IGF1/MYOCD/SERPINE1/HAS2
C1,Up,GO_BP,GO:0014910,regulation of smooth muscle cell migration,27/1323,73/16355,4.9092746828169735e-12,4.922762632322768e-10,3.617377703621412e-10,27,ADAMTS1/POSTN/DDR2/DOCK4/TLR4/PDGFRB/MEF2C/PDGFD/BMP4/IGFBP5/IGFBP3/LPAR1/NRP1/BCL2/CYP1B1/AIF1/TACR1/PRKG1/TPM1/MDK/PLXNA1/CCL5/GNA12/IGF1/MYOCD/SERPINE1/HAS2
C1,Up,GO_BP,GO:0051897,positive regulation of phosphatidylinositol 3-kinase/protein kinase B signal transduction,46/1323,187/16355,4.984387790459356e-12,4.922762632322768e-10,3.617377703621412e-10,46,PDGFC/FERMT2/PRKD1/PDGFRA/DDR2/MFHAS1/ENG/PDGFRB/PTPRJ/FLT1/PDGFD/IGFBP5/AXL/NTRK3/AKR1C3/ANGPT1/F2R/PRR5L/TEK/CCDC88A/IRS1/PROS1/PIK3AP1/ROR1/FN1/HCLS1/GAS6/GCNT2/FGFR1/GDF15/CCL21/FGF2/FGR/CCL19/CCL5/RAMP3/IGF1/TGFBR1/NOX4/IGF2/CHI3L1/DCN/THBS1/CCL3/P2RY12/GATA3
C1,Up,GO_BP,GO:0051216,cartilage development,48/1323,204/16355,9.63069776359893e-12,9.341776830690963e-10,6.864587578866005e-10,48,TGFBR2/CTSK/COL3A1/ZEB1/COL1A1/WNT2B/CSGALNACT1/MEF2C/BMP4/PRRX1/OSR2/NPR2/MBOAT2/COL6A1/RUNX2/BMP2/AXIN2/ACVRL1/OGN/TIMP1/CCN2/CYTL1/SOX5/MATN3/LOXL2/FGFR1/CBS/RUNX3/MDK/FGF2/MSX1/CCN1/RFLNB/SOX9/EFEMP1/FRZB/FGF18/TGFBR1/SERPINH1/MGP/ZBTB16/COL11A1/CHI3L1/SFRP2/BGN/COMP/WNT5A/GATA3
C1,Up,GO_BP,GO:0071621,granulocyte chemotaxis,36/1323,126/16355,1.0148048249270588e-11,9.670911945620673e-10,7.10644486818727e-10,36,PTPRJ/CSF1/JAM3/RAC2/ITGA1/CCL14/CXCL1/PREX1/CCL23/RARRES2/TNFAIP6/THBS4/CMKLR1/ITGB2/S100A9/C3AR1/FCER1G/MDK/CCL21/S100A8/CCL19/CCL18/CXCL2/CCL5/DPP4/ITGA9/SAA1/CCL2/CXCL8/CXCL6/PDE4B/SCG2/THBS1/CCL3/CCL3L1/CCL3L3
C1,Up,GO_BP,GO:0007162,negative regulation of cell adhesion,60/1323,291/16355,1.0378822646669324e-11,9.720304244259961e-10,7.142739650847564e-10,60,MMP2/POSTN/CXCL12/FBLN1/PLXND1/COL1A1/FXYD5/TNC/DLC1/LGALS1/BMP4/JAM3/LRRC32/GBP1/FZD7/FZD4/ANGPT1/HSPG2/PDE5A/PLXNC1/BMP2/ABL1/CASK/ACVRL1/PODXL/CYP1B1/MUC1/PIK3R1/CD69/LPXN/HFE/FGL2/HLX/SEMA6A/ARHGAP6/ZNF703/GCNT2/MELTF/IL4R/PTPN22/PRKG1/APOD/RUNX3/FAM107A/ANGPT2/MDK/CCL21/PTPRC/VSIG4/PLXNA1/CD86/RGCC/SERPINE2/HAVCR2/LAPTM5/SERPINE1/PLA2G5/PDCD1LG2/THBS1/GPNMB
C1,Up,GO_BP,GO:0060348,bone development,49/1323,212/16355,1.1715580535238344e-11,1.0649314870407508e-9,7.825401517050088e-10,49,TGFBR2/PDGFC/COL3A1/DDR2/PAPSS2/COL1A1/SLC9B2/SH3PXD2B/ENG/FBN1/CSGALNACT1/MEF2C/BMP4/OSR2/NPR2/DCHS1/TWIST1/COL6A1/RUNX2/LEPR/NOTCH2/BMP2/TEK/AXIN2/OGN/TGFB3/PITX2/CYP26B1/TMEM38B/CBS/PTGER4/COL13A1/PTPRC/CITED2/LOX/RGN/MSX1/TNN/RFLNB/SOX9/TYROBP/IGF1/FGF18/SERPINH1/ZBTB16/HAS2/BGN/TMEM119/COMP
C1,Up,GO_BP,GO:0050678,regulation of epithelial cell proliferation,69/1323,361/16355,1.1762866204426555e-11,1.0649314870407508e-9,7.825401517050088e-10,69,CXCL12/PRKD1/DAB2/ZEB1/ENG/MEF2C/FLT1/AKT3/BMP4/SAV1/PTPRK/OSR2/FZD7/TWIST1/GATA2/ANG/RUNX2/GPC3/HSPG2/AGTR1/JCAD/NOTCH2/TEK/ITGA4/PPARG/CASK/SERPINF1/ACVRL1/AR/NRP1/LIMS2/MMRN2/THBS4/HLX/LAMC1/PTN/ZNF703/TIE1/TACR1/PTPRM/FGFR1/RUNX3/PPP1R16B/MDK/FGF2/SOX2/F3/RGN/CCL5/RGCC/TGFBR3/SOX9/ST8SIA1/BCL11B/CCL2/IGF1/ALOX5/EFNB2/TGFBR1/PROX1/PRKCA/SCG2/IGF2/HAS2/LRG1/SFRP2/THBS1/WNT5A/GATA3
C1,Up,GO_BP,GO:0003018,vascular process in circulatory system,57/1323,271/16355,1.4868625834458193e-11,1.3240389431602772e-9,9.729392435593696e-10,57,MMP2/EDNRA/FERMT2/ZEB2/DOCK4/ADD3/PTPRJ/SLC8A1/AKAP12/ACTA2/SVEP1/GUCY1A1/ANGPT1/F2R/ITGA1/LEPR/AGTR1/ABCB1/TEK/ITGA4/ABL1/ABCG2/SLC44A1/SLC2A10/ABCC4/SOD3/CLDN5/KCNJ8/SLC1A1/SLC6A6/SLCO2B1/ADRA2A/PDE3A/GCH1/KLF2/TACR1/PRKG1/PLVAP/CBS/SOD2/ATP1A2/ATP8A1/SLC16A1/ABCC1/CYSLTR1/AVPR1A/SLC16A2/PDE2A/SLC2A3/SLC16A7/ITGA9/DDAH1/PLOD3/SLC38A5/CDH5/ABCC9/COMP
C1,Up,GO_BP,GO:0030199,collagen fibril organization,26/1323,71/16355,1.586270732628214e-11,1.3758030291250722e-9,1.0109768790098196e-9,26,COL3A1/COL14A1/DDR2/COL1A1/AEBP1/TNXB/DPT/COL6A1/ADAMTS2/COL1A2/FMOD/CYP1B1/EFEMP2/LOXL2/COL5A1/PXDN/LOX/FKBP10/LUM/TGFBR1/SERPINH1/PLOD3/P4HA1/COL11A1/SFRP2/COMP
C1,Up,GO_BP,GO:0097530,granulocyte migration,40/1323,153/16355,1.595647843057429e-11,1.3758030291250722e-9,1.0109768790098196e-9,40,IL1R1/PTPRJ/CSF1/JAM3/RAC2/ITGA1/CCL14/PECAM1/CXCL1/PREX1/CCL23/RARRES2/TNFAIP6/THBS4/CMKLR1/ITGB2/S100A9/C3AR1/FCER1G/PTGER4/MDK/CCL21/S100A8/CCL19/CCL18/CXCL2/CCL5/DPP4/CD99L2/ITGA9/SAA1/CCL2/CXCL8/CXCL6/PDE4B/SCG2/THBS1/CCL3/CCL3L1/CCL3L3
C1,Up,GO_BP,GO:0001837,epithelial to mesenchymal transition,43/1323,175/16355,2.565355202436442e-11,2.17734522806793e-9,1.5999715341511492e-9,43,TGFBR2/EDNRA/FERMT2/DAB2/GLIPR2/SDCBP/COL1A1/ENG/BMP4/TNXB/QKI/TWIST1/TGFB1I1/BMP2/AXIN2/TBX3/HEY2/EPHA3/TGFB3/FOXF2/ZNF703/GCNT2/LOXL2/FGFR1/IL6/MDK/MSX1/FLNA/RGCC/TGFBR3/PDPN/RFLNB/SOX9/OLFM1/IGF1/TGFBR1/HEY1/LDLRAD4/HAS2/LRG1/SFRP2/WNT5A/GATA3
C1,Up,GO_BP,GO:0050817,coagulation,52/1323,238/16355,2.6455006134084014e-11,2.2108245126206824e-9,1.6245730082663416e-9,52,SERPING1/COL3A1/PRRG1/PDGFRA/FBLN1/PAPSS2/TFPI/TLR4/RAB27A/F2RL2/PTPRJ/CD59/AXL/MYL9/SVEP1/ANXA5/ANGPT1/F2R/PLSCR1/ANO6/PROS1/PEAR1/TFPI2/ENPP4/LYN/MMRN1/ADRA2A/GAS6/PRKG1/PROCR/FCER1G/IL6/ANGPT2/RASA3/F3/IL6ST/FLNA/EMILIN2/GNA12/SERPINE2/PDPN/VWF/SAA1/PRKCA/TSPAN8/F13A1/SERPINE1/FAP/SERPINA1/THBS1/COMP/P2RY12
C1,Up,GO_BP,GO:0051896,regulation of phosphatidylinositol 3-kinase/protein kinase B signal transduction,56/1323,268/16355,2.947256072444932e-11,2.425681058412253e-9,1.7824553471628677e-9,56,PDGFC/FERMT2/PRKD1/PDGFRA/DDR2/MFHAS1/ENG/PDGFRB/PTPRJ/FLT1/PDGFD/IGFBP5/AXL/NTRK3/AKR1C3/TWIST1/ANGPT1/F2R/PRR5L/TEK/CCDC88A/IRS1/PROS1/PIK3AP1/ROR1/FN1/HCLS1/GAS6/RRAS/GCNT2/CAVIN3/FGFR1/PPP1R16B/GDF15/MAGI2/CCL21/FGF2/DIPK2A/LOX/FGR/CCL19/CCL5/MMP3/SERPINE2/RAMP3/IGF1/TGFBR1/NOX4/IGF2/CHI3L1/DCN/RCN3/THBS1/CCL3/P2RY12/GATA3
C1,Up,GO_BP,GO:0048762,mesenchymal cell differentiation,54/1323,255/16355,3.901299840846965e-11,3.162964288877719e-9,2.324230792850227e-9,54,TGFBR2/EDNRA/FERMT2/DAB2/GLIPR2/SDCBP/COL1A1/ENG/MEF2C/BMP4/TNXB/QKI/TWIST1/TGFB1I1/BMP2/AXIN2/NRP1/BCL2/TBX3/HEY2/FN1/EPHA3/TGFB3/PITX2/FOXF2/SEMA6A/SOX10/SEMA3A/SEMA3G/ZNF703/GCNT2/LOXL2/FGFR1/IL6/MDK/CITED2/MSX1/FLNA/RGCC/TGFBR3/PDPN/RFLNB/SOX9/OLFM1/FRZB/IGF1/TGFBR1/HEY1/LDLRAD4/HAS2/LRG1/SFRP2/WNT5A/GATA3
C1,Up,GO_BP,GO:0071674,mononuclear cell migration,50/1323,227/16355,4.6853708111842535e-11,3.7046898563004568e-9,2.7223052350769963e-9,50,MMP2/CXCL12/JAM2/EPS8/CD200/PTPRJ/FLT1/PDGFD/CSF1/JAM3/CD47/ICAM1/PECAM1/ITGA4/ABL1/ANO6/MSN/CD69/SIRPA/CCL23/LYN/RARRES2/GAS6/CMKLR1/AIF1/C3AR1/APOD/STK39/IL6/CORO1A/MDK/CCL21/IL27RA/CCL19/CCL5/CD99L2/CXCR4/GPR183/SAA1/CCL2/ALOX5/S1PR1/CH25H/CCR1/SERPINE1/THBS1/WNT5A/CCL3/P2RY12/GATA3
C1,Up,GO_BP,GO:0030282,bone mineralization,35/1323,126/16355,4.7058836539899025e-11,3.7046898563004568e-9,2.7223052350769963e-9,35,DDR2/SLC8A1/MEF2C/BMP4/ASPN/GPM6B/OSR2/TWIST1/SRGN/COL6A1/RUNX2/GPC3/BMP2/AXIN2/COL1A2/ANO6/PRICKLE1/PTN/TMEM38B/LOX/CLEC3B/FGR/ENPP1/CCN1/RFLNB/SOX9/IGF1/ALOX5/MGP/S1PR1/NELL1/CCR1/TMEM119/COMP/CCL3
C1,Up,GO_BP,GO:0007229,integrin-mediated signaling pathway,32/1323,109/16355,6.51797667981522e-11,4.989957200389965e-9,3.666754070203618e-9,32,ADAMTS1/NID1/COL3A1/FERMT2/PLPP3/LAMA2/PRKD1/CD47/ITGA8/ITGA1/FUT8/ITGA4/ABL1/NRP1/SLC2A10/LIMS2/COL16A1/FN1/ITGA10/TIMP1/ITGA7/CCN2/LAMC1/ITGAM/ITGB2/PTN/FGR/FLNA/ITGA9/ITGA5/ITGBL1/THY1
C1,Up,GO_BP,GO:0002040,sprouting angiogenesis,37/1323,140/16355,6.522219462954484e-11,4.989957200389965e-9,3.666754070203618e-9,37,RHOJ/VEGFC/CCBE1/RECK/FLT1/AKT3/BMP4/ADGRA2/PIK3R3/RSPO3/GATA2/ANGPT1/MEOX2/AGTR1/JCAD/TEK/ABL1/ACVRL1/NRP1/MMRN2/CLEC14A/PGF/SEMA6A/PARVA/STARD13/KLF2/LOXL2/PPP1R16B/SRPX2/FGF2/TNN/TGFBR3/ALOX5/EFNB2/ITGA5/BMPER/THBS1
C1,Up,GO_BP,GO:0090100,positive regulation of transmembrane receptor protein serine/threonine kinase signaling pathway,31/1323,104/16355,8.417885627582167e-11,6.316661960958211e-9,4.64165222772528e-9,31,TGFBR2/DAB2/ZEB2/SDCBP/ENG/BMP4/ITGA8/TGFB1I1/GPC3/FOXD1/NOTCH2/BMP2/ACVRL1/SLC2A10/ARK2C/TGFB3/HFE/TSC22D1/NPNT/CITED2/INHBA/MSX1/TGFBR3/CCN1/ZNF423/TGFBR1/MYOCD/CDH5/LRG1/BMPER/THBS1
C1,Up,GO_BP,GO:0060840,artery development,32/1323,110/16355,8.488886655926903e-11,6.316661960958211e-9,4.64165222772528e-9,32,TGFBR2/EDNRA/COL3A1/PLXND1/ENG/PDGFRB/AKT3/BMP4/PRRX1/MYLK/PKD2/ADGRF5/ACVRL1/NRP1/SLC2A10/SMAD6/HEY2/TFAP2B/PRICKLE1/EFEMP2/MDK/CITED2/LOX/PDE2A/FKBP10/EFNB2/TGFBR1/HEY1/PROX1/MYOCD/PRDM1/COMP
C1,Up,GO_BP,GO:0007599,hemostasis,51/1323,239/16355,1.0185514302522503e-10,7.476718066392194e-9,5.4940924943336176e-9,51,SERPING1/COL3A1/PRRG1/PDGFRA/FBLN1/PAPSS2/TFPI/TLR4/RAB27A/F2RL2/PTPRJ/CD59/AXL/MYL9/SVEP1/FLI1/ANXA5/F2R/PLSCR1/ANO6/PROS1/PEAR1/TFPI2/ENPP4/LYN/MMRN1/ADRA2A/GAS6/PRKG1/PROCR/FCER1G/IL6/RASA3/F3/IL6ST/FLNA/EMILIN2/GNA12/SERPINE2/PDPN/VWF/SAA1/PRKCA/TSPAN8/F13A1/SERPINE1/FAP/SERPINA1/THBS1/COMP/P2RY12
C1,Up,GO_BP,GO:0007596,blood coagulation,50/1323,232/16355,1.0706046348653821e-10,7.75403250211834e-9,5.697870561978286e-9,50,SERPING1/COL3A1/PRRG1/PDGFRA/FBLN1/PAPSS2/TFPI/TLR4/RAB27A/F2RL2/PTPRJ/CD59/AXL/MYL9/SVEP1/ANXA5/F2R/PLSCR1/ANO6/PROS1/PEAR1/TFPI2/ENPP4/LYN/MMRN1/ADRA2A/GAS6/PRKG1/PROCR/FCER1G/IL6/RASA3/F3/IL6ST/FLNA/EMILIN2/GNA12/SERPINE2/PDPN/VWF/SAA1/PRKCA/TSPAN8/F13A1/SERPINE1/FAP/SERPINA1/THBS1/COMP/P2RY12
C1,Up,GO_BP,GO:0031214,biomineral tissue development,42/1323,176/16355,1.1825802843765114e-10,8.452336979912119e-9,6.211003377224005e-9,42,HACD1/DDR2/COL1A1/SLC8A1/MEF2C/BMP4/ASPN/GPM6B/OSR2/TWIST1/SRGN/COL6A1/RUNX2/GPC3/BMP2/AXIN2/COL1A2/ANO6/HEY2/GAS6/PRICKLE1/PTN/TMEM38B/FGFR1/LOX/CLEC3B/FGR/ENPP1/CCN1/FAM20A/RFLNB/SOX9/IGF1/ALOX5/HEY1/MGP/S1PR1/NELL1/CCR1/TMEM119/COMP/CCL3
C1,Up,GO_BP,GO:0001936,regulation of endothelial cell proliferation,37/1323,143/16355,1.2701259334152933e-10,8.96016113027516e-9,6.58416615107422e-9,37,CXCL12/PRKD1/ENG/MEF2C/FLT1/AKT3/BMP4/GATA2/ANG/HSPG2/AGTR1/JCAD/TEK/ITGA4/PPARG/ACVRL1/NRP1/MMRN2/THBS4/TIE1/PTPRM/FGFR1/PPP1R16B/MDK/FGF2/F3/RGCC/CCL2/ALOX5/TGFBR1/PROX1/PRKCA/SCG2/IGF2/LRG1/THBS1/WNT5A
C1,Up,GO_BP,GO:0048844,artery morphogenesis,26/1323,77/16355,1.2977588617567996e-10,9.037725816747352e-9,6.64116275814006e-9,26,TGFBR2/EDNRA/COL3A1/ENG/PDGFRB/AKT3/BMP4/PRRX1/MYLK/PKD2/ADGRF5/ACVRL1/NRP1/HEY2/TFAP2B/EFEMP2/MDK/CITED2/FKBP10/EFNB2/TGFBR1/HEY1/PROX1/MYOCD/PRDM1/COMP
C1,Up,GO_BP,GO:0030278,regulation of ossification,33/1323,123/16355,4.550240425917713e-10,3.12872227766899e-8,2.2990688467794764e-8,33,DDR2/SLC8A1/MEF2C/BMP4/CSF1/GPM6B/OSR2/TWIST1/SRGN/RUNX2/BMP2/ANO6/BCL2/SMAD6/DKK1/PTN/TACR1/PTGER4/MDK/ENPP1/CCN1/RFLNB/SOX9/ALOX5/MGP/S1PR1/ZBTB16/NELL1/CCR1/TMEM119/COMP/WNT5A/CCL3
C1,Up,GO_BP,GO:0007015,actin filament organization,76/1323,451/16355,5.563280116462154e-10,3.777467199077803e-8,2.7757839738979592e-8,76,CXCL12/FERMT2/EPS8/RHOJ/ZEB2/ADD3/SH3KBP1/WIPF1/DLC1/KANK2/RHOBTB1/LIMCH1/CD47/SPTBN1/CNN3/CALD1/RAC2/TPM2/ANG/SVIL/KIRREL1/COTL1/CFL2/TMSB15B/SYNPO2/ABL1/LPAR1/CCDC88A/PREX1/NRP1/BCL2/NOSTRIN/PIK3R1/ENAH/LMOD1/ARHGEF2/TGFB3/DPYSL3/RHOQ/CCN2/CDC42EP5/HCLS1/ARPC1B/PAK3/DBN1/AIF1L/GMFG/ARHGAP6/DNAI3/ELMO1/AIF1/TACR1/CDC42EP3/PTGER4/LIMA1/FAM107A/PLEKHH2/TPM1/CORO1A/GAS7/CCL21/MYO1D/MARCKSL1/SYNPO/ACTN1/LCP1/DAAM2/FLNA/RGCC/RFLNB/STMN1/TGFBR1/S1PR1/PROX1/IQGAP2/PLEKHG2
C1,Up,GO_BP,GO:0003205,cardiac chamber development,40/1323,171/16355,6.184090998715825e-10,4.1471583092622674e-8,3.047442893714153e-8,40,ADAMTS1/TGFBR2/EDNRA/PLXND1/ZFPM2/SLIT3/ENG/MEF2C/BMP4/SAV1/CPE/FHL2/NOTCH2/BMP2/TEK/ANK2/NRP1/SMAD6/TBX3/HEY2/KCNJ8/SMARCD3/PARVA/TPM1/CITED2/FZD1/PDE2A/TGFBR3/CCN1/RBP4/TGFBR1/HEY1/PROX1/COL11A1/MYOCD/HEG1/PRDM1/SFRP2/WNT5A/GATA3
C1,Up,GO_BP,GO:0033002,muscle cell proliferation,46/1323,214/16355,6.527470818554517e-10,4.3240514007790414e-8,3.17742867059804e-8,46,MMP2/ADAMTS1/DDR2/ZFPM2/TLR4/PDGFRB/MEF2C/PDGFD/BMP4/IGFBP5/SAV1/IGFBP3/CALCRL/ANGPT1/ANG/BMP2/ABL1/PPARG/PIK3R1/HEY2/PDE1A/OGN/TGFB3/EFEMP2/PPARGC1A/AIF1/TACR1/FGFR1/PRKG1/APOD/SOD2/IL6/ID2/TPM1/FGF2/DIPK2A/CITED2/CCL5/GNA12/TGFBR3/RBP4/IGF1/TGFBR1/S1PR1/MYOCD/THBS1
C1,Up,GO_BP,GO:0032970,regulation of actin filament-based process,67/1323,380/16355,8.711627181971145e-10,5.701392632827381e-8,4.189535862274518e-8,67,CXCL12/FERMT2/EPS8/PRKD1/PDGFRA/ZEB2/ADD3/PDGFRB/DLC1/CAMK2D/KANK2/LIMCH1/JAM3/ACTA2/CD47/GPM6B/SPTBN1/SVIL/KIRREL1/COTL1/PLN/CFL2/TMSB15B/SYNPO2/ANK2/ABL1/LPAR1/ARAP3/CCDC88A/PREX1/NRP1/PIK3R1/LMOD1/EPHA3/TGFB3/RHOQ/CCN2/CDC42EP5/HCLS1/PAK3/GMFG/ARHGAP6/DNAI3/TACR1/CDC42EP3/PTGER4/LIMA1/FAM107A/PLEKHH2/ATP1A2/TPM1/CORO1A/CCL21/SYNPO/DAAM2/FLNA/RGCC/PDPN/ARHGEF26/KCNJ2/STMN1/TGFBR1/S1PR1/PROX1/IQGAP2/PDE4B/PLEKHG2
C1,Up,GO_BP,GO:0032963,collagen metabolic process,30/1323,107/16355,8.821585420319315e-10,5.704625238473158e-8,4.191911267399855e-8,30,MMP2/CTSK/DDR2/COL1A1/LARP6/ENG/BMP4/TNXB/TNS2/MFAP4/F2R/COL6A1/MMP1/ADAMTS2/COL1A2/VIM/MMP27/MMP10/TGFB3/CYGB/COL5A1/IL6/INHBA/MMP3/RGCC/SERPINH1/PLOD3/RCN3/FAP/PCOLCE
C1,Up,GO_BP,GO:0010594,regulation of endothelial cell migration,41/1323,180/16355,8.928260325914632e-10,5.7056835400433274e-8,4.192688935711243e-8,41,ETS1/PLPP3/PRKD1/RHOJ/VEGFC/CCBE1/MEF2C/AKT3/ADGRA2/GATA2/ANGPT1/SCARB1/MEOX2/JCAD/TEK/ABL1/PPARG/SERPINF1/ANXA3/SMOC2/ACVRL1/NRP1/MMRN2/RRAS/STARD13/PTN/PTPRM/FGFR1/SRPX2/ANGPT2/FGF2/RGCC/TGFBR3/FGF18/PROX1/PRKCA/DCN/BMPER/THBS1/WNT5A/GATA3
C1,Up,GO_BP,GO:0034446,substrate adhesion-dependent cell spreading,29/1323,101/16355,9.086894662058801e-10,5.73953625631435e-8,4.217564817445162e-8,29,POSTN/FERMT2/FBLN1/DAB2/AXL/ANTXR1/GBP1/FZD7/FZD4/ITGA8/PEAK1/TEK/ITGA4/ABL1/PREX1/NRP1/PIK3R1/LIMS2/NTN4/FN1/LPXN/LAMC1/PARVA/MELTF/MDK/POPDC1/FLNA/PDPN/HAS2
C1,Up,GO_BP,GO:0006959,humoral immune response,56/1323,293/16355,1.0408048523341352e-9,6.498450526297726e-8,4.775235329765325e-8,56,CXCL12/SERPING1/CFH/CFHR1/C1S/C1R/C3/CD59/MEF2C/C1RL/SVEP1/CFHR2/RNASE4/ANG/A2M/IL7/NOTCH2/CCL14/MASP1/CXCL1/C7/BCL2/CCL23/RARRES2/S100A9/IL6/C1QB/CCL21/PTPRC/SLPI/CCL19/H2BC12/CCL18/C1QC/C1QA/CXCL2/VSIG4/CCL5/CFD/RGCC/CFB/GPR183/CCL2/CXCL8/ALOX5/CXCL6/TSLP/RNASE6/H2BC10/H2BC8/WFDC2/H2BC4/CCL3/CCL3L1/CCL3L3/GATA3
C1,Up,GO_BP,GO:0003206,cardiac chamber morphogenesis,33/1323,128/16355,1.395742267658006e-9,8.615536361270782e-8,6.330926649472677e-8,33,ADAMTS1/TGFBR2/EDNRA/ZFPM2/SLIT3/ENG/MEF2C/BMP4/SAV1/CPE/FHL2/NOTCH2/BMP2/TEK/NRP1/SMAD6/TBX3/HEY2/SMARCD3/PARVA/TPM1/CITED2/FZD1/TGFBR3/CCN1/RBP4/TGFBR1/HEY1/PROX1/COL11A1/HEG1/SFRP2/GATA3
C1,Up,GO_BP,GO:0003170,heart valve development,24/1323,74/16355,1.6935340384543124e-9,1.033626617627396e-7,7.595364960164107e-8,24,TGFBR2/ADAMTS5/SLIT3/MEF2C/BMP4/DCHS1/TWIST1/CDH11/NOTCH2/BMP2/AXIN2/SMAD6/TNFRSF1B/DKK1/HEY2/TIE1/NFATC1/PDE2A/CCN1/SOX9/OLFM1/HEY1/PRDM1/GATA3
C1,Up,GO_BP,GO:0045446,endothelial cell differentiation,31/1323,117/16355,2.1298440155976913e-9,1.2816568243981603e-7,9.417957286485203e-8,31,EDNRA/ZEB1/BMP4/CLIC4/ICAM1/FZD4/FSTL1/APOLD1/PECAM1/ACVRL1/NRP1/MSN/HEY2/CLDN5/AMOTL2/TIE1/PPP1R16B/GSTM3/SOX17/FZD1/ROBO4/PDE2A/CXCR4/PDPN/ARHGEF26/HEY1/S1PR1/PROX1/PLOD3/CDH5/HEG1
C1,Up,GO_BP,GO:0090092,regulation of transmembrane receptor protein serine/threonine kinase signaling pathway,53/1323,275/16355,2.1471055047907326e-9,1.2816568243981603e-7,9.417957286485203e-8,53,TGFBR2/DAB2/ZEB1/ZEB2/SDCBP/ENG/FBN1/BMP4/ASPN/GREM2/FSTL1/ITGA8/TGFB1I1/GPC3/FOXD1/NOTCH2/BMP2/ABL1/PPARG/ACVRL1/SLC2A10/CHRDL1/SMAD6/DKK1/PMEPA1/TFAP2B/ARK2C/TGFB3/HFE/TNFAIP6/FST/TSC22D1/ZNF703/GDF15/MAGI2/NPNT/CITED2/LOX/FZD1/INHBA/MSX1/TGFBR3/CCN1/ZNF423/TGFBR1/MYOCD/CDH5/LDLRAD4/LRG1/BMPER/SFRP2/THBS1/WNT5A
C1,Up,GO_BP,GO:0042063,gliogenesis,62/1323,347/16355,2.183679281904089e-9,1.2893202020981533e-7,9.474269836361905e-8,62,COL3A1/VCAN/PLPP3/LAMA2/PTPRB/ZEB2/VEGFC/TLR4/IL33/PTPRJ/TMEM98/CSF1/GPM6B/QKI/COL6A1/LEPR/PTPRZ1/BMP2/ABL1/LPAR1/VIM/PLP1/BNIP3/TNFRSF1B/ROR1/ID4/LYN/B4GALT6/SOX10/RRAS/KLF15/PTN/S100A9/IL6/ID2/MDK/FGF2/S100A8/CYSLTR1/SOX2/LAMC3/C1QA/IL6ST/TAL1/TUBA1A/PENK/DAAM2/MXRA8/TPPP/CXCR4/SERPINE2/SOX9/GPR183/APCDD1/CCL2/HAPLN1/GAP43/FGF5/CNTN1/CCL3/ANO1/P2RY12
C1,Up,GO_BP,GO:0071677,positive regulation of mononuclear cell migration,27/1323,93/16355,2.6281556737091313e-9,1.5350689913535484e-7,1.1280097696327138e-7,27,CXCL12/JAM2/PTPRJ/PDGFD/CSF1/JAM3/CD47/ITGA4/ABL1/ANO6/RARRES2/GAS6/CMKLR1/AIF1/C3AR1/STK39/CORO1A/MDK/CCL21/CCL5/CD99L2/CCR1/SERPINE1/THBS1/WNT5A/CCL3/P2RY12
C1,Up,GO_BP,GO:0002274,myeloid leukocyte activation,48/1323,239/16355,3.040703513936539e-9,1.7571384561386468e-7,1.2911923544061988e-7,48,TGFBR2/MFHAS1/TLR4/CD200/IL33/CSF1/SNCA/RAC2/GATA2/PLSCR1/NOTCH2/ADGRF5/ANXA3/LRRK2/CD93/PREX1/DOCK2/FN1/KCNJ8/LYN/LCP2/IL15/CD84/ITGAM/IL16/ITGB2/CNR1/IL4R/AIF1/PLA2G2A/FCER1G/IL13RA2/STK39/IL6/PTPRC/FGR/C1QA/VSIG4/CCL5/TYROBP/CXCL8/HAVCR2/CXCL6/TSLP/GRP/THBS1/WNT5A/CCL3
C1,Up,GO_BP,GO:0048660,regulation of smooth muscle cell proliferation,35/1323,146/16355,3.6349957802632322e-9,2.0784523240410395e-7,1.52730238213387e-7,35,MMP2/ADAMTS1/DDR2/TLR4/PDGFRB/MEF2C/PDGFD/BMP4/IGFBP5/IGFBP3/CALCRL/ANG/BMP2/PPARG/PIK3R1/PDE1A/OGN/TGFB3/EFEMP2/PPARGC1A/AIF1/TACR1/PRKG1/APOD/SOD2/IL6/ID2/TPM1/FGF2/CCL5/GNA12/IGF1/S1PR1/MYOCD/THBS1
C1,Up,GO_BP,GO:0048738,cardiac muscle tissue development,47/1323,233/16355,3.8269209526956374e-9,2.1653994390669484e-07,1.5911934487523966e-7,47,EDNRA/GJC1/COL14A1/PDGFRA/ZFPM2/ENG/PDGFRB/SLC8A1/MEF2C/BMP4/SAV1/FZD7/SGCD/FHL2/PLN/NOTCH2/BMP2/ABL1/IRX3/DKK1/TBX3/HEY2/KCNJ8/PRICKLE1/FGFR1/PRKG1/ID2/TPM1/MYH11/FGF2/DIPK2A/CITED2/MSX1/POPDC1/TGFBR3/RBP4/IGF1/EFNB2/TGFBR1/HEY1/S1PR1/PROX1/NOX4/COL11A1/MYOCD/SGCB/HEG1
C1,Up,GO_BP,GO:0014706,striated muscle tissue development,68/1323,402/16355,3.889141325715015e-9,2.1779191424004083e-7,1.6003932617592336e-7,68,EDNRA/GJC1/COL14A1/PDGFRA/ZFPM2/ENG/PDGFRB/SLC8A1/MEF2C/BMP4/SAV1/FZD7/TWIST1/COL6A1/SVIL/MEOX2/SGCD/FHL2/PLN/CFL2/NOTCH2/BMP2/PGM5/ABL1/BCL2/FOXN2/VAMP5/IRX3/EYA2/DKK1/TBX3/FLNB/HEY2/KCNJ8/CYP26B1/HLX/PRICKLE1/FGFR1/PRKG1/ID2/TPM1/MYH11/FGF2/DIPK2A/CITED2/LOX/MSX1/POPDC1/FOXL2/TGFBR3/RBP4/IGF1/HIVEP3/HOXD10/EFNB2/TGFBR1/HEY1/S1PR1/PROX1/NOX4/RBM24/COL11A1/MYOCD/SGCB/IGF2/HEG1/ABCC9/POPDC3
C1,Up,GO_BP,GO:0050679,positive regulation of epithelial cell proliferation,42/1323,199/16355,6.390759139140147e-9,3.542306494266253e-7,2.6029815956626674e-7,42,CXCL12/PRKD1/AKT3/BMP4/OSR2/FZD7/TWIST1/GATA2/ANG/RUNX2/HSPG2/AGTR1/JCAD/NOTCH2/TEK/ITGA4/ACVRL1/AR/NRP1/THBS4/HLX/LAMC1/PTN/ZNF703/TACR1/FGFR1/PPP1R16B/MDK/FGF2/F3/CCL5/SOX9/ST8SIA1/IGF1/TGFBR1/PROX1/PRKCA/SCG2/IGF2/HAS2/LRG1/WNT5A
C1,Up,GO_BP,GO:0150115,cell-substrate junction organization,28/1323,103/16355,6.822259722300165e-9,3.7353812879362814e-7,2.7448581202725336e-7,28,FERMT2/PTPRJ/DLC1/LIMCH1/PTPRK/GPM6B/TNS1/CDH11/PEAK1/TEK/ABL1/ACVRL1/NRP1/BCL2/PIK3R1/COL16A1/FN1/EPHA3/LAMC1/PRICKLE1/ARHGAP6/APOD/FAM107A/ACTN1/WDPCP/ITGA5/THBS1/THY1
C1,Up,GO_BP,GO:0007159,leukocyte cell-cell adhesion,69/1323,416/16355,6.877009691121966e-9,3.7353812879362814e-7,2.7448581202725336e-7,69,TGFBR2/CXCL12/JAM2/ETS1/FYN/LGALS1/BMP4/LRRC32/VCAM1/CD47/ICAM1/RAC2/IL7/PDE5A/PECAM1/ITGA4/ABL1/MSN/CD69/SIRPA/SELE/LYN/IL7R/SMARCD3/HFE/SLC39A8/IL15/FGL2/FOXO3/HLX/ITGB2/ADA/S100A9/IL4R/AIF1/PTPN22/RUNX3/IL6/CORO1A/NT5E/MDK/CCL21/PTPRC/S100A8/CCL19/VSIG4/IL6ST/CCL5/CD86/DPP4/CCL2/IGF1/ALOX5/HAVCR2/EFNB2/HLA-DPB1/ZBTB16/LAPTM5/ITGA5/IGF2/HAS2/PLA2G5/LRG1/PDCD1LG2/HLA-DMA/GPNMB/THY1/HLA-DRB3/GATA3
C1,Up,GO_BP,GO:0051146,striated muscle cell differentiation,54/1323,292/16355,6.945388624476518e-9,3.7353812879362814e-7,2.7448581202725336e-7,54,JAM2/COL14A1/PRKD1/PDGFRA/ADAMTS5/PDGFRB/SLC8A1/MEF2C/BMP4/PIEZO1/IGFBP5/MYL9/FZD7/MYEF2/COL6A1/PLEKHO1/SGCD/FHL2/CFL2/BMP2/PGM5/BCL2/DOCK2/ATP11A/KRT19/IRX3/DKK1/TBX3/HEY2/LMOD1/KCNJ8/CYP26B1/PRICKLE1/IL4R/PRKG1/GDF15/TPM1/MYH11/LDB3/AVPR1A/MSX1/POPDC1/IGF1/CD53/EFNB2/PROX1/NOX4/RBM24/MYOCD/SGCB/IGF2/CEACAM5/TMEM119/POPDC3
C1,Up,GO_BP,GO:0048659,smooth muscle cell proliferation,35/1323,150/16355,7.748043735156167e-9,4.126213095036108e-7,3.032051789856779e-7,35,MMP2/ADAMTS1/DDR2/TLR4/PDGFRB/MEF2C/PDGFD/BMP4/IGFBP5/IGFBP3/CALCRL/ANG/BMP2/PPARG/PIK3R1/PDE1A/OGN/TGFB3/EFEMP2/PPARGC1A/AIF1/TACR1/PRKG1/APOD/SOD2/IL6/ID2/TPM1/FGF2/CCL5/GNA12/IGF1/S1PR1/MYOCD/THBS1
C1,Up,GO_BP,GO:0002688,regulation of leukocyte chemotaxis,31/1323,123/16355,7.879836199194074e-9,4.155657304274001e-7,3.053688182661618e-7,31,CXCL12/VEGFC/PTPRJ/CSF1/JAM3/RAC2/ANO6/LYN/PGF/RARRES2/TNFAIP6/THBS4/GAS6/CMKLR1/PTN/AIF1/C3AR1/STK39/IL6/MDK/CCL21/CCL19/CCL5/DPP4/CCL2/CXCL8/CCR1/SERPINE1/THBS1/WNT5A/CCL3
C1,Up,GO_BP,GO:0006956,complement activation,20/1323,57/16355,8.266026209321564e-9,4.3174090739456476e-7,3.1725477111080335e-7,20,SERPING1/CFH/CFHR1/C1S/C1R/C3/CD59/C1RL/SVEP1/CFHR2/A2M/MASP1/C7/C1QB/C1QC/C1QA/VSIG4/CFD/RGCC/CFB
C1,Up,GO_BP,GO:0014911,positive regulation of smooth muscle cell migration,17/1323,42/16355,8.895695655168622e-9,4.602039885607234e-7,3.3817020475588385e-7,17,ADAMTS1/POSTN/DDR2/DOCK4/TLR4/PDGFRB/PDGFD/IGFBP5/LPAR1/NRP1/BCL2/CYP1B1/AIF1/MDK/CCL5/IGF1/HAS2
C1,Up,GO_BP,GO:0071675,regulation of mononuclear cell migration,34/1323,144/16355,9.177016523301918e-9,4.702788090054341e-7,3.455734523968309e-7,34,CXCL12/JAM2/CD200/PTPRJ/PDGFD/CSF1/JAM3/CD47/ITGA4/ABL1/ANO6/MSN/CD69/LYN/RARRES2/GAS6/CMKLR1/AIF1/C3AR1/APOD/STK39/CORO1A/MDK/CCL21/IL27RA/CCL5/CD99L2/CCL2/CCR1/SERPINE1/THBS1/WNT5A/CCL3/P2RY12
C1,Up,GO_BP,GO:0010717,regulation of epithelial to mesenchymal transition,29/1323,111/16355,9.900244752493674e-9,5.025993410798658e-7,3.6932344418549934e-7,29,TGFBR2/FERMT2/DAB2/GLIPR2/SDCBP/COL1A1/ENG/BMP4/TNXB/QKI/TWIST1/TGFB1I1/BMP2/AXIN2/EPHA3/TGFB3/ZNF703/GCNT2/LOXL2/IL6/MDK/RGCC/PDPN/OLFM1/TGFBR1/LDLRAD4/LRG1/SFRP2/GATA3
C1,Up,GO_BP,GO:0045667,regulation of osteoblast differentiation,32/1323,131/16355,1.0342720172858338e-8,5.202005183237638e-7,3.8225726018985206e-7,32,IFITM1/FERMT2/PRKD1/DDR2/VEGFC/MEF2C/BMP4/IGFBP5/RORB/CTHRC1/TWIST1/RUNX2/BMP2/AXIN2/PPARG/ID3/SMAD6/TNFAIP6/DNAI3/IL6/NPNT/FGF2/FZD1/IL6ST/RASSF2/TNN/CCN1/SOX9/IGF1/NELL1/SFRP2/TMEM119
C1,Up,GO_BP,GO:0042327,positive regulation of phosphorylation,73/1323,456/16355,1.1816182959950704e-8,5.888578517289195e-7,4.3270850588250197e-7,73,FERMT2/FYN/PLPP3/DDR2/C3/CCND2/DAB2/SDCBP/VEGFC/TLR4/GRB10/FBN1/PDGFRB/PTPRJ/FLT1/BMP4/LIMCH1/PIK3R3/SNCA/NTRK3/FZD7/ANGPT1/ANG/ENPP2/GFRA1/LEPR/PDE5A/BMP2/TEK/AXIN2/PECAM1/ABL1/CCDC88A/AR/LRRK2/NRP1/NIBAN1/TCIM/ARHGEF2/CLIP3/MMD/LYN/LCP2/RARRES2/FAXDC2/IL15/HCLS1/THBS4/ADRA2A/GAS6/FGFR1/IL6/FGF2/DIPK2A/PTPRC/CCL19/RASSF2/CCL5/CEMIP/RGCC/CCN1/FAM20A/IGF1/FGF18/PROX1/ITGA5/NOX4/CHI3L1/SFRP2/THBS1/GPNMB/TMEM119/WNT5A
C1,Up,GO_BP,GO:0002690,positive regulation of leukocyte chemotaxis,26/1323,93/16355,1.2385254503357695e-8,6.116063860203545e-7,4.494247375763864e-7,26,CXCL12/VEGFC/PTPRJ/CSF1/RAC2/ANO6/PGF/RARRES2/THBS4/GAS6/CMKLR1/PTN/AIF1/C3AR1/STK39/IL6/MDK/CCL21/CCL19/CCL5/CXCL8/CCR1/SERPINE1/THBS1/WNT5A/CCL3
C1,Up,GO_BP,GO:0045444,fat cell differentiation,46/1323,234/16355,1.3022536736237295e-8,6.372830590201891e-7,4.682926439432131e-7,46,FERMT2/MEDAG/PDGFRA/ZFPM2/NEGR1/SAV1/NPR2/RUNX1T1/GRK5/GATA2/LMO3/TGFB1I1/BMP2/AXIN2/TRIO/ADGRF5/PPARG/BNIP3/SMAD6/ID4/TFAP2B/LPL/KCNJ8/CCDC3/CLIP3/RARRES2/CMKLR1/TRIB2/PPARGC1A/ARID5B/SOD2/IL6/ID2/STEAP4/SULT1E1/INHBB/EBF2/ENPP1/FRZB/ALOX5/ARL4A/ZBTB16/WIF1/LRG1/SFRP2/WNT5A
C1,Up,GO_BP,GO:0022407,regulation of cell-cell adhesion,77/1323,493/16355,1.4114510787351746e-8,6.845537731865596e-7,5.030284295642653e-7,77,TGFBR2/CXCL12/ETS1/FYN/PLPP3/FXYD5/LGALS1/BMP4/PIEZO1/LRRC32/VCAM1/CD47/ZDHHC2/IL7/PDE5A/BMP2/ITGA4/ABL1/PODXL/CD69/SIRPA/SELE/LYN/IL7R/SMARCD3/HFE/MMRN1/IL15/FGL2/FOXO3/HLX/ITGB2/ADA/ZNF703/GCNT2/IL4R/AIF1/PTPN22/PRKG1/RUNX3/IL6/CORO1A/MDK/CCL21/PTPRC/CITED2/SOX2/CCL19/VSIG4/IL6ST/CCL5/CD86/DPP4/RGCC/EMILIN2/SERPINE2/PDPN/CCL2/IGF1/ALOX5/HAVCR2/EFNB2/HLA-DPB1/PRKCA/ZBTB16/LAPTM5/CEACAM6/IGF2/HAS2/PLA2G5/PDCD1LG2/HLA-DMA/GPNMB/THY1/HLA-DRB3/WNT5A/GATA3
C1,Up,GO_BP,GO:0070167,regulation of biomineral tissue development,27/1323,100/16355,1.4829665495268855e-8,7.123600004784019e-7,5.234611894066546e-7,27,DDR2/SLC8A1/MEF2C/BMP4/ASPN/GPM6B/OSR2/TWIST1/SRGN/BMP2/ANO6/HEY2/GAS6/PTN/ENPP1/CCN1/RFLNB/SOX9/ALOX5/HEY1/MGP/S1PR1/NELL1/CCR1/TMEM119/COMP/CCL3
C1,Up,GO_BP,GO:0001649,osteoblast differentiation,46/1323,235/16355,1.4950117830364106e-8,7.123600004784019e-7,5.234611894066546e-7,46,IFITM1/VCAN/FERMT2/PRKD1/DDR2/PTPRB/VEGFC/COL1A1/TNC/MEF2C/BMP4/IGFBP5/RORB/IGFBP3/CTHRC1/TWIST1/COL6A1/RUNX2/FHL2/BMP2/AXIN2/PPARG/SND1/ID3/SMAD6/ID4/TNFAIP6/DNAI3/IL6/NPNT/FGF2/LOX/SOX2/FZD1/IL6ST/RASSF2/PENK/TNN/CCN1/SOX9/IGF1/NELL1/IGF2/SFRP2/TMEM119/CCL3
C1,Up,GO_BP,GO:0003158,endothelium development,33/1323,140/16355,1.5802352916255955e-8,7.464207047052378e-7,5.484899062557674e-7,33,EDNRA/ZEB1/SLC40A1/BMP4/CLIC4/ICAM1/FZD4/FSTL1/APOLD1/PECAM1/ACVRL1/NRP1/MSN/HEY2/CLDN5/AMOTL2/STARD13/TIE1/PPP1R16B/GSTM3/SOX17/FZD1/ROBO4/PDE2A/CXCR4/PDPN/ARHGEF26/HEY1/S1PR1/PROX1/PLOD3/CDH5/HEG1
C1,Up,GO_BP,GO:0002062,chondrocyte differentiation,29/1323,114/16355,1.8999167341758955e-8,8.896851465554711e-7,6.537644515421956e-7,29,TGFBR2/COL3A1/WNT2B/MEF2C/BMP4/OSR2/NPR2/MBOAT2/RUNX2/BMP2/AXIN2/ACVRL1/CCN2/CYTL1/SOX5/LOXL2/FGFR1/RUNX3/MDK/RFLNB/SOX9/EFEMP1/FGF18/TGFBR1/SERPINH1/ZBTB16/COL11A1/SFRP2/COMP
C1,Up,GO_BP,GO:0001938,positive regulation of endothelial cell proliferation,26/1323,95/16355,2.0122314962489637e-8,9.342257681730231e-7,6.864940921076087e-7,26,CXCL12/PRKD1/AKT3/BMP4/GATA2/ANG/HSPG2/AGTR1/JCAD/TEK/ITGA4/ACVRL1/NRP1/THBS4/FGFR1/PPP1R16B/MDK/FGF2/F3/TGFBR1/PROX1/PRKCA/SCG2/IGF2/LRG1/WNT5A
C1,Up,GO_BP,GO:0001667,ameboidal-type cell migration,45/1323,230/16355,2.172878995596197e-8,9.927015355152688e-7,7.294636506228004e-7,45,TGFBR2/EDNRA/DDR2/ZEB2/GLIPR2/PTPRG/KANK2/BMP4/AKAP12/ACTA2/TNS1/TWIST1/ENPP2/PRR5L/ARSB/GPC3/FUT8/ITGA4/NRP1/AMOTL1/FN1/AMOTL2/TIMP1/PITX2/SEMA6A/SOX10/ARID5B/SEMA3A/SEMA3G/CYGB/TACR1/CORO1A/SOX17/FGF2/CD248/DAAM2/AQP1/GNA12/SOX9/WDPCP/PROX1/HAS2/LRG1/THBS1/WNT5A
C1,Up,GO_BP,GO:0043534,blood vessel endothelial cell migration,31/1323,128/16355,2.1747327453298415e-8,9.927015355152688e-7,7.294636506228004e-7,31,ETS1/PRKD1/RHOJ/VEGFC/MEF2C/AKT3/PIK3R3/GATA2/ANGPT1/SCARB1/MEOX2/JCAD/ABL1/PPARG/ACVRL1/NRP1/CYP1B1/MMRN2/CLEC14A/STARD13/FGFR1/SRPX2/ANGPT2/FGF2/RGCC/TGFBR3/EFNB2/FGF18/PRKCA/CDH5/THBS1
C1,Up,GO_BP,GO:0050878,regulation of body fluid levels,63/1323,377/16355,2.3437313955181453e-8,1.0588561557386928e-6,7.780758357028763e-7,63,PRKACB/SERPING1/COL3A1/PRRG1/PDGFRA/FBLN1/PAPSS2/TFPI/TLR4/RAB27A/NEGR1/F2RL2/PTPRJ/CD59/SOCS2/AXL/MYL9/SVEP1/FLI1/ANXA5/F2R/PLSCR1/CDO1/ANO6/PROS1/PEAR1/TFPI2/ENPP4/LYN/MMRN1/ADRA2A/GAS6/PRICKLE1/ADA/PRKG1/PROCR/FCER1G/STK39/IL6/RASA3/F3/IL6ST/FLNA/AQP1/EMILIN2/GNA12/SERPINE2/PDPN/VWF/SAA1/NPR3/PRKCA/TSPAN8/F13A1/SERPINE1/HEG1/HAS2/FAP/SERPINA1/THBS1/COMP/ANO1/P2RY12
C1,Up,GO_BP,GO:0002009,morphogenesis of an epithelium,76/1323,490/16355,2.3770389488962046e-8,1.0588561557386928e-6,7.780758357028763e-7,76,MMP2/PRKACB/TGFBR2/EDNRA/FERMT2/COL4A1/PLXND1/VEGFC/WNT2B/ENG/TNC/DLC1/MEF2C/BMP4/IGFBP5/CSF1/CLIC4/FLRT3/CTHRC1/DCHS1/TWIST1/RSPO3/JHY/TGFB1I1/GPC3/FOXD1/PKD2/TEAD2/NOTCH2/BMP2/FRAS1/ABL1/ACVRL1/AR/NRP1/PODXL/BCL2/MSN/IRX3/NTN4/TBX3/MMRN2/ID4/FOXF2/FST/SOX10/STARD13/PRICKLE1/TIE1/CTSZ/COL5A1/FGFR1/SOX17/NPNT/MDK/FGF2/CITED2/PLXNA1/FLNA/CCN1/CXCR4/PDPN/IRX1/SOX9/WDPCP/FRZB/EFNB2/PROX1/PLOD3/ALDH1A3/NFATC4/ITGA5/LRG1/SFRP2/WNT5A/GATA3
C1,Up,GO_BP,GO:0010001,glial cell differentiation,49/1323,262/16355,2.3781379050095826e-8,1.0588561557386928e-6,7.780758357028763e-7,49,VCAN/PLPP3/LAMA2/ZEB2/TLR4/IL33/PTPRJ/TMEM98/GPM6B/QKI/COL6A1/PTPRZ1/BMP2/ABL1/LPAR1/VIM/PLP1/BNIP3/TNFRSF1B/ROR1/ID4/LYN/B4GALT6/SOX10/KLF15/PTN/S100A9/IL6/ID2/MDK/FGF2/S100A8/SOX2/LAMC3/C1QA/IL6ST/TAL1/TUBA1A/DAAM2/MXRA8/TPPP/CXCR4/SERPINE2/SOX9/HAPLN1/GAP43/FGF5/CNTN1/ANO1
C1,Up,GO_BP,GO:0007044,cell-substrate junction assembly,26/1323,96/16355,2.5497467783840713e-8,1.126034512209941e-6,8.274402895705947e-7,26,FERMT2/PTPRJ/DLC1/LIMCH1/PTPRK/GPM6B/TNS1/CDH11/PEAK1/TEK/ABL1/ACVRL1/NRP1/BCL2/COL16A1/FN1/EPHA3/LAMC1/ARHGAP6/APOD/FAM107A/ACTN1/WDPCP/ITGA5/THBS1/THY1
C1,Up,GO_BP,GO:0035904,aorta development,21/1323,66/16355,2.571001548744866e-8,1.1262645494179123e-6,8.27609327066259e-7,21,TGFBR2/EDNRA/COL3A1/PLXND1/ENG/PDGFRB/MYLK/PKD2/ACVRL1/SMAD6/HEY2/TFAP2B/PRICKLE1/EFEMP2/LOX/PDE2A/FKBP10/EFNB2/HEY1/PROX1/PRDM1
C1,Up,GO_BP,GO:0006909,phagocytosis,45/1323,232/16355,2.8542054996153216e-8,1.2403235419128342e-6,9.114229266982146e-7,45,SRPX/CD302/FYN/C3/TLR4/RAB27A/PTPRJ/GULP1/AXL/CD47/RAB31/GATA2/SCARB1/LEPR/PLSCR1/PECAM1/ABL1/ANXA3/CD93/ANO6/DOCK2/PTX3/PEAR1/SIRPA/LYN/IL15/ITGAM/GAS6/ITGB2/ELMO1/AIF1/FCER1G/CORO1A/MSR1/PTPRC/FGR/PIP4P2/ABCA1/MFGE8/TYROBP/CCL2/CD14/FCGR2A/PLA2G5/THBS1
C1,Up,GO_BP,GO:0003179,heart valve morphogenesis,20/1323,61/16355,3.111522894104e-8,1.3414120921248357e-6,9.857054982825706e-7,20,TGFBR2/ADAMTS5/SLIT3/MEF2C/BMP4/DCHS1/TWIST1/CDH11/NOTCH2/BMP2/AXIN2/SMAD6/HEY2/TIE1/NFATC1/CCN1/SOX9/OLFM1/HEY1/GATA3
C1,Up,GO_BP,GO:0032956,regulation of actin cytoskeleton organization,58/1323,338/16355,3.24343041542457e-8,1.387268820203643e-6,1.0194022490915847e-6,58,CXCL12/FERMT2/EPS8/PRKD1/PDGFRA/ADD3/PDGFRB/DLC1/KANK2/LIMCH1/JAM3/CD47/GPM6B/SPTBN1/SVIL/KIRREL1/COTL1/CFL2/TMSB15B/SYNPO2/ABL1/LPAR1/ARAP3/CCDC88A/PREX1/NRP1/PIK3R1/LMOD1/EPHA3/TGFB3/RHOQ/CCN2/CDC42EP5/HCLS1/PAK3/GMFG/ARHGAP6/DNAI3/TACR1/CDC42EP3/PTGER4/LIMA1/FAM107A/PLEKHH2/TPM1/CORO1A/CCL21/SYNPO/DAAM2/FLNA/RGCC/ARHGEF26/STMN1/TGFBR1/S1PR1/PROX1/IQGAP2/PLEKHG2
C1,Up,GO_BP,GO:0061437,renal system vasculature development,14/1323,31/16355,3.424004482179084e-8,1.4417978563718436e-6,1.0594716439349723e-6,14,EDNRA/PDGFRA/PDGFRB/PDGFD/BMP4/ACTA2/ANGPT1/PKD2/NOTCH2/TEK/PECAM1/NRP1/ANGPT2/AQP1
C1,Up,GO_BP,GO:0061440,kidney vasculature development,14/1323,31/16355,3.424004482179084e-8,1.4417978563718436e-6,1.0594716439349723e-6,14,EDNRA/PDGFRA/PDGFRB/PDGFD/BMP4/ACTA2/ANGPT1/PKD2/NOTCH2/TEK/PECAM1/NRP1/ANGPT2/AQP1
C1,Up,GO_BP,GO:0007179,transforming growth factor beta receptor signaling pathway,42/1323,211/16355,3.8189486447198914e-8,1.5957330029321884e-6,1.1725873085650065e-6,42,TGFBR2/COL3A1/FERMT2/DAB2/ZEB1/ZEB2/SDCBP/ENG/FBN1/LRRC32/LTBP2/ASPN/PTPRK/ITGA8/TGFB1I1/FUT8/BMP2/COL1A2/PPARG/ACVRL1/FMOD/SLC2A10/SMAD6/PMEPA1/CLDN5/LPXN/TGFB3/SMAD9/TSC22D1/ZNF703/GCNT2/GDF15/NPNT/CITED2/LOX/TGFBR3/TGFBR1/MYOCD/CDH5/LDLRAD4/LRG1/THBS1
C1,Up,GO_BP,GO:0050867,positive regulation of cell activation,63/1323,382/16355,3.891125489186899e-8,1.6134804318521553e-6,1.1856285942142806e-6,63,TGFBR2/FYN/DDR2/TLR4/SH3KBP1/IL33/PTPRJ/MEF2C/LGALS1/AXL/VCAM1/ACTA2/CD47/SVEP1/IL7/ABL1/LRRK2/BCL2/PEAR1/SIRPA/LYN/IL7R/SMARCD3/IL15/FOXO3/HLX/GAS6/IL16/ADA/IL4R/AIF1/TACR1/RUNX3/IL6/CORO1A/MDK/CCL21/PTPRC/CCL19/IL6ST/CCL5/CD86/DPP4/FLNA/GPR183/TYROBP/CCL2/IGF1/HAVCR2/TOX/EFNB2/HLA-DPB1/TSLP/ZBTB16/IGF2/PDCD1LG2/HLA-DMA/THBS1/THY1/HLA-DRB3/WNT5A/CCL3/GATA3
C1,Up,GO_BP,GO:0007266,Rho protein signal transduction,32/1323,138/16355,3.943001210003088e-8,1.6226047403588463e-6,1.1923333802497375e-6,32,DOCK10/COL3A1/EPS8/RHOJ/DOCK11/DLC1/KANK2/RHOBTB1/F2R/AGTR1/TEK/COL1A2/ABL1/LPAR1/LRRK2/NRP1/ARHGAP29/ARHGEF2/ARHGAP20/CDC42EP5/ADRA2A/STARD13/ARHGAP6/TAGAP/MCF2L/CDC42EP3/PRAG1/ABCA1/GNA12/PDPN/STMN1/HEG1
C1,Up,GO_BP,GO:0022409,positive regulation of cell-cell adhesion,57/1323,332/16355,4.180590469838911e-8,1.7074411603131552e-6,1.2546734516524851e-6,57,TGFBR2/ETS1/FYN/PLPP3/LGALS1/PIEZO1/VCAM1/CD47/IL7/ITGA4/ABL1/PODXL/SIRPA/SELE/LYN/IL7R/SMARCD3/MMRN1/IL15/FOXO3/HLX/ITGB2/ADA/GCNT2/IL4R/AIF1/RUNX3/IL6/CORO1A/MDK/CCL21/PTPRC/CITED2/SOX2/CCL19/IL6ST/CCL5/CD86/DPP4/EMILIN2/PDPN/CCL2/IGF1/ALOX5/HAVCR2/EFNB2/HLA-DPB1/ZBTB16/CEACAM6/IGF2/HAS2/PDCD1LG2/HLA-DMA/THY1/HLA-DRB3/WNT5A/GATA3
C1,Up,GO_BP,GO:0051145,smooth muscle cell differentiation,21/1323,68/16355,4.629706364004483e-8,1.876758579796444e-6,1.379092422019246e-6,21,EDNRA/ZEB1/ENG/MEF2C/BMP4/QKI/ITGA8/NOTCH2/TBX3/HEY2/SMARCD3/EFEMP2/SOD2/NPNT/NFATC1/SOX9/HEY1/NFATC4/MYOCD/SGCB/COMP
C1,Up,GO_BP,GO:0051147,regulation of muscle cell differentiation,32/1323,139/16355,4.7311330793328635e-8,1.903667769402675e-6,1.3988660145676584e-6,32,NID1/LAMA2/PRKD1/ZEB1/ENG/MEF2C/BMP4/PIEZO1/FZD7/NOTCH2/BMP2/BCL2/ATP11A/DKK1/HEY2/SMARCD3/CYP26B1/LAMC1/EFEMP2/SOD2/ID2/NFATC1/MSX1/IGF1/EFNB2/HEY1/PROX1/RBM24/MYOCD/IGF2/CEACAM5/TMEM119
C1,Up,GO_BP,GO:0030500,regulation of bone mineralization,23/1323,80/16355,4.800668952625741e-8,1.917443658136987e-6,1.4089889062195676e-6,23,DDR2/SLC8A1/MEF2C/BMP4/GPM6B/OSR2/TWIST1/SRGN/BMP2/ANO6/PTN/ENPP1/CCN1/RFLNB/SOX9/ALOX5/MGP/S1PR1/NELL1/CCR1/TMEM119/COMP/CCL3
C1,Up,GO_BP,GO:0010595,positive regulation of endothelial cell migration,28/1323,112/16355,4.99017771221461e-8,1.978587250565676e-6,1.4539188539929158e-6,28,ETS1/PLPP3/PRKD1/RHOJ/VEGFC/CCBE1/AKT3/ADGRA2/GATA2/ANGPT1/SCARB1/JCAD/TEK/ABL1/ANXA3/SMOC2/NRP1/RRAS/FGFR1/SRPX2/FGF2/TGFBR3/FGF18/PROX1/PRKCA/THBS1/WNT5A/GATA3
C1,Up,GO_BP,GO:0010811,positive regulation of cell-substrate adhesion,30/1323,126/16355,5.527518527652349e-8,2.175759466826635e-6,1.5988062743598553e-6,30,NID1/HACD1/FERMT2/FBLN1/DAB2/CCDC80/PTPRJ/CSF1/FBLN2/TEK/ABL1/PREX1/NRP1/ABI3BP/LIMS2/COL16A1/FN1/ECM2/RRAS/EFEMP2/NPNT/MDK/CCL21/FLNA/CCN1/ITGA5/CEACAM6/HAS2/COL8A1/THY1
C1,Up,GO_BP,GO:0045123,cellular extravasation,22/1323,75/16355,6.287179875021383e-8,2.4569756173464855e-6,1.805451426435523e-6,22,CXCL12/JAM2/IL1R1/PDGFD/JAM3/VCAM1/CD47/ICAM1/ITGA1/PECAM1/ITGA4/SIRPA/SELE/PLVAP/PTGER4/MDK/CCL21/IL27RA/CD99L2/LYVE1/CCL2/THY1
C1,Up,GO_BP,GO:0009612,response to mechanical stimulus,42/1323,215/16355,6.668206549010728e-8,2.5872641410161623e-6,1.9011909198382466e-6,42,MMP2/POSTN/CXCL12/FYN/MAP1B/DDR2/COL1A1/TLR4/ENG/IL33/TNC/SLC8A1/PIEZO1/COL6A1/PKD2/TXNIP/USP53/BNIP3/HABP4/PIEZO2/ITGAM/PTN/TACR1/PTGER4/ATP1A2/ANGPT2/MDK/FGF2/CITED2/TUBA1A/TLR8/PDE2A/AQP1/CXCR4/SERPINE2/SOX9/KCNJ2/MEIS2/COL11A1/CHI3L1/GAP43/THBS1
C1,Up,GO_BP,GO:0002691,regulation of cellular extravasation,16/1323,42/16355,6.770567675931981e-8,2.608349192600179e-6,1.916684779927889e-6,16,CXCL12/IL1R1/PDGFD/JAM3/CD47/ICAM1/ITGA4/SELE/PLVAP/PTGER4/MDK/CCL21/IL27RA/CD99L2/LYVE1/THY1
C1,Up,GO_BP,GO:0048880,sensory system development,66/1323,414/16355,7.02307625557648e-8,2.686573959175453e-6,1.9741664315156423e-6,66,MFAP5/TGFBR2/COL4A1/PDGFRA/C3/RHOJ/ZEB1/WNT2B/SH3PXD2B/FBN1/PDGFRB/FLT1/BMP4/THRB/CLIC4/OSR2/RORB/TWIST1/FZD4/NES/NOTCH2/MITF/SERPINF1/ACVRL1/VIM/NRP1/BCL2/CYP1B1/MFAP2/CHRDL1/TFAP2B/SMARCD3/PITX2/FOXF2/SLC1A1/ITGAM/PRICKLE1/SEMA3A/COL5A1/PTPRM/PXDN/FGF2/CITED2/SOX2/LAMC3/C1QA/INHBA/FOXL2/AQP1/SOX9/EFEMP1/WDPCP/BCL11B/NECTIN3/RBP4/TGFBR1/MEIS2/PROX1/ALDH1A3/COL8A2/PRDM1/COL8A1/THY1/WNT5A/P2RY12/GATA3
C1,Up,GO_BP,GO:0150063,visual system development,65/1323,407/16355,8.244419573209353e-8,3.1317263721449794e-6,2.3012763357828386e-6,65,MFAP5/TGFBR2/COL4A1/PDGFRA/C3/RHOJ/ZEB1/WNT2B/SH3PXD2B/FBN1/PDGFRB/FLT1/BMP4/THRB/CLIC4/OSR2/RORB/TWIST1/FZD4/NES/NOTCH2/MITF/SERPINF1/ACVRL1/VIM/NRP1/BCL2/CYP1B1/MFAP2/CHRDL1/TFAP2B/SMARCD3/PITX2/FOXF2/SLC1A1/ITGAM/PRICKLE1/COL5A1/PTPRM/PXDN/FGF2/CITED2/SOX2/LAMC3/C1QA/INHBA/FOXL2/AQP1/SOX9/EFEMP1/WDPCP/BCL11B/NECTIN3/RBP4/TGFBR1/MEIS2/PROX1/ALDH1A3/COL8A2/PRDM1/COL8A1/THY1/WNT5A/P2RY12/GATA3
C1,Up,GO_BP,GO:0048771,tissue remodeling,37/1323,179/16355,8.890534497481396e-8,3.3537071798832598e-6,2.4643937729860712e-6,37,MMP2/CTSK/EDNRA/DDR2/MEF2C/IGFBP5/AXL/NPR2/CTHRC1/RAC2/RSPO3/F2R/COL6A1/IL7/LEPR/NOTCH2/MITF/PPARG/ACVRL1/TIMP1/IL15/THBS4/PTN/TIE1/CBS/IL6/MDK/RASSF2/FLNA/PDK4/NPR3/S1PR1/PRKCA/NOX4/TNFRSF11B/GPNMB/TMEM119
C1,Up,GO_BP,GO:0060976,coronary vasculature development,17/1323,48/16355,9.285426233080565e-8,3.478512779178871e-6,2.556104266848748e-6,17,PLXND1/PDGFRB/BMP4/GPC3/SGCD/NRP1/SMAD6/HEY2/KCNJ8/DYNC2H1/PRICKLE1/FGF2/TGFBR3/TGFBR1/MYOCD/PRDM1/ABCC9
C1,Up,GO_BP,GO:0050680,negative regulation of epithelial cell proliferation,32/1323,143/16355,9.603449152508775e-8,3.5730093011251827e-6,2.625542839676516e-6,32,DAB2/ZEB1/ENG/MEF2C/FLT1/BMP4/SAV1/PTPRK/GPC3/PPARG/CASK/SERPINF1/ACVRL1/AR/LIMS2/MMRN2/PTPRM/RUNX3/SOX2/RGN/RGCC/TGFBR3/SOX9/CCL2/ALOX5/EFNB2/TGFBR1/SCG2/SFRP2/THBS1/WNT5A/GATA3
C1,Up,GO_BP,GO:0030593,neutrophil chemotaxis,23/1323,83/16355,1.01762825717743e-7,3.7603787027127885e-6,2.7632268895215284e-6,23,JAM3/RAC2/ITGA1/CXCL1/PREX1/TNFAIP6/THBS4/ITGB2/S100A9/C3AR1/FCER1G/MDK/CCL21/S100A8/CCL19/CXCL2/DPP4/ITGA9/SAA1/CXCL8/CXCL6/PDE4B/CCL3
C1,Up,GO_BP,GO:2000351,regulation of endothelial cell apoptotic process,18/1323,54/16355,1.13862012322257e-7,4.1790435873952704e-6,3.0708730492603026e-6,18,ICAM1/AKR1C3/GATA2/ANGPT1/TEK/ITGA4/ABL1/ANO6/FOXO3/GAS6/CD248/RGCC/CCL2/CDH5/SERPINE1/SCG2/THBS1/GATA3
C1,Up,GO_BP,GO:0003279,cardiac septum development,27/1323,110/16355,1.295797933922514e-7,4.7240096490383195e-6,3.4713286933480555e-6,27,TGFBR2/PLXND1/ZFPM2/SLIT3/ENG/BMP4/SAV1/NOTCH2/ANK2/NRP1/SMAD6/TBX3/HEY2/KCNJ8/PARVA/CITED2/FZD1/PDE2A/TGFBR3/CCN1/TGFBR1/HEY1/PROX1/HEG1/PRDM1/WNT5A/GATA3
C1,Up,GO_BP,GO:0035051,cardiocyte differentiation,33/1323,152/16355,1.3051836849396343e-7,4.726505184394729e-6,3.4731624795025218e-6,33,EDNRA/COL14A1/PDGFRA/PDGFRB/SLC8A1/MEF2C/BMP4/VCAM1/FZD7/TWIST1/SGCD/FHL2/BMP2/IRX3/DKK1/TBX3/HEY2/KCNJ8/PITX2/PRICKLE1/PRKG1/SOX17/MYH11/CITED2/INHBA/POPDC1/TGFBR3/IGF1/EFNB2/PROX1/NOX4/MYOCD/SGCB
C1,Up,GO_BP,GO:1905314,semi-lunar valve development,17/1323,49/16355,1.3152498199393786e-7,4.73141524629848e-6,3.476770524370947e-6,17,TGFBR2/ADAMTS5/SLIT3/BMP4/TWIST1/CDH11/NOTCH2/BMP2/AXIN2/SMAD6/TNFRSF1B/HEY2/TIE1/NFATC1/SOX9/HEY1/GATA3
C1,Up,GO_BP,GO:0022604,regulation of cell morphogenesis,45/1323,244/16355,1.3482343722243936e-7,4.818163888107175e-6,3.5405157475587955e-6,45,FERMT2/EPS8/FYN/PLXND1/RHOJ/SH3KBP1/DLC1/PALMD/FZD4/PALM2AKAP2/FMNL2/SYNE3/ENPP2/PLEKHO1/ATP10A/PLXNC1/LPAR1/MSN/FN1/EPB41L3/ITGA7/FMNL3/RHOQ/RNF157/CDC42EP5/DBN1/PARVA/ITGB2/FGD5/CDC42EP3/TPM1/CORO1A/FGR/PRAG1/PLXNA1/POPDC1/MYH10/GNA12/CXCR4/PDPN/WDPCP/CCL2/COCH/WNT5A/CCL3
C1,Up,GO_BP,GO:0070098,chemokine-mediated signaling pathway,24/1323,91/16355,1.508280696441937e-7,5.354889374557256e-6,3.934915996496611e-6,24,CXCL12/SLIT3/ACKR4/CCL14/CXCL1/ACKR1/CCL23/LYN/CMKLR1/STK39/CCL21/CCL19/CCL18/CXCL2/CCL5/CXCR4/CCL2/CXCL8/CXCL6/ACKR3/CCR1/CCL3/CCL3L1/CCL3L3
C1,Up,GO_BP,GO:0048662,negative regulation of smooth muscle cell proliferation,18/1323,55/16355,1.565398376363499e-7,5.521587000263979e-6,4.057409872296916e-6,18,MEF2C/BMP4/IGFBP5/IGFBP3/ANG/BMP2/PPARG/OGN/TGFB3/EFEMP2/PPARGC1A/AIF1/PRKG1/APOD/SOD2/TPM1/GNA12/MYOCD
C1,Up,GO_BP,GO:1902903,regulation of supramolecular fiber organization,62/1323,388/16355,1.6075114727568843e-7,5.633549883880901e-6,4.139683195038442e-6,62,CXCL12/FERMT2/EPS8/PRKD1/MAP1B/AEBP1/ADD3/DLC1/KANK2/LIMCH1/TNXB/CD47/SNCA/SPTBN1/COL6A1/SVIL/HSPG2/KIRREL1/COTL1/CFL2/TMSB15B/SYNPO2/ABL1/LPAR1/CCDC88A/PREX1/NRP1/PIK3R1/LMOD1/MID1/ARHGEF2/CLIP3/TGFB3/CCN2/CDC42EP5/HCLS1/PAK3/CCDC88C/EFEMP2/GMFG/ARHGAP6/DNAI3/TACR1/CDC42EP3/PTGER4/LIMA1/PLEKHH2/TPM1/CORO1A/CCL21/SYNPO/MAP1A/DAAM2/FLNA/RGCC/NAV3/STMN1/TGFBR1/S1PR1/PROX1/CDH5/PLEKHG2
C1,Up,GO_BP,GO:0060395,SMAD protein signal transduction,23/1323,85/16355,1.6411743576666803e-7,5.714653276182953e-6,4.199280137835392e-6,23,TGFBR2/RBPMS/DAB2/ENG/BMP4/SPTBN1/RUNX2/BMP2/PPARG/ACVRL1/SMAD6/DKK1/PMEPA1/TGFB3/HFE/SMAD9/GDF15/MAGI2/INHBA/TGFBR3/TGFBR1/LDLRAD4/BMPER
C1,Up,GO_BP,GO:0001934,positive regulation of protein phosphorylation,67/1323,433/16355,1.7735946331955118e-7,6.136411495234407e-6,4.50919936243874e-6,67,FERMT2/FYN/PLPP3/DDR2/C3/CCND2/DAB2/VEGFC/TLR4/FBN1/PDGFRB/PTPRJ/FLT1/BMP4/LIMCH1/PIK3R3/SNCA/NTRK3/ANGPT1/ENPP2/GFRA1/LEPR/PDE5A/BMP2/TEK/AXIN2/PECAM1/ABL1/CCDC88A/LRRK2/NRP1/NIBAN1/TCIM/ARHGEF2/CLIP3/MMD/LYN/LCP2/RARRES2/FAXDC2/IL15/HCLS1/THBS4/ADRA2A/GAS6/FGFR1/IL6/FGF2/DIPK2A/PTPRC/CCL19/RASSF2/CEMIP/RGCC/CCN1/FAM20A/IGF1/FGF18/PROX1/ITGA5/NOX4/CHI3L1/SFRP2/THBS1/GPNMB/TMEM119/WNT5A
C1,Up,GO_BP,GO:0050918,positive chemotaxis,20/1323,67/16355,1.8063303626741153e-7,6.173009257716077e-6,4.536092377579134e-6,20,CXCL12/VEGFC/PTPRJ/BMP4/NTRK3/ANGPT1/NRP1/PGF/IL16/CORO1A/ANGPT2/FGF2/F3/CCL5/CXCL8/S1PR1/SCG2/GPNMB/WNT5A/CCL3
C1,Up,GO_BP,GO:0045807,positive regulation of endocytosis,33/1323,154/16355,1.806900721606878e-7,6.173009257716077e-6,4.536092377579134e-6,33,C3/DAB2/RAB27A/PTPRJ/AXL/CD47/SNCA/RAB31/GATA2/ANGPT1/GPC3/LRRK2/ANO6/DOCK2/PTX3/SIRPA/SELE/CLIP3/HFE/IL15/GAS6/FCER1G/MAGI2/CCL21/PTPRC/CCL19/CCL2/CD14/FCGR2A/SERPINE1/PLA2G5/NLGN1/WNT5A
C1,Up,GO_BP,GO:0003176,aortic valve development,16/1323,45/16355,2.082572998934022e-7,7.070335331381005e-6,5.195471586814349e-6,16,TGFBR2/ADAMTS5/SLIT3/BMP4/TWIST1/CDH11/BMP2/AXIN2/SMAD6/TNFRSF1B/HEY2/TIE1/NFATC1/SOX9/HEY1/GATA3
C1,Up,GO_BP,GO:1990266,neutrophil migration,26/1323,106/16355,2.2376335663328356e-7,7.549581075975132e-6,5.54763418341557e-6,26,IL1R1/JAM3/RAC2/ITGA1/PECAM1/CXCL1/PREX1/TNFAIP6/THBS4/ITGB2/S100A9/C3AR1/FCER1G/MDK/CCL21/S100A8/CCL19/CXCL2/DPP4/CD99L2/ITGA9/SAA1/CXCL8/CXCL6/PDE4B/CCL3
C1,Up,GO_BP,GO:0071772,response to BMP,34/1323,163/16355,2.336443446770364e-7,7.78623362138443e-6,5.721532806040181e-6,34,ENG/FBN1/BMP4/GREM2/FSTL1/RUNX2/GPC3/FOXD1/NOTCH2/BMP2/ABL1/PPARG/ACVRL1/CHRDL1/SMAD6/DKK1/TFAP2B/ARK2C/HFE/TNFAIP6/FST/SMAD9/FZD1/MSX1/TGFBR3/CCN1/SOX9/ZNF423/CDH5/BMPER/SFRP2/COMP/WNT5A/GATA3
C1,Up,GO_BP,GO:0071773,cellular response to BMP stimulus,34/1323,163/16355,2.336443446770364e-7,7.78623362138443e-6,5.721532806040181e-6,34,ENG/FBN1/BMP4/GREM2/FSTL1/RUNX2/GPC3/FOXD1/NOTCH2/BMP2/ABL1/PPARG/ACVRL1/CHRDL1/SMAD6/DKK1/TFAP2B/ARK2C/HFE/TNFAIP6/FST/SMAD9/FZD1/MSX1/TGFBR3/CCN1/SOX9/ZNF423/CDH5/BMPER/SFRP2/COMP/WNT5A/GATA3
C1,Up,GO_BP,GO:0048251,elastic fiber assembly,8/1323,11/16355,2.3753281410864915e-7,7.867550281940137e-6,5.781286464056467e-6,8,COL3A1/FBLN5/TNXB/MFAP4/THSD4/EFEMP2/MYH11/LOX
C1,Up,GO_BP,GO:0001952,regulation of cell-matrix adhesion,28/1323,120/16355,2.391101470247112e-7,7.871795870534735e-6,5.784406236157607e-6,28,POSTN/FERMT2/PTPRJ/DLC1/LIMCH1/CSF1/GPM6B/PEAK1/TEK/ABL1/CASK/ACVRL1/NRP1/BCL2/PIK3R1/COL16A1/EPHA3/RRAS/EFEMP2/ARHGAP6/APOD/FAM107A/CCL21/WDPCP/SERPINE1/CEACAM6/THBS1/THY1
C1,Up,GO_BP,GO:0048745,smooth muscle tissue development,12/1323,26/16355,2.4742385229500556e-7,8.09642388955705e-6,5.94946891504541e-6,12,COL3A1/ENG/BMP4/NPR2/MYLK/ITGA8/PKD2/TFAP2B/EFEMP2/TNN/SOX9/PROX1
C1,Up,GO_BP,GO:0032496,response to lipopolysaccharide,56/1323,341/16355,2.5522731403978825e-7,8.263285013143658e-6,6.072082933462668e-6,56,PTGFR/IRAK3/GBP2/PLSCR4/TLR4/MIR224/MEF2C/AXL/AKAP12/VCAM1/SNCA/LY96/SCARB1/F2R/COL6A1/CXCL1/ABL1/ADH5/VIM/FMO1/SMAD6/TNFRSF1B/SIRPA/CSF2RB/SELE/KCNJ8/LYN/MRC1/GCH1/CNR1/PTPN22/PTGER4/SOD2/IL6/S100A8/PTGER2/SLPI/IL10RA/CXCL2/ABCA1/PENK/CD86/MMP3/CD68/DIO2/CCL2/CXCL8/HAVCR2/CXCL6/PRKCA/CD14/PDE4B/SERPINE1/MAOB/PDCD1LG2/WNT5A
C1,Up,GO_BP,GO:1990868,response to chemokine,25/1323,100/16355,2.570867391791749e-7,8.263285013143658e-6,6.072082933462668e-6,25,CXCL12/SLIT3/ACKR4/CCL14/CXCL1/ACKR1/CCL23/LYN/CMKLR1/STK39/CCL21/LOX/CCL19/CCL18/CXCL2/CCL5/CXCR4/CCL2/CXCL8/CXCL6/ACKR3/CCR1/CCL3/CCL3L1/CCL3L3
C1,Up,GO_BP,GO:1990869,cellular response to chemokine,25/1323,100/16355,2.570867391791749e-7,8.263285013143658e-6,6.072082933462668e-6,25,CXCL12/SLIT3/ACKR4/CCL14/CXCL1/ACKR1/CCL23/LYN/CMKLR1/STK39/CCL21/LOX/CCL19/CCL18/CXCL2/CCL5/CXCR4/CCL2/CXCL8/CXCL6/ACKR3/CCR1/CCL3/CCL3L1/CCL3L3
C1,Up,GO_BP,GO:0035107,appendage morphogenesis,32/1323,149/16355,2.6176011190447397e-7,8.315093145409957e-6,6.110152935314037e-6,32,COL3A1/RECK/BMP4/PRRX1/OSR2/NPR2/TWIST1/COL6A1/RUNX2/GPC3/CIBAR1/NOTCH2/FRAS1/DKK1/TBX3/TFAP2B/ARK2C/CYP26B1/DYNC2H1/PRICKLE1/FGFR1/MAP3K20/AFF3/MSX1/GNA12/SOX9/WDPCP/HOXD10/ZBTB16/CRABP2/SFRP2/WNT5A
C1,Up,GO_BP,GO:0035108,limb morphogenesis,32/1323,149/16355,2.6176011190447397e-7,8.315093145409957e-6,6.110152935314037e-6,32,COL3A1/RECK/BMP4/PRRX1/OSR2/NPR2/TWIST1/COL6A1/RUNX2/GPC3/CIBAR1/NOTCH2/FRAS1/DKK1/TBX3/TFAP2B/ARK2C/CYP26B1/DYNC2H1/PRICKLE1/FGFR1/MAP3K20/AFF3/MSX1/GNA12/SOX9/WDPCP/HOXD10/ZBTB16/CRABP2/SFRP2/WNT5A
C1,Up,GO_BP,GO:0030510,regulation of BMP signaling pathway,26/1323,107/16355,2.7313768787054076e-7,8.626069305306845e-6,6.338666538586845e-6,26,ENG/FBN1/BMP4/GREM2/FSTL1/GPC3/FOXD1/NOTCH2/ABL1/PPARG/ACVRL1/CHRDL1/SMAD6/DKK1/TFAP2B/ARK2C/TNFAIP6/FST/FZD1/MSX1/CCN1/ZNF423/CDH5/BMPER/SFRP2/WNT5A
C1,Up,GO_BP,GO:0033631,cell-cell adhesion mediated by integrin,10/1323,18/16355,2.777552834795614e-7,8.721194796884264e-6,6.408567295129279e-6,10,PLPP3/PIEZO1/VCAM1/ITGA4/PODXL/ADA/NPNT/CCL5/DPP4/ITGA5
C1,Up,GO_BP,GO:0051149,positive regulation of muscle cell differentiation,20/1323,69/16355,3.080692494614253e-7,9.617426224565875e-6,7.067142129205836e-6,20,NID1/LAMA2/PRKD1/ENG/MEF2C/BMP4/PIEZO1/NOTCH2/BCL2/ATP11A/SMARCD3/CYP26B1/LAMC1/EFEMP2/SOD2/IGF1/EFNB2/PROX1/RBM24/MYOCD
C1,Up,GO_BP,GO:0003197,endocardial cushion development,17/1323,52/16355,3.5158412927440905e-7,1.0887337452281578e-5,8.000306879127927e-6,17,TGFBR2/ADAMTS5/ENG/BMP4/DCHS1/TWIST1/BMP2/ACVRL1/DKK1/TBX3/HEY2/CITED2/MSX1/SOX9/TGFBR1/HEY1/RBM24
C1,Up,GO_BP,GO:0045165,cell fate commitment,49/1323,285/16355,3.5361535313182913e-7,1.0887337452281578e-5,8.000306879127927e-6,49,EDNRA/WNT2B/MEF2C/LGALS1/BMP4/TNXB/PRRX1/FZD7/GATA2/RUNX2/ZNF521/TGFB1I1/IL7/NOTCH2/BMP2/MITF/PPARG/NRP1/BCL2/CD69/EYA2/DKK1/TBX3/HEY2/ARHGEF2/CYP26B1/SOX5/BHLHE22/FGFR1/IL6/ID2/SOX17/FGF2/SOX2/IL6ST/TAL1/EBF2/PDPN/SOX9/BCL11B/TOX/HOXD10/TGFBR1/PROX1/PRDM1/SFRP2/GAP43/WNT5A/GATA3
C1,Up,GO_BP,GO:0016055,Wnt signaling pathway,68/1323,450/16355,3.5476044349297487e-7,1.0887337452281578e-5,8.000306879127927e-6,68,NID1/RBMS3/EDNRA/FERMT2/PLPP3/DAB2/ZEB2/COL1A1/WNT2B/MIR224/GRB10/RECK/IGFBP4/ADGRA2/FZD7/CTHRC1/GRK5/FZD4/RSPO3/HHEX/COL6A1/CPE/BICC1/TGFB1I1/GPC3/FOXD1/PKD2/BMP2/MITF/AXIN2/ABL1/LRRK2/AMOTL1/DKK1/ROR1/DKK2/AMOTL2/ANKRD6/PRICKLE2/FOXO3/TBL1X/SOX10/TMEM237/CCDC88C/PRICKLE1/KLF15/CMAHP/SHISA2/ZNF703/SOX17/MAGI2/MDK/FGF2/SOX2/FZD1/CDK14/DACT1/DAAM2/TNN/SOX9/APCDD1/FRZB/SOX7/NFATC4/WIF1/SFRP2/WNT5A/GATA3
C1,Up,GO_BP,GO:0043535,regulation of blood vessel endothelial cell migration,25/1323,102/16355,3.865156030799843e-7,1.1795240201856599e-5,8.667458112828507e-6,25,ETS1/PRKD1/RHOJ/VEGFC/MEF2C/AKT3/GATA2/ANGPT1/MEOX2/JCAD/ABL1/PPARG/ACVRL1/NRP1/MMRN2/STARD13/FGFR1/SRPX2/ANGPT2/FGF2/RGCC/TGFBR3/FGF18/PRKCA/THBS1
C1,Up,GO_BP,GO:0030324,lung development,38/1323,197/16355,3.895715657204502e-7,1.1822082374265281e-5,8.68718245934694e-6,38,TGFBR2/COL3A1/PDGFRA/ZFPM2/WNT2B/FBN1/CCBE1/TNC/BMP4/IGFBP5/THRB/SAV1/COL6A1/GPC3/ADAMTS2/BMP2/CRISPLD2/TGFB3/CCN2/ADA/KLF2/TMEM38B/CTSZ/FGFR1/FGF2/HSD11B1/LOX/PDPN/SOX9/RBP4/FGF18/PROX1/PLOD3/MYOCD/HEG1/CHI3L1/RCN3/WNT5A
C1,Up,GO_BP,GO:0072006,nephron development,33/1323,159/16355,3.9533823000923576e-7,1.1930429252278714e-5,8.766798644415334e-6,33,NID1/EDNRA/PDGFRA/WNT2B/PDGFRB/MEF2C/PDGFD/BMP4/ACTA2/DCHS1/ANGPT1/GPC3/FOXD1/PKD2/NOTCH2/BMP2/TEK/PECAM1/PODXL/BCL2/IRX3/TFAP2B/KLF15/MAGI2/NPNT/ANGPT2/ENPEP/FGF2/POU3F3/AQP1/IRX1/SOX9/GATA3
C1,Up,GO_BP,GO:0030509,BMP signaling pathway,32/1323,152/16355,4.2153219573604316e-7,1.2650623686398819e-5,9.296016785292676e-6,32,ENG/FBN1/BMP4/GREM2/FSTL1/RUNX2/GPC3/FOXD1/NOTCH2/BMP2/ABL1/PPARG/ACVRL1/CHRDL1/SMAD6/DKK1/TFAP2B/ARK2C/HFE/TNFAIP6/FST/SMAD9/FZD1/MSX1/TGFBR3/CCN1/ZNF423/CDH5/BMPER/SFRP2/COMP/WNT5A
C1,Up,GO_BP,GO:0045598,regulation of fat cell differentiation,29/1323,131/16355,4.821049529945924e-7,1.4388978597069375e-5,1.0573406487886028e-5,29,FERMT2/MEDAG/ZFPM2/SAV1/RUNX1T1/GATA2/LMO3/TGFB1I1/BMP2/AXIN2/TRIO/PPARG/ID4/LPL/CCDC3/RARRES2/CMKLR1/TRIB2/SOD2/IL6/ID2/SULT1E1/ENPP1/FRZB/ALOX5/ZBTB16/WIF1/SFRP2/WNT5A
C1,Up,GO_BP,GO:0110053,regulation of actin filament organization,46/1323,263/16355,4.852885900310331e-7,1.4404850388243562e-5,1.0585069504732112e-5,46,CXCL12/FERMT2/EPS8/ADD3/DLC1/KANK2/LIMCH1/CD47/SPTBN1/SVIL/KIRREL1/COTL1/CFL2/TMSB15B/SYNPO2/ABL1/LPAR1/CCDC88A/PREX1/NRP1/PIK3R1/LMOD1/TGFB3/CCN2/CDC42EP5/HCLS1/PAK3/GMFG/ARHGAP6/DNAI3/TACR1/CDC42EP3/PTGER4/LIMA1/PLEKHH2/TPM1/CORO1A/CCL21/SYNPO/DAAM2/FLNA/RGCC/STMN1/TGFBR1/S1PR1/PLEKHG2
C1,Up,GO_BP,GO:0045669,positive regulation of osteoblast differentiation,20/1323,71/16355,5.133633247026438e-7,1.5073457188025734e-5,1.1076379671535847e-5,20,IFITM1/FERMT2/PRKD1/DDR2/MEF2C/BMP4/CTHRC1/RUNX2/BMP2/DNAI3/IL6/NPNT/FGF2/FZD1/IL6ST/CCN1/IGF1/NELL1/SFRP2/TMEM119
C1,Up,GO_BP,GO:0061035,regulation of cartilage development,20/1323,71/16355,5.133633247026438e-7,1.5073457188025734e-5,1.1076379671535847e-5,20,CTSK/BMP4/MBOAT2/RUNX2/BMP2/AXIN2/ACVRL1/CCN2/SOX5/LOXL2/MDK/CCN1/RFLNB/SOX9/EFEMP1/FRZB/FGF18/TGFBR1/ZBTB16/WNT5A
C1,Up,GO_BP,GO:0072593,reactive oxygen species metabolic process,42/1323,231/16355,5.217689661390081e-7,1.5237897978855332e-5,1.119721516468092e-5,42,TGFBR2/FYN/SHC1/TLR4/RAB27A/FBLN5/SH3PXD2B/DDIT4/PDGFRB/SNCA/RAC2/AKR1C3/COL6A1/AGTR1/LRRK2/PREX1/BCL2/CYP1B1/BNIP3/SIRPA/SOD3/CCN2/GPX3/SLC1A1/FOXO3/ITGAM/ITGB2/GCH1/CYGB/CBS/PXDN/SOD2/MMP3/PDK4/CCN1/CYBB/TYROBP/ALOX5/NOX4/MAOB/THBS1/ABCC9
C1,Up,GO_BP,GO:0002693,positive regulation of cellular extravasation,10/1323,19/16355,5.43765720551071e-7,1.5765627379152294e-5,1.1585004848799608e-5,10,IL1R1/PDGFD/JAM3/CD47/ICAM1/PLVAP/MDK/CD99L2/LYVE1/THY1
C1,Up,GO_BP,GO:0060349,bone morphogenesis,24/1323,97/16355,5.456439520030617e-7,1.5765627379152294e-5,1.1585004848799608e-5,24,TGFBR2/COL3A1/COL1A1/CSGALNACT1/MEF2C/BMP4/OSR2/NPR2/TWIST1/RUNX2/TEK/AXIN2/TGFB3/CYP26B1/CBS/COL13A1/CITED2/MSX1/SOX9/FGF18/SERPINH1/HAS2/TMEM119/COMP
C1,Up,GO_BP,GO:0001570,vasculogenesis,22/1323,84/16355,5.622366346794785e-7,1.6159097352269457e-5,1.1874137113364426e-5,22,TGFBR2/GJC1/ZFPM2/ENG/PDGFRB/PTPRJ/QKI/NPR2/FZD4/TEAD2/NRP1/HEY2/RRAS/TIE1/SOX17/CITED2/TGFBR3/HEY1/ACKR3/MYOCD/HEG1/HAS2
C1,Up,GO_BP,GO:0007517,muscle organ development,57/1323,358/16355,5.707509254437635e-7,1.631746856321328e-5,1.1990512516801946e-5,57,EDNRA/TAGLN/COL3A1/LAMA2/ZFPM2/SGCE/ENG/NEGR1/MEF2C/SMTN/BMP4/MYLK/TWIST1/COL6A1/FHL1/COL6A3/SVIL/MEOX2/ADARB1/SGCD/CFL2/BMP2/ID3/BCL2/FOXN2/VAMP5/FLNB/HEY2/ITGA7/CYP26B1/HLX/EFEMP2/PAX3/ARID5B/TPM1/CITED2/LOX/FZD1/MSX1/POPDC1/FOXL2/TGFBR3/IGF1/HIVEP3/HOXD10/TGFBR1/S1PR1/PROX1/MKX/RBM24/COL11A1/MYOCD/SGCB/IGF2/HEG1/ABCC9/POPDC3
C1,Up,GO_BP,GO:0032964,collagen biosynthetic process,16/1323,48/16355,5.753358427031818e-7,1.6362430877296774e-5,1.2023552028274817e-5,16,DDR2/COL1A1/LARP6/ENG/BMP4/F2R/VIM/TGFB3/CYGB/COL5A1/IL6/INHBA/RGCC/SERPINH1/RCN3/PCOLCE
C1,Up,GO_BP,GO:0060541,respiratory system development,41/1323,224/16355,5.922534961330248e-7,1.6755838494763495e-5,1.2312638472239202e-5,41,TGFBR2/COL3A1/PDGFRA/ZFPM2/WNT2B/FBN1/CCBE1/TNC/BMP4/IGFBP5/THRB/SAV1/COL6A1/GPC3/ADAMTS2/BMP2/CRISPLD2/TGFB3/CCN2/ADA/KLF2/TMEM38B/CTSZ/FGFR1/FGF2/HSD11B1/LOX/MSX1/PDPN/SOX9/WDPCP/RBP4/FGF18/PROX1/PLOD3/ALDH1A3/MYOCD/HEG1/CHI3L1/RCN3/WNT5A
C1,Up,GO_BP,GO:0061572,actin filament bundle organization,33/1323,162/16355,6.200344576708156e-7,1.745091800035166e-5,1.2823401491615669e-5,33,FERMT2/EPS8/ZEB2/DLC1/LIMCH1/CD47/CALD1/SYNPO2/ABL1/LPAR1/CCDC88A/NRP1/PIK3R1/TGFB3/DPYSL3/CCN2/AIF1L/ARHGAP6/AIF1/TACR1/PTGER4/LIMA1/FAM107A/TPM1/SYNPO/ACTN1/LCP1/FLNA/RGCC/RFLNB/STMN1/TGFBR1/S1PR1
C1,Up,GO_BP,GO:0030323,respiratory tube development,38/1323,201/16355,6.599102390207442e-7,1.8477486692580835e-5,1.3577751635196214e-5,38,TGFBR2/COL3A1/PDGFRA/ZFPM2/WNT2B/FBN1/CCBE1/TNC/BMP4/IGFBP5/THRB/SAV1/COL6A1/GPC3/ADAMTS2/BMP2/CRISPLD2/TGFB3/CCN2/ADA/KLF2/TMEM38B/CTSZ/FGFR1/FGF2/HSD11B1/LOX/PDPN/SOX9/RBP4/FGF18/PROX1/PLOD3/MYOCD/HEG1/CHI3L1/RCN3/WNT5A
C1,Up,GO_BP,GO:0010812,negative regulation of cell-substrate adhesion,18/1323,60/16355,6.803543445056775e-7,1.885553469058592e-5,1.3855551419793387e-5,18,POSTN/FBLN1/COL1A1/DLC1/GBP1/FZD7/FZD4/CASK/ACVRL1/PIK3R1/ARHGAP6/GCNT2/MELTF/APOD/FAM107A/ANGPT2/SERPINE1/THBS1
C1,Up,GO_BP,GO:0072577,endothelial cell apoptotic process,18/1323,60/16355,6.803543445056775e-7,1.885553469058592e-5,1.3855551419793387e-5,18,ICAM1/AKR1C3/GATA2/ANGPT1/TEK/ITGA4/ABL1/ANO6/FOXO3/GAS6/CD248/RGCC/CCL2/CDH5/SERPINE1/SCG2/THBS1/GATA3
C1,Up,GO_BP,GO:0048041,focal adhesion assembly,22/1323,85/16355,7.012623866807815e-7,1.9336331393147237e-5,1.4208853701808837e-5,22,FERMT2/PTPRJ/DLC1/LIMCH1/PTPRK/GPM6B/CDH11/PEAK1/TEK/ABL1/ACVRL1/NRP1/BCL2/COL16A1/EPHA3/ARHGAP6/APOD/FAM107A/ACTN1/WDPCP/THBS1/THY1
C1,Up,GO_BP,GO:0048736,appendage development,36/1323,186/16355,7.185161574167715e-7,1.9612963653708054e-5,1.4412130488888641e-5,36,COL3A1/FERMT2/RECK/BMP4/PRRX1/OSR2/NPR2/TWIST1/COL6A1/RUNX2/GPC3/MEOX2/CIBAR1/NOTCH2/FRAS1/DKK1/TBX3/TFAP2B/ARK2C/PITX2/CYP26B1/DYNC2H1/PRICKLE1/FGFR1/MAP3K20/AFF3/MSX1/GNA12/SOX9/WDPCP/HOXD10/ZBTB16/CRABP2/SFRP2/COMP/WNT5A
C1,Up,GO_BP,GO:0060173,limb development,36/1323,186/16355,7.185161574167715e-7,1.9612963653708054e-5,1.4412130488888641e-5,36,COL3A1/FERMT2/RECK/BMP4/PRRX1/OSR2/NPR2/TWIST1/COL6A1/RUNX2/GPC3/MEOX2/CIBAR1/NOTCH2/FRAS1/DKK1/TBX3/TFAP2B/ARK2C/PITX2/CYP26B1/DYNC2H1/PRICKLE1/FGFR1/MAP3K20/AFF3/MSX1/GNA12/SOX9/WDPCP/HOXD10/ZBTB16/CRABP2/SFRP2/COMP/WNT5A
C1,Up,GO_BP,GO:2000177,regulation of neural precursor cell proliferation,24/1323,99/16355,8.148269230807375e-7,2.213069923087283e-5,1.6262229959590298e-5,24,VCAN/VEGFC/GATA2/NAP1L1/NES/PTPRZ1/LRRK2/LIMS2/ID4/LYN/SMARCD3/FOXO3/SOX10/PTN/ID2/MDK/FGF2/SLC16A2/DCT/FLNA/TOX/PROX1/HAPLN1/WNT5A
C1,Up,GO_BP,GO:0003231,cardiac ventricle development,28/1323,127/16355,8.249653093674627e-7,2.2294584878030136e-5,1.638265751831065e-5,28,TGFBR2/EDNRA/ZFPM2/SLIT3/ENG/MEF2C/BMP4/SAV1/CPE/SMAD6/TBX3/HEY2/SMARCD3/TPM1/CITED2/FZD1/PDE2A/TGFBR3/CCN1/TGFBR1/HEY1/PROX1/COL11A1/MYOCD/HEG1/PRDM1/SFRP2/GATA3
C1,Up,GO_BP,GO:0001763,morphogenesis of a branching structure,38/1323,203/16355,8.529395985559314e-7,2.2936474749286235e-5,1.6854335371152122e-5,38,TGFBR2/EDNRA/COL4A1/PLXND1/WNT2B/ENG/TNC/BMP4/CSF1/CLIC4/DCHS1/RSPO3/GPC3/FOXD1/PKD2/BMP2/ABL1/AR/LRRK2/NRP1/BCL2/NTN4/TBX3/SOX10/TIE1/CTSZ/FGFR1/NPNT/MDK/FGF2/COL13A1/PLXNA1/SOX9/PROX1/NFATC4/PRDM1/SFRP2/WNT5A
C1,Up,GO_BP,GO:0035567,non-canonical Wnt signaling pathway,19/1323,67/16355,8.797844684487007e-7,2.354181887986868e-5,1.7299158435869708e-5,19,DAB2/FZD7/CTHRC1/FZD4/RSPO3/GPC3/ABL1/DKK1/ANKRD6/PRICKLE2/CCDC88C/PRICKLE1/MAGI2/FZD1/DACT1/DAAM2/FRZB/SFRP2/WNT5A
C1,Up,GO_BP,GO:0090596,sensory organ morphogenesis,47/1323,277/16355,9.00833620456365e-7,2.3956902547805155e-5,1.7604173021718693e-5,47,MFAP5/EDNRA/ZEB1/WNT2B/FBN1/BMP4/THRB/PRRX1/OSR2/RORB/CTHRC1/TWIST1/GATA2/ITGA8/NOTCH2/BCL2/MFAP2/TBX3/TFAP2B/PITX2/FOXF2/CYP26B1/SLC1A1/COL5A1/PTPRM/FGFR1/FGF2/CITED2/MSX1/FOXL2/AQP1/SOX9/EFEMP1/WDPCP/SOBP/FRZB/NECTIN3/RBP4/PROX1/ALDH1A3/COL11A1/COL8A2/PRDM1/COL8A1/THY1/WNT5A/GATA3
C1,Up,GO_BP,GO:0002696,positive regulation of leukocyte activation,57/1323,363/16355,9.041172721465495e-7,2.3956902547805155e-5,1.7604173021718693e-5,57,TGFBR2/FYN/TLR4/SH3KBP1/IL33/MEF2C/LGALS1/AXL/VCAM1/CD47/IL7/ABL1/LRRK2/BCL2/SIRPA/LYN/IL7R/SMARCD3/IL15/FOXO3/HLX/GAS6/IL16/ADA/IL4R/AIF1/TACR1/RUNX3/IL6/CORO1A/MDK/CCL21/PTPRC/CCL19/IL6ST/CCL5/CD86/DPP4/GPR183/TYROBP/CCL2/IGF1/HAVCR2/TOX/EFNB2/HLA-DPB1/TSLP/ZBTB16/IGF2/PDCD1LG2/HLA-DMA/THBS1/THY1/HLA-DRB3/WNT5A/CCL3/GATA3
C1,Up,GO_BP,GO:0003151,outflow tract morphogenesis,21/1323,80/16355,9.713151004090109e-7,2.5612541870979356e-5,1.8820781097347822e-5,21,TGFBR2/EDNRA/PLXND1/ZFPM2/ENG/MEF2C/BMP4/TWIST1/NRP1/SMAD6/TBX3/HEY2/CLDN5/PITX2/PARVA/PRICKLE1/SOX17/CITED2/FZD1/TGFBR3/SFRP2
C1,Up,GO_BP,GO:1902105,regulation of leukocyte differentiation,53/1323,329/16355,9.80351241386285e-7,2.572593209280338e-5,1.8904103266396096e-5,53,TGFBR2/ZEB1/TLR4/SLC9B2/FBN1/LGALS1/BMP4/AXL/CSF1/QKI/GATA2/IL7/NOTCH2/MITF/ABL1/PIK3R1/CD69/LYN/IL7R/SMARCD3/TNFAIP6/IL15/FGL2/HCLS1/CYP26B1/FOXO3/HLX/GAS6/ADA/IL4R/RUNX3/EVI2B/ID2/TMEM176B/MDK/PTPRC/CCL19/C1QC/INHBA/RASSF2/TAL1/CD86/TMEM176A/TYROBP/TOX/PRKCA/ZBTB16/CCR1/PRXL2A/TNFRSF11B/PRDM1/CCL3/GATA3
C1,Up,GO_BP,GO:0070482,response to oxygen levels,54/1323,338/16355,1.0112596257829106e-6,2.640943407333063e-5,1.9406358810570838e-5,54,MMP2/POSTN/CXCL12/GUCY1B1/EDNRA/DDR2/ZEB2/VEGFC/COL1A1/ENG/DDIT4/VCAM1/ARNT2/GUCY1A1/TWIST1/FZD4/COL6A1/ANG/PTGIS/HSPG2/BMP2/TEK/LPAR1/PPARG/ACVRL1/BCL2/BNIP3/SOD3/KCNJ8/PGF/TGFB3/SLC1A1/FOXO3/ADA/LOXL2/CYGB/CBS/SOD2/ANGPT2/CITED2/CYSLTR1/SOX2/INHBA/PENK/DPP4/RGCC/AQP1/TGFBR3/CXCR4/CYBB/DDAH1/MYOCD/THBS1/ABCC9
C1,Up,GO_BP,GO:0051017,actin filament bundle assembly,32/1323,158/16355,1.043854317021498e-6,2.7130223206032426e-5,1.9936013951878725e-5,32,FERMT2/EPS8/ZEB2/DLC1/LIMCH1/CD47/CALD1/SYNPO2/ABL1/LPAR1/CCDC88A/NRP1/PIK3R1/TGFB3/DPYSL3/CCN2/AIF1L/ARHGAP6/AIF1/TACR1/PTGER4/LIMA1/FAM107A/TPM1/SYNPO/ACTN1/LCP1/FLNA/RGCC/STMN1/TGFBR1/S1PR1
C1,Up,GO_BP,GO:0003180,aortic valve morphogenesis,14/1323,39/16355,1.0507160960463174e-6,2.717852301773141e-5,1.9971505945902933e-5,14,TGFBR2/ADAMTS5/SLIT3/BMP4/TWIST1/CDH11/AXIN2/SMAD6/HEY2/TIE1/NFATC1/SOX9/HEY1/GATA3
C1,Up,GO_BP,GO:0072012,glomerulus vasculature development,12/1323,29/16355,1.057251876488687e-6,2.7217972479083162e-5,2.0000494465677728e-5,12,EDNRA/PDGFRA/PDGFRB/PDGFD/BMP4/ACTA2/ANGPT1/NOTCH2/TEK/PECAM1/ANGPT2/AQP1
C1,Up,GO_BP,GO:0031346,positive regulation of cell projection organization,56/1323,356/16355,1.0625188713658322e-6,2.7224540138015097e-5,2.0005320557195807e-5,56,CXCL12/EPS8/FYN/PRKD1/MAP1B/DDR2/PLXND1/DOCK11/NEGR1/NTRK3/RAC2/FZD4/DZIP1/FEZ1/ENPP2/ARSB/PLXNC1/MNS1/ABL1/SERPINF1/L1CAM/CCDC88A/NRP1/PIK3R1/ROR1/FN1/ASAP1/EPHA3/LYN/TGFB3/DPYSL3/RHOQ/CDC42EP5/DBN1/CNR1/PTN/S100A9/VLDLR/CDC42EP3/FGFR1/MAGI2/MDK/CCL21/CCL19/FZD1/PLXNA1/SCARF1/FLNA/TNN/TOX/TGFBR1/CRABP2/NLGN1/WNT5A/CNTN1/P2RY12
C1,Up,GO_BP,GO:0060390,regulation of SMAD protein signal transduction,19/1323,68/16355,1.129180062220354e-6,2.8662178027948423e-5,2.1061735346480976e-5,19,TGFBR2/DAB2/ENG/BMP4/SPTBN1/BMP2/PPARG/ACVRL1/SMAD6/DKK1/PMEPA1/TGFB3/HFE/GDF15/INHBA/TGFBR3/TGFBR1/LDLRAD4/BMPER
C1,Up,GO_BP,GO:0150116,regulation of cell-substrate junction organization,19/1323,68/16355,1.129180062220354e-6,2.8662178027948423e-5,2.1061735346480976e-5,19,FERMT2/PTPRJ/DLC1/LIMCH1/GPM6B/PEAK1/TEK/ABL1/ACVRL1/NRP1/PIK3R1/COL16A1/EPHA3/ARHGAP6/APOD/FAM107A/WDPCP/THBS1/THY1
C1,Up,GO_BP,GO:0050727,regulation of inflammatory response,60/1323,393/16355,1.2240662270282226e-6,3.092617555915026e-5,2.2725381311583942e-5,60,ETS1/IL1R1/FYN/GBP2/C3/MFHAS1/TLR4/CD200/IL33/TNC/LGALS1/MGLL/OSMR/GBP1/CD47/SNCA/STING1/PTGIS/AGTR1/TEK/PPARG/LRRK2/PIK3AP1/TNFRSF1B/SIRPA/SELE/LPL/LYN/SLC39A8/TNFAIP6/IL15/IL16/ADA/CNR1/S100A9/PLA2G2A/PTGER4/STK39/IL6/NT5E/MDK/ABCC1/PTPRC/S100A8/FGR/IL10RA/IL6ST/CCL5/MMP3/PDE2A/SAA1/IGF1/ALOX5/TSLP/ALOX5AP/CDH5/SERPINE1/WNT5A/CCL3/GATA3
C1,Up,GO_BP,GO:0002237,response to molecule of bacterial origin,56/1323,358/16355,1.2734083995174046e-6,3.2023863084159915e-5,2.353199147646198e-5,56,PTGFR/IRAK3/GBP2/PLSCR4/TLR4/MIR224/MEF2C/AXL/AKAP12/VCAM1/SNCA/LY96/SCARB1/F2R/COL6A1/CXCL1/ABL1/ADH5/VIM/FMO1/SMAD6/TNFRSF1B/SIRPA/CSF2RB/SELE/KCNJ8/LYN/MRC1/GCH1/CNR1/PTPN22/PTGER4/SOD2/IL6/S100A8/PTGER2/SLPI/IL10RA/CXCL2/ABCA1/PENK/CD86/MMP3/CD68/DIO2/CCL2/CXCL8/HAVCR2/CXCL6/PRKCA/CD14/PDE4B/SERPINE1/MAOB/PDCD1LG2/WNT5A
C1,Up,GO_BP,GO:0001654,eye development,61/1323,403/16355,1.3385085435774202e-6,3.3505891284389614e-5,2.4621025453531783e-5,61,MFAP5/TGFBR2/COL4A1/PDGFRA/RHOJ/ZEB1/WNT2B/SH3PXD2B/FBN1/PDGFRB/FLT1/BMP4/THRB/CLIC4/OSR2/RORB/TWIST1/FZD4/NES/NOTCH2/MITF/SERPINF1/ACVRL1/VIM/NRP1/BCL2/CYP1B1/MFAP2/CHRDL1/TFAP2B/SMARCD3/PITX2/FOXF2/SLC1A1/PRICKLE1/COL5A1/PTPRM/PXDN/FGF2/CITED2/SOX2/LAMC3/INHBA/FOXL2/AQP1/SOX9/EFEMP1/WDPCP/BCL11B/NECTIN3/RBP4/TGFBR1/MEIS2/PROX1/ALDH1A3/COL8A2/PRDM1/COL8A1/THY1/WNT5A/GATA3
C1,Up,GO_BP,GO:0090066,regulation of anatomical structure size,71/1323,495/16355,1.4329154377632208e-6,3.565629427244494e-5,2.6201199108811567e-5,71,MMP2/CXCL12/EDNRA/PRR16/EPS8/PRKD1/MAP1B/DOCK4/ADD3/DEPTOR/SLC8A1/AKT3/KANK2/ACTA2/SVEP1/GUCY1A1/SPTBN1/F2R/COL6A1/ITGA1/SVIL/KIRREL1/COTL1/AGTR1/CFL2/TMSB15B/ITGA4/ABL1/L1CAM/LRRK2/PREX1/ANO6/NRP1/MSN/NRCAM/SOD3/LMOD1/FN1/KCNJ8/IL7R/CDC42EP5/HCLS1/PAK3/ADRA2A/GCH1/SEMA3A/SEMA3G/KLF2/TACR1/CDC42EP3/PRKG1/CBS/STK39/LIMA1/SOD2/PLEKHH2/ATP1A2/CORO1A/CCL21/CYSLTR1/AVPR1A/DAAM2/AQP1/ITGA9/OLFM1/PLOD3/PLEKHG2/CRABP2/ABCC9/COMP/WNT5A
C1,Up,GO_BP,GO:0010975,regulation of neuron projection development,65/1323,440/16355,1.437542055534875e-6,3.565629427244494e-5,2.6201199108811567e-5,65,CXCL12/PMP22/FYN/PRKD1/MAP1B/DDR2/PLXND1/DAB2/PTPRG/NEGR1/PRRX1/NTRK3/DENND5A/UST/FZD4/FEZ1/ARSB/PLXNC1/ABL1/LPAR1/SERPINF1/L1CAM/CCDC88A/LRRK2/PREX1/VIM/NRP1/DKK1/NRCAM/ROR1/FN1/EPHA3/HECW2/LYN/DPYSL3/NR2F1/PAK3/DBN1/CNR1/SEMA3A/PTN/SEMA3G/S100A9/VLDLR/FGFR1/SDC2/MAGI2/CHN1/MDK/PRAG1/FZD1/PLXNA1/SCARF1/FLNA/TNN/TOX/EFNB2/NFATC4/CRABP2/SFRP2/NLGN1/THY1/WNT5A/CNTN1/GATA3
C1,Up,GO_BP,GO:0071622,regulation of granulocyte chemotaxis,16/1323,51/16355,1.4506176105956326e-6,3.581706754888853e-5,2.6319339614251858e-5,16,PTPRJ/CSF1/JAM3/RAC2/RARRES2/TNFAIP6/THBS4/CMKLR1/C3AR1/MDK/CCL21/CCL19/CCL5/DPP4/CXCL8/THBS1
C1,Up,GO_BP,GO:0072676,lymphocyte migration,25/1323,109/16355,1.4642207721533747e-6,3.5989354001525485e-5,2.644594030962418e-5,25,CXCL12/JAM2/CD200/ICAM1/ITGA4/ABL1/MSN/CD69/GAS6/AIF1/APOD/STK39/CORO1A/CCL21/IL27RA/CCL5/CD99L2/GPR183/SAA1/CCL2/S1PR1/CH25H/WNT5A/CCL3/GATA3
C1,Up,GO_BP,GO:0051893,regulation of focal adhesion assembly,18/1323,63/16355,1.5069787343637145e-6,3.670810979849192e-5,2.6974101301426513e-5,18,FERMT2/PTPRJ/DLC1/LIMCH1/GPM6B/PEAK1/TEK/ABL1/ACVRL1/NRP1/COL16A1/EPHA3/ARHGAP6/APOD/FAM107A/WDPCP/THBS1/THY1
C1,Up,GO_BP,GO:0090109,regulation of cell-substrate junction assembly,18/1323,63/16355,1.5069787343637145e-6,3.670810979849192e-5,2.6974101301426513e-5,18,FERMT2/PTPRJ/DLC1/LIMCH1/GPM6B/PEAK1/TEK/ABL1/ACVRL1/NRP1/COL16A1/EPHA3/ARHGAP6/APOD/FAM107A/WDPCP/THBS1/THY1
C1,Up,GO_BP,GO:0072132,mesenchyme morphogenesis,17/1323,57/16355,1.5163762526869332e-6,3.677212412765813e-5,2.7021140743368658e-5,17,TGFBR2/ADAMTS5/ENG/ACTA2/DCHS1/TWIST1/BMP2/ACVRL1/TBX3/HEY2/FGFR1/MSX1/SOX9/TGFBR1/HEY1/ACTG2/WNT5A
C1,Up,GO_BP,GO:1903037,regulation of leukocyte cell-cell adhesion,58/1323,378/16355,1.5602706912415797e-6,3.7668401754774494e-5,2.767974952602606e-5,58,TGFBR2/CXCL12/ETS1/FYN/LGALS1/BMP4/LRRC32/VCAM1/CD47/IL7/PDE5A/ITGA4/ABL1/CD69/SIRPA/SELE/LYN/IL7R/SMARCD3/HFE/IL15/FGL2/FOXO3/HLX/ITGB2/ADA/IL4R/AIF1/PTPN22/RUNX3/IL6/CORO1A/MDK/CCL21/PTPRC/CCL19/VSIG4/IL6ST/CCL5/CD86/DPP4/CCL2/IGF1/ALOX5/HAVCR2/EFNB2/HLA-DPB1/ZBTB16/LAPTM5/IGF2/HAS2/PLA2G5/PDCD1LG2/HLA-DMA/GPNMB/THY1/HLA-DRB3/GATA3
C1,Up,GO_BP,GO:0001945,lymph vessel development,12/1323,30/16355,1.6326295234592152e-6,3.906803335431919e-5,2.870823627617595e-5,12,VEGFC/CCBE1/SVEP1/NPR2/ACVRL1/CLEC14A/TIE1/FGF2/PDPN/EFNB2/PROX1/HEG1
C1,Up,GO_BP,GO:0061036,positive regulation of cartilage development,12/1323,30/16355,1.6326295234592152e-6,3.906803335431919e-5,2.870823627617595e-5,12,BMP4/RUNX2/BMP2/ACVRL1/SOX5/LOXL2/MDK/CCN1/SOX9/FGF18/ZBTB16/WNT5A
C1,Up,GO_BP,GO:0001894,tissue homeostasis,45/1323,266/16355,1.6616895025944968e-6,3.9416145755865964e-5,2.8964038583490375e-5,45,CTSK/JAM2/COL3A1/LDB2/COL14A1/LAMA2/ZEB2/TLR4/AKT3/CSF1/JAM3/RAC2/GATA2/ANGPT1/SERPINA3/F2R/IL7/PECAM1/BCL2/CLDN5/CCN2/SLC39A8/CYTL1/SLC1A1/LAMC1/PRICKLE1/GCNT2/APBB2/STK39/IL6/CORO1A/NT5E/IL10RA/TUBA1A/PDK4/SOX9/RBP4/S1PR1/PRKCA/NOX4/CDH5/MUC4/TNFRSF11B/TMEM119/COMP
C1,Up,GO_BP,GO:0060249,anatomical structure homeostasis,45/1323,266/16355,1.6616895025944968e-6,3.9416145755865964e-5,2.8964038583490375e-5,45,CTSK/JAM2/COL3A1/LDB2/COL14A1/LAMA2/ZEB2/TLR4/AKT3/CSF1/JAM3/RAC2/GATA2/ANGPT1/SERPINA3/F2R/IL7/PECAM1/BCL2/CLDN5/CCN2/SLC39A8/CYTL1/SLC1A1/LAMC1/PRICKLE1/GCNT2/APBB2/STK39/IL6/CORO1A/NT5E/IL10RA/TUBA1A/PDK4/SOX9/RBP4/S1PR1/PRKCA/NOX4/CDH5/MUC4/TNFRSF11B/TMEM119/COMP
C1,Up,GO_BP,GO:0072678,T cell migration,20/1323,76/16355,1.6787967586086927e-6,3.964879996853226e-5,2.9134999124229574e-5,20,CXCL12/CD200/ICAM1/ITGA4/ABL1/MSN/CD69/AIF1/APOD/STK39/CORO1A/CCL21/IL27RA/CCL5/CD99L2/GPR183/CCL2/S1PR1/WNT5A/CCL3
C1,Up,GO_BP,GO:0010720,positive regulation of cell development,66/1323,452/16355,1.8029594185907296e-6,4.239686390383049e-5,3.115435003552539e-5,66,TGFBR2/CXCL12/VCAN/MAP1B/PLXND1/VEGFC/SLC9B2/IL33/BMP4/AXL/CSF1/QKI/FZD4/NAP1L1/IL7/PDE5A/PTPRZ1/PLXNC1/NOTCH2/BMP2/SERPINF1/L1CAM/NRP1/BCL2/TNFRSF1B/ID4/FN1/CLDN5/LYN/IL7R/SMARCD3/IL15/HCLS1/FOXO3/HLX/DBN1/GAS6/SOX10/PDE3A/ADA/PTN/IL4R/RUNX3/IL6/EVI2B/ID2/MDK/FGF2/PTPRC/CYSLTR1/CCL19/IL6ST/PLXNA1/CD86/DCT/CXCR4/SERPINE2/TYROBP/TOX/PRKCA/ZBTB16/CDH5/CCR1/HAPLN1/CRABP2/GATA3
C1,Up,GO_BP,GO:0060350,endochondral bone morphogenesis,17/1323,58/16355,1.9847265064739192e-06,4.6469975789510044e-5,3.414738163588522e-5,17,TGFBR2/COL3A1/COL1A1/CSGALNACT1/MEF2C/BMP4/NPR2/RUNX2/TEK/AXIN2/CBS/COL13A1/SOX9/FGF18/SERPINH1/TMEM119/COMP
C1,Up,GO_BP,GO:0097305,response to alcohol,45/1323,268/16355,2.047994913842988e-6,4.7745529493541255e-5,3.508469262838315e-5,45,TGFBR2/CTSK/PTGFR/EPS8/FYN/PRKD1/ADCY3/SLIT3/TNC/GRAMD1A/VCAM1/H6PD/AKR1C3/ADCY7/A2M/GNG2/CDO1/CYP1B1/CLDN5/FOXO3/ADRA2A/CNR1/KLF2/TACR1/PTGER4/STK39/SOD2/CCL21/FGF2/PTPRC/S100A8/PTGER2/AVPR1A/CCL19/ABCA1/INHBA/INHBB/PENK/ADCY2/TGFBR3/CYBB/TGFBR1/CD14/MAOB/CCL3
C1,Up,GO_BP,GO:0061138,morphogenesis of a branching epithelium,35/1323,187/16355,2.290483792749016e-6,5.317054684706263e-5,3.907114054028011e-5,35,TGFBR2/EDNRA/COL4A1/PLXND1/WNT2B/ENG/TNC/BMP4/CSF1/CLIC4/DCHS1/RSPO3/GPC3/FOXD1/PKD2/BMP2/ABL1/AR/NRP1/BCL2/NTN4/TBX3/SOX10/TIE1/CTSZ/FGFR1/NPNT/MDK/FGF2/PLXNA1/SOX9/PROX1/NFATC4/SFRP2/WNT5A
C1,Up,GO_BP,GO:0032835,glomerulus development,19/1323,71/16355,2.310462851990009e-6,5.340610302982863e-5,3.924423352629838e-5,19,NID1/EDNRA/PDGFRA/PDGFRB/MEF2C/PDGFD/BMP4/ACTA2/ANGPT1/NOTCH2/TEK/PECAM1/PODXL/BCL2/KLF15/MAGI2/ANGPT2/ENPEP/AQP1
C1,Up,GO_BP,GO:0048592,eye morphogenesis,32/1323,164/16355,2.441143245428981e-6,5.6187669954111125e-5,4.128820333035993e-5,32,MFAP5/ZEB1/WNT2B/FBN1/BMP4/THRB/RORB/TWIST1/NOTCH2/BCL2/MFAP2/TFAP2B/PITX2/FOXF2/SLC1A1/COL5A1/PTPRM/FGF2/CITED2/FOXL2/AQP1/SOX9/EFEMP1/NECTIN3/RBP4/PROX1/ALDH1A3/COL8A2/PRDM1/COL8A1/THY1/WNT5A
C1,Up,GO_BP,GO:0048705,skeletal system morphogenesis,40/1323,228/16355,2.460170975486452e-6,5.633219109302071e-5,4.139440133027179e-5,40,MMP2/TGFBR2/COL3A1/PDGFRA/ZEB1/COL1A1/CSGALNACT1/MEF2C/BMP4/PRRX1/OSR2/NPR2/TWIST1/RUNX2/TEK/AXIN2/TGFB3/CCN2/CYP26B1/SOX5/ARID5B/HOXD8/FGFR1/CBS/COL13A1/CITED2/FGR/IRX5/MSX1/RFLNB/SOX9/HOXD10/FGF18/TGFBR1/SERPINH1/MGP/COL11A1/HAS2/TMEM119/COMP
C1,Up,GO_BP,GO:0060325,face morphogenesis,12/1323,31/16355,2.4681630118076083e-6,5.633219109302071e-5,4.139440133027179e-5,12,MMP2/PDGFRA/COL1A1/CRISPLD2/DKK1/CLDN5/TGFB3/RRAS/PRICKLE1/ARID5B/CRISPLD1/MSX1
C1,Up,GO_BP,GO:0070252,actin-mediated cell contraction,25/1323,112/16355,2.4857572137214447e-6,5.649637315872338e-5,4.151504670527073e-5,25,GJC1/CACNA2D1/ZEB2/CAMK2D/LIMCH1/ACTA2/KCNE4/QKI/SGCD/PLN/SCN7A/ANK2/KCNJ8/SCN4B/PARVA/CCDC88C/ATP1A2/TPM1/FLNA/PDPN/KCNJ2/EPDR1/KCNE3/PDE4B/ABCC9
C1,Up,GO_BP,GO:0036293,response to decreased oxygen levels,50/1323,313/16355,2.532134785321624e-6,5.7310650641112756e-5,4.211339958745438e-5,50,MMP2/POSTN/CXCL12/EDNRA/DDR2/ZEB2/VEGFC/ENG/DDIT4/VCAM1/ARNT2/TWIST1/FZD4/COL6A1/ANG/PTGIS/HSPG2/BMP2/TEK/PPARG/ACVRL1/BCL2/BNIP3/SOD3/KCNJ8/PGF/TGFB3/SLC1A1/FOXO3/ADA/LOXL2/CYGB/CBS/SOD2/ANGPT2/CITED2/CYSLTR1/SOX2/INHBA/PENK/DPP4/RGCC/AQP1/TGFBR3/CXCR4/CYBB/DDAH1/MYOCD/THBS1/ABCC9
C1,Up,GO_BP,GO:1903706,regulation of hemopoiesis,62/1323,420/16355,2.5688765661312406e-6,5.790098550715726e-5,4.254719344297735e-5,62,TGFBR2/ETS1/ZEB1/TLR4/SLC9B2/FBN1/MEF2C/LGALS1/BMP4/AXL/CSF1/QKI/GATA2/IL7/NOTCH2/MITF/ABL1/PIK3R1/CD69/TCIM/LYN/IL7R/SMARCD3/FAXDC2/TNFAIP6/IL15/FGL2/HCLS1/CYP26B1/FOXO3/HLX/TSC22D1/GAS6/ADA/PTN/IL4R/RUNX3/EVI2B/ID2/TMEM176B/MDK/PTPRC/LOX/CCL19/C1QC/INHBA/RASSF2/TAL1/CD86/TMEM176A/TYROBP/TOX/MEIS2/PRKCA/ZBTB16/CCR1/PRXL2A/TNFRSF11B/IL17D/PRDM1/CCL3/GATA3
C1,Up,GO_BP,GO:0043536,positive regulation of blood vessel endothelial cell migration,17/1323,59/16355,2.5796654551588998e-6,5.7903895671170015e-5,4.254933190936298e-5,17,ETS1/PRKD1/RHOJ/VEGFC/AKT3/GATA2/ANGPT1/JCAD/ABL1/NRP1/FGFR1/SRPX2/FGF2/TGFBR3/FGF18/PRKCA/THBS1
C1,Up,GO_BP,GO:0042698,ovulation cycle,19/1323,72/16355,2.903115980024634e-6,6.489599178392515e-5,4.768731122483609e-5,19,MMP2/ADAMTS1/PDGFRA/SLIT3/AXL/NPR2/FZD4/A2M/SERPINF1/CYP1B1/PTX3/TGFB3/TNFAIP6/FOXO3/PTN/MDK/INHBA/CA12/HAS2
C1,Up,GO_BP,GO:1903522,regulation of blood circulation,43/1323,255/16355,3.063587930539061e-6,6.820249851921385e-5,5.011702084816272e-5,43,MMP2/EDNRA/GJC1/CACNA2D1/DOCK4/ADD3/SLC8A1/CAMK2D/THRB/SVEP1/KCNE4/F2R/PDE5A/AGTR1/PLN/ITGA4/ANK2/ABL1/IRX3/HEY2/KCNJ8/SCN4B/SLC1A1/ADRA2A/GCH1/ADA/TMEM38B/TACR1/ATP1A2/TPM1/TRPC1/CYSLTR1/AVPR1A/CLIC2/POPDC1/FLNA/ITGA9/KCNJ2/KCNE3/ADORA3/TMIGD3/PDE4B/ABCC9
C1,Up,GO_BP,GO:1901654,response to ketone,39/1323,222/16355,3.164095708478107e-6,7.015252199368603e-5,5.15499502751836e-5,39,POSTN/PTGFR/PRKD1/ADCY3/SLIT3/DDIT4/ABCB4/TNC/AKR1C3/A2M/AXIN2/GNG2/SERPINF1/TXNIP/AR/CYP1B1/MSN/TGFB3/FOXO3/ITGAM/GAS6/SOX10/KLF2/TACR1/PTGER4/STK39/CCL21/PTPRC/PTGER2/AVPR1A/CCL19/INHBA/ADCY2/AQP1/TGFBR3/CYBB/PAPPA/MAOB/THBS1
C1,Up,GO_BP,GO:0071706,tumor necrosis factor superfamily cytokine production,33/1323,174/16355,3.2777632951736715e-6,7.20842519003376e-5,5.296943709907761e-5,33,IRAK3/TLR4/IL33/PTPRJ/AXL/AKAP12/CD47/LY96/TWIST1/ANGPT1/LRRK2/PIK3R1/SIRPA/ARHGEF2/LPL/GAS6/PTPN22/IL6/PTPRC/IL27RA/CCL19/CD86/CYBB/TYROBP/IGF1/HAVCR2/NFATC4/CD14/FCGR2A/THBS1/GPNMB/WNT5A/CCL3
C1,Up,GO_BP,GO:1903555,regulation of tumor necrosis factor superfamily cytokine production,33/1323,174/16355,3.2777632951736715e-6,7.20842519003376e-5,5.296943709907761e-5,33,IRAK3/TLR4/IL33/PTPRJ/AXL/AKAP12/CD47/LY96/TWIST1/ANGPT1/LRRK2/PIK3R1/SIRPA/ARHGEF2/LPL/GAS6/PTPN22/IL6/PTPRC/IL27RA/CCL19/CD86/CYBB/TYROBP/IGF1/HAVCR2/NFATC4/CD14/FCGR2A/THBS1/GPNMB/WNT5A/CCL3
C1,Up,GO_BP,GO:0001706,endoderm formation,17/1323,60/16355,3.330555894254349e-6,7.265694625538002e-5,5.339026823509825e-5,17,MMP2/COL4A2/COL6A1/ITGA4/DKK1/FN1/ITGA7/ITGB2/COL5A1/SOX17/SOX2/INHBA/SOX7/ITGA5/COL11A1/COL8A1/DUSP4
C1,Up,GO_BP,GO:0034113,heterotypic cell-cell adhesion,17/1323,60/16355,3.330555894254349e-6,7.265694625538002e-5,5.339026823509825e-5,17,CD200/JAM3/VCAM1/CD47/GLDN/ITGA4/SIRPA/NRCAM/ITGA7/ITGAM/PARVA/ITGB2/GCNT2/PTPRC/ITGA5/CEACAM6/THY1
C1,Up,GO_BP,GO:0035909,aorta morphogenesis,13/1323,37/16355,3.3762885763754993e-6,7.316146782219919e-5,5.3761004182191176e-5,13,TGFBR2/COL3A1/ENG/PDGFRB/MYLK/ACVRL1/HEY2/TFAP2B/EFEMP2/FKBP10/EFNB2/HEY1/PROX1
C1,Up,GO_BP,GO:0010543,regulation of platelet activation,16/1323,54/16355,3.380620107395434e-6,7.316146782219919e-5,5.3761004182191176e-5,16,PDGFRA/TLR4/PTPRJ/SVEP1/PEAR1/LYN/MMRN1/PRKG1/FCER1G/IL6/IL6ST/FLNA/EMILIN2/SERPINE2/PDPN/PRKCA
C1,Up,GO_BP,GO:1903039,positive regulation of leukocyte cell-cell adhesion,46/1323,282/16355,3.561409730091852e-6,7.676816529309104e-5,5.641130199042734e-5,46,TGFBR2/ETS1/FYN/LGALS1/VCAM1/CD47/IL7/ITGA4/ABL1/SIRPA/SELE/LYN/IL7R/SMARCD3/IL15/FOXO3/HLX/ITGB2/ADA/IL4R/AIF1/RUNX3/IL6/CORO1A/MDK/CCL21/PTPRC/CCL19/IL6ST/CCL5/CD86/DPP4/CCL2/IGF1/ALOX5/HAVCR2/EFNB2/HLA-DPB1/ZBTB16/IGF2/HAS2/PDCD1LG2/HLA-DMA/THY1/HLA-DRB3/GATA3
C1,Up,GO_BP,GO:0003181,atrioventricular valve morphogenesis,11/1323,27/16355,3.6028394631552545e-6,7.703733938804645e-5,5.660909831785756e-5,11,TGFBR2/SLIT3/DCHS1/TWIST1/BMP2/AXIN2/SMAD6/HEY2/CCN1/OLFM1/HEY1
C1,Up,GO_BP,GO:0003281,ventricular septum development,19/1323,73/16355,3.6300378171005435e-6,7.703733938804645e-5,5.660909831785756e-5,19,TGFBR2/ZFPM2/SLIT3/BMP4/SAV1/SMAD6/TBX3/HEY2/CITED2/FZD1/PDE2A/TGFBR3/CCN1/TGFBR1/HEY1/PROX1/HEG1/PRDM1/GATA3
C1,Up,GO_BP,GO:0060411,cardiac septum morphogenesis,19/1323,73/16355,3.6300378171005435e-6,7.703733938804645e-5,5.660909831785756e-5,19,TGFBR2/ZFPM2/SLIT3/ENG/BMP4/SAV1/NOTCH2/NRP1/SMAD6/TBX3/HEY2/PARVA/CITED2/FZD1/TGFBR3/CCN1/TGFBR1/HEY1/PROX1
C1,Up,GO_BP,GO:0002064,epithelial cell development,38/1323,215/16355,3.6306257149005687e-6,7.703733938804645e-5,5.660909831785756e-5,38,EDNRA/BMP4/ACTA2/RILPL2/CLIC4/ICAM1/SIDT2/GATA2/NOTCH2/PECAM1/AR/VIM/PODXL/MSN/FLNB/CLDN5/AMOTL2/CCDC88C/TFCP2L1/PPP1R16B/GSTM3/MAGI2/IL6ST/ROBO4/PALLD/PDE2A/FLNA/CXCR4/SOX9/ARHGEF26/BCL11B/FRZB/PROX1/PLOD3/CDH5/HEG1/PRDM1/WNT5A
C1,Up,GO_BP,GO:0030511,positive regulation of transforming growth factor beta receptor signaling pathway,12/1323,32/16355,3.6592307405438483e-6,7.704240845982241e-5,5.661282320743481e-5,12,ZEB2/SDCBP/ITGA8/TGFB1I1/SLC2A10/TSC22D1/NPNT/CITED2/TGFBR3/MYOCD/LRG1/THBS1
C1,Up,GO_BP,GO:1903846,positive regulation of cellular response to transforming growth factor beta stimulus,12/1323,32/16355,3.6592307405438483e-6,7.704240845982241e-5,5.661282320743481e-5,12,ZEB2/SDCBP/ITGA8/TGFB1I1/SLC2A10/TSC22D1/NPNT/CITED2/TGFBR3/MYOCD/LRG1/THBS1
C1,Up,GO_BP,GO:0019722,calcium-mediated signaling,40/1323,232/16355,3.836240446545117e-6,8.04573672032165e-5,5.9122226268234435e-5,40,PRKD1/PDGFRA/NEGR1/PDGFRB/PTPRJ/SLC8A1/CAMK2D/GBP1/RCAN2/PKD2/SGCD/ACKR4/FHL2/AGTR1/PLN/MCOLN3/NCALD/ANK2/LRRK2/SELE/KCNJ8/CMKLR1/ADA/TMEM38B/C3AR1/ATP1A2/PTPRC/AVPR1A/NFATC1/RGN/CLIC2/CXCR4/RAMP3/IGF1/CXCL8/NFATC4/ACKR3/CCR1/CCL3/P2RY12
C1,Up,GO_BP,GO:0030048,actin filament-based movement,28/1323,137/16355,4.026017427034389e-6,8.41127948601954e-5,6.180833232111094e-5,28,GJC1/CACNA2D1/ZEB2/WIPF1/CAMK2D/LIMCH1/ACTA2/KCNE4/QKI/SGCD/PLN/SCN7A/ANK2/KCNJ8/SCN4B/PARVA/CCDC88C/ATP1A2/TPM1/MYO1D/MYH10/FLNA/PDPN/KCNJ2/EPDR1/KCNE3/PDE4B/ABCC9
C1,Up,GO_BP,GO:0050866,negative regulation of cell activation,37/1323,208/16355,4.158362903404149e-6,8.654493215054152e-5,6.359553188025219e-5,37,PDGFRA/CD200/LGALS1/BMP4/AXL/LRRC32/PDE5A/ADGRF5/CD69/FN1/LYN/HFE/FGL2/HLX/CD84/CNR1/SAMSN1/IL4R/PTPN22/CYGB/PRKG1/RUNX3/ID2/MDK/PTPRC/FGR/VSIG4/INHBA/CD86/MNDA/SERPINE2/TYROBP/HAVCR2/LAPTM5/PLA2G5/PDCD1LG2/GPNMB
C1,Up,GO_BP,GO:0048708,astrocyte differentiation,21/1323,87/16355,4.211407512770937e-6,8.731437255485395e-5,6.41609372777316e-5,21,PLPP3/ZEB2/TLR4/QKI/BMP2/ABL1/VIM/PLP1/ROR1/ID4/S100A9/IL6/ID2/S100A8/LAMC3/C1QA/IL6ST/TAL1/SERPINE2/SOX9/GAP43
C1,Up,GO_BP,GO:0050729,positive regulation of inflammatory response,30/1323,153/16355,4.496939155542028e-6,9.287974712130912e-5,6.825052342531667e-5,30,ETS1/GBP2/C3/TLR4/IL33/LGALS1/OSMR/GBP1/CD47/SNCA/AGTR1/LRRK2/LPL/IL15/IL16/CNR1/S100A9/PLA2G2A/PTGER4/IL6/MDK/ABCC1/S100A8/IL6ST/PDE2A/TSLP/ALOX5AP/SERPINE1/WNT5A/CCL3
C1,Up,GO_BP,GO:0032640,tumor necrosis factor production,32/1323,169/16355,4.759096725848766e-6,9.755250345211508e-5,7.1684189809011e-5,32,IRAK3/TLR4/IL33/PTPRJ/AXL/AKAP12/CD47/LY96/TWIST1/ANGPT1/LRRK2/PIK3R1/SIRPA/ARHGEF2/LPL/GAS6/PTPN22/IL6/PTPRC/IL27RA/CCL19/CYBB/TYROBP/IGF1/HAVCR2/NFATC4/CD14/FCGR2A/THBS1/GPNMB/WNT5A/CCL3
C1,Up,GO_BP,GO:0032680,regulation of tumor necrosis factor production,32/1323,169/16355,4.759096725848766e-6,9.755250345211508e-5,7.1684189809011e-5,32,IRAK3/TLR4/IL33/PTPRJ/AXL/AKAP12/CD47/LY96/TWIST1/ANGPT1/LRRK2/PIK3R1/SIRPA/ARHGEF2/LPL/GAS6/PTPN22/IL6/PTPRC/IL27RA/CCL19/CYBB/TYROBP/IGF1/HAVCR2/NFATC4/CD14/FCGR2A/THBS1/GPNMB/WNT5A/CCL3
C1,Up,GO_BP,GO:0008217,regulation of blood pressure,34/1323,185/16355,4.833362001972769e-6,9.870233982975971e-5,7.252912034618417e-5,34,POSTN/EDNRA/VEGFC/ENG/ACTA2/GUCY1A1/NPR2/F2R/AGTR1/NCALD/COL1A2/PPARG/ADH5/ACVRL1/AR/CPA3/KCNJ8/GAS6/GCH1/CNR1/CTSZ/TACR1/STK39/SOD2/ATP1A2/ID2/TPM1/ENPEP/AVPR1A/EMILIN2/GNA12/NPR3/DDAH1/ABCC9
C1,Up,GO_BP,GO:0055007,cardiac muscle cell differentiation,25/1323,116/16355,4.86026396451014e-6,9.887997698583926e-5,7.265965288161818e-5,25,COL14A1/PDGFRA/PDGFRB/SLC8A1/MEF2C/BMP4/FZD7/SGCD/FHL2/BMP2/IRX3/DKK1/TBX3/HEY2/KCNJ8/PRICKLE1/PRKG1/MYH11/POPDC1/IGF1/EFNB2/PROX1/NOX4/MYOCD/SGCB
C1,Up,GO_BP,GO:0007409,axonogenesis,64/1323,447/16355,5.001603066859784e-6,1.0137577559396398e-4,7.449363248048822e-5,64,CXCL12/EDNRA/FYN/LAMA2/MAP1B/PLXND1/SLIT3/NEXN/PTPRJ/NPR2/FLRT3/UST/CDH11/FEZ1/ADARB1/FOXD1/PTPRZ1/PLXNC1/NOTCH2/TRIO/ARHGEF40/ITGA4/ABL1/L1CAM/NRP1/BCL2/S100B/PLPPR4/NTN4/NRCAM/ENAH/FN1/EPHA3/ARK2C/B4GALT6/PAK3/SEMA6A/PRICKLE1/SEMA3A/SEMA3G/PTPRM/APBB2/PRKG1/CHN1/UCHL1/PLXNA1/MAP1A/ROBO4/PALLD/TNN/OLFM1/BCL11B/EFNB2/ALCAM/STMN1/CRABP2/KALRN/GAP43/DCLK1/THY1/WNT5A/CNTN1/NFASC/GATA3
C1,Up,GO_BP,GO:0003012,muscle system process,63/1323,439/16355,5.488909713696634e-6,1.106769142110669e-4,8.132835801262803e-5,63,EDNRA/GJC1/COL14A1/PRKD1/CACNA2D1/DOCK4/SLC8A1/CAMK2D/SMTN/IGFBP5/MYL9/ACTA2/KCNE4/GUCY1A1/CALD1/MYLK/TPM2/F2R/COL6A1/SGCD/PDE5A/PLN/SCN7A/ANK2/PPARG/TNFRSF1B/TBX3/HEY2/LMOD1/KCNJ8/SNTB1/SCN4B/FOXO3/ADRA2A/KLF15/SYNM/TRIM63/ADA/TMEM38B/TACR1/APBB2/PRKG1/ATP1A2/TPM1/NPNT/MYH11/NFATC1/IL6ST/CLIC2/RCSD1/FLNA/CXCR4/IGF1/ANXA6/KCNJ2/DTNA/PRKCA/KCNE3/SLC6A8/PDE4B/MYOCD/ABCC9/COMP
C1,Up,GO_BP,GO:0150146,cell junction disassembly,11/1323,28/16355,5.501245735822545e-6,1.106769142110669e-4,8.132835801262803e-5,11,C3/PLXNC1/PIK3R1/DKK1/TGFB3/ITGAM/PRICKLE1/C1QB/C1QC/C1QA/TGFBR1
C1,Up,GO_BP,GO:0050818,regulation of coagulation,19/1323,75/16355,5.596490668048962e-6,1.121776284459113e-4,8.243112298792645e-5,19,SERPING1/PDGFRA/TFPI/ANXA5/ANGPT1/F2R/ANO6/PROS1/ENPP4/PRKG1/PROCR/ANGPT2/F3/EMILIN2/SERPINE2/TSPAN8/SERPINE1/FAP/THBS1
C1,Up,GO_BP,GO:1901888,regulation of cell junction assembly,43/1323,261/16355,5.661129009204057e-6,1.1295860755580788e-4,8.300500733501733e-5,43,DOCK10/FERMT2/MAP1B/DOCK4/LIN7A/NEGR1/PTPRJ/DLC1/MEF2C/LIMCH1/THBS2/GPM6B/SNCA/FLRT3/PEAK1/TEK/ABL1/ACVRL1/NRP1/ASIC1/IRX3/COL16A1/DKK1/EPHA3/CLDN5/CLSTN2/PRICKLE1/ARHGAP6/ELMO1/VLDLR/FGFR1/APOD/FAM107A/SRPX2/FZD1/WDPCP/NECTIN3/LRRN3/DCLK1/NLGN1/THBS1/THY1/WNT5A
C1,Up,GO_BP,GO:0007264,small GTPase-mediated signal transduction,68/1323,486/16355,5.67704342097488e-6,1.1295860755580788e-4,8.300500733501733e-5,68,DOCK10/COL3A1/EPS8/RHOJ/DOCK4/CYTH3/SDCBP/DOCK11/DLC1/RGL1/KANK2/RHOBTB1/CSF1/ARHGAP26/ARHGAP31/DIRAS3/RAC2/F2R/AGTR1/NOTCH2/TEK/TRIO/COL1A2/ARHGEF40/ABL1/LPAR1/CCDC88A/LRRK2/PREX1/NRP1/DOCK2/ARHGAP29/PREX2/ARHGAP9/ARHGEF2/ARHGAP20/RHOQ/CDC42EP5/ADRA2A/RRAS/STARD13/CCDC88C/ARHGAP6/TAGAP/ELMO1/AIF1/MCF2L/FGD5/MRAS/CDC42EP3/CHN1/PSD3/FGF2/RASGRP3/PRAG1/RASA3/ABCA1/SIPA1L2/GNA12/PDPN/DOK6/IGF1/STMN1/RRAD/HEG1/KALRN/PLD1/RERG
C1,Up,GO_BP,GO:0031032,actomyosin structure organization,37/1323,211/16355,5.861062621907097e-6,1.161944969423334e-4,8.538282544092091e-5,37,FERMT2/PRKD1/PDGFRA/ZEB2/PDGFRB/DLC1/LIMCH1/MYL9/CD47/CNN3/CFL2/PGM5/ABL1/LPAR1/CCDC88A/NRP1/KRT19/PIK3R1/LMOD1/EPB41L3/TGFB3/EPB41L2/CCN2/ARHGAP6/TACR1/PTGER4/TPM1/MYH11/SYNPO/LDB3/MYH10/RGCC/STMN1/TGFBR1/S1PR1/PROX1/IQGAP2
C1,Up,GO_BP,GO:0055001,muscle cell development,35/1323,195/16355,6.103593756466904e-6,1.2056262285501172e-4,8.85926412421914e-5,35,EDNRA/COL14A1/PRKD1/PDGFRA/ENG/PDGFRB/SLC8A1/BMP4/MYL9/COL6A1/SGCD/FHL2/CFL2/ANK2/PGM5/BCL2/KRT19/TBX3/HEY2/LMOD1/PRICKLE1/EFEMP2/PRKG1/TPM1/MYH11/UCHL1/LDB3/LOX/ACTN1/POPDC1/IGF1/PROX1/NFATC4/SGCB/COMP
C1,Up,GO_BP,GO:0030168,platelet activation,28/1323,140/16355,6.23879233091125e-6,1.2278666645474604e-4,9.022692798938011e-5,28,COL3A1/PDGFRA/TLR4/F2RL2/PTPRJ/AXL/MYL9/SVEP1/F2R/PLSCR1/PEAR1/LYN/MMRN1/ADRA2A/PRKG1/FCER1G/IL6/RASA3/IL6ST/FLNA/EMILIN2/SERPINE2/PDPN/VWF/SAA1/PRKCA/COMP/P2RY12
C1,Up,GO_BP,GO:0050863,regulation of T cell activation,57/1323,386/16355,6.401593858043808e-6,1.255359488696533e-4,9.224717427209622e-5,57,TGFBR2/FYN/ZEB1/LGALS1/BMP4/LRRC32/VCAM1/CD47/RAC2/IL7/PDE5A/ABL1/CD69/TNFRSF1B/SIRPA/LYN/IL7R/SMARCD3/HFE/IL15/FGL2/CYP26B1/FOXO3/HLX/ADA/IL4R/AIF1/PTPN22/RUNX3/IL6/CORO1A/MDK/CCL21/PTPRC/CCL19/VSIG4/IL6ST/CCL5/CD86/DPP4/CCL2/IGF1/HAVCR2/TOX/EFNB2/HLA-DPB1/ZBTB16/LAPTM5/IGF2/PLA2G5/PDCD1LG2/HLA-DMA/PRDM1/GPNMB/THY1/HLA-DRB3/GATA3
C1,Up,GO_BP,GO:0035023,regulation of Rho protein signal transduction,20/1323,83/16355,7.289474579346265e-6,1.4243318674463638e-4,1.0466371679243104e-4,20,DOCK10/COL3A1/EPS8/DOCK11/DLC1/KANK2/F2R/TEK/ABL1/LPAR1/NRP1/ARHGEF2/ARHGAP20/STARD13/TAGAP/MCF2L/PRAG1/ABCA1/STMN1/HEG1
C1,Up,GO_BP,GO:0035987,endodermal cell differentiation,15/1323,51/16355,7.539180940347993e-6,1.4678434002856738e-4,1.0786106065195091e-4,15,MMP2/COL4A2/COL6A1/ITGA4/DKK1/FN1/ITGA7/ITGB2/COL5A1/SOX17/SOX2/INHBA/ITGA5/COL11A1/COL8A1
C1,Up,GO_BP,GO:0060317,cardiac epithelial to mesenchymal transition,12/1323,34/16355,7.631098600332826e-6,1.4804331284645682e-4,1.087861875656469e-4,12,TGFBR2/ENG/TWIST1/BMP2/TBX3/HEY2/MSX1/TGFBR3/OLFM1/TGFBR1/HEY1/HAS2
C1,Up,GO_BP,GO:0001818,negative regulation of cytokine production,47/1323,299/16355,7.818743675302306e-6,1.5049571806929408e-4,1.1058828054390417e-4,47,IRAK3/FBLN1/TLR4/CD200/IL33/AXL/LRRC32/GBP1/QKI/TWIST1/SRGN/ANGPT1/ADCY7/SLC2A10/SIRPA/FN1/TGFB3/HFE/CD84/GAS6/CMKLR1/TRIB2/KLF2/PTPN22/FGFR1/APOD/PTGER4/IL6/XAF1/PTPRC/IL27RA/VSIG4/INHBA/INHBB/TLR8/RGCC/RNF125/NAV3/TYROBP/IGF1/HAVCR2/LAPTM5/RNF128/PDCD1LG2/THBS1/GPNMB/GATA3
C1,Up,GO_BP,GO:2000401,regulation of lymphocyte migration,18/1323,70/16355,7.830839166884293e-6,1.5049571806929408e-4,1.1058828054390417e-4,18,CXCL12/JAM2/CD200/ITGA4/ABL1/MSN/CD69/AIF1/APOD/STK39/CORO1A/CCL21/IL27RA/CCL5/CD99L2/CCL2/WNT5A/CCL3
C1,Up,GO_BP,GO:0016525,negative regulation of angiogenesis,25/1323,119/16355,7.840627432549746e-6,1.5049571806929408e-4,1.1058828054390417e-4,25,ADAMTS1/FYN/SHC1/COL4A2/THBS2/QKI/HHEX/HSPG2/TEK/PPARG/SERPINF1/CLDN5/STAB1/THBS4/SEMA6A/KLF2/TIE1/PTPRM/ANGPT2/RGCC/ISM1/ALOX5/SERPINE1/DCN/THBS1
C1,Up,GO_BP,GO:0035296,regulation of tube diameter,29/1323,150/16355,8.596694150649955e-6,1.6384997412747563e-4,1.204013452235074e-4,29,MMP2/EDNRA/DOCK4/ADD3/SLC8A1/ACTA2/SVEP1/GUCY1A1/F2R/ITGA1/AGTR1/ITGA4/ABL1/SOD3/KCNJ8/ADRA2A/GCH1/KLF2/TACR1/PRKG1/CBS/SOD2/ATP1A2/CYSLTR1/AVPR1A/ITGA9/PLOD3/ABCC9/COMP
C1,Up,GO_BP,GO:0097746,blood vessel diameter maintenance,29/1323,150/16355,8.596694150649955e-6,1.6384997412747563e-4,1.204013452235074e-4,29,MMP2/EDNRA/DOCK4/ADD3/SLC8A1/ACTA2/SVEP1/GUCY1A1/F2R/ITGA1/AGTR1/ITGA4/ABL1/SOD3/KCNJ8/ADRA2A/GCH1/KLF2/TACR1/PRKG1/CBS/SOD2/ATP1A2/CYSLTR1/AVPR1A/ITGA9/PLOD3/ABCC9/COMP
C1,Up,GO_BP,GO:2000181,negative regulation of blood vessel morphogenesis,25/1323,120/16355,9.15472417632565e-6,1.7387574030000328e-4,1.2776854647267896e-4,25,ADAMTS1/FYN/SHC1/COL4A2/THBS2/QKI/HHEX/HSPG2/TEK/PPARG/SERPINF1/CLDN5/STAB1/THBS4/SEMA6A/KLF2/TIE1/PTPRM/ANGPT2/RGCC/ISM1/ALOX5/SERPINE1/DCN/THBS1
C1,Up,GO_BP,GO:0060071,"Wnt signaling pathway, planar cell polarity pathway",14/1323,46/16355,9.752950682399559e-6,1.841674686551139e-4,1.3533118385012635e-4,14,DAB2/FZD7/CTHRC1/RSPO3/GPC3/ABL1/DKK1/ANKRD6/PRICKLE2/CCDC88C/PRICKLE1/MAGI2/DACT1/WNT5A
C1,Up,GO_BP,GO:0032330,regulation of chondrocyte differentiation,15/1323,52/16355,9.809493374694192e-6,1.841674686551139e-4,1.3533118385012635e-4,15,BMP4/MBOAT2/RUNX2/AXIN2/ACVRL1/CCN2/SOX5/LOXL2/MDK/RFLNB/SOX9/EFEMP1/FGF18/TGFBR1/ZBTB16
C1,Up,GO_BP,GO:0060324,face development,15/1323,52/16355,9.809493374694192e-6,1.841674686551139e-4,1.3533118385012635e-4,15,MMP2/EDNRA/PDGFRA/COL1A1/CRISPLD2/DKK1/CLDN5/TGFB3/RRAS/PRICKLE1/ARID5B/CRISPLD1/MSX1/ALDH1A3/WNT5A
C1,Up,GO_BP,GO:0035150,regulation of tube size,29/1323,151/16355,9.832210219069042e-6,1.841674686551139e-4,1.3533118385012635e-4,29,MMP2/EDNRA/DOCK4/ADD3/SLC8A1/ACTA2/SVEP1/GUCY1A1/F2R/ITGA1/AGTR1/ITGA4/ABL1/SOD3/KCNJ8/ADRA2A/GCH1/KLF2/TACR1/PRKG1/CBS/SOD2/ATP1A2/CYSLTR1/AVPR1A/ITGA9/PLOD3/ABCC9/COMP
C1,Up,GO_BP,GO:0061351,neural precursor cell proliferation,31/1323,167/16355,1.0133797670376575e-5,1.8916422318036275e-4,1.3900293277651645e-4,31,EML1/VCAN/VEGFC/GATA2/NAP1L1/NES/PTPRZ1/ZNF503/LRRK2/LIMS2/ID4/ARHGEF2/LYN/SMARCD3/FOXO3/DBN1/SOX10/SOX5/PTN/FGFR1/ID2/MDK/FGF2/SLC16A2/POU3F3/DCT/FLNA/TOX/PROX1/HAPLN1/WNT5A
C1,Up,GO_BP,GO:0042116,macrophage activation,23/1323,106/16355,1.0223020444898933e-5,1.9017618855031167e-4,1.3974655200813538e-4,23,MFHAS1/TLR4/CD200/IL33/SNCA/ADGRF5/LRRK2/CD93/KCNJ8/ITGAM/ITGB2/IL4R/AIF1/STK39/IL6/PTPRC/C1QA/VSIG4/TYROBP/HAVCR2/THBS1/WNT5A/CCL3
C1,Up,GO_BP,GO:0060973,cell migration involved in heart development,9/1323,20/16355,1.0669803782436345e-5,1.971373270278715e-4,1.448617828249145e-4,9,EDNRA/ENG/PDGFRB/BMP4/FLRT3/DCHS1/TWIST1/PITX2/POPDC1
C1,Up,GO_BP,GO:0061298,retina vasculature development in camera-type eye,9/1323,20/16355,1.0669803782436345e-5,1.971373270278715e-4,1.448617828249145e-4,9,COL4A1/PDGFRA/RHOJ/PDGFRB/CLIC4/FZD4/ACVRL1/NRP1/CYP1B1
C1,Up,GO_BP,GO:0048048,embryonic eye morphogenesis,12/1323,35/16355,1.076163123518329e-5,1.9815993515090045e-4,1.4561322263627132e-4,12,MFAP5/ZEB1/FBN1/TWIST1/MFAP2/FOXF2/CITED2/FOXL2/EFEMP1/PROX1/ALDH1A3/WNT5A
C1,Up,GO_BP,GO:0001958,endochondral ossification,11/1323,30/16355,1.2029035161635794e-5,2.1853417725085496e-4,0.00016058476089745794,11,COL1A1/CSGALNACT1/MEF2C/BMP4/NPR2/RUNX2/TEK/CBS/COL13A1/FGF18/TMEM119
C1,Up,GO_BP,GO:0003171,atrioventricular valve development,11/1323,30/16355,1.2029035161635794e-5,2.1853417725085496e-4,0.00016058476089745794,11,TGFBR2/SLIT3/DCHS1/TWIST1/BMP2/AXIN2/SMAD6/HEY2/CCN1/OLFM1/HEY1
C1,Up,GO_BP,GO:0036075,replacement ossification,11/1323,30/16355,1.2029035161635794e-5,2.1853417725085496e-4,0.00016058476089745794,11,COL1A1/CSGALNACT1/MEF2C/BMP4/NPR2/RUNX2/TEK/CBS/COL13A1/FGF18/TMEM119
C1,Up,GO_BP,GO:1903055,positive regulation of extracellular matrix organization,11/1323,30/16355,1.2029035161635794e-5,2.1853417725085496e-4,0.00016058476089745794,11,DDR2/TNXB/BMP2/ABL1/EFEMP2/MELTF/IL6/RGCC/PDPN/SOX9/TGFBR1
C1,Up,GO_BP,GO:0097048,dendritic cell apoptotic process,7/1323,12/16355,1.2289128651111844e-5,2.1941214912008666e-4,1.6122991811940327e-4,7,CXCL12/AXL/BCL2/LYN/GAS6/CCL21/CCL19
C1,Up,GO_BP,GO:0097084,vascular associated smooth muscle cell development,7/1323,12/16355,1.2289128651111844e-5,2.1941214912008666e-4,1.6122991811940327e-4,7,EDNRA/ENG/HEY2/EFEMP2/NFATC4/SGCB/COMP
C1,Up,GO_BP,GO:2000668,regulation of dendritic cell apoptotic process,7/1323,12/16355,1.2289128651111844e-5,2.1941214912008666e-4,1.6122991811940327e-4,7,CXCL12/AXL/BCL2/LYN/GAS6/CCL21/CCL19
C1,Up,GO_BP,GO:0003203,endocardial cushion morphogenesis,13/1323,41/16355,1.2296411990244694e-5,2.1941214912008666e-4,1.6122991811940327e-4,13,TGFBR2/ADAMTS5/ENG/DCHS1/TWIST1/BMP2/ACVRL1/TBX3/HEY2/MSX1/SOX9/TGFBR1/HEY1
C1,Up,GO_BP,GO:0010712,regulation of collagen metabolic process,13/1323,41/16355,1.2296411990244694e-5,2.1941214912008666e-4,1.6122991811940327e-4,13,DDR2/LARP6/ENG/BMP4/MFAP4/F2R/VIM/TGFB3/CYGB/IL6/INHBA/RGCC/FAP
C1,Up,GO_BP,GO:0030326,embryonic limb morphogenesis,25/1323,122/16355,1.2400502536794294e-5,2.1941214912008666e-4,1.6122991811940327e-4,25,RECK/BMP4/PRRX1/OSR2/TWIST1/RUNX2/GPC3/NOTCH2/FRAS1/DKK1/TBX3/CYP26B1/DYNC2H1/PRICKLE1/FGFR1/MAP3K20/AFF3/MSX1/GNA12/WDPCP/HOXD10/ZBTB16/CRABP2/SFRP2/WNT5A
C1,Up,GO_BP,GO:0035113,embryonic appendage morphogenesis,25/1323,122/16355,1.2400502536794294e-5,2.1941214912008666e-4,1.6122991811940327e-4,25,RECK/BMP4/PRRX1/OSR2/TWIST1/RUNX2/GPC3/NOTCH2/FRAS1/DKK1/TBX3/CYP26B1/DYNC2H1/PRICKLE1/FGFR1/MAP3K20/AFF3/MSX1/GNA12/WDPCP/HOXD10/ZBTB16/CRABP2/SFRP2/WNT5A
C1,Up,GO_BP,GO:1901343,negative regulation of vasculature development,25/1323,122/16355,1.2400502536794294e-5,2.1941214912008666e-4,1.6122991811940327e-4,25,ADAMTS1/FYN/SHC1/COL4A2/THBS2/QKI/HHEX/HSPG2/TEK/PPARG/SERPINF1/CLDN5/STAB1/THBS4/SEMA6A/KLF2/TIE1/PTPRM/ANGPT2/RGCC/ISM1/ALOX5/SERPINE1/DCN/THBS1
C1,Up,GO_BP,GO:0051251,positive regulation of lymphocyte activation,50/1323,331/16355,1.2518618634807123e-5,2.2078291046841652e-4,1.622371902364614e-4,50,TGFBR2/FYN/TLR4/SH3KBP1/MEF2C/LGALS1/AXL/VCAM1/CD47/IL7/ABL1/BCL2/SIRPA/LYN/IL7R/SMARCD3/IL15/FOXO3/HLX/GAS6/ADA/IL4R/AIF1/TACR1/RUNX3/IL6/CORO1A/MDK/CCL21/PTPRC/CCL19/IL6ST/CCL5/CD86/DPP4/GPR183/TYROBP/CCL2/IGF1/HAVCR2/TOX/EFNB2/HLA-DPB1/ZBTB16/IGF2/PDCD1LG2/HLA-DMA/THY1/HLA-DRB3/GATA3
C1,Up,GO_BP,GO:0043583,ear development,37/1323,218/16355,1.2613469721981559e-5,2.217358172485561e-4,1.629374116360214e-4,37,EDNRA/ZEB1/LIN7A/EYA4/BMP4/PRRX1/OSR2/CTHRC1/DCHS1/TWIST1/GATA2/GSDME/ITGA8/MCOLN3/BMP2/BCL2/PLPPR4/TBX3/ROR1/HEY2/TGFB3/CYTL1/FGFR1/FGF2/SOX2/MSX1/SOX9/WDPCP/SOBP/FRZB/PROX1/ALDH1A3/COL11A1/BMPER/WNT5A/GABRB2/GATA3
C1,Up,GO_BP,GO:0072073,kidney epithelium development,29/1323,153/16355,1.2802023763910114e-5,2.2432449382438628e-4,1.6483964045075435e-4,29,EDNRA/WNT2B/MEF2C/KANK2/BMP4/DCHS1/GPC3/FOXD1/PKD2/NOTCH2/BMP2/PECAM1/PODXL/BCL2/IRX3/SMAD6/TFAP2B/KLF15/FGFR1/MAGI2/NPNT/FGF2/POU3F3/AQP1/IRX1/SOX9/EFNB2/BMPER/GATA3
C1,Up,GO_BP,GO:1903557,positive regulation of tumor necrosis factor superfamily cytokine production,23/1323,108/16355,1.4143851085739261e-5,2.470398684814652e-4,1.8153150555804125e-4,23,TLR4/IL33/PTPRJ/AKAP12/LY96/TWIST1/LRRK2/PIK3R1/ARHGEF2/LPL/IL6/PTPRC/CCL19/CD86/CYBB/TYROBP/HAVCR2/NFATC4/CD14/FCGR2A/THBS1/WNT5A/CCL3
C1,Up,GO_BP,GO:0002695,negative regulation of leukocyte activation,33/1323,186/16355,1.430205204034387e-5,2.490023932152176e-4,1.8297362124488514e-4,33,CD200/LGALS1/BMP4/AXL/LRRC32/PDE5A/ADGRF5/CD69/FN1/LYN/HFE/FGL2/HLX/CD84/CNR1/SAMSN1/IL4R/PTPN22/RUNX3/ID2/MDK/PTPRC/FGR/VSIG4/INHBA/CD86/MNDA/TYROBP/HAVCR2/LAPTM5/PLA2G5/PDCD1LG2/GPNMB
C1,Up,GO_BP,GO:0032231,regulation of actin filament bundle assembly,22/1323,101/16355,1.4827438638335815e-5,2.565052442147775e-4,1.8848691691776537e-4,22,FERMT2/DLC1/LIMCH1/CD47/SYNPO2/ABL1/LPAR1/CCDC88A/NRP1/PIK3R1/TGFB3/CCN2/ARHGAP6/TACR1/PTGER4/TPM1/SYNPO/FLNA/RGCC/STMN1/TGFBR1/S1PR1
C1,Up,GO_BP,GO:0110020,regulation of actomyosin structure organization,22/1323,101/16355,1.4827438638335815e-5,2.565052442147775e-4,1.8848691691776537e-4,22,FERMT2/PRKD1/DLC1/LIMCH1/CD47/ABL1/LPAR1/CCDC88A/NRP1/PIK3R1/TGFB3/CCN2/ARHGAP6/TACR1/PTGER4/TPM1/SYNPO/RGCC/STMN1/TGFBR1/S1PR1/PROX1
C1,Up,GO_BP,GO:0032233,positive regulation of actin filament bundle assembly,16/1323,60/16355,1.5073370937311116e-5,2.59931907718965e-4,1.910049209499875e-4,16,FERMT2/LIMCH1/CD47/SYNPO2/ABL1/LPAR1/CCDC88A/NRP1/TGFB3/CCN2/TACR1/TPM1/SYNPO/FLNA/RGCC/TGFBR1
C1,Up,GO_BP,GO:0010232,vascular transport,20/1323,87/16355,1.5492011640487118e-5,2.654656379530789e-4,1.950712539954413e-4,20,LEPR/ABCB1/ABCG2/SLC44A1/SLC2A10/ABCC4/KCNJ8/SLC1A1/SLC6A6/SLCO2B1/ATP1A2/ATP8A1/SLC16A1/ABCC1/AVPR1A/SLC16A2/SLC2A3/SLC16A7/SLC38A5/ABCC9
C1,Up,GO_BP,GO:0150104,transport across blood-brain barrier,20/1323,87/16355,1.5492011640487118e-5,2.654656379530789e-4,1.950712539954413e-4,20,LEPR/ABCB1/ABCG2/SLC44A1/SLC2A10/ABCC4/KCNJ8/SLC1A1/SLC6A6/SLCO2B1/ATP1A2/ATP8A1/SLC16A1/ABCC1/AVPR1A/SLC16A2/SLC2A3/SLC16A7/SLC38A5/ABCC9
C1,Up,GO_BP,GO:0030111,regulation of Wnt signaling pathway,49/1323,325/16355,1.605221408907846e-5,2.742000846914283e-4,2.014895591717495e-4,49,RBMS3/PLPP3/DAB2/ZEB2/COL1A1/GRB10/RECK/IGFBP4/ADGRA2/FZD7/CTHRC1/RSPO3/HHEX/BICC1/GPC3/BMP2/AXIN2/ABL1/LRRK2/DKK1/DKK2/ANKRD6/FOXO3/TBL1X/SOX10/TMEM237/CCDC88C/PRICKLE1/KLF15/CMAHP/SHISA2/ZNF703/SOX17/MDK/FGF2/SOX2/FZD1/CDK14/DACT1/DAAM2/TNN/SOX9/APCDD1/FRZB/SOX7/NFATC4/WIF1/SFRP2/WNT5A
C1,Up,GO_BP,GO:0010761,fibroblast migration,15/1323,54/16355,1.623865788387331e-5,2.7651532797868286e-4,2.0319086188961421e-4,15,DDR2/ZEB2/AKAP12/ACTA2/TNS1/PRR5L/FUT8/ARID5B/CYGB/FGF2/CD248/AQP1/GNA12/WDPCP/THBS1
C1,Up,GO_BP,GO:0060412,ventricular septum morphogenesis,13/1323,42/16355,1.6498391176918897e-5,2.798808246372292e-4,2.056639188869803e-4,13,TGFBR2/ZFPM2/SLIT3/BMP4/SAV1/TBX3/HEY2/CITED2/FZD1/TGFBR3/TGFBR1/HEY1/PROX1
C1,Up,GO_BP,GO:0048754,branching morphogenesis of an epithelial tube,29/1323,155/16355,1.6568717049515584e-5,2.798808246372292e-4,2.056639188869803e-4,29,TGFBR2/EDNRA/COL4A1/PLXND1/WNT2B/ENG/TNC/BMP4/CSF1/CLIC4/DCHS1/GPC3/FOXD1/PKD2/BMP2/ABL1/AR/NRP1/BCL2/TBX3/TIE1/CTSZ/NPNT/MDK/FGF2/SOX9/NFATC4/SFRP2/WNT5A
C1,Up,GO_BP,GO:0001704,formation of primary germ layer,25/1323,124/16355,1.6657937587488665e-5,2.798808246372292e-4,2.056639188869803e-4,25,MMP2/COL4A2/BMP4/FZD7/COL6A1/ITGA8/ITGA4/EYA2/DKK1/FN1/ITGA7/ITGB2/COL5A1/FGFR1/SOX17/SOX2/INHBA/TAL1/SOX7/ITGA5/COL11A1/SFRP2/COL8A1/WNT5A/DUSP4
C1,Up,GO_BP,GO:0022612,gland morphogenesis,25/1323,124/16355,1.6657937587488665e-5,2.798808246372292e-4,2.056639188869803e-4,25,MMP2/TGFBR2/PLXND1/TNC/BMP4/IGFBP5/CSF1/NOTCH2/AR/NRP1/BCL2/MSN/LIMS2/NTN4/TBX3/ID4/TGFB3/PTN/FGFR1/IL6/MDK/PLXNA1/SOX9/PROX1/WNT5A
C1,Up,GO_BP,GO:0007157,heterophilic cell-cell adhesion via plasma membrane cell adhesion molecules,14/1323,48/16355,1.681944870253896e-5,2.798808246372292e-4,2.056639188869803e-4,14,VCAM1/HMCN1/ICAM1/DCHS1/FAT4/PVR/SELE/SCARF1/NECTIN3/ALCAM/ITGA5/CEACAM6/CEACAM5/NLGN1
C1,Up,GO_BP,GO:0033628,regulation of cell adhesion mediated by integrin,14/1323,48/16355,1.681944870253896e-5,2.798808246372292e-4,2.056639188869803e-4,14,PIEZO1/JAM3/PODXL/CYP1B1/MUC1/LPXN/LYN/ADA/CCL21/CCL5/DPP4/SERPINE1/SFRP2/P2RY12
C1,Up,GO_BP,GO:0061383,trabecula morphogenesis,14/1323,48/16355,1.681944870253896e-5,2.798808246372292e-4,2.056639188869803e-4,14,MMP2/ADAMTS1/COL1A1/ENG/SLC40A1/FHL2/TEK/HEY2/TGFBR3/RBP4/TGFBR1/HEY1/S1PR1/HEG1
C1,Up,GO_BP,GO:1904705,regulation of vascular associated smooth muscle cell proliferation,17/1323,67/16355,1.684849588666678e-5,2.798808246372292e-4,2.056639188869803e-4,17,MMP2/ADAMTS1/DDR2/MEF2C/BMP4/IGFBP5/CALCRL/PPARG/TGFB3/EFEMP2/PRKG1/SOD2/TPM1/FGF2/GNA12/IGF1/MYOCD
C1,Up,GO_BP,GO:0001666,response to hypoxia,46/1323,299/16355,1.715509563188566e-5,2.841051203426918e-4,2.0876804440343527e-4,46,MMP2/POSTN/CXCL12/EDNRA/DDR2/VEGFC/ENG/DDIT4/VCAM1/ARNT2/TWIST1/FZD4/ANG/PTGIS/HSPG2/BMP2/TEK/PPARG/ACVRL1/BCL2/BNIP3/SOD3/KCNJ8/PGF/TGFB3/FOXO3/ADA/LOXL2/CYGB/CBS/SOD2/ANGPT2/CITED2/CYSLTR1/INHBA/PENK/DPP4/RGCC/AQP1/TGFBR3/CXCR4/CYBB/DDAH1/MYOCD/THBS1/ABCC9
C1,Up,GO_BP,GO:0071900,regulation of protein serine/threonine kinase activity,39/1323,238/16355,1.724858324707471e-5,2.8456297161464267e-4,2.0910448576907313e-4,39,FERMT2/IRAK3/CCND2/TLR4/PDGFRB/PTPRJ/SLC8A1/FLT1/HERC5/SNCA/NTRK3/DIRAS3/HHEX/PDE5A/BMP2/SYNPO2/ABL1/LRRK2/PKIA/TCIM/LYN/ADRA2A/TRIB2/PTPN22/FGFR1/UCHL1/FGF2/DIPK2A/CCL19/CEMIP/RGCC/FGF18/PROX1/NOX4/MYOCD/HEG1/THBS1/THY1/WNT5A
C1,Up,GO_BP,GO:0035886,vascular associated smooth muscle cell differentiation,11/1323,31/16355,1.7287514844041252e-5,2.8456297161464267e-4,2.0910448576907313e-4,11,EDNRA/ENG/QKI/HEY2/EFEMP2/SOD2/NFATC1/NFATC4/MYOCD/SGCB/COMP
C1,Up,GO_BP,GO:0060562,epithelial tube morphogenesis,49/1323,326/16355,1.7445017791127654e-5,2.8628802610696505e-4,2.1037210196837673e-4,49,PRKACB/TGFBR2/EDNRA/COL4A1/PLXND1/WNT2B/ENG/TNC/DLC1/MEF2C/BMP4/CSF1/CLIC4/CTHRC1/DCHS1/TWIST1/GPC3/FOXD1/PKD2/TEAD2/NOTCH2/BMP2/ABL1/ACVRL1/AR/NRP1/PODXL/BCL2/IRX3/TBX3/MMRN2/STARD13/PRICKLE1/TIE1/CTSZ/SOX17/NPNT/MDK/FGF2/CITED2/CXCR4/IRX1/SOX9/EFNB2/PROX1/NFATC4/SFRP2/WNT5A/GATA3
C1,Up,GO_BP,GO:1905207,regulation of cardiocyte differentiation,10/1323,26/16355,1.846707515585494e-5,3.0200546841629153e-4,2.219216991385508e-4,10,MEF2C/BMP4/FZD7/BMP2/DKK1/HEY2/PRICKLE1/SOX17/EFNB2/MYOCD
C1,Up,GO_BP,GO:0048678,response to axon injury,19/1323,81/16355,1.8513958207405207e-5,3.0200546841629153e-4,2.219216991385508e-4,19,MMP2/MAP1B/TNC/AXL/FLRT3/BCL2/BNIP3/LYN/DPYSL3/SLC1A1/PTN/APOD/SOD2/FGF2/SCARF1/FLNA/TYROBP/GAP43/P2RY12
C1,Up,GO_BP,GO:0043269,regulation of monoatomic ion transport,63/1323,456/16355,1.8576413945546036e-5,3.0211700764133556e-4,2.2200366114563685e-4,63,CXCL12/EDNRA/FYN/SESTD1/PRKD1/GABRE/CACNA2D1/FXYD5/PDGFRB/SLC8A1/CAMK2D/KCNE4/SNCA/MYLK/STOM/F2R/FHL1/PKD2/PLN/ABCB1/GEM/ANK2/ABL1/CASK/ANO6/PLP1/BCL2/KCNJ8/LYN/HFE/SCN4B/ADRA2A/CD84/IL16/CNR1/KCNJ13/TMEM38B/STK39/ATP1A2/CORO1A/TRPC1/CLIC2/FXYD6/CCL5/HEPH/CEMIP/FLNA/CXCR4/SERPINE2/STIMATE/CCL2/KCNJ2/GRP/KCNE3/PDE4B/RRAD/CCR1/MAOB/THY1/ABCC9/CNTN1/CCL3/P2RY12
C1,Up,GO_BP,GO:0035265,organ growth,30/1323,164/16355,1.8824320654079574e-5,3.052349546058515e-4,2.2429481200398978e-4,30,TGFBR2/COL14A1/DDR2/ZFPM2/MEF2C/SAV1/NPR2/IL7/LEPR/ABL1/AR/BCL2/HEY2/HLX/TMEM38B/FGFR1/PRKG1/FGF2/DIPK2A/CITED2/TGFBR3/SOX9/RBP4/IGF1/TGFBR1/S1PR1/PROX1/IGF2/HEG1/COMP
C1,Up,GO_BP,GO:0097485,neuron projection guidance,38/1323,231/16355,2.012468525572997e-5,3.253490783009679e-4,2.3907520830115302e-4,38,CXCL12/EDNRA/FYN/LAMA2/SLIT3/NEXN/PTPRJ/FLRT3/FEZ1/FOXD1/NOTCH2/TRIO/ARHGEF40/L1CAM/NRP1/NTN4/NRCAM/ENAH/EPHA3/ARK2C/SEMA6A/SEMA3A/SEMA3G/PTPRM/APBB2/CHN1/PLXNA1/ROBO4/PALLD/BCL11B/EFNB2/ALCAM/KALRN/GAP43/WNT5A/CNTN1/NFASC/GATA3
C1,Up,GO_BP,GO:0043010,camera-type eye development,52/1323,355/16355,2.020335444005919e-5,3.2565169530682946e-4,2.3929757937436968e-4,52,TGFBR2/COL4A1/PDGFRA/RHOJ/ZEB1/WNT2B/FBN1/PDGFRB/FLT1/BMP4/THRB/CLIC4/OSR2/RORB/TWIST1/FZD4/NES/NOTCH2/MITF/SERPINF1/ACVRL1/VIM/NRP1/CYP1B1/TFAP2B/SMARCD3/PITX2/FOXF2/SLC1A1/PRICKLE1/PTPRM/FGF2/CITED2/LAMC3/INHBA/FOXL2/AQP1/SOX9/EFEMP1/WDPCP/BCL11B/NECTIN3/RBP4/TGFBR1/PROX1/ALDH1A3/COL8A2/PRDM1/COL8A1/THY1/WNT5A/GATA3
C1,Up,GO_BP,GO:0003382,epithelial cell morphogenesis,12/1323,37/16355,2.052055432965328e-5,3.2978595005525623e-4,2.423355403863134e-4,12,RILPL2/CLIC4/AR/FLNB/AMOTL2/CCDC88C/PALLD/ARHGEF26/BCL11B/PLOD3/CDH5/HEG1
C1,Up,GO_BP,GO:0045778,positive regulation of ossification,15/1323,55/16355,2.0673521397984453e-5,3.312642130792081e-4,2.434218076111071e-4,15,SLC8A1/MEF2C/BMP4/GPM6B/OSR2/BMP2/ANO6/PTN/TACR1/CCN1/ALOX5/ZBTB16/NELL1/TMEM119/WNT5A
C1,Up,GO_BP,GO:1903707,negative regulation of hemopoiesis,24/1323,118/16355,2.0952776399982983e-5,3.347514158961987e-4,2.4598429755026463e-4,24,TLR4/FBN1/LGALS1/BMP4/QKI/GATA2/PIK3R1/CD69/LYN/TNFAIP6/FGL2/HLX/TSC22D1/IL4R/RUNX3/ID2/TMEM176B/MDK/C1QC/INHBA/TMEM176A/TNFRSF11B/IL17D/CCL3
C1,Up,GO_BP,GO:0048066,developmental pigmentation,14/1323,49/16355,2.1808575778642723e-5,3.4740229803398027e-4,2.552805042525489e-4,14,EDNRA/ZEB2/RAB27A/MEF2C/MITF/RAB32/BCL2/TYR/SOX10/TYRP1/SOD2/DCT/ENPP1/OCA2
C1,Up,GO_BP,GO:0048568,embryonic organ development,62/1323,450/16355,2.3508174582785477e-5,3.7338129922131786e-4,2.743705694611343e-4,62,MFAP5/TGFBR2/EDNRA/PDGFRA/ZEB1/ZFPM2/ENG/FBN1/MEF2C/BMP4/PRRX1/OSR2/CTHRC1/TWIST1/RSPO3/GATA2/RUNX2/ITGA8/A2M/PKD2/NES/TEAD2/NOTCH2/ID3/MFAP2/KRT19/TBX3/HEY2/TGFB3/RARRES2/PITX2/FOXF2/HLX/PRICKLE1/ADA/FGFR1/ID2/SOX17/CITED2/IRX5/MSX1/TAL1/FOXL2/TEAD1/CCN1/SOX9/EFEMP1/WDPCP/SOBP/FRZB/RBP4/CXCL8/HOXD10/TGFBR1/HEY1/PROX1/ALDH1A3/COL11A1/IGF2/PRDM1/WNT5A/GATA3
C1,Up,GO_BP,GO:0002042,cell migration involved in sprouting angiogenesis,16/1323,62/16355,2.3597824988922975e-5,3.7371249370212714e-4,2.7461394002760756e-4,16,RHOJ/AKT3/PIK3R3/GATA2/MEOX2/JCAD/ABL1/NRP1/MMRN2/CLEC14A/STARD13/SRPX2/FGF2/TGFBR3/EFNB2/THBS1
C1,Up,GO_BP,GO:0006936,muscle contraction,51/1323,348/16355,2.3866861745498474e-5,3.768743982603131e-4,2.7693739210198965e-4,51,EDNRA/GJC1/PRKD1/CACNA2D1/DOCK4/SLC8A1/CAMK2D/SMTN/MYL9/ACTA2/KCNE4/GUCY1A1/CALD1/MYLK/TPM2/F2R/SGCD/PDE5A/PLN/SCN7A/ANK2/TBX3/LMOD1/KCNJ8/SNTB1/SCN4B/ADRA2A/SYNM/TRIM63/ADA/TMEM38B/TACR1/APBB2/PRKG1/ATP1A2/TPM1/NPNT/MYH11/CLIC2/RCSD1/FLNA/CXCR4/ANXA6/KCNJ2/DTNA/KCNE3/SLC6A8/PDE4B/MYOCD/ABCC9/COMP
C1,Up,GO_BP,GO:0032760,positive regulation of tumor necrosis factor production,22/1323,104/16355,2.4109154654116044e-5,3.7959689298886477e-4,2.789379540759971e-4,22,TLR4/IL33/PTPRJ/AKAP12/LY96/TWIST1/LRRK2/PIK3R1/ARHGEF2/LPL/IL6/PTPRC/CCL19/CYBB/TYROBP/HAVCR2/NFATC4/CD14/FCGR2A/THBS1/WNT5A/CCL3
C1,Up,GO_BP,GO:0048839,inner ear development,33/1323,191/16355,2.5132720474464803e-5,3.945691838650081e-4,2.8993999403459245e-4,33,ZEB1/LIN7A/EYA4/BMP4/PRRX1/CTHRC1/DCHS1/GATA2/GSDME/ITGA8/MCOLN3/BMP2/PLPPR4/TBX3/ROR1/HEY2/TGFB3/CYTL1/FGFR1/FGF2/SOX2/MSX1/SOX9/WDPCP/SOBP/FRZB/PROX1/ALDH1A3/COL11A1/BMPER/WNT5A/GABRB2/GATA3
C1,Up,GO_BP,GO:1990874,vascular associated smooth muscle cell proliferation,17/1323,69/16355,2.553142885387794e-5,3.996735490901008e-4,2.936908181826336e-4,17,MMP2/ADAMTS1/DDR2/MEF2C/BMP4/IGFBP5/CALCRL/PPARG/TGFB3/EFEMP2/PRKG1/SOD2/TPM1/FGF2/GNA12/IGF1/MYOCD
C1,Up,GO_BP,GO:0048008,platelet-derived growth factor receptor signaling pathway,15/1323,56/16355,2.6145332050678557e-5,4.081075968370285e-4,2.9988838214208436e-4,15,PDGFC/PDGFRA/PDGFRB/PTPRJ/PDGFD/SNCA/PDGFRL/ABL1/TXNIP/NRP1/ARID5B/APOD/LOX/F3/MYOCD
C1,Up,GO_BP,GO:0060021,roof of mouth development,20/1323,90/16355,2.6312740364887563e-5,4.095438557652414e-4,3.0094378363339957e-4,20,TGFBR2/PDGFRA/LRRC32/PRRX1/OSR2/TWIST1/MEOX2/FRAS1/TBX3/CLDN5/TGFB3/FOXF2/ARID5B/FZD1/INHBA/MSX1/TGFBR3/WDPCP/TGFBR1/WNT5A
C1,Up,GO_BP,GO:0050926,regulation of positive chemotaxis,10/1323,27/16355,2.7210743210384198e-5,4.1902425372573627e-4,3.0791023372761647e-4,10,CXCL12/VEGFC/NTRK3/PGF/IL16/ANGPT2/F3/CXCL8/S1PR1/SCG2
C1,Up,GO_BP,GO:0060343,trabecula formation,10/1323,27/16355,2.7210743210384198e-5,4.1902425372573627e-4,3.0791023372761647e-4,10,MMP2/ADAMTS1/COL1A1/SLC40A1/FHL2/TEK/HEY2/TGFBR3/RBP4/HEY1
C1,Up,GO_BP,GO:1905523,positive regulation of macrophage migration,10/1323,27/16355,2.7210743210384198e-5,4.1902425372573627e-4,3.0791023372761647e-4,10,PTPRJ/CSF1/RARRES2/CMKLR1/C3AR1/MDK/CCL5/THBS1/CCL3/P2RY12
C1,Up,GO_BP,GO:0036303,lymph vessel morphogenesis,9/1323,22/16355,2.723040529550532e-5,4.1902425372573627e-4,3.0791023372761647e-4,9,VEGFC/CCBE1/SVEP1/ACVRL1/CLEC14A/TIE1/FGF2/PDPN/PROX1
C1,Up,GO_BP,GO:0060323,head morphogenesis,12/1323,38/16355,2.779757723478223e-5,4.241473020767895e-4,3.116747867365293e-4,12,MMP2/PDGFRA/COL1A1/CRISPLD2/DKK1/CLDN5/TGFB3/RRAS/PRICKLE1/ARID5B/CRISPLD1/MSX1
C1,Up,GO_BP,GO:0060391,positive regulation of SMAD protein signal transduction,12/1323,38/16355,2.779757723478223e-5,4.241473020767895e-4,3.116747867365293e-4,12,TGFBR2/DAB2/ENG/BMP4/BMP2/ACVRL1/TGFB3/HFE/INHBA/TGFBR3/TGFBR1/BMPER
C1,Up,GO_BP,GO:0071711,basement membrane organization,12/1323,38/16355,2.779757723478223e-5,4.241473020767895e-4,3.116747867365293e-4,12,NID1/COL3A1/COL4A1/LAMA2/HMCN1/COL6A1/NID2/NTN4/LAMC1/PRICKLE1/PXDN/PLOD3
C1,Up,GO_BP,GO:2000404,regulation of T cell migration,14/1323,50/16355,2.8054189184846743e-5,4.2686374132237397e-4,3.1367089897962213e-4,14,CXCL12/CD200/ITGA4/ABL1/CD69/AIF1/APOD/STK39/CORO1A/CCL21/IL27RA/CCL5/CD99L2/WNT5A
C1,Up,GO_BP,GO:0030100,regulation of endocytosis,45/1323,296/16355,2.8518075017983074e-5,4.327100097700672e-4,3.179668934671915e-4,45,PRKD1/C3/DAB2/SDCBP/RAB27A/PTPRJ/AXL/CD47/SNCA/RAB31/MYLK/GATA2/ANGPT1/SCARB1/GPC3/PLSCR1/ABL1/LPAR1/LRRK2/ANO6/DOCK2/PTX3/DKK1/SIRPA/EPHA3/SELE/CLIP3/HFE/IL15/GAS6/FCER1G/MAGI2/CCL21/PTPRC/FGR/CCL19/PIP4P2/CCL2/EFNB2/CD14/FCGR2A/SERPINE1/PLA2G5/NLGN1/WNT5A
C1,Up,GO_BP,GO:0002263,cell activation involved in immune response,47/1323,314/16355,2.8646964945439582e-5,4.3345491248921396e-4,3.185142679170412e-4,47,DOCK10/PLCL2/TLR4/RAB27A/DOCK11/IL33/LGALS1/TMEM98/ICAM1/RAC2/GATA2/ITM2A/NOTCH2/ABL1/ANXA3/DOCK2/CD69/SANBR/TCIM/LYN/FGL2/HLX/CD84/ITGAM/ITGB2/ADA/IL4R/FCER1G/IL13RA2/PTGER4/IL6/CORO1A/MDK/PTPRC/IL27RA/FGR/CCL19/IL6ST/PLXNA1/LCP1/CD86/GPR183/TYROBP/HAVCR2/GRP/CCL3/GATA3
C1,Up,GO_BP,GO:0038084,vascular endothelial growth factor signaling pathway,13/1323,44/16355,2.8810751078615626e-5,4.3472222183066686e-4,3.1944552073131713e-4,13,PDGFRA/VEGFC/CCBE1/PDGFRB/FLT1/TNXB/ADGRA2/JCAD/SMOC2/NRP1/PGF/SEMA6A/DCN
C1,Up,GO_BP,GO:0050764,regulation of phagocytosis,21/1323,98/16355,2.988350784838785e-5,4.496598743280964e-4,3.304221074823931e-4,21,C3/RAB27A/PTPRJ/CD47/RAB31/GATA2/SCARB1/PLSCR1/ANO6/DOCK2/PTX3/SIRPA/IL15/GAS6/FCER1G/PTPRC/FGR/PIP4P2/CCL2/FCGR2A/PLA2G5
C1,Up,GO_BP,GO:0030178,negative regulation of Wnt signaling pathway,30/1323,168/16355,3.0388038252316677e-5,4.5598846349885133e-4,3.3507252414302077e-4,30,RBMS3/DAB2/GRB10/IGFBP4/CTHRC1/BICC1/GPC3/BMP2/AXIN2/DKK1/DKK2/ANKRD6/FOXO3/SOX10/CCDC88C/PRICKLE1/SHISA2/SOX17/MDK/SOX2/FZD1/DACT1/TNN/SOX9/APCDD1/FRZB/NFATC4/WIF1/SFRP2/WNT5A
C1,Up,GO_BP,GO:0070555,response to interleukin-1,23/1323,113/16355,3.0527903769321324e-5,4.568252707298992e-4,3.35687432487361e-4,23,MMP2/IL1R1/IRAK3/GBP2/AKAP12/GBP1/CD47/SNCA/PTGIS/SIRPA/SELE/TRIM63/KLF2/IL6/INHBB/CCL5/SOX9/CCL2/CXCL8/PRKCA/HAS2/CHI3L1/CCL3
C1,Up,GO_BP,GO:0051492,regulation of stress fiber assembly,20/1323,91/16355,3.119610812308742e-5,4.644579733973509e-4,3.412961466403292e-4,20,FERMT2/DLC1/LIMCH1/CD47/ABL1/LPAR1/CCDC88A/NRP1/PIK3R1/TGFB3/CCN2/ARHGAP6/TACR1/PTGER4/TPM1/SYNPO/RGCC/STMN1/TGFBR1/S1PR1
C1,Up,GO_BP,GO:0050766,positive regulation of phagocytosis,17/1323,70/16355,3.120897648932862e-5,4.644579733973509e-4,3.412961466403292e-4,17,C3/RAB27A/PTPRJ/CD47/RAB31/GATA2/ANO6/DOCK2/PTX3/SIRPA/IL15/GAS6/FCER1G/PTPRC/CCL2/FCGR2A/PLA2G5
C1,Up,GO_BP,GO:0045859,regulation of protein kinase activity,56/1323,398/16355,3.185524492165616e-5,4.7278057490283124e-4,3.4741181691952877e-4,56,FERMT2/IRAK3/DDR2/CCND2/VEGFC/TLR4/FBN1/DEPTOR/PDGFRB/PTPRJ/SLC8A1/SH3BP5/FLT1/HERC5/SNCA/NTRK3/DIRAS3/ANGPT1/HHEX/ADARB1/PDE5A/BMP2/SYNPO2/ABL1/CCDC88A/LRRK2/PKIA/TCIM/MMD/LYN/LCP2/ADRA2A/GAS6/TRIB2/PTPN22/FGFR1/UCHL1/FGF2/DIPK2A/PTPRC/FGR/CCL19/RASSF2/CEMIP/RGCC/CCN1/IGF1/FGF18/PROX1/NOX4/MYOCD/HEG1/CHI3L1/THBS1/THY1/WNT5A
C1,Up,GO_BP,GO:0043030,regulation of macrophage activation,15/1323,57/16355,3.285559349776435e-5,4.862985936780816e-4,3.57345218825534e-4,15,MFHAS1/TLR4/CD200/IL33/SNCA/ADGRF5/LRRK2/IL4R/IL6/PTPRC/VSIG4/HAVCR2/THBS1/WNT5A/CCL3
C1,Up,GO_BP,GO:0033687,osteoblast proliferation,11/1323,33/16355,3.397499951649253e-5,4.987897226313173e-4,3.665240346131997e-4,11,OSR2/CTHRC1/BMP2/AXIN2/ABL1/BCL2/TNN/CCN1/NPR3/NELL1/TMEM119
C1,Up,GO_BP,GO:0061384,heart trabecula morphogenesis,11/1323,33/16355,3.397499951649253e-5,4.987897226313173e-4,3.665240346131997e-4,11,ADAMTS1/ENG/FHL2/TEK/HEY2/TGFBR3/RBP4/TGFBR1/HEY1/S1PR1/HEG1
C1,Up,GO_BP,GO:0101023,vascular endothelial cell proliferation,11/1323,33/16355,3.397499951649253e-5,4.987897226313173e-4,3.665240346131997e-4,11,MEF2C/FLT1/AKT3/ITGA4/PPARG/FGFR1/MDK/FGF2/CCL2/TGFBR1/IGF2
C1,Up,GO_BP,GO:0072089,stem cell proliferation,23/1323,114/16355,3.5362852072154016e-5,5.17765532226255e-4,3.804679672509804e-4,23,TGFBR2/FERMT2/FBLN1/VEGFC/WNT2B/PRRX1/OSR2/ANG/RUNX2/NES/ABCB1/AXIN2/TBX3/TSC22D1/MECOM/FGFR1/SOX17/FGF2/PTPRC/SOX9/TGFBR1/SFRP2/WNT5A
C1,Up,GO_BP,GO:0010171,body morphogenesis,14/1323,51/16355,3.581662473681911e-5,5.229997461569931e-4,3.843142077023715e-4,14,MMP2/PDGFRA/COL1A1/GREM2/GPC3/CRISPLD2/DKK1/CLDN5/TGFB3/RRAS/PRICKLE1/ARID5B/CRISPLD1/MSX1
C1,Up,GO_BP,GO:0022617,extracellular matrix disassembly,16/1323,64/16355,3.614221439904126e-5,5.263391651892551e-4,3.867681021621686e-4,16,MMP2/CTSK/DDR2/ADAMTS5/SH3PXD2B/ENG/MMP1/MMP10/LAMC1/MELTF/IL6/LCP1/MMP3/DPP4/PDPN/FAP
C1,Up,GO_BP,GO:0071229,cellular response to acid chemical,20/1323,92/16355,3.687366619081103e-5,5.355554939799078e-4,3.9354050716452414e-4,20,MMP2/PDGFC/COL3A1/COL4A1/FYN/PDGFRA/ZEB1/COL1A1/MIR224/PDGFD/COL6A1/PKD2/COL1A2/COL16A1/STAMBPL1/KLF2/AVPR1A/MMP3/CYBB/RRAGD
C1,Up,GO_BP,GO:0003208,cardiac ventricle morphogenesis,17/1323,71/16355,3.797853154703829e-5,5.501316889693653e-4,4.042514852670013e-4,17,TGFBR2/EDNRA/ZFPM2/ENG/MEF2C/CPE/HEY2/SMARCD3/TPM1/TGFBR3/TGFBR1/HEY1/PROX1/COL11A1/HEG1/SFRP2/GATA3
C1,Up,GO_BP,GO:0007492,endoderm development,19/1323,85/16355,3.810469903052373e-5,5.504912902494812e-4,4.0451572990970325e-4,19,MMP2/COL4A2/BMP4/COL6A1/ITGA4/DKK1/FN1/ITGA7/LAMC1/ITGB2/COL5A1/SOX17/SOX2/INHBA/SOX7/ITGA5/COL11A1/COL8A1/DUSP4
C1,Up,GO_BP,GO:0033688,regulation of osteoblast proliferation,10/1323,28/16355,3.927157514069624e-5,5.628580373727229e-4,4.136031466005281e-4,10,CTHRC1/BMP2/AXIN2/ABL1/BCL2/TNN/CCN1/NPR3/NELL1/TMEM119
C1,Up,GO_BP,GO:0060384,innervation,10/1323,28/16355,3.927157514069624e-5,5.628580373727229e-4,4.136031466005281e-4,10,EDNRA/VCAM1/NPR2/ADARB1/ITGA4/NRP1/ARK2C/SEMA3A/SERPINE2/GABRB2
C1,Up,GO_BP,GO:1904706,negative regulation of vascular associated smooth muscle cell proliferation,10/1323,28/16355,3.927157514069624e-5,5.628580373727229e-4,4.136031466005281e-4,10,MEF2C/BMP4/PPARG/TGFB3/EFEMP2/PRKG1/SOD2/TPM1/GNA12/MYOCD
C1,Up,GO_BP,GO:0007411,axon guidance,37/1323,230/16355,4.229804236107953e-5,6.046393844878526e-4,4.4430519842995447e-4,37,CXCL12/EDNRA/FYN/LAMA2/SLIT3/NEXN/PTPRJ/FLRT3/FEZ1/FOXD1/NOTCH2/TRIO/ARHGEF40/L1CAM/NRP1/NTN4/NRCAM/ENAH/EPHA3/ARK2C/SEMA6A/SEMA3A/SEMA3G/PTPRM/APBB2/CHN1/ROBO4/PALLD/BCL11B/EFNB2/ALCAM/KALRN/GAP43/WNT5A/CNTN1/NFASC/GATA3
C1,Up,GO_BP,GO:0072009,nephron epithelium development,24/1323,123/16355,4.2762894255516766e-5,6.096798992020133e-4,4.480091035140754e-4,24,EDNRA/WNT2B/MEF2C/BMP4/DCHS1/GPC3/FOXD1/PKD2/NOTCH2/BMP2/PECAM1/PODXL/BCL2/IRX3/TFAP2B/KLF15/MAGI2/NPNT/FGF2/POU3F3/AQP1/IRX1/SOX9/GATA3
C1,Up,GO_BP,GO:1903034,regulation of response to wounding,30/1323,171/16355,4.293894351722608e-5,6.105872805905028e-4,4.4867587163769995e-4,30,SERPING1/FERMT2/PDGFRA/DDR2/TFPI/IL33/MYLK/F2R/CASK/SMOC2/ANO6/PROS1/ENPP4/MMRN1/ADRA2A/PTN/PRKG1/MDK/FGF2/F3/SCARF1/FLNA/EMILIN2/CXCR4/SERPINE2/ALOX5/TSPAN8/SERPINE1/FAP/THBS1
C1,Up,GO_BP,GO:0002366,leukocyte activation involved in immune response,46/1323,310/16355,4.318141689713066e-5,6.108371265239941e-4,4.488594651149108e-4,46,DOCK10/PLCL2/TLR4/RAB27A/DOCK11/IL33/LGALS1/TMEM98/ICAM1/RAC2/GATA2/ITM2A/NOTCH2/ABL1/ANXA3/DOCK2/CD69/SANBR/LYN/FGL2/HLX/CD84/ITGAM/ITGB2/ADA/IL4R/FCER1G/IL13RA2/PTGER4/IL6/CORO1A/MDK/PTPRC/IL27RA/FGR/CCL19/IL6ST/PLXNA1/LCP1/CD86/GPR183/TYROBP/HAVCR2/GRP/CCL3/GATA3
C1,Up,GO_BP,GO:0060070,canonical Wnt signaling pathway,46/1323,310/16355,4.318141689713066e-5,6.108371265239941e-4,4.488594651149108e-4,46,NID1/RBMS3/EDNRA/DAB2/ZEB2/COL1A1/WNT2B/RECK/IGFBP4/ADGRA2/FZD7/CTHRC1/FZD4/RSPO3/HHEX/COL6A1/BICC1/GPC3/FOXD1/BMP2/AXIN2/LRRK2/DKK1/DKK2/ANKRD6/FOXO3/TBL1X/SOX10/CCDC88C/PRICKLE1/ZNF703/SOX17/MDK/FGF2/SOX2/FZD1/CDK14/DACT1/DAAM2/TNN/SOX9/FRZB/SOX7/SFRP2/WNT5A/GATA3
C1,Up,GO_BP,GO:0061299,retina vasculature morphogenesis in camera-type eye,6/1323,10/16355,4.376670868072296e-5,6.175084715680185e-4,4.537617479625467e-4,6,COL4A1/RHOJ/CLIC4/FZD4/NRP1/CYP1B1
C1,Up,GO_BP,GO:0090288,negative regulation of cellular response to growth factor stimulus,22/1323,108/16355,4.450061932518873e-5,6.262366947523968e-4,4.6017547990486954e-4,22,FBN1/ADGRA2/HHEX/GREM2/ABL1/PPARG/CASK/CHRDL1/SMAD6/DKK1/MMRN2/TNFAIP6/SEMA6A/SHISA2/FGF2/FZD1/DCN/BMPER/SFRP2/THBS1/WNT5A/GATA3
C1,Up,GO_BP,GO:0060415,muscle tissue morphogenesis,17/1323,72/16355,4.601654107279751e-5,6.418940147782627e-4,4.7168089761242773e-4,17,EDNRA/COL3A1/ZFPM2/ENG/MYLK/ADARB1/BMP2/HEY2/EFEMP2/TPM1/FZD1/TGFBR3/TGFBR1/S1PR1/PROX1/COL11A1/HEG1
C1,Up,GO_BP,GO:2000052,positive regulation of non-canonical Wnt signaling pathway,7/1323,14/16355,4.6060651036517234e-5,6.418940147782627e-4,4.7168089761242773e-4,7,DAB2/RSPO3/GPC3/ABL1/DKK1/ANKRD6/WNT5A
C1,Up,GO_BP,GO:2000095,"regulation of Wnt signaling pathway, planar cell polarity pathway",7/1323,14/16355,4.6060651036517234e-5,6.418940147782627e-4,4.7168089761242773e-4,7,DAB2/RSPO3/GPC3/ABL1/DKK1/ANKRD6/DACT1
C1,Up,GO_BP,GO:0048644,muscle organ morphogenesis,18/1323,79/16355,4.6204079487905136e-5,6.418940147782627e-4,4.7168089761242773e-4,18,EDNRA/COL3A1/ZFPM2/ENG/MYLK/ADARB1/BMP2/HEY2/EFEMP2/ARID5B/TPM1/FZD1/TGFBR3/TGFBR1/S1PR1/PROX1/COL11A1/HEG1
C1,Up,GO_BP,GO:0150076,neuroinflammatory response,18/1323,79/16355,4.6204079487905136e-5,6.418940147782627e-4,4.7168089761242773e-4,18,ZEB2/CD200/IL33/SNCA/LRRK2/TNFRSF1B/KCNJ8/LYN/ITGAM/ITGB2/AIF1/IL6/PTPRC/C1QA/MMP3/TYROBP/IGF1/CCL3
C1,Up,GO_BP,GO:0062197,cellular response to chemical stress,46/1323,311/16355,4.6801572821228935e-5,6.485360805227439e-4,4.76561665247315e-4,46,MMP2/EDNRA/FYN/PRKD1/PDGFRA/DDR2/FBLN5/SLC8A1/PDGFD/AXL/PTPRK/SNCA/MYLK/PRR5L/FUT8/PKD2/SCN7A/ABL1/LRRK2/CYP1B1/BNIP3/SIRPA/SOD3/ARHGEF2/EFHD1/SLC1A1/FOXO3/GCH1/PPARGC1A/KLF2/AIF1/CYGB/STK39/SOD2/IL6/GDF15/TPM1/STX2/ABCC1/RCSD1/PENK/MMP3/AQP1/MGST1/ALOX5/ABCC9
C1,Up,GO_BP,GO:0090049,regulation of cell migration involved in sprouting angiogenesis,13/1323,46/16355,4.8484742473510345e-5,6.701504354099445e-4,4.924444715670316e-4,13,RHOJ/AKT3/GATA2/MEOX2/JCAD/ABL1/NRP1/MMRN2/STARD13/SRPX2/FGF2/TGFBR3/THBS1
C1,Up,GO_BP,GO:0002761,regulation of myeloid leukocyte differentiation,24/1323,124/16355,4.902808385584331e-5,6.759404860531494e-4,4.966991557076083e-4,24,TLR4/SLC9B2/FBN1/CSF1/QKI/GATA2/NOTCH2/MITF/PIK3R1/LYN/TNFAIP6/HCLS1/EVI2B/ID2/C1QC/INHBA/RASSF2/TAL1/TYROBP/PRKCA/CCR1/PRXL2A/TNFRSF11B/CCL3
C1,Up,GO_BP,GO:0052652,cyclic purine nucleotide metabolic process,12/1323,40/16355,4.9281427433504726e-5,6.7771319954126e-4,4.980017930122583e-4,12,GUCY1B1/ADCY3/GUCY1A1/ADCY9/NPR2/ADCY7/PDE5A/PDE1A/ADCY4/ADCY2/PDE2A/PDE4B
C1,Up,GO_BP,GO:0061041,regulation of wound healing,25/1323,132/16355,5.020470975098933e-5,6.886666246650859e-4,5.060506628807856e-4,25,SERPING1/FERMT2/PDGFRA/DDR2/TFPI/MYLK/F2R/CASK/SMOC2/ANO6/PROS1/ENPP4/MMRN1/ADRA2A/PRKG1/FGF2/F3/EMILIN2/CXCR4/SERPINE2/ALOX5/TSPAN8/SERPINE1/FAP/THBS1
C1,Up,GO_BP,GO:0048562,embryonic organ morphogenesis,44/1323,294/16355,5.110957806610162e-5,6.993129170152746e-4,5.138738433691034e-4,44,MFAP5/TGFBR2/EDNRA/PDGFRA/ZEB1/ENG/FBN1/MEF2C/BMP4/PRRX1/OSR2/CTHRC1/TWIST1/GATA2/RUNX2/ITGA8/PKD2/TEAD2/NOTCH2/MFAP2/TBX3/TGFB3/FOXF2/HLX/FGFR1/ID2/SOX17/CITED2/IRX5/MSX1/FOXL2/SOX9/EFEMP1/WDPCP/SOBP/FRZB/RBP4/HOXD10/TGFBR1/PROX1/ALDH1A3/COL11A1/WNT5A/GATA3
C1,Up,GO_BP,GO:0010959,regulation of metal ion transport,54/1323,386/16355,5.131831781704897e-5,7.00404779854799e-4,5.146761733992323e-4,54,CXCL12/FYN/SESTD1/PRKD1/CACNA2D1/FXYD5/PDGFRB/SLC8A1/CAMK2D/KCNE4/SNCA/MYLK/F2R/FHL1/PKD2/PLN/GEM/ANK2/ABL1/CASK/ANO6/PLP1/BCL2/LYN/HFE/SCN4B/ADRA2A/CD84/IL16/TMEM38B/STK39/ATP1A2/CORO1A/TRPC1/CLIC2/FXYD6/CCL5/HEPH/CEMIP/FLNA/CXCR4/SERPINE2/STIMATE/CCL2/KCNJ2/GRP/KCNE3/PDE4B/RRAD/CCR1/THY1/ABCC9/CNTN1/CCL3
C1,Up,GO_BP,GO:0048732,gland development,60/1323,443/16355,5.239367429153051e-5,7.127506991816533e-4,5.237482852679694e-4,60,MMP2/TGFBR2/EDNRA/PDGFRA/PLXND1/TNC/BMP4/SOCS2/IGFBP5/CSF1/LBH/GATA2/PKD2/NOTCH2/BMP2/ABL1/SERPINF1/AR/CDO1/NRP1/BCL2/CYP1B1/MSN/LIMS2/TYR/NTN4/TBX3/ID4/TGFB3/PITX2/HLX/SOX10/ARID5B/ADA/PTN/ZNF703/FGFR1/TFCP2L1/SOD2/IL6/ID2/MDK/FGF2/CITED2/SOX2/PLXNA1/RGN/MSX1/INHBB/TGFBR3/SERPINE2/SOX9/BCL11B/FRZB/TGFBR1/PROX1/ALDH1A3/IGF2/WNT5A/GATA3
C1,Up,GO_BP,GO:0034599,cellular response to oxidative stress,38/1323,241/16355,5.2485323945629846e-5,7.127506991816533e-4,5.237482852679694e-4,38,MMP2/EDNRA/FYN/PRKD1/PDGFRA/DDR2/FBLN5/SLC8A1/PDGFD/AXL/PTPRK/SNCA/PRR5L/FUT8/PKD2/ABL1/LRRK2/CYP1B1/BNIP3/SIRPA/SOD3/SLC1A1/FOXO3/GCH1/PPARGC1A/KLF2/AIF1/CYGB/SOD2/IL6/TPM1/STX2/ABCC1/PENK/MMP3/AQP1/MGST1/ALOX5
C1,Up,GO_BP,GO:0050870,positive regulation of T cell activation,40/1323,259/16355,5.44009463072214e-5,7.369225444908394e-4,5.415104039821067e-4,40,TGFBR2/FYN/LGALS1/VCAM1/CD47/IL7/ABL1/SIRPA/LYN/IL7R/SMARCD3/IL15/FOXO3/HLX/ADA/IL4R/AIF1/RUNX3/IL6/CORO1A/MDK/CCL21/PTPRC/CCL19/IL6ST/CCL5/CD86/DPP4/CCL2/IGF1/HAVCR2/EFNB2/HLA-DPB1/ZBTB16/IGF2/PDCD1LG2/HLA-DMA/THY1/HLA-DRB3/GATA3
C1,Up,GO_BP,GO:2000027,regulation of animal organ morphogenesis,18/1323,80/16355,5.517088546714838e-5,7.454931588496269e-4,5.478083207421489e-4,18,WNT2B/BMP4/CSF1/JHY/RUNX2/BMP2/DKK1/NTN4/FGFR1/FGF2/CITED2/MSX1/SOX9/APCDD1/TNFRSF11B/SFRP2/WNT5A/GATA3
C1,Up,GO_BP,GO:0000302,response to reactive oxygen species,32/1323,190/16355,5.543672031305463e-5,7.459420630731151e-4,5.481381875771748e-4,32,MMP2/FYN/PDGFRA/DDR2/COL1A1/FBLN5/SLC8A1/PDGFD/AXL/PTPRK/COL6A1/PKD2/ABL1/TXNIP/LRRK2/BCL2/CYP1B1/BNIP3/SIRPA/SOD3/FOXO3/GCH1/KLF2/CYGB/TACR1/APOD/SOD2/IL6/TPM1/MMP3/AQP1/ABCC9
C1,Up,GO_BP,GO:0014912,negative regulation of smooth muscle cell migration,10/1323,29/16355,5.561607797213027e-5,7.459420630731151e-4,5.481381875771748e-4,10,MEF2C/BMP4/IGFBP5/IGFBP3/AIF1/PRKG1/TPM1/GNA12/MYOCD/SERPINE1
C1,Up,GO_BP,GO:0070168,negative regulation of biomineral tissue development,10/1323,29/16355,5.561607797213027e-5,7.459420630731151e-4,5.481381875771748e-4,10,ASPN/SRGN/HEY2/GAS6/ENPP1/RFLNB/SOX9/HEY1/CCR1/CCL3
C1,Up,GO_BP,GO:0048872,homeostasis of number of cells,48/1323,332/16355,5.7984668382961105e-5,7.757948735375485e-4,5.7007483149647e-4,48,DOCK10/ETS1/COL14A1/MFHAS1/ARMCX1/DOCK11/SLC40A1/MEF2C/AKT3/BMP4/AXL/CSF1/JAM3/RAC2/GATA2/FSTL1/F2R/COL6A1/EMCN/IL7/ADGRF5/ABL1/BCL2/MYCT1/LYN/IL7R/HCLS1/FOXO3/IKZF1/ADA/KLF2/PLA2G2A/CRISPLD1/IL6/ID2/CORO1A/CITED2/SEPTIN4/INHBA/RASSF2/TAL1/TUBA1A/TGFBR3/SOX9/GPR183/CXCL6/PDE4B/GATA3
C1,Up,GO_BP,GO:0045860,positive regulation of protein kinase activity,36/1323,225/16355,5.994609735690572e-5,8.000668325373756e-4,5.879105164292938e-4,36,FERMT2/DDR2/CCND2/VEGFC/TLR4/FBN1/PDGFRB/FLT1/SNCA/NTRK3/ANGPT1/PDE5A/ABL1/CCDC88A/LRRK2/TCIM/MMD/LCP2/ADRA2A/GAS6/FGFR1/FGF2/DIPK2A/PTPRC/CCL19/RASSF2/CEMIP/RGCC/CCN1/IGF1/FGF18/PROX1/NOX4/CHI3L1/THBS1/WNT5A
C1,Up,GO_BP,GO:0010759,positive regulation of macrophage chemotaxis,8/1323,19/16355,6.033115480193507e-5,8.032324335394885e-4,5.902366847495815e-4,8,PTPRJ/CSF1/RARRES2/CMKLR1/C3AR1/MDK/CCL5/THBS1
C1,Up,GO_BP,GO:0010976,positive regulation of neuron projection development,28/1323,158/16355,6.345649782369939e-5,8.42776763272213e-4,6.19294916349165e-4,28,FYN/PRKD1/DDR2/NEGR1/NTRK3/FEZ1/ARSB/ABL1/SERPINF1/ROR1/EPHA3/LYN/DPYSL3/DBN1/CNR1/PTN/S100A9/VLDLR/FGFR1/MAGI2/MDK/FZD1/SCARF1/FLNA/TNN/TOX/WNT5A/CNTN1
C1,Up,GO_BP,GO:0009187,cyclic nucleotide metabolic process,12/1323,41/16355,6.458557175485362e-5,8.535981162344644e-4,6.272467360594312e-4,12,GUCY1B1/ADCY3/GUCY1A1/ADCY9/NPR2/ADCY7/PDE5A/PDE1A/ADCY4/ADCY2/PDE2A/PDE4B
C1,Up,GO_BP,GO:0051155,positive regulation of striated muscle cell differentiation,12/1323,41/16355,6.458557175485362e-5,8.535981162344644e-4,6.272467360594312e-4,12,PRKD1/MEF2C/BMP4/PIEZO1/BCL2/ATP11A/CYP26B1/IGF1/EFNB2/PROX1/RBM24/MYOCD
C1,Up,GO_BP,GO:0042476,odontogenesis,25/1323,134/16355,6.496771896682956e-5,8.565646830772285e-4,6.294266487537498e-4,25,HACD1/PDGFRA/COL1A1/TNC/BMP4/CSF1/ASPN/OSR2/RUNX2/BMP2/AXIN2/COL1A2/ID3/TGFB3/PITX2/FST/FGFR1/INHBA/MSX1/AQP1/FAM20A/APCDD1/BCL11B/SERPINE1/TNFRSF11B
C1,Up,GO_BP,GO:0010721,negative regulation of cell development,41/1323,270/16355,6.526646953590483e-5,8.584200060993586e-4,6.307899897544313e-4,41,TLR4/FBN1/LGALS1/BMP4/TMEM98/QKI/NPR2/GATA2/NRP1/PIK3R1/CD69/ID4/LYN/TNFAIP6/FGL2/HLX/TSC22D1/SOX10/SEMA3A/PTN/SEMA3G/IL4R/RUNX3/IL6/ID2/TMEM176B/MDK/C1QC/INHBA/DAAM2/TMEM176A/RFLNB/FRZB/IGF1/PROX1/NFATC4/TNFRSF11B/IL17D/THY1/WNT5A/CCL3
C1,Up,GO_BP,GO:0016049,cell growth,63/1323,476/16355,6.85443610344412e-5,8.993549979204941e-4,6.608701170673812e-4,63,TGFBR2/POSTN/CXCL12/EDNRA/COL14A1/MAP1B/DAB2/SDCBP/SLIT3/TNC/PTPRJ/CAMK2D/IGFBP4/CHPT1/SOCS2/IGFBP5/NPR2/FLRT3/IGFBP3/FHL1/AGTR1/ITGA4/ABL1/ACVRL1/L1CAM/NRP1/BCL2/S100B/MEG3/NRCAM/FN1/RNF157/PRICKLE1/SEMA3A/SEMA3G/S100A9/PRKG1/FAM107A/SOX17/S100A8/AVPR1A/PLXNA1/INHBA/MSX1/ACSL4/FOXL2/TEAD1/ENPP1/TNN/CXCR4/SERPINE2/SOX9/OLFM1/FRZB/IGF1/ALCAM/TGFBR1/MYOCD/CRABP2/SFRP2/DCLK1/WNT5A/RERG
C1,Up,GO_BP,GO:0002698,negative regulation of immune effector process,24/1323,127/16355,7.306046972863034e-5,9.540011335719231e-4,7.010255597443477e-4,24,SERPING1/IRAK3/IL33/CD59/LGALS1/AXL/SVEP1/TWIST1/ANGPT1/A2M/MASP1/SERPINB9/CD69/IL7R/TGFB3/HFE/FGL2/HLX/CD84/IL4R/IL13RA2/PTPRC/VSIG4/HAVCR2
C1,Up,GO_BP,GO:0051283,negative regulation of sequestering of calcium ion,24/1323,127/16355,7.306046972863034e-5,9.540011335719231e-4,7.010255597443477e-4,24,PRKD1/SLC8A1/CAMK2D/SNCA/F2R/PKD2/PLN/ANK2/ABL1/LYN/TMEM38B/ATP1A2/CORO1A/TRPC1/CCL21/FGF2/PTPRC/CCL19/CLIC2/CEMIP/FLNA/ANXA6/THY1/CCL3
C1,Up,GO_BP,GO:0060828,regulation of canonical Wnt signaling pathway,39/1323,254/16355,7.631170559455272e-5,9.940651913419914e-4,7.304657014124547e-4,39,RBMS3/DAB2/ZEB2/COL1A1/RECK/IGFBP4/ADGRA2/FZD7/CTHRC1/RSPO3/HHEX/BICC1/GPC3/BMP2/AXIN2/LRRK2/DKK1/DKK2/ANKRD6/FOXO3/TBL1X/SOX10/CCDC88C/PRICKLE1/ZNF703/SOX17/MDK/FGF2/SOX2/FZD1/CDK14/DACT1/DAAM2/TNN/SOX9/FRZB/SOX7/SFRP2/WNT5A
C1,Up,GO_BP,GO:0072677,eosinophil migration,10/1323,30/16355,7.740959937737783e-5,0.0010059544110476468,7.39202218179342e-4,10,CCL14/CCL23/PTGER4/CCL18/CCL5/CCL2/SCG2/CCL3/CCL3L1/CCL3L3
C1,Up,GO_BP,GO:0051153,regulation of striated muscle cell differentiation,18/1323,82/16355,7.78367587451429e-5,0.0010090913448773658,7.415073210942894e-4,18,PRKD1/MEF2C/BMP4/PIEZO1/FZD7/BMP2/BCL2/ATP11A/DKK1/CYP26B1/MSX1/IGF1/EFNB2/PROX1/RBM24/MYOCD/CEACAM5/TMEM119
C1,Up,GO_BP,GO:0045600,positive regulation of fat cell differentiation,16/1323,68/16355,7.987227648503255e-5,0.0010291529518368864,7.562491266889143e-4,16,MEDAG/SAV1/LMO3/BMP2/AXIN2/PPARG/LPL/CCDC3/RARRES2/CMKLR1/ID2/SULT1E1/FRZB/ZBTB16/WIF1/SFRP2
C1,Up,GO_BP,GO:0003188,heart valve formation,7/1323,15/16355,8.033152643203974e-5,0.0010291529518368864,7.562491266889143e-4,7,DCHS1/TWIST1/CDH11/HEY2/SOX9/OLFM1/HEY1
C1,Up,GO_BP,GO:0060347,heart trabecula formation,7/1323,15/16355,8.033152643203974e-5,0.0010291529518368864,7.562491266889143e-4,7,ADAMTS1/FHL2/TEK/HEY2/TGFBR3/RBP4/HEY1
C1,Up,GO_BP,GO:0098883,synapse pruning,7/1323,15/16355,8.033152643203974e-5,0.0010291529518368864,7.562491266889143e-4,7,C3/PLXNC1/DKK1/ITGAM/C1QB/C1QC/C1QA
C1,Up,GO_BP,GO:2000725,regulation of cardiac muscle cell differentiation,7/1323,15/16355,8.033152643203974e-5,0.0010291529518368864,7.562491266889143e-4,7,MEF2C/BMP4/FZD7/BMP2/DKK1/EFNB2/MYOCD
C1,Up,GO_BP,GO:0055123,digestive system development,26/1323,144/16355,8.296897892553461e-5,0.001057740555988628,7.772560631557393e-4,26,PDGFC/COL3A1/PDGFRA/SAV1/NPR2/DCHS1/BCL2/TGFB3/RARRES2/CLMP/FOXF2/HLX/SOX10/ADA/ID2/SOX17/IL6ST/DACT1/SOX9/WDPCP/CXCL8/MYOCD/IGF2/PRDM1/SFRP2/WNT5A
C1,Up,GO_BP,GO:0051282,regulation of sequestering of calcium ion,24/1323,128/16355,8.314660802445871e-5,0.001057740555988628,7.772560631557393e-4,24,PRKD1/SLC8A1/CAMK2D/SNCA/F2R/PKD2/PLN/ANK2/ABL1/LYN/TMEM38B/ATP1A2/CORO1A/TRPC1/CCL21/FGF2/PTPRC/CCL19/CLIC2/CEMIP/FLNA/ANXA6/THY1/CCL3
C1,Up,GO_BP,GO:0090090,negative regulation of canonical Wnt signaling pathway,25/1323,136/16355,8.35082262351356e-5,0.001057740555988628,7.772560631557393e-4,25,RBMS3/DAB2/IGFBP4/CTHRC1/BICC1/GPC3/BMP2/AXIN2/DKK1/DKK2/ANKRD6/FOXO3/SOX10/CCDC88C/PRICKLE1/SOX17/MDK/SOX2/FZD1/DACT1/TNN/SOX9/FRZB/SFRP2/WNT5A
C1,Up,GO_BP,GO:0048246,macrophage chemotaxis,12/1323,42/16355,8.382044398602746e-5,0.001057740555988628,7.772560631557393e-4,12,MMP2/PTPRJ/CSF1/RARRES2/CMKLR1/C3AR1/MDK/CCL5/SAA1/CCL2/THBS1/CCL3
C1,Up,GO_BP,GO:2000403,positive regulation of lymphocyte migration,12/1323,42/16355,8.382044398602746e-5,0.001057740555988628,7.772560631557393e-4,12,CXCL12/JAM2/ITGA4/ABL1/AIF1/STK39/CORO1A/CCL21/CCL5/CD99L2/WNT5A/CCL3
C1,Up,GO_BP,GO:0032965,regulation of collagen biosynthetic process,11/1323,36/16355,8.412075113900722e-5,0.001057740555988628,7.772560631557393e-4,11,DDR2/LARP6/ENG/BMP4/F2R/VIM/TGFB3/CYGB/IL6/INHBA/RGCC
C1,Up,GO_BP,GO:0050931,pigment cell differentiation,11/1323,36/16355,8.412075113900722e-5,0.001057740555988628,7.772560631557393e-4,11,ZEB2/RAB27A/MEF2C/MITF/RAB32/BCL2/SOX10/TYRP1/SOD2/ENPP1/OCA2
C1,Up,GO_BP,GO:1904738,vascular associated smooth muscle cell migration,11/1323,36/16355,8.412075113900722e-5,0.001057740555988628,7.772560631557393e-4,11,ADAMTS1/DDR2/DOCK4/GRB10/MEF2C/BMP4/IGFBP5/PRKG1/TPM1/GNA12/MYOCD
C1,Up,GO_BP,GO:0061326,renal tubule development,21/1323,105/16355,8.698250720969233e-5,0.0010887743775532374,8.000605456324852e-4,21,COL4A1/WNT2B/MEF2C/BMP4/DCHS1/GPC3/FOXD1/PKD2/NOTCH2/BMP2/BCL2/IRX3/TFAP2B/PRICKLE1/NPNT/FGF2/POU3F3/AQP1/IRX1/SOX9/GATA3
C1,Up,GO_BP,GO:0034612,response to tumor necrosis factor,36/1323,229/16355,8.698970542306794e-5,0.0010887743775532374,8.000605456324852e-4,36,POSTN/CTSK/GBP2/COL1A1/AKAP12/VCAM1/GBP1/GSDME/TNFRSF19/TIFA/TRAF5/CYP1B1/TNFRSF1B/SELE/ARHGEF2/CCDC3/FOXO3/GAS6/GCH1/KLF2/PLVAP/NPNT/AFF3/NFATC1/TUBA1A/CCL5/CCL2/CXCL8/CD14/LAPTM5/TNFRSF11B/HAS2/CHI3L1/THBS1/CCL3/GATA3
C1,Up,GO_BP,GO:0006582,melanin metabolic process,9/1323,25/16355,8.951206538711986e-5,0.0011075843717148863,8.138826326530596e-4,9,ZEB2/BCL2/TYR/TYRP1/PMEL/TRPC1/DCT/OCA2/WNT5A
C1,Up,GO_BP,GO:0030318,melanocyte differentiation,9/1323,25/16355,8.951206538711986e-5,0.0011075843717148863,8.138826326530596e-4,9,ZEB2/RAB27A/MEF2C/MITF/BCL2/SOX10/TYRP1/ENPP1/OCA2
C1,Up,GO_BP,GO:0032967,positive regulation of collagen biosynthetic process,9/1323,25/16355,8.951206538711986e-5,0.0011075843717148863,8.138826326530596e-4,9,DDR2/LARP6/ENG/BMP4/F2R/VIM/TGFB3/INHBA/RGCC
C1,Up,GO_BP,GO:0090050,positive regulation of cell migration involved in sprouting angiogenesis,9/1323,25/16355,8.951206538711986e-5,0.0011075843717148863,8.138826326530596e-4,9,RHOJ/AKT3/GATA2/JCAD/ABL1/NRP1/SRPX2/FGF2/TGFBR3
C1,Up,GO_BP,GO:2000050,regulation of non-canonical Wnt signaling pathway,9/1323,25/16355,8.951206538711986e-5,0.0011075843717148863,8.138826326530596e-4,9,DAB2/RSPO3/GPC3/ABL1/DKK1/ANKRD6/DACT1/DAAM2/WNT5A
C1,Up,GO_BP,GO:0051924,regulation of calcium ion transport,38/1323,247/16355,8.987790768459228e-5,0.0011095836239606938,8.153517366985021e-4,38,CXCL12/FYN/SESTD1/PRKD1/CACNA2D1/PDGFRB/SLC8A1/CAMK2D/SNCA/MYLK/F2R/PKD2/PLN/GEM/ANK2/ABL1/CASK/PLP1/BCL2/LYN/ADRA2A/CD84/IL16/TMEM38B/ATP1A2/CORO1A/TRPC1/CLIC2/CCL5/CEMIP/CXCR4/STIMATE/CCL2/PDE4B/RRAD/CCR1/THY1/CCL3
C1,Up,GO_BP,GO:1902106,negative regulation of leukocyte differentiation,22/1323,113/16355,9.08885727428908e-5,0.001119516388071163,8.226505975439596e-4,22,TLR4/FBN1/LGALS1/BMP4/QKI/GATA2/PIK3R1/CD69/LYN/TNFAIP6/FGL2/HLX/IL4R/RUNX3/ID2/TMEM176B/MDK/C1QC/INHBA/TMEM176A/TNFRSF11B/CCL3
C1,Up,GO_BP,GO:0046660,female sex differentiation,23/1323,121/16355,9.332899878824155e-5,0.0011405823341784028,8.381304184180495e-4,23,MMP2/ADAMTS1/PDGFRA/ZFPM2/SLIT3/AXL/LHFPL2/NPR2/FZD4/ANG/A2M/BCL2/PTX3/TBX3/TNFAIP6/FST/FOXO3/ARID5B/INHBA/INHBB/FOXL2/RBP4/WNT5A
C1,Up,GO_BP,GO:0035455,response to interferon-alpha,8/1323,20/16355,9.343872214826753e-5,0.0011405823341784028,8.381304184180495e-4,8,IFITM2/IFITM1/IFITM3/AXL/MX2/GAS6/LAMP3/GATA3
C1,Up,GO_BP,GO:0043116,negative regulation of vascular permeability,8/1323,20/16355,9.343872214826753e-5,0.0011405823341784028,8.381304184180495e-4,8,FERMT2/PTPRJ/AKAP12/ANGPT1/CLDN5/PDE3A/PDE2A/DDAH1
C1,Up,GO_BP,GO:2001044,regulation of integrin-mediated signaling pathway,8/1323,20/16355,9.343872214826753e-5,0.0011405823341784028,8.381304184180495e-4,8,NID1/LAMA2/PRKD1/SLC2A10/LIMS2/TIMP1/LAMC1/FLNA
C1,Up,GO_BP,GO:1902893,regulation of miRNA transcription,17/1323,76/16355,9.522400167406831e-5,0.001159768558505693,8.522289694313595e-4,17,ETS1/BMP4/TWIST1/GATA2/NOTCH2/BMP2/PPARG/AR/SMAD6/FOXO3/IL6/FGF2/TEAD1/SOX9/NFATC4/MYOCD/GATA3
C1,Up,GO_BP,GO:0048608,reproductive structure development,44/1323,302/16355,9.69336639911146e-5,0.0011779500286347529,8.655892001749831e-4,44,MMP2/ADAMTS1/PDGFRA/C3/ZFPM2/WNT2B/SLIT3/TNC/BMP4/AXL/NPR2/AKR1C3/FZD4/COL6A1/ANG/A2M/GFRA1/SERPINF1/AR/BCL2/CYP1B1/PTX3/TBX3/ID4/FOXF2/TNFAIP6/FST/FOXO3/ARID5B/CITED2/IRX5/INHBA/INHBB/FOXL2/FLNA/SERPINE2/SOX9/RHOBTB3/RBP4/TGFBR1/MYOCD/SFRP2/WNT5A/GATA3
C1,Up,GO_BP,GO:0045664,regulation of neuron differentiation,31/1323,187/16355,9.751200334533967e-5,0.0011823330405622435,8.68809954618252e-4,31,CXCL12/MAP1B/ZEB1/MEF2C/BMP4/SOCS2/GATA2/BMP2/ZNF536/LRRK2/BCL2/S100B/IRX3/DKK1/NRCAM/TCF4/HEY2/ID4/ARHGEF2/MMD/FOXO3/FGFR1/ID2/FGF2/SOX2/SOX9/BCL11B/HEY1/PROX1/SFRP2/NLGN1
C1,Up,GO_BP,GO:0048863,stem cell differentiation,38/1323,248/16355,9.805508753926206e-5,0.001186270012279001,8.717029467797016e-4,38,TGFBR2/EDNRA/PDGFRA/MEF2C/BMP4/LBH/TWIST1/RUNX2/A2M/TEAD2/ABL1/NRP1/BCL2/TBX3/FN1/PITX2/SEMA6A/SOX10/SOX5/CCDC88C/PRICKLE1/SEMA3A/PTN/SEMA3G/FGFR1/SOX17/MEOX1/FGF2/PTPRC/CITED2/FZD1/MSX1/TAL1/SOX9/FRZB/RBM24/MYOCD/SFRP2
C1,Up,GO_BP,GO:0001656,metanephros development,19/1323,91/16355,1.0200884156899078e-4,0.0012313600608950177,9.048363210049427e-4,19,PDGFRA/FBN1/PDGFRB/BMP4/OSR2/ITGA8/GPC3/FOXD1/PKD2/FRAS1/ID3/BCL2/IRX3/TFAP2B/SOX17/POU3F3/AQP1/IRX1/SOX9
C1,Up,GO_BP,GO:0002043,blood vessel endothelial cell proliferation involved in sprouting angiogenesis,10/1323,31/16355,1.0603916344087164e-4,0.0012743467606433955,9.364240982016425e-4,10,BMP4/GATA2/AGTR1/JCAD/ACVRL1/MMRN2/PPP1R16B/FGF2/BMPER/THBS1
C1,Up,GO_BP,GO:2000352,negative regulation of endothelial cell apoptotic process,10/1323,31/16355,1.0603916344087164e-4,0.0012743467606433955,9.364240982016425e-4,10,ICAM1/GATA2/ANGPT1/TEK/ABL1/GAS6/CDH5/SERPINE1/SCG2/GATA3
C1,Up,GO_BP,GO:0042119,neutrophil activation,12/1323,43/16355,1.0778626035434442e-4,0.0012924833691938167,9.497513634568935e-4,12,ANXA3/PREX1/IL15/ITGAM/IL16/ITGB2/PLA2G2A/FCER1G/CCL5/TYROBP/CXCL8/CXCL6
C1,Up,GO_BP,GO:0034110,regulation of homotypic cell-cell adhesion,11/1323,37/16355,1.1102852671219484e-4,0.0013284294209265249,9.761654841007252e-4,11,LYN/MMRN1/ZNF703/PRKG1/IL6/IL6ST/CCL5/EMILIN2/SERPINE2/PDPN/PRKCA
C1,Up,GO_BP,GO:0055017,cardiac muscle tissue growth,17/1323,77/16355,1.1312367407206652e-4,0.0013446122484889833,9.880570588075004e-4,17,COL14A1/ZFPM2/MEF2C/SAV1/ABL1/HEY2/FGFR1/PRKG1/FGF2/DIPK2A/CITED2/TGFBR3/RBP4/IGF1/TGFBR1/S1PR1/HEG1
C1,Up,GO_BP,GO:0061614,miRNA transcription,17/1323,77/16355,1.1312367407206652e-4,0.0013446122484889833,9.880570588075004e-4,17,ETS1/BMP4/TWIST1/GATA2/NOTCH2/BMP2/PPARG/AR/SMAD6/FOXO3/IL6/FGF2/TEAD1/SOX9/NFATC4/MYOCD/GATA3
C1,Up,GO_BP,GO:1903036,positive regulation of response to wounding,17/1323,77/16355,1.1312367407206652e-4,0.0013446122484889833,9.880570588075004e-4,17,FERMT2/DDR2/MYLK/F2R/SMOC2/ANO6/ENPP4/ADRA2A/PTN/MDK/F3/SCARF1/FLNA/EMILIN2/CXCR4/SERPINE1/THBS1
C1,Up,GO_BP,GO:0003229,ventricular cardiac muscle tissue development,15/1323,63/16355,1.1473961593568549e-4,0.0013578771105939946,9.97804434418345e-4,15,EDNRA/COL14A1/ZFPM2/ENG/IRX3/TBX3/HEY2/KCNJ8/ID2/TPM1/TGFBR3/TGFBR1/PROX1/COL11A1/HEG1
C1,Up,GO_BP,GO:2000179,positive regulation of neural precursor cell proliferation,15/1323,63/16355,1.1473961593568549e-4,0.0013578771105939946,9.97804434418345e-4,15,VCAN/VEGFC/NAP1L1/NES/ID4/LYN/SMARCD3/SOX10/MDK/FGF2/DCT/FLNA/TOX/PROX1/HAPLN1
C1,Up,GO_BP,GO:0070661,leukocyte proliferation,47/1323,332/16355,1.1553271974945726e-4,0.0013642907253892432,0.0010025173301829336,47,TGFBR2/FYN/PLCL2/TLR4/IL33/MEF2C/BMP4/CSF1/LRRC32/VCAM1/RAC2/HHEX/IL7/PDE5A/ABL1/BCL2/DOCK2/MSN/TNFRSF1B/CSF2RB/IMPDH2/LYN/IL7R/IL15/ADA/AIF1/PTPN22/TACR1/IL6/CORO1A/PTPRC/CCL19/VSIG4/IL6ST/CCL5/CD86/MNDA/GPR183/TYROBP/NPR3/IGF1/HAVCR2/HLA-DPB1/IGF2/PLA2G5/PDCD1LG2/GPNMB
C1,Up,GO_BP,GO:0001819,positive regulation of cytokine production,63/1323,485/16355,1.182502729531845e-4,0.0013933524570101912,0.001023872668200652,63,POSTN/RFTN1/IL1R1/IRAK3/C3/TLR4/CD200/IL33/CCBE1/PTPRJ/AKAP12/SPTBN1/LY96/TWIST1/STING1/F2R/IL7/ABL1/LRRK2/CYP1B1/PIK3R1/ARHGEF2/LPL/IL15/ADRA2A/IL16/IL4R/AIF1/C3AR1/PTPN22/FCER1G/PTGER4/IL6/MDK/PTPRC/IL27RA/FGR/CCL19/F3/IL6ST/CD86/TLR8/RGCC/CYBB/SAA1/TYROBP/HAVCR2/LUM/HLA-DPB1/TSLP/NFATC4/CD14/LAPTM5/PDE4B/FCGR2A/SERPINE1/HEG1/CHI3L1/IL17D/THBS1/WNT5A/CCL3/GATA3
C1,Up,GO_BP,GO:0050886,endocrine process,19/1323,92/16355,1.1896183242084517e-4,0.0013977576856506978,0.0010271097480791113,19,DAB2/FZD4/F2R/FOXD1/AGTR1/PPARG/TBX3/SELENOM/CPA3/CTSZ/TACR1/FGFR1/ENPEP/AVPR1A/INHBA/INHBB/FOXL2/AQP1/GATA3
C1,Up,GO_BP,GO:0018958,phenol-containing compound metabolic process,22/1323,115/16355,1.1913877180711949e-4,0.0013977576856506978,0.0010271097480791113,22,CTSK/EDNRA/ZEB2/SNCA/CPQ/BCL2/TYR/SLC1A1/ITGAM/ITGB2/TYRP1/GCH1/PMEL/TRPC1/SLC16A2/DCT/SNCAIP/DIO2/OCA2/MAOB/WNT5A/GATA3
C1,Up,GO_BP,GO:0036230,granulocyte activation,13/1323,50/16355,1.246698469519545e-4,0.0014501212176509998,0.0010655878725161984,13,ANXA3/PREX1/IL15/ITGAM/IL16/ITGB2/PLA2G2A/FCER1G/CCL5/TYROBP/CXCL8/CXCL6/CCL3
C1,Up,GO_BP,GO:0043114,regulation of vascular permeability,13/1323,50/16355,1.246698469519545e-4,0.0014501212176509998,0.0010655878725161984,13,FERMT2/ZEB2/PTPRJ/AKAP12/ANGPT1/TEK/CLDN5/PDE3A/TACR1/PLVAP/PDE2A/DDAH1/CDH5
C1,Up,GO_BP,GO:0061756,leukocyte adhesion to vascular endothelial cell,13/1323,50/16355,1.246698469519545e-4,0.0014501212176509998,0.0010655878725161984,13,CXCL12/JAM2/ETS1/VCAM1/ITGA4/SELE/SLC39A8/ITGB2/IL6/MDK/CCL21/ALOX5/LRG1
C1,Up,GO_BP,GO:1904645,response to amyloid-beta,13/1323,50/16355,1.246698469519545e-4,0.0014501212176509998,0.0010655878725161984,13,MMP2/FYN/CACNA2D1/TLR4/VCAM1/ICAM1/ITGA4/FOXO3/ABCC1/MMP3/RAMP3/TYROBP/IGF1
C1,Up,GO_BP,GO:0006816,calcium ion transport,57/1323,428/16355,1.2665015569688533e-4,0.001464122971309565,0.0010758767357580557,57,CXCL12/EDNRA/MICU3/FYN/SESTD1/PRKD1/CACNA2D1/PDGFRB/SLC8A1/CAMK2D/SNCA/MYLK/CALCRL/F2R/PKD2/PLN/GEM/MCOLN3/ANK2/ABL1/CASK/ANO6/PLP1/BCL2/ASIC1/KCNJ8/LYN/CACHD1/TRPM1/ADRA2A/CD84/GAS6/IL16/TMEM38B/ATP1A2/CORO1A/TRPC1/CCL21/FGF2/PTPRC/CYSLTR1/CCL19/CLIC2/CCL5/CEMIP/FLNA/CXCR4/RAMP3/STIMATE/CCL2/ANXA6/PDE4B/RRAD/CCR1/ORAI2/THY1/CCL3
C1,Up,GO_BP,GO:0010714,positive regulation of collagen metabolic process,9/1323,26/16355,1.271241190389658e-4,0.001464122971309565,0.0010758767357580557,9,DDR2/LARP6/ENG/BMP4/F2R/VIM/TGFB3/INHBA/RGCC
C1,Up,GO_BP,GO:0048245,eosinophil chemotaxis,9/1323,26/16355,1.271241190389658e-4,0.001464122971309565,0.0010758767357580557,9,CCL14/CCL23/CCL18/CCL5/CCL2/SCG2/CCL3/CCL3L1/CCL3L3
C1,Up,GO_BP,GO:0050927,positive regulation of positive chemotaxis,9/1323,26/16355,1.271241190389658e-4,0.001464122971309565,0.0010758767357580557,9,CXCL12/VEGFC/NTRK3/PGF/IL16/F3/CXCL8/S1PR1/SCG2
C1,Up,GO_BP,GO:0060419,heart growth,18/1323,85/16355,1.2722128911231862e-4,0.001464122971309565,0.0010758767357580557,18,COL14A1/ZFPM2/MEF2C/SAV1/ABL1/HEY2/FGFR1/PRKG1/FGF2/DIPK2A/CITED2/TGFBR3/RBP4/IGF1/TGFBR1/S1PR1/PROX1/HEG1
C1,Up,GO_BP,GO:0061458,reproductive system development,44/1323,306/16355,1.3170435539152983e-4,0.0015125117515576957,0.0011114341062527676,44,MMP2/ADAMTS1/PDGFRA/C3/ZFPM2/WNT2B/SLIT3/TNC/BMP4/AXL/NPR2/AKR1C3/FZD4/COL6A1/ANG/A2M/GFRA1/SERPINF1/AR/BCL2/CYP1B1/PTX3/TBX3/ID4/FOXF2/TNFAIP6/FST/FOXO3/ARID5B/CITED2/IRX5/INHBA/INHBB/FOXL2/FLNA/SERPINE2/SOX9/RHOBTB3/RBP4/TGFBR1/MYOCD/SFRP2/WNT5A/GATA3
C1,Up,GO_BP,GO:0030038,contractile actin filament bundle assembly,21/1323,108/16355,1.3262030855969815e-4,0.0015128682644378437,0.0011116960814565348,21,FERMT2/ZEB2/DLC1/LIMCH1/CD47/ABL1/LPAR1/CCDC88A/NRP1/PIK3R1/TGFB3/CCN2/ARHGAP6/TACR1/PTGER4/TPM1/SYNPO/RGCC/STMN1/TGFBR1/S1PR1
C1,Up,GO_BP,GO:0043149,stress fiber assembly,21/1323,108/16355,1.3262030855969815e-4,0.0015128682644378437,0.0011116960814565348,21,FERMT2/ZEB2/DLC1/LIMCH1/CD47/ABL1/LPAR1/CCDC88A/NRP1/PIK3R1/TGFB3/CCN2/ARHGAP6/TACR1/PTGER4/TPM1/SYNPO/RGCC/STMN1/TGFBR1/S1PR1
C1,Up,GO_BP,GO:1901655,cellular response to ketone,21/1323,108/16355,1.3262030855969815e-4,0.0015128682644378437,0.0011116960814565348,21,POSTN/PTGFR/PRKD1/ADCY3/DDIT4/TNC/AKR1C3/AXIN2/GNG2/SERPINF1/AR/CYP1B1/MSN/FOXO3/GAS6/SOX10/KLF2/PTGER4/PTGER2/ADCY2/AQP1
C1,Up,GO_BP,GO:0002468,dendritic cell antigen processing and presentation,7/1323,16/16355,1.3284944074684304e-4,0.0015128682644378437,0.0011116960814565348,7,FGL2/CCL21/MPEG1/CCL19/CD68/THBS1/HLA-DRB3
C1,Up,GO_BP,GO:0051235,maintenance of location,47/1323,334/16355,1.3353163275797112e-4,0.0015174557095006258,0.0011150670588377593,47,PRKD1/C3/FBN1/NEGR1/SLC8A1/CAMK2D/PLIN2/SNCA/SRGN/DZIP1/SCARB1/F2R/NPC2/PKD2/PLN/TMSB15B/ANK2/ABL1/PPARG/CCDC88A/PLA2G4C/LPL/LYN/DBN1/S100A9/TMEM38B/SOAT1/IL6/ATP1A2/CORO1A/TRPC1/MSR1/CCL21/FGF2/PTPRC/S100A8/CCL19/ABCA1/CLIC2/CEMIP/FLNA/ENPP1/ANXA6/KDELR3/CHCHD10/THY1/CCL3
C1,Up,GO_BP,GO:0051208,sequestering of calcium ion,24/1323,132/16355,1.3706850966828821e-4,0.0015543969614157443,0.0011422124792048103,24,PRKD1/SLC8A1/CAMK2D/SNCA/F2R/PKD2/PLN/ANK2/ABL1/LYN/TMEM38B/ATP1A2/CORO1A/TRPC1/CCL21/FGF2/PTPRC/CCL19/CLIC2/CEMIP/FLNA/ANXA6/THY1/CCL3
C1,Up,GO_BP,GO:0030501,positive regulation of bone mineralization,12/1323,44/16355,1.3740207633274252e-4,0.001554933497165536,0.0011426067400301745,12,SLC8A1/MEF2C/BMP4/GPM6B/OSR2/BMP2/ANO6/PTN/CCN1/ALOX5/NELL1/TMEM119
C1,Up,GO_BP,GO:0014015,positive regulation of gliogenesis,16/1323,71/16355,1.3812462727577879e-4,0.0015566244302116813,0.0011438492828778186,16,VEGFC/IL33/QKI/PTPRZ1/BMP2/TNFRSF1B/LYN/SOX10/PTN/IL6/ID2/MDK/CYSLTR1/IL6ST/CXCR4/SERPINE2
C1,Up,GO_BP,GO:1900046,regulation of hemostasis,16/1323,71/16355,1.3812462727577879e-4,0.0015566244302116813,0.0011438492828778186,16,SERPING1/PDGFRA/TFPI/F2R/ANO6/PROS1/ENPP4/PRKG1/F3/EMILIN2/SERPINE2/TSPAN8/SERPINE1/FAP/THBS1/COMP
C1,Up,GO_BP,GO:0009190,cyclic nucleotide biosynthetic process,8/1323,21/16355,1.4027309492422427e-4,0.001574304652124765,0.001156841183020136,8,GUCY1B1/ADCY3/GUCY1A1/ADCY9/NPR2/ADCY7/ADCY4/ADCY2
C1,Up,GO_BP,GO:0030449,regulation of complement activation,8/1323,21/16355,1.4027309492422427e-4,0.001574304652124765,0.001156841183020136,8,SERPING1/CFH/C3/CD59/SVEP1/A2M/MASP1/VSIG4
C1,Up,GO_BP,GO:1905562,regulation of vascular endothelial cell proliferation,10/1323,32/16355,1.431359923455242e-4,0.0015983406299061409,0.001174503462639347,10,MEF2C/FLT1/AKT3/ITGA4/PPARG/FGFR1/MDK/FGF2/CCL2/IGF2
C1,Up,GO_BP,GO:0043549,regulation of kinase activity,57/1323,430/16355,1.4356505962983204e-4,0.0015983406299061409,0.001174503462639347,57,LDB2/FERMT2/IRAK3/DDR2/CCND2/VEGFC/TLR4/FBN1/DEPTOR/PDGFRB/PTPRJ/SLC8A1/SH3BP5/FLT1/HERC5/SNCA/NTRK3/DIRAS3/ANGPT1/HHEX/ADARB1/PDE5A/BMP2/SYNPO2/ABL1/CCDC88A/LRRK2/PKIA/TCIM/MMD/LYN/LCP2/ADRA2A/GAS6/TRIB2/PTPN22/FGFR1/UCHL1/FGF2/DIPK2A/PTPRC/FGR/CCL19/RASSF2/CEMIP/RGCC/CCN1/IGF1/FGF18/PROX1/NOX4/MYOCD/HEG1/CHI3L1/THBS1/THY1/WNT5A
C1,Up,GO_BP,GO:0007272,ensheathment of neurons,27/1323,157/16355,1.435917208015826e-4,0.0015983406299061409,0.001174503462639347,27,JAM2/PMP22/TMEM98/JAM3/GPM6B/QKI/HYCC1/COL6A1/DEGS1/PTPRZ1/ANK2/LPAR1/PLP1/TNFRSF1B/ID4/EPB41L3/CLDN5/CLDN11/B4GALT6/SOX10/MPZ/PTN/TPPP/CXCR4/LPIN1/CNTN1/NFASC
C1,Up,GO_BP,GO:0008366,axon ensheathment,27/1323,157/16355,1.435917208015826e-4,0.0015983406299061409,0.001174503462639347,27,JAM2/PMP22/TMEM98/JAM3/GPM6B/QKI/HYCC1/COL6A1/DEGS1/PTPRZ1/ANK2/LPAR1/PLP1/TNFRSF1B/ID4/EPB41L3/CLDN5/CLDN11/B4GALT6/SOX10/MPZ/PTN/TPPP/CXCR4/LPIN1/CNTN1/NFASC
C1,Up,GO_BP,GO:0032943,mononuclear cell proliferation,43/1323,298/16355,1.4430848575060746e-4,0.0016030341402807767,0.0011779523796497764,43,TGFBR2/FYN/PLCL2/TLR4/MEF2C/BMP4/CSF1/LRRC32/VCAM1/RAC2/IL7/PDE5A/ABL1/BCL2/DOCK2/MSN/TNFRSF1B/IMPDH2/LYN/IL7R/IL15/ADA/AIF1/PTPN22/TACR1/IL6/CORO1A/PTPRC/CCL19/VSIG4/IL6ST/CCL5/CD86/MNDA/GPR183/TYROBP/IGF1/HAVCR2/HLA-DPB1/IGF2/PLA2G5/PDCD1LG2/GPNMB
C1,Up,GO_BP,GO:0032102,negative regulation of response to external stimulus,53/1323,392/16355,1.4691538367022044e-4,0.001628661967544158,0.0011967843928624617,53,SERPING1/SAMHD1/FYN/IRAK3/PDGFRA/MFHAS1/TFPI/CD200/IL33/STAT2/PTGIS/A2M/TEK/PPARG/CASK/NRP1/SERPINB9/PROS1/TNFRSF1B/SIRPA/MICB/DTX4/LYN/SLC39A8/TNFAIP6/MMRN1/FGL2/ADA/AIF1/PRKG1/PTGER4/ANGPT2/NT5E/MDK/FGF2/PTPRC/FGR/IL10RA/VSIG4/DPP4/SERPINE2/SAA1/CCL2/IGF1/ALOX5/HAVCR2/TSPAN8/CDH5/SERPINE1/FAP/THBS1/WNT5A/GATA3
C1,Up,GO_BP,GO:0071347,cellular response to interleukin-1,18/1323,86/16355,1.4891887025257462e-4,0.0016475097825091353,0.0012106342716213163,18,MMP2/IL1R1/IRAK3/GBP2/AKAP12/GBP1/CD47/PTGIS/SIRPA/KLF2/IL6/INHBB/CCL5/SOX9/CCL2/CXCL8/HAS2/CCL3
C1,Up,GO_BP,GO:0070663,regulation of leukocyte proliferation,39/1323,262/16355,1.4977362635037114e-4,0.0016535982486488132,0.0012151082394535886,39,TGFBR2/TLR4/IL33/MEF2C/BMP4/CSF1/LRRC32/VCAM1/RAC2/HHEX/IL7/PDE5A/BCL2/TNFRSF1B/CSF2RB/LYN/IL15/ADA/AIF1/PTPN22/TACR1/IL6/CORO1A/PTPRC/CCL19/VSIG4/IL6ST/CCL5/CD86/MNDA/GPR183/TYROBP/IGF1/HAVCR2/HLA-DPB1/IGF2/PLA2G5/PDCD1LG2/GPNMB
C1,Up,GO_BP,GO:0048709,oligodendrocyte differentiation,21/1323,109/16355,1.5196368654542736e-4,0.001672544320746783,0.001229030320182893,21,IL33/PTPRJ/TMEM98/GPM6B/QKI/PTPRZ1/LPAR1/PLP1/BNIP3/TNFRSF1B/ID4/LYN/B4GALT6/SOX10/PTN/MDK/DAAM2/TPPP/CXCR4/SOX9/CNTN1
C1,Up,GO_BP,GO:0034614,cellular response to reactive oxygen species,25/1323,141/16355,1.5210546657748727e-4,0.001672544320746783,0.001229030320182893,25,MMP2/FYN/PDGFRA/DDR2/FBLN5/SLC8A1/PDGFD/AXL/PTPRK/PKD2/ABL1/LRRK2/CYP1B1/BNIP3/SIRPA/SOD3/FOXO3/GCH1/KLF2/CYGB/SOD2/IL6/TPM1/MMP3/AQP1
C1,Up,GO_BP,GO:0001937,negative regulation of endothelial cell proliferation,13/1323,51/16355,1.5506700192029113e-4,0.001694816809720365,0.0012453967410393815,13,ENG/MEF2C/FLT1/PPARG/ACVRL1/MMRN2/PTPRM/RGCC/CCL2/ALOX5/TGFBR1/SCG2/THBS1
C1,Up,GO_BP,GO:0045599,negative regulation of fat cell differentiation,13/1323,51/16355,1.5506700192029113e-4,0.001694816809720365,0.0012453967410393815,13,FERMT2/ZFPM2/RUNX1T1/GATA2/TGFB1I1/BMP2/TRIO/ID4/TRIB2/SOD2/IL6/ENPP1/WNT5A
C1,Up,GO_BP,GO:0051496,positive regulation of stress fiber assembly,13/1323,51/16355,1.5506700192029113e-4,0.001694816809720365,0.0012453967410393815,13,FERMT2/LIMCH1/CD47/ABL1/LPAR1/CCDC88A/NRP1/TGFB3/CCN2/TACR1/TPM1/RGCC/TGFBR1
C1,Up,GO_BP,GO:0046651,lymphocyte proliferation,42/1323,290/16355,1.5801348833689567e-4,0.0017235527482851753,0.0012665126776020045,42,TGFBR2/FYN/PLCL2/TLR4/MEF2C/BMP4/LRRC32/VCAM1/RAC2/IL7/PDE5A/ABL1/BCL2/DOCK2/MSN/TNFRSF1B/IMPDH2/LYN/IL7R/IL15/ADA/AIF1/PTPN22/TACR1/IL6/CORO1A/PTPRC/CCL19/VSIG4/IL6ST/CCL5/CD86/MNDA/GPR183/TYROBP/IGF1/HAVCR2/HLA-DPB1/IGF2/PLA2G5/PDCD1LG2/GPNMB
C1,Up,GO_BP,GO:0034762,regulation of transmembrane transport,59/1323,451/16355,1.5879011960657181e-4,0.0017277199839744084,0.001269574873891744,59,EDNRA/FYN/SESTD1/PRKD1/C3/CACNA2D1/GRB10/FXYD5/SLC8A1/CAMK2D/KCNE4/SNCA/STOM/F2R/FHL1/GPC3/PKD2/PLN/GEM/ANK2/ABL1/SLC43A1/ANO6/PLP1/IRS1/BCL2/PIK3R1/KCNJ8/ACSL5/CLIP3/LYN/RHOQ/SCN4B/ADRA2A/KLF15/KCNJ13/TMEM38B/STK39/ATP1A2/CORO1A/TRPC1/CLIC2/FXYD6/HEPH/CEMIP/FLNA/ENPP1/STIMATE/CCL2/IGF1/KCNJ2/GRP/KCNE3/PDE4B/RRAD/NLGN1/THBS1/THY1/ABCC9
C1,Up,GO_BP,GO:0030098,lymphocyte differentiation,56/1323,422/16355,1.5903166273696688e-4,0.0017277199839744084,0.001269574873891744,56,DOCK10/TGFBR2/ZEB1/PLCL2/DOCK11/PTPRJ/LGALS1/BMP4/TMEM98/AXL/VCAM1/PIK3R3/FZD7/HHEX/RUNX2/IL7/LEPR/ITM2A/NOTCH2/ITGA4/ABL1/PREX1/BCL2/DOCK2/RPL22/PIK3R1/CD69/IL7R/SMARCD3/IL15/FGL2/CYP26B1/FOXO3/HLX/IKZF1/GAS6/ADA/IL4R/PTPN22/FCER1G/PTGER4/RUNX3/IL6/ID2/MDK/PTPRC/CCL19/IL6ST/INHBA/CD86/GPR183/BCL11B/TOX/ZBTB16/PRDM1/GATA3
C1,Up,GO_BP,GO:0071695,anatomical structure maturation,39/1323,263/16355,1.6245439838906623e-4,0.0017613818204578998,0.0012943104920502978,39,MMP2/EDNRA/C3/RECK/AXL/GLDN/NPR2/RAC2/DCHS1/GATA2/ANG/RUNX2/BMP2/PPARG/ACVRL1/LRRK2/BCL2/NTN4/NRCAM/B4GALT6/IL15/FOXO3/SOX10/PDE3A/KLF2/FGFR1/TFCP2L1/CCL21/CCL19/C1QA/SCARF1/TAL1/RFLNB/IGF1/S1PR1/ZBTB16/CDH5/WNT5A/GATA3
C1,Up,GO_BP,GO:0071260,cellular response to mechanical stimulus,16/1323,72/16355,1.6444122333377398e-4,0.001776726124221186,0.0013055858970325435,16,COL1A1/TLR4/ENG/IL33/PIEZO1/BNIP3/HABP4/PIEZO2/PTGER4/ATP1A2/FGF2/TLR8/PDE2A/AQP1/SOX9/KCNJ2
C1,Up,GO_BP,GO:0048010,vascular endothelial growth factor receptor signaling pathway,14/1323,58/16355,1.645237924306437e-4,0.001776726124221186,0.0013055858970325435,14,FYN/PRKD1/VEGFC/GRB10/FLT1/AXL/FZD4/HHEX/NRP1/MMRN2/CLEC14A/PGF/FGF18/ITGA5
C1,Up,GO_BP,GO:0042487,regulation of odontogenesis of dentin-containing tooth,6/1323,12/16355,1.670687620500271e-4,0.0018006299909836254,0.0013231510979400643,6,BMP4/CSF1/RUNX2/BMP2/APCDD1/TNFRSF11B
C1,Up,GO_BP,GO:0042310,vasoconstriction,18/1323,87/16355,1.7379297861703767e-4,0.0018593973592079367,0.0013663349325859421,18,MMP2/EDNRA/DOCK4/ADD3/SLC8A1/ACTA2/SVEP1/F2R/AGTR1/ITGA4/ABL1/ADRA2A/TACR1/ATP1A2/CYSLTR1/AVPR1A/ITGA9/COMP
C1,Up,GO_BP,GO:0048661,positive regulation of smooth muscle cell proliferation,18/1323,87/16355,1.7379297861703767e-4,0.0018593973592079367,0.0013663349325859421,18,MMP2/ADAMTS1/DDR2/TLR4/PDGFRB/PDGFD/BMP4/IGFBP5/CALCRL/PIK3R1/AIF1/IL6/ID2/FGF2/CCL5/IGF1/S1PR1/THBS1
C1,Up,GO_BP,GO:0055006,cardiac cell development,18/1323,87/16355,1.7379297861703767e-4,0.0018593973592079367,0.0013663349325859421,18,COL14A1/PDGFRA/PDGFRB/SLC8A1/BMP4/SGCD/FHL2/TBX3/HEY2/PRICKLE1/PRKG1/MYH11/INHBA/POPDC1/TGFBR3/IGF1/PROX1/SGCB
C1,Up,GO_BP,GO:0048565,digestive tract development,24/1323,134/16355,1.7423292633226065e-4,0.0018593973592079367,0.0013663349325859421,24,PDGFC/COL3A1/PDGFRA/SAV1/NPR2/DCHS1/BCL2/TGFB3/RARRES2/CLMP/FOXF2/HLX/SOX10/ADA/ID2/SOX17/IL6ST/DACT1/SOX9/CXCL8/MYOCD/PRDM1/SFRP2/WNT5A
C1,Up,GO_BP,GO:0048593,camera-type eye morphogenesis,24/1323,134/16355,1.7423292633226065e-4,0.0018593973592079367,0.0013663349325859421,24,ZEB1/WNT2B/BMP4/THRB/RORB/TWIST1/NOTCH2/TFAP2B/PITX2/FOXF2/SLC1A1/PTPRM/CITED2/AQP1/SOX9/NECTIN3/RBP4/PROX1/ALDH1A3/COL8A2/PRDM1/COL8A1/THY1/WNT5A
C1,Up,GO_BP,GO:0051209,release of sequestered calcium ion into cytosol,23/1323,126/16355,1.761646286355305e-4,0.0018763260053886305,0.0013787745547697247,23,PRKD1/SLC8A1/CAMK2D/SNCA/F2R/PKD2/PLN/ANK2/ABL1/LYN/TMEM38B/ATP1A2/CORO1A/TRPC1/CCL21/FGF2/PTPRC/CCL19/CLIC2/CEMIP/FLNA/THY1/CCL3
C1,Up,GO_BP,GO:0051279,regulation of release of sequestered calcium ion into cytosol,17/1323,80/16355,1.8568751009027715e-4,0.001973883668904864,0.0014504625363319207,17,PRKD1/SLC8A1/CAMK2D/SNCA/F2R/PKD2/PLN/ANK2/ABL1/LYN/TMEM38B/ATP1A2/CORO1A/TRPC1/CLIC2/CEMIP/THY1
C1,Up,GO_BP,GO:0010762,regulation of fibroblast migration,11/1323,39/16355,1.8725639548764766e-4,0.0019751004665803924,0.0014513566718225037,11,DDR2/ZEB2/AKAP12/ACTA2/PRR5L/CYGB/FGF2/AQP1/GNA12/WDPCP/THBS1
C1,Up,GO_BP,GO:0030513,positive regulation of BMP signaling pathway,11/1323,39/16355,1.8725639548764766e-4,0.0019751004665803924,0.0014513566718225037,11,ENG/BMP4/GPC3/FOXD1/NOTCH2/ACVRL1/ARK2C/MSX1/CCN1/ZNF423/CDH5
C1,Up,GO_BP,GO:0035633,maintenance of blood-brain barrier,11/1323,39/16355,1.8725639548764766e-4,0.0019751004665803924,0.0014513566718225037,11,JAM2/LAMA2/ZEB2/JAM3/ANGPT1/PECAM1/CLDN5/SLC1A1/LAMC1/IL6/CDH5
C1,Up,GO_BP,GO:0051150,regulation of smooth muscle cell differentiation,11/1323,39/16355,1.8725639548764766e-4,0.0019751004665803924,0.0014513566718225037,11,ZEB1/ENG/BMP4/NOTCH2/HEY2/SMARCD3/EFEMP2/SOD2/NFATC1/HEY1/MYOCD
C1,Up,GO_BP,GO:0002063,chondrocyte development,10/1323,33/16355,1.9059729357553842e-4,0.002002561893041247,0.001471536062788235,10,TGFBR2/RUNX2/AXIN2/RFLNB/SOX9/FGF18/SERPINH1/COL11A1/SFRP2/COMP
C1,Up,GO_BP,GO:0090022,regulation of neutrophil chemotaxis,10/1323,33/16355,1.9059729357553842e-4,0.002002561893041247,0.001471536062788235,10,JAM3/RAC2/TNFAIP6/THBS4/C3AR1/MDK/CCL21/CCL19/DPP4/CXCL8
C1,Up,GO_BP,GO:0071496,cellular response to external stimulus,16/1323,73/16355,1.9501497710845253e-4,0.002045021922110259,0.0015027368282772848,16,COL1A1/TLR4/ENG/IL33/PIEZO1/BNIP3/HABP4/PIEZO2/PTGER4/ATP1A2/FGF2/TLR8/PDE2A/AQP1/SOX9/KCNJ2
C1,Up,GO_BP,GO:0001885,endothelial cell development,15/1323,66/16355,2.0032607295383684e-4,0.0020966690333048973,0.001540688507536658,15,EDNRA/CLIC4/ICAM1/PECAM1/MSN/CLDN5/AMOTL2/PPP1R16B/GSTM3/ROBO4/PDE2A/ARHGEF26/PLOD3/CDH5/HEG1
C1,Up,GO_BP,GO:1901201,regulation of extracellular matrix assembly,8/1323,22/16355,2.0486891756920592e-4,0.00213598456859103,0.0015695786148548921,8,ANTXR1/PPARG/TIE1/RGCC/TGFBR3/SOX9/TGFBR1/HAS2
C1,Up,GO_BP,GO:2000353,positive regulation of endothelial cell apoptotic process,8/1323,22/16355,2.0486891756920592e-4,0.00213598456859103,0.0015695786148548921,8,AKR1C3/ITGA4/ANO6/FOXO3/CD248/RGCC/CCL2/THBS1
C1,Up,GO_BP,GO:0002573,myeloid leukocyte differentiation,36/1323,239/16355,2.0884018603741758e-4,0.0021690628882509604,0.0015938854492379743,36,TGFBR2/TLR4/SLC9B2/FBN1/IL33/BMP4/CSF1/QKI/GATA2/GPC3/NOTCH2/BMP2/MITF/PPARG/PIK3R1/LYN/TNFAIP6/IL15/HCLS1/EVI2B/ID2/CITED2/CCL19/C1QC/INHBA/RASSF2/TAL1/PDE2A/GPR183/TYROBP/PRKCA/CCR1/PRXL2A/TNFRSF11B/CCL3/GATA3
C1,Up,GO_BP,GO:0032944,regulation of mononuclear cell proliferation,36/1323,239/16355,2.0884018603741758e-4,0.0021690628882509604,0.0015938854492379743,36,TGFBR2/TLR4/MEF2C/BMP4/CSF1/LRRC32/VCAM1/RAC2/IL7/PDE5A/BCL2/TNFRSF1B/LYN/IL15/ADA/AIF1/PTPN22/TACR1/IL6/CORO1A/PTPRC/CCL19/VSIG4/IL6ST/CCL5/CD86/MNDA/GPR183/TYROBP/IGF1/HAVCR2/HLA-DPB1/IGF2/PLA2G5/PDCD1LG2/GPNMB
C1,Up,GO_BP,GO:2000377,regulation of reactive oxygen species metabolic process,25/1323,144/16355,2.1403840695713574e-4,0.002218810356090003,0.0016304412197297282,25,TGFBR2/FYN/SHC1/TLR4/RAB27A/FBLN5/PDGFRB/SNCA/RAC2/AKR1C3/AGTR1/LRRK2/BCL2/CYP1B1/BNIP3/SIRPA/FOXO3/ITGAM/ITGB2/GCH1/SOD2/MMP3/TYROBP/ALOX5/THBS1
C1,Up,GO_BP,GO:0140115,export across plasma membrane,17/1323,81/16355,2.1757398956197578e-4,0.0022334258340481333,0.0016411810640087048,17,FXYD5/SLC8A1/SLC40A1/KCNE4/KCNT2/ABCB1/ABCG2/ANO6/ABCC4/SLC47A1/ATP1A2/ABCC1/ABCA1/FXYD6/HEPH/KCNE3/SLC38A5
C1,Up,GO_BP,GO:0001774,microglial cell activation,12/1323,46/16355,2.1791525994946807e-4,0.0022334258340481333,0.0016411810640087048,12,IL33/SNCA/LRRK2/KCNJ8/ITGAM/ITGB2/AIF1/IL6/PTPRC/C1QA/TYROBP/CCL3
C1,Up,GO_BP,GO:0006911,"phagocytosis, engulfment",12/1323,46/16355,2.1791525994946807e-4,0.0022334258340481333,0.0016411810640087048,12,C3/GULP1/RAB31/GATA2/ANO6/ITGAM/ITGB2/ELMO1/AIF1/MSR1/ABCA1/THBS1
C1,Up,GO_BP,GO:0008038,neuron recognition,12/1323,46/16355,2.1791525994946807e-4,0.0022334258340481333,0.0016411810640087048,12,PLXND1/NEXN/NTM/NRP1/NRCAM/EPHA3/CNR1/ROBO4/PALLD/TNN/CXCR4/GAP43
C1,Up,GO_BP,GO:1902622,regulation of neutrophil migration,12/1323,46/16355,2.1791525994946807e-4,0.0022334258340481333,0.0016411810640087048,12,IL1R1/JAM3/RAC2/TNFAIP6/THBS4/C3AR1/MDK/CCL21/CCL19/DPP4/CD99L2/CXCL8
C1,Up,GO_BP,GO:2000648,positive regulation of stem cell proliferation,12/1323,46/16355,2.1791525994946807e-4,0.0022334258340481333,0.0016411810640087048,12,FERMT2/VEGFC/PRRX1/OSR2/RUNX2/TBX3/FGFR1/FGF2/PTPRC/SOX9/TGFBR1/WNT5A
C1,Up,GO_BP,GO:0033674,positive regulation of kinase activity,36/1323,240/16355,2.270163570206618e-4,0.0023223217539288794,0.0017065041645799377,36,FERMT2/DDR2/CCND2/VEGFC/TLR4/FBN1/PDGFRB/FLT1/SNCA/NTRK3/ANGPT1/PDE5A/ABL1/CCDC88A/LRRK2/TCIM/MMD/LCP2/ADRA2A/GAS6/FGFR1/FGF2/DIPK2A/PTPRC/CCL19/RASSF2/CEMIP/RGCC/CCN1/IGF1/FGF18/PROX1/NOX4/CHI3L1/THBS1/WNT5A
C1,Up,GO_BP,GO:0009410,response to xenobiotic stimulus,56/1323,428/16355,2.299339997137759e-4,0.0023477471549722385,0.0017251874295897078,56,MMP2/TGFBR2/MAP1B/VEGFC/COL1A1/ADD3/ENG/MEF2C/AOX1/PLIN2/NNMT/SNCA/COL6A1/HSPG2/ABCB1/ABL1/TXNIP/FMO1/BCL2/CYP1B1/ABCC4/CD69/TFAP2B/KCNJ8/LYN/CYP26B1/SLC1A1/FOXO3/SLCO2B1/GAS6/SOX10/PDE3A/PRICKLE1/ADA/FMO2/C1orf115/PTPRM/AHRR/SOD2/GSTM3/UCHL1/ABCC1/LOX/FZD1/ABCA1/PDE2A/GNA12/CXCR4/CYBB/BCHE/PDE4B/TNFRSF11B/MAOB/SFRP2/THBS1/ABCC9
C1,Up,GO_BP,GO:2000628,regulation of miRNA metabolic process,18/1323,89/16355,2.346440042027542e-4,0.0023913437726629655,0.0017572233908103958,18,ETS1/BMP4/QKI/TWIST1/GATA2/NOTCH2/BMP2/PPARG/AR/SMAD6/FOXO3/IL6/FGF2/TEAD1/SOX9/NFATC4/MYOCD/GATA3
C1,Up,GO_BP,GO:0035924,cellular response to vascular endothelial growth factor stimulus,15/1323,67/16355,2.3908245554036923e-4,0.0024281012454676724,0.001784233765369625,15,PRKD1/PDGFRA/VEGFC/CCBE1/PDGFRB/FLT1/TNXB/VCAM1/ADGRA2/JCAD/SMOC2/NRP1/PGF/SEMA6A/DCN
C1,Up,GO_BP,GO:0017015,regulation of transforming growth factor beta receptor signaling pathway,25/1323,145/16355,2.3915816077958174e-4,0.0024281012454676724,0.001784233765369625,25,ZEB1/ZEB2/SDCBP/ENG/FBN1/ASPN/ITGA8/TGFB1I1/BMP2/PPARG/SLC2A10/SMAD6/PMEPA1/TGFB3/TSC22D1/ZNF703/GDF15/NPNT/CITED2/LOX/TGFBR3/MYOCD/LDLRAD4/LRG1/THBS1
C1,Up,GO_BP,GO:0030279,negative regulation of ossification,11/1323,40/16355,2.39591728197841e-4,0.0024281012454676724,0.001784233765369625,11,MEF2C/SRGN/BCL2/SMAD6/DKK1/MDK/ENPP1/RFLNB/SOX9/CCR1/CCL3
C1,Up,GO_BP,GO:1905517,macrophage migration,14/1323,60/16355,2.4153361112897272e-4,0.0024432226734684916,0.0017953453952779862,14,MMP2/CD200/PTPRJ/CSF1/RARRES2/CMKLR1/C3AR1/MDK/CCL5/SAA1/CCL2/THBS1/CCL3/P2RY12
C1,Up,GO_BP,GO:0051250,negative regulation of lymphocyte activation,27/1323,162/16355,2.443806309683137e-4,0.0024628489562520967,0.0018097673130199115,27,LGALS1/BMP4/AXL/LRRC32/PDE5A/CD69/LYN/HFE/FGL2/HLX/SAMSN1/IL4R/PTPN22/RUNX3/ID2/MDK/FGR/VSIG4/INHBA/CD86/MNDA/TYROBP/HAVCR2/LAPTM5/PLA2G5/PDCD1LG2/GPNMB
C1,Up,GO_BP,GO:0070665,positive regulation of leukocyte proliferation,27/1323,162/16355,2.443806309683137e-4,0.0024628489562520967,0.0018097673130199115,27,TGFBR2/TLR4/MEF2C/CSF1/VCAM1/RAC2/IL7/BCL2/CSF2RB/LYN/IL15/ADA/AIF1/TACR1/IL6/CORO1A/PTPRC/CCL19/IL6ST/CCL5/CD86/GPR183/IGF1/HAVCR2/HLA-DPB1/IGF2/PDCD1LG2
C1,Up,GO_BP,GO:0002697,regulation of immune effector process,53/1323,400/16355,2.4491062669208027e-4,0.0024636194892432963,0.0018103335212794709,53,SERPING1/CFH/IL1R1/IRAK3/C3/TLR4/IL33/CD59/LGALS1/AXL/SVEP1/ICAM1/RAC2/TWIST1/GATA2/ANGPT1/A2M/MASP1/SERPINB9/PVR/CD69/TNFRSF1B/MICB/LYN/IL7R/TGFB3/HFE/FGL2/HLX/CD84/ITGAM/ITGB2/S100A9/IL4R/IL13RA2/IL6/PTPRC/IL27RA/FGR/CCL19/CALHM6/VSIG4/CD86/TYROBP/RBP4/HAVCR2/CXCL6/IL13RA1/LAPTM5/PLA2G5/HLA-DRB3/WNT5A/GATA3
C1,Up,GO_BP,GO:0001569,branching involved in blood vessel morphogenesis,10/1323,34/16355,2.5060689236684763e-4,0.002502383528192493,0.0018388183743325971,10,TGFBR2/EDNRA/COL4A1/PLXND1/ENG/ABL1/NRP1/MDK/NFATC4/SFRP2
C1,Up,GO_BP,GO:0006958,"complement activation, classical pathway",10/1323,34/16355,2.5060689236684763e-4,0.002502383528192493,0.0018388183743325971,10,SERPING1/C1S/C1R/C3/C1RL/SVEP1/C7/C1QB/C1QC/C1QA
C1,Up,GO_BP,GO:0034405,response to fluid shear stress,10/1323,34/16355,2.5060689236684763e-4,0.002502383528192493,0.0018388183743325971,10,MMP2/MEF2C/PKD2/SMAD6/TFPI2/TGFB3/KLF2/CITED2/ABCA1/HAS2
C1,Up,GO_BP,GO:1904752,regulation of vascular associated smooth muscle cell migration,10/1323,34/16355,2.5060689236684763e-4,0.002502383528192493,0.0018388183743325971,10,ADAMTS1/DDR2/DOCK4/MEF2C/BMP4/IGFBP5/PRKG1/TPM1/GNA12/MYOCD
C1,Up,GO_BP,GO:0071222,cellular response to lipopolysaccharide,33/1323,215/16355,2.651290376203109e-4,0.002642533820832163,0.0019418045594518955,33,IRAK3/GBP2/PLSCR4/TLR4/MIR224/MEF2C/AXL/LY96/SCARB1/CXCL1/ABL1/VIM/TNFRSF1B/SIRPA/LYN/MRC1/PTPN22/IL6/CXCL2/ABCA1/CD86/MMP3/CD68/CCL2/CXCL8/HAVCR2/CXCL6/PRKCA/CD14/PDE4B/SERPINE1/PDCD1LG2/WNT5A
C1,Up,GO_BP,GO:0003015,heart process,37/1323,251/16355,2.6632466567757824e-4,0.0026495889816128297,0.0019469888803728102,37,EDNRA/GJC1/FYN/CACNA2D1/SLC8A1/CAMK2D/THRB/KCNE4/SGCD/PDE5A/PLN/SCN7A/ANK2/IRX3/HEY2/KCNJ8/SCN4B/SLC1A1/GCH1/ADA/TMEM38B/ATP1A2/TPM1/TRPC1/AVPR1A/CLIC2/POPDC1/FLNA/CXCR4/RAMP3/KCNJ2/KCNE3/NOX4/ADORA3/TMIGD3/PDE4B/ABCC9
C1,Up,GO_BP,GO:0051962,positive regulation of nervous system development,41/1323,288/16355,2.7238531916670846e-4,0.0027049306283611707,0.0019876554032140065,41,CXCL12/VCAN/MAP1B/PLXND1/VEGFC/IL33/THBS2/QKI/FLRT3/FZD4/NAP1L1/PTPRZ1/PLXNC1/BMP2/SERPINF1/L1CAM/NRP1/TNFRSF1B/ID4/FN1/LYN/SMARCD3/CLSTN2/DBN1/SOX10/PTN/IL6/ID2/SRPX2/MDK/FGF2/CYSLTR1/IL6ST/PLXNA1/DCT/CXCR4/SERPINE2/LRRN3/HAPLN1/CRABP2/NLGN1
C1,Up,GO_BP,GO:0042552,myelination,26/1323,155/16355,2.845210463661422e-4,0.0028202889121548983,0.0020724237568582617,26,JAM2/PMP22/TMEM98/JAM3/GPM6B/QKI/HYCC1/COL6A1/DEGS1/PTPRZ1/ANK2/LPAR1/PLP1/TNFRSF1B/ID4/EPB41L3/CLDN5/B4GALT6/SOX10/MPZ/PTN/TPPP/CXCR4/LPIN1/CNTN1/NFASC
C1,Up,GO_BP,GO:0002686,negative regulation of leukocyte migration,13/1323,54/16355,2.8728391861213796e-4,0.00283411122205958,0.0020825807600282783,13,CXCL12/CD200/IL33/CD69/TNFAIP6/ADA/APOD/PTGER4/GDF15/CCL21/IL27RA/DPP4/CCL2
C1,Up,GO_BP,GO:0061900,glial cell activation,13/1323,54/16355,2.8728391861213796e-4,0.00283411122205958,0.0020825807600282783,13,ZEB2/IL33/SNCA/LRRK2/KCNJ8/ITGAM/ITGB2/AIF1/IL6/PTPRC/C1QA/TYROBP/CCL3
C1,Up,GO_BP,GO:0001886,endothelial cell morphogenesis,6/1323,13/16355,2.89045953059832e-4,0.00283411122205958,0.0020825807600282783,6,CLIC4/AMOTL2/ARHGEF26/PLOD3/CDH5/HEG1
C1,Up,GO_BP,GO:0044406,adhesion of symbiont to host,6/1323,13/16355,2.89045953059832e-4,0.00283411122205958,0.0020825807600282783,6,ICAM1/SCARB1/GAS6/INHBB/DPP4/LRRC15
C1,Up,GO_BP,GO:0070278,extracellular matrix constituent secretion,6/1323,13/16355,2.89045953059832e-4,0.00283411122205958,0.0020825807600282783,6,ENG/BMP2/TNFRSF1B/PRICKLE1/TMEM38B/RGCC
C1,Up,GO_BP,GO:0070486,leukocyte aggregation,6/1323,13/16355,2.89045953059832e-4,0.00283411122205958,0.0020825807600282783,6,JAM2/RAC2/MSN/S100A9/S100A8/HAS2
C1,Up,GO_BP,GO:0050670,regulation of lymphocyte proliferation,35/1323,234/16355,2.91204010826133e-4,0.002850126462716314,0.0020943491873925014,35,TGFBR2/TLR4/MEF2C/BMP4/LRRC32/VCAM1/RAC2/IL7/PDE5A/BCL2/TNFRSF1B/LYN/IL15/ADA/AIF1/PTPN22/TACR1/IL6/CORO1A/PTPRC/CCL19/VSIG4/IL6ST/CCL5/CD86/MNDA/GPR183/TYROBP/IGF1/HAVCR2/HLA-DPB1/IGF2/PLA2G5/PDCD1LG2/GPNMB
C1,Up,GO_BP,GO:0007584,response to nutrient,27/1323,164/16355,2.997156213341923e-4,0.0029281569336103105,0.002151688065314762,27,POSTN/MAP1B/COL1A1/TNC/KANK2/VCAM1/AKR1C3/ARSB/A2M/PPARG/CYP1B1/TYR/LPL/CYP26B1/GAS6/CNR1/CBS/SOD2/SLC16A1/ABCA1/PENK/CYBB/FOLR2/BCHE/TNFRSF11B/PLD1/SFRP2
C1,Up,GO_BP,GO:0035136,forelimb morphogenesis,11/1323,41/16355,3.037606522269347e-4,0.002962348048288527,0.0021768126112530215,11,RECK/OSR2/TWIST1/RUNX2/TBX3/TFAP2B/ARK2C/MSX1/HOXD10/ZBTB16/CRABP2
C1,Up,GO_BP,GO:0045666,positive regulation of neuron differentiation,18/1323,91/16355,3.1329117353417633e-4,0.0030498165853721252,0.00224108683275155,18,CXCL12/MAP1B/ZEB1/MEF2C/BMP4/SOCS2/GATA2/BMP2/S100B/IRX3/DKK1/NRCAM/TCF4/ARHGEF2/MMD/FGFR1/FGF2/PROX1
C1,Up,GO_BP,GO:0051651,maintenance of location in cell,33/1323,217/16355,3.152087625328759e-4,0.0030629946298364615,0.002250770412436994,33,PRKD1/SLC8A1/CAMK2D/SNCA/SRGN/DZIP1/F2R/PKD2/PLN/TMSB15B/ANK2/ABL1/CCDC88A/LYN/DBN1/S100A9/TMEM38B/ATP1A2/CORO1A/TRPC1/CCL21/FGF2/PTPRC/S100A8/CCL19/CLIC2/CEMIP/FLNA/ANXA6/KDELR3/CHCHD10/THY1/CCL3
C1,Up,GO_BP,GO:0001946,lymphangiogenesis,7/1323,18/16355,3.198953302153189e-4,0.0030864501487204484,0.002268006155326707,7,VEGFC/CCBE1/ACVRL1/CLEC14A/TIE1/PDPN/PROX1
C1,Up,GO_BP,GO:0003128,heart field specification,7/1323,18/16355,3.198953302153189e-4,0.0030864501487204484,0.002268006155326707,7,MEF2C/BMP4/BMP2/AXIN2/DKK1/SMARCD3/WNT5A
C1,Up,GO_BP,GO:0055119,relaxation of cardiac muscle,7/1323,18/16355,3.198953302153189e-4,0.0030864501487204484,0.002268006155326707,7,SLC8A1/CAMK2D/PDE5A/PLN/ATP1A2/KCNJ2/PDE4B
C1,Up,GO_BP,GO:0060977,coronary vasculature morphogenesis,7/1323,18/16355,3.198953302153189e-4,0.0030864501487204484,0.002268006155326707,7,PDGFRB/SGCD/NRP1/HEY2/FGF2/TGFBR3/TGFBR1
C1,Up,GO_BP,GO:0001953,negative regulation of cell-matrix adhesion,10/1323,35/16355,3.2565429876214066e-4,0.0031253606905935483,0.0022965986626483866,10,POSTN/DLC1/CASK/ACVRL1/PIK3R1/ARHGAP6/APOD/FAM107A/SERPINE1/THBS1
C1,Up,GO_BP,GO:0110110,positive regulation of animal organ morphogenesis,10/1323,35/16355,3.2565429876214066e-4,0.0031253606905935483,0.0022965986626483866,10,WNT2B/BMP4/CSF1/BMP2/DKK1/FGFR1/FGF2/MSX1/SOX9/GATA3
C1,Up,GO_BP,GO:2000406,positive regulation of T cell migration,10/1323,35/16355,3.2565429876214066e-4,0.0031253606905935483,0.0022965986626483866,10,CXCL12/ITGA4/ABL1/AIF1/STK39/CORO1A/CCL21/CCL5/CD99L2/WNT5A
C1,Up,GO_BP,GO:1903844,regulation of cellular response to transforming growth factor beta stimulus,25/1323,148/16355,3.308517320858506e-4,0.0031650973575723705,0.002325798228802889,25,ZEB1/ZEB2/SDCBP/ENG/FBN1/ASPN/ITGA8/TGFB1I1/BMP2/PPARG/SLC2A10/SMAD6/PMEPA1/TGFB3/TSC22D1/ZNF703/GDF15/NPNT/CITED2/LOX/TGFBR3/MYOCD/LDLRAD4/LRG1/THBS1
C1,Up,GO_BP,GO:0008154,actin polymerization or depolymerization,30/1323,191/16355,3.309601066091875e-4,0.0031650973575723705,0.002325798228802889,30,CXCL12/EPS8/ADD3/WIPF1/KANK2/SPTBN1/ANG/SVIL/KIRREL1/COTL1/CFL2/TMSB15B/ABL1/PREX1/ENAH/LMOD1/CDC42EP5/HCLS1/PAK3/ARHGAP6/AIF1/CDC42EP3/LIMA1/FAM107A/PLEKHH2/CORO1A/GAS7/CCL21/DAAM2/PLEKHG2
C1,Up,GO_BP,GO:0030193,regulation of blood coagulation,15/1323,69/16355,3.363266289295343e-4,0.0032107666930496137,0.002359357278514095,15,SERPING1/PDGFRA/TFPI/F2R/ANO6/PROS1/ENPP4/PRKG1/F3/EMILIN2/SERPINE2/TSPAN8/SERPINE1/FAP/THBS1
C1,Up,GO_BP,GO:0071230,cellular response to amino acid stimulus,17/1323,84/16355,3.434660947184201e-4,0.0032731716254569437,0.0024052140926541996,17,MMP2/PDGFC/COL3A1/COL4A1/FYN/PDGFRA/ZEB1/COL1A1/MIR224/PDGFD/COL6A1/COL1A2/COL16A1/STAMBPL1/MMP3/CYBB/RRAGD
C1,Up,GO_BP,GO:1900024,regulation of substrate adhesion-dependent cell spreading,14/1323,62/16355,3.47652574907458e-4,0.0033072658264401257,0.0024302674238161686,14,POSTN/FERMT2/FBLN1/DAB2/GBP1/ABL1/PREX1/NRP1/LIMS2/MELTF/MDK/FLNA/PDPN/HAS2
C1,Up,GO_BP,GO:0022411,cellular component disassembly,57/1323,445/16355,3.518493062848336e-4,0.003341338167376252,0.0024553046916306388,57,MMP2/CTSK/EPS8/IRAK3/MAP1B/DDR2/C3/ADAMTS5/SH3PXD2B/ADD3/ENG/DDIT4/PLIN2/LIX1L/SPTBN1/RAC2/COL6A1/SVIL/MMP1/NES/PLXNC1/CFL2/MMP10/BNIP3/PIK3R1/DKK1/LMOD1/MID1/ARHGEF2/SMARCD3/TGFB3/MAP1LC3C/LAMC1/ITGAM/CCDC88C/PRICKLE1/MELTF/LIMA1/IL6/PLEKHH2/C1QB/NEK6/C1QC/C1QA/MAP1A/LCP1/FOXL2/MMP3/DPP4/EIF5A2/NAV3/PDPN/LPIN1/STMN1/TGFBR1/PRKCA/FAP
C1,Up,GO_BP,GO:0001764,neuron migration,29/1323,183/16355,3.546436137664791e-4,0.003361996701534929,0.0024704851353035523,29,CXCL12/COL3A1/FYN/MAP1B/DDIT4/MEF2C/AXL/TWIST1/GATA2/IGSF10/NRP1/NRCAM/ARHGEF2/SEMA6A/GAS6/SEMA3A/APBB2/FGFR1/PRKG1/MDK/SEPTIN4/PLXNA1/TUBA1A/FLNA/TNN/CXCR4/DCLK1/CEP85L/GATA3
C1,Up,GO_BP,GO:0061844,antimicrobial humoral immune response mediated by antimicrobial peptide,23/1323,132/16355,3.5663469456016333e-4,0.0033749819875449603,0.002480027070919016,23,CXCL12/ANG/CCL14/CXCL1/CCL23/S100A9/CCL21/CCL19/H2BC12/CCL18/CXCL2/CCL5/CCL2/CXCL8/CXCL6/TSLP/RNASE6/H2BC10/H2BC8/H2BC4/CCL3/CCL3L1/CCL3L3
C1,Up,GO_BP,GO:0031099,regeneration,30/1323,192/16355,3.6258335647705483e-4,0.003425309204144977,0.0025170088563130286,30,MMP2/POSTN/CXCL12/MAP1B/TNC/NNMT/AXL/PRRX1/CPQ/FZD7/COL6A1/HSPG2/ANXA3/BCL2/GAS6/PTN/APOD/IL6/ANGPT2/MDK/SOX2/RGN/SCARF1/LCP1/FLNA/TGFBR3/LPIN1/IGF1/GAP43/THY1
C1,Up,GO_BP,GO:0034109,homotypic cell-cell adhesion,19/1323,100/16355,3.703329848853975e-4,0.0034924457880164566,0.0025663426145567016,19,PLPP3/PDGFRA/MYL9/PEAR1/LYN/MMRN1/ZNF703/PRKG1/IL6/IL6ST/CCL5/FLNA/EMILIN2/SERPINE2/PDPN/PRKCA/CEACAM5/COMP/P2RY12
C1,Up,GO_BP,GO:1902905,positive regulation of supramolecular fiber organization,28/1323,175/16355,3.7891482585617245e-4,0.0035671842877828923,0.0026212624640091324,28,FERMT2/PRKD1/MAP1B/LIMCH1/TNXB/CD47/KIRREL1/CFL2/SYNPO2/ABL1/LPAR1/CCDC88A/NRP1/LMOD1/TGFB3/CCN2/CDC42EP5/EFEMP2/TACR1/CDC42EP3/TPM1/CCL21/SYNPO/FLNA/RGCC/NAV3/TGFBR1/PROX1
C1,Up,GO_BP,GO:0001709,cell fate determination,11/1323,42/16355,3.818039519253225e-4,0.003581967300273492,0.002632125417145392,11,MEF2C/BMP4/TNXB/PRRX1/GATA2/NOTCH2/CYP26B1/SOX17/EBF2/PROX1/GATA3
C1,Up,GO_BP,GO:1903670,regulation of sprouting angiogenesis,11/1323,42/16355,3.818039519253225e-4,0.003581967300273492,0.002632125417145392,11,RHOJ/JCAD/SEMA6A/KLF2/PPP1R16B/FGF2/TNN/ALOX5/ITGA5/BMPER/THBS1
C1,Up,GO_BP,GO:0006979,response to oxidative stress,51/1323,388/16355,3.850478318278716e-4,0.0036061721077396526,0.002649911757334463,51,MMP2/EDNRA/RBPMS/FYN/PRKD1/PDGFRA/DDR2/COL1A1/FBLN5/SLC8A1/PDGFD/AXL/PTPRK/SNCA/MSRB3/COL6A1/PRR5L/FUT8/PKD2/ABL1/TXNIP/LRRK2/BCL2/CYP1B1/BNIP3/SIRPA/SOD3/MICB/GPX3/SLC1A1/FOXO3/GCH1/PPARGC1A/KLF2/AIF1/CYGB/TACR1/APOD/PXDN/SOD2/IL6/TPM1/STX2/ABCC1/PENK/MMP3/SELENOP/AQP1/MGST1/ALOX5/ABCC9
C1,Up,GO_BP,GO:0030900,forebrain development,53/1323,408/16355,3.9855510015520675e-4,0.003726250093017355,0.0027381482739171014,53,CXCL12/COL3A1/FYN/ZEB1/WNT2B/DLC1/BMP4/AXL/GATA2/FAT4/FEZ1/BMP2/LPAR1/ANXA3/LRRK2/NRP1/BNIP3/DKK1/TBX3/ID4/PITX2/DYNC2H1/ITGAM/SEMA3A/H2AJ/FGFR1/PRKG1/ATP1A2/ID2/MDK/FGF2/AVPR1A/SOX2/PLXNA1/INHBA/MSX1/TUBA1A/INHBB/POU3F3/DCT/FLNA/AQP1/CXCR4/NOTCH2NLA/BCL11B/TYROBP/TOX/PROX1/ALDH1A3/TACC1/DCLK1/WNT5A/P2RY12
C1,Up,GO_BP,GO:0008016,regulation of heart contraction,31/1323,202/16355,4.0209620856508844e-4,0.0037464607288603094,0.002752999589922931,31,EDNRA/GJC1/CACNA2D1/SLC8A1/CAMK2D/THRB/KCNE4/PDE5A/PLN/ANK2/IRX3/HEY2/KCNJ8/SCN4B/SLC1A1/GCH1/ADA/TMEM38B/ATP1A2/TPM1/TRPC1/AVPR1A/CLIC2/POPDC1/FLNA/KCNJ2/KCNE3/ADORA3/TMIGD3/PDE4B/ABCC9
C1,Up,GO_BP,GO:0018212,peptidyl-tyrosine modification,31/1323,202/16355,4.0209620856508844e-4,0.0037464607288603094,0.002752999589922931,31,FYN/PLPP3/PDGFRA/DDR2/PDGFRB/PTPRJ/FLT1/ANGPT1/ENPP2/GFRA1/PECAM1/ABL1/NRP1/EPHA3/ARHGEF2/LYN/IL15/HCLS1/THBS4/ITGB2/SAMSN1/FGFR1/IL6/PTPRC/FGR/EFEMP1/IGF1/TPST1/ITGA5/NOX4/SFRP2
C1,Up,GO_BP,GO:0003177,pulmonary valve development,8/1323,24/16355,4.0712369167727986e-4,0.003780334860155529,0.002777891207989645,8,ADAMTS5/BMP4/NOTCH2/SMAD6/TNFRSF1B/HEY2/NFATC1/HEY1
C1,Up,GO_BP,GO:0042438,melanin biosynthetic process,8/1323,24/16355,4.0712369167727986e-4,0.003780334860155529,0.002777891207989645,8,ZEB2/TYR/TYRP1/PMEL/TRPC1/DCT/OCA2/WNT5A
C1,Up,GO_BP,GO:0071902,positive regulation of protein serine/threonine kinase activity,22/1323,125/16355,4.109375144663437e-4,0.003805994008658738,0.002796746236887438,22,FERMT2/CCND2/TLR4/PDGFRB/FLT1/SNCA/NTRK3/PDE5A/LRRK2/TCIM/ADRA2A/FGFR1/FGF2/DIPK2A/CCL19/CEMIP/RGCC/FGF18/PROX1/NOX4/THBS1/WNT5A
C1,Up,GO_BP,GO:0002269,leukocyte activation involved in inflammatory response,12/1323,49/16355,0.00041198904217439947,0.003805994008658738,0.002796746236887438,12,IL33/SNCA/LRRK2/KCNJ8/ITGAM/ITGB2/AIF1/IL6/PTPRC/C1QA/TYROBP/CCL3
C1,Up,GO_BP,GO:0022602,ovulation cycle process,12/1323,49/16355,0.00041198904217439947,0.003805994008658738,0.002796746236887438,12,MMP2/ADAMTS1/PDGFRA/SLIT3/NPR2/FZD4/A2M/PTX3/TGFB3/TNFAIP6/FOXO3/INHBA
C1,Up,GO_BP,GO:0010742,macrophage derived foam cell differentiation,10/1323,36/16355,4.185518170787307e-4,0.003853514356562144,0.0028316654600580673,10,CSF1/AGTR1/PPARG/LPL/SOAT1/PLA2G2A/MSR1/ABCA1/PLA2G5/WNT5A
C1,Up,GO_BP,GO:0035137,hindlimb morphogenesis,10/1323,36/16355,4.185518170787307e-4,0.003853514356562144,0.0028316654600580673,10,BMP4/OSR2/TWIST1/GPC3/TBX3/TFAP2B/AFF3/MSX1/HOXD10/ZBTB16
C1,Up,GO_BP,GO:1902895,positive regulation of miRNA transcription,13/1323,56/16355,4.209776921251596e-4,0.003869290733712127,0.002843258364126111,13,ETS1/GATA2/NOTCH2/BMP2/PPARG/AR/SMAD6/FOXO3/IL6/FGF2/TEAD1/MYOCD/GATA3
C1,Up,GO_BP,GO:0072080,nephron tubule development,19/1323,101/16355,4.2218888952496084e-4,0.003873868324154708,0.0028466221000687263,19,WNT2B/MEF2C/BMP4/DCHS1/GPC3/FOXD1/PKD2/NOTCH2/BMP2/BCL2/IRX3/TFAP2B/NPNT/FGF2/POU3F3/AQP1/IRX1/SOX9/GATA3
C1,Up,GO_BP,GO:0034765,regulation of monoatomic ion transmembrane transport,45/1323,332/16355,4.2671951399007494e-4,0.003908837099484126,0.0028723180918618337,45,EDNRA/FYN/SESTD1/PRKD1/CACNA2D1/FXYD5/SLC8A1/CAMK2D/KCNE4/SNCA/STOM/F2R/FHL1/PKD2/PLN/GEM/ANK2/ABL1/ANO6/PLP1/BCL2/KCNJ8/LYN/SCN4B/ADRA2A/KCNJ13/TMEM38B/STK39/ATP1A2/CORO1A/TRPC1/CLIC2/FXYD6/HEPH/CEMIP/FLNA/STIMATE/CCL2/KCNJ2/GRP/KCNE3/PDE4B/RRAD/THY1/ABCC9
C1,Up,GO_BP,GO:0090330,regulation of platelet aggregation,9/1323,30/16355,4.331003401205536e-4,0.003960607824132739,0.0029103606055947886,9,LYN/MMRN1/PRKG1/IL6/IL6ST/EMILIN2/SERPINE2/PDPN/PRKCA
C1,Up,GO_BP,GO:0044703,multi-organism reproductive process,31/1323,203/16355,4.3865727001439486e-4,0.004004682841543181,0.0029427481077303587,31,MMP2/PTGFR/FBLN1/RECK/IGFBP5/MAGED2/ADCY7/HSPG2/AR/BCL2/COL16A1/APOL2/PLA2G4C/TIMP1/TGFB3/ADRA2A/CNR1/PTN/TACR1/CBS/ANGPT2/CITED2/AVPR1A/CLIC5/ACSL4/STS/SERPINE2/HAVCR2/PAPPA/ITGA5/PRDM1
C1,Up,GO_BP,GO:2000379,positive regulation of reactive oxygen species metabolic process,15/1323,71/16355,4.6575417636475854e-4,0.004244927325525786,0.0031192861829303503,15,TGFBR2/TLR4/RAB27A/PDGFRB/SNCA/AKR1C3/AGTR1/CYP1B1/SIRPA/FOXO3/ITGAM/ITGB2/SOD2/TYROBP/THBS1
C1,Up,GO_BP,GO:0045916,negative regulation of complement activation,6/1323,14/16355,4.7128492957731593e-4,0.004274029689854467,0.003140671378948946,6,SERPING1/CD59/SVEP1/A2M/MASP1/VSIG4
C1,Up,GO_BP,GO:0032332,positive regulation of chondrocyte differentiation,7/1323,19/16355,4.7130776587312704e-4,0.004274029689854467,0.003140671378948946,7,RUNX2/ACVRL1/SOX5/LOXL2/SOX9/FGF18/ZBTB16
C1,Up,GO_BP,GO:0042481,regulation of odontogenesis,7/1323,19/16355,4.7130776587312704e-4,0.004274029689854467,0.003140671378948946,7,BMP4/CSF1/RUNX2/BMP2/MSX1/APCDD1/TNFRSF11B
C1,Up,GO_BP,GO:0032526,response to retinoic acid,19/1323,102/16355,4.802282253181208e-4,0.0043476661998800535,0.0031947814568531827,19,MMP2/COL1A1/TNC/RORB/FZD7/FZD4/TEAD2/SERPINF1/DKK1/MICB/EPHA3/LYN/CYP26B1/TIE1/ABCA1/AQP1/SOX9/RBP4/WNT5A
C1,Up,GO_BP,GO:0051489,regulation of filopodium assembly,12/1323,50/16355,5.027214196130651e-4,0.004534165800226689,0.003331826353472523,12,DOCK11/NRP1/PIK3R1/TGFB3/DPYSL3/RHOQ/PPP1R16B/CCL21/DAAM2/TGFBR1/GAP43/NLGN1
C1,Up,GO_BP,GO:0060038,cardiac muscle cell proliferation,12/1323,50/16355,5.027214196130651e-4,0.004534165800226689,0.003331826353472523,12,ZFPM2/MEF2C/SAV1/ABL1/HEY2/FGFR1/FGF2/DIPK2A/CITED2/TGFBR3/RBP4/TGFBR1
C1,Up,GO_BP,GO:0007405,neuroblast proliferation,16/1323,79/16355,5.033324700914384e-4,0.004534165800226689,0.003331826353472523,16,EML1/VCAN/VEGFC/GATA2/LRRK2/ID4/ARHGEF2/SMARCD3/SOX10/SOX5/PTN/FGFR1/FGF2/DCT/PROX1/HAPLN1
C1,Up,GO_BP,GO:0060986,endocrine hormone secretion,13/1323,57/16355,5.055548423486425e-4,0.004546645535824216,0.0033409967971175535,13,DAB2/FZD4/FOXD1/AGTR1/PPARG/TBX3/SELENOM/FGFR1/INHBA/INHBB/FOXL2/AQP1/GATA3
C1,Up,GO_BP,GO:1904062,regulation of monoatomic cation transmembrane transport,41/1323,297/16355,5.185656097326133e-4,0.0046559477554835626,0.00342131499279003,41,EDNRA/FYN/SESTD1/PRKD1/CACNA2D1/FXYD5/SLC8A1/CAMK2D/KCNE4/SNCA/F2R/FHL1/PKD2/PLN/GEM/ANK2/ABL1/ANO6/PLP1/BCL2/LYN/SCN4B/ADRA2A/TMEM38B/STK39/ATP1A2/CORO1A/TRPC1/CLIC2/FXYD6/HEPH/CEMIP/FLNA/STIMATE/KCNJ2/GRP/KCNE3/PDE4B/RRAD/THY1/ABCC9
C1,Up,GO_BP,GO:0003161,cardiac conduction system development,10/1323,37/16355,5.324493320292993e-4,0.004749203237410762,0.003489841616204482,10,BMP4/NOTCH2/IRX3/TBX3/HEY2/KCNJ8/ID2/MSX1/POPDC1/HEY1
C1,Up,GO_BP,GO:0010092,specification of animal organ identity,10/1323,37/16355,5.324493320292993e-4,0.004749203237410762,0.003489841616204482,10,WNT2B/MEF2C/BMP4/BMP2/AXIN2/DKK1/SMARCD3/FGFR1/FGF2/WNT5A
C1,Up,GO_BP,GO:0034694,response to prostaglandin,10/1323,37/16355,5.324493320292993e-4,0.004749203237410762,0.003489841616204482,10,PTGFR/TNC/AKR1C3/A2M/GNG2/PTGER4/CCL21/PTGER2/CCL19/TGFBR3
C1,Up,GO_BP,GO:0090077,foam cell differentiation,10/1323,37/16355,5.324493320292993e-4,0.004749203237410762,0.003489841616204482,10,CSF1/AGTR1/PPARG/LPL/SOAT1/PLA2G2A/MSR1/ABCA1/PLA2G5/WNT5A
C1,Up,GO_BP,GO:0019730,antimicrobial humoral response,27/1323,170/16355,5.377482749840481e-4,0.004780766988074222,0.003513035504762702,27,CXCL12/RNASE4/ANG/CCL14/CXCL1/CCL23/RARRES2/S100A9/CCL21/SLPI/CCL19/H2BC12/CCL18/CXCL2/CCL5/CCL2/CXCL8/CXCL6/TSLP/RNASE6/H2BC10/H2BC8/WFDC2/H2BC4/CCL3/CCL3L1/CCL3L3
C1,Up,GO_BP,GO:1903169,regulation of calcium ion transmembrane transport,27/1323,170/16355,5.377482749840481e-4,0.004780766988074222,0.003513035504762702,27,FYN/SESTD1/PRKD1/CACNA2D1/SLC8A1/CAMK2D/SNCA/F2R/PKD2/PLN/GEM/ANK2/ABL1/PLP1/BCL2/LYN/ADRA2A/TMEM38B/ATP1A2/CORO1A/TRPC1/CLIC2/CEMIP/STIMATE/PDE4B/RRAD/THY1
C1,Up,GO_BP,GO:0050769,positive regulation of neurogenesis,35/1323,242/16355,5.51311824587034e-4,0.004893342861367269,0.003595759268720387,35,CXCL12/VCAN/MAP1B/PLXND1/VEGFC/IL33/QKI/FZD4/NAP1L1/PTPRZ1/PLXNC1/BMP2/SERPINF1/L1CAM/NRP1/TNFRSF1B/ID4/FN1/LYN/SMARCD3/DBN1/SOX10/PTN/IL6/ID2/MDK/FGF2/CYSLTR1/IL6ST/PLXNA1/DCT/CXCR4/SERPINE2/HAPLN1/CRABP2
C1,Up,GO_BP,GO:0001101,response to acid chemical,23/1323,136/16355,5.529291500162929e-4,0.0048996919133580796,0.0036004247220087276,23,MMP2/PDGFC/COL3A1/COL4A1/FYN/PDGFRA/ZEB1/COL1A1/MIR224/PDGFD/COL6A1/PKD2/COL1A2/CDO1/COL16A1/LYN/STAMBPL1/KLF2/AVPR1A/TUBA1A/MMP3/CYBB/RRAGD
C1,Up,GO_BP,GO:0045649,regulation of macrophage differentiation,8/1323,25/16355,5.565879864020584e-4,0.004924081338983683,0.003618346724561299,8,CSF1/QKI/GATA2/HCLS1/ID2/C1QC/INHBA/PRKCA
C1,Up,GO_BP,GO:0060560,developmental growth involved in morphogenesis,34/1323,233/16355,5.582038031255572e-4,0.004930346436712239,0.003622950486011319,34,TGFBR2/POSTN/CXCL12/EDNRA/MAP1B/SLIT3/TNC/BMP4/CSF1/NPR2/FLRT3/ITGA4/ABL1/L1CAM/NRP1/S100B/NRCAM/FN1/RNF157/PRICKLE1/SEMA3A/SEMA3G/PRKG1/PLXNA1/TNN/CXCR4/SOX9/OLFM1/ALCAM/S1PR1/CRABP2/SFRP2/DCLK1/WNT5A
C1,Up,GO_BP,GO:0002285,lymphocyte activation involved in immune response,33/1323,224/16355,5.632332258240203e-4,0.00496669299135727,0.0036496589069116283,33,DOCK10/PLCL2/TLR4/RAB27A/DOCK11/LGALS1/TMEM98/ICAM1/ITM2A/NOTCH2/ABL1/CD69/SANBR/FGL2/HLX/ADA/IL4R/FCER1G/PTGER4/IL6/CORO1A/MDK/PTPRC/IL27RA/CCL19/IL6ST/PLXNA1/LCP1/CD86/GPR183/TYROBP/HAVCR2/GATA3
C1,Up,GO_BP,GO:0002431,Fc receptor mediated stimulatory signaling pathway,9/1323,31/16355,5.668980942167879e-4,0.004966758786750955,0.0036497072551274364,9,FYN/PTPRJ/CD47/PLSCR1/ABL1/LYN/FCER1G/PTPRC/FGR
C1,Up,GO_BP,GO:0036336,dendritic cell migration,9/1323,31/16355,5.668980942167879e-4,0.004966758786750955,0.0036497072551274364,9,EPS8/GAS6/CCL21/CCL19/CCL5/CXCR4/GPR183/ALOX5/CCR1
C1,Up,GO_BP,GO:0050820,positive regulation of coagulation,9/1323,31/16355,5.668980942167879e-4,0.004966758786750955,0.0036497072551274364,9,ANGPT1/F2R/ANO6/ENPP4/ANGPT2/F3/EMILIN2/SERPINE1/THBS1
C1,Up,GO_BP,GO:0051491,positive regulation of filopodium assembly,9/1323,31/16355,5.668980942167879e-4,0.004966758786750955,0.0036497072551274364,9,DOCK11/NRP1/PIK3R1/TGFB3/DPYSL3/RHOQ/CCL21/TGFBR1/NLGN1
C1,Up,GO_BP,GO:0071300,cellular response to retinoic acid,14/1323,65/16355,5.803031689270082e-4,0.005076017413223041,0.0037299934173594634,14,COL1A1/TNC/RORB/FZD7/FZD4/TEAD2/SERPINF1/EPHA3/LYN/CYP26B1/ABCA1/AQP1/SOX9/WNT5A
C1,Up,GO_BP,GO:0055013,cardiac muscle cell development,16/1323,80/16355,5.82743710091727e-4,0.005089170149868588,0.003739658400182482,16,COL14A1/PDGFRA/PDGFRB/SLC8A1/BMP4/SGCD/FHL2/TBX3/HEY2/PRICKLE1/PRKG1/MYH11/POPDC1/IGF1/PROX1/SGCB
C1,Up,GO_BP,GO:1905521,regulation of macrophage migration,11/1323,44/16355,5.888626857595445e-4,0.005134353305049512,0.0037728601916029282,11,CD200/PTPRJ/CSF1/RARRES2/CMKLR1/C3AR1/MDK/CCL5/THBS1/CCL3/P2RY12
C1,Up,GO_BP,GO:0019748,secondary metabolic process,13/1323,58/16355,6.040749234360674e-4,0.005258549654013971,0.003864122992020189,13,ZEB2/AKR1C3/FMO1/BCL2/CYP1B1/TYR/TYRP1/FMO2/PMEL/TRPC1/DCT/OCA2/WNT5A
C1,Up,GO_BP,GO:1902692,regulation of neuroblast proliferation,12/1323,51/16355,6.096920096723804e-4,0.00529356325894715,0.003889851925805673,12,VCAN/VEGFC/GATA2/LRRK2/ID4/SMARCD3/SOX10/PTN/FGF2/DCT/PROX1/HAPLN1
C1,Up,GO_BP,GO:0071219,cellular response to molecule of bacterial origin,33/1323,225/16355,6.100461340391966e-4,0.00529356325894715,0.003889851925805673,33,IRAK3/GBP2/PLSCR4/TLR4/MIR224/MEF2C/AXL/LY96/SCARB1/CXCL1/ABL1/VIM/TNFRSF1B/SIRPA/LYN/MRC1/PTPN22/IL6/CXCL2/ABCA1/CD86/MMP3/CD68/CCL2/CXCL8/HAVCR2/CXCL6/PRKCA/CD14/PDE4B/SERPINE1/PDCD1LG2/WNT5A
C1,Up,GO_BP,GO:0006171,cAMP biosynthetic process,5/1323,10/16355,6.131411459862174e-4,0.00529504404610037,0.0038909400478281926,5,ADCY3/ADCY9/ADCY7/ADCY4/ADCY2
C1,Up,GO_BP,GO:0044650,adhesion of symbiont to host cell,5/1323,10/16355,6.131411459862174e-4,0.00529504404610037,0.0038909400478281926,5,ICAM1/GAS6/INHBB/DPP4/LRRC15
C1,Up,GO_BP,GO:0060368,regulation of Fc receptor mediated stimulatory signaling pathway,5/1323,10/16355,6.131411459862174e-4,0.00529504404610037,0.0038909400478281926,5,PTPRJ/CD47/PLSCR1/LYN/PTPRC
C1,Up,GO_BP,GO:0071356,cellular response to tumor necrosis factor,31/1323,207/16355,6.159864502241788e-4,0.005311172059710697,0.003902791343776251,31,POSTN/CTSK/GBP2/COL1A1/AKAP12/VCAM1/GBP1/GSDME/TNFRSF19/TIFA/TRAF5/CYP1B1/TNFRSF1B/ARHGEF2/CCDC3/FOXO3/GAS6/KLF2/PLVAP/NPNT/NFATC1/CCL5/CCL2/CXCL8/LAPTM5/TNFRSF11B/HAS2/CHI3L1/THBS1/CCL3/GATA3
C1,Up,GO_BP,GO:0032946,positive regulation of mononuclear cell proliferation,24/1323,146/16355,6.472508414955719e-4,0.005571896309039536,0.004094378498542345,24,TGFBR2/TLR4/MEF2C/CSF1/VCAM1/IL7/BCL2/IL15/ADA/AIF1/TACR1/IL6/CORO1A/PTPRC/CCL19/IL6ST/CCL5/CD86/GPR183/IGF1/HAVCR2/HLA-DPB1/IGF2/PDCD1LG2
C1,Up,GO_BP,GO:0043405,regulation of MAP kinase activity,21/1323,121/16355,6.663468272011946e-4,0.005727208805944445,0.004208506277060177,21,IRAK3/TLR4/PDGFRB/PTPRJ/FLT1/NTRK3/PDE5A/BMP2/LRRK2/LYN/ADRA2A/TRIB2/PTPN22/FGFR1/UCHL1/FGF2/CCL19/FGF18/NOX4/THBS1/WNT5A
C1,Up,GO_BP,GO:0043270,positive regulation of monoatomic ion transport,31/1323,208/16355,6.691429320020475e-4,0.005733098433178426,0.004212834132744088,31,CXCL12/EDNRA/FXYD5/PDGFRB/SNCA/MYLK/F2R/FHL1/PKD2/ANK2/ABL1/CASK/ANO6/PLP1/SCN4B/ADRA2A/STK39/TRPC1/FXYD6/CCL5/HEPH/CEMIP/FLNA/STIMATE/CCL2/KCNJ2/CCR1/THY1/CNTN1/CCL3/P2RY12
C1,Up,GO_BP,GO:0045637,regulation of myeloid cell differentiation,31/1323,208/16355,6.691429320020475e-4,0.005733098433178426,0.004212834132744088,31,ETS1/TLR4/SLC9B2/FBN1/MEF2C/CSF1/QKI/GATA2/NOTCH2/MITF/PIK3R1/LYN/FAXDC2/TNFAIP6/HCLS1/FOXO3/EVI2B/ID2/LOX/C1QC/INHBA/RASSF2/TAL1/TYROBP/MEIS2/PRKCA/ZBTB16/CCR1/PRXL2A/TNFRSF11B/CCL3
C1,Up,GO_BP,GO:0060043,regulation of cardiac muscle cell proliferation,10/1323,38/16355,6.708464391630332e-4,0.005738642295328498,0.004216907910992494,10,ZFPM2/MEF2C/SAV1/HEY2/FGFR1/FGF2/CITED2/TGFBR3/RBP4/TGFBR1
C1,Up,GO_BP,GO:0002523,leukocyte migration involved in inflammatory response,7/1323,20/16355,6.747757124942038e-4,0.005754131350500023,0.004228289683182716,7,JAM3/SELE/PTN/S100A9/MDK/S100A8/ALOX5
C1,Up,GO_BP,GO:0003184,pulmonary valve morphogenesis,7/1323,20/16355,6.747757124942038e-4,0.005754131350500023,0.004228289683182716,7,ADAMTS5/BMP4/NOTCH2/SMAD6/HEY2/NFATC1/HEY1
C1,Up,GO_BP,GO:0051402,neuron apoptotic process,41/1323,301/16355,6.808210080766988e-4,0.00579569184007767,0.004258829442983979,41,MMP2/PLXND1/MEF2C/AXL/THRB/SNCA/NPR2/ANGPT1/F2R/COL6A1/ITGA1/COL6A3/ADARB1/NES/PTPRZ1/ABL1/USP53/NRP1/BCL2/BNIP3/DKK1/TFAP2B/TGFB3/COL6A2/SLC1A1/FOXO3/GCH1/PPARGC1A/TOX3/SOD2/CORO1A/MDK/FGF2/IL27RA/FZD1/IL6ST/TUBA1A/CCL2/NFATC4/CCL3/GATA3
C1,Up,GO_BP,GO:0051960,regulation of nervous system development,56/1323,447/16355,6.817833368574431e-4,0.00579569184007767,0.004258829442983979,56,CXCL12/JAM2/VCAN/MAP1B/PLXND1/VEGFC/IL33/TMEM98/THBS2/QKI/FLRT3/FZD4/GATA2/NAP1L1/PTPRZ1/PLXNC1/BMP2/SERPINF1/L1CAM/NRP1/TNFRSF1B/DKK1/HEY2/ID4/FN1/LYN/SMARCD3/CLSTN2/DBN1/SOX10/SEMA3A/PTN/SEMA3G/IL6/ID2/SRPX2/MDK/FGF2/CYSLTR1/IL6ST/PLXNA1/DAAM2/DCT/TPPP/CXCR4/SERPINE2/LPIN1/LRRN3/HEY1/PROX1/NFATC4/HAPLN1/CRABP2/NLGN1/THY1/WNT5A
C1,Up,GO_BP,GO:0002250,adaptive immune response,59/1323,477/16355,6.846005147072682e-4,0.005810546868577939,0.00426974531541112,59,SERPING1/RFTN1/IL1R1/FYN/C1S/C1R/C3/TLR4/RAB27A/IL33/MEF2C/LGALS1/TMEM98/C1RL/JAM3/SVEP1/ICAM1/ADCY7/C7/PVR/CD69/TNFRSF1B/CSF2RB/MICB/SANBR/KCNJ8/LYN/IL7R/HFE/HLX/CD84/ADA/SAMSN1/IL4R/FCER1G/IL13RA2/IL6/C1QB/PTPRC/IL27RA/MPEG1/CCL19/C1QC/C1QA/IL6ST/CD86/TLR8/RNF125/GPR183/HAVCR2/ALCAM/HLA-DPB1/FCGR2A/LAMP3/PDCD1LG2/HLA-DMA/PRDM1/HLA-DRB3/GATA3
C1,Up,GO_BP,GO:0097306,cellular response to alcohol,19/1323,105/16355,6.976538980827501e-4,0.005912099804033539,0.004344369129698314,19,PTGFR/PRKD1/ADCY3/TNC/GRAMD1A/AKR1C3/ADCY7/GNG2/CYP1B1/FOXO3/KLF2/PTGER4/SOD2/PTGER2/ABCA1/INHBA/INHBB/ADCY2/CYBB
C1,Up,GO_BP,GO:0010463,mesenchymal cell proliferation,11/1323,45/16355,7.231748505720326e-4,0.006109309157554092,0.004489283839517308,11,TGFBR2/ZEB1/BMP4/PRRX1/DCHS1/GPC3/BMP2/FGFR1/MSX1/SOX9/WNT5A
C1,Up,GO_BP,GO:0046622,positive regulation of organ growth,11/1323,45/16355,7.231748505720326e-4,0.006109309157554092,0.004489283839517308,11,ZFPM2/MEF2C/IL7/HEY2/HLX/FGFR1/FGF2/TGFBR3/IGF1/PROX1/IGF2
C1,Up,GO_BP,GO:0018108,peptidyl-tyrosine phosphorylation,30/1323,200/16355,7.27910624973808e-4,0.006139767880213858,0.0045116657239304995,30,FYN/PLPP3/PDGFRA/DDR2/PDGFRB/PTPRJ/FLT1/ANGPT1/ENPP2/GFRA1/PECAM1/ABL1/NRP1/EPHA3/ARHGEF2/LYN/IL15/HCLS1/THBS4/ITGB2/SAMSN1/FGFR1/IL6/PTPRC/FGR/EFEMP1/IGF1/ITGA5/NOX4/SFRP2
C1,Up,GO_BP,GO:0050930,induction of positive chemotaxis,6/1323,15/16355,7.3192053167417e-4,0.006142167333289775,0.004513428906254327,6,CXCL12/VEGFC/PGF/IL16/CXCL8/SCG2
C1,Up,GO_BP,GO:0072537,fibroblast activation,6/1323,15/16355,7.3192053167417e-4,0.006142167333289775,0.004513428906254327,6,DDR2/ZEB2/AKAP12/ACTA2/CYGB/RGCC
C1,Up,GO_BP,GO:1903054,negative regulation of extracellular matrix organization,6/1323,15/16355,7.3192053167417e-4,0.006142167333289775,0.004513428906254327,6,ANTXR1/PPARG/TNFRSF1B/DPP4/TGFBR3/FAP
C1,Up,GO_BP,GO:0046320,regulation of fatty acid oxidation,9/1323,32/16355,7.327180471229333e-4,0.006142167333289775,0.004513428906254327,9,TWIST1/IRS1/FMO1/PPARGC1A/CNR1/FMO2/GDF15/PDK4/SOX9
C1,Up,GO_BP,GO:0002548,monocyte chemotaxis,12/1323,52/16355,7.351126317508978e-4,0.006143279716416734,0.004514246315140736,12,CXCL12/FLT1/ANO6/CCL23/LYN/AIF1/IL6/CCL5/CCL2/CCR1/SERPINE1/CCL3
C1,Up,GO_BP,GO:0048009,insulin-like growth factor receptor signaling pathway,12/1323,52/16355,7.351126317508978e-4,0.006143279716416734,0.004514246315140736,12,SHC1/GRB10/IGFBP4/IGFBP5/IGFBP3/COL6A1/BMP2/AR/IRS1/PIK3R1/IGF1/IGF2
C1,Up,GO_BP,GO:0006801,superoxide metabolic process,15/1323,74/16355,7.385808551742994e-4,0.0061627821894113585,0.004528577254136864,15,SHC1/FBLN5/SH3PXD2B/PREX1/SOD3/SLC1A1/ITGAM/ITGB2/GCH1/CYGB/CBS/SOD2/CYBB/TYROBP/NOX4
C1,Up,GO_BP,GO:0033622,integrin activation,8/1323,26/16355,7.474608163412134e-4,0.006217775121539772,0.004568987532144566,8,CXCL12/FERMT2/PIEZO1/JAM3/COL16A1/FN1/PTGER4/P2RY12
C1,Up,GO_BP,GO:0044550,secondary metabolite biosynthetic process,8/1323,26/16355,7.474608163412134e-4,0.006217775121539772,0.004568987532144566,8,ZEB2/TYR/TYRP1/PMEL/TRPC1/DCT/OCA2/WNT5A
C1,Up,GO_BP,GO:1902904,negative regulation of supramolecular fiber organization,26/1323,165/16355,7.622697162617892e-4,0.0063312677350673375,0.004652384941356357,26,EPS8/MAP1B/ADD3/DLC1/KANK2/SNCA/SPTBN1/SVIL/HSPG2/TMSB15B/PIK3R1/LMOD1/MID1/ARHGEF2/CLIP3/CCDC88C/GMFG/ARHGAP6/DNAI3/LIMA1/PLEKHH2/CORO1A/NAV3/STMN1/S1PR1/CDH5
C1,Up,GO_BP,GO:0061333,renal tubule morphogenesis,16/1323,82/16355,7.740888513280428e-4,0.0064000770782556,0.004702947887905052,16,COL4A1/WNT2B/MEF2C/BMP4/DCHS1/GPC3/FOXD1/PKD2/BMP2/BCL2/IRX3/NPNT/FGF2/IRX1/SOX9/GATA3
C1,Up,GO_BP,GO:0072091,regulation of stem cell proliferation,16/1323,82/16355,7.740888513280428e-4,0.0064000770782556,0.004702947887905052,16,TGFBR2/FERMT2/FBLN1/VEGFC/PRRX1/OSR2/RUNX2/TBX3/TSC22D1/FGFR1/SOX17/FGF2/PTPRC/SOX9/TGFBR1/WNT5A
C1,Up,GO_BP,GO:0086003,cardiac muscle cell contraction,16/1323,82/16355,7.740888513280428e-4,0.0064000770782556,0.004702947887905052,16,GJC1/CACNA2D1/CAMK2D/KCNE4/SGCD/PLN/SCN7A/ANK2/KCNJ8/SCN4B/ATP1A2/FLNA/KCNJ2/KCNE3/PDE4B/ABCC9
C1,Up,GO_BP,GO:0002429,immune response-activating cell surface receptor signaling pathway,41/1323,303/16355,7.776855760917187e-4,0.006420042628161422,0.004717619108206362,41,RFTN1/FYN/C3/MFHAS1/PLCL2/TLR4/PTPRJ/MEF2C/GBP1/CD47/LY96/PLSCR1/ABL1/BCL2/CMTM3/PIK3R1/PIK3AP1/MICB/BTNL9/LPXN/LYN/LCP2/PAK3/ITGAM/CMKLR1/ADA/C3AR1/PTPN22/FCER1G/PTPRC/FGR/MNDA/TYROBP/HLA-DPB1/CD14/LAPTM5/PDE4B/FPR3/THY1/HLA-DRB3/GATA3
C1,Up,GO_BP,GO:0010586,miRNA metabolic process,19/1323,106/16355,7.868543370836065e-4,0.006476049634906288,0.0047587745553764535,19,ETS1/BMP4/QKI/TWIST1/GATA2/NOTCH2/BMP2/PPARG/SND1/AR/SMAD6/FOXO3/IL6/FGF2/TEAD1/SOX9/NFATC4/MYOCD/GATA3
C1,Up,GO_BP,GO:0046545,development of primary female sexual characteristics,19/1323,106/16355,7.868543370836065e-4,0.006476049634906288,0.0047587745553764535,19,MMP2/ADAMTS1/PDGFRA/ZFPM2/SLIT3/LHFPL2/NPR2/FZD4/ANG/A2M/BCL2/PTX3/TNFAIP6/FST/FOXO3/ARID5B/INHBA/INHBB/FOXL2
C1,Up,GO_BP,GO:0007369,gastrulation,29/1323,192/16355,7.906356379021937e-4,0.006497326452473096,0.00477440933024145,29,MMP2/TGFBR2/PLPP3/COL4A2/BMP4/FZD7/COL6A1/ITGA8/GPC3/ITGA4/EYA2/DKK1/FN1/ITGA7/ITGB2/PRICKLE1/COL5A1/FGFR1/SOX17/SOX2/INHBA/TAL1/SOX7/ITGA5/COL11A1/SFRP2/COL8A1/WNT5A/DUSP4
C1,Up,GO_BP,GO:0046849,bone remodeling,17/1323,90/16355,7.919804291221643e-4,0.006498546361014497,0.004775305751679516,17,CTSK/CTHRC1/RAC2/IL7/LEPR/NOTCH2/MITF/PTN/IL6/MDK/RASSF2/PDK4/S1PR1/PRKCA/NOX4/TNFRSF11B/TMEM119
C1,Up,GO_BP,GO:0090130,tissue migration,18/1323,98/16355,7.952769893189294e-4,0.0065074918855122345,0.004781879162441359,18,TGFBR2/ZEB2/GLIPR2/PTPRG/KANK2/ACTA2/ENPP2/ARSB/TACR1/CORO1A/DAAM2/SOX9/WDPCP/PROX1/HAS2/LRG1/ACTG2/WNT5A
C1,Up,GO_BP,GO:0046632,alpha-beta T cell differentiation,22/1323,131/16355,7.954666075073865e-4,0.0065074918855122345,0.004781879162441359,22,TGFBR2/LGALS1/TMEM98/ABL1/BCL2/RPL22/CD69/HLX/ADA/IL4R/PTGER4/RUNX3/IL6/CCL19/IL6ST/CD86/GPR183/BCL11B/TOX/ZBTB16/PRDM1/GATA3
C1,Up,GO_BP,GO:0019229,regulation of vasoconstriction,14/1323,67/16355,7.997615126745784e-4,0.006532788777215504,0.004800467995349429,14,MMP2/DOCK4/ADD3/SVEP1/F2R/AGTR1/ITGA4/ABL1/ADRA2A/TACR1/ATP1A2/CYSLTR1/AVPR1A/ITGA9
C1,Up,GO_BP,GO:0048873,homeostasis of number of cells within a tissue,10/1323,39/16355,8.376016266373036e-4,0.006831609663504253,0.0050200495783288375,10,COL14A1/AKT3/CSF1/GATA2/F2R/IL7/BCL2/CORO1A/TUBA1A/SOX9
C1,Up,GO_BP,GO:0043113,receptor clustering,13/1323,60/16355,8.501851554902309e-4,0.006913481683567267,0.005080211329371188,13,ZDHHC2/ITGA4/CHRDL1/TNFAIP6/ITGB2/PTN/MAGI2/GLRB/FLNA/PIGR/CD53/NLGN1/THY1
C1,Up,GO_BP,GO:0060420,regulation of heart growth,13/1323,60/16355,8.501851554902309e-4,0.006913481683567267,0.005080211329371188,13,COL14A1/ZFPM2/MEF2C/SAV1/HEY2/FGFR1/FGF2/CITED2/TGFBR3/RBP4/IGF1/TGFBR1/PROX1
C1,Up,GO_BP,GO:0044706,multi-multicellular organism process,31/1323,211/16355,8.535550276486446e-4,0.0069305095817450485,0.005092723884578178,31,MMP2/PTGFR/FBLN1/RECK/IGFBP5/MAGED2/ADCY7/HSPG2/AR/BCL2/COL16A1/APOL2/PLA2G4C/TIMP1/TGFB3/ADRA2A/CNR1/PTN/TACR1/CBS/ANGPT2/CITED2/AVPR1A/CLIC5/ACSL4/STS/SERPINE2/HAVCR2/PAPPA/ITGA5/PRDM1
C1,Up,GO_BP,GO:0051495,positive regulation of cytoskeleton organization,28/1323,184/16355,8.57298480974713e-4,0.006950515445753196,0.005107424728760584,28,FERMT2/PRKD1/MAP1B/ADD3/LIMCH1/CD47/KIRREL1/NES/CFL2/SYNPO2/ABL1/LPAR1/CCDC88A/NRP1/LMOD1/TGFB3/CCN2/CDC42EP5/TACR1/CDC42EP3/TPM1/CCL21/SYNPO/FLNA/RGCC/NAV3/TGFBR1/PROX1
C1,Up,GO_BP,GO:0022408,negative regulation of cell-cell adhesion,29/1323,193/16355,8.602679401503246e-4,0.0069641959029755045,0.005117477494783954,29,CXCL12/FXYD5/LGALS1/BMP4/LRRC32/PDE5A/BMP2/ABL1/PODXL/CD69/HFE/FGL2/HLX/ZNF703/IL4R/PTPN22/PRKG1/RUNX3/MDK/CCL21/VSIG4/CD86/RGCC/SERPINE2/HAVCR2/LAPTM5/PLA2G5/PDCD1LG2/GPNMB
C1,Up,GO_BP,GO:0048146,positive regulation of fibroblast proliferation,12/1323,53/16355,8.813911264203791e-4,0.007064612429991541,0.005191266245742176,12,PDGFC/PDGFRA/FBLN1/DDR2/PDGFD/ABL1/FN1/GAS6/CD248/AQP1/IGF1/WNT5A
C1,Up,GO_BP,GO:0050819,negative regulation of coagulation,12/1323,53/16355,8.813911264203791e-4,0.007064612429991541,0.005191266245742176,12,SERPING1/PDGFRA/TFPI/ANXA5/PROS1/PRKG1/PROCR/SERPINE2/TSPAN8/SERPINE1/FAP/THBS1
C1,Up,GO_BP,GO:0070169,positive regulation of biomineral tissue development,12/1323,53/16355,8.813911264203791e-4,0.007064612429991541,0.005191266245742176,12,SLC8A1/MEF2C/BMP4/GPM6B/OSR2/BMP2/ANO6/PTN/CCN1/ALOX5/NELL1/TMEM119
C1,Up,GO_BP,GO:0045687,positive regulation of glial cell differentiation,11/1323,46/16355,8.819707219105512e-4,0.007064612429991541,0.005191266245742176,11,IL33/QKI/PTPRZ1/BMP2/TNFRSF1B/PTN/ID2/MDK/IL6ST/CXCR4/SERPINE2
C1,Up,GO_BP,GO:0048247,lymphocyte chemotaxis,11/1323,46/16355,8.819707219105512e-4,0.007064612429991541,0.005191266245742176,11,CXCL12/GAS6/STK39/CCL21/CCL5/GPR183/SAA1/CCL2/CH25H/WNT5A/CCL3
C1,Up,GO_BP,GO:0048483,autonomic nervous system development,11/1323,46/16355,8.819707219105512e-4,0.007064612429991541,0.005191266245742176,11,EDNRA/VCAM1/ADARB1/NRP1/FN1/TFAP2B/HLX/SOX10/SEMA3A/ACKR3/GATA3
C1,Up,GO_BP,GO:1903018,regulation of glycoprotein metabolic process,11/1323,46/16355,8.819707219105512e-4,0.007064612429991541,0.005191266245742176,11,BACE2/IL33/ITM2A/BCL2/SLC2A10/PTX3/IL15/SOAT1/CCL21/CCL19/IGF1
C1,Up,GO_BP,GO:0021782,glial cell development,22/1323,132/16355,8.832329900968336e-4,0.007064612429991541,0.005191266245742176,22,ZEB2/TLR4/GPM6B/COL6A1/LPAR1/VIM/PLP1/ROR1/ID4/LYN/B4GALT6/SOX10/S100A9/IL6/MDK/S100A8/LAMC3/C1QA/MXRA8/TPPP/CNTN1/ANO1
C1,Up,GO_BP,GO:0006939,smooth muscle contraction,19/1323,107/16355,8.856776628910603e-4,0.007064612429991541,0.005191266245742176,19,EDNRA/DOCK4/SLC8A1/SMTN/ACTA2/GUCY1A1/MYLK/F2R/TBX3/ADRA2A/ADA/TACR1/APBB2/PRKG1/ATP1A2/NPNT/MYH11/MYOCD/COMP
C1,Up,GO_BP,GO:0014013,regulation of gliogenesis,19/1323,107/16355,8.856776628910603e-4,0.007064612429991541,0.005191266245742176,19,VEGFC/IL33/TMEM98/QKI/PTPRZ1/BMP2/TNFRSF1B/ID4/LYN/SOX10/PTN/IL6/ID2/MDK/CYSLTR1/IL6ST/DAAM2/CXCR4/SERPINE2
C1,Up,GO_BP,GO:0048588,developmental cell growth,32/1323,221/16355,9.132596441281448e-4,0.007273938983730327,0.005345084998508914,32,TGFBR2/POSTN/CXCL12/EDNRA/COL14A1/MAP1B/SLIT3/NPR2/FLRT3/ITGA4/ABL1/L1CAM/NRP1/S100B/NRCAM/FN1/RNF157/PRICKLE1/SEMA3A/SEMA3G/PRKG1/PLXNA1/FOXL2/TNN/CXCR4/SOX9/OLFM1/IGF1/ALCAM/CRABP2/DCLK1/WNT5A
C1,Up,GO_BP,GO:0055002,striated muscle cell development,26/1323,167/16355,9.156196765830471e-4,0.007282058686967953,0.00535105157371182,26,COL14A1/PRKD1/PDGFRA/PDGFRB/SLC8A1/BMP4/MYL9/COL6A1/SGCD/FHL2/CFL2/PGM5/BCL2/KRT19/TBX3/HEY2/LMOD1/PRICKLE1/PRKG1/TPM1/MYH11/LDB3/POPDC1/IGF1/PROX1/SGCB
C1,Up,GO_BP,GO:0048645,animal organ formation,14/1323,68/16355,9.334406610994411e-4,0.007411697386221341,0.005446313558745704,14,TGFBR2/WNT2B/MEF2C/BMP4/BMP2/AXIN2/AR/DKK1/SMARCD3/FGFR1/SOX17/FGF2/CITED2/WNT5A
C1,Up,GO_BP,GO:0090075,relaxation of muscle,9/1323,33/16355,9.360133297032106e-4,0.007411697386221341,0.005446313558745704,9,SLC8A1/CAMK2D/GUCY1A1/PDE5A/PLN/PRKG1/ATP1A2/KCNJ2/PDE4B
C1,Up,GO_BP,GO:1904994,regulation of leukocyte adhesion to vascular endothelial cell,9/1323,33/16355,9.360133297032106e-4,0.007411697386221341,0.005446313558745704,9,CXCL12/ETS1/ITGA4/SELE/ITGB2/IL6/MDK/CCL21/ALOX5
C1,Up,GO_BP,GO:0098742,cell-cell adhesion via plasma-membrane adhesion molecules,38/1323,278/16355,9.826793713178655e-4,0.007769889876271682,0.005709522984811684,38,TGFBR2/PCDH18/FXYD5/NEXN/VCAM1/HMCN1/ICAM1/FLRT3/DCHS1/CDH11/FAT4/BMP2/PECAM1/L1CAM/PVR/CLDN5/SELE/CLDN11/CLSTN2/CD84/ITGAM/MPZ/ITGB2/PTPRM/SCARF1/PCDH17/ROBO4/PALLD/CDH19/CDH6/NECTIN3/ALCAM/ITGA5/CDH5/CEACAM6/CEACAM5/SPARCL1/NLGN1
C1,Up,GO_BP,GO:0070527,platelet aggregation,15/1323,76/16355,9.875282487402611e-4,0.007786293607891465,0.0057215768857306485,15,PDGFRA/MYL9/PEAR1/LYN/MMRN1/PRKG1/IL6/IL6ST/FLNA/EMILIN2/SERPINE2/PDPN/PRKCA/COMP/P2RY12
C1,Up,GO_BP,GO:0043032,positive regulation of macrophage activation,8/1323,27/16355,9.87620820294039e-4,0.007786293607891465,0.0057215768857306485,8,TLR4/IL33/LRRK2/IL4R/HAVCR2/THBS1/WNT5A/CCL3
C1,Up,GO_BP,GO:0021700,developmental maturation,44/1323,336/16355,0.0010122908789829727,0.007958798433691076,0.005848338047546034,44,MMP2/EDNRA/MAP1B/C3/RECK/AXL/GLDN/NPR2/RAC2/DCHS1/GATA2/ANG/RUNX2/BMP2/PPARG/ACVRL1/LRRK2/RAB32/BCL2/CHRDL1/NTN4/NRCAM/B4GALT6/IL15/FOXO3/SOX10/PDE3A/KLF2/FGFR1/TFCP2L1/CCL21/CCL19/C1QA/SCARF1/SYBU/TAL1/RFLNB/IGF1/S1PR1/NFATC4/ZBTB16/CDH5/WNT5A/GATA3
C1,Up,GO_BP,GO:0010466,negative regulation of peptidase activity,27/1323,177/16355,0.0010124318331517917,0.007958798433691076,0.005848338047546034,27,SERPING1/TIMP2/TFPI/RECK/SNCA/SERPINA3/COL6A3/GPC3/A2M/SERPINF1/SERPINB9/TIMP3/TFPI2/TIMP1/GAS6/SLPI/ITIH5/AQP1/SERPINE2/TIMP4/SERPINH1/RARRES1/SERPINE1/LAMP3/WFDC2/SERPINA1/THBS1
C1,Up,GO_BP,GO:0030217,T cell differentiation,42/1323,317/16355,0.0010334963123241388,0.008112647353388326,0.005961390350369842,42,TGFBR2/ZEB1/LGALS1/BMP4/TMEM98/PIK3R3/FZD7/RUNX2/IL7/LEPR/ABL1/PREX1/BCL2/DOCK2/RPL22/PIK3R1/CD69/IL7R/SMARCD3/IL15/FGL2/CYP26B1/FOXO3/HLX/ADA/IL4R/PTPN22/FCER1G/PTGER4/RUNX3/IL6/MDK/PTPRC/CCL19/IL6ST/CD86/GPR183/BCL11B/TOX/ZBTB16/PRDM1/GATA3
C1,Up,GO_BP,GO:1904646,cellular response to amyloid-beta,10/1323,40/16355,0.0010369382594504592,0.008127920094278348,0.0059726131690379615,10,FYN/CACNA2D1/TLR4/VCAM1/ICAM1/ITGA4/FOXO3/ABCC1/TYROBP/IGF1
C1,Up,GO_BP,GO:0051056,regulation of small GTPase mediated signal transduction,40/1323,298/16355,0.0010470908616709042,0.00814303085696358,0.005983716961787051,40,DOCK10/COL3A1/EPS8/CYTH3/DOCK11/DLC1/KANK2/CSF1/ARHGAP26/ARHGAP31/F2R/NOTCH2/TEK/TRIO/ARHGEF40/ABL1/LPAR1/PREX1/NRP1/DOCK2/ARHGAP29/PREX2/ARHGAP9/ARHGEF2/ARHGAP20/STARD13/ARHGAP6/TAGAP/MCF2L/FGD5/CHN1/PSD3/PRAG1/RASA3/ABCA1/SIPA1L2/IGF1/STMN1/HEG1/KALRN
C1,Up,GO_BP,GO:0002604,regulation of dendritic cell antigen processing and presentation,5/1323,11/16355,0.0010493596465159254,0.00814303085696358,0.005983716961787051,5,FGL2/CCL21/CCL19/CD68/THBS1
C1,Up,GO_BP,GO:0003139,secondary heart field specification,5/1323,11/16355,0.0010493596465159254,0.00814303085696358,0.005983716961787051,5,MEF2C/BMP4/AXIN2/SMARCD3/WNT5A
C1,Up,GO_BP,GO:0032060,bleb assembly,5/1323,11/16355,0.0010493596465159254,0.00814303085696358,0.005983716961787051,5,PMP22/EMP3/MYLK/LPAR1/ANO6
C1,Up,GO_BP,GO:0033632,regulation of cell-cell adhesion mediated by integrin,5/1323,11/16355,0.0010493596465159254,0.00814303085696358,0.005983716961787051,5,PIEZO1/PODXL/ADA/CCL5/DPP4
C1,Up,GO_BP,GO:0035696,monocyte extravasation,5/1323,11/16355,0.0010493596465159254,0.00814303085696358,0.005983716961787051,5,PDGFD/JAM3/CD47/PECAM1/SIRPA
C1,Up,GO_BP,GO:1905208,negative regulation of cardiocyte differentiation,5/1323,11/16355,0.0010493596465159254,0.00814303085696358,0.005983716961787051,5,FZD7/BMP2/DKK1/HEY2/PRICKLE1
C1,Up,GO_BP,GO:0055021,regulation of cardiac muscle tissue growth,12/1323,54/16355,0.001051136042937016,0.008145179722159588,0.005985296005431585,12,COL14A1/ZFPM2/MEF2C/SAV1/HEY2/FGFR1/FGF2/CITED2/TGFBR3/RBP4/IGF1/TGFBR1
C1,Up,GO_BP,GO:0046189,phenol-containing compound biosynthetic process,11/1323,47/16355,0.0010685535176970203,0.008268351436082927,0.006075805876603841,11,ZEB2/SNCA/TYR/TYRP1/GCH1/PMEL/TRPC1/DCT/OCA2/WNT5A/GATA3
C1,Up,GO_BP,GO:0034341,response to type II interferon,20/1323,117/16355,0.0010762373973486573,0.00831596236471964,0.006110791660921028,20,IFITM2/IFITM1/GBP2/TLR4/IFITM3/GBP4/GBP1/CD47/SNCA/PPARG/VIM/SIRPA/FLNB/MRC1/GCH1/AIF1/CCL5/CCL2/WNT5A/CCL3
C1,Up,GO_BP,GO:0051494,negative regulation of cytoskeleton organization,25/1323,160/16355,0.0010791666616989852,0.008326751855609216,0.00611872006752774,25,EPS8/MAP1B/ADD3/DLC1/KANK2/SNCA/SPTBN1/SVIL/TMSB15B/PIK3R1/LMOD1/MID1/ARHGEF2/CLIP3/CCDC88C/GMFG/ARHGAP6/DNAI3/LIMA1/PLEKHH2/CORO1A/NAV3/STMN1/S1PR1/CDH5
C1,Up,GO_BP,GO:0043627,response to estrogen,14/1323,69/16355,0.0010854333238335988,0.008349696940287926,0.006135580729705413,14,MMP2/ARSB/TEK/AR/SERPINB9/KRT19/SMAD6/TGFB3/ARPC1B/GSTM3/CITED2/TNFRSF11B/ABCC9/GATA3
C1,Up,GO_BP,GO:0046847,filopodium assembly,14/1323,69/16355,0.0010854333238335988,0.008349696940287926,0.006135580729705413,14,DOCK11/NRP1/PIK3R1/TGFB3/DPYSL3/FMNL3/RHOQ/FGD5/PPP1R16B/CCL21/DAAM2/TGFBR1/GAP43/NLGN1
C1,Up,GO_BP,GO:0006957,"complement activation, alternative pathway",6/1323,16/16355,0.0010913631862305647,0.008349696940287926,0.006135580729705413,6,CFH/C3/C7/VSIG4/CFD/CFB
C1,Up,GO_BP,GO:0051895,negative regulation of focal adhesion assembly,6/1323,16/16355,0.0010913631862305647,0.008349696940287926,0.006135580729705413,6,DLC1/ACVRL1/ARHGAP6/APOD/FAM107A/THBS1
C1,Up,GO_BP,GO:0060841,venous blood vessel development,6/1323,16/16355,0.0010913631862305647,0.008349696940287926,0.006135580729705413,6,ENG/CCBE1/ACVRL1/EFNB2/PROX1/HEG1
C1,Up,GO_BP,GO:0150118,negative regulation of cell-substrate junction organization,6/1323,16/16355,0.0010913631862305647,0.008349696940287926,0.006135580729705413,6,DLC1/ACVRL1/ARHGAP6/APOD/FAM107A/THBS1
C1,Up,GO_BP,GO:0060047,heart contraction,34/1323,242/16355,0.0011002348463708097,0.008405732328391332,0.0061767570322571776,34,EDNRA/GJC1/CACNA2D1/SLC8A1/CAMK2D/THRB/KCNE4/SGCD/PDE5A/PLN/SCN7A/ANK2/IRX3/HEY2/KCNJ8/SCN4B/SLC1A1/GCH1/ADA/TMEM38B/ATP1A2/TPM1/TRPC1/AVPR1A/CLIC2/POPDC1/FLNA/CXCR4/KCNJ2/KCNE3/ADORA3/TMIGD3/PDE4B/ABCC9
C1,Up,GO_BP,GO:0050671,positive regulation of lymphocyte proliferation,23/1323,143/16355,0.0011268408851105945,0.008596909674045996,0.0063172392612941665,23,TGFBR2/TLR4/MEF2C/VCAM1/IL7/BCL2/IL15/ADA/AIF1/TACR1/IL6/CORO1A/PTPRC/CCL19/IL6ST/CCL5/CD86/GPR183/IGF1/HAVCR2/HLA-DPB1/IGF2/PDCD1LG2
C1,Up,GO_BP,GO:0002027,regulation of heart rate,18/1323,101/16355,0.0011450788236107925,0.008723798274689797,0.006410480400283643,18,EDNRA/CACNA2D1/SLC8A1/CAMK2D/KCNE4/PLN/ANK2/HEY2/KCNJ8/SCN4B/SLC1A1/GCH1/ADA/TPM1/AVPR1A/POPDC1/KCNJ2/KCNE3
C1,Up,GO_BP,GO:0071216,cellular response to biotic stimulus,35/1323,252/16355,0.001151594777185859,0.008761152422512025,0.0064379292276113475,35,IRAK3/GBP2/PLSCR4/TLR4/MIR224/MEF2C/AXL/LY96/SCARB1/NOTCH2/CXCL1/ABL1/TXNIP/VIM/TNFRSF1B/SIRPA/LYN/MRC1/PTPN22/IL6/CXCL2/ABCA1/CD86/MMP3/CD68/CCL2/CXCL8/HAVCR2/CXCL6/PRKCA/CD14/PDE4B/SERPINE1/PDCD1LG2/WNT5A
C1,Up,GO_BP,GO:0150077,regulation of neuroinflammatory response,9/1323,34/16355,0.0011827596471442954,0.008985664899703235,0.006602907003270031,9,CD200/IL33/LRRK2/TNFRSF1B/IL6/PTPRC/MMP3/IGF1/CCL3
C1,Up,GO_BP,GO:0032609,type II interferon production,20/1323,118/16355,0.0011995032893315296,0.009087450303554907,0.00667770164155496,20,IL1R1/TLR4/IL33/AXL/CD47/ABL1/SIRPA/GAS6/PTPN22/IL27RA/INHBA/TLR8/HAVCR2/HLA-DPB1/CD14/LAPTM5/PDE4B/PDCD1LG2/WNT5A/GATA3
C1,Up,GO_BP,GO:0032649,regulation of type II interferon production,20/1323,118/16355,0.0011995032893315296,0.009087450303554907,0.00667770164155496,20,IL1R1/TLR4/IL33/AXL/CD47/ABL1/SIRPA/GAS6/PTPN22/IL27RA/INHBA/TLR8/HAVCR2/HLA-DPB1/CD14/LAPTM5/PDE4B/PDCD1LG2/WNT5A/GATA3
C1,Up,GO_BP,GO:0030099,myeloid cell differentiation,54/1323,438/16355,0.0012192492726972358,0.009224181127146775,0.006778175109321096,54,TGFBR2/ETS1/MFHAS1/TLR4/SLC9B2/FBN1/IL33/PTPRJ/MEF2C/BMP4/CSF1/FLI1/QKI/RAC2/GATA2/GPC3/NOTCH2/BMP2/MITF/ADGRF5/PPARG/MFAP2/PIK3R1/LYN/FAXDC2/TNFAIP6/IL15/HCLS1/FOXO3/IKZF1/KLF2/EVI2B/ID2/CITED2/LOX/CCL19/ACTN1/C1QC/INHBA/RASSF2/TAL1/PDE2A/FLNA/TGFBR3/GPR183/TYROBP/MEIS2/PRKCA/ZBTB16/CCR1/PRXL2A/TNFRSF11B/CCL3/GATA3
C1,Up,GO_BP,GO:0002460,adaptive immune response based on somatic recombination of immune receptors built from immunoglobulin superfamily domains,42/1323,320/16355,0.0012449973730323813,0.009405877232700829,0.006911690269436777,42,SERPING1/RFTN1/IL1R1/C1S/C1R/C3/TLR4/RAB27A/IL33/MEF2C/LGALS1/TMEM98/C1RL/SVEP1/ICAM1/C7/PVR/CD69/TNFRSF1B/CSF2RB/MICB/SANBR/IL7R/HFE/HLX/ADA/IL4R/FCER1G/IL13RA2/IL6/C1QB/PTPRC/IL27RA/CCL19/C1QC/C1QA/IL6ST/TLR8/HAVCR2/FCGR2A/HLA-DRB3/GATA3
C1,Up,GO_BP,GO:0099024,plasma membrane invagination,12/1323,55/16355,0.0012471601420771172,0.00940913040522625,0.006914080787655598,12,C3/GULP1/RAB31/GATA2/ANO6/ITGAM/ITGB2/ELMO1/AIF1/MSR1/ABCA1/THBS1
C1,Up,GO_BP,GO:0045670,regulation of osteoclast differentiation,14/1323,70/16355,0.0012576574882935383,0.009475167096269764,0.006962606315218771,14,TLR4/SLC9B2/FBN1/CSF1/NOTCH2/MITF/PIK3R1/TNFAIP6/RASSF2/TYROBP/CCR1/PRXL2A/TNFRSF11B/CCL3
C1,Up,GO_BP,GO:0008037,cell recognition,24/1323,153/16355,0.0012717771302514919,0.009515584035736704,0.006992305763800012,24,VCAN/PLXND1/NEXN/SCARB1/NTM/PECAM1/NRP1/DOCK2/PTX3/MSN/PEAR1/NRCAM/EPHA3/CNR1/CCL21/CCL19/ROBO4/PALLD/TNN/CXCR4/HAVCR2/FOLR2/PLA2G5/GAP43
C1,Up,GO_BP,GO:0010559,regulation of glycoprotein biosynthetic process,10/1323,41/16355,0.0012734471650064313,0.009515584035736704,0.006992305763800012,10,BACE2/IL33/ITM2A/BCL2/SLC2A10/IL15/SOAT1/CCL21/CCL19/IGF1
C1,Up,GO_BP,GO:0003156,regulation of animal organ formation,8/1323,28/16355,0.0012857256027605994,0.009515584035736704,0.006992305763800012,8,WNT2B/BMP4/BMP2/DKK1/FGFR1/FGF2/CITED2/WNT5A
C1,Up,GO_BP,GO:0003272,endocardial cushion formation,8/1323,28/16355,0.0012857256027605994,0.009515584035736704,0.006992305763800012,8,TGFBR2/ENG/DCHS1/BMP2/TBX3/HEY2/MSX1/TGFBR1
C1,Up,GO_BP,GO:0010758,regulation of macrophage chemotaxis,8/1323,28/16355,0.0012857256027605994,0.009515584035736704,0.006992305763800012,8,PTPRJ/CSF1/RARRES2/CMKLR1/C3AR1/MDK/CCL5/THBS1
C1,Up,GO_BP,GO:0035116,embryonic hindlimb morphogenesis,8/1323,28/16355,0.0012857256027605994,0.009515584035736704,0.006992305763800012,8,BMP4/OSR2/TWIST1/GPC3/TBX3/AFF3/MSX1/ZBTB16
C1,Up,GO_BP,GO:0090594,inflammatory response to wounding,8/1323,28/16355,0.0012857256027605994,0.009515584035736704,0.006992305763800012,8,TLR4/IL33/F2R/PPARG/TIMP1/IL6/MDK/ALOX5
C1,Up,GO_BP,GO:0010560,positive regulation of glycoprotein biosynthetic process,7/1323,22/16355,0.0012860341363438547,0.009515584035736704,0.006992305763800012,7,IL33/SLC2A10/IL15/SOAT1/CCL21/CCL19/IGF1
C1,Up,GO_BP,GO:0010881,regulation of cardiac muscle contraction by regulation of the release of sequestered calcium ion,7/1323,22/16355,0.0012860341363438547,0.009515584035736704,0.006992305763800012,7,SLC8A1/CAMK2D/PLN/ANK2/TMEM38B/ATP1A2/CLIC2
C1,Up,GO_BP,GO:0061042,vascular wound healing,7/1323,22/16355,0.0012860341363438547,0.009515584035736704,0.006992305763800012,7,NPR2/GATA2/SMOC2/MCAM/CXCR4/ALOX5/SERPINE1
C1,Up,GO_BP,GO:0002455,humoral immune response mediated by circulating immunoglobulin,11/1323,48/16355,0.0012864962840790507,0.009515584035736704,0.006992305763800012,11,SERPING1/C1S/C1R/C3/C1RL/SVEP1/C7/C1QB/PTPRC/C1QC/C1QA
C1,Up,GO_BP,GO:0006953,acute-phase response,11/1323,48/16355,0.0012864962840790507,0.009515584035736704,0.006992305763800012,11,SERPINA3/A2M/PLSCR1/APOL2/FN1/CNR1/IL6/CD163/SAA1/SAA2/SERPINA1
C1,Up,GO_BP,GO:0042551,neuron maturation,11/1323,48/16355,0.0012864962840790507,0.009515584035736704,0.006992305763800012,11,EDNRA/C3/GLDN/GATA2/LRRK2/BCL2/NTN4/NRCAM/B4GALT6/C1QA/SCARF1
C1,Up,GO_BP,GO:0008585,female gonad development,18/1323,102/16355,0.001287546808959219,0.009515584035736704,0.006992305763800012,18,MMP2/ADAMTS1/PDGFRA/ZFPM2/SLIT3/NPR2/FZD4/ANG/A2M/BCL2/PTX3/TNFAIP6/FST/FOXO3/ARID5B/INHBA/INHBB/FOXL2
C1,Up,GO_BP,GO:0045137,development of primary sexual characteristics,33/1323,235/16355,0.0013024670301243467,0.009609976605022883,0.0070616679494315895,33,MMP2/ADAMTS1/PDGFRA/ZFPM2/WNT2B/SLIT3/LHFPL2/NPR2/AKR1C3/FZD4/ANG/A2M/GFRA1/AR/BCL2/CYP1B1/PTX3/TNFAIP6/FST/FOXO3/ARID5B/CITED2/IRX5/INHBA/INHBB/FOXL2/FLNA/SOX9/RHOBTB3/TGFBR1/SFRP2/WNT5A/GATA3
C1,Up,GO_BP,GO:0045685,regulation of glial cell differentiation,15/1323,78/16355,0.001303857282382523,0.009609976605022883,0.0070616679494315895,15,IL33/TMEM98/QKI/PTPRZ1/BMP2/TNFRSF1B/ID4/PTN/IL6/ID2/MDK/IL6ST/DAAM2/CXCR4/SERPINE2
C1,Up,GO_BP,GO:0007189,adenylate cyclase-activating G protein-coupled receptor signaling pathway,27/1323,180/16355,0.0013078316894483543,0.009626208315831247,0.007073595444855455,27,ADGRD1/PTGFR/ADCY3/ADGRL4/GPR161/ADCY9/CALCRL/ADCY7/ADGRE5/PLN/GNG2/ADGRF5/LPAR1/ADCY4/ADRA2A/PDE3A/CNR1/PTGER4/PTGER2/PRKAR2B/ABCA1/ADCY2/PDE2A/RAMP3/S1PR1/PRKCA/PDE4B
C1,Up,GO_BP,GO:0010596,negative regulation of endothelial cell migration,13/1323,63/16355,0.001373210242353115,0.010093745651504898,0.007417154389292803,13,MEF2C/MEOX2/PPARG/SERPINF1/ACVRL1/MMRN2/STARD13/PTPRM/ANGPT2/FGF2/RGCC/DCN/THBS1
C1,Up,GO_BP,GO:0001954,positive regulation of cell-matrix adhesion,12/1323,56/16355,0.0014724826284276567,0.010794231629715292,0.0079318902294164,12,FERMT2/PTPRJ/CSF1/TEK/ABL1/NRP1/COL16A1/RRAS/EFEMP2/CCL21/CEACAM6/THY1
C1,Up,GO_BP,GO:2000107,negative regulation of leukocyte apoptotic process,12/1323,56/16355,0.0014724826284276567,0.010794231629715292,0.0079318902294164,12,CXCL12/BMP4/AXL/BCL2/IL7R/HCLS1/GAS6/ADA/CCL21/CCL19/CCL5/BCL11B
C1,Up,GO_BP,GO:1902624,positive regulation of neutrophil migration,9/1323,35/16355,0.0014794499600458155,0.010830690273542951,0.007958681016447344,9,IL1R1/RAC2/THBS4/C3AR1/MDK/CCL21/CCL19/CD99L2/CXCL8
C1,Up,GO_BP,GO:0055074,calcium ion homeostasis,42/1323,323/16355,0.0014935699832041994,0.010919343403452506,0.008023825708451263,42,CXCL12/EDNRA/MICU3/PRKD1/SLC8A1/CAMK2D/SNCA/F2R/PKD2/SGCD/PLN/CCL14/ANK2/ABL1/BCL2/BNIP3/CCL23/LYN/CNR1/TMEM38B/FGFR1/SV2A/ATP1A2/CORO1A/TRPC1/NT5E/CCL21/FGF2/PTPRC/CCL19/RGN/CLIC2/CCL5/CEMIP/FLNA/FAM20A/ANXA6/CDH5/CCR1/THY1/WNT5A/CCL3
C1,Up,GO_BP,GO:0070588,calcium ion transmembrane transport,43/1323,333/16355,0.0015156315048857893,0.011065739696961839,0.00813140162213768,43,EDNRA/MICU3/FYN/SESTD1/PRKD1/CACNA2D1/SLC8A1/CAMK2D/SNCA/F2R/PKD2/PLN/GEM/MCOLN3/ANK2/ABL1/ANO6/PLP1/BCL2/ASIC1/KCNJ8/LYN/CACHD1/TRPM1/ADRA2A/GAS6/TMEM38B/ATP1A2/CORO1A/TRPC1/CCL21/FGF2/PTPRC/CCL19/CLIC2/CEMIP/FLNA/STIMATE/PDE4B/RRAD/ORAI2/THY1/CCL3
C1,Up,GO_BP,GO:0045668,negative regulation of osteoblast differentiation,11/1323,49/16355,0.0015396431172619743,0.011225961628143684,0.008249136984326961,11,VEGFC/IGFBP5/RORB/TWIST1/AXIN2/PPARG/ID3/SMAD6/TNFAIP6/TNN/SOX9
C1,Up,GO_BP,GO:0097553,calcium ion transmembrane import into cytosol,27/1323,182/16355,0.0015438018398884487,0.011241195166587203,0.008260330995988427,27,FYN/PRKD1/CACNA2D1/SLC8A1/CAMK2D/SNCA/F2R/PKD2/PLN/ANK2/ABL1/BCL2/LYN/TRPM1/TMEM38B/ATP1A2/CORO1A/TRPC1/CCL21/FGF2/PTPRC/CCL19/CLIC2/CEMIP/FLNA/THY1/CCL3
C1,Up,GO_BP,GO:0014002,astrocyte development,10/1323,42/16355,0.0015520856690942786,0.01128638467807245,0.008293537458191367,10,ZEB2/TLR4/VIM/PLP1/ROR1/S100A9/IL6/S100A8/LAMC3/C1QA
C1,Up,GO_BP,GO:0010715,regulation of extracellular matrix disassembly,6/1323,17/16355,0.0015720466647339692,0.011385809977113227,0.008366597828310474,6,DDR2/MELTF/IL6/DPP4/PDPN/FAP
C1,Up,GO_BP,GO:0046068,cGMP metabolic process,6/1323,17/16355,0.0015720466647339692,0.011385809977113227,0.008366597828310474,6,GUCY1B1/GUCY1A1/NPR2/PDE5A/PDE1A/PDE2A
C1,Up,GO_BP,GO:1904753,negative regulation of vascular associated smooth muscle cell migration,6/1323,17/16355,0.0015720466647339692,0.011385809977113227,0.008366597828310474,6,MEF2C/BMP4/PRKG1/TPM1/GNA12/MYOCD
C1,Up,GO_BP,GO:0090303,positive regulation of wound healing,13/1323,64/16355,0.0015980081191048245,0.011543058647576338,0.008482148358966258,13,FERMT2/DDR2/MYLK/F2R/SMOC2/ANO6/ENPP4/ADRA2A/F3/EMILIN2/CXCR4/SERPINE1/THBS1
C1,Up,GO_BP,GO:2000630,positive regulation of miRNA metabolic process,13/1323,64/16355,0.0015980081191048245,0.011543058647576338,0.008482148358966258,13,ETS1/GATA2/NOTCH2/BMP2/PPARG/AR/SMAD6/FOXO3/IL6/FGF2/TEAD1/MYOCD/GATA3
C1,Up,GO_BP,GO:1902107,positive regulation of leukocyte differentiation,28/1323,192/16355,0.001659722048123503,0.011945500462576497,0.008777873373011797,28,TGFBR2/SLC9B2/AXL/CSF1/IL7/NOTCH2/IL7R/SMARCD3/IL15/HCLS1/FOXO3/HLX/GAS6/ADA/IL4R/RUNX3/EVI2B/ID2/MDK/PTPRC/CCL19/CD86/TYROBP/TOX/PRKCA/ZBTB16/CCR1/GATA3
C1,Up,GO_BP,GO:1903708,positive regulation of hemopoiesis,28/1323,192/16355,0.001659722048123503,0.011945500462576497,0.008777873373011797,28,TGFBR2/SLC9B2/AXL/CSF1/IL7/NOTCH2/IL7R/SMARCD3/IL15/HCLS1/FOXO3/HLX/GAS6/ADA/IL4R/RUNX3/EVI2B/ID2/MDK/PTPRC/CCL19/CD86/TYROBP/TOX/PRKCA/ZBTB16/CCR1/GATA3
C1,Up,GO_BP,GO:0051347,positive regulation of transferase activity,38/1323,286/16355,0.0016603190075930147,0.011945500462576497,0.008777873373011797,38,FERMT2/DDR2/CCND2/VEGFC/TLR4/CD200/FBN1/PDGFRB/FLT1/SNCA/NTRK3/ANGPT1/PDE5A/AGTR1/ABL1/CCDC88A/LRRK2/TCIM/MMD/LCP2/ADRA2A/GAS6/FGFR1/FGF2/DIPK2A/PTPRC/CCL19/RASSF2/CEMIP/RGCC/CCN1/IGF1/FGF18/PROX1/NOX4/CHI3L1/THBS1/WNT5A
C1,Up,GO_BP,GO:0002275,myeloid cell activation involved in immune response,17/1323,96/16355,0.001667257941635788,0.01197297930656455,0.008798065562842563,17,IL33/RAC2/GATA2/ANXA3/DOCK2/LYN/CD84/ITGAM/ITGB2/IL4R/FCER1G/IL13RA2/FGR/TYROBP/HAVCR2/GRP/CCL3
C1,Up,GO_BP,GO:0061045,negative regulation of wound healing,14/1323,72/16355,0.001671118365851576,0.01197297930656455,0.008798065562842563,14,SERPING1/PDGFRA/TFPI/CASK/PROS1/MMRN1/PRKG1/FGF2/SERPINE2/ALOX5/TSPAN8/SERPINE1/FAP/THBS1
C1,Up,GO_BP,GO:0001553,luteinization,5/1323,12/16355,0.0016795674211344232,0.01197297930656455,0.008798065562842563,5,MMP2/PDGFRA/FZD4/A2M/INHBA
C1,Up,GO_BP,GO:0010518,positive regulation of phospholipase activity,5/1323,12/16355,0.0016795674211344232,0.01197297930656455,0.008798065562842563,5,AGTR1/ARHGAP6/FGFR1/CCL5/PLA2G5
C1,Up,GO_BP,GO:0045906,negative regulation of vasoconstriction,5/1323,12/16355,0.0016795674211344232,0.01197297930656455,0.008798065562842563,5,MMP2/DOCK4/SVEP1/ITGA4/ITGA9
C1,Up,GO_BP,GO:0072070,loop of Henle development,5/1323,12/16355,0.0016795674211344232,0.01197297930656455,0.008798065562842563,5,PKD2/IRX3/POU3F3/AQP1/IRX1
C1,Up,GO_BP,GO:2001046,positive regulation of integrin-mediated signaling pathway,5/1323,12/16355,0.0016795674211344232,0.01197297930656455,0.008798065562842563,5,NID1/LAMA2/LIMS2/LAMC1/FLNA
C1,Up,GO_BP,GO:0001933,negative regulation of protein phosphorylation,31/1323,220/16355,0.0016984374416580891,0.012091628025015387,0.00888525181591705,31,PLPP3/IRAK3/FBLN1/DEPTOR/PTPRJ/SLC8A1/SH3BP5/SNCA/NTRK3/IGFBP3/HHEX/PRR5L/ADARB1/BMP2/ABL1/PKIA/DKK1/SIRPA/NIBAN1/LYN/TRIB2/SAMSN1/PTPN22/UCHL1/PTPRC/RASSF2/ENPP1/MYOCD/HEG1/SFRP2/THY1
C1,Up,GO_BP,GO:0014823,response to activity,15/1323,80/16355,0.0017011887256874355,0.012095362772165117,0.008887996208055601,15,MMP2/POSTN/COL4A2/ZEB1/TNS2/COL6A1/FN1/PPARGC1A/SOD2/IL6/ANGPT2/NFATC1/CXCR4/ITGA5/ABCC9
C1,Up,GO_BP,GO:0042326,negative regulation of phosphorylation,33/1323,239/16355,0.001730289145753896,0.012256936309917886,0.009006724766918963,33,PLPP3/IRAK3/FBLN1/GRB10/DEPTOR/PTPRJ/SLC8A1/SH3BP5/SNCA/NTRK3/IGFBP3/HHEX/PRR5L/ADARB1/BMP2/ABL1/PKIA/DKK1/SIRPA/NIBAN1/LYN/TRIB2/SAMSN1/PTPN22/UCHL1/PTPRC/INHBA/RASSF2/ENPP1/MYOCD/HEG1/SFRP2/THY1
C1,Up,GO_BP,GO:0002886,regulation of myeloid leukocyte mediated immunity,12/1323,57/16355,0.0017303300380487256,0.012256936309917886,0.009006724766918963,12,C3/RAC2/GATA2/LYN/CD84/ITGAM/ITGB2/IL4R/IL13RA2/FGR/TYROBP/CXCL6
C1,Up,GO_BP,GO:0120034,positive regulation of plasma membrane bounded cell projection assembly,19/1323,113/16355,0.0017306830172509238,0.012256936309917886,0.009006724766918963,19,EPS8/DOCK11/RAC2/DZIP1/MNS1/CCDC88A/NRP1/PIK3R1/ASAP1/TGFB3/DPYSL3/RHOQ/CDC42EP5/CDC42EP3/CCL21/CCL19/TGFBR1/NLGN1/P2RY12
C1,Up,GO_BP,GO:0008406,gonad development,32/1323,230/16355,0.0017798613913544026,0.012588811299267078,0.00925059538927617,32,MMP2/ADAMTS1/PDGFRA/ZFPM2/WNT2B/SLIT3/NPR2/AKR1C3/FZD4/ANG/A2M/GFRA1/AR/BCL2/CYP1B1/PTX3/TNFAIP6/FST/FOXO3/ARID5B/CITED2/IRX5/INHBA/INHBB/FOXL2/FLNA/SOX9/RHOBTB3/TGFBR1/SFRP2/WNT5A/GATA3
C1,Up,GO_BP,GO:0010876,lipid localization,57/1323,476/16355,0.0017894562088637065,0.012640216029320746,0.00928836896038762,57,PLTP/C3/DAB2/PLSCR4/ATP8B2/SLC43A3/NEGR1/ABCB4/SLC27A6/PLIN2/GRAMD1A/GULP1/ABCA8/FZD4/ABCA6/SCARB1/ATP10A/NPC2/APOLD1/AGTR1/PLSCR1/ABCB1/ABCA9/ABCG2/PPARG/ANO6/PLPPR4/ATP11A/ABCC4/APOL2/SELENOM/PLA2G4C/LPL/KCNJ8/APOL3/ACSL5/LYN/SLCO2B1/RBP7/SOAT1/VLDLR/PLA2G2A/APOD/IL6/MSR1/ATP8A1/ABCC1/SLCO2A1/ABCA1/INHBA/ACSL4/ENPP1/PITPNC1/RBP4/CRABP2/CRABP1/THBS1
C1,Up,GO_BP,GO:0007188,adenylate cyclase-modulating G protein-coupled receptor signaling pathway,36/1323,268/16355,0.0017918018845965939,0.01264034784042688,0.009288465818715357,36,PRKACB/EDNRA/ADGRD1/PTGFR/ADCY3/ADGRL4/GPR161/AKAP12/ADCY9/CALCRL/GRK5/GPR176/ADCY7/ADGRE5/PLN/GNG2/ADGRF5/LPAR1/ADCY4/ADRA2A/PDE3A/CNR1/PTGER4/PTGER2/PRKAR2B/ABCA1/ADCY2/PDE2A/FLNA/GNA12/RAMP3/S1PR1/PRKCA/PDE4B/RGS1/P2RY12
C1,Up,GO_BP,GO:0002768,immune response-regulating cell surface receptor signaling pathway,43/1323,336/16355,0.0018052235670575258,0.012718514158568716,0.00934590452083028,43,RFTN1/FYN/C3/MFHAS1/PLCL2/TLR4/PTPRJ/MEF2C/GBP1/CD47/LY96/PLSCR1/ABL1/BCL2/CMTM3/PIK3R1/PIK3AP1/MICB/BTNL9/LPXN/LYN/LCP2/PAK3/ITGAM/CMKLR1/ADA/C3AR1/PTPN22/FCER1G/PTPRC/FGR/MNDA/PIGR/TYROBP/HLA-DPB1/CD14/LAPTM5/PDE4B/FCGR2A/FPR3/THY1/HLA-DRB3/GATA3
C1,Up,GO_BP,GO:0043200,response to amino acid,20/1323,122/16355,0.0018204996171474704,0.012809525803555776,0.00941278231282139,20,MMP2/PDGFC/COL3A1/COL4A1/FYN/PDGFRA/ZEB1/COL1A1/MIR224/PDGFD/COL6A1/COL1A2/CDO1/COL16A1/LYN/STAMBPL1/TUBA1A/MMP3/CYBB/RRAGD
C1,Up,GO_BP,GO:0007416,synapse assembly,35/1323,259/16355,0.0018575108781217053,0.013036174534828299,0.009579329865140087,35,DOCK10/MAP1B/GABRE/PLXND1/DOCK4/SDCBP/LIN7A/NEGR1/MEF2C/THBS2/SNCA/FLRT3/ZDHHC2/PLXNC1/ABL1/ASIC1/DKK1/NRCAM/KCNJ8/CLSTN2/PRICKLE1/ELMO1/VLDLR/FGFR1/SRPX2/FZD1/PLXNA1/PCDH17/NECTIN3/LRRN3/GAP43/DCLK1/NLGN1/WNT5A/GABRB2
C1,Up,GO_BP,GO:0031348,negative regulation of defense response,35/1323,259/16355,0.0018575108781217053,0.013036174534828299,0.009579329865140087,35,SERPING1/SAMHD1/FYN/IRAK3/MFHAS1/CD200/IL33/STAT2/PTGIS/A2M/TEK/PPARG/SERPINB9/TNFRSF1B/SIRPA/MICB/DTX4/LYN/SLC39A8/TNFAIP6/FGL2/ADA/PTGER4/NT5E/MDK/PTPRC/FGR/IL10RA/VSIG4/SAA1/IGF1/ALOX5/HAVCR2/CDH5/GATA3
C1,Up,GO_BP,GO:0046620,regulation of organ growth,16/1323,89/16355,0.0019172033536852585,0.01343774015124945,0.00987441102502479,16,COL14A1/ZFPM2/MEF2C/SAV1/IL7/HEY2/HLX/FGFR1/FGF2/CITED2/TGFBR3/RBP4/IGF1/TGFBR1/PROX1/IGF2
C1,Up,GO_BP,GO:0031349,positive regulation of defense response,59/1323,498/16355,0.0019278791408030586,0.01349515398562141,0.009916600246778621,59,ETS1/RFTN1/FYN/IRAK3/GBP2/PRKD1/C3/MFHAS1/TLR4/IL33/MEF2C/LGALS1/OSMR/GBP1/CD47/SNCA/LY96/STING1/AGTR1/PLSCR1/TIFA/LRRK2/PVR/PIK3R1/PIK3AP1/MMRN2/LPL/KCNJ8/LYN/IL15/PAK3/IL16/CNR1/S100A9/PTPN22/PLA2G2A/PTGER4/IL6/MDK/ABCC1/S100A8/IL6ST/PENK/CCL5/TLR8/PDE2A/EMILIN2/RNF125/MNDA/TYROBP/HAVCR2/TSLP/GRP/CD14/ALOX5AP/SERPINE1/PLA2G5/WNT5A/CCL3
C1,Up,GO_BP,GO:0051047,positive regulation of secretion,41/1323,318/16355,0.0019813605652833186,0.013851673861800497,0.010178580591416846,41,CXCL12/MICU3/PRKD1/DAB2/SDCBP/VEGFC/TLR4/RAB27A/NEGR1/F2RL2/SNCA/GATA2/ANG/BMP2/PPARG/MYRIP/TGFB3/HFE/ITGAM/ITGB2/IL4R/TACR1/FGFR1/S100A8/FGR/AVPR1A/INHBA/SYBU/ACSL4/INHBB/MYH10/FOXL2/RGCC/AQP1/RBP4/IGF1/GRP/PRKCA/SYTL4/NLGN1/ANO1
C1,Up,GO_BP,GO:0007204,positive regulation of cytosolic calcium ion concentration,25/1323,167/16355,0.0019913342273585486,0.013903505813639635,0.01021666809652769,25,EDNRA/PTGFR/CACNA2D1/SLC8A1/GATA2/F2R/PKD2/ACKR4/AGTR1/ABL1/LPAR1/BCL2/CMKLR1/C3AR1/TACR1/PRKG1/PTGER4/PTGER2/CYSLTR1/AVPR1A/CXCR4/SAA1/ACKR3/CCR1/FPR3
C1,Up,GO_BP,GO:0002526,acute inflammatory response,18/1323,106/16355,0.002017337265087684,0.01406229358782531,0.010333349601781562,18,C3/OSMR/SERPINA3/A2M/PLSCR1/ANO6/APOL2/FN1/CNR1/IL6/CD163/F3/IL6ST/SAA1/SAA2/ALOX5AP/FCGR2A/SERPINA1
C1,Up,GO_BP,GO:0051338,regulation of transferase activity,59/1323,499/16355,0.0020192542338924413,0.01406229358782531,0.010333349601781562,59,LDB2/FERMT2/IRAK3/DDR2/CCND2/VEGFC/TLR4/CD200/FBN1/DEPTOR/PDGFRB/PTPRJ/SLC8A1/SH3BP5/FLT1/HERC5/SNCA/NTRK3/DIRAS3/ANGPT1/HHEX/ADARB1/PDE5A/AGTR1/BMP2/SYNPO2/ABL1/CCDC88A/LRRK2/PKIA/TCIM/MMD/LYN/LCP2/ADRA2A/GAS6/TRIB2/PTPN22/FGFR1/UCHL1/FGF2/DIPK2A/PTPRC/FGR/CCL19/RASSF2/CEMIP/RGCC/CCN1/IGF1/FGF18/PROX1/NOX4/MYOCD/HEG1/CHI3L1/THBS1/THY1/WNT5A
C1,Up,GO_BP,GO:0030514,negative regulation of BMP signaling pathway,12/1323,58/16355,0.002024135720121592,0.014078239733291276,0.010345067256150786,12,FBN1/GREM2/ABL1/PPARG/CHRDL1/SMAD6/DKK1/TNFAIP6/FZD1/BMPER/SFRP2/WNT5A
C1,Up,GO_BP,GO:0030225,macrophage differentiation,13/1323,66/16355,0.0021393737076772714,0.0148607135295434,0.010920049938769973,13,TLR4/IL33/BMP4/CSF1/QKI/GATA2/IL15/HCLS1/ID2/C1QC/INHBA/PRKCA/GATA3
C1,Up,GO_BP,GO:0071248,cellular response to metal ion,26/1323,177/16355,0.0021508764148915486,0.014921533442772531,0.010964742038406604,26,MICU3/MEF2C/CAMK2D/CLIC4/SNCA/AKR1C3/ADCY7/PKD2/SERPINF1/LRRK2/BNIP3/CPNE8/HFE/SLC39A8/SLC1A1/STK39/TUBA1A/INHBB/AQP1/CYBB/NFATC4/ALOX5AP/MT1M/NLGN1/ABCC9/WNT5A
C1,Up,GO_BP,GO:2000106,regulation of leukocyte apoptotic process,16/1323,90/16355,0.002160494796834037,0.014969142520921542,0.010999726462935913,16,CXCL12/MEF2C/BMP4/AXL/BCL2/LYN/IL7R/HCLS1/GAS6/ADA/GIMAP8/CCL21/CCL19/CCL5/BCL11B/WNT5A
C1,Up,GO_BP,GO:0045332,phospholipid translocation,11/1323,51/16355,0.00216827266696516,0.014984805505031486,0.01101123604276401,11,PLSCR4/ATP8B2/ABCB4/ATP10A/PLSCR1/ABCB1/ANO6/ATP11A/ATP8A1/ABCC1/ABCA1
C1,Up,GO_BP,GO:1900047,negative regulation of hemostasis,11/1323,51/16355,0.00216827266696516,0.014984805505031486,0.01101123604276401,11,SERPING1/PDGFRA/TFPI/PROS1/PRKG1/SERPINE2/TSPAN8/SERPINE1/FAP/THBS1/COMP
C1,Up,GO_BP,GO:0006809,nitric oxide biosynthetic process,14/1323,74/16355,0.00219176847891699,0.015038035903510858,0.011050351163885197,14,CYB5R3/TLR4/MTARC2/CD47/PTGIS/PKD2/CYP1B1/PTX3/SIRPA/GCH1/KLF2/SOD2/RGN/DDAH1
C1,Up,GO_BP,GO:0046209,nitric oxide metabolic process,15/1323,82/16355,0.002194846366893572,0.015038035903510858,0.011050351163885197,15,CYB5R3/TLR4/MTARC2/CD47/PTGIS/PKD2/CYP1B1/PTX3/SIRPA/GCH1/KLF2/CYGB/SOD2/RGN/DDAH1
C1,Up,GO_BP,GO:0002921,negative regulation of humoral immune response,6/1323,18/16355,0.002198122331993303,0.015038035903510858,0.011050351163885197,6,SERPING1/CD59/SVEP1/A2M/MASP1/VSIG4
C1,Up,GO_BP,GO:0010517,regulation of phospholipase activity,6/1323,18/16355,0.002198122331993303,0.015038035903510858,0.011050351163885197,6,SNCA/AGTR1/ARHGAP6/FGFR1/CCL5/PLA2G5
C1,Up,GO_BP,GO:0010744,positive regulation of macrophage derived foam cell differentiation,6/1323,18/16355,0.002198122331993303,0.015038035903510858,0.011050351163885197,6,CSF1/AGTR1/LPL/PLA2G2A/MSR1/PLA2G5
C1,Up,GO_BP,GO:0010755,regulation of plasminogen activation,6/1323,18/16355,0.002198122331993303,0.015038035903510858,0.011050351163885197,6,MELTF/CTSZ/CLEC3B/SERPINE2/SERPINE1/THBS1
C1,Up,GO_BP,GO:0034112,positive regulation of homotypic cell-cell adhesion,6/1323,18/16355,0.002198122331993303,0.015038035903510858,0.011050351163885197,6,MMRN1/IL6/IL6ST/CCL5/EMILIN2/PDPN
C1,Up,GO_BP,GO:0070206,protein trimerization,6/1323,18/16355,0.002198122331993303,0.015038035903510858,0.011050351163885197,6,COL1A2/SCARA5/ASIC1/PXDN/STEAP4/ALOX5AP
C1,Up,GO_BP,GO:0042471,ear morphogenesis,20/1323,124/16355,0.0022215620802604427,0.015179277006257515,0.011154138905458588,20,EDNRA/ZEB1/PRRX1/OSR2/CTHRC1/TWIST1/GATA2/ITGA8/TBX3/FGFR1/MSX1/SOX9/WDPCP/SOBP/FRZB/PROX1/ALDH1A3/COL11A1/WNT5A/GATA3
C1,Up,GO_BP,GO:0003230,cardiac atrium development,9/1323,37/16355,0.0022511433915485294,0.015320082188867046,0.011257606321251034,9,ENG/NOTCH2/BMP2/ANK2/HEY2/CCN1/PROX1/HEG1/WNT5A
C1,Up,GO_BP,GO:0043537,negative regulation of blood vessel endothelial cell migration,10/1323,44/16355,0.0022573818938756538,0.015320082188867046,0.011257606321251034,10,MEF2C/MEOX2/PPARG/ACVRL1/MMRN2/STARD13/ANGPT2/FGF2/RGCC/THBS1
C1,Up,GO_BP,GO:0002407,dendritic cell chemotaxis,7/1323,24/16355,0.002261911987384273,0.015320082188867046,0.011257606321251034,7,GAS6/CCL21/CCL19/CCL5/CXCR4/GPR183/CCR1
C1,Up,GO_BP,GO:0010878,cholesterol storage,7/1323,24/16355,0.002261911987384273,0.015320082188867046,0.011257606321251034,7,SCARB1/NPC2/PPARG/LPL/SOAT1/MSR1/ABCA1
C1,Up,GO_BP,GO:0061484,hematopoietic stem cell homeostasis,7/1323,24/16355,0.002261911987384273,0.015320082188867046,0.011257606321251034,7,ARMCX1/GATA2/FSTL1/EMCN/MYCT1/CRISPLD1/SEPTIN4
C1,Up,GO_BP,GO:1903020,positive regulation of glycoprotein metabolic process,7/1323,24/16355,0.002261911987384273,0.015320082188867046,0.011257606321251034,7,IL33/SLC2A10/IL15/SOAT1/CCL21/CCL19/IGF1
C1,Up,GO_BP,GO:1903587,regulation of blood vessel endothelial cell proliferation involved in sprouting angiogenesis,7/1323,24/16355,0.002261911987384273,0.015320082188867046,0.011257606321251034,7,GATA2/AGTR1/JCAD/MMRN2/PPP1R16B/FGF2/THBS1
C1,Up,GO_BP,GO:0060048,cardiac muscle contraction,22/1323,142/16355,0.0023280217994008892,0.015748212222099166,0.01157220772540889,22,GJC1/CACNA2D1/SLC8A1/CAMK2D/KCNE4/SGCD/PDE5A/PLN/SCN7A/ANK2/KCNJ8/SCN4B/TMEM38B/ATP1A2/TPM1/CLIC2/FLNA/CXCR4/KCNJ2/KCNE3/PDE4B/ABCC9
C1,Up,GO_BP,GO:0042733,embryonic digit morphogenesis,12/1323,59/16355,0.0023575378646091554,0.01590950422716398,0.01169072940652,12,BMP4/OSR2/TWIST1/TBX3/PRICKLE1/MAP3K20/MSX1/GNA12/WDPCP/ZBTB16/SFRP2/WNT5A
C1,Up,GO_BP,GO:0044409,symbiont entry into host,24/1323,160/16355,0.0023577229202627033,0.01590950422716398,0.01169072940652,24,IFITM2/IFITM1/IFITM3/LGALS1/AXL/ICAM1/ANPEP/SCARB1/AGTR1/PLSCR1/NRP1/PVR/PTX3/MRC1/GAS6/CD86/DPP4/CXCR4/NECTIN3/CXCL8/EFNB2/ITGA5/CH25H/LRRC15
C1,Up,GO_BP,GO:0010631,epithelial cell migration,16/1323,91/16355,0.0024289844425729383,0.016370029146471714,0.012029135439776127,16,TGFBR2/ZEB2/GLIPR2/PTPRG/KANK2/ENPP2/ARSB/TACR1/CORO1A/DAAM2/SOX9/WDPCP/PROX1/HAS2/LRG1/WNT5A
C1,Up,GO_BP,GO:0048469,cell maturation,28/1323,197/16355,0.0024376668532990553,0.016408186303742835,0.0120571743399335,28,EDNRA/C3/AXL/GLDN/NPR2/RAC2/GATA2/ANG/RUNX2/PPARG/LRRK2/BCL2/NTN4/NRCAM/B4GALT6/IL15/FOXO3/SOX10/PDE3A/KLF2/FGFR1/TFCP2L1/CCL21/CCL19/C1QA/SCARF1/TAL1/GATA3
C1,Up,GO_BP,GO:0014902,myotube differentiation,20/1323,125/16355,0.002448523481697373,0.0164608657828962,0.01209588463079265,20,JAM2/ADAMTS5/MEF2C/PIEZO1/MYEF2/COL6A1/PLEKHO1/BCL2/DOCK2/ATP11A/CYP26B1/IL4R/GDF15/AVPR1A/IGF1/CD53/RBM24/MYOCD/CEACAM5/TMEM119
C1,Up,GO_BP,GO:0046631,alpha-beta T cell activation,27/1323,188/16355,0.0024839790593474682,0.016678583745828736,0.012255869615569058,27,TGFBR2/LGALS1/TMEM98/ABL1/BCL2/DOCK2/RPL22/CD69/HFE/IL15/HLX/ADA/IL4R/PTGER4/RUNX3/IL6/PTPRC/CCL19/IL6ST/CD86/GPR183/BCL11B/TOX/ZBTB16/PRDM1/HLA-DRB3/GATA3
C1,Up,GO_BP,GO:0007389,pattern specification process,55/1323,463/16355,0.002541852517941507,0.016884758582332945,0.01240737240217939,55,TGFBR2/C3/ZEB1/WNT2B/ENG/MEF2C/GPR161/BMP4/OSR2/DCHS1/HHEX/GREM2/BICC1/GPC3/MEOX2/FOXD1/PKD2/NOTCH2/BMP2/AXIN2/MNS1/ACVRL1/NRP1/CHRDL1/IRX3/SMAD6/DKK1/TBX3/HEY2/MID1/SMARCD3/PITX2/FST/CYP26B1/DYNC2H1/ITGAM/PRICKLE1/HOXD8/FGFR1/SOX17/MEOX1/FGF2/CITED2/C1QA/MSX1/DAAM2/IRX1/HOXD10/TGFBR1/HEY1/MEIS2/ZBTB16/WIF1/SFRP2/WNT5A
C1,Up,GO_BP,GO:0002430,complement receptor mediated signaling pathway,5/1323,13/16355,0.002548643338681036,0.016884758582332945,0.01240737240217939,5,C3/ITGAM/CMKLR1/C3AR1/FPR3
C1,Up,GO_BP,GO:0010572,positive regulation of platelet activation,5/1323,13/16355,0.002548643338681036,0.016884758582332945,0.01240737240217939,5,TLR4/PTPRJ/SVEP1/PEAR1/FLNA
C1,Up,GO_BP,GO:0032823,regulation of natural killer cell differentiation,5/1323,13/16355,0.002548643338681036,0.016884758582332945,0.01240737240217939,5,AXL/IL15/GAS6/TOX/PRDM1
C1,Up,GO_BP,GO:0033690,positive regulation of osteoblast proliferation,5/1323,13/16355,0.002548643338681036,0.016884758582332945,0.01240737240217939,5,CTHRC1/BMP2/ABL1/CCN1/TMEM119
C1,Up,GO_BP,GO:0043568,positive regulation of insulin-like growth factor receptor signaling pathway,5/1323,13/16355,0.002548643338681036,0.016884758582332945,0.01240737240217939,5,IGFBP4/IGFBP5/IGFBP3/AR/IGF1
C1,Up,GO_BP,GO:0070493,thrombin-activated receptor signaling pathway,5/1323,13/16355,0.002548643338681036,0.016884758582332945,0.01240737240217939,5,F2RL2/SNCA/F2R/STMN1/IQGAP2
C1,Up,GO_BP,GO:1901731,positive regulation of platelet aggregation,5/1323,13/16355,0.002548643338681036,0.016884758582332945,0.01240737240217939,5,MMRN1/IL6/IL6ST/EMILIN2/PDPN
C1,Up,GO_BP,GO:1905288,vascular associated smooth muscle cell apoptotic process,5/1323,13/16355,0.002548643338681036,0.016884758582332945,0.01240737240217939,5,E2F3/PPARG/SOD2/IGF1/GRP
C1,Up,GO_BP,GO:1905459,regulation of vascular associated smooth muscle cell apoptotic process,5/1323,13/16355,0.002548643338681036,0.016884758582332945,0.01240737240217939,5,E2F3/PPARG/SOD2/IGF1/GRP
C1,Up,GO_BP,GO:0050767,regulation of neurogenesis,46/1323,372/16355,0.002548877400131262,0.016884758582332945,0.01240737240217939,46,CXCL12/VCAN/MAP1B/PLXND1/VEGFC/IL33/TMEM98/QKI/FZD4/GATA2/NAP1L1/PTPRZ1/PLXNC1/BMP2/SERPINF1/L1CAM/NRP1/TNFRSF1B/HEY2/ID4/FN1/LYN/SMARCD3/DBN1/SOX10/SEMA3A/PTN/SEMA3G/IL6/ID2/MDK/FGF2/CYSLTR1/IL6ST/PLXNA1/DAAM2/DCT/CXCR4/SERPINE2/HEY1/PROX1/NFATC4/HAPLN1/CRABP2/THY1/WNT5A
C1,Up,GO_BP,GO:0010743,regulation of macrophage derived foam cell differentiation,8/1323,31/16355,0.0026253352890760607,0.017331680511874604,0.012735782594571836,8,CSF1/AGTR1/PPARG/LPL/PLA2G2A/MSR1/ABCA1/PLA2G5
C1,Up,GO_BP,GO:0150117,positive regulation of cell-substrate junction organization,8/1323,31/16355,0.0026253352890760607,0.017331680511874604,0.012735782594571836,8,FERMT2/PTPRJ/TEK/ABL1/NRP1/PIK3R1/COL16A1/THY1
C1,Up,GO_BP,GO:0050777,negative regulation of immune response,28/1323,198/16355,0.0026259155120163472,0.017331680511874604,0.012735782594571836,28,SERPING1/SAMHD1/COL3A1/FYN/IRAK3/IL33/CD59/STAT2/LGALS1/SVEP1/A2M/MASP1/PPARG/SERPINB9/CD69/DTX4/LYN/IL7R/HFE/FGL2/HLX/SAMSN1/IL4R/PTPRC/IL27RA/FGR/VSIG4/HAVCR2
C1,Up,GO_BP,GO:0051051,negative regulation of transport,50/1323,413/16355,0.0026490432403387496,0.017463110293106904,0.012832360714568903,50,SESTD1/PRKD1/MAP1B/GABRE/SDCBP/GRB10/CD200/CAMK2D/CD47/KCNE4/GPM6B/SNCA/ANGPT1/F2R/PLN/PLSCR1/GEM/LRRK2/SLC43A1/IRS1/BCL2/ASIC1/PKIA/TNFRSF1B/SIRPA/EPHA3/ADRA2A/CD84/ADA/CNR1/PRKG1/APOD/IL13RA2/STK39/ATP1A2/CORO1A/PIP4P2/CLIC2/INHBA/ACSL4/INHBB/ENPP1/SERPINE2/STXBP6/GRP/KCNE3/RRAD/SYTL4/MAOB/THBS1
C1,Up,GO_BP,GO:0002443,leukocyte mediated immunity,49/1323,403/16355,0.0026631091281411967,0.01753455610189452,0.01288486100658554,49,SERPING1/RFTN1/IL1R1/C1S/C1R/C3/TLR4/RAB27A/C1RL/SVEP1/ICAM1/RAC2/GATA2/C7/ANXA3/SERPINB9/PVR/PIK3R1/TNFRSF1B/CSF2RB/MICB/SANBR/LYN/IL7R/HFE/CD84/ITGAM/ITGB2/IL4R/FCER1G/IL13RA2/IL6/CORO1A/C1QB/PTPRC/IL27RA/FGR/CALHM6/C1QC/C1QA/TLR8/TYROBP/HAVCR2/CXCL6/GRP/FCGR2A/HLA-DRB3/CCL3/GATA3
C1,Up,GO_BP,GO:1903532,positive regulation of secretion by cell,38/1323,294/16355,0.0027130120466077805,0.017841502950573202,0.013110413764160446,38,CXCL12/MICU3/PRKD1/DAB2/SDCBP/VEGFC/TLR4/RAB27A/F2RL2/SNCA/GATA2/ANG/BMP2/PPARG/MYRIP/TGFB3/HFE/ITGAM/ITGB2/IL4R/TACR1/FGFR1/FGR/AVPR1A/INHBA/SYBU/ACSL4/INHBB/MYH10/FOXL2/RGCC/RBP4/IGF1/GRP/PRKCA/SYTL4/NLGN1/ANO1
C1,Up,GO_BP,GO:0051148,negative regulation of muscle cell differentiation,12/1323,60/16355,0.0027343760418888897,0.017938563598478802,0.013181736525353,12,FZD7/BMP2/DKK1/HEY2/ID2/NFATC1/MSX1/HEY1/MYOCD/IGF2/CEACAM5/TMEM119
C1,Up,GO_BP,GO:0055008,cardiac muscle tissue morphogenesis,12/1323,60/16355,0.0027343760418888897,0.017938563598478802,0.013181736525353,12,EDNRA/ZFPM2/ENG/BMP2/HEY2/TPM1/TGFBR3/TGFBR1/S1PR1/PROX1/COL11A1/HEG1
C1,Up,GO_BP,GO:0002335,mature B cell differentiation,9/1323,38/16355,0.0027415803767716182,0.017964131009195933,0.013200524142870897,9,DOCK10/PLCL2/DOCK11/LGALS1/ITM2A/NOTCH2/ADA/IL6/GPR183
C1,Up,GO_BP,GO:0030041,actin filament polymerization,24/1323,162/16355,0.002784809416171598,0.018225403311619422,0.013392514021715535,24,EPS8/ADD3/KANK2/SPTBN1/ANG/SVIL/KIRREL1/COTL1/TMSB15B/ABL1/PREX1/LMOD1/CDC42EP5/HCLS1/PAK3/ARHGAP6/AIF1/CDC42EP3/FAM107A/CORO1A/GAS7/CCL21/DAAM2/PLEKHG2
C1,Up,GO_BP,GO:2001057,reactive nitrogen species metabolic process,15/1323,84/16355,0.0028018791172199453,0.0183150509804317,0.013458389527516667,15,CYB5R3/TLR4/MTARC2/CD47/PTGIS/PKD2/CYP1B1/PTX3/SIRPA/GCH1/KLF2/CYGB/SOD2/RGN/DDAH1
C1,Up,GO_BP,GO:0007548,sex differentiation,37/1323,285/16355,0.002838054027793487,0.018517399352350417,0.01360708052556251,37,MMP2/ADAMTS1/PDGFRA/ZFPM2/WNT2B/SLIT3/AXL/LHFPL2/NPR2/AKR1C3/FZD4/ANG/A2M/GFRA1/AR/BCL2/CYP1B1/PTX3/TBX3/FOXF2/TNFAIP6/FST/FOXO3/ARID5B/CITED2/IRX5/INHBA/INHBB/FOXL2/FLNA/SOX9/RHOBTB3/RBP4/TGFBR1/SFRP2/WNT5A/GATA3
C1,Up,GO_BP,GO:0043406,positive regulation of MAP kinase activity,14/1323,76/16355,0.0028396527357341488,0.018517399352350417,0.01360708052556251,14,TLR4/PDGFRB/FLT1/NTRK3/PDE5A/LRRK2/ADRA2A/FGFR1/FGF2/CCL19/FGF18/NOX4/THBS1/WNT5A
C1,Up,GO_BP,GO:0006706,steroid catabolic process,7/1323,25/16355,0.002925093543321794,0.018960749555279217,0.01393286611766894,7,HSD17B11/SCARB1/HSD11B1/SULT1E1/SCARF1/STS/HSD17B14
C1,Up,GO_BP,GO:0060065,uterus development,7/1323,25/16355,0.002925093543321794,0.018960749555279217,0.01393286611766894,7,COL6A1/CITED2/FOXL2/RBP4/MYOCD/WNT5A/GATA3
C1,Up,GO_BP,GO:0090023,positive regulation of neutrophil chemotaxis,7/1323,25/16355,0.002925093543321794,0.018960749555279217,0.01393286611766894,7,RAC2/THBS4/C3AR1/MDK/CCL21/CCL19/CXCL8
C1,Up,GO_BP,GO:1900746,regulation of vascular endothelial growth factor signaling pathway,7/1323,25/16355,0.002925093543321794,0.018960749555279217,0.01393286611766894,7,CCBE1/TNXB/ADGRA2/JCAD/SMOC2/SEMA6A/DCN
C1,Up,GO_BP,GO:1904996,positive regulation of leukocyte adhesion to vascular endothelial cell,7/1323,25/16355,0.002925093543321794,0.018960749555279217,0.01393286611766894,7,ETS1/ITGA4/SELE/ITGB2/IL6/MDK/ALOX5
C1,Up,GO_BP,GO:0006826,iron ion transport,11/1323,53/16355,0.002990523465638576,0.019345371529774745,0.014215496636095231,11,STEAP2/SLC40A1/SCARA5/HFE/SLC41A2/SLC39A8/MELTF/STEAP4/HEPH/LCN2/CP
C1,Up,GO_BP,GO:0051152,positive regulation of smooth muscle cell differentiation,6/1323,19/16355,0.002995113670202607,0.019345371529774745,0.014215496636095231,6,ENG/NOTCH2/SMARCD3/EFEMP2/SOD2/MYOCD
C1,Up,GO_BP,GO:2000811,negative regulation of anoikis,6/1323,19/16355,0.002995113670202607,0.019345371529774745,0.014215496636095231,6,PIK3R3/BCL2/PDK4/ITGA5/CEACAM6/CEACAM5
C1,Up,GO_BP,GO:0002286,T cell activation involved in immune response,21/1323,136/16355,0.0030110632167418766,0.019425291441023604,0.014274223925347164,21,RAB27A/LGALS1/TMEM98/ICAM1/CD69/FGL2/HLX/IL4R/FCER1G/PTGER4/IL6/MDK/CCL19/IL6ST/PLXNA1/LCP1/CD86/GPR183/TYROBP/HAVCR2/GATA3
C1,Up,GO_BP,GO:0032635,interleukin-6 production,23/1323,154/16355,0.0030378642403484594,0.019551751840726102,0.014367150410827336,23,IRAK3/TLR4/CD200/IL33/CD47/TWIST1/F2R/SIRPA/ARHGEF2/LPL/GAS6/IL16/KLF2/AIF1/PTPN22/IL6/IL27RA/TLR8/TYROBP/HAVCR2/TSLP/IL17D/WNT5A
C1,Up,GO_BP,GO:0032675,regulation of interleukin-6 production,23/1323,154/16355,0.0030378642403484594,0.019551751840726102,0.014367150410827336,23,IRAK3/TLR4/CD200/IL33/CD47/TWIST1/F2R/SIRPA/ARHGEF2/LPL/GAS6/IL16/KLF2/AIF1/PTPN22/IL6/IL27RA/TLR8/TYROBP/HAVCR2/TSLP/IL17D/WNT5A
C1,Up,GO_BP,GO:0006869,lipid transport,51/1323,426/16355,0.0030449779707747687,0.019574343594376976,0.01438375143591146,51,PLTP/DAB2/PLSCR4/ATP8B2/SLC43A3/ABCB4/SLC27A6/PLIN2/GRAMD1A/GULP1/ABCA8/FZD4/ABCA6/SCARB1/ATP10A/NPC2/APOLD1/AGTR1/PLSCR1/ABCB1/ABCA9/ABCG2/PPARG/ANO6/PLPPR4/ATP11A/ABCC4/APOL2/SELENOM/KCNJ8/APOL3/ACSL5/LYN/SLCO2B1/RBP7/SOAT1/VLDLR/PLA2G2A/APOD/MSR1/ATP8A1/ABCC1/SLCO2A1/ABCA1/INHBA/ACSL4/PITPNC1/RBP4/CRABP2/CRABP1/THBS1
C1,Up,GO_BP,GO:0090132,epithelium migration,16/1323,93/16355,0.0030494818759797915,0.019580124763974263,0.01438799959402186,16,TGFBR2/ZEB2/GLIPR2/PTPRG/KANK2/ENPP2/ARSB/TACR1/CORO1A/DAAM2/SOX9/WDPCP/PROX1/HAS2/LRG1/WNT5A
C1,Up,GO_BP,GO:0001558,regulation of cell growth,48/1323,396/16355,0.0031104856626384355,0.019948238629813438,0.014658499512489837,48,CXCL12/COL14A1/MAP1B/DAB2/SDCBP/SLIT3/TNC/PTPRJ/CAMK2D/IGFBP4/CHPT1/SOCS2/IGFBP5/IGFBP3/FHL1/AGTR1/ABL1/ACVRL1/L1CAM/NRP1/BCL2/MEG3/NRCAM/FN1/RNF157/SEMA3A/SEMA3G/S100A9/FAM107A/SOX17/S100A8/AVPR1A/INHBA/MSX1/ACSL4/TEAD1/ENPP1/CXCR4/SERPINE2/OLFM1/FRZB/IGF1/TGFBR1/MYOCD/CRABP2/SFRP2/WNT5A/RERG
C1,Up,GO_BP,GO:0010038,response to metal ion,42/1323,336/16355,0.0031395937716962945,0.020111171424356453,0.014778226889613146,42,MICU3/MEF2C/CAMK2D/VCAM1/CLIC4/SNCA/PAM/AKR1C3/ADCY7/PKD2/PLSCR1/SERPINF1/TXNIP/LRRK2/BCL2/BNIP3/CPNE8/SOD3/HFE/SLC39A8/SLC1A1/LOXL2/STK39/SOD2/ATP1A2/TRPC1/S100A8/TUBA1A/INHBB/PENK/AQP1/CYBB/NFATC4/CD14/ALOX5AP/MT1M/TNFRSF11B/MAOB/NLGN1/THBS1/ABCC9/WNT5A
C1,Up,GO_BP,GO:0048864,stem cell development,15/1323,85/16355,0.0031537091004721148,0.020177794857202034,0.01482718357075229,15,EDNRA/BMP4/TWIST1/NRP1/BCL2/FN1/PITX2/SEMA6A/SOX10/SEMA3A/SEMA3G/FGF2/PTPRC/CITED2/SOX9
C1,Up,GO_BP,GO:0007565,female pregnancy,26/1323,182/16355,0.0031791430678400324,0.020316594287655358,0.01492917710619121,26,MMP2/FBLN1/RECK/IGFBP5/MAGED2/ADCY7/HSPG2/AR/BCL2/COL16A1/APOL2/TIMP1/TGFB3/ADRA2A/CNR1/PTN/CBS/ANGPT2/CITED2/CLIC5/ACSL4/STS/HAVCR2/PAPPA/ITGA5/PRDM1
C1,Up,GO_BP,GO:0010837,regulation of keratinocyte proliferation,10/1323,46/16355,0.003199547886024413,0.02039899544235283,0.014989727679521343,10,PRKD1/ZEB1/PTPRK/NOTCH2/CASK/MDK/BCL11B/EFNB2/HAS2/LRG1
C1,Up,GO_BP,GO:0048713,regulation of oligodendrocyte differentiation,10/1323,46/16355,0.003199547886024413,0.02039899544235283,0.014989727679521343,10,IL33/TMEM98/QKI/PTPRZ1/TNFRSF1B/ID4/PTN/MDK/DAAM2/CXCR4
C1,Up,GO_BP,GO:0042742,defense response to bacterium,38/1323,297/16355,0.0032349125696206106,0.020591059654277332,0.015130861601623838,38,SHC1/GBP2/PRKD1/ADAMTS5/TLR4/GBP4/GBP1/RNASE4/ANG/NOTCH2/ANXA3/MMRN2/STAB1/IL7R/RARRES2/S100A9/PLA2G2A/FCER1G/RNASE1/IL6/IL27RA/S100A8/SLPI/FGR/MPEG1/H2BC12/AQP1/EMILIN2/LCN2/HAVCR2/CXCL6/TSLP/RNASE6/SERPINE1/H2BC10/H2BC8/WFDC2/H2BC4
C1,Up,GO_BP,GO:0002313,mature B cell differentiation involved in immune response,8/1323,32/16355,0.003256207703060425,0.020591059654277332,0.015130861601623838,8,DOCK10/DOCK11/LGALS1/ITM2A/NOTCH2/ADA/IL6/GPR183
C1,Up,GO_BP,GO:0030947,regulation of vascular endothelial growth factor receptor signaling pathway,8/1323,32/16355,0.003256207703060425,0.020591059654277332,0.015130861601623838,8,VEGFC/GRB10/FZD4/HHEX/NRP1/MMRN2/FGF18/ITGA5
C1,Up,GO_BP,GO:0048333,mesodermal cell differentiation,8/1323,32/16355,0.003256207703060425,0.020591059654277332,0.015130861601623838,8,BMP4/ITGA8/EYA2/DKK1/FGFR1/INHBA/TAL1/SFRP2
C1,Up,GO_BP,GO:0060351,cartilage development involved in endochondral bone morphogenesis,8/1323,32/16355,0.003256207703060425,0.020591059654277332,0.015130861601623838,8,TGFBR2/COL1A1/NPR2/AXIN2/CBS/SOX9/SERPINH1/COMP
C1,Up,GO_BP,GO:0060795,cell fate commitment involved in formation of primary germ layer,8/1323,32/16355,0.003256207703060425,0.020591059654277332,0.015130861601623838,8,BMP4/FZD7/EYA2/DKK1/FGFR1/SOX17/SOX2/SFRP2
C1,Up,GO_BP,GO:0071404,cellular response to low-density lipoprotein particle stimulus,8/1323,32/16355,0.003256207703060425,0.020591059654277332,0.015130861601623838,8,TLR4/PPARG/TXNIP/LPL/ITGB2/FCER1G/ABCA1/CD68
C1,Up,GO_BP,GO:1990138,neuron projection extension,24/1323,164/16355,0.0032755724107192863,0.020689429459333913,0.015203146366520849,24,POSTN/CXCL12/EDNRA/MAP1B/SLIT3/FLRT3/ITGA4/ABL1/L1CAM/NRP1/S100B/NRCAM/FN1/RNF157/PRICKLE1/SEMA3A/SEMA3G/PLXNA1/TNN/CXCR4/OLFM1/ALCAM/DCLK1/WNT5A
C1,Up,GO_BP,GO:0031960,response to corticosteroid,23/1323,155/16355,0.0033013464699488478,0.020803844576290188,0.01528722165593605,23,SLIT3/DDIT4/AKR1C3/A2M/AXIN2/SERPINF1/ANXA3/CDO1/BCL2/CYP1B1/FOXO3/TRIM63/STK39/FAM107A/IL6/PTPRC/AVPR1A/INHBA/AQP1/CYBB/PAPPA/BCHE/MAOB
C1,Up,GO_BP,GO:0046718,symbiont entry into host cell,23/1323,155/16355,0.0033013464699488478,0.020803844576290188,0.01528722165593605,23,IFITM2/IFITM1/IFITM3/LGALS1/AXL/ICAM1/ANPEP/SCARB1/AGTR1/PLSCR1/NRP1/PVR/PTX3/MRC1/GAS6/CD86/DPP4/CXCR4/NECTIN3/EFNB2/ITGA5/CH25H/LRRC15
C1,Up,GO_BP,GO:0032814,regulation of natural killer cell activation,9/1323,39/16355,0.0033127740018119058,0.020851666718241336,0.01532236264544825,9,AXL/IL15/GAS6/PTPN22/FGR/TYROBP/HAVCR2/TOX/PRDM1
C1,Up,GO_BP,GO:0001776,leukocyte homeostasis,18/1323,111/16355,0.0033909826481752447,0.021319233501027695,0.015665943228411947,18,DOCK10/DOCK11/SLC40A1/MEF2C/AXL/CSF1/JAM3/F2R/ABL1/BCL2/LYN/IL7R/ADA/IL6/CORO1A/GPR183/CXCL6/PDE4B
C1,Up,GO_BP,GO:0006874,intracellular calcium ion homeostasis,38/1323,298/16355,0.003427001352400063,0.021520776122817505,0.01581404213970312,38,CXCL12/EDNRA/MICU3/PRKD1/SLC8A1/CAMK2D/SNCA/F2R/PKD2/PLN/CCL14/ANK2/ABL1/BCL2/BNIP3/CCL23/LYN/CNR1/TMEM38B/SV2A/ATP1A2/CORO1A/TRPC1/CCL21/FGF2/PTPRC/CCL19/RGN/CLIC2/CCL5/CEMIP/FLNA/ANXA6/CDH5/CCR1/THY1/WNT5A/CCL3
C1,Up,GO_BP,GO:0050803,regulation of synapse structure or activity,39/1323,308/16355,0.003455140227652594,0.021672426924490635,0.015925479206586407,39,DOCK10/FYN/MAP1B/DOCK4/LIN7A/NEGR1/MEF2C/THBS2/SNCA/FLRT3/PLXNC1/ABL1/LRRK2/ASIC1/PLPPR4/SEPTIN11/DKK1/NRCAM/ASAP1/CLSTN2/PAK3/DBN1/PRICKLE1/ELMO1/VLDLR/FGFR1/GRID1/SRPX2/IL10RA/FZD1/SYBU/TUBA1A/NECTIN3/LRRN3/NFATC4/SPARCL1/DCLK1/NLGN1/WNT5A
C1,Up,GO_BP,GO:0002762,negative regulation of myeloid leukocyte differentiation,11/1323,54/16355,0.0034866458295854897,0.021844821391359147,0.01605215927370628,11,TLR4/FBN1/QKI/GATA2/PIK3R1/LYN/TNFAIP6/C1QC/INHBA/TNFRSF11B/CCL3
C1,Up,GO_BP,GO:0010657,muscle cell apoptotic process,15/1323,86/16355,0.003541051931224815,0.022160131440568196,0.01628385753481021,15,CAMK2D/E2F3/COL6A1/PPARG/BNIP3/HEY2/PDE1A/GCH1/SOD2/MDK/DIPK2A/IGF1/GRP/MYOCD/SFRP2
C1,Up,GO_BP,GO:0030183,B cell differentiation,21/1323,138/16355,0.0035948039103471476,0.02247062697469011,0.016512017961403166,21,DOCK10/PLCL2/DOCK11/PTPRJ/LGALS1/VCAM1/PIK3R3/HHEX/IL7/ITM2A/NOTCH2/ITGA4/ABL1/BCL2/PIK3R1/ADA/IL6/ID2/PTPRC/INHBA/GPR183
C1,Up,GO_BP,GO:0010324,membrane invagination,12/1323,62/16355,0.003634694356139745,0.022655488085720404,0.016647858852230794,12,C3/GULP1/RAB31/GATA2/ANO6/ITGAM/ITGB2/ELMO1/AIF1/MSR1/ABCA1/THBS1
C1,Up,GO_BP,GO:0043299,leukocyte degranulation,14/1323,78/16355,0.003636889839975735,0.022655488085720404,0.016647858852230794,14,RAB27A/RAC2/GATA2/ANXA3/LYN/CD84/ITGAM/ITGB2/IL4R/IL13RA2/CORO1A/FGR/GRP/CCL3
C1,Up,GO_BP,GO:0072078,nephron tubule morphogenesis,14/1323,78/16355,0.003636889839975735,0.022655488085720404,0.016647858852230794,14,WNT2B/BMP4/DCHS1/GPC3/FOXD1/PKD2/BMP2/BCL2/IRX3/NPNT/FGF2/IRX1/SOX9/GATA3
C1,Up,GO_BP,GO:0002291,T cell activation via T cell receptor contact with antigen bound to MHC molecule on antigen presenting cell,5/1323,14/16355,0.0037027313437386603,0.022908014418210023,0.016833421958346723,5,ICAM1/FGL2/PLXNA1/TYROBP/HAVCR2
C1,Up,GO_BP,GO:0010454,negative regulation of cell fate commitment,5/1323,14/16355,0.0037027313437386603,0.022908014418210023,0.016833421958346723,5,LGALS1/FZD7/CD69/DKK1/SFRP2
C1,Up,GO_BP,GO:0035358,regulation of peroxisome proliferator activated receptor signaling pathway,5/1323,14/16355,0.0037027313437386603,0.022908014418210023,0.016833421958346723,5,TWIST1/LMO3/PTGIS/BMP2/CITED2
C1,Up,GO_BP,GO:0051764,actin crosslink formation,5/1323,14/16355,0.0037027313437386603,0.022908014418210023,0.016833421958346723,5,EPS8/DPYSL3/AIF1/LCP1/FLNA
C1,Up,GO_BP,GO:0055012,ventricular cardiac muscle cell differentiation,5/1323,14/16355,0.0037027313437386603,0.022908014418210023,0.016833421958346723,5,MEF2C/FHL2/HEY2/PROX1/MYOCD
C1,Up,GO_BP,GO:1901653,cellular response to peptide,5/1323,14/16355,0.0037027313437386603,0.022908014418210023,0.016833421958346723,5,NPR2/TIMP1/KLF15/KLF2/ANO1
C1,Up,GO_BP,GO:0003094,glomerular filtration,7/1323,26/16355,0.0037273792848409445,0.02292992556654135,0.01684952285643066,7,EDNRA/F2R/KIRREL1/ADGRF5/MCAM/GAS6/AQP1
C1,Up,GO_BP,GO:0003148,outflow tract septum morphogenesis,7/1323,26/16355,0.0037273792848409445,0.02292992556654135,0.01684952285643066,7,TGFBR2/ZFPM2/ENG/BMP4/NRP1/SMAD6/PARVA
C1,Up,GO_BP,GO:0048596,embryonic camera-type eye morphogenesis,7/1323,26/16355,0.0037273792848409445,0.02292992556654135,0.01684952285643066,7,ZEB1/TWIST1/FOXF2/CITED2/PROX1/ALDH1A3/WNT5A
C1,Up,GO_BP,GO:0051894,positive regulation of focal adhesion assembly,7/1323,26/16355,0.0037273792848409445,0.02292992556654135,0.01684952285643066,7,FERMT2/PTPRJ/TEK/ABL1/NRP1/COL16A1/THY1
C1,Up,GO_BP,GO:0060740,prostate gland epithelium morphogenesis,7/1323,26/16355,0.0037273792848409445,0.02292992556654135,0.01684952285643066,7,MMP2/TNC/BMP4/AR/ID4/SOX9/WNT5A
C1,Up,GO_BP,GO:0055010,ventricular cardiac muscle tissue morphogenesis,10/1323,47/16355,0.0037754923098966804,0.023199631478912634,0.017047709977528237,10,EDNRA/ZFPM2/ENG/HEY2/TPM1/TGFBR3/TGFBR1/PROX1/COL11A1/HEG1
C1,Up,GO_BP,GO:0042542,response to hydrogen peroxide,16/1323,95/16355,0.003795433624806363,0.02326952082386926,0.017099066538274598,16,MMP2/FYN/COL1A1/PDGFD/AXL/ABL1/TXNIP/BCL2/CYP1B1/BNIP3/SIRPA/KLF2/SOD2/IL6/AQP1/ABCC9
C1,Up,GO_BP,GO:1903035,negative regulation of response to wounding,16/1323,95/16355,0.003795433624806363,0.02326952082386926,0.017099066538274598,16,SERPING1/PDGFRA/TFPI/IL33/CASK/PROS1/MMRN1/PRKG1/MDK/FGF2/SERPINE2/ALOX5/TSPAN8/SERPINE1/FAP/THBS1
C1,Up,GO_BP,GO:0071774,response to fibroblast growth factor,19/1323,121/16355,0.0038394767720893765,0.02351300769559131,0.0172779872067441,19,POSTN/COL1A1/TNC/NPR2/FLRT3/RUNX2/SMOC2/CCN2/SHISA2/FGFR1/FGF2/CCL5/CCL2/CXCL8/FGF18/THBS1/FGF5/WNT5A/GATA3
C1,Up,GO_BP,GO:0090257,regulation of muscle system process,31/1323,232/16355,0.0038823375024730398,0.02374871319080355,0.01745118991154311,31,PRKD1/DOCK4/SLC8A1/CAMK2D/IGFBP5/MYL9/GUCY1A1/F2R/PDE5A/PLN/ANK2/PPARG/TNFRSF1B/FOXO3/ADRA2A/TRIM63/ADA/TMEM38B/TACR1/PRKG1/ATP1A2/TPM1/NPNT/IL6ST/CLIC2/IGF1/ANXA6/KCNJ2/PRKCA/PDE4B/MYOCD
C1,Up,GO_BP,GO:0032689,negative regulation of type II interferon production,9/1323,40/16355,0.003973500507658784,0.02413419434507635,0.017734451778259344,9,TLR4/IL33/AXL/GAS6/INHBA/HAVCR2/LAPTM5/PDCD1LG2/GATA3
C1,Up,GO_BP,GO:1903115,regulation of actin filament-based movement,9/1323,40/16355,0.003973500507658784,0.02413419434507635,0.017734451778259344,9,ZEB2/CAMK2D/ACTA2/PLN/ANK2/ATP1A2/PDPN/KCNJ2/PDE4B
C1,Up,GO_BP,GO:0002577,regulation of antigen processing and presentation,6/1323,20/16355,0.003989544223506209,0.02413419434507635,0.017734451778259344,6,HFE/FGL2/CCL21/CCL19/CD68/THBS1
C1,Up,GO_BP,GO:0030502,negative regulation of bone mineralization,6/1323,20/16355,0.003989544223506209,0.02413419434507635,0.017734451778259344,6,SRGN/ENPP1/RFLNB/SOX9/CCR1/CCL3
C1,Up,GO_BP,GO:0048846,axon extension involved in axon guidance,6/1323,20/16355,0.003989544223506209,0.02413419434507635,0.017734451778259344,6,CXCL12/SLIT3/NRP1/SEMA3A/ALCAM/WNT5A
C1,Up,GO_BP,GO:0071498,cellular response to fluid shear stress,6/1323,20/16355,0.003989544223506209,0.02413419434507635,0.017734451778259344,6,MMP2/MEF2C/PKD2/TFPI2/KLF2/HAS2
C1,Up,GO_BP,GO:1902284,neuron projection extension involved in neuron projection guidance,6/1323,20/16355,0.003989544223506209,0.02413419434507635,0.017734451778259344,6,CXCL12/SLIT3/NRP1/SEMA3A/ALCAM/WNT5A
C1,Up,GO_BP,GO:1905564,positive regulation of vascular endothelial cell proliferation,6/1323,20/16355,0.003989544223506209,0.02413419434507635,0.017734451778259344,6,AKT3/ITGA4/FGFR1/MDK/FGF2/IGF2
C1,Up,GO_BP,GO:0055094,response to lipoprotein particle,8/1323,33/16355,0.003998669902534741,0.02413419434507635,0.017734451778259344,8,TLR4/PPARG/TXNIP/LPL/ITGB2/FCER1G/ABCA1/CD68
C1,Up,GO_BP,GO:0060421,positive regulation of heart growth,8/1323,33/16355,0.003998669902534741,0.02413419434507635,0.017734451778259344,8,ZFPM2/MEF2C/HEY2/FGFR1/FGF2/TGFBR3/IGF1/PROX1
C1,Up,GO_BP,GO:0060914,heart formation,8/1323,33/16355,0.003998669902534741,0.02413419434507635,0.017734451778259344,8,MEF2C/BMP4/BMP2/AXIN2/DKK1/SMARCD3/SOX17/WNT5A
C1,Up,GO_BP,GO:1901889,negative regulation of cell junction assembly,8/1323,33/16355,0.003998669902534741,0.02413419434507635,0.017734451778259344,8,DLC1/ACVRL1/DKK1/ARHGAP6/APOD/FAM107A/THBS1/WNT5A
C1,Up,GO_BP,GO:0034204,lipid translocation,11/1323,55/16355,0.004046517251462585,0.02436882672942878,0.01790686593248468,11,PLSCR4/ATP8B2/ABCB4/ATP10A/PLSCR1/ABCB1/ANO6/ATP11A/ATP8A1/ABCC1/ABCA1
C1,Up,GO_BP,GO:1903409,reactive oxygen species biosynthetic process,11/1323,55/16355,0.004046517251462585,0.02436882672942878,0.01790686593248468,11,FYN/TLR4/RAB27A/SNCA/FOXO3/SOD2/CYBB/ALOX5/NOX4/MAOB/ABCC9
C1,Up,GO_BP,GO:0060759,regulation of response to cytokine stimulus,25/1323,176/16355,0.004068085155599128,0.024471582021278478,0.017982373270422444,25,SAMHD1/IL1R1/IRAK3/TLR4/SLIT3/STAT2/AXL/CSF1/STING1/ANGPT1/IL7/PPARG/CCDC3/GAS6/PXDN/IL6/PTPRC/IL6ST/CCL5/CXCR4/LRRC70/TSLP/LAPTM5/TNFRSF11B/WNT5A
C1,Up,GO_BP,GO:0023061,signal release,56/1323,484/16355,0.00412245583111331,0.02475172139500717,0.01818822717809999,56,CXCL12/MICU3/PRKD1/DAB2/SLC9B2/LIN7A/F2RL2/MEF2C/SNCA/SIDT2/FZD4/F2R/CPE/FOXD1/AGTR1/PPARG/CASK/LRRK2/MYRIP/IRS1/ASIC1/ABCC4/TBX3/SELENOM/TFAP2B/KCNJ8/LYN/HFE/ADRA2A/CNR1/TACR1/FGFR1/IL6/SV2A/SLC16A1/STX2/SLC16A2/ABCA1/INHBA/SYBU/ACSL4/INHBB/CCL5/FOXL2/AQP1/SNCAIP/RBP4/ALOX5/GRP/PRKCA/ADORA3/SYTL4/MAOB/NLGN1/ANO1/GATA3
C1,Up,GO_BP,GO:0002444,myeloid leukocyte mediated immunity,18/1323,113/16355,0.0041237680159207455,0.02475172139500717,0.01818822717809999,18,C3/RAC2/GATA2/ANXA3/SERPINB9/LYN/CD84/ITGAM/ITGB2/IL4R/IL13RA2/IL6/FGR/TYROBP/CXCL6/GRP/FCGR2A/CCL3
C1,Up,GO_BP,GO:0043524,negative regulation of neuron apoptotic process,24/1323,167/16355,0.004147025488124932,0.024863843765446616,0.01827061769602619,24,PLXND1/MEF2C/AXL/SNCA/ANGPT1/F2R/NES/PTPRZ1/NRP1/BCL2/TFAP2B/TGFB3/SLC1A1/PPARGC1A/TOX3/SOD2/CORO1A/MDK/FGF2/IL27RA/FZD1/IL6ST/CCL2/NFATC4
C1,Up,GO_BP,GO:0090101,negative regulation of transmembrane receptor protein serine/threonine kinase signaling pathway,23/1323,158/16355,0.004209640217518009,0.025211428513294186,0.01852603226928369,23,ENG/FBN1/ASPN/GREM2/BMP2/ABL1/PPARG/SLC2A10/CHRDL1/SMAD6/DKK1/PMEPA1/TGFB3/TNFAIP6/FST/GDF15/MAGI2/FZD1/TGFBR3/LDLRAD4/BMPER/SFRP2/WNT5A
C1,Up,GO_BP,GO:0032602,chemokine production,16/1323,96/16355,0.004221068761440473,0.025224252488607976,0.018535455669483263,16,POSTN/TLR4/IL33/TWIST1/IL7/ACKR1/SIRPA/LPL/IL4R/AIF1/APOD/IL6/HAVCR2/CXCL6/TSLP/WNT5A
C1,Up,GO_BP,GO:0032642,regulation of chemokine production,16/1323,96/16355,0.004221068761440473,0.025224252488607976,0.018535455669483263,16,POSTN/TLR4/IL33/TWIST1/IL7/ACKR1/SIRPA/LPL/IL4R/AIF1/APOD/IL6/HAVCR2/CXCL6/TSLP/WNT5A
C1,Up,GO_BP,GO:0008064,regulation of actin polymerization or depolymerization,22/1323,149/16355,0.004252129673142211,0.02538194327967966,0.018651331082192323,22,CXCL12/EPS8/ADD3/KANK2/SPTBN1/SVIL/KIRREL1/COTL1/CFL2/TMSB15B/PREX1/LMOD1/CDC42EP5/HCLS1/PAK3/CDC42EP3/LIMA1/PLEKHH2/CORO1A/CCL21/DAAM2/PLEKHG2
C1,Up,GO_BP,GO:0010565,regulation of cellular ketone metabolic process,21/1323,140/16355,0.004270115629483684,0.02543340800367913,0.018689148738460445,21,DAB2/SNCA/H6PD/AKR1C3/TWIST1/ELOVL5/BMP2/PPARG/IRS1/FMO1/PPARGC1A/CNR1/FMO2/PRKG1/GDF15/SLC7A7/AVPR1A/RGN/PDK4/SOX9/PROX1
C1,Up,GO_BP,GO:1903038,negative regulation of leukocyte cell-cell adhesion,21/1323,140/16355,0.004270115629483684,0.02543340800367913,0.018689148738460445,21,CXCL12/LGALS1/BMP4/LRRC32/PDE5A/CD69/HFE/FGL2/HLX/IL4R/PTPN22/RUNX3/MDK/CCL21/VSIG4/CD86/HAVCR2/LAPTM5/PLA2G5/PDCD1LG2/GPNMB
C1,Up,GO_BP,GO:0006941,striated muscle contraction,26/1323,186/16355,0.004276507716627841,0.025443581507910658,0.018696624501588485,26,GJC1/PRKD1/CACNA2D1/SLC8A1/CAMK2D/KCNE4/SGCD/PDE5A/PLN/SCN7A/ANK2/KCNJ8/SCN4B/SYNM/TMEM38B/ATP1A2/TPM1/CLIC2/RCSD1/FLNA/CXCR4/KCNJ2/DTNA/KCNE3/PDE4B/ABCC9
C1,Up,GO_BP,GO:0050807,regulation of synapse organization,38/1323,302/16355,0.004296062625166133,0.025531960809521262,0.018761567977231348,38,DOCK10/FYN/MAP1B/DOCK4/LIN7A/NEGR1/MEF2C/THBS2/SNCA/FLRT3/PLXNC1/ABL1/LRRK2/ASIC1/PLPPR4/SEPTIN11/DKK1/NRCAM/ASAP1/CLSTN2/PAK3/DBN1/PRICKLE1/ELMO1/VLDLR/FGFR1/GRID1/SRPX2/IL10RA/FZD1/TUBA1A/NECTIN3/LRRN3/NFATC4/SPARCL1/DCLK1/NLGN1/WNT5A
C1,Up,GO_BP,GO:0032535,regulation of cellular component size,43/1323,352/16355,0.0043073877271150056,0.02557128976359422,0.018790467945033192,43,CXCL12/PRR16/EPS8/PRKD1/MAP1B/ADD3/DEPTOR/AKT3/KANK2/SPTBN1/COL6A1/SVIL/KIRREL1/COTL1/CFL2/TMSB15B/ABL1/L1CAM/PREX1/ANO6/NRP1/MSN/NRCAM/LMOD1/FN1/IL7R/CDC42EP5/HCLS1/PAK3/SEMA3A/SEMA3G/CDC42EP3/STK39/LIMA1/PLEKHH2/CORO1A/CCL21/DAAM2/AQP1/OLFM1/PLEKHG2/CRABP2/WNT5A
C1,Up,GO_BP,GO:0009636,response to toxic substance,33/1323,253/16355,0.004317149822948346,0.025601264015562678,0.018812493827419133,33,MAP1B/FBLN5/MTARC2/COL6A1/ABCB1/ABCG2/ADH5/BCL2/CYP1B1/SOD3/LYN/ESD/SLC39A8/GPX3/GCH1/SLC47A1/S100A9/CYGB/PXDN/SOD2/GSTM3/CLIC2/INHBB/PENK/CCL5/MGST1/SLC6A14/ALOX5AP/MT1M/PRXL2A/CP/MAOB/CCL3
C1,Up,GO_BP,GO:0001823,mesonephros development,17/1323,105/16355,0.004408262051773763,0.026074137103325783,0.01915997362526381,17,WNT2B/BMP4/OSR2/DCHS1/GPC3/FOXD1/PKD2/BMP2/BCL2/SMAD6/FGFR1/NPNT/FGF2/SOX9/ZBTB16/BMPER/GATA3
C1,Up,GO_BP,GO:0048144,fibroblast proliferation,17/1323,105/16355,0.004408262051773763,0.026074137103325783,0.01915997362526381,17,PDGFC/COL3A1/PDGFRA/FBLN1/DDR2/PDGFD/GNG2/ABL1/FN1/KCNJ8/GAS6/SOD2/CD248/AQP1/IGF1/ABCC9/WNT5A
C1,Up,GO_BP,GO:0032924,activin receptor signaling pathway,10/1323,48/16355,0.004430491264059222,0.026074137103325783,0.01915997362526381,10,TGFBR2/ACVRL1/SMAD6/FST/MAGI2/CITED2/INHBA/INHBB/TGFBR1/WIF1
C1,Up,GO_BP,GO:0035272,exocrine system development,10/1323,48/16355,0.004430491264059222,0.026074137103325783,0.01915997362526381,10,PLXND1/NRP1/NTN4/TGFB3/SOX10/FGFR1/TFCP2L1/PLXNA1/SOX9/IGF2
C1,Up,GO_BP,GO:0048546,digestive tract morphogenesis,10/1323,48/16355,0.004430491264059222,0.026074137103325783,0.01915997362526381,10,PDGFRA/NPR2/BCL2/HLX/SOX10/ID2/SOX17/DACT1/SFRP2/WNT5A
C1,Up,GO_BP,GO:0071526,semaphorin-plexin signaling pathway,10/1323,48/16355,0.004430491264059222,0.026074137103325783,0.01915997362526381,10,EDNRA/PLXND1/PLXNC1/NRP1/SEMA6A/SEMA3A/SEMA3G/PLXNA1/FLNA/TYROBP
C1,Up,GO_BP,GO:0090102,cochlea development,10/1323,48/16355,0.004430491264059222,0.026074137103325783,0.01915997362526381,10,ZEB1/CTHRC1/DCHS1/GATA2/HEY2/SOX9/SOBP/FRZB/WNT5A/GABRB2
C1,Up,GO_BP,GO:0010660,regulation of muscle cell apoptotic process,14/1323,80/16355,0.004607600030017778,0.02705781985195305,0.019882810029960073,14,CAMK2D/E2F3/PPARG/BNIP3/HEY2/PDE1A/GCH1/SOD2/MDK/DIPK2A/IGF1/GRP/MYOCD/SFRP2
C1,Up,GO_BP,GO:0072088,nephron epithelium morphogenesis,14/1323,80/16355,0.004607600030017778,0.02705781985195305,0.019882810029960073,14,WNT2B/BMP4/DCHS1/GPC3/FOXD1/PKD2/BMP2/BCL2/IRX3/NPNT/FGF2/IRX1/SOX9/GATA3
C1,Up,GO_BP,GO:1990748,cellular detoxification,19/1323,123/16355,0.004613705999750643,0.027064417916463815,0.019887658464311057,19,FBLN5/MTARC2/ABCG2/ADH5/SOD3/ESD/SLC39A8/GPX3/GCH1/S100A9/CYGB/PXDN/SOD2/GSTM3/CLIC2/MGST1/ALOX5AP/PRXL2A/CP
C1,Up,GO_BP,GO:0031102,neuron projection regeneration,11/1323,56/16355,0.0046757257148711115,0.027225618254601854,0.020006112786111585,11,MMP2/MAP1B/TNC/PRRX1/BCL2/PTN/APOD/SCARF1/FLNA/GAP43/THY1
C1,Up,GO_BP,GO:0031529,ruffle organization,11/1323,56/16355,0.0046757257148711115,0.027225618254601854,0.020006112786111585,11,EPS8/ICAM1/AIF1L/AIF1/LIMA1/TPM1/CCL21/WDPCP/ARHGEF26/NLGN1/P2RY12
C1,Up,GO_BP,GO:0032413,negative regulation of ion transmembrane transporter activity,11/1323,56/16355,0.0046757257148711115,0.027225618254601854,0.020006112786111585,11,CAMK2D/KCNE4/PLN/GEM/ADRA2A/STK39/ATP1A2/CLIC2/GRP/KCNE3/RRAD
C1,Up,GO_BP,GO:0006929,substrate-dependent cell migration,7/1323,27/16355,0.004686294747432388,0.027225618254601854,0.020006112786111585,7,FBLN1/SDCBP/VEGFC/NRP1/FN1/PTPRC/P2RY12
C1,Up,GO_BP,GO:0010882,regulation of cardiac muscle contraction by calcium ion signaling,7/1323,27/16355,0.004686294747432388,0.027225618254601854,0.020006112786111585,7,SLC8A1/CAMK2D/PLN/ANK2/TMEM38B/ATP1A2/CLIC2
C1,Up,GO_BP,GO:0030194,positive regulation of blood coagulation,7/1323,27/16355,0.004686294747432388,0.027225618254601854,0.020006112786111585,7,F2R/ANO6/ENPP4/F3/EMILIN2/SERPINE1/THBS1
C1,Up,GO_BP,GO:0071624,positive regulation of granulocyte chemotaxis,7/1323,27/16355,0.004686294747432388,0.027225618254601854,0.020006112786111585,7,RAC2/THBS4/C3AR1/MDK/CCL21/CCL19/CXCL8
C1,Up,GO_BP,GO:1900048,positive regulation of hemostasis,7/1323,27/16355,0.004686294747432388,0.027225618254601854,0.020006112786111585,7,F2R/ANO6/ENPP4/F3/EMILIN2/SERPINE1/THBS1
C1,Up,GO_BP,GO:1902547,regulation of cellular response to vascular endothelial growth factor stimulus,7/1323,27/16355,0.004686294747432388,0.027225618254601854,0.020006112786111585,7,CCBE1/TNXB/ADGRA2/JCAD/SMOC2/SEMA6A/DCN
C1,Up,GO_BP,GO:0072210,metanephric nephron development,9/1323,41/16355,0.004732890510279745,0.027466945781879883,0.02018344671050471,9,PDGFRA/PDGFRB/BMP4/FOXD1/PKD2/TFAP2B/AQP1/IRX1/SOX9
C1,Up,GO_BP,GO:0050728,negative regulation of inflammatory response,24/1323,169/16355,0.004829619810084309,0.027998393605526112,0.020573968791596585,24,FYN/MFHAS1/CD200/IL33/PTGIS/TEK/PPARG/TNFRSF1B/SIRPA/LYN/SLC39A8/TNFAIP6/ADA/PTGER4/NT5E/MDK/PTPRC/FGR/IL10RA/SAA1/IGF1/ALOX5/CDH5/GATA3
C1,Up,GO_BP,GO:0140058,neuron projection arborization,8/1323,34/16355,0.004865103827270256,0.028174034104191926,0.020703034129737192,8,FZD4/LRRK2/NRP1/SEMA3A/PTN/TUBA1A/NLGN1/WNT5A
C1,Up,GO_BP,GO:0006898,receptor-mediated endocytosis,34/1323,265/16355,0.004935937704541675,0.028553795112960998,0.02098209268047983,34,C3/DAB2/SDCBP/SLC9B2/SNCA/RAB31/CALCRL/ANGPT1/HSPG2/ITGA4/LPAR1/GRK3/DKK1/SELE/STAB1/HFE/MRC1/ITGAM/ITGB2/VLDLR/FCER1G/MAGI2/MSR1/CCL21/CCL19/SCARF1/DPP4/LYVE1/RAMP3/CXCL8/EFNB2/CD14/ACKR3/SERPINE1
C1,Up,GO_BP,GO:0098754,detoxification,22/1323,151/16355,0.004998482151425328,0.028884845794194026,0.02122535757917676,22,FBLN5/MTARC2/ABCB1/ABCG2/ADH5/SOD3/ESD/SLC39A8/GPX3/GCH1/SLC47A1/S100A9/CYGB/PXDN/SOD2/GSTM3/CLIC2/MGST1/ALOX5AP/MT1M/PRXL2A/CP
C1,Up,GO_BP,GO:0097237,cellular response to toxic substance,20/1323,133/16355,0.0050657949330817145,0.02924271846599349,0.02148833199423442,20,FBLN5/MTARC2/ABCG2/ADH5/CYP1B1/SOD3/ESD/SLC39A8/GPX3/GCH1/S100A9/CYGB/PXDN/SOD2/GSTM3/CLIC2/MGST1/ALOX5AP/PRXL2A/CP
C1,Up,GO_BP,GO:0042596,fear response,10/1323,49/16355,0.005171734378622614,0.02947171833237978,0.021656607223545486,10,MEF2C/BCL2/ASIC1/SLC1A1/ADRA2A/ATP1A2/MDK/PENK/DPP4/GRP
C1,Up,GO_BP,GO:0001768,establishment of T cell polarity,5/1323,15/16355,0.0051881367497709045,0.02947171833237978,0.021656607223545486,5,ABL1/DOCK2/CYP26B1/CCL21/CCL19
C1,Up,GO_BP,GO:0003198,epithelial to mesenchymal transition involved in endocardial cushion formation,5/1323,15/16355,0.0051881367497709045,0.02947171833237978,0.021656607223545486,5,TGFBR2/ENG/HEY2/MSX1/TGFBR1
C1,Up,GO_BP,GO:0010763,positive regulation of fibroblast migration,5/1323,15/16355,0.0051881367497709045,0.02947171833237978,0.021656607223545486,5,DDR2/AKAP12/ACTA2/AQP1/THBS1
C1,Up,GO_BP,GO:0010766,negative regulation of sodium ion transport,5/1323,15/16355,0.0051881367497709045,0.02947171833237978,0.021656607223545486,5,CAMK2D/STK39/ATP1A2/SERPINE2/GRP
C1,Up,GO_BP,GO:0016322,neuron remodeling,5/1323,15/16355,0.0051881367497709045,0.02947171833237978,0.021656607223545486,5,EDNRA/C3/NTN4/C1QA/SCARF1
C1,Up,GO_BP,GO:0030728,ovulation,5/1323,15/16355,0.0051881367497709045,0.02947171833237978,0.021656607223545486,5,MMP2/ADAMTS1/FOXO3/INHBA/INHBB
C1,Up,GO_BP,GO:0035791,platelet-derived growth factor receptor-beta signaling pathway,5/1323,15/16355,0.0051881367497709045,0.02947171833237978,0.021656607223545486,5,PDGFRB/PDGFRL/ABL1/LOX/MYOCD
C1,Up,GO_BP,GO:0061307,cardiac neural crest cell differentiation involved in heart development,5/1323,15/16355,0.0051881367497709045,0.02947171833237978,0.021656607223545486,5,EDNRA/BMP4/TWIST1/PITX2/CITED2
C1,Up,GO_BP,GO:0061308,cardiac neural crest cell development involved in heart development,5/1323,15/16355,0.0051881367497709045,0.02947171833237978,0.021656607223545486,5,EDNRA/BMP4/TWIST1/PITX2/CITED2
C1,Up,GO_BP,GO:0070207,protein homotrimerization,5/1323,15/16355,0.0051881367497709045,0.02947171833237978,0.021656607223545486,5,SCARA5/ASIC1/PXDN/STEAP4/ALOX5AP
C1,Up,GO_BP,GO:0072176,nephric duct development,5/1323,15/16355,0.0051881367497709045,0.02947171833237978,0.021656607223545486,5,BMP4/GPC3/PKD2/EFNB2/GATA3
C1,Up,GO_BP,GO:2001028,positive regulation of endothelial cell chemotaxis,5/1323,15/16355,0.0051881367497709045,0.02947171833237978,0.021656607223545486,5,PRKD1/SMOC2/FGFR1/FGF2/FGF18
C1,Up,GO_BP,GO:0072111,cell proliferation involved in kidney development,6/1323,21/16355,0.005208551104397016,0.02947171833237978,0.021656607223545486,6,PDGFRB/PDGFD/BMP4/GPC3/BMP2/GATA3
C1,Up,GO_BP,GO:0086012,membrane depolarization during cardiac muscle cell action potential,6/1323,21/16355,0.005208551104397016,0.02947171833237978,0.021656607223545486,6,CACNA2D1/SLC8A1/ANK2/SCN4B/ATP1A2/KCNJ2
C1,Up,GO_BP,GO:0090026,positive regulation of monocyte chemotaxis,6/1323,21/16355,0.005208551104397016,0.02947171833237978,0.021656607223545486,6,CXCL12/ANO6/AIF1/CCL5/CCR1/SERPINE1
C1,Up,GO_BP,GO:0098743,cell aggregation,6/1323,21/16355,0.005208551104397016,0.02947171833237978,0.021656607223545486,6,CCN2/MPZ/SOX5/SOX9/MGP/COL11A1
C1,Up,GO_BP,GO:2000738,positive regulation of stem cell differentiation,6/1323,21/16355,0.005208551104397016,0.02947171833237978,0.021656607223545486,6,SOX5/PTN/SOX17/FGF2/SOX9/RBM24
C1,Up,GO_BP,GO:2001026,regulation of endothelial cell chemotaxis,6/1323,21/16355,0.005208551104397016,0.02947171833237978,0.021656607223545486,6,PRKD1/SMOC2/FGFR1/FGF2/FGF18/THBS1
C1,Up,GO_BP,GO:0010563,negative regulation of phosphorus metabolic process,36/1323,286/16355,0.005312699710791925,0.029998528928297023,0.022043721745620942,36,PLPP3/IRAK3/FBLN1/GRB10/DDIT4/DEPTOR/PTPRJ/SLC8A1/SH3BP5/SNCA/NTRK3/IGFBP3/HHEX/PRR5L/ADARB1/BMP2/ABL1/PKIA/DKK1/SIRPA/NIBAN1/LYN/TRIB2/TRIM63/SAMSN1/PTPN22/PRKG1/UCHL1/PTPRC/INHBA/RASSF2/ENPP1/MYOCD/HEG1/SFRP2/THY1
C1,Up,GO_BP,GO:0045936,negative regulation of phosphate metabolic process,36/1323,286/16355,0.005312699710791925,0.029998528928297023,0.022043721745620942,36,PLPP3/IRAK3/FBLN1/GRB10/DDIT4/DEPTOR/PTPRJ/SLC8A1/SH3BP5/SNCA/NTRK3/IGFBP3/HHEX/PRR5L/ADARB1/BMP2/ABL1/PKIA/DKK1/SIRPA/NIBAN1/LYN/TRIB2/TRIM63/SAMSN1/PTPN22/PRKG1/UCHL1/PTPRC/INHBA/RASSF2/ENPP1/MYOCD/HEG1/SFRP2/THY1
C1,Up,GO_BP,GO:0014855,striated muscle cell proliferation,13/1323,73/16355,0.005333915698201692,0.03008705095808057,0.022108770101744345,13,ZFPM2/MEF2C/SAV1/ANGPT1/ABL1/HEY2/FGFR1/FGF2/DIPK2A/CITED2/TGFBR3/RBP4/TGFBR1
C1,Up,GO_BP,GO:0030832,regulation of actin filament length,22/1323,152/16355,0.005410515254880607,0.030465514612006632,0.022386875321434224,22,CXCL12/EPS8/ADD3/KANK2/SPTBN1/SVIL/KIRREL1/COTL1/CFL2/TMSB15B/PREX1/LMOD1/CDC42EP5/HCLS1/PAK3/CDC42EP3/LIMA1/PLEKHH2/CORO1A/CCL21/DAAM2/PLEKHG2
C1,Up,GO_BP,GO:0032410,negative regulation of transporter activity,12/1323,65/16355,0.005417836361413551,0.030465514612006632,0.022386875321434224,12,CAMK2D/KCNE4/SNCA/PLN/GEM/ADRA2A/STK39/ATP1A2/CLIC2/GRP/KCNE3/RRAD
C1,Up,GO_BP,GO:0032720,negative regulation of tumor necrosis factor production,12/1323,65/16355,0.005417836361413551,0.030465514612006632,0.022386875321434224,12,IRAK3/TLR4/AXL/TWIST1/SIRPA/GAS6/PTPN22/IL27RA/IGF1/HAVCR2/THBS1/GPNMB
C1,Up,GO_BP,GO:0050830,defense response to Gram-positive bacterium,18/1323,116/16355,0.005463736960443216,0.030691850226605533,0.02255319278724288,18,GBP2/GBP4/RNASE4/ANG/IL7R/RARRES2/PLA2G2A/RNASE1/IL6/IL27RA/FGR/MPEG1/H2BC12/HAVCR2/RNASE6/H2BC10/H2BC8/H2BC4
C1,Up,GO_BP,GO:0120032,regulation of plasma membrane bounded cell projection assembly,27/1323,199/16355,0.005486438562888363,0.030787535406621477,0.022623504817825876,27,EPS8/DOCK11/ICAM1/RAC2/DZIP1/MNS1/LPAR1/CCDC88A/NRP1/PODXL/PIK3R1/ASAP1/TGFB3/DPYSL3/RHOQ/CDC42EP5/CDC42EP3/PPP1R16B/CCL21/CCL19/DAAM2/WDPCP/TGFBR1/PLD1/GAP43/NLGN1/P2RY12
C1,Up,GO_BP,GO:0042113,B cell activation,35/1323,277/16355,0.0055867368739257045,0.03131801310543285,0.023013314025230866,35,DOCK10/C3/PLCL2/TLR4/SH3KBP1/DOCK11/PTPRJ/MEF2C/LGALS1/VCAM1/PIK3R3/HHEX/IL7/ITM2A/NOTCH2/ITGA4/ABL1/BCL2/PIK3R1/SANBR/LYN/IL7R/ADA/SAMSN1/IL6/ID2/PTPRC/IL27RA/INHBA/CD86/MNDA/GPR183/TYROBP/LAPTM5/SKAP2
C1,Up,GO_BP,GO:0034764,positive regulation of transmembrane transport,28/1323,209/16355,0.005653703866961724,0.031660741654985655,0.023265160134041084,28,EDNRA/C3/FXYD5/SNCA/F2R/GPC3/PKD2/ANK2/ABL1/ANO6/PLP1/IRS1/PIK3R1/ACSL5/CLIP3/RHOQ/KLF15/STK39/TRPC1/FXYD6/HEPH/CEMIP/FLNA/STIMATE/CCL2/IGF1/KCNJ2/THY1
C1,Up,GO_BP,GO:0051963,regulation of synapse assembly,23/1323,162/16355,0.005736702354076197,0.03206428660501277,0.023561695761221697,23,DOCK10/MAP1B/DOCK4/LIN7A/NEGR1/MEF2C/THBS2/SNCA/FLRT3/ASIC1/DKK1/CLSTN2/PRICKLE1/ELMO1/VLDLR/FGFR1/SRPX2/FZD1/NECTIN3/LRRN3/DCLK1/NLGN1/WNT5A
C1,Up,GO_BP,GO:0060993,kidney morphogenesis,16/1323,99/16355,0.005737571167170916,0.03206428660501277,0.023561695761221697,16,WNT2B/BMP4/DCHS1/GPC3/FOXD1/PKD2/BMP2/FRAS1/LRRK2/BCL2/IRX3/NPNT/FGF2/IRX1/SOX9/GATA3
C1,Up,GO_BP,GO:0001906,cell killing,32/1323,248/16355,0.005750441475074226,0.032103184062284885,0.023590278653628456,32,CXCL12/CFH/CFHR1/GBP2/C3/RAB27A/CD59/GBP1/CFHR2/ICAM1/CXCL1/C7/SERPINB9/PVR/PIK3R1/MICB/IL7R/HFE/ITGAM/PLA2G2A/CORO1A/CCL21/PTPRC/CCL19/H2BC12/CCL18/CXCL2/TYROBP/CXCL8/HAVCR2/CXCL6/FCGR2A
C1,Up,GO_BP,GO:0072028,nephron morphogenesis,14/1323,82/16355,0.005777785108934784,0.03222271941656442,0.02367811643043413,14,WNT2B/BMP4/DCHS1/GPC3/FOXD1/PKD2/BMP2/BCL2/IRX3/NPNT/FGF2/IRX1/SOX9/GATA3
C1,Up,GO_BP,GO:0003209,cardiac atrium morphogenesis,7/1323,28/16355,0.005819817795656313,0.0322255354393528,0.023680185719329085,7,ENG/NOTCH2/BMP2/HEY2/CCN1/PROX1/HEG1
C1,Up,GO_BP,GO:0010818,T cell chemotaxis,7/1323,28/16355,0.005819817795656313,0.0322255354393528,0.023680185719329085,7,CXCL12/STK39/CCL21/CCL5/GPR183/WNT5A/CCL3
C1,Up,GO_BP,GO:0034698,response to gonadotropin,7/1323,28/16355,0.005819817795656313,0.0322255354393528,0.023680185719329085,7,EDNRA/NPR2/CYP1B1/INHBA/INHBB/TGFBR3/PAPPA
C1,Up,GO_BP,GO:0043304,regulation of mast cell degranulation,7/1323,28/16355,0.005819817795656313,0.0322255354393528,0.023680185719329085,7,RAC2/GATA2/LYN/CD84/IL4R/IL13RA2/FGR
C1,Up,GO_BP,GO:0048714,positive regulation of oligodendrocyte differentiation,7/1323,28/16355,0.005819817795656313,0.0322255354393528,0.023680185719329085,7,IL33/QKI/PTPRZ1/TNFRSF1B/PTN/MDK/CXCR4
C1,Up,GO_BP,GO:0060512,prostate gland morphogenesis,7/1323,28/16355,0.005819817795656313,0.0322255354393528,0.023680185719329085,7,MMP2/TNC/BMP4/AR/ID4/SOX9/WNT5A
C1,Up,GO_BP,GO:0070723,response to cholesterol,7/1323,28/16355,0.005819817795656313,0.0322255354393528,0.023680185719329085,7,TGFBR2/GRAMD1A/ABCA1/INHBA/INHBB/TGFBR1/CCL3
C1,Up,GO_BP,GO:0001782,B cell homeostasis,8/1323,35/16355,0.005868260528670094,0.032394706495666614,0.023804497138122587,8,DOCK10/DOCK11/MEF2C/ABL1/BCL2/LYN/IL7R/ADA
C1,Up,GO_BP,GO:0019934,cGMP-mediated signaling,8/1323,35/16355,0.005868260528670094,0.032394706495666614,0.023804497138122587,8,GUCY1B1/GUCY1A1/IRAG1/PDE3A/PRKG1/PDE2A/AQP1/THBS1
C1,Up,GO_BP,GO:1905332,positive regulation of morphogenesis of an epithelium,8/1323,35/16355,0.005868260528670094,0.032394706495666614,0.023804497138122587,8,WNT2B/BMP4/ABL1/MMRN2/MDK/FGF2/SOX9/GATA3
C1,Up,GO_BP,GO:0030316,osteoclast differentiation,17/1323,108/16355,0.005894479909397227,0.03250641103334593,0.023886580621356433,17,TLR4/SLC9B2/FBN1/CSF1/GPC3/NOTCH2/BMP2/MITF/PIK3R1/TNFAIP6/RASSF2/GPR183/TYROBP/CCR1/PRXL2A/TNFRSF11B/CCL3
C1,Up,GO_BP,GO:0050731,positive regulation of peptidyl-tyrosine phosphorylation,18/1323,117/16355,0.005982379999519829,0.032792199057112024,0.024096585308225872,18,FYN/PLPP3/PTPRJ/ANGPT1/ENPP2/GFRA1/PECAM1/ABL1/NRP1/ARHGEF2/IL15/HCLS1/THBS4/IL6/PTPRC/IGF1/ITGA5/NOX4
C1,Up,GO_BP,GO:0051928,positive regulation of calcium ion transport,18/1323,117/16355,0.005982379999519829,0.032792199057112024,0.024096585308225872,18,CXCL12/PDGFRB/SNCA/MYLK/F2R/PKD2/ANK2/ABL1/CASK/PLP1/TRPC1/CCL5/CEMIP/STIMATE/CCL2/CCR1/THY1/CCL3
C1,Up,GO_BP,GO:0030195,negative regulation of blood coagulation,10/1323,50/16355,0.006006640920410596,0.032792199057112024,0.024096585308225872,10,SERPING1/PDGFRA/TFPI/PROS1/PRKG1/SERPINE2/TSPAN8/SERPINE1/FAP/THBS1
C1,Up,GO_BP,GO:0042311,vasodilation,10/1323,50/16355,0.006006640920410596,0.032792199057112024,0.024096585308225872,10,GUCY1A1/ITGA1/KCNJ8/ADRA2A/GCH1/KLF2/PRKG1/SOD2/PLOD3/ABCC9
C1,Up,GO_BP,GO:0003253,cardiac neural crest cell migration involved in outflow tract morphogenesis,4/1323,10/16355,0.006018744930033264,0.032792199057112024,0.024096585308225872,4,EDNRA/BMP4/TWIST1/PITX2
C1,Up,GO_BP,GO:0035907,dorsal aorta development,4/1323,10/16355,0.006018744930033264,0.032792199057112024,0.024096585308225872,4,ENG/ACVRL1/HEY2/HEY1
C1,Up,GO_BP,GO:0048865,stem cell fate commitment,4/1323,10/16355,0.006018744930033264,0.032792199057112024,0.024096585308225872,4,EDNRA/SOX17/SOX9/SFRP2
C1,Up,GO_BP,GO:0062042,regulation of cardiac epithelial to mesenchymal transition,4/1323,10/16355,0.006018744930033264,0.032792199057112024,0.024096585308225872,4,TGFBR2/ENG/TWIST1/TGFBR1
C1,Up,GO_BP,GO:0097278,complement-dependent cytotoxicity,4/1323,10/16355,0.006018744930033264,0.032792199057112024,0.024096585308225872,4,CFH/C3/RAB27A/CD59
C1,Up,GO_BP,GO:1900748,positive regulation of vascular endothelial growth factor signaling pathway,4/1323,10/16355,0.006018744930033264,0.032792199057112024,0.024096585308225872,4,CCBE1/TNXB/JCAD/SMOC2
C1,Up,GO_BP,GO:1903010,regulation of bone development,4/1323,10/16355,0.006018744930033264,0.032792199057112024,0.024096585308225872,4,LOX/RGN/TNN/TMEM119
C1,Up,GO_BP,GO:2000739,regulation of mesenchymal stem cell differentiation,4/1323,10/16355,0.006018744930033264,0.032792199057112024,0.024096585308225872,4,PDGFRA/SOX5/FZD1/SOX9
C1,Up,GO_BP,GO:0043523,regulation of neuron apoptotic process,32/1323,249/16355,0.006102180089754218,0.03321346918591674,0.024406145871055794,32,MMP2/PLXND1/MEF2C/AXL/SNCA/ANGPT1/F2R/ITGA1/NES/PTPRZ1/ABL1/NRP1/BCL2/DKK1/TFAP2B/TGFB3/SLC1A1/FOXO3/GCH1/PPARGC1A/TOX3/SOD2/CORO1A/MDK/FGF2/IL27RA/FZD1/IL6ST/CCL2/NFATC4/CCL3/GATA3
C1,Up,GO_BP,GO:0031100,animal organ regeneration,12/1323,66/16355,0.006146383617799381,0.03338715581188624,0.024533775451258164,12,CXCL12/NNMT/AXL/HSPG2/ANXA3/GAS6/IL6/ANGPT2/RGN/LCP1/TGFBR3/LPIN1
C1,Up,GO_BP,GO:0060760,positive regulation of response to cytokine stimulus,12/1323,66/16355,0.006146383617799381,0.03338715581188624,0.024533775451258164,12,IL1R1/TLR4/AXL/CSF1/STING1/IL7/GAS6/CXCR4/LRRC70/TSLP/LAPTM5/WNT5A
C1,Up,GO_BP,GO:0043616,keratinocyte proliferation,11/1323,58/16355,0.006165488424933991,0.033457475648592847,0.024585448348861342,11,PRKD1/ZEB1/PTPRK/NOTCH2/CASK/FST/MDK/BCL11B/EFNB2/HAS2/LRG1
C1,Up,GO_BP,GO:0060491,regulation of cell projection assembly,27/1323,201/16355,0.006271977106408333,0.0340013768882336,0.024985121533249714,27,EPS8/DOCK11/ICAM1/RAC2/DZIP1/MNS1/LPAR1/CCDC88A/NRP1/PODXL/PIK3R1/ASAP1/TGFB3/DPYSL3/RHOQ/CDC42EP5/CDC42EP3/PPP1R16B/CCL21/CCL19/DAAM2/WDPCP/TGFBR1/PLD1/GAP43/NLGN1/P2RY12
C1,Up,GO_BP,GO:0010951,negative regulation of endopeptidase activity,16/1323,100/16355,0.006331443752953098,0.034289533864447885,0.0251968669897656,16,SERPING1/RECK/SNCA/SERPINA3/SERPINF1/SERPINB9/TIMP3/TIMP1/GAS6/AQP1/SERPINE2/SERPINH1/SERPINE1/LAMP3/SERPINA1/THBS1
C1,Up,GO_BP,GO:0042098,T cell proliferation,28/1323,211/16355,0.006437450720055406,0.03482891664476191,0.02559321988933749,28,TGFBR2/FYN/BMP4/LRRC32/VCAM1/RAC2/PDE5A/ABL1/DOCK2/MSN/TNFRSF1B/IL15/AIF1/IL6/CORO1A/PTPRC/CCL19/VSIG4/IL6ST/CCL5/CD86/IGF1/HAVCR2/HLA-DPB1/IGF2/PLA2G5/PDCD1LG2/GPNMB
C1,Up,GO_BP,GO:2000736,regulation of stem cell differentiation,14/1323,83/16355,0.006446280477988943,0.03484198562829447,0.025602823328132046,14,TGFBR2/PDGFRA/LBH/TEAD2/ABL1/TBX3/SOX5/PRICKLE1/PTN/SOX17/FGF2/FZD1/SOX9/RBM24
C1,Up,GO_BP,GO:0045619,regulation of lymphocyte differentiation,29/1323,221/16355,0.006577176725095209,0.03541918689623705,0.02602696626434596,29,TGFBR2/ZEB1/LGALS1/BMP4/AXL/IL7/ABL1/CD69/IL7R/SMARCD3/IL15/FGL2/CYP26B1/FOXO3/HLX/GAS6/ADA/IL4R/RUNX3/ID2/MDK/PTPRC/CCL19/INHBA/CD86/TOX/ZBTB16/PRDM1/GATA3
C1,Up,GO_BP,GO:0001662,behavioral fear response,9/1323,43/16355,0.006585673557658214,0.03541918689623705,0.02602696626434596,9,MEF2C/BCL2/ASIC1/SLC1A1/ATP1A2/MDK/PENK/DPP4/GRP
C1,Up,GO_BP,GO:0031111,negative regulation of microtubule polymerization or depolymerization,9/1323,43/16355,0.006585673557658214,0.03541918689623705,0.02602696626434596,9,MAP1B/SNCA/MID1/ARHGEF2/CLIP3/CCDC88C/NAV3/STMN1/CDH5
C1,Up,GO_BP,GO:0043277,apoptotic cell clearance,9/1323,43/16355,0.006585673557658214,0.03541918689623705,0.02602696626434596,9,C3/AXL/SCARB1/PEAR1/GAS6/MFGE8/TYROBP/CCL2/THBS1
C1,Up,GO_BP,GO:1900026,positive regulation of substrate adhesion-dependent cell spreading,9/1323,43/16355,0.006585673557658214,0.03541918689623705,0.02602696626434596,9,FERMT2/DAB2/ABL1/PREX1/NRP1/LIMS2/MDK/FLNA/HAS2
C1,Up,GO_BP,GO:0001759,organ induction,6/1323,22/16355,0.0066794949674169385,0.0357468144463141,0.02626771575467465,6,WNT2B/BMP4/BMP2/DKK1/FGFR1/FGF2
C1,Up,GO_BP,GO:0003228,atrial cardiac muscle tissue development,6/1323,22/16355,0.0066794949674169385,0.0357468144463141,0.02626771575467465,6,EDNRA/ENG/BMP4/TBX3/POPDC1/PROX1
C1,Up,GO_BP,GO:0033630,positive regulation of cell adhesion mediated by integrin,6/1323,22/16355,0.0066794949674169385,0.0357468144463141,0.02626771575467465,6,PIEZO1/PODXL/CCL21/CCL5/SFRP2/P2RY12
C1,Up,GO_BP,GO:0045932,negative regulation of muscle contraction,6/1323,22/16355,0.0066794949674169385,0.0357468144463141,0.02626771575467465,6,DOCK4/GUCY1A1/PDE5A/ADRA2A/PRKG1/ATP1A2
C1,Up,GO_BP,GO:0071379,cellular response to prostaglandin stimulus,6/1323,22/16355,0.0066794949674169385,0.0357468144463141,0.02626771575467465,6,PTGFR/TNC/AKR1C3/GNG2/PTGER4/PTGER2
C1,Up,GO_BP,GO:1901879,regulation of protein depolymerization,15/1323,92/16355,0.0067636626702088885,0.03616162955174674,0.02657253299360972,15,EPS8/MAP1B/ADD3/SPTBN1/SVIL/NES/CFL2/LMOD1/MID1/ARHGEF2/CCDC88C/LIMA1/PLEKHH2/MAP1A/NAV3
C1,Up,GO_BP,GO:0045576,mast cell activation,12/1323,67/16355,0.006950276856633971,0.03708634959256948,0.027252042022909748,12,RAC2/GATA2/PLSCR1/LYN/LCP2/CD84/CNR1/IL4R/IL13RA2/FGR/TSLP/GRP
C1,Up,GO_BP,GO:1903556,negative regulation of tumor necrosis factor superfamily cytokine production,12/1323,67/16355,0.006950276856633971,0.03708634959256948,0.027252042022909748,12,IRAK3/TLR4/AXL/TWIST1/SIRPA/GAS6/PTPN22/IL27RA/IGF1/HAVCR2/THBS1/GPNMB
C1,Up,GO_BP,GO:0048534,hematopoietic or lymphoid organ development,16/1323,101/16355,0.0069739398111630276,0.037145747029192044,0.027295688848673793,16,SLC40A1/ABL1/BCL2/TYR/IL7R/PITX2/IL15/ADA/CD248/PTPRC/CITED2/PDPN/BCL11B/TOX/TGFBR1/GATA3
C1,Up,GO_BP,GO:0014808,release of sequestered calcium ion into cytosol by sarcoplasmic reticulum,8/1323,36/16355,0.007021168487042073,0.037145747029192044,0.027295688848673793,8,SLC8A1/CAMK2D/PLN/ANK2/TMEM38B/ATP1A2/CLIC2/CCL3
C1,Up,GO_BP,GO:0045923,positive regulation of fatty acid metabolic process,8/1323,36/16355,0.007021168487042073,0.037145747029192044,0.027295688848673793,8,TWIST1/ELOVL5/PPARG/IRS1/PPARGC1A/GDF15/AVPR1A/RGN
C1,Up,GO_BP,GO:0001767,establishment of lymphocyte polarity,5/1323,16/16355,0.007050306551380154,0.037145747029192044,0.027295688848673793,5,ABL1/DOCK2/CYP26B1/CCL21/CCL19
C1,Up,GO_BP,GO:0001771,immunological synapse formation,5/1323,16/16355,0.007050306551380154,0.037145747029192044,0.027295688848673793,5,DOCK2/MSN/CCL21/CCL19/HAVCR2
C1,Up,GO_BP,GO:0003214,cardiac left ventricle morphogenesis,5/1323,16/16355,0.007050306551380154,0.037145747029192044,0.027295688848673793,5,TGFBR2/EDNRA/CPE/HEY2/SFRP2
C1,Up,GO_BP,GO:0021984,adenohypophysis development,5/1323,16/16355,0.007050306551380154,0.037145747029192044,0.027295688848673793,5,GATA2/BMP2/PITX2/FGF2/SOX2
C1,Up,GO_BP,GO:0032354,response to follicle-stimulating hormone,5/1323,16/16355,0.007050306551380154,0.037145747029192044,0.027295688848673793,5,EDNRA/CYP1B1/INHBA/TGFBR3/PAPPA
C1,Up,GO_BP,GO:0035641,locomotory exploration behavior,5/1323,16/16355,0.007050306551380154,0.037145747029192044,0.027295688848673793,5,LRRK2/ATP1A2/TUBA1A/PENK/DPP4
C1,Up,GO_BP,GO:0044849,estrous cycle,5/1323,16/16355,0.007050306551380154,0.037145747029192044,0.027295688848673793,5,CYP1B1/PTN/MDK/CA12/HAS2
C1,Up,GO_BP,GO:0051770,positive regulation of nitric-oxide synthase biosynthetic process,5/1323,16/16355,0.007050306551380154,0.037145747029192044,0.027295688848673793,5,TLR4/IL33/AKAP12/LRRK2/CCL2
C1,Up,GO_BP,GO:1905063,regulation of vascular associated smooth muscle cell differentiation,5/1323,16/16355,0.007050306551380154,0.037145747029192044,0.027295688848673793,5,ENG/HEY2/EFEMP2/SOD2/NFATC1
C1,Up,GO_BP,GO:2000402,negative regulation of lymphocyte migration,5/1323,16/16355,0.007050306551380154,0.037145747029192044,0.027295688848673793,5,CD200/CD69/APOD/IL27RA/CCL2
C1,Up,GO_BP,GO:0010977,negative regulation of neuron projection development,19/1323,128/16355,0.007124570516341963,0.037361080434598036,0.027453921596774615,19,PMP22/DAB2/PTPRG/DENND5A/LPAR1/LRRK2/VIM/NRP1/DKK1/DPYSL3/NR2F1/SEMA3A/SEMA3G/PRAG1/FLNA/EFNB2/NLGN1/THY1/WNT5A
C1,Up,GO_BP,GO:0050868,negative regulation of T cell activation,19/1323,128/16355,0.007124570516341963,0.037361080434598036,0.027453921596774615,19,LGALS1/BMP4/LRRC32/PDE5A/CD69/HFE/FGL2/HLX/IL4R/PTPN22/RUNX3/MDK/VSIG4/CD86/HAVCR2/LAPTM5/PLA2G5/PDCD1LG2/GPNMB
C1,Up,GO_BP,GO:0032703,negative regulation of interleukin-2 production,7/1323,29/16355,0.0071462007679579075,0.037361080434598036,0.027453921596774615,7,GBP1/PTPRC/VSIG4/NAV3/HAVCR2/LAPTM5/GATA3
C1,Up,GO_BP,GO:0034695,response to prostaglandin E,7/1323,29/16355,0.0071462007679579075,0.037361080434598036,0.027453921596774615,7,A2M/GNG2/PTGER4/CCL21/PTGER2/CCL19/TGFBR3
C1,Up,GO_BP,GO:0035767,endothelial cell chemotaxis,7/1323,29/16355,0.0071462007679579075,0.037361080434598036,0.027453921596774615,7,PRKD1/SMOC2/NRP1/FGFR1/FGF2/FGF18/THBS1
C1,Up,GO_BP,GO:0055023,positive regulation of cardiac muscle tissue growth,7/1323,29/16355,0.0071462007679579075,0.037361080434598036,0.027453921596774615,7,ZFPM2/MEF2C/HEY2/FGFR1/FGF2/TGFBR3/IGF1
C1,Up,GO_BP,GO:0060392,negative regulation of SMAD protein signal transduction,7/1323,29/16355,0.0071462007679579075,0.037361080434598036,0.027453921596774615,7,PPARG/SMAD6/DKK1/PMEPA1/GDF15/TGFBR3/LDLRAD4
C1,Up,GO_BP,GO:0097205,renal filtration,7/1323,29/16355,0.0071462007679579075,0.037361080434598036,0.027453921596774615,7,EDNRA/F2R/KIRREL1/ADGRF5/MCAM/GAS6/AQP1
C1,Up,GO_BP,GO:0001959,regulation of cytokine-mediated signaling pathway,23/1323,165/16355,0.007160651077308629,0.03740063139609661,0.027482984701573197,23,SAMHD1/IL1R1/IRAK3/SLIT3/STAT2/AXL/CSF1/STING1/ANGPT1/IL7/PPARG/CCDC3/GAS6/PXDN/IL6/PTPRC/IL6ST/CCL5/CXCR4/TSLP/LAPTM5/TNFRSF11B/WNT5A
C1,Up,GO_BP,GO:0061337,cardiac conduction,15/1323,93/16355,0.007477928207560645,0.03902027475837601,0.028673141981970744,15,GJC1/CACNA2D1/SLC8A1/CAMK2D/KCNE4/PLN/ANK2/IRX3/SCN4B/ATP1A2/TRPC1/FLNA/KCNJ2/KCNE3/ABCC9
C1,Up,GO_BP,GO:0071277,cellular response to calcium ion,13/1323,76/16355,0.007543012120008699,0.03931653369821454,0.02889084097814696,13,MICU3/MEF2C/CAMK2D/CLIC4/AKR1C3/PKD2/CPNE8/TUBA1A/INHBB/ALOX5AP/NLGN1/ABCC9/WNT5A
C1,Up,GO_BP,GO:0042445,hormone metabolic process,30/1323,233/16355,0.0075491797951468655,0.03931653369821454,0.02889084097814696,30,CTSK/HSD17B11/PDGFRA/PAPSS2/DAB2/BACE2/ADH1B/H6PD/CPQ/AKR1C3/CPE/BMP2/CYP1B1/SELENOM/HFE/CYP26B1/PCSK2/CTSZ/ENPEP/SLC16A2/SULT1E1/INHBA/DPP4/DIO2/RBP4/ALDH1A3/BCHE/CRABP2/ADH1C/GATA3
C1,Up,GO_BP,GO:0006937,regulation of muscle contraction,23/1323,166/16355,0.0076951880508021224,0.039972326727673306,0.029372735243651107,23,PRKD1/DOCK4/SLC8A1/CAMK2D/MYL9/GUCY1A1/F2R/PDE5A/PLN/ANK2/ADRA2A/ADA/TMEM38B/TACR1/PRKG1/ATP1A2/TPM1/NPNT/CLIC2/ANXA6/KCNJ2/PDE4B/MYOCD
C1,Up,GO_BP,GO:0002209,behavioral defense response,9/1323,44/16355,0.00769866284263087,0.039972326727673306,0.029372735243651107,9,MEF2C/BCL2/ASIC1/SLC1A1/ATP1A2/MDK/PENK/DPP4/GRP
C1,Up,GO_BP,GO:0010453,regulation of cell fate commitment,9/1323,44/16355,0.00769866284263087,0.039972326727673306,0.029372735243651107,9,LGALS1/BMP4/FZD7/CD69/DKK1/FGFR1/SOX17/FGF2/SFRP2
C1,Up,GO_BP,GO:0046879,hormone secretion,38/1323,313/16355,0.007704533520595353,0.039972326727673306,0.029372735243651107,38,PRKD1/DAB2/SLC9B2/F2RL2/SIDT2/FZD4/CPE/FOXD1/AGTR1/PPARG/MYRIP/IRS1/TBX3/SELENOM/TFAP2B/LYN/HFE/ADRA2A/CNR1/TACR1/FGFR1/IL6/SLC16A1/SLC16A2/INHBA/SYBU/ACSL4/INHBB/CCL5/FOXL2/AQP1/RBP4/ALOX5/GRP/PRKCA/SYTL4/ANO1/GATA3
C1,Up,GO_BP,GO:0060675,ureteric bud morphogenesis,12/1323,68/16355,0.00783466359352582,0.04060867618323688,0.029840341850793397,12,WNT2B/BMP4/DCHS1/GPC3/FOXD1/PKD2/BMP2/BCL2/NPNT/FGF2/SOX9/GATA3
C1,Up,GO_BP,GO:0007193,adenylate cyclase-inhibiting G protein-coupled receptor signaling pathway,14/1323,85/16355,0.007968123047260908,0.04126105280526335,0.030319725648701383,14,EDNRA/AKAP12/GPR176/ADCY7/LPAR1/ADCY4/ADRA2A/PTGER4/ADCY2/PDE2A/FLNA/S1PR1/RGS1/P2RY12
C1,Up,GO_BP,GO:0097035,regulation of membrane lipid distribution,11/1323,60/16355,0.008004295698769953,0.04140888974830322,0.03042836019021119,11,PLSCR4/ATP8B2/ABCB4/ATP10A/PLSCR1/ABCB1/ANO6/ATP11A/ATP8A1/ABCC1/ABCA1
C1,Up,GO_BP,GO:0071346,cellular response to type II interferon,15/1323,94/16355,0.008251140897731317,0.042645287684563764,0.03133689847683625,15,GBP2/TLR4/GBP4/GBP1/CD47/PPARG/VIM/SIRPA/FLNB/MRC1/AIF1/CCL5/CCL2/WNT5A/CCL3
C1,Up,GO_BP,GO:0002052,positive regulation of neuroblast proliferation,8/1323,37/16355,0.008337037478902373,0.04300739561766163,0.031602985075221475,8,VCAN/VEGFC/ID4/SMARCD3/SOX10/FGF2/DCT/HAPLN1
C1,Up,GO_BP,GO:0031076,embryonic camera-type eye development,8/1323,37/16355,0.008337037478902373,0.04300739561766163,0.031602985075221475,8,ZEB1/TWIST1/NES/FOXF2/CITED2/PROX1/ALDH1A3/WNT5A
C1,Up,GO_BP,GO:0042102,positive regulation of T cell proliferation,16/1323,103/16355,0.008415924070506509,0.0431162493239928,0.03168297369129926,16,TGFBR2/VCAM1/IL15/AIF1/IL6/CORO1A/PTPRC/CCL19/IL6ST/CCL5/CD86/IGF1/HAVCR2/HLA-DPB1/IGF2/PDCD1LG2
C1,Up,GO_BP,GO:0042472,inner ear morphogenesis,16/1323,103/16355,0.008415924070506509,0.0431162493239928,0.03168297369129926,16,ZEB1/PRRX1/CTHRC1/GATA2/ITGA8/TBX3/FGFR1/SOX9/WDPCP/SOBP/FRZB/PROX1/ALDH1A3/COL11A1/WNT5A/GATA3
C1,Up,GO_BP,GO:0007263,nitric oxide mediated signal transduction,6/1323,23/16355,0.00842957599081008,0.0431162493239928,0.03168297369129926,6,GUCY1B1/GUCY1A1/PDE5A/CBS/DDAH1/THBS1
C1,Up,GO_BP,GO:0010640,regulation of platelet-derived growth factor receptor signaling pathway,6/1323,23/16355,0.00842957599081008,0.0431162493239928,0.03168297369129926,6,PTPRJ/SNCA/APOD/LOX/F3/MYOCD
C1,Up,GO_BP,GO:0035357,peroxisome proliferator activated receptor signaling pathway,6/1323,23/16355,0.00842957599081008,0.0431162493239928,0.03168297369129926,6,TWIST1/LMO3/PTGIS/BMP2/PPARG/CITED2
C1,Up,GO_BP,GO:0042659,regulation of cell fate specification,6/1323,23/16355,0.00842957599081008,0.0431162493239928,0.03168297369129926,6,FZD7/DKK1/FGFR1/SOX17/FGF2/SFRP2
C1,Up,GO_BP,GO:0046058,cAMP metabolic process,6/1323,23/16355,0.00842957599081008,0.0431162493239928,0.03168297369129926,6,ADCY3/ADCY9/ADCY7/ADCY4/ADCY2/PDE4B
C1,Up,GO_BP,GO:0072574,hepatocyte proliferation,6/1323,23/16355,0.00842957599081008,0.0431162493239928,0.03168297369129926,6,NOTCH2/LIMS2/PTN/IL6/MDK/PROX1
C1,Up,GO_BP,GO:0072575,epithelial cell proliferation involved in liver morphogenesis,6/1323,23/16355,0.00842957599081008,0.0431162493239928,0.03168297369129926,6,NOTCH2/LIMS2/PTN/IL6/MDK/PROX1
C1,Up,GO_BP,GO:0051701,biological process involved in interaction with host,26/1323,196/16355,0.008470623349463262,0.043285443117859305,0.03180730181825488,26,IFITM2/IFITM1/FBLN1/IFITM3/LGALS1/AXL/ICAM1/ANPEP/SCARB1/AGTR1/PLSCR1/NRP1/PVR/PTX3/MRC1/GAS6/INHBB/CD86/DPP4/CXCR4/NECTIN3/CXCL8/EFNB2/ITGA5/CH25H/LRRC15
C1,Up,GO_BP,GO:0014850,response to muscle activity,7/1323,30/16355,0.00868378883503993,0.04424985079919033,0.032515974387747025,7,POSTN/TNS2/COL6A1/FN1/PPARGC1A/NFATC1/ITGA5
C1,Up,GO_BP,GO:0071295,cellular response to vitamin,7/1323,30/16355,0.00868378883503993,0.04424985079919033,0.032515974387747025,7,POSTN/COL1A1/TNC/KANK2/GAS6/PENK/FOLR2
C1,Up,GO_BP,GO:0090025,regulation of monocyte chemotaxis,7/1323,30/16355,0.00868378883503993,0.04424985079919033,0.032515974387747025,7,CXCL12/ANO6/LYN/AIF1/CCL5/CCR1/SERPINE1
C1,Up,GO_BP,GO:0014074,response to purine-containing compound,21/1323,149/16355,0.008741201378121292,0.04447208353047917,0.03267927694511608,21,COL1A1/SLC8A1/IGFBP5/NPR2/PKD2/TEK/CDO1/CYP1B1/TYR/KCNJ8/PDE3A/ADA/TMEM38B/NT5E/INHBB/PENK/PDE2A/ENPP1/AQP1/ABCC9/P2RY12
C1,Up,GO_BP,GO:0072171,mesonephric tubule morphogenesis,12/1323,69/16355,0.008804796001866892,0.04447208353047917,0.03267927694511608,12,WNT2B/BMP4/DCHS1/GPC3/FOXD1/PKD2/BMP2/BCL2/NPNT/FGF2/SOX9/GATA3
C1,Up,GO_BP,GO:0001547,antral ovarian follicle growth,4/1323,11/16355,0.008858393663471735,0.04447208353047917,0.03267927694511608,4,NPR2/PTX3/TNFAIP6/FOXO3
C1,Up,GO_BP,GO:0001865,NK T cell differentiation,4/1323,11/16355,0.008858393663471735,0.04447208353047917,0.03267927694511608,4,TGFBR2/TOX/ZBTB16/PRDM1
C1,Up,GO_BP,GO:0033629,negative regulation of cell adhesion mediated by integrin,4/1323,11/16355,0.008858393663471735,0.04447208353047917,0.03267927694511608,4,JAM3/CYP1B1/MUC1/SERPINE1
C1,Up,GO_BP,GO:0038063,collagen-activated tyrosine kinase receptor signaling pathway,4/1323,11/16355,0.008858393663471735,0.04447208353047917,0.03267927694511608,4,COL4A1/DDR2/COL4A2/COL1A1
C1,Up,GO_BP,GO:0042451,purine nucleoside biosynthetic process,4/1323,11/16355,0.008858393663471735,0.04447208353047917,0.03267927694511608,4,ADA/PRTFDC1/NT5E/ADA2
C1,Up,GO_BP,GO:0042455,ribonucleoside biosynthetic process,4/1323,11/16355,0.008858393663471735,0.04447208353047917,0.03267927694511608,4,ADA/PRTFDC1/NT5E/ADA2
C1,Up,GO_BP,GO:0046129,purine ribonucleoside biosynthetic process,4/1323,11/16355,0.008858393663471735,0.04447208353047917,0.03267927694511608,4,ADA/PRTFDC1/NT5E/ADA2
C1,Up,GO_BP,GO:0060900,embryonic camera-type eye formation,4/1323,11/16355,0.008858393663471735,0.04447208353047917,0.03267927694511608,4,TWIST1/PROX1/ALDH1A3/WNT5A
C1,Up,GO_BP,GO:0071492,cellular response to UV-A,4/1323,11/16355,0.008858393663471735,0.04447208353047917,0.03267927694511608,4,MMP2/MMP1/TIMP1/MMP3
C1,Up,GO_BP,GO:0072178,nephric duct morphogenesis,4/1323,11/16355,0.008858393663471735,0.04447208353047917,0.03267927694511608,4,BMP4/GPC3/EFNB2/GATA3
C1,Up,GO_BP,GO:0072497,mesenchymal stem cell differentiation,4/1323,11/16355,0.008858393663471735,0.04447208353047917,0.03267927694511608,4,PDGFRA/SOX5/FZD1/SOX9
C1,Up,GO_BP,GO:1901329,regulation of odontoblast differentiation,4/1323,11/16355,0.008858393663471735,0.04447208353047917,0.03267927694511608,4,BMP4/BMP2/MSX1/SERPINE1
C1,Up,GO_BP,GO:1902306,negative regulation of sodium ion transmembrane transport,4/1323,11/16355,0.008858393663471735,0.04447208353047917,0.03267927694511608,4,CAMK2D/STK39/ATP1A2/GRP
C1,Up,GO_BP,GO:2001204,regulation of osteoclast development,4/1323,11/16355,0.008858393663471735,0.04447208353047917,0.03267927694511608,4,SLC9B2/FBN1/NOTCH2/TYROBP
C1,Up,GO_BP,GO:0051346,negative regulation of hydrolase activity,29/1323,226/16355,0.008914360870834637,0.044711734303207525,0.03285537874540015,29,SERPING1/TIMP2/TFPI/RECK/SNCA/SERPINA3/COL6A3/GPC3/A2M/SERPINF1/LRRK2/SERPINB9/PTX3/TIMP3/TFPI2/TIMP1/GAS6/SLPI/ITIH5/AQP1/SERPINE2/TIMP4/SERPINH1/RARRES1/SERPINE1/LAMP3/WFDC2/SERPINA1/THBS1
C1,Up,GO_BP,GO:0003044,regulation of systemic arterial blood pressure mediated by a chemical signal,9/1323,45/16355,0.008949396862440865,0.044804722356478144,0.032923708855081994,9,F2R/AGTR1/CPA3/CTSZ/TACR1/SOD2/TPM1/ENPEP/AVPR1A
C1,Up,GO_BP,GO:0048701,embryonic cranial skeleton morphogenesis,9/1323,45/16355,0.008949396862440865,0.044804722356478144,0.032923708855081994,9,TGFBR2/PDGFRA/BMP4/PRRX1/TWIST1/RUNX2/TGFB3/IRX5/TGFBR1
C1,Up,GO_BP,GO:0003002,regionalization,48/1323,419/16355,0.008988985819659961,0.04496148339999347,0.033038901064408814,48,TGFBR2/C3/WNT2B/ENG/MEF2C/GPR161/BMP4/HHEX/GREM2/BICC1/GPC3/MEOX2/FOXD1/PKD2/NOTCH2/BMP2/AXIN2/MNS1/ACVRL1/NRP1/IRX3/SMAD6/DKK1/TBX3/HEY2/SMARCD3/PITX2/CYP26B1/DYNC2H1/ITGAM/PRICKLE1/HOXD8/FGFR1/SOX17/MEOX1/FGF2/CITED2/C1QA/MSX1/DAAM2/IRX1/HOXD10/TGFBR1/HEY1/ZBTB16/WIF1/SFRP2/WNT5A
C1,Up,GO_BP,GO:0045927,positive regulation of growth,31/1323,246/16355,0.009063792454909106,0.045284955303133576,0.03327659687417303,31,CXCL12/RFTN1/MAP1B/ZFPM2/SDCBP/MEF2C/CSF1/IL7/L1CAM/NRP1/BCL2/HEY2/FN1/RNF157/HLX/S100A9/FGFR1/TFCP2L1/FGF2/S100A8/AVPR1A/ACSL4/TEAD1/TGFBR3/CXCR4/IGF1/TGFBR1/PROX1/CRABP2/IGF2/SFRP2
C1,Up,GO_BP,GO:0001658,branching involved in ureteric bud morphogenesis,11/1323,61/16355,0.009070329780892734,0.045284955303133576,0.03327659687417303,11,WNT2B/BMP4/DCHS1/GPC3/FOXD1/PKD2/BMP2/BCL2/NPNT/FGF2/SOX9
C1,Up,GO_BP,GO:0042129,regulation of T cell proliferation,24/1323,178/16355,0.009161054508536767,0.04569591192871599,0.03357857879887045,24,TGFBR2/BMP4/LRRC32/VCAM1/RAC2/PDE5A/TNFRSF1B/IL15/AIF1/IL6/CORO1A/PTPRC/CCL19/VSIG4/IL6ST/CCL5/CD86/IGF1/HAVCR2/HLA-DPB1/IGF2/PLA2G5/PDCD1LG2/GPNMB
C1,Up,GO_BP,GO:0044344,cellular response to fibroblast growth factor stimulus,17/1323,113/16355,0.009255684740432323,0.04612557753213613,0.03389430858109065,17,POSTN/COL1A1/FLRT3/RUNX2/SMOC2/CCN2/SHISA2/FGFR1/FGF2/CCL5/CCL2/CXCL8/FGF18/THBS1/FGF5/WNT5A/GATA3
C1,Up,GO_BP,GO:0001710,mesodermal cell fate commitment,5/1323,17/16355,0.009332914837482716,0.046340396158323686,0.03405216305564751,5,BMP4/EYA2/DKK1/FGFR1/SFRP2
C1,Up,GO_BP,GO:0032148,activation of protein kinase B activity,5/1323,17/16355,0.009332914837482716,0.046340396158323686,0.03405216305564751,5,NTRK3/ADRA2A/GAS6/IGF1/WNT5A
C1,Up,GO_BP,GO:0032488,Cdc42 protein signal transduction,5/1323,17/16355,0.009332914837482716,0.046340396158323686,0.03405216305564751,5,RHOJ/RHOBTB1/ABL1/NRP1/ABCA1
C1,Up,GO_BP,GO:0033623,regulation of integrin activation,5/1323,17/16355,0.009332914837482716,0.046340396158323686,0.03405216305564751,5,FERMT2/PIEZO1/JAM3/PTGER4/P2RY12
C1,Up,GO_BP,GO:0034103,regulation of tissue remodeling,13/1323,78/16355,0.00937842405616804,0.04652383513525552,0.03418695892428667,13,DDR2/LEPR/PPARG/IL15/THBS4/IL6/MDK/PDK4/S1PR1/PRKCA/TNFRSF11B/GPNMB/TMEM119
C1,Up,GO_BP,GO:0070293,renal absorption,8/1323,38/16355,0.009829159372803896,0.048670914961778264,0.03576469063155244,8,EDNRA/AKR1C3/MAGED2/KIRREL1/GAS6/STK39/AQP1/HAS2
C1,Up,GO_BP,GO:1903514,release of sequestered calcium ion into cytosol by endoplasmic reticulum,8/1323,38/16355,0.009829159372803896,0.048670914961778264,0.03576469063155244,8,SLC8A1/CAMK2D/PLN/ANK2/TMEM38B/ATP1A2/CLIC2/CCL3
C1,Up,GO_BP,GO:0003073,regulation of systemic arterial blood pressure,15/1323,96/16355,0.009987607724361103,0.049410460071702654,0.03630812816678871,15,POSTN/ENG/F2R/AGTR1/NCALD/AR/CPA3/GAS6/CTSZ/TACR1/SOD2/TPM1/ENPEP/AVPR1A/DDAH1
C1,Up,GO_BP,GO:0045580,regulation of T cell differentiation,25/1323,189/16355,0.010040736937980112,0.04962810104377431,0.03646805657662045,25,TGFBR2/ZEB1/LGALS1/BMP4/IL7/ABL1/CD69/IL7R/SMARCD3/IL15/FGL2/CYP26B1/FOXO3/HLX/ADA/IL4R/RUNX3/MDK/PTPRC/CCL19/CD86/TOX/ZBTB16/PRDM1/GATA3
C1,Up,GO_BP,GO:0043473,pigmentation,17/1323,114/16355,0.010082772486313332,0.049790563768776386,0.03658743853406713,17,EDNRA/ZEB2/BACE2/RAB27A/MEF2C/MITF/AP1S2/RAB32/BCL2/TYR/SOX10/TYRP1/PMEL/SOD2/DCT/ENPP1/OCA2
C1,Up,GO_BP,GO:0120161,regulation of cold-induced thermogenesis,21/1323,151/16355,0.01012642716554929,0.04996071967598887,0.036712473647653246,21,LAMA4/PDGFC/ADAMTS5/PLCL2/TLR4/GRB10/QKI/LEPR/NOVA1/MFAP2/IL15/CMKLR1/PPARGC1A/IL4R/EBF2/CXCR4/LCN2/LPIN1/ZNF423/DIO2/NPR3
C1,Up,GO_BP,GO:0048545,response to steroid hormone,40/1323,339/16355,0.010142456632176014,0.04999439603083495,0.036737219934293096,40,DAB2/TFPI/COL1A1/SLIT3/DDIT4/KANK2/LBH/AKR1C3/LMO3/A2M/AXIN2/SERPINF1/ANXA3/TXNIP/AR/CDO1/BCL2/CYP1B1/PMEPA1/TGFB3/FOXO3/SOX10/PDE3A/TRIM63/TACR1/STK39/FAM107A/IL6/ATP1A2/PTPRC/PTGER2/LOX/AVPR1A/INHBA/AQP1/CYBB/PAPPA/BCHE/MAOB/THBS1
