contrast,direction,source,term_id,term,gene_ratio,bg_ratio,pvalue,padj,qvalue,count,genes
C3,Up,GO_BP,GO:0030198,extracellular matrix organization,66/726,326/16355,7.763387669810403e-26,1.4615925137201366e-22,1.1904032594772012e-22,66,MMP2/ADAMTS1/NID1/POSTN/CTSK/COL3A1/COL4A1/COL14A1/LAMA2/PDGFRA/FBLN1/DDR2/COL4A2/ADAMTS5/ADAMTSL1/COL1A1/AEBP1/FBLN5/ENG/RECK/CSGALNACT1/TNXB/ANTXR1/GPM6B/DPT/HMCN1/MFAP4/COL6A1/ITGA8/ADAMTS2/NID2/AXIN2/COL1A2/CRISPLD2/SMOC2/FMOD/MMP27/ABI3BP/PTX3/COL15A1/COL16A1/TNFRSF1B/FOXF2/ECM2/COL24A1/TIE1/COL5A1/OLFML2B/MYH11/COL13A1/MATN2/RGCC/FKBP10/TGFBR3/CCN1/LUM/TPSAB1/EMILIN1/TNFRSF11B/LRP1/COL8A2/COL8A1/LOXL1/ANGPTL7/VIT/SULF1
C3,Up,GO_BP,GO:0043062,extracellular structure organization,66/726,327/16355,9.333285528225649e-26,1.4615925137201366e-22,1.1904032594772012e-22,66,MMP2/ADAMTS1/NID1/POSTN/CTSK/COL3A1/COL4A1/COL14A1/LAMA2/PDGFRA/FBLN1/DDR2/COL4A2/ADAMTS5/ADAMTSL1/COL1A1/AEBP1/FBLN5/ENG/RECK/CSGALNACT1/TNXB/ANTXR1/GPM6B/DPT/HMCN1/MFAP4/COL6A1/ITGA8/ADAMTS2/NID2/AXIN2/COL1A2/CRISPLD2/SMOC2/FMOD/MMP27/ABI3BP/PTX3/COL15A1/COL16A1/TNFRSF1B/FOXF2/ECM2/COL24A1/TIE1/COL5A1/OLFML2B/MYH11/COL13A1/MATN2/RGCC/FKBP10/TGFBR3/CCN1/LUM/TPSAB1/EMILIN1/TNFRSF11B/LRP1/COL8A2/COL8A1/LOXL1/ANGPTL7/VIT/SULF1
C3,Up,GO_BP,GO:0045229,external encapsulating structure organization,66/726,327/16355,9.333285528225649e-26,1.4615925137201366e-22,1.1904032594772012e-22,66,MMP2/ADAMTS1/NID1/POSTN/CTSK/COL3A1/COL4A1/COL14A1/LAMA2/PDGFRA/FBLN1/DDR2/COL4A2/ADAMTS5/ADAMTSL1/COL1A1/AEBP1/FBLN5/ENG/RECK/CSGALNACT1/TNXB/ANTXR1/GPM6B/DPT/HMCN1/MFAP4/COL6A1/ITGA8/ADAMTS2/NID2/AXIN2/COL1A2/CRISPLD2/SMOC2/FMOD/MMP27/ABI3BP/PTX3/COL15A1/COL16A1/TNFRSF1B/FOXF2/ECM2/COL24A1/TIE1/COL5A1/OLFML2B/MYH11/COL13A1/MATN2/RGCC/FKBP10/TGFBR3/CCN1/LUM/TPSAB1/EMILIN1/TNFRSF11B/LRP1/COL8A2/COL8A1/LOXL1/ANGPTL7/VIT/SULF1
C3,Up,GO_BP,GO:0031589,cell-substrate adhesion,62/726,352/16355,5.377794293282563e-21,6.31621939746037e-18,5.144284804232136e-18,62,NID1/POSTN/HACD1/COL3A1/FERMT2/FBLN1/DAB2/COL1A1/SGCE/FBLN5/DLC1/LIMCH1/TNXB/CSF1/ANTXR1/VCAM1/SVEP1/GPM6B/FZD7/CDH11/FZD4/ANGPT1/ITGA8/PEAK1/FBLN2/NID2/TEK/ACVRL1/PREX1/BCL2/ABI3BP/PIK3R1/LIMS2/SNED1/SMAD6/COL16A1/EPHA3/ITGA10/ITGA7/CCN2/ITGAM/ECM2/ITGB2/APOD/FAM107A/COL13A1/TNN/CCN1/VWF/ITGA11/EPDR1/EDIL3/EMILIN1/ITGBL1/BST1/COL8A1/MYOC/STON1/SPOCK1/SORBS1/VIT/BCL6
C3,Up,GO_BP,GO:0001503,ossification,63/726,426/16355,2.419574675597876e-17,2.2734323651917646e-14,1.851611357010164e-14,63,MMP2/CTSK/FERMT2/PRKD1/DDR2/COL1A1/SLC8A1/CSGALNACT1/MEF2C/BMP4/IGFBP5/CSF1/ASPN/GPM6B/OSR2/RORB/NPR2/CTHRC1/DCHS1/TWIST1/CDH11/SRGN/COL6A1/IGSF10/GPC3/TEK/AXIN2/COL1A2/BCL2/CHRDL1/SMAD6/ID4/SNAI1/CCN2/PTN/CHRD/RUNX3/CCN3/FGF2/COL13A1/CLEC3B/IL6ST/PENK/ENPP1/TNN/CCN1/RFLNB/ITGA11/BMP7/FGF18/PBX1/MGP/GRP/S1PR1/ZBTB16/GJA1/CRIM1/TENT5A/JUND/MYOC/LRP4/TMT1A/BAMBI
C3,Up,GO_BP,GO:0072001,renal system development,54/726,330/16355,5.925245425798062e-17,4.639467168399883e-14,3.7786433548729753e-14,54,ADAMTS1/NID1/COL4A1/PDGFRA/PLXND1/WNT2B/FBN1/PDGFRB/MEF2C/PDGFD/KANK2/BMP4/ACTA2/TNS2/OSR2/DCHS1/ANGPT1/ITGA8/BICC1/GPC3/PKD2/GFRA1/AGTR1/TEK/PECAM1/SERPINF1/LRRK2/PODXL/BCL2/IRX3/SMAD6/TFAP2B/KCNJ8/CYP26B1/KLF15/ARID5B/FGFR1/SOX17/MAGI2/ENPEP/FGF2/RGN/POU3F3/AQP1/IRX1/BMP7/PBX1/ZBTB16/BMPER/EGR1/ROBO2/LRP4/EMX2/SULF1
C3,Up,GO_BP,GO:0001822,kidney development,52/726,320/16355,3.0922208020324236e-16,2.075321903992618e-13,1.690259039907949e-13,52,ADAMTS1/NID1/PDGFRA/PLXND1/WNT2B/FBN1/PDGFRB/MEF2C/PDGFD/KANK2/BMP4/ACTA2/TNS2/OSR2/DCHS1/ANGPT1/ITGA8/BICC1/GPC3/PKD2/GFRA1/AGTR1/TEK/PECAM1/SERPINF1/LRRK2/PODXL/BCL2/IRX3/SMAD6/TFAP2B/KCNJ8/CYP26B1/KLF15/ARID5B/FGFR1/SOX17/MAGI2/ENPEP/FGF2/RGN/POU3F3/AQP1/IRX1/BMP7/PBX1/ZBTB16/BMPER/EGR1/ROBO2/LRP4/SULF1
C3,Up,GO_BP,GO:0007160,cell-matrix adhesion,43/726,233/16355,1.165051676279646e-15,6.841765968952221e-13,5.572319530626991e-13,43,NID1/POSTN/COL3A1/FERMT2/SGCE/FBLN5/DLC1/LIMCH1/TNXB/CSF1/VCAM1/SVEP1/GPM6B/CDH11/ITGA8/PEAK1/NID2/TEK/ACVRL1/BCL2/PIK3R1/SNED1/COL16A1/EPHA3/ITGA10/ITGA7/CCN2/ITGAM/ECM2/ITGB2/APOD/FAM107A/COL13A1/TNN/ITGA11/EPDR1/EMILIN1/ITGBL1/BST1/MYOC/STON1/SORBS1/BCL6
C3,Up,GO_BP,GO:0061448,connective tissue development,47/726,282/16355,3.2133952162111596e-15,1.6773923028622254e-12,1.366162761511996e-12,47,CTSK/COL3A1/ZEB1/COL1A1/WNT2B/PDGFRB/CSGALNACT1/MEF2C/PDGFD/BMP4/CSF1/ACTA2/PRRX1/OSR2/NPR2/SCIN/COL6A1/AXIN2/ACVRL1/SELENOM/ID4/LPL/OGN/SNAI1/CCN2/CYTL1/GHR/ARID5B/COL5A1/FGFR1/RUNX3/CCN3/FGF2/MSX1/CCN1/RFLNB/FRZB/BMP7/FGF18/MGP/ZBTB16/MUSTN1/BGN/EGR1/SLC25A25/ERRFI1/SULF1
C3,Up,GO_BP,GO:2000146,negative regulation of cell motility,48/726,323/16355,1.4696888677420103e-13,6.904598300651964e-11,5.623493720254957e-11,48,CXCL12/COL3A1/FBLN1/ZEB2/PTPRG/ENG/CD200/IL33/RECK/DLC1/MEF2C/BMP4/IGFBP5/LIMCH1/PODN/CDH11/MEOX2/ADARB1/MITF/SERPINF1/ACVRL1/BCL2/MMRN2/CLDN5/FOXO3/CHRD/TIE1/CYGB/PTPRM/PRKG1/APOD/MAGI2/CCN3/FGF2/CITED2/RGN/RGCC/TNN/TGFBR3/CCL2/EMILIN1/GJA1/DCN/KLF4/LRP1/RHOB/DUSP1/SULF1
C3,Up,GO_BP,GO:0040013,negative regulation of locomotion,49/726,340/16355,2.6735941115462996e-13,1.1418677396404104e-10,9.300013966957704e-11,49,CXCL12/COL3A1/FBLN1/ZEB2/PTPRG/ENG/CD200/IL33/RECK/DLC1/MEF2C/BMP4/IGFBP5/LIMCH1/PODN/CDH11/MEOX2/ADARB1/MITF/SERPINF1/ACVRL1/BCL2/MMRN2/CLDN5/FOXO3/CHRD/TIE1/CYGB/PTPRM/PRKG1/APOD/MAGI2/CCN3/FGF2/CITED2/RGN/RGCC/TNN/TGFBR3/CCL2/EMILIN1/GJA1/DCN/KLF4/LRP1/RHOB/DUSP1/ROBO2/SULF1
C3,Up,GO_BP,GO:1901342,regulation of vasculature development,46/726,307/16355,3.545308230312091e-13,1.3879881721671836e-10,1.1304557383495133e-10,46,ADAMTS1/CXCL12/PRKD1/COL4A2/PLXND1/RHOJ/ENG/CCBE1/RECK/FLT1/ADGRA2/THBS2/QKI/TWIST1/GATA2/HHEX/PTGIS/JCAD/TEK/SERPINF1/SMOC2/ACVRL1/CLDN5/STAB1/THBS4/KLF2/TIE1/PTPRM/PPP1R16B/FGF2/RGCC/AQP1/TNN/FGF18/DDAH1/EMILIN1/TSPAN18/DCN/KLF4/BMPER/GPNMB/SPARC/RHOB/ADM/ANGPTL7/SULF1
C3,Up,GO_BP,GO:0030336,negative regulation of cell migration,46/726,308/16355,3.9961363394146116e-13,1.444142194043834e-10,1.176190736337823e-10,46,CXCL12/COL3A1/ZEB2/PTPRG/ENG/CD200/IL33/RECK/DLC1/MEF2C/BMP4/IGFBP5/LIMCH1/PODN/CDH11/MEOX2/ADARB1/MITF/SERPINF1/ACVRL1/BCL2/MMRN2/CLDN5/FOXO3/CHRD/TIE1/CYGB/PTPRM/PRKG1/APOD/MAGI2/CCN3/FGF2/CITED2/RGCC/TNN/TGFBR3/CCL2/EMILIN1/GJA1/DCN/KLF4/LRP1/RHOB/DUSP1/SULF1
C3,Up,GO_BP,GO:0051216,cartilage development,36/726,204/16355,1.0332599062968845e-12,3.4673250284162594e-10,2.8239847814956205e-10,36,CTSK/COL3A1/ZEB1/COL1A1/WNT2B/CSGALNACT1/MEF2C/BMP4/PRRX1/OSR2/NPR2/SCIN/COL6A1/AXIN2/ACVRL1/OGN/SNAI1/CCN2/CYTL1/GHR/FGFR1/RUNX3/CCN3/FGF2/MSX1/CCN1/RFLNB/FRZB/BMP7/FGF18/MGP/ZBTB16/MUSTN1/BGN/ERRFI1/SULF1
C3,Up,GO_BP,GO:0045765,regulation of angiogenesis,44/726,300/16355,2.477581131865256e-12,7.759784105001982e-10,6.320005203038742e-10,44,ADAMTS1/PRKD1/COL4A2/PLXND1/RHOJ/ENG/CCBE1/RECK/FLT1/ADGRA2/THBS2/QKI/TWIST1/GATA2/HHEX/PTGIS/JCAD/TEK/SERPINF1/SMOC2/ACVRL1/CLDN5/STAB1/THBS4/KLF2/TIE1/PTPRM/PPP1R16B/FGF2/RGCC/AQP1/TNN/FGF18/DDAH1/EMILIN1/TSPAN18/DCN/KLF4/BMPER/GPNMB/SPARC/RHOB/ADM/SULF1
C3,Up,GO_BP,GO:0010810,regulation of cell-substrate adhesion,36/726,217/16355,6.80370057570119e-12,1.997736581540262e-9,1.6270691837285411e-9,36,NID1/POSTN/HACD1/FERMT2/FBLN1/DAB2/COL1A1/DLC1/LIMCH1/CSF1/GPM6B/FZD7/FZD4/PEAK1/FBLN2/TEK/ACVRL1/PREX1/BCL2/ABI3BP/PIK3R1/LIMS2/COL16A1/EPHA3/ECM2/APOD/FAM107A/CCN1/EDIL3/EMILIN1/BST1/COL8A1/MYOC/SPOCK1/VIT/BCL6
C3,Up,GO_BP,GO:0050673,epithelial cell proliferation,54/726,437/16355,8.358766633542686e-12,2.3099697437872672e-9,1.8813694559088335e-9,54,CXCL12/PRKD1/DAB2/ZEB1/ZEB2/ENG/MEF2C/IGFBP4/FLT1/BMP4/IGFBP5/OSR2/FZD7/TWIST1/GATA2/GPC3/AGTR1/JCAD/TEK/VSTM4/SERPINF1/ACVRL1/AR/LIMS2/MMRN2/THBS4/HLX/PTN/ZNF703/TIE1/PTPRM/FGFR1/RUNX3/PPP1R16B/CCN3/FGF2/KIT/RGN/RGCC/TGFBR3/NR1D1/NR4A1/CCL2/NUPR1/IRS2/BMPER/COL8A2/COL8A1/SPARC/WNT2/ZFP36/ERRFI1/SULF1/KLF9
C3,Up,GO_BP,GO:0071559,response to transforming growth factor beta,40/726,271/16355,2.049734931185912e-11,5.34980817039523e-9,4.357185073018006e-9,40,POSTN/CTSK/COL3A1/FERMT2/DDR2/COL4A2/DAB2/ZEB1/ZEB2/COL1A1/ENG/FBN1/MEF2C/PDGFD/LRRC32/ACTA2/LTBP2/ASPN/ITGA8/TGFB1I1/COL1A2/ACVRL1/FMOD/SMAD6/CLDN5/SMAD9/TSC22D1/PDE3A/ZNF703/RUNX3/CITED2/NFATC1/ZFP36L2/PENK/TGFBR3/DNM3OS/DKK3/WNT2/JUN/BAMBI
C3,Up,GO_BP,GO:0016055,Wnt signaling pathway,54/726,450/16355,2.6139516175441594e-11,6.463339315380243e-9,5.264107551120787e-9,54,NID1/RBMS3/FERMT2/PLPP3/DAB2/ZEB2/COL1A1/WNT2B/RECK/IGFBP4/ADGRA2/FZD7/CTHRC1/FZD4/RSPO3/HHEX/COL6A1/CPE/BICC1/TGFB1I1/GPC3/PKD2/MITF/AXIN2/LRRK2/ROR1/DKK2/SNAI1/FOXO3/SOX10/TMEM237/KLF15/CMAHP/ZNF703/SOX17/MAGI2/FGF2/DACT1/DAAM2/TNN/FRZB/NFATC4/KLF4/LRP1/CPZ/MYOC/EGR1/DKK3/WNT2/LGR6/JADE1/LRP4/SULF1/BAMBI
C3,Up,GO_BP,GO:0071560,cellular response to transforming growth factor beta stimulus,39/726,264/16355,3.5744793682246806e-11,8.396452035959774e-9,6.838543422893008e-9,39,POSTN/CTSK/COL3A1/FERMT2/DDR2/COL4A2/DAB2/ZEB1/ZEB2/COL1A1/ENG/FBN1/MEF2C/PDGFD/LRRC32/ACTA2/LTBP2/ASPN/ITGA8/TGFB1I1/COL1A2/ACVRL1/FMOD/SMAD6/CLDN5/SMAD9/TSC22D1/PDE3A/ZNF703/CITED2/NFATC1/ZFP36L2/PENK/TGFBR3/DNM3OS/DKK3/WNT2/JUN/BAMBI
C3,Up,GO_BP,GO:0072006,nephron development,29/726,159/16355,7.376968937772088e-11,1.6503333366501557e-8,1.344124415478774e-8,29,NID1/PDGFRA/WNT2B/PDGFRB/MEF2C/PDGFD/BMP4/ACTA2/DCHS1/ANGPT1/GPC3/PKD2/TEK/PECAM1/PODXL/BCL2/IRX3/TFAP2B/KLF15/MAGI2/ENPEP/FGF2/POU3F3/AQP1/IRX1/BMP7/PBX1/EGR1/SULF1
C3,Up,GO_BP,GO:0032835,glomerulus development,19/726,71/16355,1.5523722226686207e-10,3.3150203191350815e-8,2.6999392485169555e-8,19,NID1/PDGFRA/PDGFRB/MEF2C/PDGFD/BMP4/ACTA2/ANGPT1/TEK/PECAM1/PODXL/BCL2/KLF15/MAGI2/ENPEP/AQP1/BMP7/EGR1/SULF1
C3,Up,GO_BP,GO:0060348,bone development,33/726,212/16355,2.9275218824956333e-10,5.979781653897602e-8,4.870270957835985e-8,33,COL3A1/DDR2/PAPSS2/COL1A1/ENG/FBN1/CSGALNACT1/MEF2C/BMP4/OSR2/NPR2/DCHS1/TWIST1/COL6A1/LEPR/TEK/AXIN2/OGN/PITX2/CYP26B1/GHR/COL13A1/CITED2/RGN/MSX1/TNN/RFLNB/FGF18/ZBTB16/GJA1/BGN/MYOC/SULF1
C3,Up,GO_BP,GO:0007178,cell surface receptor protein serine/threonine kinase signaling pathway,45/726,369/16355,7.429138167274259e-10,1.4479905605033188e-7,1.179325062720881e-7,45,COL3A1/FERMT2/DAB2/ZEB1/ZEB2/ENG/FBN1/BMP4/LRRC32/LTBP2/ASPN/GREM2/ITGA8/TGFB1I1/GPC3/COL1A2/ACVRL1/FMOD/CHRDL1/SMAD6/CLDN5/TFAP2B/SMAD9/TSC22D1/ZNF703/CHRD/MAGI2/CCN3/CITED2/MSX1/INHBB/TGFBR3/CCN1/ELAPOR2/ZNF423/BMP7/EMILIN1/CRIM1/LRP1/BMPER/EGR1/DKK3/SULF1/JUN/BAMBI
C3,Up,GO_BP,GO:0030278,regulation of ossification,24/726,123/16355,7.705356324517448e-10,1.4479905605033188e-7,1.179325062720881e-7,24,DDR2/SLC8A1/MEF2C/BMP4/CSF1/GPM6B/OSR2/TWIST1/SRGN/BCL2/SMAD6/PTN/CCN3/ENPP1/CCN1/RFLNB/BMP7/PBX1/MGP/S1PR1/ZBTB16/GJA1/TENT5A/LRP4
C3,Up,GO_BP,GO:0060537,muscle tissue development,49/726,424/16355,8.263332402047209e-10,1.4931206009545303e-7,1.2160815093701058e-7,49,COL3A1/GJC1/COL14A1/PDGFRA/ZFPM2/ENG/PDGFRB/SLC8A1/MEF2C/BMP4/IGFBP5/HLF/NPR2/FZD7/MYLK/TWIST1/COL6A1/ITGA8/MEOX2/PKD2/SGCD/PLN/PGM5/BCL2/IRX3/EYA2/TBX3/TFAP2B/KCNJ8/CYP26B1/HLX/FGFR1/PRKG1/MYH11/FGF2/CITED2/MSX1/TNN/TGFBR3/NR4A1/NUPR1/BMP7/S1PR1/GJA1/SYNE1/EGR1/WNT2/ZFAND5/SORBS2
C3,Up,GO_BP,GO:0001935,endothelial cell proliferation,28/726,166/16355,1.020869829045423e-9,1.776313502539036e-7,1.446729757731038e-7,28,CXCL12/PRKD1/ZEB2/ENG/MEF2C/FLT1/BMP4/GATA2/AGTR1/JCAD/TEK/VSTM4/ACVRL1/MMRN2/THBS4/TIE1/PTPRM/FGFR1/PPP1R16B/FGF2/RGCC/NR4A1/CCL2/BMPER/COL8A2/COL8A1/SPARC/SULF1
C3,Up,GO_BP,GO:0006935,chemotaxis,51/726,455/16355,1.0829018033101007e-9,1.8169545256967332e-7,1.4798300958767732e-7,51,MMP2/CXCL12/PRKD1/PDGFRA/SLIT3/ENG/PDGFRB/FLT1/PDGFD/BMP4/CSF1/VCAM1/ADGRA2/NTRK3/ANGPT1/ENPP2/ACKR4/AGTR1/CCL14/LPAR1/SMOC2/PREX1/CCL23/RARRES2/LSP1/THBS4/CMKLR1/ITGB2/PTN/SEMA3G/FGFR1/RNASE2/CCN3/FGF2/KIT/CXCL14/CCL19/CCN1/GPR183/NR4A1/CCL2/FGF18/S1PR1/MPP1/CH25H/BST1/GPNMB/CCL8/LGR6/DUSP1/ROBO2
C3,Up,GO_BP,GO:0050678,regulation of epithelial cell proliferation,44/726,361/16355,1.1728920484039983e-9,1.9000851184144773e-07,1.5475363324677074e-7,44,CXCL12/PRKD1/DAB2/ZEB1/ENG/MEF2C/FLT1/BMP4/OSR2/FZD7/TWIST1/GATA2/GPC3/AGTR1/JCAD/TEK/SERPINF1/ACVRL1/AR/LIMS2/MMRN2/THBS4/HLX/PTN/ZNF703/TIE1/PTPRM/FGFR1/RUNX3/PPP1R16B/FGF2/RGN/RGCC/TGFBR3/NR1D1/NR4A1/CCL2/NUPR1/IRS2/SPARC/WNT2/ZFP36/SULF1/KLF9
C3,Up,GO_BP,GO:0042330,taxis,51/726,457/16355,1.2616290735333765e-9,1.9757111291532675e-7,1.6091304148399383e-7,51,MMP2/CXCL12/PRKD1/PDGFRA/SLIT3/ENG/PDGFRB/FLT1/PDGFD/BMP4/CSF1/VCAM1/ADGRA2/NTRK3/ANGPT1/ENPP2/ACKR4/AGTR1/CCL14/LPAR1/SMOC2/PREX1/CCL23/RARRES2/LSP1/THBS4/CMKLR1/ITGB2/PTN/SEMA3G/FGFR1/RNASE2/CCN3/FGF2/KIT/CXCL14/CCL19/CCN1/GPR183/NR4A1/CCL2/FGF18/S1PR1/MPP1/CH25H/BST1/GPNMB/CCL8/LGR6/DUSP1/ROBO2
C3,Up,GO_BP,GO:0090287,regulation of cellular response to growth factor stimulus,41/726,326/16355,1.7172228506119545e-9,2.6024235329596657e-7,2.1195602926908166e-7,41,ZEB1/ZEB2/ENG/FBN1/CCBE1/BMP4/TNXB/ADGRA2/ASPN/FZD4/HHEX/GREM2/ITGA8/TGFB1I1/GPC3/JCAD/SMOC2/ACVRL1/CHRDL1/SMAD6/MMRN2/TFAP2B/TSC22D1/ZNF703/CHRD/TMEM204/FGF2/CITED2/MSX1/TGFBR3/CCN1/ELAPOR2/ZNF423/FGF18/EMILIN1/DCN/CRIM1/BMPER/DKK3/SULF1/BAMBI
C3,Up,GO_BP,GO:0060485,mesenchyme development,40/726,316/16355,2.2507836414045436e-9,3.3044317335370456e-7,2.6913153080610254e-07,40,FERMT2/ADAMTS5/DAB2/ZFPM2/COL1A1/ENG/MEF2C/BMP4/TNXB/ACTA2/QKI/DCHS1/TWIST1/TGFB1I1/PKD2/AXIN2/ACVRL1/BCL2/TBX3/EPHA3/SNAI1/PITX2/FOXF2/SOX10/SEMA3G/ZNF703/FGFR1/MEOX1/CITED2/MSX1/RGCC/TGFBR3/RFLNB/OLFM1/FRZB/BMP7/ACTG2/WNT2/ROBO2/BAMBI
C3,Up,GO_BP,GO:0002040,sprouting angiogenesis,25/726,140/16355,2.384317566155187e-9,3.394401189635476e-7,2.76459150015123e-7,25,RHOJ/CCBE1/RECK/FLT1/BMP4/ADGRA2/RSPO3/GATA2/ANGPT1/MEOX2/AGTR1/JCAD/TEK/VSTM4/ACVRL1/MMRN2/KLF2/PPP1R16B/FGF2/TNN/TGFBR3/NR4A1/TSPAN18/KLF4/BMPER
C3,Up,GO_BP,GO:0141091,transforming growth factor beta receptor superfamily signaling pathway,42/726,345/16355,2.9197498740624883e-9,4.0344073259839916e-7,3.2858485424820884e-7,42,COL3A1/FERMT2/DAB2/ZEB1/ZEB2/ENG/FBN1/BMP4/LRRC32/LTBP2/ASPN/GREM2/ITGA8/TGFB1I1/GPC3/COL1A2/ACVRL1/FMOD/CHRDL1/SMAD6/CLDN5/TFAP2B/SMAD9/TSC22D1/ZNF703/CHRD/MAGI2/CITED2/MSX1/INHBB/TGFBR3/CCN1/ELAPOR2/ZNF423/BMP7/CRIM1/BMPER/EGR1/DKK3/SULF1/JUN/BAMBI
C3,Up,GO_BP,GO:0061437,renal system vasculature development,12/726,31/16355,3.4677566099331676e-9,4.525422375962784e-7,3.6857588529552824e-7,12,PDGFRA/PDGFRB/PDGFD/BMP4/ACTA2/ANGPT1/PKD2/TEK/PECAM1/AQP1/BMP7/EGR1
C3,Up,GO_BP,GO:0061440,kidney vasculature development,12/726,31/16355,3.4677566099331676e-9,4.525422375962784e-7,3.6857588529552824e-7,12,PDGFRA/PDGFRB/PDGFD/BMP4/ACTA2/ANGPT1/PKD2/TEK/PECAM1/AQP1/BMP7/EGR1
C3,Up,GO_BP,GO:0045444,fat cell differentiation,33/726,234/16355,3.903344375449971e-9,4.956192398882152e-7,4.0366022204155466e-7,33,FERMT2/MEDAG/PDGFRA/ZFPM2/NEGR1/NPR2/RUNX1T1/GATA2/LMO3/TGFB1I1/AXIN2/ADGRF5/SMAD6/ID4/TFAP2B/LPL/KCNJ8/CCDC3/CLIP3/RARRES2/CMKLR1/ARID5B/ZFP36L2/INHBB/ENPP1/NR1D1/NR4A1/FRZB/BMP7/ZBTB16/KLF4/ZFP36/MAFB
C3,Up,GO_BP,GO:0003179,heart valve morphogenesis,16/726,61/16355,6.02966024587702e-9,7.454564167139537e-7,6.071416895779216e-7,16,ADAMTS5/SLIT3/MEF2C/BMP4/DCHS1/TWIST1/CDH11/AXIN2/SMAD6/SNAI1/TIE1/NFATC1/CCN1/OLFM1/EMILIN1/ROBO2
C3,Up,GO_BP,GO:0030282,bone mineralization,23/726,126/16355,6.705223044087408e-9,8.077214836185294e-7,6.578538668085758e-7,23,DDR2/SLC8A1/MEF2C/BMP4/ASPN/GPM6B/OSR2/TWIST1/SRGN/COL6A1/GPC3/AXIN2/COL1A2/PTN/CLEC3B/ENPP1/CCN1/RFLNB/BMP7/MGP/S1PR1/GJA1/TENT5A
C3,Up,GO_BP,GO:0003007,heart morphogenesis,35/726,266/16355,8.371741568933398e-9,9.832610472712276e-7,8.008231737650764e-7,35,ADAMTS1/ADAMTS5/PLXND1/ZFPM2/SLIT3/ENG/DLC1/MEF2C/BMP4/DCHS1/TWIST1/CPE/PKD2/TEK/AXIN2/ACVRL1/SMAD6/TBX3/CLDN5/KCNJ8/SNAI1/PITX2/CCM2L/COL5A1/SOX17/CITED2/MSX1/TGFBR3/CCN1/OLFM1/BMP7/S1PR1/GJA1/WNT2/ROBO2
C3,Up,GO_BP,GO:0043542,endothelial cell migration,32/726,232/16355,1.1634706416688364e-8,1.3331670913561447e-6,1.0858063626357434e-6,32,PLPP3/PRKD1/PLXND1/RHOJ/ZEB2/CCBE1/MEF2C/ADGRA2/GATA2/ANGPT1/MEOX2/JCAD/TEK/VSTM4/SERPINF1/SMOC2/ACVRL1/MMRN2/PTN/PTPRM/FGFR1/CCN3/FGF2/RGCC/TGFBR3/NR4A1/FGF18/DCN/KLF4/BMPER/SPARC/RHOB
C3,Up,GO_BP,GO:0060070,canonical Wnt signaling pathway,38/726,310/16355,1.3842738206495525e-8,1.5484091450979995e-6,1.2611116135491539e-6,38,NID1/RBMS3/DAB2/ZEB2/COL1A1/WNT2B/RECK/IGFBP4/ADGRA2/FZD7/CTHRC1/FZD4/RSPO3/HHEX/COL6A1/BICC1/GPC3/AXIN2/LRRK2/DKK2/SNAI1/FOXO3/SOX10/ZNF703/SOX17/FGF2/DACT1/DAAM2/TNN/FRZB/KLF4/EGR1/DKK3/WNT2/LGR6/JADE1/LRP4/BAMBI
C3,Up,GO_BP,GO:0085029,extracellular matrix assembly,14/726,49/16355,1.6203449552796717e-8,1.7703210697450924e-6,1.4418491829722418e-6,14,COL3A1/FBLN5/TNXB/ANTXR1/GPM6B/MFAP4/COL6A1/COL1A2/TIE1/MYH11/RGCC/FKBP10/TGFBR3/EMILIN1
C3,Up,GO_BP,GO:0010718,positive regulation of epithelial to mesenchymal transition,15/726,57/16355,1.7164831523868197e-8,1.8327358749802904e-6,1.4926833155325574e-6,15,FERMT2/DAB2/COL1A1/ENG/BMP4/TNXB/TWIST1/TGFB1I1/AXIN2/SNAI1/ZNF703/RGCC/OLFM1/BMP7/BAMBI
C3,Up,GO_BP,GO:0003170,heart valve development,17/726,74/16355,1.7898868765790746e-8,1.868641899148554e-6,1.5219272038280555e-6,17,ADAMTS5/SLIT3/MEF2C/BMP4/DCHS1/TWIST1/CDH11/AXIN2/SMAD6/TNFRSF1B/SNAI1/TIE1/NFATC1/CCN1/OLFM1/EMILIN1/ROBO2
C3,Up,GO_BP,GO:0060326,cell chemotaxis,38/726,314/16355,1.9641543623643662e-8,2.0059993900843027e-6,1.6337988803648676e-6,38,MMP2/CXCL12/PRKD1/PDGFRA/ENG/PDGFRB/FLT1/PDGFD/CSF1/VCAM1/ACKR4/AGTR1/CCL14/LPAR1/SMOC2/PREX1/CCL23/RARRES2/THBS4/CMKLR1/ITGB2/PTN/FGFR1/CCN3/FGF2/KIT/CXCL14/CCL19/GPR183/NR4A1/CCL2/FGF18/S1PR1/MPP1/CH25H/BST1/CCL8/DUSP1
C3,Up,GO_BP,GO:0072012,glomerulus vasculature development,11/726,29/16355,2.0338813346406145e-8,2.0330158532216186e-6,1.6558026095002542e-6,11,PDGFRA/PDGFRB/PDGFD/BMP4/ACTA2/ANGPT1/TEK/PECAM1/AQP1/BMP7/EGR1
C3,Up,GO_BP,GO:1903053,regulation of extracellular matrix organization,16/726,67/16355,2.6041065823130563e-8,2.5487693174389037e-6,2.075861277786834e-6,16,NID1/LAMA2/DDR2/AEBP1/RECK/TNXB/ANTXR1/COL6A1/AXIN2/TNFRSF1B/TIE1/RGCC/TGFBR3/EMILIN1/LRP1/ANGPTL7
C3,Up,GO_BP,GO:0010594,regulation of endothelial cell migration,27/726,180/16355,2.735809307279612e-8,2.6230269644080853e-6,2.1363408876393968e-6,27,PLPP3/PRKD1/RHOJ/CCBE1/MEF2C/ADGRA2/GATA2/ANGPT1/MEOX2/JCAD/TEK/SERPINF1/SMOC2/ACVRL1/MMRN2/PTN/PTPRM/FGFR1/FGF2/RGCC/TGFBR3/FGF18/DCN/KLF4/BMPER/SPARC/RHOB
C3,Up,GO_BP,GO:0003176,aortic valve development,13/726,45/16355,4.571119245983225e-8,4.295023643525838e-6,3.498109149294531e-6,13,ADAMTS5/SLIT3/BMP4/TWIST1/CDH11/AXIN2/SMAD6/TNFRSF1B/SNAI1/TIE1/NFATC1/EMILIN1/ROBO2
C3,Up,GO_BP,GO:0030111,regulation of Wnt signaling pathway,38/726,325/16355,4.961661403087774e-8,4.570565739550268e-6,3.7225261507170398e-6,38,RBMS3/PLPP3/DAB2/ZEB2/COL1A1/RECK/IGFBP4/ADGRA2/FZD7/CTHRC1/RSPO3/HHEX/BICC1/GPC3/AXIN2/LRRK2/DKK2/FOXO3/SOX10/TMEM237/KLF15/CMAHP/ZNF703/SOX17/FGF2/DACT1/DAAM2/TNN/FRZB/NFATC4/LRP1/EGR1/DKK3/LGR6/JADE1/LRP4/SULF1/BAMBI
C3,Up,GO_BP,GO:0007229,integrin-mediated signaling pathway,20/726,109/16355,5.9001276114372485e-8,5.3305383689484985e-6,4.341490661452308e-6,20,ADAMTS1/NID1/COL3A1/FERMT2/PLPP3/LAMA2/PRKD1/ITGA8/LIMS2/COL16A1/ITGA10/ITGA7/CCN2/ITGAM/ITGB2/PTN/ITGA11/ITGBL1/BST1/DST
C3,Up,GO_BP,GO:0030500,regulation of bone mineralization,17/726,80/16355,6.167070143079506e-8,5.4665840626768914e-6,4.452293936463556e-6,17,DDR2/SLC8A1/MEF2C/BMP4/GPM6B/OSR2/TWIST1/SRGN/PTN/ENPP1/CCN1/RFLNB/BMP7/MGP/S1PR1/GJA1/TENT5A
C3,Up,GO_BP,GO:0030199,collagen fibril organization,16/726,71/16355,6.283787872059059e-8,5.466895448691381e-6,4.452547546770892e-6,16,COL3A1/COL14A1/DDR2/COL1A1/AEBP1/TNXB/DPT/COL6A1/ADAMTS2/COL1A2/FMOD/COL5A1/FKBP10/LUM/EMILIN1/LOXL1
C3,Up,GO_BP,GO:0090092,regulation of transmembrane receptor protein serine/threonine kinase signaling pathway,34/726,275/16355,6.513665443405134e-8,5.563854591475876e-6,4.531516533354577e-6,34,DAB2/ZEB1/ZEB2/ENG/FBN1/BMP4/ASPN/GREM2/ITGA8/TGFB1I1/GPC3/ACVRL1/CHRDL1/SMAD6/TFAP2B/TSC22D1/ZNF703/CHRD/MAGI2/CCN3/CITED2/MSX1/TGFBR3/CCN1/ELAPOR2/ZNF423/BMP7/EMILIN1/CRIM1/LRP1/BMPER/DKK3/SULF1/BAMBI
C3,Up,GO_BP,GO:0072073,kidney epithelium development,24/726,153/16355,6.769866584061345e-8,5.588574490675368e-6,4.551649811477441e-6,24,WNT2B/MEF2C/KANK2/BMP4/DCHS1/GPC3/PKD2/PECAM1/PODXL/BCL2/IRX3/SMAD6/TFAP2B/KLF15/FGFR1/MAGI2/FGF2/POU3F3/AQP1/IRX1/BMP7/PBX1/BMPER/ROBO2
C3,Up,GO_BP,GO:0031214,biomineral tissue development,26/726,176/16355,6.780518219848787e-8,5.588574490675368e-6,4.551649811477441e-6,26,HACD1/DDR2/COL1A1/SLC8A1/MEF2C/BMP4/ASPN/GPM6B/OSR2/TWIST1/SRGN/COL6A1/GPC3/AXIN2/COL1A2/PTN/FGFR1/CLEC3B/ENPP1/CCN1/RFLNB/BMP7/MGP/S1PR1/GJA1/TENT5A
C3,Up,GO_BP,GO:0003180,aortic valve morphogenesis,12/726,39/16355,6.924579876688673e-8,5.6089097001178255e-6,4.568211951318209e-6,12,ADAMTS5/SLIT3/BMP4/TWIST1/CDH11/AXIN2/SMAD6/SNAI1/TIE1/NFATC1/EMILIN1/ROBO2
C3,Up,GO_BP,GO:0048745,smooth muscle tissue development,10/726,26/16355,7.77181755819977e-8,6.085860607759867e-6,4.9566676321855026e-6,10,COL3A1/ENG/BMP4/NPR2/MYLK/ITGA8/PKD2/TFAP2B/TNN/ZFAND5
C3,Up,GO_BP,GO:0090596,sensory organ morphogenesis,34/726,277/16355,7.783354016221612e-8,6.085860607759867e-6,4.9566676321855026e-6,34,MFAP5/ZEB1/WNT2B/FBN1/BMP4/PRRX1/OSR2/RORB/CTHRC1/TWIST1/GATA2/ITGA8/BCL2/TBX3/TFAP2B/PITX2/FOXF2/CYP26B1/COL5A1/PTPRM/FGFR1/FGF2/CITED2/MSX1/AQP1/SOBP/FRZB/BMP7/NTRK2/COL8A2/COL8A1/SPARC/WNT2/MAFB
C3,Up,GO_BP,GO:0001936,regulation of endothelial cell proliferation,23/726,143/16355,7.902032717610725e-8,6.085860607759867e-6,4.9566676321855026e-6,23,CXCL12/PRKD1/ENG/MEF2C/FLT1/BMP4/GATA2/AGTR1/JCAD/TEK/ACVRL1/MMRN2/THBS4/TIE1/PTPRM/FGFR1/PPP1R16B/FGF2/RGCC/NR4A1/CCL2/SPARC/SULF1
C3,Up,GO_BP,GO:0001656,metanephros development,18/726,91/16355,8.161327670053837e-8,6.1841802248246665e-6,5.036744665644431e-6,18,PDGFRA/FBN1/PDGFRB/BMP4/OSR2/ITGA8/GPC3/PKD2/BCL2/IRX3/TFAP2B/SOX17/POU3F3/AQP1/IRX1/BMP7/EGR1/ROBO2
C3,Up,GO_BP,GO:0150115,cell-substrate junction organization,19/726,103/16355,1.154866191036084e-7,8.612002167440511e-6,7.014099589667779e-6,19,FERMT2/DLC1/LIMCH1/GPM6B/TNS1/CDH11/PEAK1/TEK/ACVRL1/BCL2/PIK3R1/COL16A1/EPHA3/APOD/FAM107A/MYOC/STON1/SORBS1/DST
C3,Up,GO_BP,GO:1905314,semi-lunar valve development,13/726,49/16355,1.3949144075713313e-7,1.0239543573078304e-5,8.33966097289768e-6,13,ADAMTS5/SLIT3/BMP4/TWIST1/CDH11/AXIN2/SMAD6/TNFRSF1B/SNAI1/TIE1/NFATC1/EMILIN1/ROBO2
C3,Up,GO_BP,GO:0035107,appendage morphogenesis,23/726,149/16355,1.71217265654623e-7,1.2187556273415438e-5,9.926232227345368e-6,23,COL3A1/RECK/BMP4/PRRX1/OSR2/NPR2/TWIST1/COL6A1/GPC3/TBX3/TFAP2B/MBNL1/CYP26B1/FGFR1/AFF3/MSX1/BMP7/CACNA1C/PBX1/ZBTB16/GJA1/ERRFI1/LRP4
C3,Up,GO_BP,GO:0035108,limb morphogenesis,23/726,149/16355,1.71217265654623e-7,1.2187556273415438e-5,9.926232227345368e-6,23,COL3A1/RECK/BMP4/PRRX1/OSR2/NPR2/TWIST1/COL6A1/GPC3/TBX3/TFAP2B/MBNL1/CYP26B1/FGFR1/AFF3/MSX1/BMP7/CACNA1C/PBX1/ZBTB16/GJA1/ERRFI1/LRP4
C3,Up,GO_BP,GO:0001649,osteoblast differentiation,30/726,235/16355,1.9143818185334892e-7,1.3255679504977731e-5,1.0796171943401235e-5,30,FERMT2/PRKD1/DDR2/COL1A1/MEF2C/BMP4/IGFBP5/RORB/CTHRC1/TWIST1/COL6A1/AXIN2/SMAD6/ID4/SNAI1/CHRD/FGF2/IL6ST/PENK/TNN/CCN1/ITGA11/BMP7/GJA1/CRIM1/TENT5A/JUND/MYOC/TMT1A/BAMBI
C3,Up,GO_BP,GO:0007044,cell-substrate junction assembly,18/726,96/16355,1.918659443036368e-7,1.3255679504977731e-5,1.0796171943401235e-5,18,FERMT2/DLC1/LIMCH1/GPM6B/TNS1/CDH11/PEAK1/TEK/ACVRL1/BCL2/COL16A1/EPHA3/APOD/FAM107A/MYOC/STON1/SORBS1/DST
C3,Up,GO_BP,GO:0048736,appendage development,26/726,186/16355,2.091009253113904e-7,1.4033659244470172e-5,1.142980245875044e-5,26,COL3A1/FERMT2/RECK/BMP4/PRRX1/OSR2/NPR2/TWIST1/COL6A1/GPC3/MEOX2/TBX3/TFAP2B/PITX2/MBNL1/CYP26B1/FGFR1/AFF3/MSX1/BMP7/CACNA1C/PBX1/ZBTB16/GJA1/ERRFI1/LRP4
C3,Up,GO_BP,GO:0060173,limb development,26/726,186/16355,2.091009253113904e-7,1.4033659244470172e-5,1.142980245875044e-5,26,COL3A1/FERMT2/RECK/BMP4/PRRX1/OSR2/NPR2/TWIST1/COL6A1/GPC3/MEOX2/TBX3/TFAP2B/PITX2/MBNL1/CYP26B1/FGFR1/AFF3/MSX1/BMP7/CACNA1C/PBX1/ZBTB16/GJA1/ERRFI1/LRP4
C3,Up,GO_BP,GO:0002009,morphogenesis of an epithelium,48/726,490/16355,2.3146016988354638e-7,1.5315491241026774e-5,1.2473798629009506e-5,48,MMP2/FERMT2/COL4A1/PLXND1/WNT2B/ENG/DLC1/MEF2C/BMP4/IGFBP5/CSF1/CTHRC1/DCHS1/TWIST1/RSPO3/TGFB1I1/GPC3/PKD2/ACVRL1/AR/PODXL/BCL2/IRX3/TBX3/MMRN2/ID4/SNAI1/FOXF2/SOX10/TIE1/COL5A1/FGFR1/SOX17/FGF2/CITED2/CCN1/IRX1/FRZB/BMP7/PBX1/NFATC4/GJA1/KLF4/RHOB/WNT2/SOCS3/ADM/SULF1
C3,Up,GO_BP,GO:0007162,negative regulation of cell adhesion,34/726,291/16355,2.563465883138262e-7,1.672661488747716e-5,1.3623097200595881e-5,34,MMP2/POSTN/CXCL12/FBLN1/PLXND1/COL1A1/DLC1/BMP4/LRRC32/FZD7/DAPL1/FZD4/ANGPT1/PDE5A/PLXNC1/ACVRL1/PODXL/PIK3R1/FGL2/HLX/ZNF703/PRKG1/APOD/RUNX3/FAM107A/RGCC/LAPTM5/PLA2G5/KLF4/GPNMB/MYOC/DUSP1/SPOCK1/BCL6
C3,Up,GO_BP,GO:0045667,regulation of osteoblast differentiation,21/726,131/16355,3.0584129040440245e-7,1.968277236054634e-5,1.6030758336265362e-5,21,FERMT2/PRKD1/DDR2/MEF2C/BMP4/IGFBP5/RORB/CTHRC1/TWIST1/AXIN2/SMAD6/CHRD/FGF2/IL6ST/TNN/CCN1/BMP7/CRIM1/TENT5A/JUND/BAMBI
C3,Up,GO_BP,GO:0060828,regulation of canonical Wnt signaling pathway,31/726,254/16355,3.307911776875644e-7,2.076729525287702e-5,1.6914054859673317e-5,31,RBMS3/DAB2/ZEB2/COL1A1/RECK/IGFBP4/ADGRA2/FZD7/CTHRC1/RSPO3/HHEX/BICC1/GPC3/AXIN2/LRRK2/DKK2/FOXO3/SOX10/ZNF703/SOX17/FGF2/DACT1/DAAM2/TNN/FRZB/EGR1/DKK3/LGR6/JADE1/LRP4/BAMBI
C3,Up,GO_BP,GO:0150063,visual system development,42/726,407/16355,3.331042525742922e-7,2.076729525287702e-5,1.6914054859673317e-5,42,MFAP5/COL4A1/PDGFRA/RHOJ/ZEB1/WNT2B/FBN1/PDGFRB/FLT1/BMP4/OSR2/RORB/TWIST1/FZD4/NES/MITF/VSTM4/SERPINF1/ACVRL1/BCL2/CHRDL1/TFAP2B/PITX2/FOXF2/ITGAM/COL5A1/PTPRM/FGF2/CITED2/LAMC3/AQP1/BMP7/CACNA1C/PBX1/NTRK2/GJA1/KLF4/COL8A2/COL8A1/WNT2/SLC25A25/ANGPTL7
C3,Up,GO_BP,GO:0050680,negative regulation of epithelial cell proliferation,22/726,143/16355,3.359545421921357e-7,2.076729525287702e-5,1.6914054859673317e-5,22,DAB2/ZEB1/ENG/MEF2C/FLT1/BMP4/GPC3/SERPINF1/ACVRL1/AR/LIMS2/MMRN2/PTPRM/RUNX3/RGN/RGCC/TGFBR3/CCL2/NUPR1/SPARC/SULF1/KLF9
C3,Up,GO_BP,GO:0048762,mesenchymal cell differentiation,31/726,255/16355,3.610374751196333e-7,2.1932986040658073e-5,1.7863459088479327e-5,31,FERMT2/DAB2/COL1A1/ENG/MEF2C/BMP4/TNXB/QKI/TWIST1/TGFB1I1/AXIN2/BCL2/TBX3/EPHA3/SNAI1/PITX2/FOXF2/SOX10/SEMA3G/ZNF703/FGFR1/CITED2/MSX1/RGCC/TGFBR3/RFLNB/OLFM1/FRZB/BMP7/WNT2/BAMBI
C3,Up,GO_BP,GO:0070167,regulation of biomineral tissue development,18/726,100/16355,3.6414919352305865e-7,2.1932986040658073e-5,1.7863459088479327e-5,18,DDR2/SLC8A1/MEF2C/BMP4/ASPN/GPM6B/OSR2/TWIST1/SRGN/PTN/ENPP1/CCN1/RFLNB/BMP7/MGP/S1PR1/GJA1/TENT5A
C3,Up,GO_BP,GO:0010463,mesenchymal cell proliferation,12/726,45/16355,3.984248726789188e-7,2.3633879133030983e-5,1.9248762216523858e-5,12,ZEB1/BMP4/PRRX1/DCHS1/GPC3/CHRD/FGFR1/MSX1/BMP7/IRS2/SYNE1/WNT2
C3,Up,GO_BP,GO:1901343,negative regulation of vasculature development,20/726,122/16355,4.0245004909375874e-7,2.3633879133030983e-5,1.9248762216523858e-5,20,ADAMTS1/COL4A2/THBS2/QKI/HHEX/TEK/SERPINF1/CLDN5/STAB1/THBS4/KLF2/TIE1/PTPRM/RGCC/EMILIN1/DCN/KLF4/SPARC/ANGPTL7/SULF1
C3,Up,GO_BP,GO:0048880,sensory system development,42/726,414/16355,5.272661789989367e-7,3.0581438381938325e-5,2.4907245752581354e-5,42,MFAP5/COL4A1/PDGFRA/RHOJ/ZEB1/WNT2B/FBN1/PDGFRB/FLT1/BMP4/OSR2/RORB/TWIST1/FZD4/NES/MITF/VSTM4/SERPINF1/ACVRL1/BCL2/CHRDL1/TFAP2B/PITX2/FOXF2/ITGAM/COL5A1/PTPRM/FGF2/CITED2/LAMC3/AQP1/BMP7/CACNA1C/PBX1/NTRK2/GJA1/KLF4/COL8A2/COL8A1/WNT2/SLC25A25/ANGPTL7
C3,Up,GO_BP,GO:0002062,chondrocyte differentiation,19/726,114/16355,6.014909460968568e-7,3.446103005808577e-5,2.8067003710681316e-5,19,COL3A1/WNT2B/MEF2C/BMP4/OSR2/NPR2/SCIN/AXIN2/ACVRL1/CCN2/CYTL1/FGFR1/RUNX3/CCN3/RFLNB/FGF18/ZBTB16/MUSTN1/SULF1
C3,Up,GO_BP,GO:0090100,positive regulation of transmembrane receptor protein serine/threonine kinase signaling pathway,18/726,104/16355,6.675657909390328e-7,3.7429398434051496e-5,3.0484610093382896e-5,18,DAB2/ZEB2/ENG/BMP4/ITGA8/TGFB1I1/GPC3/ACVRL1/TSC22D1/CITED2/MSX1/TGFBR3/CCN1/ELAPOR2/ZNF423/BMP7/BMPER/SULF1
C3,Up,GO_BP,GO:0001654,eye development,41/726,403/16355,6.692357318987496e-7,3.7429398434051496e-5,3.0484610093382896e-5,41,MFAP5/COL4A1/PDGFRA/RHOJ/ZEB1/WNT2B/FBN1/PDGFRB/FLT1/BMP4/OSR2/RORB/TWIST1/FZD4/NES/MITF/VSTM4/SERPINF1/ACVRL1/BCL2/CHRDL1/TFAP2B/PITX2/FOXF2/COL5A1/PTPRM/FGF2/CITED2/LAMC3/AQP1/BMP7/CACNA1C/PBX1/NTRK2/GJA1/KLF4/COL8A2/COL8A1/WNT2/SLC25A25/ANGPTL7
C3,Up,GO_BP,GO:0048041,focal adhesion assembly,16/726,85/16355,8.642612930938129e-7,4.7477262367355895e-5,3.8668156372328365e-5,16,FERMT2/DLC1/LIMCH1/GPM6B/CDH11/PEAK1/TEK/ACVRL1/BCL2/COL16A1/EPHA3/APOD/FAM107A/MYOC/STON1/SORBS1
C3,Up,GO_BP,GO:0001837,epithelial to mesenchymal transition,24/726,175/16355,8.691027168140927e-7,4.7477262367355895e-5,3.8668156372328365e-5,24,FERMT2/DAB2/COL1A1/ENG/BMP4/TNXB/QKI/TWIST1/TGFB1I1/AXIN2/TBX3/EPHA3/SNAI1/FOXF2/ZNF703/FGFR1/MSX1/RGCC/TGFBR3/RFLNB/OLFM1/BMP7/WNT2/BAMBI
C3,Up,GO_BP,GO:0006956,complement activation,13/726,57/16355,9.364690070767042e-7,4.999467494598132e-5,4.071847895602656e-5,13,SERPING1/CFH/CFHR1/C1S/C1R/SVEP1/CLU/A2M/MASP1/C7/C4A/C4B/RGCC
C3,Up,GO_BP,GO:0072132,mesenchyme morphogenesis,13/726,57/16355,9.364690070767042e-7,4.999467494598132e-5,4.071847895602656e-5,13,ADAMTS5/ENG/ACTA2/DCHS1/TWIST1/ACVRL1/TBX3/SNAI1/FGFR1/MSX1/BMP7/ACTG2/ROBO2
C3,Up,GO_BP,GO:0030509,BMP signaling pathway,22/726,152/16355,9.815362657661205e-7,5.0801684202754495e-5,4.137575274517994e-5,22,ENG/FBN1/BMP4/GREM2/GPC3/ACVRL1/CHRDL1/SMAD6/TFAP2B/SMAD9/CHRD/MSX1/TGFBR3/CCN1/ELAPOR2/ZNF423/BMP7/CRIM1/BMPER/EGR1/SULF1/BAMBI
C3,Up,GO_BP,GO:0035051,cardiocyte differentiation,22/726,152/16355,9.815362657661205e-7,5.0801684202754495e-5,4.137575274517994e-5,22,COL14A1/PDGFRA/PDGFRB/SLC8A1/MEF2C/BMP4/VCAM1/FZD7/TWIST1/SGCD/IRX3/TBX3/KCNJ8/PITX2/PRKG1/SOX17/MYH11/CITED2/TGFBR3/BMP7/SYNE1/SORBS2
C3,Up,GO_BP,GO:0033002,muscle cell proliferation,27/726,214/16355,9.84025811505036e-7,5.0801684202754495e-5,4.137575274517994e-5,27,MMP2/ADAMTS1/DDR2/ZFPM2/TLR4/PDGFRB/MEF2C/PDGFD/BMP4/IGFBP5/ANGPT1/PIK3R1/PDE1A/OGN/FGFR1/PRKG1/APOD/CCN3/FGF2/CITED2/TGFBR3/CNN1/S1PR1/GJA1/KLF4/WNT2/JUN
C3,Up,GO_BP,GO:0030510,regulation of BMP signaling pathway,18/726,107/16355,1.0298555070525285e-6,5.2024313678847086e-5,4.2371531048510936e-5,18,ENG/FBN1/BMP4/GREM2/GPC3/ACVRL1/CHRDL1/SMAD6/TFAP2B/CHRD/MSX1/CCN1/ELAPOR2/ZNF423/CRIM1/BMPER/SULF1/BAMBI
C3,Up,GO_BP,GO:0032963,collagen metabolic process,18/726,107/16355,1.0298555070525285e-6,5.2024313678847086e-5,4.2371531048510936e-5,18,MMP2/CTSK/DDR2/COL1A1/ENG/BMP4/TNXB/TNS2/MFAP4/F2R/COL6A1/ADAMTS2/COL1A2/MMP27/CYGB/COL5A1/RGCC/EMILIN1
C3,Up,GO_BP,GO:0048705,skeletal system morphogenesis,28/726,228/16355,1.077590426635315e-6,5.385659387587989e-5,4.3863843234259466e-05,28,MMP2/COL3A1/PDGFRA/ZEB1/COL1A1/CSGALNACT1/MEF2C/BMP4/PRRX1/OSR2/NPR2/TWIST1/TEK/AXIN2/CCN2/CYP26B1/GHR/ARID5B/FGFR1/COL13A1/CITED2/MSX1/RFLNB/BMP7/FGF18/MGP/CSRNP1/ZFAND5
C3,Up,GO_BP,GO:0042692,muscle cell differentiation,40/726,396/16355,1.0997482722811908e-6,5.4385446138705625e-5,4.4294570301851845e-5,40,NID1/JAM2/COL14A1/LAMA2/PRKD1/PDGFRA/ADAMTS5/ZEB1/ENG/PDGFRB/SLC8A1/MEF2C/BMP4/IGFBP5/MYL9/QKI/FZD7/COL6A1/ITGA8/SGCD/ANK2/PGM5/BCL2/IRX3/TBX3/LMOD1/KCNJ8/CYP26B1/PRKG1/TMEM204/MYH11/CCN3/KIT/LDB3/NFATC1/MSX1/NFATC4/SYNE1/ADM/SORBS2
C3,Up,GO_BP,GO:0035924,cellular response to vascular endothelial growth factor stimulus,14/726,67/16355,1.117973014887138e-6,5.471080441603931e-5,4.455956040695994e-5,14,PRKD1/PDGFRA/CCBE1/PDGFRB/FLT1/TNXB/VCAM1/ADGRA2/JCAD/SMOC2/NR4A1/EMILIN1/DCN/GAS1
C3,Up,GO_BP,GO:0001763,morphogenesis of a branching structure,26/726,203/16355,1.1680631818575972e-6,5.6217547092864386e-5,4.5786736502108864e-5,26,COL4A1/PLXND1/WNT2B/ENG/BMP4/CSF1/DCHS1/RSPO3/GPC3/PKD2/AR/LRRK2/BCL2/TBX3/SOX10/TIE1/FGFR1/FGF2/COL13A1/BMP7/PBX1/NFATC4/WNT2/SOCS3/ADM/SULF1
C3,Up,GO_BP,GO:0048545,response to steroid hormone,36/726,339/16355,1.179675356061699e-6,5.6217547092864386e-5,4.5786736502108864e-5,36,DAB2/TFPI/COL1A1/SLIT3/KANK2/LMO3/A2M/AXIN2/SERPINF1/TXNIP/AR/CDO1/BCL2/FOXO3/GHR/SOX10/PDE3A/BCKDHB/TRIM63/FAM107A/PTGER2/ZFP36L2/AQP1/MGARP/PLPP1/NR1D1/JUND/SGK1/FOSB/ZFP36/ADM/NR3C2/ERRFI1/PTGDS/JUN/KLF9
C3,Up,GO_BP,GO:0016525,negative regulation of angiogenesis,19/726,119/16355,1.184660954064192e-6,5.6217547092864386e-5,4.5786736502108864e-5,19,ADAMTS1/COL4A2/THBS2/QKI/HHEX/TEK/SERPINF1/CLDN5/STAB1/THBS4/KLF2/TIE1/PTPRM/RGCC/EMILIN1/DCN/KLF4/SPARC/SULF1
C3,Up,GO_BP,GO:0045598,regulation of fat cell differentiation,20/726,131/16355,1.2931431147151163e-6,6.075186352931616e-5,4.94797391788363e-5,20,FERMT2/MEDAG/ZFPM2/RUNX1T1/GATA2/LMO3/TGFB1I1/AXIN2/ID4/LPL/CCDC3/RARRES2/CMKLR1/ZFP36L2/ENPP1/NR1D1/FRZB/BMP7/ZBTB16/ZFP36
C3,Up,GO_BP,GO:2000181,negative regulation of blood vessel morphogenesis,19/726,120/16355,1.3500798464600623e-6,6.279876355118191e-5,5.1146849837231126e-5,19,ADAMTS1/COL4A2/THBS2/QKI/HHEX/TEK/SERPINF1/CLDN5/STAB1/THBS4/KLF2/TIE1/PTPRM/RGCC/EMILIN1/DCN/KLF4/SPARC/SULF1
C3,Up,GO_BP,GO:1904018,positive regulation of vasculature development,23/726,168/16355,1.509566465669955e-6,6.952885544821028e-5,5.662821571424444e-5,23,CXCL12/PRKD1/ENG/CCBE1/FLT1/TWIST1/GATA2/PTGIS/JCAD/TEK/SMOC2/ACVRL1/TIE1/FGF2/AQP1/TNN/FGF18/DDAH1/EMILIN1/KLF4/BMPER/RHOB/ADM
C3,Up,GO_BP,GO:0014706,striated muscle tissue development,40/726,402/16355,1.607949750553727e-6,7.334124202040203e-5,5.973323805071843e-5,40,GJC1/COL14A1/PDGFRA/ZFPM2/ENG/PDGFRB/SLC8A1/MEF2C/BMP4/HLF/FZD7/TWIST1/COL6A1/MEOX2/SGCD/PLN/PGM5/BCL2/IRX3/EYA2/TBX3/KCNJ8/CYP26B1/HLX/FGFR1/PRKG1/MYH11/FGF2/CITED2/MSX1/TGFBR3/NR4A1/NUPR1/BMP7/S1PR1/GJA1/SYNE1/EGR1/WNT2/SORBS2
C3,Up,GO_BP,GO:0048738,cardiac muscle tissue development,28/726,233/16355,1.6662663995682403e-6,7.527038024203454e-5,6.130443686670601e-5,28,GJC1/COL14A1/PDGFRA/ZFPM2/ENG/PDGFRB/SLC8A1/MEF2C/BMP4/FZD7/SGCD/PLN/IRX3/TBX3/KCNJ8/FGFR1/PRKG1/MYH11/FGF2/CITED2/MSX1/TGFBR3/BMP7/S1PR1/GJA1/SYNE1/WNT2/SORBS2
C3,Up,GO_BP,GO:0010812,negative regulation of cell-substrate adhesion,13/726,60/16355,1.7475713353613319e-6,7.819133460502416e-5,6.368342660690168e-5,13,POSTN/FBLN1/COL1A1/DLC1/FZD7/FZD4/ACVRL1/PIK3R1/APOD/FAM107A/MYOC/SPOCK1/BCL6
C3,Up,GO_BP,GO:0003151,outflow tract morphogenesis,15/726,80/16355,1.9949509274516667e-6,8.841773072799934e-5,7.201237955597626e-5,15,PLXND1/ZFPM2/ENG/MEF2C/BMP4/TWIST1/SMAD6/TBX3/CLDN5/PITX2/SOX17/CITED2/TGFBR3/BMP7/ROBO2
C3,Up,GO_BP,GO:0050920,regulation of chemotaxis,26/726,209/16355,2.035814019533312e-6,8.938555386698599e-5,7.280062922777757e-5,26,CXCL12/PRKD1/PDGFRA/PDGFRB/PDGFD/CSF1/ADGRA2/NTRK3/LPAR1/SMOC2/RARRES2/THBS4/CMKLR1/PTN/FGFR1/CCN3/FGF2/CCL19/GPR183/CCL2/FGF18/S1PR1/MPP1/BST1/DUSP1/ROBO2
C3,Up,GO_BP,GO:0003156,regulation of animal organ formation,9/726,28/16355,2.0558056676241136e-6,8.942754654164894e-5,7.283483042703364e-5,9,WNT2B/BMP4/FGFR1/FGF2/CITED2/BMP7/WNT2/ROBO2/SULF1
C3,Up,GO_BP,GO:0003197,endocardial cushion development,12/726,52/16355,2.148285441375888e-6,9.259307342737544e-5,7.541301380397251e-5,12,ADAMTS5/ENG/BMP4/DCHS1/TWIST1/ACVRL1/TBX3/SNAI1/CITED2/MSX1/BMP7/ROBO2
C3,Up,GO_BP,GO:0043491,phosphatidylinositol 3-kinase/protein kinase B signal transduction,33/726,305/16355,2.178269692211297e-6,9.303191830916977e-5,7.577043379127334e-5,33,FERMT2/PRKD1/PDGFRA/DDR2/ENG/PDGFRB/FLT1/PDGFD/IGFBP5/NTRK3/TWIST1/ANGPT1/F2R/COL6A1/COL6A3/TEK/PIK3R1/PEAR1/ROR1/PREX2/COL6A2/HCLS1/FGFR1/PPP1R16B/MAGI2/FGF2/KIT/CCL19/NTRK2/DCN/IRS2/MYOC/ERRFI1
C3,Up,GO_BP,GO:0003012,muscle system process,42/726,439/16355,2.4459672341929214e-6,1.0352391050665176e-4,8.431570314169056e-5,42,GJC1/COL14A1/PRKD1/CACNA2D1/SLC8A1/IGFBP5/MYL9/ACTA2/KCNE4/MYLK/TPM2/F2R/COL6A1/SGCD/PDE5A/PLN/SCN7A/ANK2/TNFRSF1B/TBX3/LMOD1/KCNJ8/SCN4B/FOXO3/ADRA2A/KLF15/SYNM/TRIM63/PRKG1/MYH11/KIT/NFATC1/IL6ST/NR4A1/CACNA1C/KCNJ2/CNN1/GJA1/SSPN/MYOC/SORBS2/SULF1
C3,Up,GO_BP,GO:0048251,elastic fiber assembly,6/726,11/16355,2.8598036417325726e-6,1.1887161327890538e-4,9.681573665587172e-5,6,COL3A1/FBLN5/TNXB/MFAP4/MYH11/EMILIN1
C3,Up,GO_BP,GO:0010811,positive regulation of cell-substrate adhesion,19/726,126/16355,2.865741992832056e-6,1.1887161327890538e-4,9.681573665587172e-5,19,NID1/HACD1/FERMT2/FBLN1/DAB2/CSF1/FBLN2/TEK/PREX1/ABI3BP/LIMS2/COL16A1/ECM2/CCN1/EDIL3/EMILIN1/COL8A1/MYOC/VIT
C3,Up,GO_BP,GO:0061138,morphogenesis of a branching epithelium,24/726,187/16355,2.884496363089658e-6,1.1887161327890538e-4,9.681573665587172e-5,24,COL4A1/PLXND1/WNT2B/ENG/BMP4/CSF1/DCHS1/RSPO3/GPC3/PKD2/AR/BCL2/TBX3/SOX10/TIE1/FGFR1/FGF2/BMP7/PBX1/NFATC4/WNT2/SOCS3/ADM/SULF1
C3,Up,GO_BP,GO:0007266,Rho protein signal transduction,20/726,138/16355,2.967618926971482e-6,1.2055189272613292e-4,9.818425087035763e-5,20,DOCK10/COL3A1/EPS8/RHOJ/DOCK11/DLC1/RHOU/KANK2/RHOBTB1/F2R/AGTR1/TEK/COL1A2/LPAR1/LRRK2/ARHGAP20/ADRA2A/MYOC/RHOB/BCL6
C3,Up,GO_BP,GO:0048659,smooth muscle cell proliferation,21/726,150/16355,2.9765899438551336e-6,1.2055189272613292e-4,9.818425087035763e-5,21,MMP2/ADAMTS1/DDR2/TLR4/PDGFRB/MEF2C/PDGFD/BMP4/IGFBP5/PIK3R1/PDE1A/OGN/PRKG1/APOD/CCN3/FGF2/CNN1/S1PR1/GJA1/KLF4/JUN
C3,Up,GO_BP,GO:0071772,response to BMP,22/726,163/16355,3.226374059952811e-6,1.284534350310026e-4,1.0461971193513354e-4,22,ENG/FBN1/BMP4/GREM2/GPC3/ACVRL1/CHRDL1/SMAD6/TFAP2B/SMAD9/CHRD/MSX1/TGFBR3/CCN1/ELAPOR2/ZNF423/BMP7/CRIM1/BMPER/EGR1/SULF1/BAMBI
C3,Up,GO_BP,GO:0071773,cellular response to BMP stimulus,22/726,163/16355,3.226374059952811e-6,1.284534350310026e-4,1.0461971193513354e-4,22,ENG/FBN1/BMP4/GREM2/GPC3/ACVRL1/CHRDL1/SMAD6/TFAP2B/SMAD9/CHRD/MSX1/TGFBR3/CCN1/ELAPOR2/ZNF423/BMP7/CRIM1/BMPER/EGR1/SULF1/BAMBI
C3,Up,GO_BP,GO:0043010,camera-type eye development,36/726,355/16355,3.458510999028566e-6,1.3653852666753113e-4,1.1120466591303703e-4,36,COL4A1/PDGFRA/RHOJ/ZEB1/WNT2B/FBN1/PDGFRB/FLT1/BMP4/OSR2/RORB/TWIST1/FZD4/NES/MITF/VSTM4/SERPINF1/ACVRL1/TFAP2B/PITX2/FOXF2/PTPRM/FGF2/CITED2/LAMC3/AQP1/BMP7/CACNA1C/NTRK2/GJA1/KLF4/COL8A2/COL8A1/WNT2/SLC25A25/ANGPTL7
C3,Up,GO_BP,GO:0045766,positive regulation of angiogenesis,22/726,165/16355,3.954624750827162e-6,1.5473289484895766e-4,1.260231840595015e-4,22,PRKD1/ENG/CCBE1/FLT1/TWIST1/GATA2/PTGIS/JCAD/TEK/SMOC2/ACVRL1/TIE1/FGF2/AQP1/TNN/FGF18/DDAH1/EMILIN1/KLF4/BMPER/RHOB/ADM
C3,Up,GO_BP,GO:0001667,ameboidal-type cell migration,27/726,230/16355,3.9852448439173855e-6,1.5473289484895766e-4,1.260231840595015e-4,27,DDR2/ZEB2/PTPRG/KANK2/BMP4/ACTA2/TNS1/TWIST1/ENPP2/GPC3/SNAI1/PITX2/SOX10/ARID5B/SEMA3G/CYGB/SOX17/CCN3/FGF2/KIT/CD248/DAAM2/AQP1/BMP7/GJA1/IRS2/ZFAND5
C3,Up,GO_BP,GO:0043583,ear development,26/726,218/16355,4.4778741827612095e-6,1.7243485992305053e-4,1.404406613834081e-4,26,ZEB1/LIN7A/EYA4/BMP4/PRRX1/OSR2/CTHRC1/DCHS1/TWIST1/GATA2/ITGA8/BCL2/PLPPR4/TBX3/ROR1/CYTL1/FGFR1/C1QTNF5/FGF2/MSX1/SOBP/FRZB/BMPER/SPARC/MAFB/SLC25A27
C3,Up,GO_BP,GO:0060349,bone morphogenesis,16/726,97/16355,5.301772727932081e-6,2.0004603244554704e-4,1.6292875533587944e-4,16,COL3A1/COL1A1/CSGALNACT1/MEF2C/BMP4/OSR2/NPR2/TWIST1/TEK/AXIN2/CYP26B1/GHR/COL13A1/CITED2/MSX1/FGF18
C3,Up,GO_BP,GO:1901888,regulation of cell junction assembly,29/726,261/16355,5.308823239433822e-6,2.0004603244554704e-4,1.6292875533587944e-4,29,DOCK10/FERMT2/MAP1B/LIN7A/NEGR1/DLC1/MEF2C/LIMCH1/THBS2/GPM6B/PEAK1/TEK/ACVRL1/IRX3/COL16A1/EPHA3/CLDN5/SNAI1/CLSTN2/ELMO1/FGFR1/APOD/FAM107A/IGSF11/NTRK2/DCLK1/MYOC/ROBO2/LRP4
C3,Up,GO_BP,GO:0002043,blood vessel endothelial cell proliferation involved in sprouting angiogenesis,9/726,31/16355,5.322638155745717e-6,2.0004603244554704e-4,1.6292875533587944e-4,9,BMP4/GATA2/AGTR1/JCAD/ACVRL1/MMRN2/PPP1R16B/FGF2/BMPER
C3,Up,GO_BP,GO:0035904,aorta development,13/726,66/16355,5.409332064347777e-6,2.0169080982782424e-4,1.6426835466920776e-4,13,COL3A1/PLXND1/ENG/PDGFRB/MYLK/PKD2/ACVRL1/SMAD6/TFAP2B/FKBP10/LRP1/LOXL1/ROBO2
C3,Up,GO_BP,GO:0001952,regulation of cell-matrix adhesion,18/726,120/16355,5.618316072985771e-6,2.0783345599123743e-4,1.6927127165605702e-4,18,POSTN/FERMT2/DLC1/LIMCH1/CSF1/GPM6B/PEAK1/TEK/ACVRL1/BCL2/PIK3R1/COL16A1/EPHA3/APOD/FAM107A/BST1/MYOC/BCL6
C3,Up,GO_BP,GO:1901654,response to ketone,26/726,222/16355,6.253858432267174e-6,2.2953614777180612e-4,1.8694716612903931e-4,26,POSTN/PTGFR/PRKD1/SLIT3/ABCB4/A2M/AXIN2/GNG2/SERPINF1/TXNIP/AR/FOXO3/GHR/ITGAM/SOX10/KLF2/PTGER2/CCL19/ADCY2/AQP1/TGFBR3/KLF4/SGK1/FOSB/ERRFI1/KLF9
C3,Up,GO_BP,GO:0042327,positive regulation of phosphorylation,42/726,456/16355,6.365258298512674e-6,2.318138254760662e-4,1.888022351292825e-4,42,FERMT2/PLPP3/DDR2/DAB2/TLR4/FBN1/PDGFRB/FLT1/BMP4/LIMCH1/NTRK3/FZD7/ANGPT1/ENPP2/GFRA1/LEPR/PDE5A/TEK/AXIN2/PECAM1/AR/LRRK2/TCIM/CLIP3/RARRES2/FAXDC2/HCLS1/THBS4/GHR/ADRA2A/FGFR1/FGF2/KIT/CCL19/CEMIP/RGCC/CCN1/FGF18/NTRK2/GPNMB/PELI2/LRP4
C3,Up,GO_BP,GO:0060840,artery development,17/726,110/16355,6.750570186725371e-6,2.4395522105566e-4,1.9869087148782774e-4,17,COL3A1/PLXND1/ENG/PDGFRB/BMP4/PRRX1/MYLK/PKD2/ADGRF5/ACVRL1/SMAD6/TFAP2B/CITED2/FKBP10/LRP1/LOXL1/ROBO2
C3,Up,GO_BP,GO:0030326,embryonic limb morphogenesis,18/726,122/16355,7.12548185252287e-6,2.519049780038548e-4,2.0516560127355703e-4,18,RECK/BMP4/PRRX1/OSR2/TWIST1/GPC3/TBX3/MBNL1/CYP26B1/FGFR1/AFF3/MSX1/BMP7/CACNA1C/PBX1/ZBTB16/GJA1/LRP4
C3,Up,GO_BP,GO:0035113,embryonic appendage morphogenesis,18/726,122/16355,7.12548185252287e-6,2.519049780038548e-4,2.0516560127355703e-4,18,RECK/BMP4/PRRX1/OSR2/TWIST1/GPC3/TBX3/MBNL1/CYP26B1/FGFR1/AFF3/MSX1/BMP7/CACNA1C/PBX1/ZBTB16/GJA1/LRP4
C3,Up,GO_BP,GO:0048660,regulation of smooth muscle cell proliferation,20/726,146/16355,7.131409551833267e-6,2.519049780038548e-4,2.0516560127355703e-4,20,MMP2/ADAMTS1/DDR2/TLR4/PDGFRB/MEF2C/PDGFD/BMP4/IGFBP5/PIK3R1/PDE1A/OGN/PRKG1/APOD/FGF2/CNN1/S1PR1/GJA1/KLF4/JUN
C3,Up,GO_BP,GO:0048645,animal organ formation,13/726,68/16355,7.645855990132397e-6,2.623832490005191e-4,2.1369969530525578e-4,13,WNT2B/MEF2C/BMP4/AXIN2/AR/FGFR1/SOX17/FGF2/CITED2/BMP7/WNT2/ROBO2/SULF1
C3,Up,GO_BP,GO:0150116,regulation of cell-substrate junction organization,13/726,68/16355,7.645855990132397e-6,2.623832490005191e-4,2.1369969530525578e-4,13,FERMT2/DLC1/LIMCH1/GPM6B/PEAK1/TEK/ACVRL1/PIK3R1/COL16A1/EPHA3/APOD/FAM107A/MYOC
C3,Up,GO_BP,GO:0010717,regulation of epithelial to mesenchymal transition,17/726,111/16355,7.64792424113665e-6,2.623832490005191e-4,2.1369969530525578e-4,17,FERMT2/DAB2/COL1A1/ENG/BMP4/TNXB/QKI/TWIST1/TGFB1I1/AXIN2/EPHA3/SNAI1/ZNF703/RGCC/OLFM1/BMP7/BAMBI
C3,Up,GO_BP,GO:0007179,transforming growth factor beta receptor signaling pathway,25/726,211/16355,7.65144851278653e-6,2.623832490005191e-4,2.1369969530525578e-4,25,COL3A1/FERMT2/DAB2/ZEB1/ZEB2/ENG/FBN1/LRRC32/LTBP2/ASPN/ITGA8/TGFB1I1/COL1A2/ACVRL1/FMOD/SMAD6/CLDN5/SMAD9/TSC22D1/ZNF703/CITED2/TGFBR3/DKK3/JUN/BAMBI
C3,Up,GO_BP,GO:0072009,nephron epithelium development,18/726,123/16355,8.007562737797751e-6,2.726052879867669e-4,2.220250995567874e-4,18,WNT2B/MEF2C/BMP4/DCHS1/GPC3/PKD2/PECAM1/PODXL/BCL2/IRX3/TFAP2B/KLF15/MAGI2/FGF2/POU3F3/AQP1/IRX1/PBX1
C3,Up,GO_BP,GO:0070252,actin-mediated cell contraction,17/726,112/16355,8.650648402359598e-6,2.9237946902363585e-4,2.3813030626714988e-4,17,GJC1/CACNA2D1/ZEB2/LIMCH1/ACTA2/KCNE4/QKI/SGCD/PLN/SCN7A/ANK2/KCNJ8/SCN4B/CACNA1C/KCNJ2/EPDR1/GJA1
C3,Up,GO_BP,GO:0003203,endocardial cushion morphogenesis,10/726,41/16355,8.956839153620074e-6,2.9942136011767024e-4,2.4386561897061037e-4,10,ADAMTS5/ENG/DCHS1/TWIST1/ACVRL1/TBX3/SNAI1/MSX1/BMP7/ROBO2
C3,Up,GO_BP,GO:0001704,formation of primary germ layer,18/726,124/16355,8.986464831117816e-6,2.9942136011767024e-4,2.4386561897061037e-4,18,MMP2/COL4A2/BMP4/FZD7/COL6A1/ITGA8/EYA2/SNAI1/ITGA7/ITGB2/COL5A1/FGFR1/SOX17/BMP7/GJA1/KLF4/COL8A1/DUSP1
C3,Up,GO_BP,GO:0007389,pattern specification process,42/726,463/16355,9.260360026446616e-6,3.0637444650877607e-4,2.495286041225608e-4,42,ZEB1/WNT2B/ENG/MEF2C/BMP4/OSR2/DCHS1/HHEX/GREM2/BICC1/GPC3/MEOX2/PKD2/AXIN2/MNS1/ACVRL1/CHRDL1/IRX3/SMAD6/TBX3/SNAI1/PITX2/CYP26B1/ITGAM/CHRD/FGFR1/SOX17/MEOX1/FGF2/CITED2/MSX1/DAAM2/IRX1/BMP7/PBX1/ZBTB16/GJA1/WNT2/ROBO2/MAFB/LRP4/EMX2
C3,Up,GO_BP,GO:0051897,positive regulation of phosphatidylinositol 3-kinase/protein kinase B signal transduction,23/726,187/16355,9.472028139761842e-6,3.111859314727352e-4,2.534473484581104e-4,23,FERMT2/PRKD1/PDGFRA/DDR2/ENG/PDGFRB/FLT1/PDGFD/IGFBP5/NTRK3/ANGPT1/F2R/TEK/ROR1/HCLS1/FGFR1/FGF2/KIT/CCL19/NTRK2/DCN/IRS2/MYOC
C3,Up,GO_BP,GO:0001934,positive regulation of protein phosphorylation,40/726,433/16355,9.845636662208042e-6,3.2121389610453735e-4,2.616146876251918e-4,40,FERMT2/PLPP3/DDR2/DAB2/TLR4/FBN1/PDGFRB/FLT1/BMP4/LIMCH1/NTRK3/ANGPT1/ENPP2/GFRA1/LEPR/PDE5A/TEK/AXIN2/PECAM1/LRRK2/TCIM/CLIP3/RARRES2/FAXDC2/HCLS1/THBS4/GHR/ADRA2A/FGFR1/FGF2/KIT/CCL19/CEMIP/RGCC/CCN1/FGF18/NTRK2/GPNMB/PELI2/LRP4
C3,Up,GO_BP,GO:0014909,smooth muscle cell migration,14/726,80/16355,1.0096260120375797e-5,3.271188279001758e-4,2.6642399664294754e-4,14,ADAMTS1/POSTN/DDR2/TLR4/PDGFRB/MEF2C/PDGFD/BMP4/IGFBP5/LPAR1/BCL2/PRKG1/CCN3/LRP1
C3,Up,GO_BP,GO:0008585,female gonad development,16/726,102/16355,1.0312889048602568e-5,3.318489914406498e-4,2.702765082312209e-4,16,MMP2/ADAMTS1/PDGFRA/ZFPM2/SLIT3/NPR2/FZD4/A2M/BCL2/PTX3/FOXO3/ARID5B/KIT/INHBB/NUPR1/ROBO2
C3,Up,GO_BP,GO:0048592,eye morphogenesis,21/726,164/16355,1.2322915571666983e-5,3.938303221475611e-4,3.2075759472258847e-4,21,MFAP5/ZEB1/WNT2B/FBN1/BMP4/RORB/TWIST1/BCL2/TFAP2B/PITX2/FOXF2/COL5A1/PTPRM/FGF2/CITED2/AQP1/BMP7/NTRK2/COL8A2/COL8A1/WNT2
C3,Up,GO_BP,GO:0042063,gliogenesis,34/726,347/16355,1.3436684570617701e-5,4.239575787374793e-4,3.4529492924441254e-4,34,COL3A1/PLPP3/LAMA2/ZEB2/TLR4/IL33/CSF1/GPM6B/QKI/COL6A1/CLU/LEPR/LPAR1/PLP1/TNFRSF1B/ROR1/ID4/SOX10/KLF15/PTN/FGF2/LAMC3/IL6ST/PENK/DAAM2/MXRA8/MATN2/NR1D1/GPR183/CCL2/NTRK2/LRP1/MYOC/WASF3
C3,Up,GO_BP,GO:0048839,inner ear development,23/726,191/16355,1.3446079019132486e-5,4.239575787374793e-4,3.4529492924441254e-4,23,ZEB1/LIN7A/EYA4/BMP4/PRRX1/CTHRC1/DCHS1/GATA2/ITGA8/PLPPR4/TBX3/ROR1/CYTL1/FGFR1/C1QTNF5/FGF2/MSX1/SOBP/FRZB/BMPER/SPARC/MAFB/SLC25A27
C3,Up,GO_BP,GO:0042698,ovulation cycle,13/726,72/16355,1.4675156422993427e-5,4.596258991681541e-4,3.743452182286393e-4,13,MMP2/ADAMTS1/PDGFRA/SLIT3/NPR2/FZD4/A2M/SERPINF1/PTX3/FOXO3/PTN/EGR1/ROBO2
C3,Up,GO_BP,GO:0060973,cell migration involved in heart development,7/726,20/16355,1.540365156547375e-5,4.760944411486558e-4,3.877581263192319e-4,7,ENG/PDGFRB/BMP4/DCHS1/TWIST1/PITX2/BMP7
C3,Up,GO_BP,GO:0061298,retina vasculature development in camera-type eye,7/726,20/16355,1.540365156547375e-5,4.760944411486558e-4,3.877581263192319e-4,7,COL4A1/PDGFRA/RHOJ/PDGFRB/FZD4/VSTM4/ACVRL1
C3,Up,GO_BP,GO:0014812,muscle cell migration,15/726,94/16355,1.5691204846325957e-5,4.818122899871853e-4,3.924150644402811e-4,15,ADAMTS1/POSTN/DDR2/TLR4/PDGFRB/MEF2C/PDGFD/BMP4/IGFBP5/LPAR1/BCL2/THBS4/PRKG1/CCN3/LRP1
C3,Up,GO_BP,GO:0046545,development of primary female sexual characteristics,16/726,106/16355,1.6997223256486056e-5,5.185256809024123e-4,4.2231651768507737e-4,16,MMP2/ADAMTS1/PDGFRA/ZFPM2/SLIT3/NPR2/FZD4/A2M/BCL2/PTX3/FOXO3/ARID5B/KIT/INHBB/NUPR1/ROBO2
C3,Up,GO_BP,GO:0014910,regulation of smooth muscle cell migration,13/726,73/16355,1.7139792283989184e-5,5.195015751624592e-4,4.2311134093243256e-4,13,ADAMTS1/POSTN/DDR2/TLR4/PDGFRB/MEF2C/PDGFD/BMP4/IGFBP5/LPAR1/BCL2/PRKG1/LRP1
C3,Up,GO_BP,GO:0038084,vascular endothelial growth factor signaling pathway,10/726,44/16355,1.7571017628498835e-5,5.276365506473161e-4,4.297369231258529e-4,10,PDGFRA/CCBE1/PDGFRB/FLT1/TNXB/ADGRA2/JCAD/SMOC2/EMILIN1/DCN
C3,Up,GO_BP,GO:0051893,regulation of focal adhesion assembly,12/726,63/16355,1.774512026442655e-5,5.276365506473161e-4,4.297369231258529e-4,12,FERMT2/DLC1/LIMCH1/GPM6B/PEAK1/TEK/ACVRL1/COL16A1/EPHA3/APOD/FAM107A/MYOC
C3,Up,GO_BP,GO:0090109,regulation of cell-substrate junction assembly,12/726,63/16355,1.774512026442655e-5,5.276365506473161e-4,4.297369231258529e-4,12,FERMT2/DLC1/LIMCH1/GPM6B/PEAK1/TEK/ACVRL1/COL16A1/EPHA3/APOD/FAM107A/MYOC
C3,Up,GO_BP,GO:0035137,hindlimb morphogenesis,9/726,36/16355,2.036109034098343e-5,5.963258260758047e-4,4.8568133758722647e-4,9,BMP4/OSR2/TWIST1/GPC3/TBX3/TFAP2B/AFF3/MSX1/ZBTB16
C3,Up,GO_BP,GO:0010761,fibroblast migration,11/726,54/16355,2.039469761997671e-5,5.963258260758047e-4,4.8568133758722647e-4,11,DDR2/ZEB2/ACTA2/TNS1/ARID5B/CYGB/CCN3/FGF2/CD248/AQP1/ZFAND5
C3,Up,GO_BP,GO:0035116,embryonic hindlimb morphogenesis,8/726,28/16355,2.043602767096734e-5,5.963258260758047e-4,4.8568133758722647e-4,8,BMP4/OSR2/TWIST1/GPC3/TBX3/AFF3/MSX1/ZBTB16
C3,Up,GO_BP,GO:0060395,SMAD protein signal transduction,14/726,85/16355,2.0717877780604894e-5,6.008184556375419e-4,4.893403881253982e-4,14,DAB2/ENG/BMP4/ACVRL1/SMAD6/SMAD9/MAGI2/CCN3/TGFBR3/BMP7/EMILIN1/LRP1/BMPER/JUN
C3,Up,GO_BP,GO:1901655,cellular response to ketone,16/726,108/16355,2.1602699300315128e-5,6.226348546802483e-4,5.071088921966129e-4,16,POSTN/PTGFR/PRKD1/AXIN2/GNG2/SERPINF1/AR/FOXO3/SOX10/KLF2/PTGER2/ADCY2/AQP1/KLF4/SGK1/KLF9
C3,Up,GO_BP,GO:0060562,epithelial tube morphogenesis,32/726,326/16355,2.312101905832614e-5,0.00066233260692692805,5.394409773877762e-4,32,COL4A1/PLXND1/WNT2B/ENG/DLC1/MEF2C/BMP4/CSF1/CTHRC1/DCHS1/TWIST1/GPC3/PKD2/ACVRL1/AR/PODXL/BCL2/IRX3/TBX3/MMRN2/TIE1/SOX17/FGF2/CITED2/IRX1/BMP7/PBX1/NFATC4/GJA1/RHOB/WNT2/ADM
C3,Up,GO_BP,GO:0051384,response to glucocorticoid,18/726,133/16355,2.3940308803062254e-5,6.816458833744635e-4,5.551707974426239e-4,18,SLIT3/A2M/AXIN2/SERPINF1/CDO1/BCL2/FOXO3/GHR/BCKDHB/TRIM63/FAM107A/ZFP36L2/AQP1/FOSB/ZFP36/ADM/PTGDS/KLF9
C3,Up,GO_BP,GO:0048568,embryonic organ development,40/726,450/16355,2.4115389506704907e-5,6.824945777259015e-4,5.558620219205602e-4,40,MFAP5/PDGFRA/ZEB1/ZFPM2/ENG/FBN1/MEF2C/BMP4/PRRX1/OSR2/CTHRC1/TWIST1/RSPO3/GATA2/ITGA8/A2M/PKD2/NES/TBX3/SNAI1/RARRES2/PITX2/FOXF2/HLX/FGFR1/SOX17/KIT/CITED2/MSX1/CCN1/SOBP/FRZB/BMP7/PBX1/GJA1/SPARC/WNT2/SOCS3/ADM/MAFB
C3,Up,GO_BP,GO:0045778,positive regulation of ossification,11/726,55/16355,2.4483114213771185e-5,6.853238017013581e-4,5.581663012669304e-4,11,SLC8A1/MEF2C/BMP4/GPM6B/OSR2/PTN/CCN3/CCN1/BMP7/ZBTB16/TENT5A
C3,Up,GO_BP,GO:0046660,female sex differentiation,17/726,121/16355,2.4507109128528772e-5,6.853238017013581e-4,5.581663012669304e-4,17,MMP2/ADAMTS1/PDGFRA/ZFPM2/SLIT3/NPR2/FZD4/A2M/BCL2/PTX3/TBX3/FOXO3/ARID5B/KIT/INHBB/NUPR1/ROBO2
C3,Up,GO_BP,GO:0042476,odontogenesis,18/726,134/16355,2.6532261894722264e-5,7.375654815467762e-4,6.00714867563472e-4,18,HACD1/PDGFRA/COL1A1/BMP4/CSF1/ASPN/OSR2/AXIN2/COL1A2/PITX2/FGFR1/MSX1/AQP1/BMP7/TNFRSF11B/ADM/LRP4/TMT1A
C3,Up,GO_BP,GO:0048008,platelet-derived growth factor receptor signaling pathway,11/726,56/16355,2.926087630482217e-5,8.086329228238504e-4,6.585961942292793e-4,11,PDGFRA/PDGFRB/PDGFD/PDGFRL/TXNIP/ARID5B/APOD/LRP1/STON1/CSRNP1/ZFAND5
C3,Up,GO_BP,GO:0048844,artery morphogenesis,13/726,77/16355,3.100343427977276e-5,8.470894751893136e-4,6.89917376333301e-4,13,COL3A1/ENG/PDGFRB/BMP4/PRRX1/MYLK/PKD2/ADGRF5/ACVRL1/TFAP2B/CITED2/FKBP10/LRP1
C3,Up,GO_BP,GO:0033627,cell adhesion mediated by integrin,14/726,88/16355,3.1013067205739023e-5,8.470894751893136e-4,6.89917376333301e-4,14,PLPP3/FBN1/VCAM1/ITGA8/PODXL/COL16A1/ITGA10/ITGA7/ITGAM/ITGB2/CCN3/ITGA11/EMILIN1/ITGBL1
C3,Up,GO_BP,GO:0090090,negative regulation of canonical Wnt signaling pathway,18/726,136/16355,3.247747965508265e-5,8.819606902865797e-4,7.183184578413474e-4,18,RBMS3/DAB2/IGFBP4/CTHRC1/BICC1/GPC3/AXIN2/DKK2/FOXO3/SOX10/SOX17/DACT1/TNN/FRZB/EGR1/DKK3/JADE1/LRP4
C3,Up,GO_BP,GO:0048608,reproductive structure development,30/726,302/16355,3.303174739781697e-5,8.918571797410582e-4,7.263787162193873e-4,30,MMP2/ADAMTS1/PDGFRA/ZFPM2/WNT2B/SLIT3/BMP4/NPR2/FZD4/COL6A1/A2M/GFRA1/SERPINF1/AR/BCL2/PTX3/TBX3/ID4/FOXF2/FOXO3/ARID5B/KIT/CITED2/INHBB/NUPR1/BMP7/GJA1/ROBO2/ERRFI1/SULF1
C3,Up,GO_BP,GO:0010595,positive regulation of endothelial cell migration,16/726,112/16355,3.4245535689463154e-5,9.193458666805595e-4,7.487670510147283e-4,16,PLPP3/PRKD1/RHOJ/CCBE1/ADGRA2/GATA2/ANGPT1/JCAD/TEK/SMOC2/FGFR1/FGF2/TGFBR3/FGF18/SPARC/RHOB
C3,Up,GO_BP,GO:0001958,endochondral ossification,8/726,30/16355,3.556602483708986e-5,9.440066931336055e-4,7.688522169659332e-4,8,COL1A1/CSGALNACT1/MEF2C/BMP4/NPR2/TEK/COL13A1/FGF18
C3,Up,GO_BP,GO:0036075,replacement ossification,8/726,30/16355,3.556602483708986e-5,9.440066931336055e-4,7.688522169659332e-4,8,COL1A1/CSGALNACT1/MEF2C/BMP4/NPR2/TEK/COL13A1/FGF18
C3,Up,GO_BP,GO:0030048,actin filament-based movement,18/726,137/16355,3.5872486238391366e-5,9.467917997076552e-4,7.711205646159234e-4,18,GJC1/CACNA2D1/ZEB2/WIPF1/LIMCH1/ACTA2/KCNE4/QKI/SGCD/PLN/SCN7A/ANK2/KCNJ8/SCN4B/CACNA1C/KCNJ2/EPDR1/GJA1
C3,Up,GO_BP,GO:0048732,gland development,39/726,443/16355,3.768262288370983e-5,9.890109626126747e-4,8.055062286520745e-4,39,MMP2/PDGFRA/PLXND1/BMP4/IGFBP5/CSF1/GATA2/PKD2/SERPINF1/AR/CDO1/BCL2/LIMS2/TYR/TBX3/ID4/PITX2/HLX/SOX10/ARID5B/PTN/ZNF703/FGFR1/FGF2/CITED2/RGN/MSX1/INHBB/TGFBR3/FRZB/BMP7/PBX1/GJA1/IRS2/DKK3/WNT2/ERRFI1/MAFB/SULF1
C3,Up,GO_BP,GO:0050900,leukocyte migration,36/726,396/16355,3.8244775446177595e-5,9.981886391452353e-4,8.129810453032488e-4,36,MMP2/CXCL12/JAM2/EPS8/CD200/IL33/FLT1/PDGFD/CSF1/VCAM1/CCL14/PECAM1/PREX1/PIK3R1/CCL23/SELE/ITGA7/RARRES2/THBS4/CMKLR1/ITGB2/PTN/APOD/PLVAP/CCN3/KIT/CCL19/GPR183/CCL2/S1PR1/MPP1/CH25H/EMILIN1/BST1/CCL8/DUSP1
C3,Up,GO_BP,GO:0051145,smooth muscle cell differentiation,12/726,68/16355,3.952008563290313e-5,0.0010257754823391099,8.354493240802726e-4,12,ZEB1/ENG/MEF2C/BMP4/QKI/ITGA8/TBX3/TMEM204/KIT/NFATC1/NFATC4/ADM
C3,Up,GO_BP,GO:0060021,roof of mouth development,14/726,90/16355,4.015255015511207e-5,0.001036465278179761,8.441556958579085e-4,14,PDGFRA/LRRC32/PRRX1/OSR2/TWIST1/MEOX2/TBX3/CLDN5/SNAI1/FOXF2/ARID5B/MSX1/TGFBR3/CSRNP1
C3,Up,GO_BP,GO:0030513,positive regulation of BMP signaling pathway,9/726,39/16355,4.067171520018742e-5,0.0010422380269786385,8.488573475986089e-4,9,ENG/BMP4/GPC3/ACVRL1/MSX1/CCN1/ELAPOR2/ZNF423/SULF1
C3,Up,GO_BP,GO:0072109,glomerular mesangium development,6/726,16/16355,4.0938270642139315e-5,0.0010422380269786385,8.488573475986089e-4,6,PDGFRB/PDGFD/BMP4/ACTA2/BMP7/EGR1
C3,Up,GO_BP,GO:0150076,neuroinflammatory response,13/726,79/16355,4.104172732887359e-5,0.0010422380269786385,8.488573475986089e-4,13,ZEB2/CD200/IL33/CLU/LRRK2/TNFRSF1B/KCNJ8/ITGAM/ITGB2/CALHM2/NR1D1/NUPR1/LRP1
C3,Up,GO_BP,GO:0060350,endochondral bone morphogenesis,11/726,58/16355,4.12707448633867e-5,0.001042419136388122,8.490048533017015e-4,11,COL3A1/COL1A1/CSGALNACT1/MEF2C/BMP4/NPR2/TEK/AXIN2/GHR/COL13A1/FGF18
C3,Up,GO_BP,GO:0061458,reproductive system development,30/726,306/16355,4.228019902235243e-5,0.0010589330067374545,8.624546793687454e-4,30,MMP2/ADAMTS1/PDGFRA/ZFPM2/WNT2B/SLIT3/BMP4/NPR2/FZD4/COL6A1/A2M/GFRA1/SERPINF1/AR/BCL2/PTX3/TBX3/ID4/FOXF2/FOXO3/ARID5B/KIT/CITED2/INHBB/NUPR1/BMP7/GJA1/ROBO2/ERRFI1/SULF1
C3,Up,GO_BP,GO:0043535,regulation of blood vessel endothelial cell migration,15/726,102/16355,4.23753523343213e-5,0.0010589330067374545,8.624546793687454e-4,15,PRKD1/RHOJ/MEF2C/GATA2/ANGPT1/MEOX2/JCAD/ACVRL1/MMRN2/FGFR1/FGF2/RGCC/TGFBR3/FGF18/KLF4
C3,Up,GO_BP,GO:0010001,glial cell differentiation,27/726,262/16355,4.286860893472689e-5,0.001065591136377497,8.67877435130784e-4,27,PLPP3/LAMA2/ZEB2/TLR4/IL33/GPM6B/QKI/COL6A1/CLU/LPAR1/PLP1/TNFRSF1B/ROR1/ID4/SOX10/KLF15/PTN/FGF2/LAMC3/IL6ST/DAAM2/MXRA8/NR1D1/NTRK2/LRP1/MYOC/WASF3
C3,Up,GO_BP,GO:0031099,regeneration,22/726,192/16355,4.452488380516938e-5,0.0011009363374562407,8.96664557516846e-4,22,MMP2/POSTN/CXCL12/MAP1B/NNMT/PRRX1/CPQ/FZD7/COL6A1/BCL2/PTN/APOD/CCN3/RGN/MATN2/TGFBR3/MUSTN1/GJA1/NINJ2/KLF4/LGR6/ADM
C3,Up,GO_BP,GO:0060325,face morphogenesis,8/726,31/16355,4.6085463682774654e-5,0.0011335576355061534,9.232331798671032e-4,8,MMP2/PDGFRA/COL1A1/CRISPLD2/CLDN5/ARID5B/MSX1/CSRNP1
C3,Up,GO_BP,GO:0048771,tissue remodeling,21/726,179/16355,4.657336662128378e-5,0.0011395920645145374,9.281479587081499e-4,21,MMP2/CTSK/DDR2/MEF2C/IGFBP5/NPR2/CTHRC1/RSPO3/F2R/COL6A1/LEPR/MITF/ACVRL1/THBS4/PTN/TIE1/NPR3/S1PR1/TNFRSF11B/GJA1/GPNMB
C3,Up,GO_BP,GO:0022602,ovulation cycle process,10/726,49/16355,4.761080754918826e-5,0.0011589407972336086,9.439066563474193e-4,10,MMP2/ADAMTS1/PDGFRA/SLIT3/NPR2/FZD4/A2M/PTX3/FOXO3/ROBO2
C3,Up,GO_BP,GO:2000242,negative regulation of reproductive process,12/726,70/16355,5.323468784116352e-5,0.001289157543699929,0.0010499625084244679,12,ZFPM2/BMP4/NPR2/SERPINF1/SNAI1/KIT/RGN/BMP7/GJA1/DUSP1/PTGDS/SULF1
C3,Up,GO_BP,GO:0003002,regionalization,37/726,419/16355,5.561734225708152e-5,0.0013399501226859947,0.0010913308453683742,37,WNT2B/ENG/MEF2C/BMP4/HHEX/GREM2/BICC1/GPC3/MEOX2/PKD2/AXIN2/MNS1/ACVRL1/IRX3/SMAD6/TBX3/SNAI1/PITX2/CYP26B1/ITGAM/CHRD/FGFR1/SOX17/MEOX1/FGF2/CITED2/MSX1/DAAM2/IRX1/PBX1/ZBTB16/GJA1/WNT2/ROBO2/MAFB/LRP4/EMX2
C3,Up,GO_BP,GO:0030178,negative regulation of Wnt signaling pathway,20/726,168/16355,5.695359399451471e-5,0.001365142778501174,0.0011118491631045167,20,RBMS3/DAB2/IGFBP4/CTHRC1/BICC1/GPC3/AXIN2/DKK2/FOXO3/SOX10/SOX17/DACT1/TNN/FRZB/NFATC4/LRP1/EGR1/DKK3/JADE1/LRP4
C3,Up,GO_BP,GO:0031960,response to corticosteroid,19/726,155/16355,5.810485482762227e-5,0.0013856680608130428,0.0011285661089949612,19,SLIT3/A2M/AXIN2/SERPINF1/CDO1/BCL2/FOXO3/GHR/BCKDHB/TRIM63/FAM107A/ZFP36L2/AQP1/SGK1/FOSB/ZFP36/ADM/PTGDS/KLF9
C3,Up,GO_BP,GO:0001823,mesonephros development,15/726,105/16355,5.977593496806363e-5,0.0014111926757787083,0.0011493547929590654,15,WNT2B/BMP4/OSR2/DCHS1/GPC3/PKD2/BCL2/SMAD6/FGFR1/FGF2/BMP7/PBX1/ZBTB16/BMPER/ROBO2
C3,Up,GO_BP,GO:0061326,renal tubule development,15/726,105/16355,5.977593496806363e-5,0.0014111926757787083,0.0011493547929590654,15,COL4A1/WNT2B/MEF2C/BMP4/DCHS1/GPC3/PKD2/BCL2/IRX3/TFAP2B/FGF2/POU3F3/AQP1/IRX1/PBX1
C3,Up,GO_BP,GO:0007517,muscle organ development,33/726,358/16355,6.089816103815396e-5,0.0014304978027862366,0.0011650779756509984,33,TAGLN/COL3A1/LAMA2/ZFPM2/SGCE/ENG/NEGR1/MEF2C/BMP4/HLF/MYLK/TWIST1/COL6A1/COL6A3/MEOX2/ADARB1/SGCD/BCL2/ITGA7/CYP26B1/HLX/ARID5B/CITED2/MSX1/TGFBR3/NR4A1/NUPR1/ITGA11/S1PR1/MUSTN1/GJA1/EGR1/WNT2
C3,Up,GO_BP,GO:0045669,positive regulation of osteoblast differentiation,12/726,71/16355,6.151416870660086e-5,0.0014306612108099545,0.0011652110643485885,12,FERMT2/PRKD1/DDR2/MEF2C/BMP4/CTHRC1/FGF2/IL6ST/CCN1/BMP7/TENT5A/JUND
C3,Up,GO_BP,GO:0061035,regulation of cartilage development,12/726,71/16355,6.151416870660086e-5,0.0014306612108099545,0.0011652110643485885,12,CTSK/BMP4/SCIN/AXIN2/ACVRL1/CCN2/CCN1/RFLNB/FRZB/FGF18/ZBTB16/MUSTN1
C3,Up,GO_BP,GO:0072110,glomerular mesangial cell proliferation,5/726,11/16355,6.281208424318885e-5,0.0014536510924852276,0.001183935318765836,5,PDGFRB/PDGFD/BMP4/BMP7/EGR1
C3,Up,GO_BP,GO:0050921,positive regulation of chemotaxis,18/726,143/16355,6.370201139063444e-5,0.0014670198505549051,0.0011948235882608682,18,CXCL12/PRKD1/PDGFRA/PDGFRB/PDGFD/CSF1/NTRK3/LPAR1/SMOC2/RARRES2/THBS4/CMKLR1/PTN/FGFR1/FGF2/CCL19/FGF18/S1PR1
C3,Up,GO_BP,GO:0043410,positive regulation of MAPK cascade,39/726,454/16355,6.440006566576159e-5,0.001475861017062185,0.0012020243321953447,39,FERMT2/PDGFRA/TLR4/PDGFRB/MEF2C/IGFBP4/FLT1/PDGFD/BMP4/ACTA2/NTRK3/FZD7/ANGPT1/F2R/TNFRSF19/PDE5A/JCAD/TEK/LPAR1/AR/LRRK2/CCN2/GHR/ADRA2A/FGFR1/FGF2/KIT/SH3RF3/CCL19/GPR183/FGF18/LAPTM5/NTRK2/PLA2G5/BMPER/GPNMB/MYOC/PDE8B/PELI2
C3,Up,GO_BP,GO:0001937,negative regulation of endothelial cell proliferation,10/726,51/16355,6.832487680080982e-5,0.0015506776386966402,0.0012629592024965355,10,ENG/MEF2C/FLT1/ACVRL1/MMRN2/PTPRM/RGCC/CCL2/SPARC/SULF1
C3,Up,GO_BP,GO:0010171,body morphogenesis,10/726,51/16355,6.832487680080982e-5,0.0015506776386966402,0.0012629592024965355,10,MMP2/PDGFRA/COL1A1/GREM2/GPC3/CRISPLD2/CLDN5/ARID5B/MSX1/CSRNP1
C3,Up,GO_BP,GO:0010975,regulation of neuron projection development,38/726,440/16355,7.119769895891996e-5,0.0016081095659086825,0.0013097349985611035,38,CXCL12/PMP22/PRKD1/MAP1B/DDR2/PLXND1/DAB2/PTPRG/NEGR1/PRRX1/NTRK3/UST/FZD4/PLXNC1/LPAR1/SERPINF1/LRRK2/PREX1/ROR1/EPHA3/HECW2/NR2F1/PTN/SEMA3G/FGFR1/SDC2/MAGI2/CHN1/TNN/MGARP/BMP7/NFATC4/NTRK2/KLF4/SYNE1/ROBO2/SPOCK1/LRP4
C3,Up,GO_BP,GO:0010464,regulation of mesenchymal cell proliferation,8/726,33/16355,7.49712090543988e-5,0.001683167558453545,0.0013708664549256426,8,ZEB1/BMP4/PRRX1/CHRD/FGFR1/IRS2/SYNE1/WNT2
C3,Up,GO_BP,GO:0021782,glial cell development,17/726,132/16355,7.566425457161602e-5,0.001683167558453545,0.0013708664549256426,17,ZEB2/TLR4/GPM6B/COL6A1/CLU/LPAR1/PLP1/ROR1/ID4/SOX10/LAMC3/MXRA8/NR1D1/NTRK2/LRP1/MYOC/WASF3
C3,Up,GO_BP,GO:0014911,positive regulation of smooth muscle cell migration,9/726,42/16355,7.595392132655417e-5,0.001683167558453545,0.0013708664549256426,9,ADAMTS1/POSTN/DDR2/TLR4/PDGFRB/PDGFD/IGFBP5/LPAR1/BCL2
C3,Up,GO_BP,GO:1903670,regulation of sprouting angiogenesis,9/726,42/16355,7.595392132655417e-5,0.001683167558453545,0.0013708664549256426,9,RHOJ/JCAD/KLF2/PPP1R16B/FGF2/TNN/TSPAN18/KLF4/BMPER
C3,Up,GO_BP,GO:0050679,positive regulation of epithelial cell proliferation,22/726,199/16355,7.65374819265998e-5,0.0016849653359005937,0.0013723306661286231,22,CXCL12/PRKD1/BMP4/OSR2/FZD7/TWIST1/GATA2/AGTR1/JCAD/TEK/ACVRL1/AR/THBS4/HLX/PTN/ZNF703/FGFR1/PPP1R16B/FGF2/NR4A1/IRS2/WNT2
C3,Up,GO_BP,GO:0003018,vascular process in circulatory system,27/726,271/16355,7.675235885115517e-5,0.0016849653359005937,0.0013723306661286231,27,MMP2/FERMT2/ZEB2/SLC8A1/ACTA2/SVEP1/ANGPT1/F2R/LEPR/AGTR1/ABCB1/TEK/VSTM4/SOD3/CLDN5/KCNJ8/SLC6A6/SLCO2B1/ADRA2A/PDE3A/KLF2/PRKG1/PLVAP/DDAH1/LRP1/ADM/SLC7A2
C3,Up,GO_BP,GO:0030318,melanocyte differentiation,7/726,25/16355,7.864456419435934e-5,0.0017105192712273155,0.001393143230246083,7,ZEB2/MEF2C/MITF/BCL2/SOX10/KIT/ENPP1
C3,Up,GO_BP,GO:1900746,regulation of vascular endothelial growth factor signaling pathway,7/726,25/16355,7.864456419435934e-5,0.0017105192712273155,0.001393143230246083,7,CCBE1/TNXB/ADGRA2/JCAD/SMOC2/EMILIN1/DCN
C3,Up,GO_BP,GO:0001570,vasculogenesis,13/726,84/16355,7.936732539350851e-5,0.0017182843073672949,0.0013994675130022,13,GJC1/ZFPM2/ENG/PDGFRB/QKI/NPR2/FZD4/TIE1/SOX17/CITED2/TGFBR3/NTRK2/ADM
C3,Up,GO_BP,GO:0006936,muscle contraction,32/726,348/16355,8.211179223726106e-5,0.001769546788672718,0.0014412185648597006,32,GJC1/PRKD1/CACNA2D1/SLC8A1/MYL9/ACTA2/KCNE4/MYLK/TPM2/F2R/SGCD/PDE5A/PLN/SCN7A/ANK2/TBX3/LMOD1/KCNJ8/SCN4B/ADRA2A/SYNM/TRIM63/PRKG1/MYH11/KIT/NR4A1/CACNA1C/KCNJ2/CNN1/GJA1/SSPN/SULF1
C3,Up,GO_BP,GO:0090288,negative regulation of cellular response to growth factor stimulus,15/726,108/16355,8.314371582375131e-5,0.001777648202905008,0.0014478168128788742,15,FBN1/ADGRA2/HHEX/GREM2/CHRDL1/SMAD6/MMRN2/CHRD/FGF2/EMILIN1/DCN/CRIM1/BMPER/SULF1/BAMBI
C3,Up,GO_BP,GO:0046683,response to organophosphorus,17/726,133/16355,8.32444880032145e-5,0.001777648202905008,0.0014478168128788742,17,COL1A1/IGFBP5/NPR2/PKD2/TEK/LPAR1/CDO1/TYR/KCNJ8/PDE3A/BCKDHB/INHBB/PENK/ENPP1/AQP1/FOSB/ERRFI1
C3,Up,GO_BP,GO:0032970,regulation of actin filament-based process,34/726,380/16355,8.540787740142237e-5,0.0018155937015017296,0.00147872176401129,34,CXCL12/FERMT2/EPS8/PRKD1/PDGFRA/ZEB2/PDGFRB/DLC1/KANK2/LIMCH1/ACTA2/GPM6B/SCIN/PLN/SYNPO2/ANK2/LPAR1/PREX1/PIK3R1/LMOD1/EPHA3/CCN2/HCLS1/FAM107A/SYNPO/DAAM2/RGCC/CACNA1C/KCNJ2/S1PR1/LRP1/BST1/MYOC/WASF3
C3,Up,GO_BP,GO:0006958,"complement activation, classical pathway",8/726,34/16355,9.425910985947836e-5,0.0019857816059185174,0.0016173323782827658,8,SERPING1/C1S/C1R/SVEP1/CLU/C7/C4A/C4B
C3,Up,GO_BP,GO:0060317,cardiac epithelial to mesenchymal transition,8/726,34/16355,9.425910985947836e-5,0.0019857816059185174,0.0016173323782827658,8,ENG/TWIST1/TBX3/SNAI1/MSX1/TGFBR3/OLFM1/WNT2
C3,Up,GO_BP,GO:0072070,loop of Henle development,5/726,12/16355,1.0374604339974036e-4,0.002175887999517769,0.0017721657319457532,5,PKD2/IRX3/POU3F3/AQP1/IRX1
C3,Up,GO_BP,GO:0070482,response to oxygen levels,31/726,338/16355,1.1069552888070796e-4,0.0022963554840046895,0.0018702812359922584,31,MMP2/POSTN/CXCL12/DDR2/ZEB2/COL1A1/ENG/VCAM1/ARNT2/TWIST1/FZD4/COL6A1/PTGIS/TEK/LPAR1/ACVRL1/BCL2/SOD3/KCNJ8/FOXO3/CYGB/CITED2/PENK/RGCC/AQP1/TGFBR3/MGARP/BMP7/DDAH1/EGR1/ADM
C3,Up,GO_BP,GO:0051146,striated muscle cell differentiation,28/726,292/16355,1.1069745208551525e-4,0.0022963554840046895,0.0018702812359922584,28,JAM2/COL14A1/PRKD1/PDGFRA/ADAMTS5/PDGFRB/SLC8A1/MEF2C/BMP4/IGFBP5/MYL9/FZD7/COL6A1/SGCD/PGM5/BCL2/IRX3/TBX3/LMOD1/KCNJ8/CYP26B1/PRKG1/MYH11/CCN3/LDB3/MSX1/SYNE1/SORBS2
C3,Up,GO_BP,GO:0000302,response to reactive oxygen species,21/726,190/16355,1.1095629946127385e-4,0.0022963554840046895,0.0018702812359922584,21,MMP2/PDGFRA/DDR2/COL1A1/FBLN5/SLC8A1/PDGFD/COL6A1/PKD2/TXNIP/LRRK2/BCL2/SOD3/FOXO3/KLF2/CYGB/APOD/AQP1/BMP7/KLF4/RHOB
C3,Up,GO_BP,GO:0030501,positive regulation of bone mineralization,9/726,44/16355,1.1153853090008827e-4,0.0022982807814412925,0.0018718493066566058,9,SLC8A1/MEF2C/BMP4/GPM6B/OSR2/PTN/CCN1/BMP7/TENT5A
C3,Up,GO_BP,GO:0061900,glial cell activation,10/726,54/16355,1.1347469607730207e-4,0.002327965599000721,0.0018960262939140106,10,ZEB2/IL33/CLU/LRRK2/KCNJ8/ITGAM/ITGB2/CALHM2/NR1D1/LRP1
C3,Up,GO_BP,GO:0048661,positive regulation of smooth muscle cell proliferation,13/726,87/16355,1.1484793912905071e-4,0.0023458939914273056,0.001910628186426084,13,MMP2/ADAMTS1/DDR2/TLR4/PDGFRB/PDGFD/BMP4/IGFBP5/PIK3R1/FGF2/S1PR1/GJA1/JUN
C3,Up,GO_BP,GO:0001953,negative regulation of cell-matrix adhesion,8/726,35/16355,1.174790694954312e-4,0.0023789511572824816,0.001937551804064848,8,POSTN/DLC1/ACVRL1/PIK3R1/APOD/FAM107A/MYOC/BCL6
C3,Up,GO_BP,GO:0110110,positive regulation of animal organ morphogenesis,8/726,35/16355,1.174790694954312e-4,0.0023789511572824816,0.001937551804064848,8,WNT2B/BMP4/CSF1/FGFR1/FGF2/MSX1/WNT2/ROBO2
C3,Up,GO_BP,GO:0043406,positive regulation of MAP kinase activity,12/726,76/16355,1.2170099494598685e-4,0.0024538681298551337,0.0019985684058218306,12,TLR4/PDGFRB/FLT1/NTRK3/PDE5A/LRRK2/GHR/ADRA2A/FGFR1/FGF2/CCL19/FGF18
C3,Up,GO_BP,GO:0071902,positive regulation of protein serine/threonine kinase activity,16/726,125/16355,1.312927942709607e-4,0.0026359553311323647,0.0021468704776200728,16,FERMT2/TLR4/PDGFRB/FLT1/NTRK3/PDE5A/LRRK2/TCIM/GHR/ADRA2A/FGFR1/FGF2/CCL19/CEMIP/RGCC/FGF18
C3,Up,GO_BP,GO:0003181,atrioventricular valve morphogenesis,7/726,27/16355,1.344423401089501e-4,0.0026650215773495675,0.002170543665538679,7,SLIT3/DCHS1/TWIST1/AXIN2/SMAD6/CCN1/OLFM1
C3,Up,GO_BP,GO:0044342,type B pancreatic cell proliferation,7/726,27/16355,1.344423401089501e-4,0.0026650215773495675,0.002170543665538679,7,IGFBP4/IGFBP5/CCN3/NR1D1/NR4A1/NUPR1/IRS2
C3,Up,GO_BP,GO:1902547,regulation of cellular response to vascular endothelial growth factor stimulus,7/726,27/16355,1.344423401089501e-4,0.0026650215773495675,0.002170543665538679,7,CCBE1/TNXB/ADGRA2/JCAD/SMOC2/EMILIN1/DCN
C3,Up,GO_BP,GO:0097529,myeloid leukocyte migration,24/726,236/16355,1.3795033275851464e-4,0.002723070013863453,0.0022178215815002243,24,MMP2/CXCL12/CD200/FLT1/PDGFD/CSF1/CCL14/PECAM1/PREX1/PIK3R1/CCL23/RARRES2/THBS4/CMKLR1/ITGB2/CCN3/KIT/CCL19/CCL2/MPP1/EMILIN1/BST1/CCL8/DUSP1
C3,Up,GO_BP,GO:0034446,substrate adhesion-dependent cell spreading,14/726,101/16355,1.4529893222250728e-4,0.0028357133798227394,0.0023095646827666107,14,POSTN/FERMT2/FBLN1/DAB2/ANTXR1/FZD7/FZD4/ITGA8/PEAK1/TEK/PREX1/PIK3R1/LIMS2/MYOC
C3,Up,GO_BP,GO:0072080,nephron tubule development,14/726,101/16355,1.4529893222250728e-4,0.0028357133798227394,0.0023095646827666107,14,WNT2B/MEF2C/BMP4/DCHS1/GPC3/PKD2/BCL2/IRX3/TFAP2B/FGF2/POU3F3/AQP1/IRX1/PBX1
C3,Up,GO_BP,GO:2000628,regulation of miRNA metabolic process,13/726,89/16355,1.4546762974399323e-4,0.0028357133798227394,0.0023095646827666107,13,BMP4/QKI/TWIST1/GATA2/AR/SMAD6/FOXO3/FGF2/NFATC4/KLF4/DNM3OS/EGR1/JUN
C3,Up,GO_BP,GO:0036293,response to decreased oxygen levels,29/726,313/16355,1.5323887948288836e-4,0.002974860561200866,0.002422893983994342,29,MMP2/POSTN/CXCL12/DDR2/ZEB2/ENG/VCAM1/ARNT2/TWIST1/FZD4/COL6A1/PTGIS/TEK/ACVRL1/BCL2/SOD3/KCNJ8/FOXO3/CYGB/CITED2/PENK/RGCC/AQP1/TGFBR3/MGARP/BMP7/DDAH1/EGR1/ADM
C3,Up,GO_BP,GO:0072089,stem cell proliferation,15/726,114/16355,1.54711958072809e-4,0.0029910978560743072,0.0024361185514172007,15,FERMT2/FBLN1/WNT2B/PRRX1/OSR2/NES/ABCB1/AXIN2/TBX3/TSC22D1/FGFR1/SOX17/FGF2/PBX1/GJA1
C3,Up,GO_BP,GO:0051896,regulation of phosphatidylinositol 3-kinase/protein kinase B signal transduction,26/726,268/16355,1.5961871975494931e-4,0.0030733145303637375,0.002503080441368597,26,FERMT2/PRKD1/PDGFRA/DDR2/ENG/PDGFRB/FLT1/PDGFD/IGFBP5/NTRK3/TWIST1/ANGPT1/F2R/TEK/ROR1/HCLS1/FGFR1/PPP1R16B/MAGI2/FGF2/KIT/CCL19/NTRK2/DCN/IRS2/MYOC
C3,Up,GO_BP,GO:0055001,muscle cell development,21/726,195/16355,1.6034007158922606e-4,0.0030746026788823835,0.00250412958207019,21,COL14A1/PRKD1/PDGFRA/ENG/PDGFRB/SLC8A1/BMP4/MYL9/COL6A1/SGCD/ANK2/PGM5/BCL2/TBX3/LMOD1/PRKG1/MYH11/LDB3/NFATC4/ADM/SORBS2
C3,Up,GO_BP,GO:0035567,non-canonical Wnt signaling pathway,11/726,67/16355,1.6203198482505558e-4,0.003081887711368871,0.0025100629228172896,11,DAB2/FZD7/CTHRC1/FZD4/RSPO3/GPC3/MAGI2/DACT1/DAAM2/FRZB/MYOC
C3,Up,GO_BP,GO:1904705,regulation of vascular associated smooth muscle cell proliferation,11/726,67/16355,1.6203198482505558e-4,0.003081887711368871,0.0025100629228172896,11,MMP2/ADAMTS1/DDR2/MEF2C/BMP4/IGFBP5/PRKG1/FGF2/CNN1/GJA1/JUN
C3,Up,GO_BP,GO:0045807,positive regulation of endocytosis,18/726,154/16355,1.6670882069297113e-4,0.003158056611353139,0.002572099164766342,18,DAB2/GATA2/ANGPT1/GPC3/CLU/LRRK2/PTX3/SELE/CLIP3/C4A/C4B/MAGI2/CCL19/CCL2/PLA2G5/LRP1/FCGR2C/SYNE1
C3,Up,GO_BP,GO:0043116,negative regulation of vascular permeability,6/726,20/16355,1.701253867046051e-4,0.0032029546396996947,0.002608666647690706,6,FERMT2/ANGPT1/CLDN5/PDE3A/DDAH1/ADM
C3,Up,GO_BP,GO:0045785,positive regulation of cell adhesion,40/726,492/16355,1.704424563484299e-4,0.0032029546396996947,0.002608666647690706,40,NID1/CXCL12/HACD1/FERMT2/PLPP3/LAMA2/FBLN1/DAB2/CSF1/VCAM1/ANGPT1/FBLN2/TEK/PREX1/PODXL/ABI3BP/LIMS2/COL16A1/SELE/FOXO3/HLX/ECM2/ITGB2/CHRD/RUNX3/CITED2/CCL19/IL6ST/CCN1/CCL2/BMP7/HLA-DPB1/ZBTB16/EDIL3/EMILIN1/COL8A1/HLA-DPA1/MYOC/VIT/BCL6
C3,Up,GO_BP,GO:0003272,endocardial cushion formation,7/726,28/16355,1.7244444425494477e-4,0.0032276653350985277,0.0026287924297199593,7,ENG/DCHS1/TBX3/SNAI1/MSX1/BMP7/ROBO2
C3,Up,GO_BP,GO:0003206,cardiac chamber morphogenesis,16/726,128/16355,1.73825835709955e-4,0.0032278014868196386,0.002628903319349642,16,ADAMTS1/ZFPM2/SLIT3/ENG/MEF2C/BMP4/CPE/TEK/SMAD6/TBX3/CITED2/TGFBR3/CCN1/BMP7/WNT2/ROBO2
C3,Up,GO_BP,GO:0043534,blood vessel endothelial cell migration,16/726,128/16355,1.73825835709955e-4,0.0032278014868196386,0.002628903319349642,16,PRKD1/RHOJ/MEF2C/GATA2/ANGPT1/MEOX2/JCAD/ACVRL1/MMRN2/FGFR1/FGF2/RGCC/TGFBR3/NR4A1/FGF18/KLF4
C3,Up,GO_BP,GO:0010092,specification of animal organ identity,8/726,37/16355,1.7815731066627986e-4,0.0032822864529811085,0.002673278944362961,8,WNT2B/MEF2C/BMP4/AXIN2/FGFR1/FGF2/WNT2/ROBO2
C3,Up,GO_BP,GO:0035909,aorta morphogenesis,8/726,37/16355,1.7815731066627986e-4,0.0032822864529811085,0.002673278944362961,8,COL3A1/ENG/PDGFRB/MYLK/ACVRL1/TFAP2B/FKBP10/LRP1
C3,Up,GO_BP,GO:0048754,branching morphogenesis of an epithelial tube,18/726,155/16355,1.80977954894257e-4,0.0033212282503641386,0.002704995337338093,18,COL4A1/PLXND1/WNT2B/ENG/BMP4/CSF1/DCHS1/GPC3/PKD2/AR/BCL2/TBX3/TIE1/FGF2/BMP7/PBX1/NFATC4/WNT2
C3,Up,GO_BP,GO:0045666,positive regulation of neuron differentiation,13/726,91/16355,1.8286467684150895e-4,0.0033427947540910856,0.00272256031259015,13,CXCL12/MAP1B/ZEB1/MEF2C/BMP4/GATA2/S100B/IRX3/TCF4/FGFR1/FGF2/BMP7/BCL6
C3,Up,GO_BP,GO:0045600,positive regulation of fat cell differentiation,11/726,68/16355,1.8567463203757593e-4,0.0033679514336391186,0.002743049329228159,11,MEDAG/LMO3/AXIN2/LPL/CCDC3/RARRES2/CMKLR1/FRZB/BMP7/ZBTB16/ZFP36
C3,Up,GO_BP,GO:0060390,regulation of SMAD protein signal transduction,11/726,68/16355,1.8567463203757593e-4,0.0033679514336391186,0.002743049329228159,11,DAB2/ENG/BMP4/ACVRL1/SMAD6/CCN3/TGFBR3/BMP7/EMILIN1/LRP1/BMPER
C3,Up,GO_BP,GO:0055007,cardiac muscle cell differentiation,15/726,116/16355,1.8826019508097692e-4,0.0034017169095785756,0.0027705498344913,15,COL14A1/PDGFRA/PDGFRB/SLC8A1/MEF2C/BMP4/FZD7/SGCD/IRX3/TBX3/KCNJ8/PRKG1/MYH11/SYNE1/SORBS2
C3,Up,GO_BP,GO:2000027,regulation of animal organ morphogenesis,12/726,80/16355,2.0100818622857105e-4,0.003618147352114279,0.002946822976168001,12,WNT2B/BMP4/CSF1/FGFR1/FGF2/CITED2/MSX1/BMP7/TNFRSF11B/WNT2/ROBO2/SULF1
C3,Up,GO_BP,GO:0042060,wound healing,36/726,430/16355,2.0265988376249548e-4,0.0036339547096038314,0.002959697378371519,36,SERPING1/COL3A1/FERMT2/PLPP3/PDGFRA/FBLN1/DDR2/PAPSS2/TFPI/TLR4/ENG/F2RL2/MYL9/SVEP1/NPR2/FZD7/MYLK/GATA2/F2R/SMOC2/ACVRL1/PEAR1/MCAM/ADRA2A/COL5A1/PRKG1/FGF2/NFATC1/IL6ST/FKBP10/AQP1/CCN1/VWF/F10/EMILIN1/DST
C3,Up,GO_BP,GO:0071229,cellular response to acid chemical,13/726,92/16355,2.0447038626369318e-4,0.0036524786109004962,0.002974784286846207,13,MMP2/COL3A1/COL4A1/PDGFRA/ZEB1/COL1A1/PDGFD/COL6A1/PKD2/COL1A2/COL16A1/KLF2/NTRK2
C3,Up,GO_BP,GO:1990874,vascular associated smooth muscle cell proliferation,11/726,69/16355,2.12176733949561e-4,0.0037575806067314714,0.003060385271553158,11,MMP2/ADAMTS1/DDR2/MEF2C/BMP4/IGFBP5/PRKG1/FGF2/CNN1/GJA1/JUN
C3,Up,GO_BP,GO:0007272,ensheathment of neurons,18/726,157/16355,2.1275360608568995e-4,0.0037575806067314714,0.003060385271553158,18,JAM2/PMP22/GPM6B/QKI/COL6A1/CLU/ANK2/LPAR1/PLP1/TNFRSF1B/ID4/CLDN5/CLDN11/SOX10/PTN/NTRK2/MYOC/WASF3
C3,Up,GO_BP,GO:0008366,axon ensheathment,18/726,157/16355,2.1275360608568995e-4,0.0037575806067314714,0.003060385271553158,18,JAM2/PMP22/GPM6B/QKI/COL6A1/CLU/ANK2/LPAR1/PLP1/TNFRSF1B/ID4/CLDN5/CLDN11/SOX10/PTN/NTRK2/MYOC/WASF3
C3,Up,GO_BP,GO:0003205,cardiac chamber development,19/726,171/16355,2.1650182794104989e-4,0.003803701472392185,0.0030979487020558793,19,ADAMTS1/PLXND1/ZFPM2/SLIT3/ENG/MEF2C/BMP4/CPE/TEK/ANK2/SMAD6/TBX3/KCNJ8/CITED2/TGFBR3/CCN1/BMP7/WNT2/ROBO2
C3,Up,GO_BP,GO:0060323,head morphogenesis,8/726,38/16355,2.1698424746724256e-4,0.003803701472392185,0.0030979487020558793,8,MMP2/PDGFRA/COL1A1/CRISPLD2/CLDN5/ARID5B/MSX1/CSRNP1
C3,Up,GO_BP,GO:0035767,endothelial cell chemotaxis,7/726,29/16355,2.1868082783122703e-4,0.003819191558182545,0.00311056470031896,7,PRKD1/SMOC2/FGFR1/CCN3/FGF2/NR4A1/FGF18
C3,Up,GO_BP,GO:0032964,collagen biosynthetic process,9/726,48/16355,2.251553031330573e-4,0.0038746506011688763,0.0031557336683580616,9,DDR2/COL1A1/ENG/BMP4/F2R/CYGB/COL5A1/RGCC/EMILIN1
C3,Up,GO_BP,GO:0060976,coronary vasculature development,9/726,48/16355,2.251553031330573e-4,0.0038746506011688763,0.0031557336683580616,9,PLXND1/PDGFRB/BMP4/GPC3/SGCD/SMAD6/KCNJ8/FGF2/TGFBR3
C3,Up,GO_BP,GO:0061383,trabecula morphogenesis,9/726,48/16355,2.251553031330573e-4,0.0038746506011688763,0.0031557336683580616,9,MMP2/ADAMTS1/COL1A1/ENG/SLC40A1/TEK/TGFBR3/BMP7/S1PR1
C3,Up,GO_BP,GO:0120163,negative regulation of cold-induced thermogenesis,9/726,48/16355,2.251553031330573e-4,0.0038746506011688763,0.0031557336683580616,9,LAMA4/ADAMTS5/PLCL2/TLR4/QKI/NOVA1/NR1D1/ZNF423/NPR3
C3,Up,GO_BP,GO:0072111,cell proliferation involved in kidney development,6/726,21/16355,2.2928620443824524e-4,0.003917042139821367,0.0031902597249110873,6,PDGFRB/PDGFD/BMP4/GPC3/BMP7/EGR1
C3,Up,GO_BP,GO:0086012,membrane depolarization during cardiac muscle cell action potential,6/726,21/16355,2.2928620443824524e-4,0.003917042139821367,0.0031902597249110873,6,CACNA2D1/SLC8A1/ANK2/SCN4B/CACNA1C/KCNJ2
C3,Up,GO_BP,GO:0009612,response to mechanical stimulus,22/726,215/16355,2.364906130589173e-4,0.004025481522285483,0.0032785788652523436,22,MMP2/POSTN/CXCL12/MAP1B/DDR2/COL1A1/TLR4/ENG/IL33/SLC8A1/COL6A1/PKD2/TXNIP/USP53/ITGAM/PTN/FGF2/KIT/CITED2/AQP1/KCNJ2/FOSB
C3,Up,GO_BP,GO:0060572,morphogenesis of an epithelial bud,5/726,14/16355,2.4347535489296953e-4,0.004114558335565363,0.003351128038757835,5,WNT2B/BMP4/BMP7/WNT2/SULF1
C3,Up,GO_BP,GO:1901653,cellular response to peptide,5/726,14/16355,2.4347535489296953e-4,0.004114558335565363,0.003351128038757835,5,NPR2/KLF15/KLF2/IRS2/KLF4
C3,Up,GO_BP,GO:0061333,renal tubule morphogenesis,12/726,82/16355,2.54934181604016e-4,0.004277431375627383,0.003483781015528565,12,COL4A1/WNT2B/MEF2C/BMP4/DCHS1/GPC3/PKD2/BCL2/IRX3/FGF2/IRX1/PBX1
C3,Up,GO_BP,GO:0086003,cardiac muscle cell contraction,12/726,82/16355,2.54934181604016e-4,0.004277431375627383,0.003483781015528565,12,GJC1/CACNA2D1/KCNE4/SGCD/PLN/SCN7A/ANK2/KCNJ8/SCN4B/CACNA1C/KCNJ2/GJA1
C3,Up,GO_BP,GO:0045668,negative regulation of osteoblast differentiation,9/726,49/16355,2.651028146394276e-4,0.004432217164327512,0.003609847279319421,9,IGFBP5/RORB/TWIST1/AXIN2/SMAD6/CHRD/TNN/CRIM1/BAMBI
C3,Up,GO_BP,GO:0001945,lymph vessel development,7/726,30/16355,2.7441142004683386e-4,0.004555423503109631,0.0037101934605551093,7,CCBE1/SVEP1/NPR2/ACVRL1/TIE1/TMEM204/FGF2
C3,Up,GO_BP,GO:0003171,atrioventricular valve development,7/726,30/16355,2.7441142004683386e-4,0.004555423503109631,0.0037101934605551093,7,SLIT3/DCHS1/TWIST1/AXIN2/SMAD6/CCN1/OLFM1
C3,Up,GO_BP,GO:0006959,humoral immune response,27/726,293/16355,2.7893508749380345e-4,0.004614214933260171,0.0037580765123794496,27,CXCL12/SERPING1/CFH/CFHR1/C1S/C1R/MEF2C/SVEP1/RNASE4/CLU/A2M/CCL14/MASP1/C7/BCL2/CCL23/RARRES2/C4A/C4B/CXCL14/CCL19/RGCC/GPR183/CCL2/BST1/CCL8/ADM
C3,Up,GO_BP,GO:0086002,cardiac muscle cell action potential involved in contraction,10/726,60/16355,2.812601964526573e-4,0.004636352290998539,0.003776106423288677,10,GJC1/CACNA2D1/KCNE4/SCN7A/ANK2/KCNJ8/SCN4B/CACNA1C/KCNJ2/GJA1
C3,Up,GO_BP,GO:0001938,positive regulation of endothelial cell proliferation,13/726,95/16355,2.828952173398657e-4,0.004646999059659752,0.003784777751308104,13,CXCL12/PRKD1/BMP4/GATA2/AGTR1/JCAD/TEK/ACVRL1/THBS4/FGFR1/PPP1R16B/FGF2/NR4A1
C3,Up,GO_BP,GO:0035023,regulation of Rho protein signal transduction,12/726,83/16355,2.862118483264174e-4,0.004685098478876337,0.003815808064062084,12,DOCK10/COL3A1/EPS8/DOCK11/DLC1/KANK2/F2R/TEK/LPAR1/ARHGAP20/MYOC/BCL6
C3,Up,GO_BP,GO:0048562,embryonic organ morphogenesis,27/726,294/16355,2.945620560320321e-4,0.004805043539022524,0.003913498076302766,27,MFAP5/PDGFRA/ZEB1/ENG/FBN1/MEF2C/BMP4/PRRX1/OSR2/CTHRC1/TWIST1/GATA2/ITGA8/PKD2/TBX3/FOXF2/HLX/FGFR1/SOX17/CITED2/MSX1/SOBP/FRZB/BMP7/GJA1/SPARC/MAFB
C3,Up,GO_BP,GO:0048593,camera-type eye morphogenesis,16/726,134/16355,2.9592760722622316e-4,0.0048106155666048315,0.003918036249380153,16,ZEB1/WNT2B/BMP4/RORB/TWIST1/TFAP2B/PITX2/FOXF2/PTPRM/CITED2/AQP1/BMP7/NTRK2/COL8A2/COL8A1/WNT2
C3,Up,GO_BP,GO:0090263,positive regulation of canonical Wnt signaling pathway,14/726,108/16355,2.974265046508729e-4,0.004818309375344141,0.003924302520529666,14,ZEB2/COL1A1/RECK/ADGRA2/RSPO3/HHEX/GPC3/LRRK2/DKK2/FGF2/DACT1/DAAM2/LGR6/BAMBI
C3,Up,GO_BP,GO:0001759,organ induction,6/726,22/16355,3.035120415340042e-4,0.004883217709338191,0.00397716752334573,6,WNT2B/BMP4/FGFR1/FGF2/WNT2/ROBO2
C3,Up,GO_BP,GO:0060571,morphogenesis of an epithelial fold,6/726,22/16355,3.035120415340042e-4,0.004883217709338191,0.00397716752334573,6,WNT2B/BMP4/AR/BMP7/WNT2/SULF1
C3,Up,GO_BP,GO:0030595,leukocyte chemotaxis,23/726,234/16355,3.101446866147132e-4,0.004965588916822442,0.004044255273834236,23,MMP2/CXCL12/FLT1/CSF1/CCL14/PREX1/CCL23/RARRES2/THBS4/CMKLR1/ITGB2/PTN/CCN3/KIT/CCL19/GPR183/CCL2/S1PR1/MPP1/CH25H/BST1/CCL8/DUSP1
C3,Up,GO_BP,GO:0043114,regulation of vascular permeability,9/726,50/16355,3.107456665699868e-4,0.004965588916822442,0.004044255273834236,9,FERMT2/ZEB2/ANGPT1/TEK/CLDN5/PDE3A/PLVAP/DDAH1/ADM
C3,Up,GO_BP,GO:0038065,collagen-activated signaling pathway,5/726,15/16355,3.519216620876e-4,0.005519973648695029,0.004495777422196776,5,COL4A1/DDR2/COL4A2/COL1A1/ITGA11
C3,Up,GO_BP,GO:0061307,cardiac neural crest cell differentiation involved in heart development,5/726,15/16355,3.519216620876e-4,0.005519973648695029,0.004495777422196776,5,BMP4/TWIST1/PITX2/CITED2/BMP7
C3,Up,GO_BP,GO:0061308,cardiac neural crest cell development involved in heart development,5/726,15/16355,3.519216620876e-4,0.005519973648695029,0.004495777422196776,5,BMP4/TWIST1/PITX2/CITED2/BMP7
C3,Up,GO_BP,GO:0072537,fibroblast activation,5/726,15/16355,3.519216620876e-4,0.005519973648695029,0.004495777422196776,5,DDR2/ZEB2/ACTA2/CYGB/RGCC
C3,Up,GO_BP,GO:2001028,positive regulation of endothelial cell chemotaxis,5/726,15/16355,3.519216620876e-4,0.005519973648695029,0.004495777422196776,5,PRKD1/SMOC2/FGFR1/FGF2/FGF18
C3,Up,GO_BP,GO:0060411,cardiac septum morphogenesis,11/726,73/16355,3.5248873874170044e-4,0.005519973648695029,0.004495777422196776,11,ZFPM2/SLIT3/ENG/BMP4/SMAD6/TBX3/CITED2/TGFBR3/CCN1/BMP7/ROBO2
C3,Up,GO_BP,GO:0007369,gastrulation,20/726,192/16355,3.541006678755739e-4,0.005526793812888526,0.004501332148024869,20,MMP2/PLPP3/COL4A2/BMP4/FZD7/COL6A1/ITGA8/GPC3/EYA2/SNAI1/ITGA7/ITGB2/COL5A1/FGFR1/SOX17/BMP7/GJA1/KLF4/COL8A1/DUSP1
C3,Up,GO_BP,GO:0003279,cardiac septum development,14/726,110/16355,3.6040211917863117e-4,0.005606520383778839,0.004566265957526401,14,PLXND1/ZFPM2/SLIT3/ENG/BMP4/ANK2/SMAD6/TBX3/KCNJ8/CITED2/TGFBR3/CCN1/BMP7/ROBO2
C3,Up,GO_BP,GO:0010712,regulation of collagen metabolic process,8/726,41/16355,3.769272475693843e-4,0.00580591543960973,0.004728664520844563,8,DDR2/ENG/BMP4/MFAP4/F2R/CYGB/RGCC/EMILIN1
C3,Up,GO_BP,GO:0035136,forelimb morphogenesis,8/726,41/16355,3.769272475693843e-4,0.00580591543960973,0.004728664520844563,8,RECK/OSR2/TWIST1/TBX3/TFAP2B/MSX1/CACNA1C/ZBTB16
C3,Up,GO_BP,GO:0072210,metanephric nephron development,8/726,41/16355,3.769272475693843e-4,0.00580591543960973,0.004728664520844563,8,PDGFRA/PDGFRB/BMP4/PKD2/TFAP2B/AQP1/IRX1/EGR1
C3,Up,GO_BP,GO:0001666,response to hypoxia,27/726,299/16355,3.8490715752408723e-4,0.005899080570536764,0.0048045434504943065,27,MMP2/POSTN/CXCL12/DDR2/ENG/VCAM1/ARNT2/TWIST1/FZD4/PTGIS/TEK/ACVRL1/BCL2/SOD3/KCNJ8/FOXO3/CYGB/CITED2/PENK/RGCC/AQP1/TGFBR3/MGARP/BMP7/DDAH1/EGR1/ADM
C3,Up,GO_BP,GO:0097305,response to alcohol,25/726,268/16355,3.854869593773492e-4,0.005899080570536764,0.0048045434504943065,25,CTSK/PTGFR/EPS8/PRKD1/SLIT3/VCAM1/A2M/GNG2/CDO1/CLDN5/FOXO3/GHR/ADRA2A/KLF2/FGF2/PTGER2/CCL19/INHBB/PENK/ADCY2/TGFBR3/KLF4/SGK1/FOSB/KLF9
C3,Up,GO_BP,GO:0008360,regulation of cell shape,16/726,138/16355,4.1351166993239816e-4,0.0063073955368259955,0.0051370981551752135,16,FERMT2/EPS8/PLXND1/RHOJ/DLC1/RHOU/PALM2AKAP2/SYNE3/PLXNC1/LPAR1/ITGA7/ITGB2/KIT/CCL2/WASF3/BAMBI
C3,Up,GO_BP,GO:0032330,regulation of chondrocyte differentiation,9/726,52/16355,4.2159540299866637e-4,0.00638921033318624,0.005203732733107478,9,BMP4/SCIN/AXIN2/ACVRL1/CCN2/RFLNB/FGF18/ZBTB16/MUSTN1
C3,Up,GO_BP,GO:0060324,face development,9/726,52/16355,4.2159540299866637e-4,0.00638921033318624,0.005203732733107478,9,MMP2/PDGFRA/COL1A1/CRISPLD2/CLDN5/ARID5B/MSX1/CSRNP1/ZFAND5
C3,Up,GO_BP,GO:0010596,negative regulation of endothelial cell migration,10/726,63/16355,4.229938446524408e-4,0.006389791261019829,0.005204205873452775,10,MEF2C/MEOX2/SERPINF1/ACVRL1/MMRN2/PTPRM/FGF2/RGCC/DCN/KLF4
C3,Up,GO_BP,GO:0010721,negative regulation of cell development,25/726,270/16355,4.3086373251065936e-4,0.006487813510689352,0.005284040714157378,25,TLR4/FBN1/BMP4/QKI/NPR2/GATA2/PIK3R1/ID4/FGL2/HLX/TSC22D1/SOX10/PTN/SEMA3G/RUNX3/DAAM2/NR1D1/RFLNB/FRZB/BMP7/NFATC4/TNFRSF11B/MAFB/LRP4/BCL6
C3,Up,GO_BP,GO:0001709,cell fate determination,8/726,42/16355,4.477445008029915e-4,0.0067204589928832395,0.005473520297356227,8,MEF2C/BMP4/TNXB/PRRX1/GATA2/CYP26B1/SOX17/KLF4
C3,Up,GO_BP,GO:0001657,ureteric bud development,13/726,100/16355,4.705301841497448e-4,0.007037712019851194,0.005731909030082027,13,WNT2B/BMP4/DCHS1/GPC3/PKD2/BCL2/SMAD6/FGFR1/FGF2/BMP7/PBX1/BMPER/ROBO2
C3,Up,GO_BP,GO:0031032,actomyosin structure organization,21/726,211/16355,4.718772427103291e-4,0.007037712019851194,0.005731909030082027,21,FERMT2/PRKD1/PDGFRA/ZEB2/PDGFRB/DLC1/LIMCH1/MYL9/PGM5/LPAR1/PIK3R1/LMOD1/CCN2/MYH11/SYNPO/LDB3/RGCC/CNN1/S1PR1/MYOC/SORBS1
C3,Up,GO_BP,GO:0070169,positive regulation of biomineral tissue development,9/726,53/16355,4.881458505680866e-4,0.007257307613825541,0.005910760049350415,9,SLC8A1/MEF2C/BMP4/GPM6B/OSR2/PTN/CCN1/BMP7/TENT5A
C3,Up,GO_BP,GO:0007379,segment specification,5/726,16/16355,4.932777491082665e-4,0.007310469606658158,0.005954058170375391,5,MEOX2/IRX3/MEOX1/IRX1/MAFB
C3,Up,GO_BP,GO:0071383,cellular response to steroid hormone stimulus,21/726,212/16355,5.024845410620534e-4,0.007378029429173366,0.006009082694773853,21,DAB2/TFPI/KANK2/LMO3/AXIN2/SERPINF1/AR/FOXO3/SOX10/PDE3A/FAM107A/ZFP36L2/AQP1/MGARP/PLPP1/NR1D1/SGK1/ZFP36/NR3C2/ERRFI1/KLF9
C3,Up,GO_BP,GO:0042246,tissue regeneration,11/726,76/16355,5.029293345053966e-4,0.007378029429173366,0.006009082694773853,11,POSTN/CPQ/FZD7/COL6A1/PTN/APOD/CCN3/MUSTN1/GJA1/NINJ2/LGR6
C3,Up,GO_BP,GO:1902893,regulation of miRNA transcription,11/726,76/16355,5.029293345053966e-4,0.007378029429173366,0.006009082694773853,11,BMP4/TWIST1/GATA2/AR/SMAD6/FOXO3/FGF2/NFATC4/KLF4/EGR1/JUN
C3,Up,GO_BP,GO:0071674,mononuclear cell migration,22/726,227/16355,5.041182304735313e-4,0.007378029429173366,0.006009082694773853,22,MMP2/CXCL12/JAM2/EPS8/CD200/FLT1/PDGFD/CSF1/PECAM1/CCL23/RARRES2/CMKLR1/APOD/CCN3/CCL19/GPR183/CCL2/S1PR1/CH25H/EMILIN1/CCL8/DUSP1
C3,Up,GO_BP,GO:0003177,pulmonary valve development,6/726,24/16355,5.074908961051846e-4,0.007381400092576338,0.006011827952883644,6,ADAMTS5/BMP4/SMAD6/TNFRSF1B/NFATC1/ROBO2
C3,Up,GO_BP,GO:1903587,regulation of blood vessel endothelial cell proliferation involved in sprouting angiogenesis,6/726,24/16355,5.074908961051846e-4,0.007381400092576338,0.006011827952883644,6,GATA2/AGTR1/JCAD/MMRN2/PPP1R16B/FGF2
C3,Up,GO_BP,GO:0033687,osteoblast proliferation,7/726,33/16355,5.128253355363338e-4,0.00743596736527684,0.006056270612977821,7,OSR2/CTHRC1/AXIN2/BCL2/TNN/CCN1/NPR3
C3,Up,GO_BP,GO:0072163,mesonephric epithelium development,13/726,101/16355,5.185757100026292e-4,0.007473216826970406,0.0060866086724557875,13,WNT2B/BMP4/DCHS1/GPC3/PKD2/BCL2/SMAD6/FGFR1/FGF2/BMP7/PBX1/BMPER/ROBO2
C3,Up,GO_BP,GO:0072164,mesonephric tubule development,13/726,101/16355,5.185757100026292e-4,0.007473216826970406,0.0060866086724557875,13,WNT2B/BMP4/DCHS1/GPC3/PKD2/BCL2/SMAD6/FGFR1/FGF2/BMP7/PBX1/BMPER/ROBO2
C3,Up,GO_BP,GO:0034614,cellular response to reactive oxygen species,16/726,141/16355,5.262360842753836e-4,0.007560419339222483,0.0061576313096443555,16,MMP2/PDGFRA/DDR2/FBLN5/SLC8A1/PDGFD/PKD2/LRRK2/SOD3/FOXO3/KLF2/CYGB/AQP1/BMP7/KLF4/RHOB
C3,Up,GO_BP,GO:0042552,myelination,17/726,155/16355,5.311742018248334e-4,0.007608098781015448,0.006196464132327565,17,JAM2/PMP22/GPM6B/QKI/COL6A1/CLU/ANK2/LPAR1/PLP1/TNFRSF1B/ID4/CLDN5/SOX10/PTN/NTRK2/MYOC/WASF3
C3,Up,GO_BP,GO:0071300,cellular response to retinoic acid,10/726,65/16355,5.470797708998922e-4,0.0078120995856768806,0.006362613876887245,10,COL1A1/RORB/FZD7/FZD4/SERPINF1/EPHA3/CYP26B1/AQP1/KLF4/WNT2
C3,Up,GO_BP,GO:0055017,cardiac muscle tissue growth,11/726,77/16355,5.636766969242863e-4,0.008000462604683678,0.006516027328095981,11,COL14A1/ZFPM2/MEF2C/FGFR1/PRKG1/FGF2/CITED2/TGFBR3/S1PR1/WNT2/SORBS2
C3,Up,GO_BP,GO:0061614,miRNA transcription,11/726,77/16355,5.636766969242863e-4,0.008000462604683678,0.006516027328095981,11,BMP4/TWIST1/GATA2/AR/SMAD6/FOXO3/FGF2/NFATC4/KLF4/EGR1/JUN
C3,Up,GO_BP,GO:0018108,peptidyl-tyrosine phosphorylation,20/726,200/16355,6.001966709747513e-4,0.008493144458552355,0.006917295177530822,20,PLPP3/PDGFRA/DDR2/PDGFRB/FLT1/ANGPT1/ENPP2/GFRA1/PECAM1/EPHA3/HCLS1/THBS4/GHR/ITGB2/SAMSN1/FGFR1/KIT/BST1/ERRFI1/LRP4
C3,Up,GO_BP,GO:0030177,positive regulation of Wnt signaling pathway,16/726,143/16355,6.152175746336578e-4,0.008679556052939713,0.007069119278626034,16,DAB2/ZEB2/COL1A1/RECK/ADGRA2/RSPO3/HHEX/GPC3/LRRK2/DKK2/FGF2/DACT1/DAAM2/LGR6/SULF1/BAMBI
C3,Up,GO_BP,GO:0001655,urogenital system development,10/726,66/16355,6.195949789562054e-4,0.008687699670309811,0.007075751899257503,10,MMP2/BMP4/OSR2/GATA2/SERPINF1/AR/ID4/BMP7/PBX1/SULF1
C3,Up,GO_BP,GO:0034405,response to fluid shear stress,7/726,34/16355,6.213425051562572e-4,0.008687699670309811,0.007075751899257503,7,MMP2/MEF2C/PKD2/SMAD6/KLF2/CITED2/KLF4
C3,Up,GO_BP,GO:0150077,regulation of neuroinflammatory response,7/726,34/16355,6.213425051562572e-4,0.008687699670309811,0.007075751899257503,7,CD200/IL33/LRRK2/TNFRSF1B/CALHM2/NR1D1/NUPR1
C3,Up,GO_BP,GO:0070374,positive regulation of ERK1 and ERK2 cascade,19/726,186/16355,6.275488638261665e-4,0.00873907334697917,0.007117593514881872,19,FERMT2/PDGFRA/TLR4/PDGFRB/PDGFD/BMP4/ACTA2/ANGPT1/F2R/TEK/CCN2/FGF2/CCL19/GPR183/FGF18/PLA2G5/BMPER/GPNMB/PDE8B
C3,Up,GO_BP,GO:0070372,regulation of ERK1 and ERK2 cascade,25/726,277/16355,6.287370777520135e-4,0.00873907334697917,0.007117593514881872,25,FERMT2/PDGFRA/FBLN1/DAB2/TLR4/PDGFRB/PDGFD/BMP4/ACTA2/ANGPT1/LMO3/F2R/TEK/CCN2/FGF2/CCL19/CCN1/GPR183/FGF18/EMILIN1/PLA2G5/BMPER/GPNMB/PDE8B/CNKSR3
C3,Up,GO_BP,GO:0002685,regulation of leukocyte migration,22/726,231/16355,6.3895355699936e-4,0.008854878497884935,0.007211911751879131,22,CXCL12/JAM2/CD200/IL33/PDGFD/CSF1/PIK3R1/SELE/RARRES2/THBS4/CMKLR1/PTN/APOD/PLVAP/CCN3/CCL19/CCL2/MPP1/EMILIN1/BST1/CCL8/DUSP1
C3,Up,GO_BP,GO:0060045,positive regulation of cardiac muscle cell proliferation,6/726,25/16355,6.429160535507073e-4,0.008859447037842886,0.0072156326281192194,6,ZFPM2/MEF2C/FGFR1/FGF2/TGFBR3/WNT2
C3,Up,GO_BP,GO:0070663,regulation of leukocyte proliferation,24/726,262/16355,6.489858135509414e-4,0.008859447037842886,0.0072156326281192194,24,TLR4/IL33/MEF2C/BMP4/CSF1/LRRC32/VCAM1/HHEX/PDE5A/BCL2/TNFRSF1B/CSF2RB/KIT/CCL19/IL6ST/GPR183/HLA-DPB1/PLA2G5/IRS2/BST1/GPNMB/HLA-DPA1/CCL8/BCL6
C3,Up,GO_BP,GO:0003253,cardiac neural crest cell migration involved in outflow tract morphogenesis,4/726,10/16355,6.524837537449209e-4,0.008859447037842886,0.0072156326281192194,4,BMP4/TWIST1/PITX2/BMP7
C3,Up,GO_BP,GO:0060872,semicircular canal development,4/726,10/16355,6.524837537449209e-4,0.008859447037842886,0.0072156326281192194,4,ZEB1/GATA2/TBX3/SPARC
C3,Up,GO_BP,GO:0072124,regulation of glomerular mesangial cell proliferation,4/726,10/16355,6.524837537449209e-4,0.008859447037842886,0.0072156326281192194,4,PDGFD/BMP4/BMP7/EGR1
C3,Up,GO_BP,GO:0072203,cell proliferation involved in metanephros development,4/726,10/16355,6.524837537449209e-4,0.008859447037842886,0.0072156326281192194,4,PDGFRB/GPC3/BMP7/EGR1
C3,Up,GO_BP,GO:1900748,positive regulation of vascular endothelial growth factor signaling pathway,4/726,10/16355,6.524837537449209e-4,0.008859447037842886,0.0072156326281192194,4,CCBE1/TNXB/JCAD/SMOC2
C3,Up,GO_BP,GO:0045664,regulation of neuron differentiation,19/726,187/16355,6.702718931143445e-4,0.00907474741743859,0.007390985382892893,19,CXCL12/MAP1B/ZEB1/MEF2C/BMP4/GATA2/ZNF536/LRRK2/BCL2/S100B/IRX3/TCF4/ID4/FOXO3/FGFR1/FGF2/BMP7/PBX1/BCL6
C3,Up,GO_BP,GO:0018212,peptidyl-tyrosine modification,20/726,202/16355,6.810209800543355e-4,0.00919378323073353,0.007487934853289504,20,PLPP3/PDGFRA/DDR2/PDGFRB/FLT1/ANGPT1/ENPP2/GFRA1/PECAM1/EPHA3/HCLS1/THBS4/GHR/ITGB2/SAMSN1/FGFR1/KIT/BST1/ERRFI1/LRP4
C3,Up,GO_BP,GO:0031102,neuron projection regeneration,9/726,56/16355,7.412597233118012e-4,0.009978332894323328,0.00812691628483908,9,MMP2/MAP1B/PRRX1/BCL2/PTN/APOD/MATN2/KLF4/ADM
C3,Up,GO_BP,GO:0050886,endocrine process,12/726,92/16355,7.455965749782595e-4,0.010002435026802677,0.008146546418952688,12,DAB2/FZD4/F2R/AGTR1/TBX3/SELENOM/CPA3/FGFR1/ENPEP/INHBB/AQP1/GJA1
C3,Up,GO_BP,GO:0048048,embryonic eye morphogenesis,7/726,35/16355,7.473083640714644e-4,0.010002435026802677,0.008146546418952688,7,MFAP5/ZEB1/FBN1/TWIST1/FOXF2/CITED2/BMP7
C3,Up,GO_BP,GO:0002053,positive regulation of mesenchymal cell proliferation,6/726,26/16355,8.047337745951472e-4,0.010679771957762716,0.008698207762870532,6,PRRX1/CHRD/FGFR1/IRS2/SYNE1/WNT2
C3,Up,GO_BP,GO:0035988,chondrocyte proliferation,6/726,26/16355,8.047337745951472e-4,0.010679771957762716,0.008698207762870532,6,DDR2/NPR2/CCN2/CCN3/MUSTN1/ERRFI1
C3,Up,GO_BP,GO:0060740,prostate gland epithelium morphogenesis,6/726,26/16355,8.047337745951472e-4,0.010679771957762716,0.008698207762870532,6,MMP2/BMP4/AR/ID4/BMP7/SULF1
C3,Up,GO_BP,GO:0010586,miRNA metabolic process,13/726,106/16355,8.257403113100324e-4,0.010927684457843753,0.008900121665268993,13,BMP4/QKI/TWIST1/GATA2/AR/SMAD6/FOXO3/FGF2/NFATC4/KLF4/DNM3OS/EGR1/JUN
C3,Up,GO_BP,GO:0019933,cAMP-mediated signaling,9/726,57/16355,8.46194200278381e-4,0.0110481299709533,0.008998219274588347,9,PDE5A/LPAR1/PDE1A/PDE3A/ADCY2/PDE1C/PDE7B/PDE8B/ADM
C3,Up,GO_BP,GO:0060986,endocrine hormone secretion,9/726,57/16355,8.46194200278381e-4,0.0110481299709533,0.008998219274588347,9,DAB2/FZD4/AGTR1/TBX3/SELENOM/FGFR1/INHBB/AQP1/GJA1
C3,Up,GO_BP,GO:0001774,microglial cell activation,8/726,46/16355,8.465999977741993e-4,0.0110481299709533,0.008998219274588347,8,IL33/CLU/LRRK2/KCNJ8/ITGAM/ITGB2/CALHM2/NR1D1
C3,Up,GO_BP,GO:0090049,regulation of cell migration involved in sprouting angiogenesis,8/726,46/16355,8.465999977741993e-4,0.0110481299709533,0.008998219274588347,8,RHOJ/GATA2/MEOX2/JCAD/MMRN2/FGF2/TGFBR3/KLF4
C3,Up,GO_BP,GO:2000648,positive regulation of stem cell proliferation,8/726,46/16355,8.465999977741993e-4,0.0110481299709533,0.008998219274588347,8,FERMT2/PRRX1/OSR2/TBX3/FGFR1/FGF2/PBX1/GJA1
C3,Up,GO_BP,GO:2000241,regulation of reproductive process,19/726,191/16355,8.671871769668415e-4,0.011285444203297012,0.009191501350851346,19,ZFPM2/BMP4/NPR2/PDE5A/SERPINF1/AR/SNAI1/PDE3A/KIT/CITED2/RGN/MSX1/INHBB/NUPR1/BMP7/GJA1/DUSP1/PTGDS/SULF1
C3,Up,GO_BP,GO:0070661,leukocyte proliferation,28/726,332/16355,8.919873997097521e-4,0.011520920025304734,0.009383286122198181,28,PLCL2/TLR4/IL33/MEF2C/BMP4/CSF1/LRRC32/VCAM1/HHEX/CLU/PDE5A/BCL2/TNFRSF1B/CSF2RB/KIT/CCL19/IL6ST/GPR183/NPR3/HLA-DPB1/PLA2G5/GJA1/IRS2/BST1/GPNMB/HLA-DPA1/CCL8/BCL6
C3,Up,GO_BP,GO:0032965,regulation of collagen biosynthetic process,7/726,36/16355,8.926383331653732e-4,0.011520920025304734,0.009383286122198181,7,DDR2/ENG/BMP4/F2R/CYGB/RGCC/EMILIN1
C3,Up,GO_BP,GO:0050931,pigment cell differentiation,7/726,36/16355,8.926383331653732e-4,0.011520920025304734,0.009383286122198181,7,ZEB2/MEF2C/MITF/BCL2/SOX10/KIT/ENPP1
C3,Up,GO_BP,GO:0070371,ERK1 and ERK2 cascade,26/726,300/16355,9.040974642833638e-4,0.011621212935748675,0.0094649703169201755,26,FERMT2/PDGFRA/FBLN1/DAB2/TLR4/PDGFRB/PDGFD/BMP4/ACTA2/ANGPT1/LMO3/F2R/TEK/CCN2/FGF2/CCL19/ZFP36L2/CCN1/GPR183/FGF18/EMILIN1/PLA2G5/BMPER/GPNMB/PDE8B/CNKSR3
C3,Up,GO_BP,GO:0051899,membrane depolarization,12/726,94/16355,9.05356307893575e-4,0.011621212935748675,0.0094649703169201755,12,CACNA2D1/SLC8A1/COL6A1/ANK2/LRRK2/BCL2/SCN4B/CACNA1C/KCNJ2/GJA1/DCN/MYOC
C3,Up,GO_BP,GO:0045926,negative regulation of growth,21/726,222/16355,9.167031572596895e-4,0.011734799544430574,0.009557481648182908,21,DAB2/SLIT3/IGFBP5/GPC3/ACVRL1/BCL2/MEG3/SEMA3G/SOX17/CCN3/CITED2/MSX1/ENPP1/FRZB/MT1M/GJA1/PRDM11/RERG/JADE1/TSPYL2/BCL6
C3,Up,GO_BP,GO:0071900,regulation of protein serine/threonine kinase activity,22/726,238/16355,9.510062973844345e-4,0.012140835829108895,0.009888180466225457,22,FERMT2/TLR4/PDGFRB/SLC8A1/FLT1/HERC5/NTRK3/DIRAS3/HHEX/PDE5A/SYNPO2/LRRK2/TCIM/GHR/ADRA2A/FGFR1/FGF2/CCL19/CEMIP/RGCC/FGF18/DUSP1
C3,Up,GO_BP,GO:0048010,vascular endothelial growth factor receptor signaling pathway,9/726,58/16355,9.628907435879778e-4,0.012176968860142063,0.009917609241696669,9,PRKD1/FLT1/FZD4/HHEX/MMRN2/TMEM204/FGF18/EMILIN1/SULF1
C3,Up,GO_BP,GO:0014074,response to purine-containing compound,16/726,149/16355,9.632242874318655e-4,0.012176968860142063,0.009917609241696669,16,COL1A1/SLC8A1/IGFBP5/NPR2/PKD2/TEK/CDO1/TYR/KCNJ8/PDE3A/BCKDHB/INHBB/PENK/ENPP1/AQP1/FOSB
C3,Up,GO_BP,GO:0072028,nephron morphogenesis,11/726,82/16355,9.667963782105128e-4,0.012176968860142063,0.009917609241696669,11,WNT2B/BMP4/DCHS1/GPC3/PKD2/BCL2/IRX3/FGF2/IRX1/BMP7/PBX1
C3,Up,GO_BP,GO:0072091,regulation of stem cell proliferation,11/726,82/16355,9.667963782105128e-4,0.012176968860142063,0.009917609241696669,11,FERMT2/FBLN1/PRRX1/OSR2/TBX3/TSC22D1/FGFR1/SOX17/FGF2/PBX1/GJA1
C3,Up,GO_BP,GO:0086001,cardiac muscle cell action potential,11/726,82/16355,9.667963782105128e-4,0.012176968860142063,0.009917609241696669,11,GJC1/CACNA2D1/SLC8A1/KCNE4/SCN7A/ANK2/KCNJ8/SCN4B/CACNA1C/KCNJ2/GJA1
C3,Up,GO_BP,GO:0050866,negative regulation of cell activation,20/726,208/16355,9.823477006639767e-4,0.012321791415235159,0.010035560886912641,20,PDGFRA/CD200/BMP4/LRRC32/DAPL1/PDE5A/ADGRF5/FGL2/HLX/CD84/SAMSN1/CYGB/PRKG1/RUNX3/NR1D1/LAPTM5/EMILIN1/PLA2G5/GPNMB/BCL6
C3,Up,GO_BP,GO:0007015,actin filament organization,35/726,451/16355,9.835401832084258e-4,0.012321791415235159,0.010035560886912641,35,CXCL12/FERMT2/EPS8/RHOJ/ZEB2/WIPF1/DLC1/RHOU/KANK2/RHOBTB1/LIMCH1/SCIN/TPM2/SYNPO2/LPAR1/PREX1/BCL2/NOSTRIN/PIK3R1/LMOD1/CCN2/HCLS1/ELMO1/FAM107A/GAS7/SYNPO/DAAM2/RGCC/RFLNB/CNN1/S1PR1/MYOC/RHOB/WASF3/SORBS1
C3,Up,GO_BP,GO:0038063,collagen-activated tyrosine kinase receptor signaling pathway,4/726,11/16355,9.89438993460196e-4,0.012329932072350136,0.010042191096545618,4,COL4A1/DDR2/COL4A2/COL1A1
C3,Up,GO_BP,GO:0060601,lateral sprouting from an epithelium,4/726,11/16355,9.89438993460196e-4,0.012329932072350136,0.010042191096545618,4,BMP4/AR/BMP7/SULF1
C3,Up,GO_BP,GO:0060343,trabecula formation,6/726,27/16355,9.96245613019782e-4,0.012381909761817292,0.01008452465421027,6,MMP2/ADAMTS1/COL1A1/SLC40A1/TEK/TGFBR3
C3,Up,GO_BP,GO:0035265,organ growth,17/726,164/16355,0.0010089744130872857,0.012507023199694111,0.010186424084355739,17,COL14A1/DDR2/ZFPM2/MEF2C/NPR2/LEPR/AR/BCL2/HLX/FGFR1/PRKG1/FGF2/CITED2/TGFBR3/S1PR1/WNT2/SORBS2
C3,Up,GO_BP,GO:0048709,oligodendrocyte differentiation,13/726,109/16355,0.0010745493009403247,0.01328482267320433,0.010819907780936512,13,IL33/GPM6B/QKI/CLU/LPAR1/PLP1/TNFRSF1B/ID4/SOX10/PTN/DAAM2/NTRK2/WASF3
C3,Up,GO_BP,GO:0043536,positive regulation of blood vessel endothelial cell migration,9/726,59/16355,0.0010923031070858963,0.013433612557826024,0.010941090642758979,9,PRKD1/RHOJ/GATA2/ANGPT1/JCAD/FGFR1/FGF2/TGFBR3/FGF18
C3,Up,GO_BP,GO:0045428,regulation of nitric oxide biosynthetic process,9/726,59/16355,0.0010923031070858963,0.013433612557826024,0.010941090642758979,9,TLR4/PTGIS/CLU/PKD2/PTX3/KLF2/RGN/DDAH1/KLF4
C3,Up,GO_BP,GO:0002455,humoral immune response mediated by circulating immunoglobulin,8/726,48/16355,0.0011324311668299693,0.013890761414535758,0.011313418418103446,8,SERPING1/C1S/C1R/SVEP1/CLU/C7/C4A/C4B
C3,Up,GO_BP,GO:0032956,regulation of actin cytoskeleton organization,28/726,338/16355,0.0011711576531441698,0.014328381912685702,0.011669841198407502,28,CXCL12/FERMT2/EPS8/PRKD1/PDGFRA/PDGFRB/DLC1/KANK2/LIMCH1/GPM6B/SCIN/SYNPO2/LPAR1/PREX1/PIK3R1/LMOD1/EPHA3/CCN2/HCLS1/FAM107A/SYNPO/DAAM2/RGCC/S1PR1/LRP1/BST1/MYOC/WASF3
C3,Up,GO_BP,GO:0071230,cellular response to amino acid stimulus,11/726,84/16355,0.0011838016248341785,0.014445454632392132,0.011765191814824988,11,MMP2/COL3A1/COL4A1/PDGFRA/ZEB1/COL1A1/PDGFD/COL6A1/COL1A2/COL16A1/NTRK2
C3,Up,GO_BP,GO:0022612,gland morphogenesis,14/726,124/16355,0.001207272851966391,0.014655730900615258,0.0119364526503409,14,MMP2/PLXND1/BMP4/IGFBP5/CSF1/AR/BCL2/LIMS2/TBX3/ID4/PTN/FGFR1/BMP7/SULF1
C3,Up,GO_BP,GO:0042471,ear morphogenesis,14/726,124/16355,0.001207272851966391,0.014655730900615258,0.0119364526503409,14,ZEB1/PRRX1/OSR2/CTHRC1/TWIST1/GATA2/ITGA8/TBX3/FGFR1/MSX1/SOBP/FRZB/SPARC/MAFB
C3,Up,GO_BP,GO:0033688,regulation of osteoblast proliferation,6/726,28/16355,0.00122091865904655,0.014745182159898952,0.012009306793760546,6,CTHRC1/AXIN2/BCL2/TNN/CCN1/NPR3
C3,Up,GO_BP,GO:0060512,prostate gland morphogenesis,6/726,28/16355,0.00122091865904655,0.014745182159898952,0.012009306793760546,6,MMP2/BMP4/AR/ID4/BMP7/SULF1
C3,Up,GO_BP,GO:0055002,striated muscle cell development,17/726,167/16355,0.0012336816783078237,0.014844097898749404,0.01208986934237505,17,COL14A1/PRKD1/PDGFRA/PDGFRB/SLC8A1/BMP4/MYL9/COL6A1/SGCD/PGM5/BCL2/TBX3/LMOD1/PRKG1/MYH11/LDB3/SORBS2
C3,Up,GO_BP,GO:0001706,endoderm formation,9/726,60/16355,0.0012354283266094118,0.014844097898749404,0.01208986934237505,9,MMP2/COL4A2/COL6A1/ITGA7/ITGB2/COL5A1/SOX17/COL8A1/DUSP1
C3,Up,GO_BP,GO:0060043,regulation of cardiac muscle cell proliferation,7/726,38/16355,0.0012495623223926443,0.014899603529443256,0.012135076254066958,7,ZFPM2/MEF2C/FGFR1/FGF2/CITED2/TGFBR3/WNT2
C3,Up,GO_BP,GO:0060391,positive regulation of SMAD protein signal transduction,7/726,38/16355,0.0012495623223926443,0.014899603529443256,0.012135076254066958,7,DAB2/ENG/BMP4/ACVRL1/TGFBR3/BMP7/BMPER
C3,Up,GO_BP,GO:0071711,basement membrane organization,7/726,38/16355,0.0012495623223926443,0.014899603529443256,0.012135076254066958,7,NID1/COL3A1/COL4A1/LAMA2/HMCN1/COL6A1/NID2
C3,Up,GO_BP,GO:0030324,lung development,19/726,197/16355,0.0012547539495224734,0.014923630518624253,0.012154645187246346,19,COL3A1/PDGFRA/ZFPM2/WNT2B/FBN1/CCBE1/BMP4/IGFBP5/COL6A1/GPC3/ADAMTS2/CRISPLD2/CCN2/KLF2/FGFR1/FGF2/FGF18/WNT2/ERRFI1
C3,Up,GO_BP,GO:0002269,leukocyte activation involved in inflammatory response,8/726,49/16355,0.0013016659672573899,0.01540359373847662,0.012545554264829941,8,IL33/CLU/LRRK2/KCNJ8/ITGAM/ITGB2/CALHM2/NR1D1
C3,Up,GO_BP,GO:0048066,developmental pigmentation,8/726,49/16355,0.0013016659672573899,0.01540359373847662,0.012545554264829941,8,ZEB2/MEF2C/MITF/BCL2/TYR/SOX10/KIT/ENPP1
C3,Up,GO_BP,GO:0060419,heart growth,11/726,85/16355,0.0013064646485018868,0.01542153497151222,0.012560166615457176,11,COL14A1/ZFPM2/MEF2C/FGFR1/PRKG1/FGF2/CITED2/TGFBR3/S1PR1/WNT2/SORBS2
C3,Up,GO_BP,GO:0016049,cell growth,36/726,476/16355,0.0013212112062411783,0.01555651690957658,0.012670103507945346,36,POSTN/CXCL12/COL14A1/MAP1B/DAB2/SLIT3/IGFBP4/CHPT1/IGFBP5/NPR2/AGTR1/ACVRL1/BCL2/S100B/MEG3/RNF157/SEMA3G/PRKG1/FAM107A/SOX17/CCN3/MSX1/ENPP1/TNN/OLFM1/FRZB/GJA1/PRDM11/DCLK1/SGK1/RERG/JADE1/SPOCK1/TSPYL2/SORBS2/BCL6
C3,Up,GO_BP,GO:0034612,response to tumor necrosis factor,21/726,229/16355,0.001358105548756253,0.01595094967014219,0.012991351762444684,21,POSTN/CTSK/GBP2/COL1A1/VCAM1/TNFRSF19/TRAF5/TNFRSF1B/SELE/CCDC3/FOXO3/KLF2/PLVAP/AFF3/NFATC1/ZFP36L2/NR1D1/CCL2/LAPTM5/TNFRSF11B/ZFP36
C3,Up,GO_BP,GO:0080164,regulation of nitric oxide metabolic process,9/726,61/16355,0.0013933062506826693,0.016323572981813417,0.013294837173465029,9,TLR4/PTGIS/CLU/PKD2/PTX3/KLF2/RGN/DDAH1/KLF4
C3,Up,GO_BP,GO:0003158,endothelium development,15/726,140/16355,0.0014025920641568962,0.016389847415273277,0.013348814804624222,15,ZEB1/SLC40A1/BMP4/FZD4/APOLD1/PECAM1/ACVRL1/CLDN5/TIE1/PPP1R16B/GSTM3/SOX17/ROBO4/S1PR1/RHOB
C3,Up,GO_BP,GO:0030308,negative regulation of cell growth,17/726,169/16355,0.0014059405083769968,0.016389847415273277,0.013348814804624222,17,DAB2/SLIT3/ACVRL1/BCL2/MEG3/SEMA3G/SOX17/CCN3/MSX1/ENPP1/FRZB/GJA1/PRDM11/RERG/JADE1/TSPYL2/BCL6
C3,Up,GO_BP,GO:0001553,luteinization,4/726,12/16355,0.0014322854684904278,0.016552857605640566,0.013481579484327811,4,MMP2/PDGFRA/FZD4/A2M
C3,Up,GO_BP,GO:0061309,cardiac neural crest cell development involved in outflow tract morphogenesis,4/726,12/16355,0.0014322854684904278,0.016552857605640566,0.013481579484327811,4,BMP4/TWIST1/PITX2/BMP7
C3,Up,GO_BP,GO:0060993,kidney morphogenesis,12/726,99/16355,0.0014330825931273853,0.016552857605640566,0.013481579484327811,12,WNT2B/BMP4/DCHS1/GPC3/PKD2/LRRK2/BCL2/IRX3/FGF2/IRX1/BMP7/PBX1
C3,Up,GO_BP,GO:0008406,gonad development,21/726,230/16355,0.0014340172510633694,0.016552857605640566,0.013481579484327811,21,MMP2/ADAMTS1/PDGFRA/ZFPM2/WNT2B/SLIT3/NPR2/FZD4/A2M/GFRA1/AR/BCL2/PTX3/FOXO3/ARID5B/KIT/CITED2/INHBB/NUPR1/GJA1/ROBO2
C3,Up,GO_BP,GO:0035633,maintenance of blood-brain barrier,7/726,39/16355,0.0014654856494610501,0.016775592739168347,0.013662987521426126,7,JAM2/LAMA2/ZEB2/ANGPT1/PECAM1/CLDN5/GJA1
C3,Up,GO_BP,GO:0045429,positive regulation of nitric oxide biosynthetic process,7/726,39/16355,0.0014654856494610501,0.016775592739168347,0.013662987521426126,7,TLR4/CLU/PKD2/PTX3/KLF2/DDAH1/KLF4
C3,Up,GO_BP,GO:1904707,positive regulation of vascular associated smooth muscle cell proliferation,7/726,39/16355,0.0014654856494610501,0.016775592739168347,0.013662987521426126,7,MMP2/ADAMTS1/DDR2/IGFBP5/FGF2/GJA1/JUN
C3,Up,GO_BP,GO:0048511,rhythmic process,25/726,294/16355,0.0014675965550868862,0.016775592739168347,0.013662987521426126,25,MMP2/ADAMTS1/PDGFRA/SLIT3/HLF/RORB/NPR2/TWIST1/FZD4/COL6A1/A2M/PLN/SERPINF1/PTX3/FOXO3/C3orf70/PTN/PRKG1/NR1D1/NTRK2/EGR1/ROBO2/PTGDS/NFIL3/KLF9
C3,Up,GO_BP,GO:0055023,positive regulation of cardiac muscle tissue growth,6/726,29/16355,0.0014823720063201155,0.016821699723893482,0.013700539646513146,6,ZFPM2/MEF2C/FGFR1/FGF2/TGFBR3/WNT2
C3,Up,GO_BP,GO:0086010,membrane depolarization during action potential,6/726,29/16355,0.0014823720063201155,0.016821699723893482,0.013700539646513146,6,CACNA2D1/SLC8A1/ANK2/SCN4B/CACNA1C/KCNJ2
C3,Up,GO_BP,GO:0086019,cell-cell signaling involved in cardiac conduction,6/726,29/16355,0.0014823720063201155,0.016821699723893482,0.013700539646513146,6,GJC1/CACNA2D1/ANK2/SCN4B/CACNA1C/GJA1
C3,Up,GO_BP,GO:0001701,in utero embryonic development,31/726,394/16355,0.001508364361764023,0.01693606398662122,0.013793684343027971,31,COL3A1/PDGFRA/ZFPM2/ARNT2/TWIST1/RSPO3/GATA2/ANGPT1/PKD2/ACVRL1/AR/TBX3/SNAI1/MBNL1/SOX10/KLF2/TIE1/FGFR1/SOX17/CITED2/MSX1/LPAR6/FKBP10/CCN1/BMP7/GJA1/KLF4/WNT2/SOCS3/ADM/ZFAND5
C3,Up,GO_BP,GO:0003184,pulmonary valve morphogenesis,5/726,20/16355,0.0015104748425700918,0.01693606398662122,0.013793684343027971,5,ADAMTS5/BMP4/SMAD6/NFATC1/ROBO2
C3,Up,GO_BP,GO:0060216,definitive hemopoiesis,5/726,20/16355,0.0015104748425700918,0.01693606398662122,0.013793684343027971,5,MFAP5/GATA2/TEK/ZFP36L2/TGFBR3
C3,Up,GO_BP,GO:0071498,cellular response to fluid shear stress,5/726,20/16355,0.0015104748425700918,0.01693606398662122,0.013793684343027971,5,MMP2/MEF2C/PKD2/KLF2/KLF4
C3,Up,GO_BP,GO:2001044,regulation of integrin-mediated signaling pathway,5/726,20/16355,0.0015104748425700918,0.01693606398662122,0.013793684343027971,5,NID1/LAMA2/PRKD1/LIMS2/BST1
C3,Up,GO_BP,GO:0002042,cell migration involved in sprouting angiogenesis,9/726,62/16355,0.0015670189147037378,0.017528225860186094,0.014275974323178162,9,RHOJ/GATA2/MEOX2/JCAD/MMRN2/FGF2/TGFBR3/NR4A1/KLF4
C3,Up,GO_BP,GO:0048708,astrocyte differentiation,11/726,87/16355,0.0015831605519253617,0.017624853727358645,0.01435467350024617,11,PLPP3/ZEB2/TLR4/QKI/PLP1/ROR1/ID4/LAMC3/IL6ST/NR1D1/LRP1
C3,Up,GO_BP,GO:0055006,cardiac cell development,11/726,87/16355,0.0015831605519253617,0.017624853727358645,0.01435467350024617,11,COL14A1/PDGFRA/PDGFRB/SLC8A1/BMP4/SGCD/TBX3/PRKG1/MYH11/TGFBR3/SORBS2
C3,Up,GO_BP,GO:0030323,respiratory tube development,19/726,201/16355,0.0015880752799319134,0.01763777225796721,0.014365195079140242,19,COL3A1/PDGFRA/ZFPM2/WNT2B/FBN1/CCBE1/BMP4/IGFBP5/COL6A1/GPC3/ADAMTS2/CRISPLD2/CCN2/KLF2/FGFR1/FGF2/FGF18/WNT2/ERRFI1
C3,Up,GO_BP,GO:0019722,calcium-mediated signaling,21/726,232/16355,0.0015967603227515087,0.017692405651619312,0.014409691591861307,21,PRKD1/PDGFRA/NEGR1/PDGFRB/SLC8A1/RCAN2/PKD2/SGCD/ACKR4/AGTR1/PLN/ANK2/LRRK2/SELE/KCNJ8/CMKLR1/NFATC1/RGN/CACNA1C/NFATC4/BST1
C3,Up,GO_BP,GO:0048863,stem cell differentiation,22/726,248/16355,0.0016200604883723254,0.017908339233819258,0.014585560062497593,22,PDGFRA/MEF2C/BMP4/TWIST1/A2M/BCL2/TBX3/PITX2/SOX10/PTN/SEMA3G/FGFR1/SOX17/MEOX1/FGF2/KIT/CITED2/ZFP36L2/MSX1/FRZB/BMP7/ZFP36
C3,Up,GO_BP,GO:0043549,regulation of kinase activity,33/726,430/16355,0.0016281616472053576,0.017955641827630917,0.014624085958960899,33,LDB2/FERMT2/DDR2/TLR4/FBN1/DEPTOR/PDGFRB/SLC8A1/SH3BP5/FLT1/HERC5/NTRK3/DIRAS3/ANGPT1/HHEX/ADARB1/PDE5A/SYNPO2/LRRK2/TCIM/GHR/ADRA2A/FGFR1/FGF2/CCL19/CEMIP/RGCC/CCN1/FGF18/IRS2/DUSP1/ERRFI1/TSPYL2
C3,Up,GO_BP,GO:0035987,endodermal cell differentiation,8/726,51/16355,0.0017002210098089094,0.018633103054022562,0.015175848536078512,8,MMP2/COL4A2/COL6A1/ITGA7/ITGB2/COL5A1/SOX17/COL8A1
C3,Up,GO_BP,GO:0045599,negative regulation of fat cell differentiation,8/726,51/16355,0.0017002210098089094,0.018633103054022562,0.015175848536078512,8,FERMT2/ZFPM2/RUNX1T1/GATA2/TGFB1I1/ID4/ZFP36L2/ENPP1
C3,Up,GO_BP,GO:0030279,negative regulation of ossification,7/726,40/16355,0.0017094226088300816,0.018633103054022562,0.015175848536078512,7,MEF2C/SRGN/BCL2/SMAD6/ENPP1/RFLNB/LRP4
C3,Up,GO_BP,GO:0099622,cardiac muscle cell membrane repolarization,7/726,40/16355,0.0017094226088300816,0.018633103054022562,0.015175848536078512,7,CACNA2D1/KCNE4/ANK2/KCNJ8/SCN4B/KCNJ2/GJA1
C3,Up,GO_BP,GO:1904407,positive regulation of nitric oxide metabolic process,7/726,40/16355,0.0017094226088300816,0.018633103054022562,0.015175848536078512,7,TLR4/CLU/PKD2/PTX3/KLF2/DDAH1/KLF4
C3,Up,GO_BP,GO:0045859,regulation of protein kinase activity,31/726,398/16355,0.0017670853677652428,0.019176896112956195,0.015618744229480801,31,FERMT2/DDR2/TLR4/FBN1/DEPTOR/PDGFRB/SLC8A1/SH3BP5/FLT1/HERC5/NTRK3/DIRAS3/ANGPT1/HHEX/ADARB1/PDE5A/SYNPO2/LRRK2/TCIM/GHR/ADRA2A/FGFR1/FGF2/CCL19/CEMIP/RGCC/CCN1/FGF18/DUSP1/ERRFI1/TSPYL2
C3,Up,GO_BP,GO:0007498,mesoderm development,14/726,129/16355,0.001767474673671782,0.019176896112956195,0.015618744229480801,14,ZFPM2/BMP4/ITGA8/MEST/IRX3/EYA2/TBX3/SNAI1/TIE1/FGFR1/CITED2/BMP7/GJA1/KLF4
C3,Up,GO_BP,GO:0061036,positive regulation of cartilage development,6/726,30/16355,0.0017843621528884355,0.019271111251195103,0.015695478344221327,6,BMP4/ACVRL1/CCN1/FGF18/ZBTB16/MUSTN1
C3,Up,GO_BP,GO:0099625,ventricular cardiac muscle cell membrane repolarization,6/726,30/16355,0.0017843621528884355,0.019271111251195103,0.015695478344221327,6,CACNA2D1/KCNE4/ANK2/KCNJ8/SCN4B/GJA1
C3,Up,GO_BP,GO:0090101,negative regulation of transmembrane receptor protein serine/threonine kinase signaling pathway,16/726,158/16355,0.0017899951646963748,0.01928760844895314,0.015708914591191028,16,ENG/FBN1/ASPN/GREM2/CHRDL1/SMAD6/CHRD/MAGI2/CCN3/TGFBR3/EMILIN1/CRIM1/LRP1/BMPER/DKK3/BAMBI
C3,Up,GO_BP,GO:0032526,response to retinoic acid,12/726,102/16355,0.0018566261761476062,0.019959793536708133,0.01625637998385294,12,MMP2/COL1A1/RORB/FZD7/FZD4/SERPINF1/EPHA3/CYP26B1/TIE1/AQP1/KLF4/WNT2
C3,Up,GO_BP,GO:0045137,development of primary sexual characteristics,21/726,235/16355,0.0018702620615781514,0.020060482112543736,0.016338386430753617,21,MMP2/ADAMTS1/PDGFRA/ZFPM2/WNT2B/SLIT3/NPR2/FZD4/A2M/GFRA1/AR/BCL2/PTX3/FOXO3/ARID5B/KIT/CITED2/INHBB/NUPR1/GJA1/ROBO2
C3,Up,GO_BP,GO:0010566,regulation of ketone biosynthetic process,5/726,21/16355,0.0019108462919862894,0.02035636253911925,0.01657936811402354,5,DAB2/PRKG1/EGR1/DKK3/ADM
C3,Up,GO_BP,GO:0030449,regulation of complement activation,5/726,21/16355,0.0019108462919862894,0.02035636253911925,0.01657936811402354,5,SERPING1/CFH/SVEP1/A2M/MASP1
C3,Up,GO_BP,GO:2001026,regulation of endothelial cell chemotaxis,5/726,21/16355,0.0019108462919862894,0.02035636253911925,0.01657936811402354,5,PRKD1/SMOC2/FGFR1/FGF2/FGF18
C3,Up,GO_BP,GO:0043434,response to peptide hormone,33/726,435/16355,0.0019628275393308854,0.020760754411610637,0.01690872763016842,33,CTSK/CXCL12/COL3A1/PRKD1/MAP1B/DDR2/COL1A1/FBN1/IGFBP5/TNS2/NPR2/COL6A1/LEPROT/AGTR1/TEK/CDO1/PIK3R1/KCNJ8/RARRES2/GHR/KLF15/INHBB/ENPP1/TGFBR3/MGARP/NR4A1/BMP7/IRS2/EGR1/SOCS3/ADM/ERRFI1/SORBS1
C3,Up,GO_BP,GO:0071384,cellular response to corticosteroid stimulus,9/726,64/16355,0.0019664826975663544,0.020760754411610637,0.01690872763016842,9,AXIN2/SERPINF1/FOXO3/FAM107A/ZFP36L2/AQP1/SGK1/ZFP36/KLF9
C3,Up,GO_BP,GO:1905330,regulation of morphogenesis of an epithelium,9/726,64/16355,0.0019664826975663544,0.020760754411610637,0.01690872763016842,9,WNT2B/BMP4/MMRN2/FGFR1/FGF2/BMP7/GJA1/WNT2/SULF1
C3,Up,GO_BP,GO:2000630,positive regulation of miRNA metabolic process,9/726,64/16355,0.0019664826975663544,0.020760754411610637,0.01690872763016842,9,GATA2/AR/SMAD6/FOXO3/FGF2/KLF4/DNM3OS/EGR1/JUN
C3,Up,GO_BP,GO:0003183,mitral valve morphogenesis,4/726,13/16355,0.001996662044512549,0.020891577472427522,0.01701527729879995,4,DCHS1/TWIST1/AXIN2/SMAD6
C3,Up,GO_BP,GO:0032490,detection of molecule of bacterial origin,4/726,13/16355,0.001996662044512549,0.020891577472427522,0.01701527729879995,4,TLR4/LY96/C4B/NR4A1
C3,Up,GO_BP,GO:0061469,regulation of type B pancreatic cell proliferation,4/726,13/16355,0.001996662044512549,0.020891577472427522,0.01701527729879995,4,NR1D1/NR4A1/NUPR1/IRS2
C3,Up,GO_BP,GO:1905048,regulation of metallopeptidase activity,4/726,13/16355,0.001996662044512549,0.020891577472427522,0.01701527729879995,4,TIMP2/RECK/TIMP3/LRP1
C3,Up,GO_BP,GO:0007548,sex differentiation,24/726,285/16355,0.0020571957591444764,0.02145042167673323,0.01747043149266772,24,MMP2/ADAMTS1/PDGFRA/ZFPM2/WNT2B/SLIT3/NPR2/FZD4/A2M/GFRA1/AR/BCL2/PTX3/TBX3/FOXF2/FOXO3/ARID5B/KIT/CITED2/INHBB/NUPR1/PBX1/GJA1/ROBO2
C3,Up,GO_BP,GO:0045446,endothelial cell differentiation,13/726,117/16355,0.0020592039540669833,0.02145042167673323,0.01747043149266772,13,ZEB1/BMP4/FZD4/APOLD1/PECAM1/ACVRL1/CLDN5/TIE1/PPP1R16B/GSTM3/SOX17/ROBO4/S1PR1
C3,Up,GO_BP,GO:0051591,response to cAMP,11/726,90/16355,0.002086453172277117,0.02168618806052632,0.01766245291389688,11,COL1A1/IGFBP5/PKD2/TEK/CDO1/TYR/BCKDHB/INHBB/PENK/AQP1/FOSB
C3,Up,GO_BP,GO:0035886,vascular associated smooth muscle cell differentiation,6/726,31/16355,0.0021307675118249323,0.022097893533230755,0.01799776903795429,6,ENG/QKI/KIT/NFATC1/NFATC4/ADM
C3,Up,GO_BP,GO:0032760,positive regulation of tumor necrosis factor production,12/726,104/16355,0.002192280920136637,0.022685761592074714,0.01847656189356985,12,TLR4/IL33/LY96/TWIST1/CLU/LRRK2/PIK3R1/LPL/CCL19/NFATC4/FCGR2C/ZBTB20
C3,Up,GO_BP,GO:1903707,negative regulation of hemopoiesis,13/726,118/16355,0.0022226604914808252,0.022945725202164088,0.01868829089867278,13,TLR4/FBN1/BMP4/QKI/GATA2/PIK3R1/FGL2/HLX/TSC22D1/RUNX3/TNFRSF11B/MAFB/BCL6
C3,Up,GO_BP,GO:0071356,cellular response to tumor necrosis factor,19/726,207/16355,0.002227171283990384,0.022945725202164088,0.01868829089867278,19,POSTN/CTSK/GBP2/COL1A1/VCAM1/TNFRSF19/TRAF5/TNFRSF1B/CCDC3/FOXO3/KLF2/PLVAP/NFATC1/ZFP36L2/NR1D1/CCL2/LAPTM5/TNFRSF11B/ZFP36
C3,Up,GO_BP,GO:0014002,astrocyte development,7/726,42/16355,0.0022909629667469734,0.023433852509822932,0.019085849269164117,7,ZEB2/TLR4/PLP1/ROR1/LAMC3/NR1D1/LRP1
C3,Up,GO_BP,GO:0060412,ventricular septum morphogenesis,7/726,42/16355,0.0022909629667469734,0.023433852509822932,0.019085849269164117,7,ZFPM2/SLIT3/BMP4/TBX3/CITED2/TGFBR3/ROBO2
C3,Up,GO_BP,GO:0072078,nephron tubule morphogenesis,10/726,78/16355,0.0022945023743121645,0.023433852509822932,0.019085849269164117,10,WNT2B/BMP4/DCHS1/GPC3/PKD2/BCL2/IRX3/FGF2/IRX1/PBX1
C3,Up,GO_BP,GO:2000134,negative regulation of G1/S transition of mitotic cell cycle,10/726,78/16355,0.0022945023743121645,0.023433852509822932,0.019085849269164117,10,KANK2/PKD2/BCL2/FAM107A/DACT1/WEE1/CCL2/KLF4/GPNMB/JADE1
C3,Up,GO_BP,GO:0061572,actin filament bundle organization,16/726,162/16355,0.002314127100635854,0.023583013272857358,0.019207334195253636,16,FERMT2/EPS8/ZEB2/DLC1/LIMCH1/SYNPO2/LPAR1/PIK3R1/CCN2/FAM107A/SYNPO/RGCC/RFLNB/S1PR1/MYOC/SORBS1
C3,Up,GO_BP,GO:0036303,lymph vessel morphogenesis,5/726,22/16355,0.0023835916597663787,0.024133865555134585,0.019655979317719573,5,CCBE1/SVEP1/ACVRL1/TIE1/FGF2
C3,Up,GO_BP,GO:0060713,labyrinthine layer morphogenesis,5/726,22/16355,0.0023835916597663787,0.024133865555134585,0.019655979317719573,5,RSPO3/CCN1/BMP7/SOCS3/ADM
C3,Up,GO_BP,GO:1901201,regulation of extracellular matrix assembly,5/726,22/16355,0.0023835916597663787,0.024133865555134585,0.019655979317719573,5,ANTXR1/TIE1/RGCC/TGFBR3/EMILIN1
C3,Up,GO_BP,GO:0060541,respiratory system development,20/726,224/16355,0.0023954933276171277,0.024202210006764015,0.019711642888258656,20,COL3A1/PDGFRA/ZFPM2/WNT2B/FBN1/CCBE1/BMP4/IGFBP5/COL6A1/GPC3/ADAMTS2/CRISPLD2/CCN2/KLF2/FGFR1/FGF2/MSX1/FGF18/WNT2/ERRFI1
C3,Up,GO_BP,GO:0002686,negative regulation of leukocyte migration,8/726,54/16355,0.0024723647167184943,0.02476581969966628,0.020170678364429866,8,CXCL12/CD200/IL33/APOD/CCN3/CCL2/EMILIN1/DUSP1
C3,Up,GO_BP,GO:0055021,regulation of cardiac muscle tissue growth,8/726,54/16355,0.0024723647167184943,0.02476581969966628,0.020170678364429866,8,COL14A1/ZFPM2/MEF2C/FGFR1/FGF2/CITED2/TGFBR3/WNT2
C3,Up,GO_BP,GO:0071385,cellular response to glucocorticoid stimulus,8/726,54/16355,0.0024723647167184943,0.02476581969966628,0.020170678364429866,8,AXIN2/SERPINF1/FOXO3/FAM107A/ZFP36L2/AQP1/ZFP36/KLF9
C3,Up,GO_BP,GO:0086065,cell communication involved in cardiac conduction,8/726,54/16355,0.0024723647167184943,0.02476581969966628,0.020170678364429866,8,GJC1/CACNA2D1/SLC8A1/ANK2/IRX3/SCN4B/CACNA1C/GJA1
C3,Up,GO_BP,GO:0045860,positive regulation of protein kinase activity,20/726,225/16355,0.0025230718367158975,0.02497923832685119,0.020344498514060647,20,FERMT2/DDR2/TLR4/FBN1/PDGFRB/FLT1/NTRK3/ANGPT1/PDE5A/LRRK2/TCIM/GHR/ADRA2A/FGFR1/FGF2/CCL19/CEMIP/RGCC/CCN1/FGF18
C3,Up,GO_BP,GO:0030511,positive regulation of transforming growth factor beta receptor signaling pathway,6/726,32/16355,0.002525572202054984,0.02497923832685119,0.020344498514060647,6,ZEB2/ITGA8/TGFB1I1/TSC22D1/CITED2/TGFBR3
C3,Up,GO_BP,GO:0030947,regulation of vascular endothelial growth factor receptor signaling pathway,6/726,32/16355,0.002525572202054984,0.02497923832685119,0.020344498514060647,6,FZD4/HHEX/MMRN2/TMEM204/FGF18/EMILIN1
C3,Up,GO_BP,GO:0048333,mesodermal cell differentiation,6/726,32/16355,0.002525572202054984,0.02497923832685119,0.020344498514060647,6,BMP4/ITGA8/EYA2/FGFR1/GJA1/KLF4
C3,Up,GO_BP,GO:0060795,cell fate commitment involved in formation of primary germ layer,6/726,32/16355,0.002525572202054984,0.02497923832685119,0.020344498514060647,6,BMP4/FZD7/EYA2/FGFR1/SOX17/KLF4
C3,Up,GO_BP,GO:1903846,positive regulation of cellular response to transforming growth factor beta stimulus,6/726,32/16355,0.002525572202054984,0.02497923832685119,0.020344498514060647,6,ZEB2/ITGA8/TGFB1I1/TSC22D1/CITED2/TGFBR3
C3,Up,GO_BP,GO:0042116,macrophage activation,12/726,106/16355,0.002575949470305187,0.02542397187288607,0.020706714561166198,12,TLR4/CD200/IL33/CLU/ADGRF5/LRRK2/CD93/KCNJ8/ITGAM/ITGB2/CALHM2/NR1D1
C3,Up,GO_BP,GO:0003174,mitral valve development,4/726,14/16355,0.0026979367203603857,0.026242042882511578,0.02137299766483601,4,DCHS1/TWIST1/AXIN2/SMAD6
C3,Up,GO_BP,GO:0009214,cyclic nucleotide catabolic process,4/726,14/16355,0.0026979367203603857,0.026242042882511578,0.02137299766483601,4,PDE5A/PDE1A/PDE7B/PDE8B
C3,Up,GO_BP,GO:0035358,regulation of peroxisome proliferator activated receptor signaling pathway,4/726,14/16355,0.0026979367203603857,0.026242042882511578,0.02137299766483601,4,TWIST1/LMO3/PTGIS/CITED2
C3,Up,GO_BP,GO:0045916,negative regulation of complement activation,4/726,14/16355,0.0026979367203603857,0.026242042882511578,0.02137299766483601,4,SERPING1/SVEP1/A2M/MASP1
C3,Up,GO_BP,GO:1901722,regulation of cell proliferation involved in kidney development,4/726,14/16355,0.0026979367203603857,0.026242042882511578,0.02137299766483601,4,PDGFD/BMP4/BMP7/EGR1
C3,Up,GO_BP,GO:1903589,positive regulation of blood vessel endothelial cell proliferation involved in sprouting angiogenesis,4/726,14/16355,0.0026979367203603857,0.026242042882511578,0.02137299766483601,4,GATA2/AGTR1/JCAD/PPP1R16B
C3,Up,GO_BP,GO:2000095,"regulation of Wnt signaling pathway, planar cell polarity pathway",4/726,14/16355,0.0026979367203603857,0.026242042882511578,0.02137299766483601,4,DAB2/RSPO3/GPC3/DACT1
C3,Up,GO_BP,GO:0061337,cardiac conduction,11/726,93/16355,0.0027125587706509986,0.026329754348178497,0.021444434822349676,11,GJC1/CACNA2D1/SLC8A1/KCNE4/PLN/ANK2/IRX3/SCN4B/CACNA1C/KCNJ2/GJA1
C3,Up,GO_BP,GO:0055013,cardiac muscle cell development,10/726,80/16355,0.0027738233321714023,0.026683057447803842,0.02173218476457327,10,COL14A1/PDGFRA/PDGFRB/SLC8A1/BMP4/SGCD/TBX3/PRKG1/MYH11/SORBS2
C3,Up,GO_BP,GO:0070509,calcium ion import,10/726,80/16355,0.0027738233321714023,0.026683057447803842,0.02173218476457327,10,CXCL12/CACNA2D1/PDGFRB/SLC8A1/PKD2/PLN/TRPM1/CALHM2/CCL2/CACNA1C
C3,Up,GO_BP,GO:0072088,nephron epithelium morphogenesis,10/726,80/16355,0.0027738233321714023,0.026683057447803842,0.02173218476457327,10,WNT2B/BMP4/DCHS1/GPC3/PKD2/BCL2/IRX3/FGF2/IRX1/PBX1
C3,Up,GO_BP,GO:0043405,regulation of MAP kinase activity,13/726,121/16355,0.0027781280195445838,0.026683057447803842,0.02173218476457327,13,TLR4/PDGFRB/FLT1/NTRK3/PDE5A/LRRK2/GHR/ADRA2A/FGFR1/FGF2/CCL19/FGF18/DUSP1
C3,Up,GO_BP,GO:0071774,response to fibroblast growth factor,13/726,121/16355,0.0027781280195445838,0.026683057447803842,0.02173218476457327,13,POSTN/COL1A1/NPR2/SMOC2/CCN2/FGFR1/FGF2/ZFP36L2/NR4A1/CCL2/FGF18/ZFP36/SULF1
C3,Up,GO_BP,GO:0048662,negative regulation of smooth muscle cell proliferation,8/726,55/16355,0.00278303494027754,0.026683057447803842,0.02173218476457327,8,MEF2C/BMP4/IGFBP5/OGN/PRKG1/APOD/CNN1/KLF4
C3,Up,GO_BP,GO:0001101,response to acid chemical,14/726,136/16355,0.0029002392029505056,0.027750150255522354,0.022601285245417702,14,MMP2/COL3A1/COL4A1/PDGFRA/ZEB1/COL1A1/PDGFD/COL6A1/PKD2/COL1A2/CDO1/COL16A1/KLF2/NTRK2
C3,Up,GO_BP,GO:0051338,regulation of transferase activity,36/726,499/16355,0.0029343431438675037,0.027977259870076047,0.02278625610623254,36,LDB2/FERMT2/DDR2/TLR4/CD200/FBN1/DEPTOR/PDGFRB/SLC8A1/SH3BP5/FLT1/HERC5/NTRK3/DIRAS3/ANGPT1/HHEX/ADARB1/PDE5A/AGTR1/SYNPO2/LRRK2/TCIM/GHR/ADRA2A/FGFR1/FGF2/CCL19/CEMIP/RGCC/CCN1/FGF18/IRS2/ZFP36/DUSP1/ERRFI1/TSPYL2
C3,Up,GO_BP,GO:1903672,positive regulation of sprouting angiogenesis,5/726,23/16355,0.0029358852950079803,0.027977259870076047,0.02278625610623254,5,JCAD/FGF2/TNN/KLF4/BMPER
C3,Up,GO_BP,GO:0031128,developmental induction,6/726,33/16355,0.002972849283503574,0.028101500873037807,0.022887444976247995,6,WNT2B/BMP4/FGFR1/FGF2/WNT2/ROBO2
C3,Up,GO_BP,GO:0035115,embryonic forelimb morphogenesis,6/726,33/16355,0.002972849283503574,0.028101500873037807,0.022887444976247995,6,RECK/OSR2/TWIST1/TBX3/MSX1/CACNA1C
C3,Up,GO_BP,GO:0060421,positive regulation of heart growth,6/726,33/16355,0.002972849283503574,0.028101500873037807,0.022887444976247995,6,ZFPM2/MEF2C/FGFR1/FGF2/TGFBR3/WNT2
C3,Up,GO_BP,GO:0061384,heart trabecula morphogenesis,6/726,33/16355,0.002972849283503574,0.028101500873037807,0.022887444976247995,6,ADAMTS1/ENG/TEK/TGFBR3/BMP7/S1PR1
C3,Up,GO_BP,GO:0030038,contractile actin filament bundle assembly,12/726,108/16355,0.003012545041357479,0.02820844139364871,0.022974543359080703,12,FERMT2/ZEB2/DLC1/LIMCH1/LPAR1/PIK3R1/CCN2/SYNPO/RGCC/S1PR1/MYOC/SORBS1
C3,Up,GO_BP,GO:0043149,stress fiber assembly,12/726,108/16355,0.003012545041357479,0.02820844139364871,0.022974543359080703,12,FERMT2/ZEB2/DLC1/LIMCH1/LPAR1/PIK3R1/CCN2/SYNPO/RGCC/S1PR1/MYOC/SORBS1
C3,Up,GO_BP,GO:1903557,positive regulation of tumor necrosis factor superfamily cytokine production,12/726,108/16355,0.003012545041357479,0.02820844139364871,0.022974543359080703,12,TLR4/IL33/LY96/TWIST1/CLU/LRRK2/PIK3R1/LPL/CCL19/NFATC4/FCGR2C/ZBTB20
C3,Up,GO_BP,GO:0043537,negative regulation of blood vessel endothelial cell migration,7/726,44/16355,0.0030141842442766398,0.02820844139364871,0.022974543359080703,7,MEF2C/MEOX2/ACVRL1/MMRN2/FGF2/RGCC/KLF4
C3,Up,GO_BP,GO:1901861,regulation of muscle tissue development,7/726,44/16355,0.0030141842442766398,0.02820844139364871,0.022974543359080703,7,MEF2C/BMP4/IGFBP5/TWIST1/BCL2/TNN/GJA1
C3,Up,GO_BP,GO:1902895,positive regulation of miRNA transcription,8/726,56/16355,0.003123330809771821,0.02917178557516504,0.023759145115665105,8,GATA2/AR/SMAD6/FOXO3/FGF2/KLF4/EGR1/JUN
C3,Up,GO_BP,GO:0098742,cell-cell adhesion via plasma-membrane adhesion molecules,23/726,278/16355,0.003150227974502471,0.029364625048040893,0.02391620444301688,23,PCDH18/NEXN/VCAM1/HMCN1/DCHS1/CDH11/PECAM1/CLDN5/SELE/CLDN11/CLSTN2/CD84/ITGAM/ITGB2/PTPRM/IGSF11/ROBO4/CDH19/PCDHB7/KLF4/SPARCL1/PCDHB14/ROBO2
C3,Up,GO_BP,GO:0001764,neuron migration,17/726,183/16355,0.003275422774116971,0.03047116077782481,0.02481742946100092,17,CXCL12/COL3A1/MAP1B/MEF2C/TWIST1/GATA2/IGSF10/FGFR1/PRKG1/SEPTIN4/MATN2/TNN/NTRK2/GJA1/DCLK1/SPOCK1/EMX2
C3,Up,GO_BP,GO:0051149,positive regulation of muscle cell differentiation,9/726,69/16355,0.0033256995573751587,0.030856470603935666,0.025131247483880292,9,NID1/LAMA2/PRKD1/ENG/MEF2C/BMP4/BCL2/CYP26B1/KIT
C3,Up,GO_BP,GO:0046209,nitric oxide metabolic process,10/726,82/16355,0.0033299767126852664,0.030856470603935666,0.025131247483880292,10,TLR4/PTGIS/CLU/PKD2/PTX3/KLF2/CYGB/RGN/DDAH1/KLF4
C3,Up,GO_BP,GO:0030890,positive regulation of B cell proliferation,7/726,45/16355,0.0034354688226026957,0.03170890477129168,0.025825517878525075,7,TLR4/MEF2C/BCL2/GPR183/IRS2/BST1/BCL6
C3,Up,GO_BP,GO:0046622,positive regulation of organ growth,7/726,45/16355,0.0034354688226026957,0.03170890477129168,0.025825517878525075,7,ZFPM2/MEF2C/HLX/FGFR1/FGF2/TGFBR3/WNT2
C3,Up,GO_BP,GO:1904752,regulation of vascular associated smooth muscle cell migration,6/726,34/16355,0.0034767435931494285,0.032026943922776496,0.02608454687533163,6,ADAMTS1/DDR2/MEF2C/BMP4/IGFBP5/PRKG1
C3,Up,GO_BP,GO:0051147,regulation of muscle cell differentiation,14/726,139/16355,0.0035409516468884565,0.0324228792555608,0.02640701890927014,14,NID1/LAMA2/PRKD1/ZEB1/ENG/MEF2C/BMP4/FZD7/BCL2/CYP26B1/CCN3/KIT/NFATC1/MSX1
C3,Up,GO_BP,GO:0003188,heart valve formation,4/726,15/16355,0.0035510331051868487,0.0324228792555608,0.02640701890927014,4,DCHS1/TWIST1/CDH11/OLFM1
C3,Up,GO_BP,GO:0030728,ovulation,4/726,15/16355,0.0035510331051868487,0.0324228792555608,0.02640701890927014,4,MMP2/ADAMTS1/FOXO3/INHBB
C3,Up,GO_BP,GO:1903054,negative regulation of extracellular matrix organization,4/726,15/16355,0.0035510331051868487,0.0324228792555608,0.02640701890927014,4,ANTXR1/TNFRSF1B/TGFBR3/EMILIN1
C3,Up,GO_BP,GO:0046885,regulation of hormone biosynthetic process,5/726,24/16355,0.0035749364526139844,0.0324228792555608,0.02640701890927014,5,DAB2/EGR1/DKK3/PDE8B/ADM
C3,Up,GO_BP,GO:0060307,regulation of ventricular cardiac muscle cell membrane repolarization,5/726,24/16355,0.0035749364526139844,0.0324228792555608,0.02640701890927014,5,CACNA2D1/KCNE4/ANK2/SCN4B/GJA1
C3,Up,GO_BP,GO:0061484,hematopoietic stem cell homeostasis,5/726,24/16355,0.0035749364526139844,0.0324228792555608,0.02640701890927014,5,GATA2/EMCN/MYCT1/CCN3/SEPTIN4
C3,Up,GO_BP,GO:0086064,cell communication by electrical coupling involved in cardiac conduction,5/726,24/16355,0.0035749364526139844,0.0324228792555608,0.02640701890927014,5,GJC1/SLC8A1/IRX3/CACNA1C/GJA1
C3,Up,GO_BP,GO:0008217,regulation of blood pressure,17/726,185/16355,0.003662269886258361,0.03315095168717106,0.027000002102320543,17,POSTN/ENG/ACTA2/NPR2/F2R/AGTR1/COL1A2/ACVRL1/AR/CPA3/KCNJ8/ENPEP/NPR3/DDAH1/EMILIN1/SGK1/ADM
C3,Up,GO_BP,GO:0048872,homeostasis of number of cells,26/726,332/16355,0.0037171359362202887,0.03358289351608253,0.02735179985457642,26,DOCK10/COL14A1/DOCK11/SLC40A1/MEF2C/BMP4/CSF1/GATA2/F2R/COL6A1/EMCN/ADGRF5/BCL2/MYCT1/HCLS1/FOXO3/KLF2/CCN3/KIT/CITED2/SEPTIN4/TGFBR3/GPR183/ZFP36/MAFB/BCL6
C3,Up,GO_BP,GO:0001894,tissue homeostasis,22/726,266/16355,0.0038436187474357193,0.03459256872692147,0.028174136210786127,22,CTSK/JAM2/COL3A1/LDB2/COL14A1/LAMA2/ZEB2/TLR4/CSF1/GATA2/ANGPT1/F2R/PECAM1/VSTM4/BCL2/CLDN5/CCN2/CYTL1/S1PR1/TNFRSF11B/GJA1/ERRFI1
C3,Up,GO_BP,GO:0060249,anatomical structure homeostasis,22/726,266/16355,0.0038436187474357193,0.03459256872692147,0.028174136210786127,22,CTSK/JAM2/COL3A1/LDB2/COL14A1/LAMA2/ZEB2/TLR4/CSF1/GATA2/ANGPT1/F2R/PECAM1/VSTM4/BCL2/CLDN5/CCN2/CYTL1/S1PR1/TNFRSF11B/GJA1/ERRFI1
C3,Up,GO_BP,GO:0006941,striated muscle contraction,17/726,186/16355,0.0038693913300826463,0.034757935886669734,0.028308820539097158,17,GJC1/PRKD1/CACNA2D1/SLC8A1/KCNE4/SGCD/PDE5A/PLN/SCN7A/ANK2/KCNJ8/SCN4B/SYNM/NR4A1/CACNA1C/KCNJ2/GJA1
C3,Up,GO_BP,GO:0008038,neuron recognition,7/726,46/16355,0.003900137586033448,0.03483542894520807,0.028371935250348715,7,PLXND1/NEXN/CRTAC1/EPHA3/ROBO4/TNN/ROBO2
C3,Up,GO_BP,GO:0060071,"Wnt signaling pathway, planar cell polarity pathway",7/726,46/16355,0.003900137586033448,0.03483542894520807,0.028371935250348715,7,DAB2/FZD7/CTHRC1/RSPO3/GPC3/MAGI2/DACT1
C3,Up,GO_BP,GO:0030514,negative regulation of BMP signaling pathway,8/726,58/16355,0.0039002630108938793,0.03483542894520807,0.028371935250348715,8,FBN1/GREM2/CHRDL1/SMAD6/CHRD/CRIM1/BMPER/BAMBI
C3,Up,GO_BP,GO:0071621,granulocyte chemotaxis,13/726,126/16355,0.003952458896675351,0.03523463357984971,0.02869706998784561,13,CSF1/CCL14/PREX1/CCL23/RARRES2/THBS4/CMKLR1/ITGB2/CCL19/CCL2/MPP1/BST1/CCL8
C3,Up,GO_BP,GO:2001057,reactive nitrogen species metabolic process,10/726,84/16355,0.003971301705975715,0.03533555949748847,0.028779269739277767,10,TLR4/PTGIS/CLU/PKD2/PTX3/KLF2/CYGB/RGN/DDAH1/KLF4
C3,Up,GO_BP,GO:0048332,mesoderm morphogenesis,9/726,71/16355,0.004041150724882452,0.03582406121373556,0.029177133049209915,9,BMP4/ITGA8/EYA2/TBX3/SNAI1/FGFR1/BMP7/GJA1/KLF4
C3,Up,GO_BP,GO:0071676,negative regulation of mononuclear cell migration,6/726,35/16355,0.004041454330200053,0.03582406121373556,0.029177133049209915,6,CD200/APOD/CCN3/CCL2/EMILIN1/DUSP1
C3,Up,GO_BP,GO:0008593,regulation of Notch signaling pathway,11/726,98/16355,0.004085721196279004,0.036148245160298985,0.029441166713200868,11,POSTN/GATA2/ACVRL1/LRRK2/TCIM/CCN3/KIT/IL6ST/BMP7/ROBO2/BCL6
C3,Up,GO_BP,GO:0051402,neuron apoptotic process,24/726,301/16355,0.004150811740551843,0.03665510067126421,0.029853978387229817,24,MMP2/PLXND1/MEF2C/NPR2/ANGPT1/F2R/COL6A1/COL6A3/CLU/ADARB1/NES/USP53/BCL2/TFAP2B/COL6A2/FOXO3/FGF2/IL6ST/CCL2/NUPR1/NFATC4/NTRK2/EGR1/SLC25A27
C3,Up,GO_BP,GO:0045165,cell fate commitment,23/726,285/16355,0.004278032167469847,0.037688471905177406,0.03069561411918171,23,WNT2B/MEF2C/BMP4/TNXB/PRRX1/FZD7/GATA2/ZNF521/TGFB1I1/MITF/BCL2/EYA2/TBX3/CYP26B1/BHLHE22/FGFR1/SOX17/FGF2/IL6ST/KLF4/WNT2/SOCS3/GAS1
C3,Up,GO_BP,GO:0060048,cardiac muscle contraction,14/726,142/16355,0.004292697897779053,0.037688471905177406,0.03069561411918171,14,GJC1/CACNA2D1/SLC8A1/KCNE4/SGCD/PDE5A/PLN/SCN7A/ANK2/KCNJ8/SCN4B/CACNA1C/KCNJ2/GJA1
C3,Up,GO_BP,GO:0032967,positive regulation of collagen biosynthetic process,5/726,25/16355,0.004307941552379793,0.037688471905177406,0.03069561411918171,5,DDR2/ENG/BMP4/F2R/RGCC
C3,Up,GO_BP,GO:0090050,positive regulation of cell migration involved in sprouting angiogenesis,5/726,25/16355,0.004307941552379793,0.037688471905177406,0.03069561411918171,5,RHOJ/GATA2/JCAD/FGF2/TGFBR3
C3,Up,GO_BP,GO:2000050,regulation of non-canonical Wnt signaling pathway,5/726,25/16355,0.004307941552379793,0.037688471905177406,0.03069561411918171,5,DAB2/RSPO3/GPC3/DACT1/DAAM2
C3,Up,GO_BP,GO:0007492,endoderm development,10/726,85/16355,0.0043266133136388935,0.03778146718861621,0.030771354715471294,10,MMP2/COL4A2/BMP4/COL6A1/ITGA7/ITGB2/COL5A1/SOX17/COL8A1/DUSP1
C3,Up,GO_BP,GO:0042733,embryonic digit morphogenesis,8/726,59/16355,0.004340727309530428,0.03780500082515433,0.030790521834472902,8,BMP4/OSR2/TWIST1/TBX3/MSX1/ZBTB16/GJA1/LRP4
C3,Up,GO_BP,GO:0016358,dendrite development,20/726,236/16355,0.0043454023936959005,0.03780500082515433,0.030790521834472902,20,DOCK10/MAP1B/MEF2C/FZD4/LPAR1/LRRK2/PREX1/PREX2/HECW2/PTN/PRKG1/SDC2/MAP1A/MATN2/MGARP/BMP7/NFATC4/DCLK1/SYNE1/LRP4
C3,Up,GO_BP,GO:0044344,cellular response to fibroblast growth factor stimulus,12/726,113/16355,0.004370146215069076,0.03787997586419653,0.030851585728832964,12,POSTN/COL1A1/SMOC2/CCN2/FGFR1/FGF2/ZFP36L2/NR4A1/CCL2/FGF18/ZFP36/SULF1
C3,Up,GO_BP,GO:1902106,negative regulation of leukocyte differentiation,12/726,113/16355,0.004370146215069076,0.03787997586419653,0.030851585728832964,12,TLR4/FBN1/BMP4/QKI/GATA2/PIK3R1/FGL2/HLX/RUNX3/TNFRSF11B/MAFB/BCL6
C3,Up,GO_BP,GO:1902903,regulation of supramolecular fiber organization,29/726,388/16355,0.004409500244447699,0.03815070377240385,0.031072081784564092,29,CXCL12/FERMT2/EPS8/PRKD1/MAP1B/AEBP1/DLC1/KANK2/LIMCH1/TNXB/SCIN/COL6A1/CLU/SYNPO2/LPAR1/PREX1/PIK3R1/LMOD1/CLIP3/CCN2/HCLS1/SYNPO/MAP1A/DAAM2/RGCC/S1PR1/EMILIN1/MYOC/WASF3
C3,Up,GO_BP,GO:0051017,actin filament bundle assembly,15/726,158/16355,0.004538520372990231,0.0391810190069104,0.03191122853848655,15,FERMT2/EPS8/ZEB2/DLC1/LIMCH1/SYNPO2/LPAR1/PIK3R1/CCN2/FAM107A/SYNPO/RGCC/S1PR1/MYOC/SORBS1
C3,Up,GO_BP,GO:0051770,positive regulation of nitric-oxide synthase biosynthetic process,4/726,16/16355,0.004570284890546381,0.0391810190069104,0.03191122853848655,4,TLR4/IL33/LRRK2/CCL2
C3,Up,GO_BP,GO:0051895,negative regulation of focal adhesion assembly,4/726,16/16355,0.004570284890546381,0.0391810190069104,0.03191122853848655,4,DLC1/ACVRL1/APOD/FAM107A
C3,Up,GO_BP,GO:0060856,establishment of blood-brain barrier,4/726,16/16355,0.004570284890546381,0.0391810190069104,0.03191122853848655,4,RECK/ADGRA2/FZD4/MXRA8
C3,Up,GO_BP,GO:0150118,negative regulation of cell-substrate junction organization,4/726,16/16355,0.004570284890546381,0.0391810190069104,0.03191122853848655,4,DLC1/ACVRL1/APOD/FAM107A
C3,Up,GO_BP,GO:1904738,vascular associated smooth muscle cell migration,6/726,36/16355,0.00467121752960698,0.039973369679587596,0.03255656355118661,6,ADAMTS1/DDR2/MEF2C/BMP4/IGFBP5/PRKG1
C3,Up,GO_BP,GO:1902807,negative regulation of cell cycle G1/S phase transition,10/726,86/16355,0.004706513293724454,0.040202180825304516,0.032742920234810326,10,KANK2/PKD2/BCL2/FAM107A/DACT1/WEE1/CCL2/KLF4/GPNMB/JADE1
C3,Up,GO_BP,GO:1990868,response to chemokine,11/726,100/16355,0.004769914213813786,0.04059611771104559,0.033063764620925085,11,CXCL12/SLIT3/ACKR4/CCL14/ACKR1/CCL23/CMKLR1/CCL19/CCL2/CCL8/DUSP1
C3,Up,GO_BP,GO:1990869,cellular response to chemokine,11/726,100/16355,0.004769914213813786,0.04059611771104559,0.033063764620925085,11,CXCL12/SLIT3/ACKR4/CCL14/ACKR1/CCL23/CMKLR1/CCL19/CCL2/CCL8/DUSP1
C3,Up,GO_BP,GO:0032233,positive regulation of actin filament bundle assembly,8/726,60/16355,0.004818465614595186,0.04078766028354627,0.03321976767957042,8,FERMT2/LIMCH1/SYNPO2/LPAR1/CCN2/SYNPO/RGCC/MYOC
C3,Up,GO_BP,GO:0034113,heterotypic cell-cell adhesion,8/726,60/16355,0.004818465614595186,0.04078766028354627,0.03321976767957042,8,CD200/VCAM1/GLDN/ITGA7/ITGAM/ITGB2/BMP7/KLF4
C3,Up,GO_BP,GO:0060420,regulation of heart growth,8/726,60/16355,0.004818465614595186,0.04078766028354627,0.03321976767957042,8,COL14A1/ZFPM2/MEF2C/FGFR1/FGF2/CITED2/TGFBR3/WNT2
C3,Up,GO_BP,GO:0031346,positive regulation of cell projection organization,27/726,356/16355,0.004851000664918346,0.04098921065429207,0.033383921652741746,27,CXCL12/EPS8/PRKD1/MAP1B/DDR2/PLXND1/DOCK11/NEGR1/NTRK3/FZD4/DZIP1/ENPP2/PLXNC1/MNS1/SERPINF1/PIK3R1/ROR1/EPHA3/PTN/FGFR1/MAGI2/KIT/CCL19/TNN/BMP7/NTRK2/ROBO2
C3,Up,GO_BP,GO:0003281,ventricular septum development,9/726,73/16355,0.004871547983942541,0.04108892716079363,0.033465136391630235,9,ZFPM2/SLIT3/BMP4/SMAD6/TBX3/CITED2/TGFBR3/CCN1/ROBO2
C3,Up,GO_BP,GO:0048546,digestive tract morphogenesis,7/726,48/16355,0.004970695270543439,0.041850047277801214,0.03408503548090058,7,PDGFRA/NPR2/BCL2/HLX/SOX10/SOX17/DACT1
C3,Up,GO_BP,GO:0007599,hemostasis,20/726,239/16355,0.0049985442122838526,0.04200923203812082,0.034214684514926666,20,SERPING1/COL3A1/PDGFRA/FBLN1/PAPSS2/TFPI/TLR4/F2RL2/MYL9/SVEP1/FLI1/F2R/PEAR1/ADRA2A/PRKG1/IL6ST/VWF/F10/EMILIN1/TSPAN18
C3,Up,GO_BP,GO:0001892,embryonic placenta development,10/726,87/16355,0.005112143519932126,0.04232703074129915,0.034473517677090455,10,RSPO3/GATA2/PKD2/SNAI1/CITED2/CCN1/BMP7/WNT2/SOCS3/ADM
C3,Up,GO_BP,GO:0003094,glomerular filtration,5/726,26/16355,0.005142038642328513,0.04232703074129915,0.034473517677090455,5,F2R/ADGRF5/MCAM/AQP1/SULF1
C3,Up,GO_BP,GO:0003148,outflow tract septum morphogenesis,5/726,26/16355,0.005142038642328513,0.04232703074129915,0.034473517677090455,5,ZFPM2/ENG/BMP4/SMAD6/ROBO2
C3,Up,GO_BP,GO:0010714,positive regulation of collagen metabolic process,5/726,26/16355,0.005142038642328513,0.04232703074129915,0.034473517677090455,5,DDR2/ENG/BMP4/F2R/RGCC
C3,Up,GO_BP,GO:0022010,central nervous system myelination,5/726,26/16355,0.005142038642328513,0.04232703074129915,0.034473517677090455,5,GPM6B/CLU/PLP1/ID4/SOX10
C3,Up,GO_BP,GO:0032291,axon ensheathment in central nervous system,5/726,26/16355,0.005142038642328513,0.04232703074129915,0.034473517677090455,5,GPM6B/CLU/PLP1/ID4/SOX10
C3,Up,GO_BP,GO:0048596,embryonic camera-type eye morphogenesis,5/726,26/16355,0.005142038642328513,0.04232703074129915,0.034473517677090455,5,ZEB1/TWIST1/FOXF2/CITED2/BMP7
C3,Up,GO_BP,GO:0051882,mitochondrial depolarization,5/726,26/16355,0.005142038642328513,0.04232703074129915,0.034473517677090455,5,COL6A1/LRRK2/BCL2/DCN/MYOC
C3,Up,GO_BP,GO:0060669,embryonic placenta morphogenesis,5/726,26/16355,0.005142038642328513,0.04232703074129915,0.034473517677090455,5,RSPO3/CCN1/BMP7/SOCS3/ADM
C3,Up,GO_BP,GO:0019218,regulation of steroid metabolic process,11/726,101/16355,0.005144473084989744,0.04232703074129915,0.034473517677090455,11,DAB2/QKI/SNAI1/PRKG1/KIT/NR1D1/CH25H/EGR1/DKK3/PDE8B/ADM
C3,Up,GO_BP,GO:0032231,regulation of actin filament bundle assembly,11/726,101/16355,0.005144473084989744,0.04232703074129915,0.034473517677090455,11,FERMT2/DLC1/LIMCH1/SYNPO2/LPAR1/PIK3R1/CCN2/SYNPO/RGCC/S1PR1/MYOC
C3,Up,GO_BP,GO:0110020,regulation of actomyosin structure organization,11/726,101/16355,0.005144473084989744,0.04232703074129915,0.034473517677090455,11,FERMT2/PRKD1/DLC1/LIMCH1/LPAR1/PIK3R1/CCN2/SYNPO/RGCC/S1PR1/MYOC
C3,Up,GO_BP,GO:0017015,regulation of transforming growth factor beta receptor signaling pathway,14/726,145/16355,0.0051689592785301094,0.04245414456387142,0.034577046333192765,14,ZEB1/ZEB2/ENG/FBN1/ASPN/ITGA8/TGFB1I1/SMAD6/TSC22D1/ZNF703/CITED2/TGFBR3/DKK3/BAMBI
C3,Up,GO_BP,GO:0033674,positive regulation of kinase activity,20/726,240/16355,0.005233466467022986,0.04290894495998951,0.03494746138996704,20,FERMT2/DDR2/TLR4/FBN1/PDGFRB/FLT1/NTRK3/ANGPT1/PDE5A/LRRK2/TCIM/GHR/ADRA2A/FGFR1/FGF2/CCL19/CEMIP/RGCC/CCN1/FGF18
C3,Up,GO_BP,GO:0006809,nitric oxide biosynthetic process,9/726,74/16355,0.005333521517545372,0.04359311621899278,0.0355046889955499,9,TLR4/PTGIS/CLU/PKD2/PTX3/KLF2/RGN/DDAH1/KLF4
C3,Up,GO_BP,GO:0001658,branching involved in ureteric bud morphogenesis,8/726,61/16355,0.005335470801600861,0.04359311621899278,0.0355046889955499,8,WNT2B/BMP4/DCHS1/GPC3/PKD2/BCL2/FGF2/PBX1
C3,Up,GO_BP,GO:0003161,cardiac conduction system development,6/726,37/16355,0.005370288553708624,0.043649854023050376,0.03555089945862475,6,BMP4/IRX3/TBX3/KCNJ8/MSX1/GJA1
C3,Up,GO_BP,GO:0031076,embryonic camera-type eye development,6/726,37/16355,0.005370288553708624,0.043649854023050376,0.03555089945862475,6,ZEB1/TWIST1/NES/FOXF2/CITED2/BMP7
C3,Up,GO_BP,GO:0034694,response to prostaglandin,6/726,37/16355,0.005370288553708624,0.043649854023050376,0.03555089945862475,6,PTGFR/A2M/GNG2/PTGER2/CCL19/TGFBR3
C3,Up,GO_BP,GO:0014003,oligodendrocyte development,7/726,49/16355,0.005582200154424444,0.045137997117876145,0.03676292700667245,7,GPM6B/CLU/LPAR1/PLP1/ID4/SOX10/WASF3
C3,Up,GO_BP,GO:0030850,prostate gland development,7/726,49/16355,0.005582200154424444,0.045137997117876145,0.03676292700667245,7,MMP2/BMP4/SERPINF1/AR/ID4/BMP7/SULF1
C3,Up,GO_BP,GO:0042596,fear response,7/726,49/16355,0.005582200154424444,0.045137997117876145,0.03676292700667245,7,MEF2C/BCL2/ADRA2A/PENK/GRP/GNG7/PDE8B
C3,Up,GO_BP,GO:0022408,negative regulation of cell-cell adhesion,17/726,193/16355,0.005605519324371856,0.04524867660807385,0.03685307061691391,17,CXCL12/BMP4/LRRC32/DAPL1/PDE5A/PODXL/FGL2/HLX/ZNF703/PRKG1/RUNX3/RGCC/LAPTM5/PLA2G5/KLF4/GPNMB/BCL6
C3,Up,GO_BP,GO:0070665,positive regulation of leukocyte proliferation,15/726,162/16355,0.00571482725133114,0.046051901246575815,0.03750726199979904,15,TLR4/MEF2C/CSF1/VCAM1/BCL2/CSF2RB/KIT/CCL19/IL6ST/GPR183/HLA-DPB1/IRS2/BST1/HLA-DPA1/BCL6
C3,Up,GO_BP,GO:0001710,mesodermal cell fate commitment,4/726,17/16355,0.005769315440911272,0.04633204092547206,0.03773542353164638,4,BMP4/EYA2/FGFR1/KLF4
C3,Up,GO_BP,GO:0072224,metanephric glomerulus development,4/726,17/16355,0.005769315440911272,0.04633204092547206,0.03773542353164638,4,PDGFRA/PDGFRB/AQP1/EGR1
C3,Up,GO_BP,GO:0045123,cellular extravasation,9/726,75/16355,0.005828680914814154,0.04672891286313463,0.03805865838934696,9,CXCL12/JAM2/PDGFD/VCAM1/PECAM1/SELE/PLVAP/CCL2/BST1
C3,Up,GO_BP,GO:0001558,regulation of cell growth,29/726,396/16355,0.005840017632953514,0.04674003890905555,0.03806772006775939,29,CXCL12/COL14A1/MAP1B/DAB2/SLIT3/IGFBP4/CHPT1/IGFBP5/AGTR1/ACVRL1/BCL2/MEG3/RNF157/SEMA3G/FAM107A/SOX17/CCN3/MSX1/ENPP1/OLFM1/FRZB/GJA1/PRDM11/SGK1/RERG/JADE1/SPOCK1/TSPYL2/BCL6
C3,Up,GO_BP,GO:0042472,inner ear morphogenesis,11/726,103/16355,0.005963152114789378,0.04764436842734778,0.03880425695893195,11,ZEB1/PRRX1/CTHRC1/GATA2/ITGA8/TBX3/FGFR1/SOBP/FRZB/SPARC/MAFB
C3,Up,GO_BP,GO:0030325,adrenal gland development,5/726,27/16355,0.006084264330807765,0.048529497158123734,0.039525155647370615,5,PDGFRA/ARID5B/CITED2/PBX1/DKK3
C3,Up,GO_BP,GO:0002335,mature B cell differentiation,6/726,38/16355,0.006142924722080367,0.048914339566667055,0.03983859297905822,6,DOCK10/PLCL2/DOCK11/ITM2A/GPR183/BCL6
C3,Up,GO_BP,GO:1903844,regulation of cellular response to transforming growth factor beta stimulus,14/726,148/16355,0.006183976279058539,0.04915790280713539,0.040036964599479544,14,ZEB1/ZEB2/ENG/FBN1/ASPN/ITGA8/TGFB1I1/SMAD6/TSC22D1/ZNF703/CITED2/TGFBR3/DKK3/BAMBI
C3,Up,GO_BP,GO:0060038,cardiac muscle cell proliferation,7/726,50/16355,0.006248305090298548,0.049501749265130825,0.04031701252016548,7,ZFPM2/MEF2C/FGFR1/FGF2/CITED2/TGFBR3/WNT2
C3,Up,GO_BP,GO:1904645,response to amyloid-beta,7/726,50/16355,0.006248305090298548,0.049501749265130825,0.04031701252016548,7,MMP2/CACNA2D1/TLR4/VCAM1/FOXO3/GJA1/LRP1
C3,Up,GO_BP,GO:0022604,regulation of cell morphogenesis,20/726,244/16355,0.006265928246013699,0.04955779612756289,0.04036266024146694,20,FERMT2/EPS8/PLXND1/RHOJ/DLC1/RHOU/FZD4/PALM2AKAP2/SYNE3/ENPP2/PLXNC1/LPAR1/ITGA7/RNF157/ITGB2/KIT/CCL2/SPARC/WASF3/BAMBI
