gene,degree,degree_norm,betweenness,closeness,eigenvector,clustering_coeff,module,MCC,logFC,direction,module_sz,degree_n,betweenness_n,closeness_n,eigenvector_n,MCC_n,hub_score,hub_components,hub_rank,is_hub
COL1A1,47,0.07679738562091504,0.043409461135618575,0.3020730503455084,1,0.2858464384828862,7,2634070623622.006,2.458079435623361,Up,82,1,0.332601345166483,0.8624663569643647,1,0.9351375432969191,0.8260410490855534,degree+betweenness+closeness+eigenvector+MCC,1,TRUE
COL1A2,42,0.06862745098039216,0.018601231445077977,0.29493975903614456,0.9921935408444669,0.3623693379790941,7,2809867779322.0063,2.4526167179967846,Up,82,0.8913043478260869,0.1425218014353464,0.8312638400563996,0.9921935408414972,0.9975483681342178,0.7709663796587096,degree+betweenness+closeness+eigenvector+MCC,2,TRUE
ITGA2,36,0.058823529411764705,0.01710159590865891,0.2935251798561151,0.9823659909952619,0.46825396825396826,7,2816773470922.0063,-1.2041850411095236,Down,82,0.7608695652173914,0.1310316611842577,0.8250761731200186,0.9823659909885538,1,0.7398686781020443,degree+betweenness+closeness+eigenvector+MCC,3,TRUE
ITGB4,32,0.05228758169934641,0.020681345619141617,0.28451882845188287,0.9332617024979232,0.5705645161290323,7,2816773425631.0063,-2.273744380065856,Down,82,0.6739130434782609,0.15845954298509704,0.7856804972977323,0.9332617024725354,0.9999999839209647,0.710262954030918,degree+betweenness+closeness+eigenvector+MCC,4,TRUE
ITGA5,32,0.05228758169934641,0.007509389637505203,0.28854314002828857,0.9325569869670741,0.532258064516129,7,2809997688975.0063,-1.7978354669209011,Down,82,0.6739130434782609,0.0575366067551598,0.8032836827783091,0.9325569869414182,0.9975944881557037,0.6929769616217704,degree+betweenness+closeness+eigenvector+MCC,5,TRUE
COL4A1,31,0.05065359477124183,0.004840395103305616,0.2878645343367827,0.9276511083672461,0.5548387096774193,7,2812752384432.0063,2.364222646576679,Up,82,0.6521739130434783,0.03708689028566915,0.8003153187167913,0.927651108339724,0.9985724494598122,0.683159935969095,degree+betweenness+closeness+eigenvector+MCC,6,TRUE
ITGB6,31,0.05065359477124183,0.004553110818252503,0.27945205479452057,0.9493095479601539,0.6129032258064516,7,2816773465730.0063,-3.402600808526735,Down,82,0.6521739130434783,0.03488573097260285,0.7635173633591048,0.9493095479408709,0.9999999981567563,0.6799773106945626,degree+betweenness+closeness+eigenvector+MCC,7,TRUE
COL6A1,31,0.05065359477124183,0.0032341764449099752,0.2679509632224168,0.9024822700491869,0.5440860215053764,7,2797461022944.0063,1.9637452536004023,Up,82,0.6521739130434783,0.024780114932138126,0.7132091691924732,0.9024822700120904,0.9931437695727497,0.657157847350586,degree+betweenness+closeness+eigenvector+MCC,8,TRUE
ITGA3,28,0.0457516339869281,0.0022845092612549986,0.27945205479452057,0.8938018600363971,0.6666666666666666,7,2809997648646.0063,-1.4484481957933442,Down,82,0.5869565217391305,0.01750380754473914,0.7635173633591048,0.8938018599959984,0.9975944738382585,0.6518748052954463,degree+betweenness+closeness+eigenvector+MCC,9,TRUE
ITGA11,28,0.0457516339869281,0.0011187075051679856,0.2727272727272727,0.9189046738274353,0.7195767195767195,7,2816773389360.0063,1.3700611666809204,Up,82,0.5869565217391305,0.008571486752721012,0.7341017518194165,0.918904673796586,0.9999999710441749,0.6497068810304057,degree+betweenness+closeness+eigenvector+MCC,10,TRUE
ITGA10,27,0.04411764705882353,8.33007240947135e-4,0.27248441674087265,0.8979514929382028,0.7521367521367522,7,2816773344000.0063,1.5182366617776797,Up,82,0.5652173913043478,0.006382464136259536,0.733039448642214,0.8979514928993827,0.9999999549406435,0.6405181503845695,degree+betweenness+closeness+eigenvector+MCC,11,TRUE
ITGB8,27,0.04411764705882353,8.33007240947135e-4,0.27248441674087265,0.8979514929382025,0.7521367521367522,7,2816773344000.0063,-1.882965579421661,Down,82,0.5652173913043478,0.006382464136259536,0.733039448642214,0.8979514928993825,0.9999999549406435,0.6405181503845695,degree+betweenness+closeness+eigenvector+MCC,11,TRUE
THBS2,27,0.04411764705882353,0.003631696349338232,0.2857142857142857,0.8279749891165998,0.5783475783475783,7,2634069894000.006,1.4586716290207082,Up,82,0.5652173913043478,0.027825894618972422,0.7909096788669623,0.8279749890511601,0.9351372842693447,0.6294130476221574,degree+betweenness+closeness+eigenvector+MCC,13,TRUE
COL6A2,28,0.0457516339869281,0.004415525811706021,0.2607584149978696,0.830401760770877,0.5687830687830688,7,2796411951505.0063,1.6666688590259895,Up,82,0.5869565217391305,0.033831560820406434,0.6817474500708688,0.8304017607063605,0.9927713322966144,0.6251417251266762,degree+betweenness+closeness+eigenvector+MCC,14,TRUE
MMP9,44,0.0718954248366013,0.09465459311145136,0.3335149863760218,0.45390277426734765,0.18710359408033825,1,16361.000000000004,-2.7151727772663348,Down,54,0.9347826086956522,0.725239249036032,1,0.4539027740596078,5.808063789613419e-9,0.6227849275198711,degree+betweenness+closeness+eigenvector+MCC,15,TRUE
ITGA6,33,0.05392156862745098,0.027520699064618147,0.2850489054494644,0.8743343219542743,0.44696969696969696,7,1404998824594.0032,-1.2469421040308646,Down,82,0.6956521739130435,0.2108623624747866,0.7879991656041632,0.8743343219064701,0.4987972370151611,0.6135290521827248,degree+betweenness+closeness+eigenvector+MCC,16,FALSE
COL6A3,25,0.04084967320261438,9.076264690082809e-4,0.2603147596767333,0.8053945950040954,0.6766666666666666,7,2796411976560.0063,1.6172795586921769,Up,82,0.5217391304347826,0.006954193316469458,0.6798068083588316,0.8053945949300659,0.9927713411915434,0.6013332136463385,degree+betweenness+closeness+eigenvector+MCC,17,FALSE
PTK2,37,0.06045751633986928,0.06037740167540453,0.31336405529953915,0.8059983231903262,0.3108108108108108,7,17309497742.99997,-1.3514084474003774,Down,82,0.782608695652174,0.46260894490623233,0.9118555880649629,0.8059983231165263,0.006145150797781494,0.5938433405075354,degree+betweenness+closeness+eigenvector+MCC,18,FALSE
ITGA8,28,0.0457516339869281,0.003007301411713285,0.2729705619982159,0.8623828757209957,0.6058201058201058,7,1404998824346.0032,2.0446661845959317,Up,82,0.5869565217391305,0.02304180859863716,0.7351659502743663,0.862382875668645,0.4987972369271171,0.5412688786415792,degree+betweenness+closeness+eigenvector+MCC,19,FALSE
JUN,31,0.05065359477124183,0.13051498969100697,0.31974921630094044,0.07830949824683747,0.12043010752688171,4,423,2.6292041630160607,Up,72,0.6521739130434783,1,0.9397856256122548,0.0783094978962189,1.4981680435310895e-10,0.5340538073403537,degree+betweenness+closeness+eigenvector+MCC,20,FALSE
FGF2,35,0.05718954248366013,0.06376606169741175,0.31097560975609756,0.17123084155008095,0.15630252100840336,11,1039,1.699427735651586,Up,60,0.7391304347826086,0.48857270608056064,0.9014080247704203,0.17123084123481042,3.6850673677376085e-10,0.46006840144738126,degree+betweenness+closeness+eigenvector+MCC,21,FALSE
VWF,30,0.049019607843137254,0.03886104339881157,0.30029440628066734,0.4647789557526261,0.15402298850574714,7,81435.00000000004,1.155403197467164,Up,82,0.6304347826086957,0.2977515723735238,0.8546861936288784,0.46477895554902365,2.8910383046661326e-8,0.44953030661410087,degree+betweenness+closeness+eigenvector+MCC,22,FALSE
MMP2,33,0.05392156862745098,0.027063877349011438,0.3066132264529058,0.45933976945948957,0.2727272727272727,1,190864.00000000012,2.1157199025863633,Up,54,0.6956521739130435,0.20736221496921478,0.8823260424324517,0.45933976925381803,6.775944248636836e-8,0.4489360536655941,degree+betweenness+closeness+eigenvector+MCC,23,FALSE
CCL2,31,0.05065359477124183,0.06515998845216758,0.3180873180873181,0.1602110668308144,0.2516129032258065,1,9446.000000000002,2.4075712213735825,Up,54,0.6521739130434783,0.49925291038549097,0.9325161331913021,0.16021106651135184,3.3531272917419767e-9,0.4488308052969501,degree+betweenness+closeness+eigenvector+MCC,24,FALSE
COL4A2,28,0.0457516339869281,0.004586631304593357,0.27617328519855594,0.7941170474206569,0.4920634920634921,7,177720501322.00034,2.1058778152708024,Up,82,0.5869565217391305,0.035142563436216516,0.749175335350083,0.7941170473423373,0.06309364354489276,0.445697022282532,degree+betweenness+closeness+eigenvector+MCC,25,FALSE
ITGB2,28,0.0457516339869281,0.029619528784137844,0.30132939438700146,0.5372442341596801,0.2751322751322751,7,7298930.00000003,1.613888215146229,Up,82,0.5869565217391305,0.2269435016948,0.8592134493495358,0.5372442339836441,2.5912374833654917e-6,0.4420720596009187,degree+betweenness+closeness+eigenvector+MCC,26,FALSE
COL3A1,31,0.05065359477124183,0.015282696926384714,0.2857142857142857,0.62398930152576,0.36344086021505373,7,762193,3.063148434487305,Up,82,0.6521739130434783,0.11709533872366965,0.7909096788669623,0.6239893013827225,2.705904496291583e-7,0.43683370052145654,degree+betweenness+closeness+eigenvector+MCC,27,FALSE
IL1B,35,0.05718954248366013,0.03601943807415254,0.31693423096841017,0.17753521547283183,0.21512605042016805,1,10221.000000000002,-2.9327290777741,Down,54,0.7391304347826086,0.27597931976570833,0.9274722875436624,0.17753521515995951,3.6282647878880893e-9,0.42402345217604076,degree+betweenness+closeness+eigenvector+MCC,28,FALSE
ITGA7,26,0.042483660130718956,0.002402226897158238,0.2746858168761221,0.7894492956247856,0.556923076923077,7,6775776747.999988,1.204020549482002,Up,82,0.5434782608695652,0.018405754793725134,0.7426688359702135,0.7894492955446905,0.002405509998212422,0.41928153143528135,degree+betweenness+closeness+eigenvector+MCC,29,FALSE
PECAM1,28,0.0457516339869281,0.05273819032893194,0.31081767394616555,0.17429397862247653,0.2195767195767196,11,1057,2.536192364850626,Up,60,0.5869565217391305,0.40407765003689705,0.9007171803108217,0.17429397830837123,3.7489702700683183e-10,0.4132090661540235,degree+betweenness+closeness+eigenvector+MCC,30,FALSE
FBN1,28,0.0457516339869281,0.024510289494012103,0.281508739650414,0.5056477213264372,0.3253968253968254,7,582077,2.2614054836854516,Up,82,0.5869565217391305,0.18779673930205248,0.7725137356096156,0.5056477211383815,2.0664636542805743e-7,0.4105829848871091,degree+betweenness+closeness+eigenvector+MCC,31,FALSE
TLR4,25,0.04084967320261438,0.05953221418065053,0.3132036847492323,0.12747812992001412,0.19333333333333333,1,6109.000000000002,1.7690074827200617,Up,54,0.5217391304347826,0.4561331562113478,0.9111540935387378,0.12747812958809968,2.1684384857554258e-9,0.4033009023882813,degree+betweenness+closeness+eigenvector+MCC,32,FALSE
BCL2,26,0.042483660130718956,0.0673844400438454,0.30237154150197626,0.08330842313674441,0.11692307692307692,4,223.99999999999997,1.8020475399006417,Up,72,0.5434782608695652,0.5162965587583268,0.8637720200801188,0.08330842278802747,7.916859566526845e-11,0.40137105251504135,degree+betweenness+closeness+eigenvector+MCC,33,FALSE
LAMA4,24,0.0392156862745098,0.006466506810418159,0.2692476902771667,0.7127184104874568,0.6159420289855072,7,5849988798.99999,2.1626133365740365,Up,82,0.5,0.049546085286659824,0.7188813261388378,0.7127184103781725,0.002076840348857449,0.3966445324305055,degree+betweenness+closeness+eigenvector+MCC,34,FALSE
ITGAM,24,0.0392156862745098,0.05342187492451125,0.3095599393019727,0.15056695954144234,0.2463768115942029,1,6066.000000000002,1.1089363573546809,Up,54,0.5,0.4093160107585117,0.8952155843715608,0.1505669592183111,2.1531727924208675e-9,0.39101971130031127,degree+betweenness+closeness+eigenvector+MCC,35,FALSE
DCN,28,0.0457516339869281,0.01921976483342276,0.29101283880171186,0.3985901352507712,0.2804232804232804,7,138190.0000000001,2.636134564847783,Up,82,0.5869565217391305,0.14726097652787146,0.8140866647950624,0.39859013502199,4.905932316765826e-8,0.38937886942867556,degree+betweenness+closeness+eigenvector+MCC,36,FALSE
PIK3R1,24,0.0392156862745098,0.0563457668850372,0.3025210084033613,0.15049054331265493,0.07246376811594203,11,51,1.621105714415929,Up,60,0.5,0.43171873988141346,0.8644258197520215,0.1504905429894946,1.7750806202974994e-11,0.38932702052813617,degree+betweenness+closeness+eigenvector+MCC,37,FALSE
CXCL12,29,0.04738562091503268,0.021231165117563087,0.3081570996978852,0.26838833444795235,0.2733990147783251,1,3162,4.024446312782069,Up,54,0.6086956521739131,0.1626722353334868,0.8890792688101532,0.2683883341696413,1.122205968152079e-9,0.38576709832188005,degree+betweenness+closeness+eigenvector+MCC,38,FALSE
CALML5,21,0.03431372549019608,0.0976526063006199,0.2617621899059025,0.003499497888797367,0.02857142857142857,3,25,-1.7350581762016484,Down,67,0.43478260869565216,0.7482098916899242,0.6861381726954409,0.0034994975097204545,8.520386977427996e-12,0.37452603411985164,degree+betweenness+closeness+eigenvector+MCC,39,FALSE
BGN,24,0.0392156862745098,0.01298538966241352,0.281767955801105,0.4221987199487288,0.34782608695652173,7,570576,2.920857471673453,Up,82,0.5,0.09949347345585599,0.7736476015873214,0.42219871972892853,2.0256332498524913e-7,0.3590679994670862,degree+betweenness+closeness+eigenvector+MCC,40,FALSE
MAPK1,21,0.03431372549019608,0.06269920489272543,0.2967992240543162,0.024434183557638465,0.09047619047619047,4,69,-1.0364421153657135,Down,72,0.43478260869565216,0.4803984970704531,0.839397531245081,0.02443418318652528,2.414109643604599e-11,0.35580256404437055,degree+betweenness+closeness+eigenvector+MCC,41,FALSE
LAMA2,20,0.032679738562091505,0.015988062386398844,0.25394190871369293,0.584445351178761,0.631578947368421,7,2003460518.9999974,2.074643981692896,Up,82,0.41304347826086957,0.1224998172566265,0.651930617509149,0.5844453510206806,7.112607878065969e-4,0.35452610496702647,degree+betweenness+closeness+eigenvector+MCC,42,FALSE
PDGFRB,19,0.03104575163398693,0.048592468522139456,0.2938070091214594,0.1448443770896046,0.1929824561403509,11,137,2.52350047708033,Up,60,0.391304347826087,0.37231331540677187,0.8263089536186254,0.14484437676429643,4.828219287209198e-11,0.3469541987328126,degree+betweenness+closeness+eigenvector+MCC,43,FALSE
LAMC2,20,0.032679738562091505,0.003217897218353869,0.261986301369863,0.6057170035870982,0.6947368421052631,7,3846528246.9999933,-3.739977801262192,Down,82,0.41304347826086957,0.024655384228066145,0.6871184833879703,0.6057170034371098,0.001365579548980304,0.3463799857725992,degree+betweenness+closeness+eigenvector+MCC,44,FALSE
COL5A1,24,0.0392156862745098,0.0025484021722790785,0.2606473594548552,0.52292910909777,0.45289855072463764,7,621979.9999999999,1.6853415366999744,Up,82,0.5,0.019525743198634864,0.681261669761563,0.5229291089162884,2.208125738264036e-7,0.344743348537812,degree+betweenness+closeness+eigenvector+MCC,45,FALSE
MET,22,0.03594771241830065,0.02289867677349971,0.2935251798561151,0.2211078379353295,0.12987012987012986,11,102,-1.2770771366575264,Down,60,0.45652173913043476,0.17544863488639975,0.8250761731200186,0.22110783763903258,3.585662853000949e-11,0.3356308769623485,degree+betweenness+closeness+eigenvector+MCC,46,FALSE
LAMB3,19,0.03104575163398693,9.463888677312763e-4,0.26153846153846155,0.5883060811589989,0.7777777777777778,7,3926724725.9999943,-2.11115031801425,Down,82,0.391304347826087,0.0072511890777591384,0.6851595377476849,0.5883060810023871,0.0013940505921181034,0.3346830412492073,degree+betweenness+closeness+eigenvector+MCC,47,FALSE
CCN2,19,0.03104575163398693,0.022074852296551054,0.2956521739130435,0.2657467818542203,0.3333333333333333,7,15924.000000000005,2.802599640058869,Up,82,0.391304347826087,0.16913652867623147,0.8343800926076931,0.2657467815749044,5.652921743399418e-9,0.33211355126756753,degree+betweenness+closeness+eigenvector+MCC,48,FALSE
LAMA3,19,0.03104575163398693,0.0012474462084779653,0.26009349766255846,0.5551482366624133,0.6374269005847952,7,1041828633.9999989,-1.4515274717360374,Down,82,0.391304347826087,0.009557876926100845,0.6788389617591395,0.5551482364931881,3.698659632218668e-4,0.32704385779354744,degree+betweenness+closeness+eigenvector+MCC,49,FALSE
GNG2,20,0.032679738562091505,0.060051418885773124,0.2692476902771667,0.009917332078160661,0.05263157894736842,10,32,2.193830967760033,Up,29,0.41304347826086957,0.4601112793859487,0.7188813261388378,0.009917331701525145,1.1005499845844496e-11,0.3203906830996373,degree+betweenness+closeness+eigenvector+MCC,50,FALSE
MMP1,18,0.029411764705882353,0.018581471775836633,0.30327056491575816,0.17791506817415598,0.34640522875817,1,1617,-2.541750140644337,Down,54,0.3695652173913043,0.14237040373544904,0.8677045376309389,0.17791506786142816,5.737060564801518e-10,0.3115110454385653,degree+betweenness+closeness+eigenvector+MCC,51,FALSE
LAMC3,18,0.029411764705882353,0.0012208604761222656,0.2483766233766234,0.5409914640719223,0.6797385620915033,7,1041828506.9999989,1.2397200392311871,Up,82,0.3695652173913043,0.009354178236635051,0.6275868886052682,0.5409914638973118,3.69865918134819e-4,0.30957352280973083,degree+betweenness+closeness+eigenvector+MCC,52,FALSE
LUM,21,0.03431372549019608,0.0065333518485109375,0.25987261146496815,0.37319185073692,0.45714285714285713,7,267318.0000000002,2.4601214912178593,Up,82,0.43478260869565216,0.05005824897185057,0.6778727590602535,0.3731918504984771,9.490184523521338e-8,0.3071811124256157,degree+betweenness+closeness+eigenvector+MCC,53,FALSE
PDGFRA,20,0.032679738562091505,0.018624122486695722,0.2957950700821653,0.11594650323855622,0.2263157894736842,11,196,2.985117079261853,Up,60,0.41304347826086957,0.14269719157001168,0.8350051505143083,0.11594650290225507,6.922814419160247e-11,0.3013384646633345,degree+betweenness+closeness+eigenvector+MCC,54,FALSE
POSTN,19,0.03104575163398693,0.0036912450647484077,0.27091633466135456,0.3566610772799864,0.4736842105263158,7,222729.00000000015,2.2883019895531485,Up,82,0.391304347826087,0.028282154206864637,0.7261803277291213,0.35666107703525507,7.907203127952434e-8,0.30048559717387185,degree+betweenness+closeness+eigenvector+MCC,55,FALSE
VCAM1,20,0.032679738562091505,0.007007171426810077,0.29651162790697677,0.18353907787326396,0.3526315789473684,1,7036.000000000002,1.9848129136564987,Up,54,0.41304347826086957,0.05368863333935428,0.8381395251913756,0.18353907756267557,2.4975384327585823e-9,0.29768214337036264,degree+betweenness+closeness+eigenvector+MCC,56,FALSE
SPARC,19,0.03104575163398693,0.00860729838917183,0.2737030411449016,0.28820163356599504,0.2982456140350877,7,85725.00000000004,1.4665967758887355,Up,82,0.391304347826087,0.06594873439096557,0.7383699681628817,0.28820163329522114,3.0433402218876584e-8,0.2967649428217115,degree+betweenness+closeness+eigenvector+MCC,57,FALSE
KIT,21,0.03431372549019608,0.016047779244367982,0.28949858088930935,0.07756201894434288,0.1285714285714286,11,87,2.354349720163871,Up,60,0.43478260869565216,0.12295736514526762,0.8074629821126048,0.07756201859343995,3.0531386669116985e-11,0.2885529949154992,degree+betweenness+closeness+eigenvector+MCC,58,FALSE
CXCL10,20,0.032679738562091505,0.020159676910816875,0.2802197802197802,0.08923145942746383,0.3684210526315789,1,7934.000000000002,-1.7178742929276796,Down,54,0.41304347826086957,0.15446254072842303,0.7668755558853084,0.08923145908100005,2.816342912164013e-9,0.2847226073543888,degree+betweenness+closeness+eigenvector+MCC,59,FALSE
EPCAM,10,0.016339869281045753,0.053361985478863144,0.2734584450402145,0.0647621455728716,0.08888888888888889,11,12,-2.1563091861394827,Down,60,0.1956521739130435,0.40885714051081146,0.7373000533422007,0.0647621452170995,3.905177364654499e-12,0.281314302597412,degree+betweenness+closeness+eigenvector+MCC,60,FALSE
ACTA2,16,0.026143790849673203,0.023360221985222716,0.2698412698412698,0.1717354826907454,0.4083333333333333,5,3654.0000000000005,1.9929674000696416,Up,30,0.32608695652173914,0.17898497360745938,0.721477768031073,0.17173548237566683,1.296873901189353e-9,0.2796570363665624,degree+betweenness+closeness+eigenvector+MCC,61,FALSE
NID1,17,0.027777777777777776,0.0021659997125159105,0.25542570951585974,0.36322643023294926,0.3235294117647059,7,306,2.5462210279276016,Up,82,0.34782608695652173,0.016595792695106474,0.6584210743837879,0.3632264299907154,1.0827991783814746e-10,0.2772138768268823,degree+betweenness+closeness+eigenvector+MCC,62,FALSE
FOXO3,14,0.02287581699346405,0.03176056869426363,0.2888154789995281,0.045118568735186985,0.12087912087912088,4,34,1.2270254488755148,Up,72,0.2826086956521739,0.24334805350294614,0.8044749507339082,0.04511856837194231,1.1715532093963495e-11,0.2751100536545372,degree+betweenness+closeness+eigenvector+MCC,63,FALSE
THBS4,13,0.021241830065359478,8.51603985775231e-5,0.2479740680713128,0.4671453353729619,0.782051282051282,7,7297921.00000003,1.4451624294804617,Up,82,0.2608695652173913,6.524951561436702e-4,0.6258260270091833,0.46714533517025963,2.590879272096316e-6,0.27089920268644996,degree+betweenness+closeness+eigenvector+MCC,64,FALSE
BMP4,17,0.027777777777777776,0.02864273282346969,0.26972234464521816,0.06538794671357996,0.11764705882352941,6,39,1.7029529407331945,Up,25,0.34782608695652173,0.2194593348341144,0.7209575642037438,0.06538794635804591,1.3490612714260994e-11,0.27072618647318325,degree+betweenness+closeness+eigenvector+MCC,65,FALSE
OCLN,16,0.026143790849673203,0.021954508388351997,0.28732394366197184,0.05170635701041459,0.2833333333333333,16,405.9999999999999,-1.5942564701893218,Down,32,0.32608695652173914,0.16821445904665122,0.7979506613742638,0.051706356649675954,1.437815302440974e-10,0.2687916867472223,degree+betweenness+closeness+eigenvector+MCC,66,FALSE
ENG,16,0.026143790849673203,0.013507597823962117,0.2867853795688847,0.11230314275253793,0.21666666666666667,11,82,1.341249780138619,Up,60,0.32608695652173914,0.1034946089789474,0.7955948687265538,0.11230314241485082,2.875630604881949e-11,0.2674959153341695,degree+betweenness+closeness+eigenvector+MCC,67,FALSE
COL14A1,15,0.024509803921568627,0.004214054267536016,0.2677165354330709,0.28764542720155334,0.4666666666666667,7,10580.000000000004,2.5836766291117677,Up,82,0.30434782608695654,0.032287894880984554,0.7121837327223322,0.2876454269305678,3.75571557642545e-9,0.2672929768753113,degree+betweenness+closeness+eigenvector+MCC,68,FALSE
FLT1,17,0.027777777777777776,0.0038667541694184693,0.2904603701945895,0.13388121630881847,0.21323529411764705,11,277.99999999999994,1.6587476868581783,Up,60,0.34782608695652173,0.029626897098739186,0.8116700508776935,0.13388121597933983,9.833946636448144e-11,0.26460085020212676,degree+betweenness+closeness+eigenvector+MCC,69,FALSE
IL1A,17,0.027777777777777776,0.0045574088628894905,0.2967992240543162,0.08780725959280282,0.4264705882352941,1,6530.000000000002,-2.7944220309500603,Down,54,0.34782608695652173,0.03491866239792926,0.839397531245081,0.08780725924579727,2.317900273984475e-9,0.2619899084326459,degree+betweenness+closeness+eigenvector+MCC,70,FALSE
C3,17,0.027777777777777776,0.022660267950033487,0.27236315086782376,0.04556187713827407,0.27205882352941174,13,5302.000000000002,-1.5336803956170613,Down,33,0.34782608695652173,0.1736219571689157,0.732509006201261,0.04556187677519803,1.8819404736394094e-09,0.2599037857967674,degree+betweenness+closeness+eigenvector+MCC,71,FALSE
TEK,17,0.027777777777777776,0.008457955603699338,0.2813793103448276,0.08030772362195987,0.19117647058823528,11,71,1.4001089582062072,Up,60,0.34782608695652173,0.06480447666374162,0.771947584597299,0.08030772327210144,2.485112868416499e-11,0.252977174302903,degree+betweenness+closeness+eigenvector+MCC,72,FALSE
CLDN5,12,0.0196078431372549,0.021271221346462848,0.2849162011173184,0.056009041539213225,0.36363636363636365,16,270.99999999999994,1.7099762081545036,Up,32,0.2391304347826087,0.16297914436358818,0.7874186889366661,0.05600904118011137,9.585435349606494e-11,0.24910746187176575,degree+betweenness+closeness+eigenvector+MCC,73,FALSE
COL16A1,12,0.0196078431372549,0.002323089067836074,0.2647058823529412,0.2831516242383313,0.5909090909090909,7,10928.000000000004,1.419235323707159,Up,82,0.2391304347826087,0.01779940429322307,0.6990145027606384,0.2831516239656363,3.8792611875981564e-9,0.24781919393627355,degree+betweenness+closeness+eigenvector+MCC,74,FALSE
MAPK13,11,0.017973856209150325,0.02323659793845483,0.287593984962406,0.04335703349685652,0.21818181818181817,4,32,-1.3289815056040553,Down,72,0.21739130434782608,0.178037771703214,0.7991318788343703,0.04335703313294174,1.1005499845844496e-11,0.2475835976058715,degree+betweenness+closeness+eigenvector+MCC,75,FALSE
GJA1,10,0.016339869281045753,0.036791722817377394,0.2722419928825623,0.006518869574749423,0.08888888888888889,16,13,1.332433704678099,Up,32,0.1956521739130435,0.2818965308466212,0.7319790356841881,0.006518869196821103,4.260193488713998e-12,0.24320932192898687,degree+betweenness+closeness+eigenvector+MCC,76,FALSE
CLU,13,0.021241830065359478,0.03137358173655997,0.2608695652173913,0.030004923020868487,0.11538461538461538,13,22,1.3730925961796538,Up,33,0.2608695652173913,0.24038297678172166,0.6822336445151357,0.030004922651874454,7.455338605249497e-12,0.2426982218347157,degree+betweenness+closeness+eigenvector+MCC,77,FALSE
CSF1,16,0.026143790849673203,0.004560021256246387,0.28125,0.07713797268336371,0.25833333333333336,1,290.99999999999994,1.0241289826289437,Up,54,0.32608695652173914,0.034938678438715697,0.7713819539443685,0.07713797233229948,1.0295467597725494e-10,0.24190911226801554,degree+betweenness+closeness+eigenvector+MCC,78,FALSE
GNB4,12,0.0196078431372549,0.026771625249126824,0.2718791648156375,0.010132454707262315,0.22727272727272727,10,32,1.3056152197080184,Up,29,0.2391304347826087,0.2051229924816176,0.7303919493867249,0.010132454330708635,1.1005499845844496e-11,0.23695556619853306,degree+betweenness+closeness+eigenvector+MCC,79,FALSE
SNAI1,9,0.014705882352941176,0.02128157041407544,0.2818977429755873,0.05370298200354987,0.16666666666666666,4,14,1.182085885501606,Up,72,0.17391304347826086,0.16305843845568513,0.7742153179934782,0.05370298164357078,4.615209612773498e-12,0.23297795631512205,degree+betweenness+closeness+eigenvector+MCC,80,FALSE
MMP7,13,0.021241830065359478,0.0027924207752591137,0.2674825174825175,0.17010673667721565,0.358974358974359,1,399.9999999999999,-1.795552254361712,Down,54,0.2608695652173913,0.02139540279526623,0.7111600889732924,0.1701067363615175,1.416514334997404e-10,0.23270635869782375,degree+betweenness+closeness+eigenvector+MCC,81,FALSE
HCLS1,11,0.017973856209150325,0.02054893884646925,0.2651646447140381,0.06911156474813286,0.09090909090909091,13,16,1.596158910859805,Up,33,0.21739130434782608,0.15744504822870287,0.7010212258437226,0.06911156439401532,5.3252418608924976e-12,0.22899382856391842,degree+betweenness+closeness+eigenvector+MCC,82,FALSE
PLAU,12,0.0196078431372549,0.004989873754120156,0.27212094264117387,0.1184423253615716,0.3484848484848485,1,374.9999999999999,-1.936162852181374,Down,54,0.2391304347826087,0.038232189007053025,0.7314495364614833,0.11844232502621987,1.327760303982529e-10,0.2254508970820282,degree+betweenness+closeness+eigenvector+MCC,83,FALSE
ANGPT1,13,0.021241830065359478,0.002112151740775575,0.2774252039891206,0.0810296513390398,0.28205128205128205,11,70,3.184243528133031,Up,60,0.2608695652173913,0.016183211949647124,0.7546514915220193,0.081029650989456,2.449611256010549e-11,0.22254678394060196,degree+betweenness+closeness+eigenvector+MCC,84,FALSE
FGFR1,15,0.024509803921568627,0.00871511120815379,0.26527958387516254,0.03976376491643983,0.17142857142857143,11,58,1.9402221477351835,Up,60,0.30434782608695654,0.06677479137673561,0.7015239939156874,0.03976376455115814,2.0235919071391492e-11,0.2224820751901547,degree+betweenness+closeness+eigenvector+MCC,85,FALSE
RASA1,10,0.016339869281045753,0.04343586739626357,0.23684210526315788,0.006427879755177959,0.044444444444444446,8,10,-1.2248922682995005,Down,24,0.1956521739130435,0.33280366875174705,0.5771324797143558,0.006427879377215027,3.1951451165354985e-12,0.2224032403519113,degree+betweenness+closeness+eigenvector+MCC,86,FALSE
TAGLN,11,0.017973856209150325,0.009740849505530369,0.26689925861317054,0.11136457194834935,0.509090909090909,5,1470.0000000000002,2.6780832708101867,Up,30,0.21739130434782608,0.07463395222718662,0.7086087919712158,0.11136457161030519,5.215186862434054e-10,0.22239972413561046,degree+betweenness+closeness+eigenvector+MCC,87,FALSE
FGF18,13,0.021241830065359478,0.003964247528982622,0.2755515533543449,0.06918639034977134,0.2692307692307692,11,66,1.2758274379010688,Up,60,0.2608695652173913,0.030373886849073363,0.7464557494619041,0.06918638999568226,2.307604806386749e-11,0.22137711830942539,degree+betweenness+closeness+eigenvector+MCC,88,FALSE
SELE,11,0.017973856209150325,0.006309900565314436,0.27431645002241145,0.0944974761741094,0.4727272727272728,1,608.9999999999999,2.112410451879055,Up,54,0.21739130434782608,0.04834617525736367,0.7410531476437016,0.09449747582964886,2.1584980342817588e-10,0.220257620658878,degree+betweenness+closeness+eigenvector+MCC,89,FALSE
SFN,9,0.014705882352941176,0.028308796065189254,0.2650498051104374,0.008043893855578488,0.05555555555555555,4,10,-1.169379163509154,Down,72,0.17391304347826086,0.21690072636261984,0.7005188932573118,0.0080438934782303,3.1951451165354985e-12,0.21987531131592358,degree+betweenness+closeness+eigenvector+MCC,90,FALSE
AGRN,11,0.017973856209150325,0.007832316473547152,0.25205930807248766,0.1547096604276326,0.2363636363636364,7,32,-1.122043425059254,Down,82,0.21739130434782608,0.06001085769604004,0.6436957262379847,0.15470966010607726,1.1005499845844496e-11,0.2151615096797867,degree+betweenness+closeness+eigenvector+MCC,91,FALSE
F11R,13,0.021241830065359478,0.00637024055353314,0.26830337571240687,0.049509892841278574,0.3461538461538462,16,382.9999999999999,-1.81588734969122,Down,32,0.2608695652173913,0.04880849754204192,0.7147506955651672,0.049509892479704394,1.356161593907289e-10,0.2147877301879842,degree+betweenness+closeness+eigenvector+MCC,92,FALSE
COL15A1,10,0.016339869281045753,1.4635015836412193e-5,0.2372093023255814,0.29523160369959117,0.8444444444444444,7,15360.000000000005,2.1975848398037297,Up,82,0.1956521739130435,1.1213283524797005e-4,0.5787386769172914,0.2952316034314915,5.4526926494298605e-9,0.21394691850995345,degree+betweenness+closeness+eigenvector+MCC,93,FALSE
SOCS3,9,0.014705882352941176,0.012557800142766294,0.2750561797752809,0.05490707773462653,0.1388888888888889,1,13,1.8320914273567632,Up,54,0.17391304347826086,0.09621730172524068,0.7442888812090664,0.05490707737510548,4.260193488713998e-12,0.21386526075838672,degree+betweenness+closeness+eigenvector+MCC,94,FALSE
AR,8,0.013071895424836602,0.03640723551820203,0.24928716904276985,0.004733190135101005,0.03571428571428571,5,8,1.9162429764451872,Up,30,0.15217391304347827,0.2789506063969803,0.631569806912013,0.004733189756493399,2.485112868416499e-12,0.21348550322229007,degree+betweenness+closeness+eigenvector+MCC,95,FALSE
CD163,11,0.017973856209150325,0.00999512032874223,0.27260579064587975,0.038466030622655543,0.2909090909090909,1,249.99999999999994,2.558163473487162,Up,54,0.21739130434782608,0.07658216387562519,0.7335703636376801,0.03846603025688018,8.839901489081545e-11,0.21320197244128214,degree+betweenness+closeness+eigenvector+MCC,96,FALSE
TJP2,11,0.017973856209150325,0.01243559252741225,0.2727272727272727,0.01809681912881705,0.36363636363636365,16,368.9999999999999,-1.07622923371202,Down,32,0.21739130434782608,0.09528095245498927,0.7341017518194165,0.01809681875529308,1.306459336538959e-10,0.21297416550163417,degree+betweenness+closeness+eigenvector+MCC,97,FALSE
LRP1,8,0.013071895424836602,0.016181719364125317,0.26842105263157895,0.05376487610094798,0.32142857142857145,1,18,1.2767842412278014,Up,54,0.15217391304347827,0.12398360833828656,0.7152654391668093,0.05376487574099243,6.035274109011498e-12,0.20903756725912034,degree+betweenness+closeness+eigenvector+MCC,98,FALSE
CXCL5,12,0.0196078431372549,0.0022118627244357273,0.2696035242290749,0.06578876839739077,0.5757575757575757,1,1828,-1.0224631378167643,Down,54,0.2391304347826087,0.016947193036388326,0.7204378187057779,0.0657887680420092,6.486144586567063e-10,0.20846084304307974,degree+betweenness+closeness+eigenvector+MCC,99,FALSE
CCL20,12,0.0196078431372549,0.004497364184395605,0.2696035242290749,0.04166764380571957,0.5151515151515151,1,1084,-2.2289690668762896,Down,54,0.2391304347826087,0.034458602763123784,0.7204378187057779,0.04166764344116213,3.8448246235643837e-10,0.20713890001543098,degree+betweenness+closeness+eigenvector+MCC,100,FALSE
ANPEP,7,0.011437908496732025,0.013971377746281185,0.27212094264117387,0.05122071721663167,0.14285714285714285,3,10,1.229739220266115,Up,67,0.13043478260869565,0.10704806995241153,0.7314495364614833,0.051220716855708295,3.1951451165354985e-12,0.20403062117629883,degree+betweenness+closeness+eigenvector+MCC,101,FALSE
TNXB,8,0.013071895424836602,0.002149384593729064,0.24558587479935795,0.23569511963132114,0.4642857142857143,7,61,1.5850333546768989,Up,82,0.15217391304347827,0.01646848839982068,0.6153795672031973,0.23569511934057333,2.130096744356999e-11,0.20394341760167412,degree+betweenness+closeness+eigenvector+MCC,102,FALSE
PRKCZ,9,0.014705882352941176,0.01839598259415985,0.26311263972484955,0.012230887990098359,0.08333333333333333,16,10,-1.0193058075267167,Down,32,0.17391304347826086,0.1409491939409578,0.69204532431474175,0.012230887614342939,3.1951451165354985e-12,0.2038276898702997,degree+betweenness+closeness+eigenvector+MCC,103,FALSE
ALDH7A1,13,0.021241830065359478,0.026002261142756816,0.23243448537789593,5.411202835806676e-4,0.05128205128205129,3,16,1.1050765421150128,Up,67,0.2608695652173913,0.19922815918935385,0.5578526230494197,5.41119903378364e-4,5.3252418608924976e-12,0.20369829347297372,degree+betweenness+closeness+eigenvector+MCC,104,FALSE
TGFA,13,0.021241830065359478,0.0019667625401644014,0.26142674070909866,0.04699138558401742,0.4358974358974359,11,120,-2.85786752225815,Down,60,0.2608695652173913,0.015069246412390588,0.6846708473359262,0.04699138522148518,4.224691876308048e-11,0.201520208845888,degree+betweenness+closeness+eigenvector+MCC,105,FALSE
A2M,10,0.016339869281045753,0.005296561446596296,0.2633390705679862,0.062320949013293665,0.3333333333333333,1,130.99999999999997,3.065306092930255,Up,54,0.1956521739130435,0.04058201635793603,0.6930357804597449,0.06232094865659291,4.6152096127734974e-11,0.19831818388669387,degree+betweenness+closeness+eigenvector+MCC,106,FALSE
MCAM,6,0.00980392156862745,0.022257642957099488,0.2563887725178048,0.042183383729314475,0.06666666666666667,11,6,1.146887218409213,Up,60,0.10869565217391304,0.17053706252281253,0.6626337145660526,0.042183383364953225,1.7750806202974993e-12,0.19680996252590127,degree+betweenness+closeness+eigenvector+MCC,107,FALSE
NFATC1,5,0.008169934640522876,0.020555684823791668,0.27043747238179405,0.006155891020974695,0.4,4,9,1.0847415445591615,Up,72,0.08695652173913043,0.15749673560452376,0.724085683374003,0.006155890642908296,2.840128992475999e-12,0.19493896627268115,degree+betweenness+closeness+eigenvector+MCC,108,FALSE
EGR1,10,0.016339869281045753,0.0033530877443816703,0.27055702917771884,0.020947942301692755,0.37777777777777777,4,84,3.4041989032465443,Up,72,0.1956521739130435,0.025691207977873456,0.7246086499520549,0.020947941929253373,2.946633829693849e-11,0.19337999476033832,degree+betweenness+closeness+eigenvector+MCC,109,FALSE
BMP7,10,0.016339869281045753,0.007592249615604527,0.2586644125105664,0.038660013913658677,0.26666666666666666,6,27,1.185133873709976,Up,25,0.1956521739130435,0.058171476192727806,0.672587842649589,0.03866001354795711,9.230419225546996e-12,0.19301430126250957,degree+betweenness+closeness+eigenvector+MCC,110,FALSE
FBLN2,11,0.017973856209150325,5.914798227587531e-4,0.238224990268587,0.15216915395854425,0.4,7,161.99999999999997,1.742312076014457,Up,82,0.21739130434782608,0.004531891885821514,0.5831815096631302,0.15216915363602249,5.7157595973579465e-11,0.19145477191799157,degree+betweenness+closeness+eigenvector+MCC,111,FALSE
SHC3,9,0.014705882352941176,0.00257946707151766,0.26345243219974174,0.06542582366842735,0.19444444444444445,11,15,1.6106117459206102,Up,60,0.17391304347826086,0.01976376106395537,0.6935316480863652,0.06542582331290772,4.970225736832998e-12,0.19052685518929188,degree+betweenness+closeness+eigenvector+MCC,112,FALSE
COL17A1,9,0.014705882352941176,0.005694047377338126,0.2299023290758828,0.18666912534539307,0.5555555555555556,7,271.99999999999994,-1.0248111907683055,Down,82,0.17391304347826086,0.04362753573990796,0.5467764386626333,0.18666912503599536,9.620936962012445e-11,0.19019722860260135,degree+betweenness+closeness+eigenvector+MCC,113,FALSE
CDK6,8,0.013071895424836602,0.014378220765254678,0.26009349766255846,0.009727894426048015,0.17857142857142858,4,12,-1.1982588914955734,Down,72,0.15217391304347827,0.11016528292493438,0.6788389617591395,0.009727894049340435,3.905177364654499e-12,0.19018121035615956,degree+betweenness+closeness+eigenvector+MCC,114,FALSE
TIMP2,9,0.014705882352941176,3.9597716353280253e-4,0.2649350649350649,0.07110437847974711,0.6111111111111112,1,293.99999999999994,1.243405618495851,Up,54,0.17391304347826086,0.003033959275254703,0.700016995590889,0.07110437812638765,1.0401972434943344e-10,0.18961367531496237,degree+betweenness+closeness+eigenvector+MCC,115,FALSE
CTSK,7,0.011437908496732025,0.00397657184701016,0.27654767284229553,0.03184728432273154,0.2380952380952381,4,11,1.7104197106940957,Up,72,0.13043478260869565,0.03046831522129877,0.7508129856684688,0.03184728395443836,3.5501612405949986e-12,0.18871267349129034,degree+betweenness+closeness+eigenvector+MCC,116,FALSE
MITF,7,0.011437908496732025,0.010227556627823974,0.27019867549668874,0.009386385706239214,0.2380952380952381,4,11,1.6312866662967602,Up,72,0.13043478260869565,0.07836308037902481,0.7230411355598282,0.009386385329401722,3.5501612405949986e-12,0.18824507677610008,degree+betweenness+closeness+eigenvector+MCC,117,FALSE
IFIH1,9,0.014705882352941176,0.019987780769969987,0.24256837098692033,0.009568918788823735,0.4166666666666667,17,50,-1.0420585394571606,Down,11,0.17391304347826086,0.15314548020339175,0.6021803706971134,0.00956891841205568,1.739579007891549e-11,0.18776156256164347,degree+betweenness+closeness+eigenvector+MCC,118,FALSE
PRKG1,9,0.014705882352941176,0.02116082462457966,0.24189723320158102,0.002152231657546148,0.1111111111111111,3,11,1.6518625724590388,Up,67,0.17391304347826086,0.1621332896296258,0.5992446728282862,0.002152231277956724,3.5501612405949986e-12,0.18748864744353594,degree+betweenness+closeness+eigenvector+MCC,119,FALSE
AREG,11,0.017973856209150325,0.002977470971454474,0.2545757071547421,0.03784378756690172,0.34545454545454546,11,79,-2.5827159455571955,Down,60,0.21739130434782608,0.02281324910267862,0.6547029852305006,0.037843787200889656,2.7691257676640987e-11,0.18655026518191725,degree+betweenness+closeness+eigenvector+MCC,120,FALSE
ASPN,8,0.013071895424836602,0.005108094465472724,0.23638470451911936,0.16262199126018637,0.39285714285714285,7,122.99999999999997,2.2754796998605897,Up,82,0.15217391304347827,0.03913799079757881,0.5751317126307457,0.16262199094164095,4.331196713525897e-11,0.18581312149135115,degree+betweenness+closeness+eigenvector+MCC,121,FALSE
NCF2,6,0.00980392156862745,0.003943928338413419,0.2734584450402145,0.04870523734155624,0.2,4,7,-1.6877282384887975,Down,72,0.10869565217391304,0.030218202121845412,0.7373000533422007,0.04870523697967596,2.130096744356999e-12,0.18498382892395304,degree+betweenness+closeness+eigenvector+MCC,122,FALSE
SOX10,7,0.011437908496732025,0.018406256340984438,0.25205930807248766,0.005919152676812853,0.047619047619047616,11,7,1.5240042515494334,Up,60,0.13043478260869565,0.1410279109285537,0.6436957262379847,0.005919152298656396,2.130096744356999e-12,0.1842155144152041,degree+betweenness+closeness+eigenvector+MCC,123,FALSE
CCL19,10,0.016339869281045753,1.6259662428039036e-4,0.2602040816326531,0.04476848525857369,0.6888888888888889,1,1056,1.5467141898224923,Up,54,0.1956521739130435,0.001245808045997907,0.6793226793092833,0.04476848489519583,3.7454201088277236e-10,0.1841978293076125,degree+betweenness+closeness+eigenvector+MCC,124,FALSE
PLAT,8,0.013071895424836602,0.002316763771666566,0.2629995702621401,0.05750747156541965,0.2857142857142857,1,17,-1.140603334998465,Down,54,0.15217391304347827,0.017750940157536563,0.6915507346969962,0.05750747120688782,5.680257984951998e-12,0.18379661182211582,degree+betweenness+closeness+eigenvector+MCC,125,FALSE
IDO1,7,0.011437908496732025,0.015388940367534274,0.2535211267605634,0.01981865810971306,0.2380952380952381,1,11,-1.2538212430361533,Down,54,0.13043478260869565,0.11790937120684335,0.6500900287209334,0.01981865773684409,3.5501612405949986e-12,0.18365056805537333,degree+betweenness+closeness+eigenvector+MCC,126,FALSE
VAV2,6,0.00980392156862745,0.00711730690326735,0.26131511528608026,0.06585530824455184,0.33333333333333337,6,14,-1.0151922581262527,Down,25,0.10869565217391304,0.05453248642257497,0.6841825742515902,0.06585530788919558,4.615209612773498e-12,0.1826532041483778,degree+betweenness+closeness+eigenvector+MCC,127,FALSE
GPC3,7,0.011437908496732025,0.015025432199447289,0.2545757071547421,0.012971829544733773,0.047619047619047616,9,7,1.4553066281844806,Up,24,0.13043478260869565,0.11512418791910309,0.6547029852305006,0.012971829169260212,2.130096744356999e-12,0.18264675698593794,degree+betweenness+closeness+eigenvector+MCC,128,FALSE
CACNA1C,9,0.014705882352941176,0.019734862122444307,0.2387826765509169,6.956228369502257e-4,0.1111111111111111,3,10,1.053592598350403,Up,67,0.17391304347826086,0.1512076288644424,0.5856209467895652,6.956224568066962e-4,3.1951451165354985e-12,0.18228744831845406,degree+betweenness+closeness+eigenvector+MCC,129,FALSE
SMAD9,7,0.011437908496732025,0.00971987703387886,0.2633390705679862,0.010728008889698316,0.2857142857142857,6,14,2.4635852764238164,Up,25,0.13043478260869565,0.07447326208959276,0.6930357804597449,0.010728008513371188,4.615209612773498e-12,0.18173436673520393,degree+betweenness+closeness+eigenvector+MCC,130,FALSE
TIMP3,8,0.013071895424836602,5.93761811335698e-4,0.2604255319148936,0.06935592580064655,0.5,1,132.99999999999997,1.7316526685485858,Up,54,0.15217391304347827,0.004549376379996073,0.6802913494331029,0.06935592544662196,4.686212837585397e-11,0.18127411287001227,degree+betweenness+closeness+eigenvector+MCC,131,FALSE
COL8A1,7,0.011437908496732025,2.5340757563397715e-4,0.23638470451911936,0.19146204724950258,0.7142857142857143,7,241.99999999999994,2.1784586098576177,Up,82,0.13043478260869565,0.0019415974841963917,0.5751317126307457,0.19146204694192814,8.555888589833944e-11,0.17979402795022495,degree+betweenness+closeness+eigenvector+MCC,132,FALSE
PPBP,9,0.014705882352941176,0.0021565653213795975,0.25671140939597314,0.04286281902050868,0.4722222222222222,1,170.99999999999997,-2.3537548948240423,Down,54,0.17391304347826086,0.016523506813165643,0.664044996148366,0.0428628186564059,6.035274109011497e-11,0.1794688730313102,degree+betweenness+closeness+eigenvector+MCC,133,FALSE
EREG,10,0.016339869281045753,0.001174153758373861,0.2543640897755611,0.03770767180684519,0.4222222222222222,11,78,-2.1583764777967787,Down,60,0.1956521739130435,0.00899631345911806,0.6537773262933355,0.03770767144078135,2.7336241552581488e-11,0.17922669702672295,degree+betweenness+closeness+eigenvector+MCC,134,FALSE
ADCY2,8,0.013071895424836602,0.018615226224958946,0.24199288256227758,0.0010419953455998677,0.10714285714285714,3,9,1.4373492435600772,Up,67,0.15217391304347827,0.14262902881140566,0.5996630632549399,0.0010419949655881013,2.840128992475999e-12,0.17910160001565043,degree+betweenness+closeness+eigenvector+MCC,135,FALSE
NR4A1,7,0.011437908496732025,0.009313818519477199,0.26131511528608026,0.009292950967897918,0.5238095238095238,4,55.00000000000001,2.022387489429786,Up,72,0.13043478260869565,0.0713620599559298,0.6841825742515902,0.009292950591024883,1.9170870699212994e-11,0.17905447348528228,degree+betweenness+closeness+eigenvector+MCC,136,FALSE
ACKR1,8,0.013071895424836602,0.014629748989057438,0.24617860016090104,0.012350376418683287,0.10714285714285714,1,10,2.298986681188719,Up,54,0.15217391304347827,0.11209248089965171,0.6179722726337257,0.012350376042973323,3.1951451165354985e-12,0.17891780852460482,degree+betweenness+closeness+eigenvector+MCC,137,FALSE
NID2,8,0.013071895424836602,1.9259106830340228e-4,0.23385555980129918,0.17656734116029407,0.5357142857142857,7,62,1.655962083109312,Up,82,0.15217391304347827,0.0014756241314454366,0.5640687015468043,0.17656734084705358,2.1655983567629493e-11,0.17885711591808753,degree+betweenness+closeness+eigenvector+MCC,138,FALSE
ADAMTS2,7,0.011437908496732025,0.0032940988481003877,0.2375776397515528,0.1569637533308143,0.6190476190476191,7,144.99999999999997,1.7044755944447667,Up,82,0.13043478260869565,0.02523923769905002,0.5803498623102981,0.15696375301011645,5.112232186456797e-11,0.1785975271358565,degree+betweenness+closeness+eigenvector+MCC,139,FALSE
DUSP1,8,0.013071895424836602,0.006780208807749392,0.2589928057553957,0.007881247048225348,0.5357142857142857,4,85.00000000000001,1.8002146369920684,Up,72,0.15217391304347827,0.05194965592688988,0.6740243037907171,0.007881246670815288,2.982135442099799e-11,0.17720582389234435,degree+betweenness+closeness+eigenvector+MCC,140,FALSE
CLDN1,9,0.014705882352941176,0.002031427842963007,0.2522671063478978,0.050613937176028516,0.5,16,252.99999999999994,-1.359480872008362,Down,32,0.17391304347826086,0.01556470906347534,0.6446046796117827,0.05061393681487432,8.946406326299394e-11,0.17693927381157148,degree+betweenness+closeness+eigenvector+MCC,141,FALSE
PRKD1,5,0.008169934640522876,0.005424700983129558,0.2696035242290749,0.034924619244909,0.2,13,6,2.3757751761394603,Up,33,0.08695652173913043,0.04156381574233341,0.7204378187057779,0.03492461887778646,1.7750806202974993e-12,0.17677655501336068,degree+betweenness+closeness+eigenvector+MCC,142,FALSE
CLDN7,7,0.011437908496732025,0.003244566801874323,0.2581189371573176,0.05152344568557571,0.4761904761904762,16,121.99999999999997,-1.9361043840704628,Down,32,0.13043478260869565,0.024859725381397222,0.6702018186959225,0.0515234453247675,4.2956951011199473e-11,0.17540395441074796,degree+betweenness+closeness+eigenvector+MCC,143,FALSE
S100B,6,0.00980392156862745,0.006614343531943711,0.2636794485135717,0.01493284724721499,0.06666666666666667,11,6,1.9261424284316249,Up,60,0.10869565217391304,0.05067880361943949,0.6945246652033539,0.014932846872487417,1.7750806202974993e-12,0.1737663935741938,degree+betweenness+closeness+eigenvector+MCC,144,FALSE
AOC3,4,0.006535947712418301,0.019470705232832262,0.25237113402061856,0.006335703095210408,0,3,4,1.8568295054688695,Up,67,0.06521739130434782,0.1491836706184399,0.645059718537882,0.0063357027172124105,1.0650483721784995e-12,0.17315929663578944,degree+betweenness+closeness+eigenvector+MCC,145,FALSE
HMGA2,7,0.011437908496732025,0.0185238815475845,0.2379471228615863,0.0031292247164100913,0.047619047619047616,4,7,-2.020682834927415,Down,72,0.13043478260869565,0.1419291499883624,0.5819660591664246,0.003129224337192324,2.130096744356999e-12,0.17149184322056102,degree+betweenness+closeness+eigenvector+MCC,146,FALSE
FBLN5,9,0.014705882352941176,5.126604528044307e-4,0.2350230414746544,0.10907337530947134,0.4722222222222222,7,66,2.726723666736171,Up,82,0.17391304347826086,0.003927981406719256,0.569175512003961,0.1090733749705556,2.307604806386749e-11,0.17121798237651456,degree+betweenness+closeness+eigenvector+MCC,147,FALSE
RECK,5,0.008169934640522876,0.0058006815676772345,0.2577927548441449,0.053140720983445064,0.4,1,9,2.4395052700769906,Up,54,0.08695652173913043,0.04444456212585462,0.668775028635002,0.05314072062325208,2.840128992475999e-12,0.17066336662521586,degree+betweenness+closeness+eigenvector+MCC,148,FALSE
FBLN1,7,0.011437908496732025,8.768710877241291e-4,0.24667472793228537,0.09132650331564596,0.38095238095238093,7,16,2.311515183466512,Up,82,0.13043478260869565,0.0067185469638400405,0.6201424398824413,0.09132650296997916,5.3252418608924976e-12,0.16972445448605628,degree+betweenness+closeness+eigenvector+MCC,149,FALSE
GATA2,4,0.006535947712418301,0.022086264333017858,0.24401913875598086,0.003287839163184128,0,13,4,1.1547770613871915,Up,33,0.06521739130434782,0.16922396718803628,0.608526334135368,0.003287838784026699,1.0650483721784995e-12,0.1692511062825688,degree+betweenness+closeness+eigenvector+MCC,150,FALSE
IL6ST,5,0.008169934640522876,0.010579210891777881,0.2572509457755359,0.010200644866667368,0.1,11,5,1.1500130768211436,Up,60,0.08695652173913043,0.08105743958471026,0.6664050417816728,0.010200644490139627,1.4200644962379994e-12,0.16892392951941465,degree+betweenness+closeness+eigenvector+MCC,151,FALSE
MRC1,6,0.00980392156862745,8.147172074077718e-6,0.265740338688667,0.03052947110453248,0.9333333333333333,1,239.99999999999994,2.4979911874486325,Up,54,0.10869565217391304,6.242326719226713e-5,0.7035394324047796,0.030529470735737987,8.484885365022044e-11,0.16856539573329435,degree+betweenness+closeness+eigenvector+MCC,152,FALSE
PDGFD,8,0.013071895424836602,2.9146452501928e-4,0.25404732254047324,0.035914507007995304,0.32142857142857145,11,20,2.2687195389459944,Up,60,0.15217391304347827,0.0022331881242861036,0.6523917197647275,0.03591450664124932,6.745306357130497e-12,0.16854266551609728,degree+betweenness+closeness+eigenvector+MCC,153,FALSE
FMOD,7,0.011437908496732025,0.0013118395733460557,0.2431466030989273,0.09682504021620873,0.6190476190476191,7,54.00000000000001,3.057623718081338,Up,82,0.13043478260869565,0.010051256000953022,0.6047096796050423,0.09682503987263362,1.8815854575153495e-11,0.16840415162122807,degree+betweenness+closeness+eigenvector+MCC,154,FALSE
NES,5,0.008169934640522876,0.004235195497870958,0.2583368509919797,0.04919215749208908,0.2,11,6,1.1667796318107229,Up,60,0.08695652173913043,0.03244987804004539,0.6711550196540271,0.04919215713039403,1.7750806202974993e-12,0.16795071531307443,degree+betweenness+closeness+eigenvector+MCC,155,FALSE
KRT14,7,0.011437908496732025,0.008789876265619936,0.2309433962264151,0.08427195769100201,0.38095238095238093,16,16,-1.141564575662768,Down,32,0.13043478260869565,0.06734763789530909,0.55133028540153906,0.08427195734265161,5.3252418608924976e-12,0.16667693265070413,degree+betweenness+closeness+eigenvector+MCC,156,FALSE
KLF4,5,0.008169934640522876,0.010650092272700003,0.2544698544698545,0.009285282940047292,0,4,5,2.1585473007527156,Up,72,0.08695652173913043,0.08160052954770941,0.6542399633172328,0.00928528256317134,1.4200644962379994e-12,0.1664164594337328,degree+betweenness+closeness+eigenvector+MCC,157,FALSE
SPINT2,4,0.006535947712418301,0.03538343870008451,0.2170212765957447,0.0028313560388464093,0.16666666666666666,2,4,-1.4553891327102164,Down,24,0.06521739130434782,0.2711063210735753,0.4904320051644117,0.00283135565951533,1.0650483721784995e-12,0.16591741464058302,degree+betweenness+closeness+eigenvector+MCC,158,FALSE
C4A,11,0.017973856209150325,0.0038351106950021124,0.23367697594501718,0.013646042770942127,0.5454545454545454,13,5283.000000000002,1.007205808557674,Up,33,0.21739130434782608,0.0293844462163442,0.56328753818848,0.013646042395725044,1.8751951672822787e-09,0.1647418666047141,degree+betweenness+closeness+eigenvector+MCC,159,FALSE
NTRK2,7,0.011437908496732025,0.0014929739345298895,0.2528925619834711,0.02454855034345568,0.19047619047619047,11,9,1.5863701701069512,Up,60,0.13043478260869565,0.011439099356054746,0.6473405541468014,0.024548549972385997,2.840128992475999e-12,0.16275259721735558,degree+betweenness+closeness+eigenvector+MCC,160,FALSE
CD24,5,0.008169934640522876,4.999042197593475e-4,0.25746739587715606,0.05510663089685056,0.4,11,8,-4.732042570546849,Down,60,0.08695652173913043,0.003830243720992248,0.6673518400635077,0.05510663053740542,2.485112868416499e-12,0.16264904721270418,degree+betweenness+closeness+eigenvector+MCC,161,FALSE
FOSB,8,0.013071895424836602,2.5035934479240266e-4,0.2527881040892193,0.00736072766509186,0.5714285714285714,4,72,3.136571904553284,Up,72,0.15217391304347827,0.0019182420761410324,0.6468836333412142,0.00736072728748379,2.520614480822449e-11,0.1616673031547047,degree+betweenness+closeness+eigenvector+MCC,162,FALSE
BCL6,4,0.006535947712418301,0.009771830172330798,0.2551062942892872,0.008644586235169827,0.5,4,7,1.200498916564201,Up,72,0.06521739130434782,0.07487132470734216,0.6570238849833343,0.008644585858050148,2.130096744356999e-12,0.1611514373710409,degree+betweenness+closeness+eigenvector+MCC,163,FALSE
SDC2,5,0.008169934640522876,9.762862967001763e-4,0.2562814070351759,0.04840755776788561,0.5,7,10,1.7661659771590106,Up,82,0.08695652173913043,0.007480261838211266,0.6621640753571978,0.048407557405892095,3.1951451165354985e-12,0.16100168326872533,degree+betweenness+closeness+eigenvector+MCC,164,FALSE
F2R,6,0.00980392156862745,0.01110528392242453,0.24266455194290246,0.008594795779822162,0.13333333333333333,10,6,1.2050290177625325,Up,29,0.10869565217391304,0.08508818756156811,0.6026010864333846,0.008594795402683543,1.7750806202974993e-12,0.1609959443146649,degree+betweenness+closeness+eigenvector+MCC,165,FALSE
XDH,4,0.006535947712418301,0.015936880605507717,0.24411647387315516,0.005434428623878251,0,15,4,-1.4313342730459515,Down,23,0.06521739130434782,0.12210766474592792,0.6089520984155093,0.005434428245537402,1.0650483721784995e-12,0.1603423165424775,degree+betweenness+closeness+eigenvector+MCC,166,FALSE
ZEB1,5,0.008169934640522876,0.004655516572111108,0.255,0.021895256038568005,0.1,4,5,2.253902222067758,Up,72,0.08695652173913043,0.03567035926779752,0.6565589313995166,0.021895255666488988,1.4200644962379994e-12,0.16021621361487073,degree+betweenness+closeness+eigenvector+MCC,167,FALSE
CNN1,8,0.013071895424836602,0.007640502862813852,0.23556581986143188,0.015076595291146152,0.75,5,1442.0000000000002,1.0879713289171162,Up,30,0.15217391304347827,0.05854119040964315,0.5715497388588873,0.015076594916473262,5.115782347697394e-10,0.15946828754801204,degree+betweenness+closeness+eigenvector+MCC,168,FALSE
C1S,10,0.016339869281045753,0.0018362831551385756,0.23730127956572314,0.00693213465986231,0.5555555555555556,13,5053.000000000002,2.940210161448876,Up,33,0.1956521739130435,0.014069519213739041,0.5791410047160878,0.006932134282091201,1.793541458748594e-9,0.1591589667837006,degree+betweenness+closeness+eigenvector+MCC,169,FALSE
CREB5,5,0.008169934640522876,0.003921848198856977,0.25888324873096447,0.0049697327663017835,0.4,4,9,1.4519734762728556,Up,72,0.08695652173913043,0.030049025082420928,0.6735450783169566,0.00496973238778416,2.840128992475999e-12,0.15910407150582648,degree+betweenness+closeness+eigenvector+MCC,170,FALSE
SH3KBP1,5,0.008169934640522876,0.007890539285311068,0.2490842490842491,0.015603959361658882,0.1,11,5,-1.3302106132441605,Down,60,0.08695652173913043,0.06045695826963514,0.6306821923226025,0.015603958987186606,1.4200644962379994e-12,0.15873992626399497,degree+betweenness+closeness+eigenvector+MCC,171,FALSE
DDR2,4,0.006535947712418301,7.407864476206211e-6,0.24132492113564669,0.13062072987239626,0.8333333333333334,7,12,2.923887604431277,Up,82,0.06521739130434782,5.675872552067974e-5,0.596741259447354,0.1306207295416773,3.905177364654499e-12,0.15852722780456102,degree+betweenness+closeness+eigenvector+MCC,172,FALSE
MYLK,8,0.013071895424836602,0.0071850568061907465,0.23583815028901733,0.011215034858645875,0.75,5,1442.0000000000002,2.068457459891806,Up,30,0.15217391304347827,0.05505158314153265,0.5727409694427461,0.011215034482504016,5.115782347697394e-10,0.15823630012436785,degree+betweenness+closeness+eigenvector+MCC,173,FALSE
TFPI,6,0.00980392156862745,0.0058842392376558415,0.2445065920894926,0.023687999310920683,0.2,10,7,1.712315989787128,Up,29,0.10869565217391304,0.04508477724732403,0.6106585575678778,0.02368799893952364,2.130096744356999e-12,0.1576253971861537,degree+betweenness+closeness+eigenvector+MCC,174,FALSE
LPL,7,0.011437908496732025,0.019961798417511178,0.21943348870562926,0.0035325652316258943,0.2857142857142857,12,12,2.085093631881154,Up,20,0.13043478260869565,0.1529464045836463,0.5009835284206494,0.003532564852561561,3.905177364654499e-12,0.15757945609389162,degree+betweenness+closeness+eigenvector+MCC,175,FALSE
ACKR4,6,0.00980392156862745,2.825732163015496e-4,0.2535211267605634,0.022866559379928663,0.6666666666666667,1,50.00000000000001,1.4529623751302108,Up,54,0.10869565217391304,0.0021650633154899606,0.6500900287209334,0.02286655900821914,1.7395790078915495e-11,0.15676346064719024,degree+betweenness+closeness+eigenvector+MCC,176,FALSE
CCN1,5,0.008169934640522876,0.0017405852137699085,0.25030674846625767,0.043539306517029974,0.4,7,9,2.5545861172744644,Up,82,0.08695652173913043,0.01333628587712973,0.6360296618121811,0.043539306153184534,2.840128992475999e-12,0.1559723551168932,degree+betweenness+closeness+eigenvector+MCC,177,FALSE
JUND,6,0.00980392156862745,4.032949372552781e-4,0.255,0.00680338281391307,0.5333333333333333,4,20,1.2112786254827217,Up,72,0.10869565217391304,0.0030900277294590847,0.6565589313995166,0.006803382436092981,6.745306357130497e-12,0.1550295987491454,degree+betweenness+closeness+eigenvector+MCC,178,FALSE
MYL9,10,0.016339869281045753,0.0054287745535174904,0.2236842105263158,0.016003087139131334,0.6444444444444444,5,2905.0000000000005,2.0176632264119823,Up,30,0.1956521739130435,0.04159502725602679,0.5195770799425002,0.016003086764810888,1.0309668242687877e-9,0.15456547378146965,degree+betweenness+closeness+eigenvector+MCC,179,FALSE
CHRD,6,0.00980392156862745,0.0017080513097484599,0.24411647387315516,0.04187530049615724,0.4,6,15,1.0205469093342143,Up,25,0.10869565217391304,0.013087012563018665,0.6089520984155093,0.04187530013167879,4.970225736832998e-12,0.154522012657818,degree+betweenness+closeness+eigenvector+MCC,180,FALSE
SMAD6,7,0.011437908496732025,0.008155514252654351,0.2357473035439137,0.005210242590212849,0.14285714285714285,6,10,1.1525237415769525,Up,25,0.13043478260869565,0.0624871845905398,0.5723435866670828,0.005210242211786718,3.1951451165354985e-12,0.15409515921626,degree+betweenness+closeness+eigenvector+MCC,181,FALSE
LOXL1,7,0.011437908496732025,0.004573379185972411,0.2321699544764795,0.04751834565892899,0.3333333333333333,7,17,1.5811663803431912,Up,82,0.13043478260869565,0.0350410262974379,0.5566955092339093,0.04751834529659721,5.680257984951998e-12,0.15393793268846406,degree+betweenness+closeness+eigenvector+MCC,182,FALSE
CCL8,7,0.011437908496732025,4.8577805829781944e-5,0.24499599679743794,0.02042888233186927,0.7142857142857143,1,96.00000000000001,1.151919550151033,Up,54,0.13043478260869565,3.7220097051525995e-4,0.6127993167226955,0.020428881959232436,3.372653178565249e-11,0.1528070364589731,degree+betweenness+closeness+eigenvector+MCC,183,FALSE
EMCN,5,0.008169934640522876,0.007325741412251246,0.24363057324840764,0.010849189660256412,0.1,11,5,1.9283968049373523,Up,60,0.08695652173913043,0.05612950228624981,0.6068266668577973,0.010849189283975384,1.4200644962379994e-12,0.1521523760337146,degree+betweenness+closeness+eigenvector+MCC,184,FALSE
MASP1,9,0.014705882352941176,0.003637910739743212,0.22972972972972974,0.008566966188816551,0.6111111111111112,13,5043.000000000002,1.4248046615494072,Up,33,0.17391304347826086,0.02787350899966304,0.5460214528106502,0.008566965811667345,1.789991297507999e-9,0.15127499457804655,degree+betweenness+closeness+eigenvector+MCC,185,FALSE
SERPING1,10,0.016339869281045753,0.00087302024196817755,0.22972972972972974,0.0077421810496047854,0.6444444444444444,13,5170.000000000002,1.4642658371700978,Up,33,0.1956521739130435,0.006689041956292108,0.5460214528106502,0.0077421806721418235,1.8350783452635555e-9,0.1512209702374412,degree+betweenness+closeness+eigenvector+MCC,186,FALSE
TIE1,5,0.008169934640522876,5.485965161043656e-4,0.2514379622021364,0.021334235894647224,0.6,11,14,1.0758166356276575,Up,60,0.08695652173913043,0.004203321912702615,0.6409778286806705,0.02133423552235479,4.615209612773498e-12,0.15069438157189471,degree+betweenness+closeness+eigenvector+MCC,187,FALSE
PREX1,5,0.008169934640522876,0.003773322472274203,0.2488816592110614,0.0072056182658234765,0.5,10,10,1.244502609119248,Up,29,0.08695652173913043,0.028911027623781064,0.6297960215958828,0.007205617888156402,3.1951451165354985e-12,0.15057383777002914,degree+betweenness+closeness+eigenvector+MCC,188,FALSE
ACVRL1,4,0.006535947712418301,0.0055594569977622755,0.25040916530278234,0.007886448432261856,0.3333333333333333,6,5,1.1745230261230395,Up,25,0.06521739130434782,0.042596310285310815,0.6364776546018667,0.007886448054853775,1.4200644962379994e-12,0.15043556084955984,degree+betweenness+closeness+eigenvector+MCC,189,FALSE
MYH11,10,0.016339869281045753,0.002981764105610358,0.2228696285506191,0.015931352909767427,0.6444444444444444,5,2905.0000000000005,1.9491277012855983,Up,30,0.1956521739130435,0.02284614290411896,0.5160139270068792,0.015931352535419694,1.0309668242687877e-9,0.15008871947808564,degree+betweenness+closeness+eigenvector+MCC,190,FALSE
C4B,10,0.016339869281045753,0.002121256795563553,0.22700296735905046,0.004202004582161417,0.6666666666666666,13,5282.000000000002,1.007205808557674,Up,33,0.1956521739130435,0.016252974471251225,0.5340940205377754,0.004202004203351743,1.8748401511582193e-9,0.15004023500005242,degree+betweenness+closeness+eigenvector+MCC,191,FALSE
IL33,4,0.006535947712418301,0,0.2557459256163811,0.02308431939834211,1,1,24.000000000000004,2.2845524611302173,Up,54,0.06521739130434782,0,0.6598217669753836,0.02308431902671542,8.165370853368498e-12,0.14962469546292242,degree+betweenness+closeness+eigenvector+MCC,192,FALSE
TPM2,9,0.014705882352941176,0.0047705520908296745,0.22417582417582418,0.014991502514665269,0.5555555555555556,5,1442.0000000000002,2.208953527621551,Up,30,0.17391304347826086,0.03655175625515439,0.5217275014724377,0.01499150213996001,5.115782347697394e-10,0.14943676077147824,degree+betweenness+closeness+eigenvector+MCC,193,FALSE
SPHK1,4,0.006535947712418301,0.014862191164635523,0.2343032159264931,0.0010555276926389001,0.16666666666666666,12,4,-1.5739138100998762,Down,20,0.06521739130434782,0.11387344242850282,0.5660268436174895,0.0010555273126322815,1.0650483721784995e-12,0.14923464093280747,degree+betweenness+closeness+eigenvector+MCC,194,FALSE
LY96,3,0.004901960784313725,4.360522077325874e-5,0.2577927548441449,0.030354853875790632,0.6666666666666666,1,4,1.5283779828144466,Up,54,0.043478260869565216,3.341012467341391e-4,0.668775028635002,0.030354853506929715,1.0650483721784995e-12,0.14858844885185923,degree+betweenness+closeness+eigenvector+MCC,195,FALSE
CAV2,2,0.0032679738562091504,0.01019105296561993,0.24247226624405704,0.0391017293434109,0,3,2,-1.229409665466358,Down,67,0.021739130434782608,0.07808339095568374,0.601759988333058,0.039101728977877365,3.5501612405949985e-13,0.14813684774035135,degree+betweenness+closeness+eigenvector+MCC,196,FALSE
MARVELD2,7,0.011437908496732025,4.3353924036041724e-5,0.24075531077891424,0.011898351783337749,0.8571428571428572,16,359.9999999999999,-1.652530033359958,Down,32,0.13043478260869565,3.321758223992642e-4,0.5942496639108635,0.01189835140745583,1.274507885373604e-10,0.14738299477537303,degree+betweenness+closeness+eigenvector+MCC,197,FALSE
FZD7,7,0.011437908496732025,0.011998476896788113,0.2219804134929271,5.534730947042096e-4,0,9,7,2.066090643483657,Up,24,0.13043478260869565,0.09193179208912629,0.5121243132691045,5.534727145066052e-4,2.130096744356999e-12,0.1470088721367126,degree+betweenness+closeness+eigenvector+MCC,198,FALSE
CFH,10,0.016339869281045753,3.641080838713575e-4,0.22591362126245848,0.004548093762813282,0.6888888888888889,13,5286.000000000002,1.6078788580222128,Up,33,0.1956521739130435,0.0027897798155857804,0.5293289915317516,0.004548093384135263,1.8762602156544576e-9,0.1464638081041553,degree+betweenness+closeness+eigenvector+MCC,199,FALSE
OGN,7,0.011437908496732025,5.399596979518268e-4,0.22776330480089318,0.057880846791786844,0.5714285714285714,7,44,3.01931585503492,Up,82,0.13043478260869565,0.004137146999208109,0.5374198964702098,0.05788084643339704,1.5265693334558492e-11,0.14597453450535527,degree+betweenness+closeness+eigenvector+MCC,200,FALSE
LRRK2,6,0.00980392156862745,0.01624405415213507,0.21779359430604983,4.3571338534380066e-4,0,9,6,1.652507119422058,Up,24,0.10869565217391304,0.12446121468953655,0.4938102853115415,4.3571300510139945e-4,1.7750806202974993e-12,0.14548057303637352,degree+betweenness+closeness+eigenvector+MCC,201,FALSE
RHOC,6,0.00980392156862745,0.015851068433105974,0.21779359430604983,0.0024651405790427484,0,5,6,-1.063604016519081,Down,30,0.10869565217391304,0.12145017572796221,0.4938102853115415,0.002465140199572358,1.7750806202974993e-12,0.14528425068295284,degree+betweenness+closeness+eigenvector+MCC,202,FALSE
GRB7,3,0.004901960784313725,8.48114133345636e-5,0.25102543068088595,0.04292705864631588,0.3333333333333333,11,3,-1.0059677541058658,Down,60,0.043478260869565216,6.498212468571911e-4,0.639173329017242,0.042927058282237536,7.100322481189997e-13,0.14524569388332237,degree+betweenness+closeness+eigenvector+MCC,203,FALSE
BID,7,0.011437908496732025,4.1199130799301386e-4,0.23813229571984434,0.00559668568323176,0.2857142857142857,4,12,-1.1165077021170695,Down,72,0.13043478260869565,0.003156658932191616,0.5827760442056039,0.005596685304952634,3.905177364654499e-12,0.1443928342110698,degree+betweenness+closeness+eigenvector+MCC,204,FALSE
LIFR,3,0.004901960784313725,2.922794774477497e-4,0.2561741314357472,0.014118045545590567,0.3333333333333333,11,3,2.5551164918118534,Up,60,0.043478260869565216,0.0022394322532585617,0.6616948293163707,0.014118045170553036,7.100322481189997e-13,0.1443061135220915,degree+betweenness+closeness+eigenvector+MCC,205,FALSE
FZD3,8,0.013071895424836602,0.008906298826357264,0.21833749554049234,0.004278018254883101,0,9,8,-1.4575402088393066,Down,24,0.15217391304347827,0.06823966233643235,0.49618942373838204,0.004278017876102344,2.485112868416499e-12,0.14417620339937604,degree+betweenness+closeness+eigenvector+MCC,206,FALSE
MMP10,4,0.006535947712418301,0,0.2459807073954984,0.03666840376100073,1,1,24.000000000000004,-2.3445281229734825,Down,54,0.06521739130434782,0,0.6171066480446478,0.03666840339454154,8.165370853368498e-12,0.1437984885503405,degree+betweenness+closeness+eigenvector+MCC,207,FALSE
MFAP5,7,0.011437908496732025,0.0033302191026200593,0.2230320699708455,0.040594832810372766,0.4761904761904762,7,37,3.3236882167649138,Up,82,0.13043478260869565,0.025515989469901672,0.5167244799538078,0.04059483244540722,1.2780580466141994e-11,0.14265401689811857,degree+betweenness+closeness+eigenvector+MCC,208,FALSE
ADH1B,10,0.016339869281045753,0.013454614509947126,0.19954352787740462,5.779932503929469e-5,0.1111111111111111,3,13,3.6533117521198566,Up,67,0.1956521739130435,0.10308865320221686,0.4139806552551082,5.779894465313192e-5,4.260193488713998e-12,0.14255585626385636,degree+betweenness+closeness+eigenvector+MCC,209,FALSE
MRAS,4,0.006535947712418301,0.00752513547473145,0.23766990291262136,0.006584138830752543,0.16666666666666666,8,4,1.0881938562981226,Up,24,0.06521739130434782,0.05765725065409834,0.5807534407873813,0.006584138452849052,1.0650483721784995e-12,0.1420424442399483,degree+betweenness+closeness+eigenvector+MCC,210,FALSE
MFAP4,7,0.011437908496732025,9.936883858413558e-5,0.2220609579100145,0.06510193606596418,0.4761904761904762,7,34,2.5149159147725832,Up,82,0.13043478260869565,7.613595865071926e-4,0.5124766314945935,0.06510193571032133,1.1715532093963495e-11,0.14175494188236665,degree+betweenness+closeness+eigenvector+MCC,211,FALSE
NEDD4L,4,0.006535947712418301,0.0028469906477653632,0.2457831325301205,0.005481611100497937,0,4,4,-1.4253255779643863,Down,72,0.06521739130434782,0.021813514712031065,0.6162424140171588,0.005481610722175036,1.0650483721784995e-12,0.14175098615135556,degree+betweenness+closeness+eigenvector+MCC,212,FALSE
PTX3,4,0.006535947712418301,0.0020289523662861786,0.24617860016090104,0.009528433703993543,0.5,13,7,2.9652592534518067,Up,33,0.06521739130434782,0.015545742072153585,0.6179722726337257,0.009528433327210088,2.130096744356999e-12,0.14165276786791345,degree+betweenness+closeness+eigenvector+MCC,213,FALSE
TWIST1,6,0.00980392156862745,0.005070030149289106,0.23137996219281665,0.005050718528006568,0.13333333333333333,4,6,1.726591870801908,Up,72,0.10869565217391304,0.03884634371341066,0.5532399167844892,0.0050507181495197525,1.7750806202974993e-12,0.14116652616462155,degree+betweenness+closeness+eigenvector+MCC,214,FALSE
DST,4,0.006535947712418301,0,0.22691879866518352,0.10641609855390502,1,7,24.000000000000004,1.0692821511427502,Up,82,0.06521739130434782,0,0.5337258489631677,0.10641609821397842,8.165370853368498e-12,0.14107186769793184,degree+betweenness+closeness+eigenvector+MCC,215,FALSE
MSX1,5,0.008169934640522876,0.0070336060448863294,0.23278813236972232,0.005012279739549122,0,6,5,1.4046778029809763,Up,25,0.08695652173913043,0.053891174197985434,0.5593995493928635,0.005012279361047684,1.4200644962379994e-12,0.14105190493848943,degree+betweenness+closeness+eigenvector+MCC,216,FALSE
GNA15,6,0.00980392156862745,0.0075815605790738195,0.22767857142857142,0.0012849329998843128,0.26666666666666666,10,10,-1.7590509274923898,Down,29,0.10869565217391304,0.05808957727402112,0.5370492548732421,0.0012849326199649619,3.1951451165354985e-12,0.14102388338886726,degree+betweenness+closeness+eigenvector+MCC,217,FALSE
CTSV,4,0.006535947712418301,0.009782527304429682,0.2328767123287671,0.0037240125732741175,0.16666666666666666,4,4,-1.8360092346888148,Down,72,0.06521739130434782,0.0749532856539293,0.5597870167694131,0.003724012194282612,1.0650483721784995e-12,0.1407363411846076,degree+betweenness+closeness+eigenvector+MCC,218,FALSE
GNG7,7,0.011437908496732025,0.007758114324020517,0.2218194998187749,8.935501374457688e-4,0.19047619047619047,10,10,1.261326199161232,Up,29,0.13043478260869565,0.059442324152863824,0.5114204430049157,8.935497573775324e-4,3.1951451165354985e-12,0.14043821990540956,degree+betweenness+closeness+eigenvector+MCC,219,FALSE
CTHRC1,3,0.004901960784313725,0.0031461012033305847,0.23693379790940766,0.05680751096918004,0.3333333333333333,7,3,3.4323635567784043,Up,82,0.043478260869565216,0.024105286379587126,0.5775335626395953,0.05680751061038193,7.100322481189997e-13,0.14038492409996792,degree+betweenness+closeness+eigenvector+MCC,220,FALSE
ACTG2,9,0.014705882352941176,1.2214487214604104e-4,0.2217391304347826,0.015904311730435532,0.8055555555555556,5,2904.0000000000005,1.5619841799489338,Up,30,0.17391304347826086,9.358685346044764e-4,0.5110688904110086,0.015904311356077512,1.0306118081447282e-9,0.14036442296211266,degree+betweenness+closeness+eigenvector+MCC,221,FALSE
TGFB1I1,2,0.0032679738562091504,0.0052148558397696965,0.24343675417661098,0.03384107304096045,0,5,2,1.568677255135623,Up,30,0.021739130434782608,0.039955991661308934,0.6059788614615866,0.03384107267342572,3.5501612405949985e-13,0.1403030112462918,degree+betweenness+closeness+eigenvector+MCC,222,FALSE
PTN,3,0.004901960784313725,0.0025565371831287507,0.2453889334402566,0.0192477910746204,0,11,3,3.1479156445542493,Up,60,0.043478260869565216,0.019588073287070924,0.6145181042654408,0.01924779070153427,7.100322481189997e-13,0.13936644582486424,degree+betweenness+closeness+eigenvector+MCC,223,FALSE
FKBP10,3,0.004901960784313725,6.691582111868822e-4,0.23394495412844038,0.0835112467367821,0.3333333333333333,7,3,1.5184204725811945,Up,82,0.043478260869565216,0.005127060215620505,0.5644597311407362,0.08351124638814231,7.100322481189997e-13,0.13931525972295483,degree+betweenness+closeness+eigenvector+MCC,224,FALSE
ANK2,5,0.008169934640522876,0.016752453741996954,0.21451104100946372,1.9499349841339735e-4,0,3,5,2.6745922548849395,Up,67,0.08695652173913043,0.12835654955540535,0.4794517065999763,1.9499311807942438e-4,1.4200644962379994e-12,0.13899195420280233,degree+betweenness+closeness+eigenvector+MCC,225,FALSE
LPAR1,6,0.00980392156862745,0.005985556387972898,0.22759390107846783,0.0012531792281264336,0.26666666666666666,10,8,1.0359580023548345,Up,29,0.10869565217391304,0.045861064710985666,0.5366788889487154,0.0012531788481950031,2.485112868416499e-12,0.13849775693685884,degree+betweenness+closeness+eigenvector+MCC,226,FALSE
JAM2,4,0.006535947712418301,6.573867635016937e-5,0.24132492113564669,0.028762934997322794,0.6666666666666666,16,8,2.066761355686811,Up,32,0.06521739130434782,5.036867911172891e-4,0.596741259447354,0.0287629346278563,2.485112868416499e-12,0.13824505443463211,degree+betweenness+closeness+eigenvector+MCC,227,FALSE
PLPP3,8,0.013071895424836602,0.013897187027880396,0.20372836218375498,2.0500360306206683e-4,0.14285714285714285,12,9,2.980131901964592,Up,20,0.15217391304347827,0.10647962399400909,0.43228600092766195,2.0500322273190179e-4,2.840128992475999e-12,0.13822890823814427,degree+betweenness+closeness+eigenvector+MCC,228,FALSE
OAS2,8,0.013071895424836602,0.0037632125458985795,0.22038170687792583,0.004461013588740953,0.5,17,48,-1.22491710187464,Down,11,0.15217391304347827,0.02883356582112101,0.505131234194937,0.0044610132100298084,1.6685757830796493e-11,0.13811994525725035,degree+betweenness+closeness+eigenvector+MCC,229,FALSE
FKBP1A,5,0.008169934640522876,0.007152970111021655,0.22998872604284104,5.16762646927363e-4,0.2,3,6,-1.0579943352235777,Down,67,0.08695652173913043,0.054805736321599886,0.5471543571725326,5.167622667157936e-4,1.7750806202974993e-12,0.13788667550035077,degree+betweenness+closeness+eigenvector+MCC,230,FALSE
ITCH,3,0.004901960784313725,0.0020469814957760667,0.24777327935222673,0.0039171266256495,0,6,3,-1.0415224671159615,Down,25,0.043478260869565216,0.01568388045405571,0.6249477349094359,0.003917126246731456,7.100322481189997e-13,0.13760540049609965,degree+betweenness+closeness+eigenvector+MCC,231,FALSE
MAFB,3,0.004901960784313725,0.0033593878814157374,0.24440894568690097,0.003298105076510438,0,4,3,1.1932895624584852,Up,72,0.043478260869565216,0.025739479345392103,0.610231431659832,0.003298104697356914,7.100322481189997e-13,0.13654945531457124,degree+betweenness+closeness+eigenvector+MCC,232,FALSE
WNT7A,7,0.011437908496732025,0.005486779081293935,0.22117817130466208,0.0011368156556766356,0.047619047619047616,9,7,-2.113953603036575,Down,24,0.13043478260869565,0.04203945534749559,0.5086151371597868,0.0011368152757009395,2.130096744356999e-12,0.1364452380787618,degree+betweenness+closeness+eigenvector+MCC,233,FALSE
CXCL14,4,0.006535947712418301,0,0.24142011834319527,0.01946282290981192,1,1,24.000000000000004,2.254879146786373,Up,54,0.06521739130434782,0,0.5971576720610133,0.01946282253680759,8.165370853368498e-12,0.13636757718206682,degree+betweenness+closeness+eigenvector+MCC,234,FALSE
PLEK2,6,0.00980392156862745,0.017283097473350884,0.20536912751677852,2.7843079309503846e-4,0.06666666666666667,8,6,-2.389509113396615,Down,24,0.10869565217391304,0.13242231803617696,0.4394630536828838,2.7843041279280566e-4,1.7750806202974993e-12,0.13617189086150835,degree+betweenness+closeness+eigenvector+MCC,235,FALSE
SGCD,5,0.008169934640522876,0.014184040610538039,0.21002059025394645,0.024584376191440552,0.3,3,8,1.9338144732521536,Up,67,0.08695652173913043,0.10867748328462978,0.45980953028236465,0.0245843758203845,2.485112868416499e-12,0.1360055822257989,degree+betweenness+closeness+eigenvector+MCC,236,FALSE
PDE1C,7,0.011437908496732025,0.005452525974274264,0.22077922077922077,2.2380930771345172e-4,0.4285714285714286,3,20,1.6749930786559744,Up,67,0.13043478260869565,0.041777009577084356,0.5068700436292334,2.2380892739044052e-4,6.745306357130497e-12,0.13586112894982982,degree+betweenness+closeness+eigenvector+MCC,237,FALSE
LMOD1,8,0.013071895424836602,3.6293841049785978e-6,0.22165881926838102,0.01553706698322915,0.9285714285714286,5,2880.0000000000005,1.8151338407543047,Up,30,0.15217391304347827,2.7808178306347272e-5,0.5107175924730911,0.015537066608731427,1.0220914211673002e-9,0.13569127626513972,degree+betweenness+closeness+eigenvector+MCC,238,FALSE
PTHLH,2,0.0032679738562091504,0.0016870167853871437,0.24989791751735402,0.0075613794138149355,0,10,2,-3.758645546126397,Down,29,0.021739130434782608,0.012925846980344099,0.6342413492307336,0.007561379036283195,3.5501612405949985e-13,0.13529354113649972,degree+betweenness+closeness+eigenvector+MCC,239,FALSE
TXNIP,3,0.004901960784313725,4.460001368650237e-4,0.24627766599597586,0.010322968974671548,0,6,3,1.1879389682111032,Up,25,0.043478260869565216,0.0034172330543865105,0.6184056074380768,0.010322968598190341,7.100322481189997e-13,0.1351248139921858,degree+betweenness+closeness+eigenvector+MCC,240,FALSE
IRS2,4,0.006535947712418301,0.0012509773933873853,0.24009415457041977,0.00919600451896124,0.3333333333333333,1,4,1.0133254487710506,Up,54,0.06521739130434782,0.009584932706573112,0.5913576275591064,0.009196004142051325,1.0650483721784995e-12,0.13507119114262872,degree+betweenness+closeness+eigenvector+MCC,241,FALSE
F10,3,0.004901960784313725,7.315278365567835e-4,0.24295355299722113,0.02229111415984454,0.3333333333333333,10,3,1.0317750083542503,Up,29,0.043478260869565216,0.005604933489162195,0.6038652378457854,0.022291113787916112,7.100322481189997e-13,0.1350479091986278,degree+betweenness+closeness+eigenvector+MCC,242,FALSE
ZFP36,4,0.006535947712418301,0,0.24305003971405878,0.004779366549019436,1,4,24.000000000000004,1.8698591153117157,Up,72,0.06521739130434782,0,0.6042872910443655,0.004779366170429396,8.165370853368498e-12,0.1348568097054616,degree+betweenness+closeness+eigenvector+MCC,243,FALSE
COL8A2,6,0.00980392156862745,0.0012556765201863884,0.21927624507345037,0.05473909827405575,0.26666666666666666,7,10,2.2339354689074673,Up,82,0.10869565217391304,0.009620937205444302,0.5002957116921652,0.0547390979144708,3.1951451165354985e-12,0.1346702797978377,degree+betweenness+closeness+eigenvector+MCC,244,FALSE
CFB,7,0.011437908496732025,2.6955895076071e-4,0.22666666666666666,0.005889865239183453,0.7142857142857143,13,241.99999999999994,-2.08313066042556,Down,33,0.13043478260869565,0.0020653485963481153,0.5326229705574541,0.005889864861015855,8.555888589833944e-11,0.13420259334181453,degree+betweenness+closeness+eigenvector+MCC,245,FALSE
LAPTM5,3,0.004901960784313725,0.003838235308628195,0.2357473035439137,0.025354637745760085,0.3333333333333333,13,3,1.943032643303976,Up,33,0.043478260869565216,0.029408386865870207,0.5723435866670828,0.025354637374997047,7.100322481189997e-13,0.13411697435564507,degree+betweenness+closeness+eigenvector+MCC,246,FALSE
CGN,5,0.008169934640522876,0,0.2362934362934363,0.007589646038925187,1,16,119.99999999999997,-1.0294173595086926,Down,32,0.08695652173913043,0,0.5747324862103558,0.0075896456614041995,4.2246918763080475e-11,0.13385573073062745,degree+betweenness+closeness+eigenvector+MCC,247,FALSE
DPT,4,0.006535947712418301,1.0696066566133435e-4,0.23103057757644394,0.04866157089356175,0.6666666666666666,7,8,2.5166156910805775,Up,82,0.06521739130434782,8.195278252295981e-4,0.5517116349680096,0.04866157053166485,2.485112868416499e-12,0.1332820249263474,degree+betweenness+closeness+eigenvector+MCC,248,FALSE
CLDN11,4,0.006535947712418301,0.0065252505803194165,0.22895622895622897,0.006620444273354611,0.5,16,7,1.920620691915124,Up,32,0.06521739130434782,0.049996177418148574,0.5426379976962068,0.0066204438954649315,2.130096744356999e-12,0.13289440206325964,degree+betweenness+closeness+eigenvector+MCC,249,FALSE
MEF2C,2,0.0032679738562091504,0.0016363553222051277,0.24028268551236748,0.03382310011033833,0,4,2,2.1111911157508336,Up,72,0.021739130434782608,0.012537681120606789,0.5921823015628269,0.033823099742796764,3.5501612405949985e-13,0.1320564425722736,degree+betweenness+closeness+eigenvector+MCC,250,FALSE
PCOLCE2,2,0.0032679738562091504,0.004784754832989524,0.23278813236972232,0.04181440795894074,0,8,2,1.2614699822515538,Up,24,0.021739130434782608,0.03666057702887145,0.5593995493928635,0.04181440759443913,3.5501612405949985e-13,0.13192273289026235,degree+betweenness+closeness+eigenvector+MCC,251,FALSE
PPP2R2C,3,0.004901960784313725,5.073539240557764e-4,0.24324324324324326,0.006146241176636989,0.3333333333333333,16,3,-1.0973982080269362,Down,32,0.043478260869565216,0.0038873230213397874,0.6051324039276911,0.006146240798566919,7.100322481189997e-13,0.13172884572357463,degree+betweenness+closeness+eigenvector+MCC,252,FALSE
GIMAP5,3,0.004901960784313725,0.0065252505803194165,0.23261117445838084,0.003490102385093084,0.3333333333333333,4,3,1.2340470525230058,Up,72,0.043478260869565216,0.049996177418148574,0.5586254982597796,0.0034901020060125972,7.100322481189997e-13,0.1311180077108432,degree+betweenness+closeness+eigenvector+MCC,253,FALSE
KLF2,2,0.0032679738562091504,8.358564831880427e-4,0.2469733656174334,0.0032936056433404,0,12,2,2.1546463142034415,Up,20,0.021739130434782608,0.006404294902577283,0.6214487439454698,0.0032936052641851644,3.5501612405949985e-13,0.130577154909474,degree+betweenness+closeness+eigenvector+MCC,254,FALSE
KCNJ2,5,0.008169934640522876,0.006479888602759679,0.22278849654168184,3.1043001550767343e-4,0.1,3,5,1.905406178187227,Up,67,0.08695652173913043,0.04964861597967218,0.5156590385310198,3.104296352176134e-4,1.4200644962379994e-12,0.13051492117729205,degree+betweenness+closeness+eigenvector+MCC,255,FALSE
ST3GAL4,2,0.0032679738562091504,0.0065252505803194165,0.23137996219281665,0.019434447582853034,0,14,2,-1.1207291989535637,Down,3,0.021739130434782608,0.049996177418148574,0.5532399167844892,0.019434447209837908,3.5501612405949985e-13,0.12888193436952267,degree+betweenness+closeness+eigenvector+MCC,256,FALSE
C7,3,0.004901960784313725,0.001091431851608564,0.2390625,0.004893287519755853,0.3333333333333333,4,3,1.7947318399207486,Up,72,0.043478260869565216,0.008362501917921603,0.5868449534258566,0.004893287141209148,7.100322481189997e-13,0.12871580067105254,degree+betweenness+closeness+eigenvector+MCC,257,FALSE
RPS6KA1,3,0.004901960784313725,4.887645898885154e-4,0.23990591924735397,0.0033030306504426214,0,11,3,-1.3938835344999454,Down,60,0.043478260869565216,0.003744892376313717,0.5905342466545683,0.0033030302712909712,7.100322481189997e-13,0.12821208603448964,degree+betweenness+closeness+eigenvector+MCC,258,FALSE
WNT2B,6,0.00980392156862745,0.005286622095087662,0.2164073550212164,7.715766174653184e-4,0.06666666666666667,9,6,1.2814892946872884,Up,24,0.10869565217391304,0.04050586149225994,0.4877465830389705,7.715762373506823e-4,1.7750806202974993e-12,0.12754393458885388,degree+betweenness+closeness+eigenvector+MCC,259,FALSE
OAS1,6,0.00980392156862745,0.002601750690991494,0.2202231018351925,0.004410645420675227,0.6666666666666667,17,36,-1.663727573642953,Down,11,0.10869565217391304,0.019934497157384868,0.5044374623702704,0.004410645041944922,1.2425564342082495e-11,0.12749565135118776,degree+betweenness+closeness+eigenvector+MCC,260,FALSE
ADAMTS5,2,0.0032679738562091504,1.5832555652588493e-5,0.24285714285714285,0.010305583300606389,0,1,2,3.191822317257202,Up,54,0.021739130434782608,1.2130833163356884e-4,0.6034435196100612,0.010305582924118567,3.5501612405949985e-13,0.12712190826019018,degree+betweenness+closeness+eigenvector+MCC,261,FALSE
C1R,7,0.011437908496732025,0,0.21935483870967742,0.0038067869905354696,1,13,5040.000000000002,2.82883146247363,Up,33,0.13043478260869565,0,0.5006394967917607,0.0038067866115754525,1.7889262491358204e-9,0.1269762135601916,degree+betweenness+closeness+eigenvector+MCC,262,FALSE
ATP1B1,3,0.004901960784313725,0.0014708568248243128,0.2372093023255814,0.0011297298141523307,0.3333333333333333,3,3,-1.120111441548092,Down,67,0.043478260869565216,0.011269639053004966,0.5787386769172914,0.001129729434173939,7.100322481189997e-13,0.1269232612549491,degree+betweenness+closeness+eigenvector+MCC,263,FALSE
ALDH2,5,0.008169934640522876,0.007542326816135978,0.21671388101983002,4.045545238314351e-4,0,3,5,1.900369879335745,Up,67,0.08695652173913043,0.05778896994124864,0.48908739224466174,4.045541435771808e-4,1.4200644962379994e-12,0.1268474876140076,degree+betweenness+closeness+eigenvector+MCC,264,FALSE
RHOB,4,0.006535947712418301,0.007300766828533716,0.22069960331770647,0.004529788181331563,0,6,4,1.893712351643254,Up,25,0.06521739130434782,0.055938148145421564,0.5065217801024364,0.0045297878026465815,1.0650483721784995e-12,0.12644142147118348,degree+betweenness+closeness+eigenvector+MCC,265,FALSE
SCIN,3,0.004901960784313725,0.003170669063847101,0.23225806451612904,0.0048214914809909925,0,13,3,1.3497458898444732,Up,33,0.043478260869565216,0.024293524225482685,0.557080921084161,0.004821491102416977,7.100322481189997e-13,0.12593483945646716,degree+betweenness+closeness+eigenvector+MCC,266,FALSE
CCL23,2,0.0032679738562091504,0,0.24161073825503357,0.008426701170210453,1,1,2,1.3230635090788576,Up,54,0.021739130434782608,0,0.5979914836585183,0.008426700793007889,3.5501612405949985e-13,0.12563146297733277,degree+betweenness+closeness+eigenvector+MCC,267,FALSE
LTBP2,4,0.006535947712418301,5.123348066384224e-4,0.22608053195419284,0.0288952529213439,0.6666666666666666,7,8,1.904867480887656,Up,82,0.06521739130434782,0.003925486320394082,0.5300590940125132,0.02889525255192774,2.485112868416499e-12,0.1256194448383336,degree+betweenness+closeness+eigenvector+MCC,268,FALSE
TNFRSF1B,2,0.0032679738562091504,0,0.2409448818897638,0.01107576791080159,1,1,2,1.1048544221093062,Up,54,0.021739130434782608,0,0.5950788878321943,0.011075767534606753,3.5501612405949985e-13,0.12557875716038774,degree+betweenness+closeness+eigenvector+MCC,269,FALSE
PRELP,6,0.00980392156862745,5.35529771154078e-5,0.21496311907270813,0.03734352286033196,0.6,7,32,3.405666002210295,Up,82,0.10869565217391304,4.103205098678242e-4,0.48142919115799326,0.037343522494129595,1.1005499845844496e-11,0.12557573726938187,degree+betweenness+closeness+eigenvector+MCC,270,FALSE
MYO5A,4,0.006535947712418301,0.013330247971889007,0.20994854202401372,1.4690977909032977e-4,0.3333333333333333,15,5,-1.4859348860770671,Down,23,0.06521739130434782,0.10213576236299175,0.45949437616694055,1.4690939873806535e-4,1.4200644962379994e-12,0.12539888784688766,degree+betweenness+closeness+eigenvector+MCC,271,FALSE
MYO5B,4,0.006535947712418301,0.00886196462441026,0.21671388101983002,0.002831323596589836,0.16666666666666666,2,4,-1.5559645117359748,Down,24,0.06521739130434782,0.06789997566862534,0.48908739224466174,0.0028313232172587446,1.0650483721784995e-12,0.12500721648719176,degree+betweenness+closeness+eigenvector+MCC,272,FALSE
PDE5A,6,0.00980392156862745,0.006182488687658424,0.21205821205821207,1.5855279391246448e-4,0.06666666666666667,3,6,1.7427452680401974,Up,67,0.10869565217391304,0.04736995116266268,0.4687225167345198,1.5855241356462917e-4,1.7750806202974993e-12,0.12498933449728707,degree+betweenness+closeness+eigenvector+MCC,273,FALSE
CCN3,2,0.0032679738562091504,0,0.23466257668711657,0.03143046829034332,1,7,2,1.1535124659635283,Up,82,0.021739130434782608,0,0.5675987631877294,0.03143046792189158,3.5501612405949985e-13,0.12415367230895172,degree+betweenness+closeness+eigenvector+MCC,274,FALSE
ROBO4,3,0.004901960784313725,0.006806800839492726,0.22417582417582418,0.0023463154250705346,0,15,3,1.1754087139558802,Up,23,0.043478260869565216,0.05215340288198133,0.5217275014724377,0.002346315045554942,7.100322481189997e-13,0.12394109605404983,degree+betweenness+closeness+eigenvector+MCC,275,FALSE
ADGRA2,4,0.006535947712418301,0.006045462513430638,0.22006472491909385,0.0022936043656861522,0.16666666666666666,9,4,2.7021383147962315,Up,24,0.06521739130434782,0.046320062758639556,0.5037446884194979,0.002293603986150508,1.0650483721784995e-12,0.12351514929394017,degree+betweenness+closeness+eigenvector+MCC,276,FALSE
BAK1,3,0.004901960784313725,2.1866727565778577e-5,0.23493282149712091,0.003915276919035585,0.6666666666666666,4,4,-1.1124070009199034,Down,72,0.043478260869565216,1.675418863193251e-4,0.5687808708415107,0.003915276540116838,1.0650483721784995e-12,0.12326839002771543,degree+betweenness+closeness+eigenvector+MCC,277,FALSE
PDE1A,6,0.00980392156862745,0.0037485336120899816,0.21428571428571427,1.8205772689255326e-4,0.5333333333333333,3,18,1.7482016687150077,Up,67,0.10869565217391304,0.028721096488339003,0.4784660801054605,1.8205734655365942e-4,6.035274109011498e-12,0.12321297722406029,degree+betweenness+closeness+eigenvector+MCC,278,FALSE
ENPP1,11,0.017973856209150325,0.005578393241023933,0.1859052247873633,4.064634604709866e-5,0.16363636363636364,3,23,1.751517578122404,Up,67,0.21739130434782608,0.042741398932266146,0.35432384827677144,4.0645965654410765e-5,7.810354729308998e-12,0.12289943950606567,degree+betweenness+closeness+eigenvector+MCC,279,FALSE
OMD,6,0.00980392156862745,0.0032891352963516107,0.20745762711864407,0.03043506369631386,0.4666666666666667,7,27.000000000000004,2.20301408540623,Up,82,0.10869565217391304,0.025201207188067884,0.4485985903255475,0.030435063327483455,9.230419225546998e-12,0.12258610260484845,degree+betweenness+closeness+eigenvector+MCC,280,FALSE
TYR,4,0.006535947712418301,0.005561360220372193,0.21998562185478074,6.418705705761245e-4,0.16666666666666666,9,4,1.5082019838468854,Up,24,0.06521739130434782,0.042610892691626163,0.5033986749742791,6.418701904121472e-4,1.0650483721784995e-12,0.12237376583234608,degree+betweenness+closeness+eigenvector+MCC,281,FALSE
KRT5,6,0.00980392156862745,0.010042829194892872,0.19954352787740462,0.011863533835861258,0.33333333333333337,16,11,-1.0924482005720506,Down,32,0.10869565217391304,0.07694770706927363,0.4139806552551082,0.011863533459966094,3.5501612405949986e-12,0.12229750959236221,degree+betweenness+closeness+eigenvector+MCC,282,FALSE
FGFBP1,2,0.0032679738562091504,0,0.2373933281613654,0.010035353222741515,1,11,2,-1.7685439085701855,Down,60,0.021739130434782608,0,0.5795436446388555,0.010035352846150895,3.5501612405949985e-13,0.12226362558402881,degree+betweenness+closeness+eigenvector+MCC,283,FALSE
SGK1,3,0.004901960784313725,0.0010525568509474408,0.23234624145785876,0.0021224675229534317,0,4,3,1.464014391704369,Up,72,0.043478260869565216,0.008064643405629955,0.5574666255781865,0.0021224671433526855,7.100322481189997e-13,0.12222639939948887,degree+betweenness+closeness+eigenvector+MCC,284,FALSE
TCF4,5,0.008169934640522876,0.0036639388659538683,0.2164839051998585,0.004302612144134291,0,4,5,1.391973854488385,Up,72,0.08695652173913043,0.028072935335843107,0.48808142962518125,0.00430261176536289,1.4200644962379994e-12,0.12148269969338754,degree+betweenness+closeness+eigenvector+MCC,285,FALSE
TNFRSF10B,3,0.004901960784313725,2.674283024721072e-6,0.23243448537789593,0.0038629067459428615,0.6666666666666666,4,4,-1.7620183260751103,Down,72,0.043478260869565216,2.04902366467822e-5,0.5578526230494197,0.003862906367004193,1.0650483721784995e-12,0.12104285610474019,degree+betweenness+closeness+eigenvector+MCC,286,FALSE
KRT17,4,0.006535947712418301,0.0049185404306382,0.21864951768488747,0.004523977512448762,0.5,16,7,-1.508981271976121,Down,32,0.06521739130434782,0.03768563628042112,0.49755427424201537,0.004523977133761569,2.130096744356999e-12,0.12099625579253517,degree+betweenness+closeness+eigenvector+MCC,287,FALSE
PLN,4,0.006535947712418301,0.002227465786097978,0.2236024844720497,4.785528716125084e-4,0.3333333333333333,3,5,1.2919613339395424,Up,67,0.06521739130434782,0.017066742995356186,0.5192195929873956,4.7855249138640366e-4,1.4200644962379994e-12,0.12039645595598122,degree+betweenness+closeness+eigenvector+MCC,288,FALSE
GGT5,3,0.004901960784313725,0.0042060001715949445,0.2239297475301866,0.002147762865138583,0,3,3,1.2084315250028368,Up,67,0.043478260869565216,0.03222618475895076,0.5206511104541595,0.0021477624855474596,7.100322481189997e-13,0.11970066371378658,degree+betweenness+closeness+eigenvector+MCC,289,FALSE
TNFRSF11B,1,0.0016339869281045752,0,0.23208191126279865,0.041741405736348415,0,7,1,2.298264102311265,Up,82,0,0,0.5563103896945037,0.041741405371819036,0,0.11961035901326456,degree+betweenness+closeness+eigenvector+MCC,290,FALSE
PLA2G7,4,0.006535947712418301,0.010414939177049807,0.20816326530612245,0.001259623377193385,0.16666666666666666,12,4,-1.9941355882878868,Down,20,0.06521739130434782,0.07979879707079685,0.4516852002116175,0.001259622997264406,1.0650483721784995e-12,0.11959220231701835,degree+betweenness+closeness+eigenvector+MCC,291,FALSE
TNN,2,0.0032679738562091504,0,0.21857142857142858,0.07562258852634339,1,7,2,1.7181510347718003,Up,82,0.021739130434782608,0,0.4972126960311507,0.07562258817470269,3.5501612405949985e-13,0.11891488292819821,degree+betweenness+closeness+eigenvector+MCC,292,FALSE
WNT2,5,0.008169934640522876,0.0023452362508608487,0.2163308589607635,7.695390642272139e-4,0,9,5,1.5062251495408727,Up,24,0.08695652173913043,0.01796909501669635,0.4874119731771048,7.695386841118027e-4,1.4200644962379994e-12,0.11862142572369268,degree+betweenness+closeness+eigenvector+MCC,293,FALSE
KRT7,2,0.0032679738562091504,1.6947370958260636e-4,0.23367697594501718,0.005940810697199858,0,11,2,-2.4313342923387866,Down,60,0.021739130434782608,0.0012984999652824077,0.56328753818848,0.0059408103190516405,3.5501612405949985e-13,0.11845319578159035,degree+betweenness+closeness+eigenvector+MCC,294,FALSE
BAMBI,5,0.008169934640522876,0.005408410534989603,0.21081639683086462,4.2973428398905317e-4,0,9,5,1.9554379543647664,Up,24,0.08695652173913043,0.04143899905898905,0.46329055567371,4.2973390374437747e-4,1.4200644962379994e-12,0.11842316207539878,degree+betweenness+closeness+eigenvector+MCC,295,FALSE
S1PR1,3,0.004901960784313725,0.0021443217454315765,0.2261640798226164,5.9550232127521e-4,0,12,3,1.1573254816399938,Up,20,0.043478260869565216,0.01642969708313381,0.5304245499660207,5.955019410935938e-4,7.100322481189997e-13,0.11818560197210466,degree+betweenness+closeness+eigenvector+MCC,296,FALSE
CIRBP,1,0.0016339869281045752,0,0.23859649122807017,0.005321116343502256,0,1,1,1.0398622605554682,Up,54,0,0,0.5848065330172698,0.005321115965118302,0,0.11802552979647762,degree+betweenness+closeness+eigenvector+MCC,297,FALSE
SULF1,2,0.0032679738562091504,0.003488973027496593,0.22270742358078602,0.026092052378394962,0,11,2,2.482167343722474,Up,60,0.021739130434782608,0.026732354925336196,0.5153044083437162,0.026092052007912443,3.5501612405949985e-13,0.11797358914242048,degree+betweenness+closeness+eigenvector+MCC,298,FALSE
GNG11,4,0.006535947712418301,6.8385237346438845e-6,0.2242579699523635,0.0011913138304447983,0.8333333333333334,10,12,1.332118715576545,Up,29,0.06521739130434782,5.239646228248591e-5,0.5220868243810678,0.0011913134504898339,3.905177364654499e-12,0.11770958512041862,degree+betweenness+closeness+eigenvector+MCC,299,FALSE
STAB1,2,0.0032679738562091504,1.1546299045401354e-4,0.2311178247734139,0.013635567511843699,0,1,2,1.1206212913735971,Up,54,0.021739130434782608,8.846722566302239e-4,0.5520932725628536,0.013635567136622631,3.5501612405949985e-13,0.11767052847824881,degree+betweenness+closeness+eigenvector+MCC,300,FALSE
CFHR1,5,0.008169934640522876,0,0.2188058634250983,0.003082514467667547,1,13,119.99999999999997,1.3658906471350356,Up,33,0.08695652173913043,0,0.49823816340213045,0.0030825140884320106,4.2246918763080475e-11,0.11765543985438794,degree+betweenness+closeness+eigenvector+MCC,301,FALSE
CD93,1,0.0016339869281045752,0,0.2372093023255814,0.007275275679083242,0,11,1,2.280364348863391,Up,60,0,0,0.5787386769172914,0.007275275301442666,0,0.11720279044374682,degree+betweenness+closeness+eigenvector+MCC,302,FALSE
ENPEP,3,0.004901960784313725,0.0045956138885731536,0.220620043258832,8.910765474172523e-4,0.3333333333333333,13,3,1.4700351300588426,Up,33,0.043478260869565216,0.03521138759197872,0.5061737676668626,8.91076167348075e-4,7.100322481189997e-13,0.11715089845929291,degree+betweenness+closeness+eigenvector+MCC,303,FALSE
PYGB,4,0.006535947712418301,0.007348898426985472,0.21052631578947367,1.9733573432652912e-4,0.3333333333333333,3,5,-1.793058024732261,Down,67,0.06521739130434782,0.05630693029500995,0.4620216801706446,1.9733535399344717e-4,1.4200644962379994e-12,0.11674866742508319,degree+betweenness+closeness+eigenvector+MCC,304,FALSE
CTSC,2,0.0032679738562091504,0,0.23234624145785876,0.0037110242192888443,1,4,2,-1.762099444374643,Down,72,0.021739130434782608,0,0.5574666255781865,0.003711023840292398,3.5501612405949985e-13,0.11658335597072331,degree+betweenness+closeness+eigenvector+MCC,305,FALSE
CTSF,2,0.0032679738562091504,0,0.23234624145785876,0.003711024219288845,1,4,2,1.393269732287446,Up,72,0.021739130434782608,0,0.5574666255781865,0.003711023840292399,3.5501612405949985e-13,0.11658335597072331,degree+betweenness+closeness+eigenvector+MCC,305,FALSE
TNFRSF10A,2,0.0032679738562091504,0,0.23234624145785876,0.0036386538492103326,1,4,2,-1.2596834716816945,Down,72,0.021739130434782608,0,0.5574666255781865,0.0036386534701863564,3.5501612405949985e-13,0.11656888189670209,degree+betweenness+closeness+eigenvector+MCC,307,FALSE
LGALS7,2,0.0032679738562091504,0,0.23234624145785876,0.0036288854722752346,1,4,2,-1.51176767354292,Down,72,0.021739130434782608,0,0.5574666255781865,0.003628885093247542,3.5501612405949985e-13,0.11656692822131434,degree+betweenness+closeness+eigenvector+MCC,308,FALSE
LGALS7B,2,0.0032679738562091504,0,0.23234624145785876,0.0036288854722752325,1,4,2,-1.51176767354292,Down,72,0.021739130434782608,0,0.5574666255781865,0.00362888509324754,3.5501612405949985e-13,0.11656692822131434,degree+betweenness+closeness+eigenvector+MCC,308,FALSE
COL13A1,2,0.0032679738562091504,0,0.22278849654168184,0.04496670871077492,1,7,2,1.3515550612047993,Up,82,0.021739130434782608,0,0.5156590385310198,0.044966708347472475,3.5501612405949985e-13,0.11647297546272599,degree+betweenness+closeness+eigenvector+MCC,310,FALSE
CSF2RB,1,0.0016339869281045752,0,0.23647604327666152,0.006284876548707708,0,1,1,1.1968657877101734,Up,54,0,0,0.5755312475723259,0.006284876170690376,0,0.11636322474860325,degree+betweenness+closeness+eigenvector+MCC,311,FALSE
ST14,3,0.004901960784313725,0.02745418953178653,0.17931438617052448,1.1880654601120467e-4,0,2,3,-1.3437591189790998,Down,24,0.043478260869565216,0.2103527694158661,0.3254941335685519,1.1880616564824955e-4,7.100322481189997e-13,0.11588879400406829,degree+betweenness+closeness+eigenvector+MCC,312,FALSE
TBX3,2,0.0032679738562091504,5.193632242061238e-4,0.23042168674698796,0.0014074979322931185,0,4,2,1.8506504751772503,Up,72,0.021739130434782608,0.003979337740712476,0.5490482183798961,0.0014074975524203922,3.5501612405949985e-13,0.11523483682163334,degree+betweenness+closeness+eigenvector+MCC,313,FALSE
GDA,3,0.004901960784313725,0.011601348055312696,0.2057142857142857,2.2791894954371874e-4,0,15,3,-1.5347912604284888,Down,23,0.043478260869565216,0.08888900870910521,0.44097284825408034,2.2791856922227088e-4,7.100322481189997e-13,0.11471360728053659,degree+betweenness+closeness+eigenvector+MCC,314,FALSE
STRA6,3,0.004901960784313725,0.008851579340560568,0.21016483516483517,1.4682906128276514e-4,0,3,3,-1.1893263273135766,Down,67,0.043478260869565216,0.0678204040893433,0.4604404878692201,1.4682868093047002e-4,7.100322481189997e-13,0.11437719630195382,degree+betweenness+closeness+eigenvector+MCC,315,FALSE
ANTXR1,1,0.0016339869281045752,0,0.23103057757644394,0.01940052696978672,0,7,1,2.154533944635362,Up,82,0,0,0.5517116349680096,0.01940052659675869,0,0.11422243231295366,degree+betweenness+closeness+eigenvector+MCC,316,FALSE
SVEP1,1,0.0016339869281045752,0,0.23103057757644394,0.019400526969786724,0,7,1,3.9241423881122257,Up,82,0,0,0.5517116349680096,0.019400526596758692,0,0.11422243231295366,degree+betweenness+closeness+eigenvector+MCC,316,FALSE
ABCA6,2,0.0032679738562091504,0.0032679738562091504,0.22434017595307917,0.0018865995910943528,0,4,2,2.0507156404046496,Up,72,0.021739130434782608,0.02503906918236785,0.5224464107229153,0.0018865992114038806,3.5501612405949985e-13,0.11422224191036494,degree+betweenness+closeness+eigenvector+MCC,318,FALSE
LEPR,3,0.004901960784313725,0.0032679738562091504,0.21841541755888652,0.002680422986760008,0.3333333333333333,1,3,1.840020367218118,Up,54,0.043478260869565216,0.02503906918236785,0.49653027104027975,0.0026804226073715125,7.100322481189997e-13,0.11354560474005888,degree+betweenness+closeness+eigenvector+MCC,319,FALSE
NFATC4,2,0.0032679738562091504,0.003631233754882911,0.22262640960349217,3.931477147480277e-4,0,11,2,1.562635288929445,Up,60,0.021739130434782608,0.027822350240993953,0.5149500361630968,3.931473344894342e-4,3.5501612405949985e-13,0.11298093283474357,degree+betweenness+closeness+eigenvector+MCC,320,FALSE
INPP4B,1,0.0016339869281045752,0,0.23234624145785876,0.006281686827897055,0,11,1,-1.2676448988670217,Down,60,0,0,0.5574666255781865,0.006281686449878509,0,0.11274966240561299,degree+betweenness+closeness+eigenvector+MCC,321,FALSE
ZFPM2,1,0.0016339869281045752,0,0.23234624145785876,0.0062816868278970555,0,11,1,1.7605396553288228,Up,60,0,0,0.5574666255781865,0.00628168644987851,0,0.11274966240561299,degree+betweenness+closeness+eigenvector+MCC,321,FALSE
SAMD9,5,0.008169934640522876,0.009773613027680613,0.19584,7.980311857167759e-4,0.5,17,13,-1.9904988943763895,Down,11,0.08695652173913043,0.0748849848651067,0.39778064516129025,7.980308056122034e-4,4.260193488713998e-12,0.11208403651507995,degree+betweenness+closeness+eigenvector+MCC,323,FALSE
PODXL,3,0.004901960784313725,0.0030384169792425962,0.21671388101983002,0.004406910614708014,0,11,3,1.1723541472451249,Up,60,0.043478260869565216,0.02328021468212977,0.48908739224466174,0.004406910235976288,7.100322481189997e-13,0.11205055560660859,degree+betweenness+closeness+eigenvector+MCC,324,FALSE
FOLH1,3,0.004901960784313725,0.013023758330391622,0.2001308044473512,1.9826149366236034e-4,0,5,3,-1.0440552035934898,Down,30,0.043478260869565216,0.09978745246982933,0.4165495265248621,1.9826111332963054e-4,7.100322481189997e-13,0.11200270019565925,degree+betweenness+closeness+eigenvector+MCC,325,FALSE
DAB2,2,0.0032679738562091504,8.887532664554559e-4,0.225414364640884,9.234379786704562e-4,0,11,2,1.5972102761819214,Up,60,0.021739130434782608,0.0068095876845990725,0.5271451380340482,9.234375986135895e-4,3.5501612405949985e-13,0.11132345875047969,degree+betweenness+closeness+eigenvector+MCC,326,FALSE
TFAP2B,2,0.0032679738562091504,3.3771832200216493e-4,0.22583025830258302,0.0033219477919705404,0,4,2,2.2803750822330295,Up,72,0.021739130434782608,0.0025875826432022095,0.528964344407135,0.0033219474128260863,3.5501612405949985e-13,0.11132260097966021,degree+betweenness+closeness+eigenvector+MCC,327,FALSE
NECTIN1,3,0.004901960784313725,0.0013689889785619383,0.21888412017167383,0.002601146249219257,0,6,3,-1.1727496085481848,Down,25,0.043478260869565216,0.01048913218169811,0.4985804748755143,0.0026011458698006044,7.100322481189997e-13,0.11102980275945766,degree+betweenness+closeness+eigenvector+MCC,328,FALSE
PLXND1,3,0.004901960784313725,0.00616712057063946,0.21081639683086462,3.894587992340833e-4,0,15,3,1.833744456011961,Up,23,0.043478260869565216,0.04725220133901907,0.46329055567371,3.8945841897408646e-4,7.100322481189997e-13,0.11088209526039568,degree+betweenness+closeness+eigenvector+MCC,329,FALSE
FZD4,7,0.011437908496732025,0.0040180949309925424,0.1946564885496183,2.3469255737410682e-4,0.047619047619047616,9,7,1.1116943433423767,Up,24,0.13043478260869565,0.030786463229283814,0.39260371708703257,2.346921770552357e-4,2.130096744356999e-12,0.11081193102083946,degree+betweenness+closeness+eigenvector+MCC,330,FALSE
CITED2,2,0.0032679738562091504,2.54514089041955e-4,0.225414364640884,0.00202197525443838,0,4,2,2.069291579368091,Up,72,0.021739130434782608,0.001950075540323106,0.5271451380340482,0.002021974874799406,3.5501612405949985e-13,0.11057126377686166,degree+betweenness+closeness+eigenvector+MCC,331,FALSE
MYOC,2,0.0032679738562091504,7.867222912341317e-4,0.22006472491909385,0.02117688041789232,0,11,2,3.566330494654019,Up,60,0.021739130434782608,0.006027830926521845,0.5037446884194979,0.02117688004554003,3.5501612405949985e-13,0.11053770596533949,degree+betweenness+closeness+eigenvector+MCC,332,FALSE
MYH14,4,0.006535947712418301,0,0.2139112198531982,0.009165337210263714,1,5,24.000000000000004,-1.2736886554334896,Down,30,0.06521739130434782,0,0.4768279626704999,0.009165336833342133,8.165370853368498e-12,0.11024213816327104,degree+betweenness+closeness+eigenvector+MCC,333,FALSE
AOX1,8,0.013071895424836602,0.007417089848125417,0.18301435406698566,1.4336690382499119e-5,0.14285714285714285,3,11,1.565366695410531,Up,67,0.15217391304347827,0.05682940990674947,0.34167857155676484,1.4336309979802814e-5,3.5501612405949986e-12,0.1101392461641045,degree+betweenness+closeness+eigenvector+MCC,334,FALSE
SERPINF1,3,0.004901960784313725,1.0627733841659522e-4,0.21748400852878466,0.008487683555710217,0,1,3,2.418833545935062,Up,54,0.043478260869565216,8.142922025141007e-4,0.492456091990304,0.008487683178530851,7.100322481189997e-13,0.10904726564832483,degree+betweenness+closeness+eigenvector+MCC,335,FALSE
DSC2,3,0.004901960784313725,0.0011457382396821564,0.21709826179496275,4.6043148677049226e-4,0.6666666666666666,16,4,-1.1578090623299395,Down,32,0.043478260869565216,0.008778595028775477,0.4907687546221426,4.60431106537494e-4,1.0650483721784995e-12,0.10869720832561716,degree+betweenness+closeness+eigenvector+MCC,336,FALSE
DSG2,3,0.004901960784313725,0.0011457382396821564,0.21709826179496275,4.604314867704881e-4,0.6666666666666666,16,4,-2.374230907894894,Down,32,0.043478260869565216,0.008778595028775477,0.4907687546221426,4.6043110653748985e-4,1.0650483721784995e-12,0.10869720832561716,degree+betweenness+closeness+eigenvector+MCC,336,FALSE
NEXN,2,0.0032679738562091504,0.006648530329802949,0.2118380062305296,0.0029329274180496094,0,2,2,2.1771309995973818,Up,24,0.021739130434782608,0.05094074133203614,0.4677592901167486,0.002932927038757169,3.5501612405949985e-13,0.1086744177845359,degree+betweenness+closeness+eigenvector+MCC,338,FALSE
MACC1,1,0.0016339869281045752,0,0.22700296735905046,0.00922935197474537,0,11,1,-2.6828806474266775,Down,60,0,0,0.5340940205377754,0.009229351597848141,0,0.10866467442712471,degree+betweenness+closeness+eigenvector+MCC,339,FALSE
BMPER,3,0.004901960784313725,0,0.21771611526147278,0.006091042048922783,1,6,6,1.8448713802820456,Up,25,0.043478260869565216,0,0.49347137567031385,0.006091041670831715,1.7750806202974993e-12,0.10860813564249719,degree+betweenness+closeness+eigenvector+MCC,340,FALSE
GREM2,3,0.004901960784313725,0,0.21771611526147278,0.006091042048922788,1,6,6,1.1965874677183077,Up,25,0.043478260869565216,0,0.49347137567031385,0.00609104167083172,1.7750806202974993e-12,0.10860813564249719,degree+betweenness+closeness+eigenvector+MCC,340,FALSE
MTNR1A,2,0.0032679738562091504,0,0.2236024844720497,8.36906285137623e-4,1,10,2,-1.465966340277192,Down,29,0.021739130434782608,0,0.5192195929873956,8.369059050478388e-4,3.5501612405949985e-13,0.10835912586551621,degree+betweenness+closeness+eigenvector+MCC,342,FALSE
PTGER2,2,0.0032679738562091504,0,0.2236024844720497,8.369062851376221e-4,1,10,2,1.454858272381253,Up,29,0.021739130434782608,0,0.5192195929873956,8.369059050478379e-4,3.5501612405949985e-13,0.10835912586551621,degree+betweenness+closeness+eigenvector+MCC,342,FALSE
DEPTOR,3,0.004901960784313725,9.850805459746417e-4,0.21617802896503002,2.478327195123488e-4,0,4,3,1.52235487814393,Up,72,0.043478260869565216,0.007547642981904307,0.4867434626229853,2.478323391984763e-4,7.100322481189997e-13,0.10760343976287265,degree+betweenness+closeness+eigenvector+MCC,344,FALSE
IL11RA,3,0.004901960784313725,0.006530599146368859,0.20495646349631613,4.272781881411112e-4,0,11,3,1.4036982176569852,Up,60,0.043478260869565216,0.050037157891442134,0.4376579744400266,4.272778078955012e-4,7.100322481189997e-13,0.1063201342019279,degree+betweenness+closeness+eigenvector+MCC,345,FALSE
PDE3A,5,0.008169934640522876,0.002082834980939367,0.20264900662251656,7.013600101801813e-5,0.2,3,6,1.7171289727694918,Up,67,0.08695652173913043,0.01595858825005817,0.42756467262510994,7.013562063654833e-5,1.7750806202974993e-12,0.10610998364734203,degree+betweenness+closeness+eigenvector+MCC,346,FALSE
CPA3,4,0.006535947712418301,0.007055199664039695,0.1987658330626827,1.8239663349970664e-4,0.16666666666666666,13,4,1.9929389358961211,Up,33,0.06521739130434782,0.05405662353989235,0.4105788545220099,1.823962531609417e-4,1.0650483721784995e-12,0.10600705312409522,degree+betweenness+closeness+eigenvector+MCC,347,FALSE
ALDH3A1,4,0.006535947712418301,0.003334197584418453,0.20516258799865908,2.7197815865544607e-4,0.5,3,7,1.8936265299310264,Up,67,0.06521739130434782,0.025546472419084847,0.43855960637829594,2.7197777835075864e-4,2.130096744356999e-12,0.10591908957644189,degree+betweenness+closeness+eigenvector+MCC,348,FALSE
DUOX1,2,0.0032679738562091504,1.1778119080504767e-4,0.2202231018351925,0.002259865763493579,0,15,2,-1.1205074205115313,Down,23,0.021739130434782608,9.024342037944725e-4,0.5044374623702704,0.0022598653839451003,3.5501612405949985e-13,0.10586777847862952,degree+betweenness+closeness+eigenvector+MCC,349,FALSE
ANGPTL2,2,0.0032679738562091504,0,0.21974865350089767,0.0042426782720202064,1,11,2,1.9714229143202813,Up,60,0.021739130434782608,0,0.5023621255403617,0.004242677893226006,3.5501612405949985e-13,0.10566878677374507,degree+betweenness+closeness+eigenvector+MCC,350,FALSE
BST1,4,0.006535947712418301,0.00692149771509439,0.19818652849740934,9.187895962156871e-5,0,3,4,1.5312018858052951,Up,67,0.06521739130434782,0.05303220520095793,0.4080448544778682,9.187857924837011e-5,1.0650483721784995e-12,0.10527726591269748,degree+betweenness+closeness+eigenvector+MCC,351,FALSE
LPAR6,4,0.006535947712418301,0.0036815160263812576,0.20372836218375498,4.146968810265826e-4,0.3333333333333333,10,5,1.0603349716644406,Up,29,0.06521739130434782,0.028207610751050226,0.43228600092766195,4.1469650077618657e-4,1.4200644962379994e-12,0.10522513989705126,degree+betweenness+closeness+eigenvector+MCC,352,FALSE
LLGL2,2,0.0032679738562091504,0.0065252505803194165,0.20866007500852368,5.11427095812465e-4,0,16,2,-1.033205823163584,Down,32,0.021739130434782608,0.049996177418148574,0.4538583503700677,5.114267155988659e-4,3.5501612405949985e-13,0.10522101698779056,degree+betweenness+closeness+eigenvector+MCC,353,FALSE
EBF1,3,0.004901960784313725,0.006530599146368859,0.20359281437125748,3.620989841399783e-4,0,4,3,3.1386924996188936,Up,72,0.043478260869565216,0.050037157891442134,0.4316930862788884,3.6209860386957364e-4,7.100322481189997e-13,0.10511412072889507,degree+betweenness+closeness+eigenvector+MCC,354,FALSE
SOX17,2,0.0032679738562091504,0.0030618069607546254,0.21406086044071354,0.002734329750323493,0,15,2,1.431614992551162,Up,23,0.021739130434782608,0.023459427671897497,0.47748252208207703,0.0027343293709555043,3.5501612405949985e-13,0.10508308191201354,degree+betweenness+closeness+eigenvector+MCC,355,FALSE
RUNX3,1,0.0016339869281045752,0,0.22417582417582418,0.0018833124838187666,0,4,1,1.359598155967903,Up,72,0,0,0.5217275014724377,0.001883312104127044,0,0.10472216271531296,degree+betweenness+closeness+eigenvector+MCC,356,FALSE
TRIM63,1,0.0016339869281045752,0,0.22417582417582418,0.0018833124838187664,0,4,1,1.059197130176492,Up,72,0,0,0.5217275014724377,0.0018833121041270438,0,0.10472216271531296,degree+betweenness+closeness+eigenvector+MCC,356,FALSE
DLC1,4,0.006535947712418301,0.007438352101588548,0.19646869983948637,3.725052352253162e-4,0,8,4,2.185836257393701,Up,24,0.06521739130434782,0.056992320339593006,0.40053071052674893,3.725048549588701e-4,1.0650483721784995e-12,0.10462258540534272,degree+betweenness+closeness+eigenvector+MCC,358,FALSE
KCNQ5,3,0.004901960784313725,0.0035557708589105974,0.20809248554913296,1.5930931826645125e-4,0,3,3,1.1504582120242717,Up,67,0.043478260869565216,0.02724415691507046,0.45137559466371185,1.5930893791890374e-4,7.100322481189997e-13,0.1044514642773953,degree+betweenness+closeness+eigenvector+MCC,359,FALSE
SV2A,2,0.0032679738562091504,3.34285378090134e-7,0.2083758937691522,0.04786522340986158,0,7,2,1.3278151519073669,Up,82,0.021739130434782608,2.561279580847775e-6,0.45261528184225147,0.047865223047661755,3.5501612405949985e-13,0.10444443932092635,degree+betweenness+closeness+eigenvector+MCC,360,FALSE
KMO,3,0.004901960784313725,0.005717255820129273,0.204,8.648071769784328e-4,0.3333333333333333,1,3,-2.297160988535645,Down,54,0.043478260869565216,0.043805357788134706,0.43347420188380426,8.648067968992624e-4,7.100322481189997e-13,0.1043245254678227,degree+betweenness+closeness+eigenvector+MCC,361,FALSE
MAPKAPK3,1,0.0016339869281045752,0,0.22343921139101863,0.001809783526716742,0,4,1,-1.005629422251638,Down,72,0,0,0.5185054021811405,0.0018097831469970484,0,0.10406303706562751,degree+betweenness+closeness+eigenvector+MCC,362,FALSE
SCN4B,4,0.006535947712418301,0.0042044110006644155,0.20144832126398945,5.022086511073529e-5,0.16666666666666666,3,4,1.0921634777897422,Up,67,0.06521739130434782,0.03221400860252389,0.4223126222635316,5.0220484721689616e-5,1.0650483721784995e-12,0.103958848531238,degree+betweenness+closeness+eigenvector+MCC,363,FALSE
NTRK3,2,0.0032679738562091504,0,0.21748400852878466,0.0037556568515039793,1,11,2,1.9512518043384155,Up,60,0.021739130434782608,0,0.492456091990304,0.0037556564725245117,3.5501612405949985e-13,0.10359017577959324,degree+betweenness+closeness+eigenvector+MCC,364,FALSE
ADGRD1,2,0.0032679738562091504,0.0032679738562091504,0.21235253296322,4.1468590799541814e-4,0,10,2,2.093237384043692,Up,29,0.021739130434782608,0.02503906918236785,0.4700099382930396,4.146855277450179e-4,3.5501612405949985e-13,0.10344056468765803,degree+betweenness+closeness+eigenvector+MCC,365,FALSE
TMOD3,3,0.004901960784313725,0.002230206020023667,0.20901639344262296,8.351615239577531e-4,0,13,3,-1.0311362479770798,Down,33,0.043478260869565216,0.01708773854484959,0.4554169621640383,8.351611438673053e-4,7.100322481189997e-13,0.10336362454460608,degree+betweenness+closeness+eigenvector+MCC,366,FALSE
IRF6,3,0.004901960784313725,5.030695319340301e-4,0.2115451088835119,4.5546264540058027e-4,0,6,3,-1.4815140083887393,Down,25,0.043478260869565216,0.0038544962009731034,0.46647809550037,4.554622651656919e-4,7.100322481189997e-13,0.10285326296735679,degree+betweenness+closeness+eigenvector+MCC,367,FALSE
PRSS3,3,0.004901960784313725,0.0032679738562091504,0.20536912751677852,0.0013498812068938838,0.3333333333333333,10,3,-1.595199878820169,Down,29,0.043478260869565216,0.02503906918236785,0.4394630536828838,0.0013498808269992396,7.100322481189997e-13,0.10186605291250524,degree+betweenness+closeness+eigenvector+MCC,368,FALSE
EPS8,4,0.006535947712418301,0.007583749734695439,0.19281663516068054,2.736895629258494e-4,0,8,4,1.1761789357159902,Up,24,0.06521739130434782,0.0581063504862537,0.3845558112905669,2.7368918262181305e-4,1.0650483721784995e-12,0.10163064845297105,degree+betweenness+closeness+eigenvector+MCC,369,FALSE
PLP1,2,0.0032679738562091504,0.007174803314201869,0.20291777188328913,2.476041118579248e-4,0,2,2,3.024768575554977,Up,24,0.021739130434782608,0.054973021345579916,0.4287403084192799,2.476037315439653e-4,3.5501612405949985e-13,0.10114001278630828,degree+betweenness+closeness+eigenvector+MCC,370,FALSE
LRP4,2,0.0032679738562091504,0.0011493942437751056,0.21169145624351435,0.006505250990773532,0,9,2,1.8315169404433984,Up,24,0.021739130434782608,0.008806607168236275,0.4671182496419677,0.006505250612840033,3.5501612405949985e-13,0.10083384757163634,degree+betweenness+closeness+eigenvector+MCC,371,FALSE
ADAMTS1,2,0.0032679738562091504,4.090524396034885e-5,0.21406086044071354,0.0033970447502368133,0,7,2,1.9135922366160445,Up,82,0.021739130434782608,3.134141454341117e-4,0.47748252208207703,0.0033970443711209266,3.5501612405949985e-13,0.10058642220675393,degree+betweenness+closeness+eigenvector+MCC,372,FALSE
PITX2,2,0.0032679738562091504,7.060353310768321e-4,0.2126476719944406,0.002742897007101235,0,6,2,2.4010265185764146,Up,25,0.021739130434782608,0.005409611055008809,0.4713009385077333,0.0027428966277365054,3.5501612405949985e-13,0.10023851532512325,degree+betweenness+closeness+eigenvector+MCC,373,FALSE
SLC8A1,3,0.004901960784313725,3.2157510008112736e-4,0.20823409322898945,1.388489195131375e-4,0.6666666666666666,3,4,1.3563742147491418,Up,67,0.043478260869565216,0.0024638940005470133,0.4519950164472047,1.3884853915780665e-4,1.0650483721784995e-12,0.09961520397150794,degree+betweenness+closeness+eigenvector+MCC,374,FALSE
NRG1,3,0.004901960784313725,0,0.20759837177747625,0.005115110611468485,1,11,6,-1.711016219793212,Down,60,0.043478260869565216,0,0.4492142370735153,0.005115110233006165,1.7750806202974993e-12,0.09956152163557236,degree+betweenness+closeness+eigenvector+MCC,375,FALSE
PGM5,5,0.008169934640522876,0.004231614291613882,0.19107087105838277,0.001130318562660176,0.4,3,8,1.506894784331414,Up,67,0.08695652173913043,0.032422438998249856,0.37691947182861907,0.0011303181826820084,2.485112868416499e-12,0.0994857501502333,degree+betweenness+closeness+eigenvector+MCC,376,FALSE
PKP1,4,0.006535947712418301,0.00156836372611235,0.1998693664271718,0.004051268672492243,0.3333333333333333,16,4,-1.3792066785200632,Down,32,0.06521739130434782,0.012016732559420467,0.41540594162257094,0.004051268293625228,1.0650483721784995e-12,0.0993382667562059,degree+betweenness+closeness+eigenvector+MCC,377,FALSE
LDB3,4,0.006535947712418301,0.010155186190882827,0.18545454545454546,0.0011526577022293136,0,2,4,1.2876763870503505,Up,24,0.06521739130434782,0.07780858133556258,0.35235248205990893,0.001152657322259644,1.0650483721784995e-12,0.0993062224046288,degree+betweenness+closeness+eigenvector+MCC,378,FALSE
KCNN4,2,0.0032679738562091504,0.0032679738562091504,0.20766881574482524,1.4632891669925287e-4,0,3,2,-1.0842017917222675,Down,67,0.021739130434782608,0.02503906918236785,0.4495223738068891,1.463285363467675e-4,3.5501612405949985e-13,0.09928938039214827,degree+betweenness+closeness+eigenvector+MCC,379,FALSE
ADRA2A,2,0.0032679738562091504,1.8301649460094756e-4,0.2126476719944406,4.512614209295073e-4,0,10,2,2.0389829553586285,Up,29,0.021739130434782608,0.001402264176967239,0.4713009385077333,4.512610406930207e-4,3.5501612405949985e-13,0.09897871883210624,degree+betweenness+closeness+eigenvector+MCC,380,FALSE
LDB2,3,0.004901960784313725,0.006530599146368859,0.19646869983948637,1.3771893629345818e-4,0,13,3,3.0771087572166422,Up,33,0.043478260869565216,0.050037157891442134,0.40053071052674893,1.3771855593769751e-4,7.100322481189997e-13,0.0988367695688808,degree+betweenness+closeness+eigenvector+MCC,381,FALSE
SPOCK1,1,0.0016339869281045752,0,0.21496311907270813,0.012029941320556611,0,7,1,1.515087063364513,Up,82,0,0,0.48142919115799326,0.01202994094472475,0,0.09869182642054361,degree+betweenness+closeness+eigenvector+MCC,382,FALSE
DPYSL2,5,0.008169934640522876,0.007845060400191424,0.1836734693877551,1.1495199803176182e-5,0,15,5,1.13483462802893,Up,23,0.08695652173913043,0.06010850109067573,0.34456168063624554,1.1494819399398951e-5,1.4200644962379994e-12,0.09832763965737423,degree+betweenness+closeness+eigenvector+MCC,383,FALSE
ZBTB16,3,0.004901960784313725,0.0017334983280298355,0.2042042042042042,2.3646513565372246e-4,0,5,3,1.3246349999006926,Up,30,0.043478260869565216,0.013281986476295762,0.4343674340340174,2.3646475533552563e-4,7.100322481189997e-13,0.09827282922718479,degree+betweenness+closeness+eigenvector+MCC,384,FALSE
PPP1R15A,2,0.0032679738562091504,0.003267973856209151,0.20592193808882908,3.2954851794533553e-4,0,4,2,1.7710437799228955,Up,72,0.021739130434782608,0.025039069182367854,0.4418811634267921,3.2954813766254834e-4,3.5501612405949985e-13,0.09779778223639203,degree+betweenness+closeness+eigenvector+MCC,385,FALSE
CCNA1,3,0.004901960784313725,2.674283024721072e-6,0.20661715057393654,4.414931504328794e-4,0.6666666666666666,4,4,-2.342034492939548,Down,72,0.043478260869565216,2.04902366467822e-5,0.44492216909730475,4.414927701926769e-4,1.0650483721784995e-12,0.09777248259495488,degree+betweenness+closeness+eigenvector+MCC,386,FALSE
GHR,1,0.0016339869281045752,0,0.2157968970380818,0.002291898609518273,0,1,1,1.5682487664910738,Up,54,0,0,0.4850763113909648,0.00229189822998198,0,0.09747364192418936,degree+betweenness+closeness+eigenvector+MCC,387,FALSE
TMPRSS2,3,0.004901960784313725,0.0032679738562091504,0.19980411361410383,2.0653657571986512e-4,0.3333333333333333,5,3,-1.7315739545797406,Down,30,0.043478260869565216,0.02503906918236785,0.4151205120901512,2.0653619539028322e-4,7.100322481189997e-13,0.09676887566763692,degree+betweenness+closeness+eigenvector+MCC,388,FALSE
ALDH1A3,6,0.00980392156862745,0.0035699358619877266,0.18400481058328322,9.30421170047314e-6,0.26666666666666666,3,9,-2.3315323062646787,Down,67,0.10869565217391304,0.02735268853362757,0.3460110367339279,9.303831295862439e-6,2.840128992475999e-12,0.09641373625512091,degree+betweenness+closeness+eigenvector+MCC,389,FALSE
P3H2,1,0.0016339869281045752,0,0.20689655172413793,0.03466213682051531,0,7,1,-1.1023659915421682,Down,82,0,0,0.44614432850944313,0.03466213645329292,0,0.0961612929925472,degree+betweenness+closeness+eigenvector+MCC,390,FALSE
MS4A4A,1,0.0016339869281045752,0,0.21428571428571427,0.0016056261912870719,0,1,1,2.6045598168869137,Up,54,0,0,0.4784660801054605,0.0016056258114897151,0,0.09601434118339004,degree+betweenness+closeness+eigenvector+MCC,391,FALSE
MS4A7,1,0.0016339869281045752,0,0.21428571428571427,0.0016056261912870714,0,1,1,1.952279070354206,Up,54,0,0,0.4784660801054605,0.0016056258114897147,0,0.09601434118339004,degree+betweenness+closeness+eigenvector+MCC,391,FALSE
USP53,1,0.0016339869281045752,0,0.21436077057793346,7.553866697932672e-4,0,16,1,1.4724077551401835,Up,32,0,0,0.4787943921181697,7.553862896724724e-4,0,0.09590995568156843,degree+betweenness+closeness+eigenvector+MCC,393,FALSE
CDO1,1,0.0016339869281045752,0,0.213986013986014,0.0021380247394461923,0,3,1,4.306339684341703,Up,67,0,0,0.47715512794282494,0.0021380243598513645,0,0.09585863046053526,degree+betweenness+closeness+eigenvector+MCC,394,FALSE
PDE7B,3,0.004901960784313725,0.0010609601805838832,0.20251489080079418,6.777810742723323e-5,0,3,3,1.6398365268175883,Up,67,0.043478260869565216,0.008129029340581465,0.4269780218052528,6.777772704486648e-5,7.100322481189997e-13,0.09573061794863087,degree+betweenness+closeness+eigenvector+MCC,395,FALSE
GMPR,6,0.00980392156862745,0.002793499370258293,0.18439288942452545,2.8304233342279955e-5,0.33333333333333337,3,11,1.552862316986371,Up,67,0.10869565217391304,0.021403666941796316,0.34770857523058074,2.8303852944897017e-5,3.5501612405949986e-12,0.09556723964055704,degree+betweenness+closeness+eigenvector+MCC,396,FALSE
GJC1,1,0.0016339869281045752,0,0.21406086044071354,2.7210677986195576e-4,0,16,1,1.0484314317864776,Up,32,0,0,0.47748252208207703,2.721063995573173e-4,0,0.09555092569632687,degree+betweenness+closeness+eigenvector+MCC,397,FALSE
PBX1,2,0.0032679738562091504,0.0032679738562091504,0.20305242203052423,3.882572406209167e-4,0,4,2,1.3580600474442868,Up,72,0.021739130434782608,0.02503906918236785,0.42932929649134255,3.8825686036046285e-4,3.5501612405949985e-13,0.0952991505938417,degree+betweenness+closeness+eigenvector+MCC,398,FALSE
MGLL,5,0.008169934640522876,0.0034840717516239645,0.18755746245786087,1.681673292193573e-4,0.4,12,9,1.0767058999492445,Up,20,0.08695652173913043,0.02669480156932527,0.3615510834496856,1.6816694887517944e-4,2.840128992475999e-12,0.09507411474197132,degree+betweenness+closeness+eigenvector+MCC,399,FALSE
GYPC,2,0.0032679738562091504,0.004219549608341442,0.20078740157480315,5.169019604792913e-4,0,8,2,1.606525142188196,Up,24,0.021739130434782608,0.032329999935878526,0.4194216204969878,5.16901580267775e-4,3.5501612405949985e-13,0.09480153048965434,degree+betweenness+closeness+eigenvector+MCC,400,FALSE
MGP,1,0.0016339869281045752,0,0.2125,0.0027293848140382735,0,6,1,3.455881348458309,Up,25,0,0,0.470654990136423,0.0027293844346684038,0,0.09467687491421828,degree+betweenness+closeness+eigenvector+MCC,401,FALSE
TGFBR3,1,0.0016339869281045752,0,0.2125,0.002729384814038275,0,6,1,2.504434723843268,Up,25,0,0,0.470654990136423,0.002729384434668405,0,0.09467687491421828,degree+betweenness+closeness+eigenvector+MCC,401,FALSE
CACNA2D1,3,0.004901960784313725,0.0032679738562091504,0.19729206963249515,5.069500257326925e-5,0.3333333333333333,3,3,2.043027679470766,Up,67,0.043478260869565216,0.02503906918236785,0.40413230322409743,5.0694622184403946e-5,7.100322481189997e-13,0.09454006557978498,degree+betweenness+closeness+eigenvector+MCC,403,FALSE
ALDH4A1,3,0.004901960784313725,8.061013410480526e-4,0.20151465261771484,1.2912443701004888e-4,0,3,3,1.0236247090092825,Up,67,0.043478260869565216,0.006176312337429517,0.42260276955969317,0.00012912405665101877,7.100322481189997e-13,0.09447729336480978,degree+betweenness+closeness+eigenvector+MCC,404,FALSE
PKD2,1,0.0016339869281045752,0,0.21242624088858036,0.0014578027020892333,0,13,1,1.0024523869447712,Up,33,0,0,0.4703323522654354,0.0014578023222356433,0,0.09435803091753421,degree+betweenness+closeness+eigenvector+MCC,405,FALSE
ADGRF1,1,0.0016339869281045752,0,0.21220527045769763,4.139633820966079e-4,0,10,1,-2.075467641990329,Down,29,0,0,0.46936578111240707,4.139630018459328e-4,0,0.0939559488228506,degree+betweenness+closeness+eigenvector+MCC,406,FALSE
ADM,1,0.0016339869281045752,0,0.21220527045769763,4.139633820966085e-4,0,10,1,2.1402145571387763,Up,29,0,0,0.46936578111240707,4.1396300184593345e-4,0,0.0939559488228506,degree+betweenness+closeness+eigenvector+MCC,406,FALSE
GPR183,1,0.0016339869281045752,0,0.21220527045769763,4.13963382096608e-4,0,10,1,2.131333958482651,Up,29,0,0,0.46936578111240707,4.139630018459329e-4,0,0.0939559488228506,degree+betweenness+closeness+eigenvector+MCC,406,FALSE
KCTD12,1,0.0016339869281045752,0,0.21220527045769763,4.139633820966081e-4,0,10,1,2.0295125536896705,Up,29,0,0,0.46936578111240707,4.13963001845933e-4,0,0.0939559488228506,degree+betweenness+closeness+eigenvector+MCC,406,FALSE
ZEB2,2,0.0032679738562091504,0,0.20689655172413793,0.0011247628573447185,1,4,2,2.8259952082917517,Up,72,0.021739130434782608,0,0.44614432850944313,0.0011247624773644375,3.5501612405949985e-13,0.09380164428438903,degree+betweenness+closeness+eigenvector+MCC,410,FALSE
E2F5,2,0.0032679738562091504,0,0.20654741815727304,4.244845329200719e-4,1,4,2,-1.0619315564170249,Down,72,0.021739130434782608,0,0.44461714483632725,4.2448415267339913e-4,3.5501612405949985e-13,0.09335615188482764,degree+betweenness+closeness+eigenvector+MCC,411,FALSE
WEE1,2,0.0032679738562091504,0,0.20654741815727304,4.2448453292007074e-4,1,4,2,1.0088689470450811,Up,72,0.021739130434782608,0,0.44461714483632725,4.24484152673398e-4,3.5501612405949985e-13,0.09335615188482764,degree+betweenness+closeness+eigenvector+MCC,411,FALSE
SAMD9L,4,0.006535947712418301,7.131421399256194e-6,0.1956521739130435,6.445079804323368e-4,0.8333333333333334,17,12,-1.3294025283003847,Down,11,0.06521739130434782,5.464063105808588e-5,0.39695905434159057,6.445076002693628e-4,3.905177364654499e-12,0.0925751187762342,degree+betweenness+closeness+eigenvector+MCC,413,FALSE
HERC5,4,0.006535947712418301,0,0.1954647077610987,8.032650523531288e-4,1,17,24.000000000000004,1.229647636310924,Up,11,0.06521739130434782,0,0.39613903795335614,8.032646722505473e-4,8.165370853368498e-12,0.09243193878762399,degree+betweenness+closeness+eigenvector+MCC,414,FALSE
IFI27,4,0.006535947712418301,0,0.1954647077610987,8.032650523531391e-4,1,17,24.000000000000004,-1.375575146876482,Down,11,0.06521739130434782,0,0.39613903795335614,8.032646722505576e-4,8.165370853368498e-12,0.09243193878762399,degree+betweenness+closeness+eigenvector+MCC,414,FALSE
ARPC1A,1,0.0016339869281045752,0,0.20966084275436794,0.0028848138652257313,0,13,1,-1.18470827779176,Down,33,0,0,0.458235919034572,0.002884813485914988,0,0.0922241465040974,degree+betweenness+closeness+eigenvector+MCC,416,FALSE
WIPF1,1,0.0016339869281045752,0,0.20966084275436794,0.0028848138652257304,0,13,1,2.5219117050969473,Up,33,0,0,0.458235919034572,0.002884813485914987,0,0.0922241465040974,degree+betweenness+closeness+eigenvector+MCC,416,FALSE
GRB14,1,0.0016339869281045752,0,0.20973269362577107,0.0016597954449818928,0,11,1,-1.46233527589469,Down,60,0,0,0.4585502098622668,0.0016597950652051427,0,0.0920420009854944,degree+betweenness+closeness+eigenvector+MCC,418,FALSE
GFRA1,2,0.0032679738562091504,5.470878963313509e-4,0.20372836218375498,2.569441406680602e-4,0,5,2,1.3124589177269872,Up,30,0.021739130434782608,0.004191762935633496,0.43228600092766195,2.569437603576537e-4,3.5501612405949985e-13,0.09169476761175814,degree+betweenness+closeness+eigenvector+MCC,419,FALSE
SERPINB5,1,0.0016339869281045752,0,0.2095890410958904,3.357634371258251e-4,0,4,1,-2.3756647294833027,Down,72,0,0,0.45792184347456727,3.3576305684540213e-4,0,0.09165152130628254,degree+betweenness+closeness+eigenvector+MCC,420,FALSE
RAB27B,5,0.008169934640522876,0.0058084239268528255,0.1791044776119403,7.161414482052775e-6,0.2,15,6,-1.4729884402758318,Down,23,0.08695652173913043,0.04450388373476652,0.32457594937218354,7.161034076626937e-6,1.7750806202974993e-12,0.09120870317638644,degree+betweenness+closeness+eigenvector+MCC,421,FALSE
S100A2,1,0.0016339869281045752,0,0.208731241473397,6.233180357449183e-4,0,11,1,-2.516646455198341,Down,60,0,0,0.4541696474596139,6.233176555738835e-4,0,0.09095859302303756,degree+betweenness+closeness+eigenvector+MCC,422,FALSE
GSTA4,4,0.006535947712418301,0.0010079933305127574,0.192090395480226,1.0417210680764429e-4,0.5,3,7,1.1329461141215198,Up,67,0.06521739130434782,0.00772319970985074,0.3813790861400222,1.0417172643912212e-4,2.130096744356999e-12,0.09088476977655799,degree+betweenness+closeness+eigenvector+MCC,423,FALSE
PARD3B,1,0.0016339869281045752,0,0.2083758937691522,5.105344581105298e-4,0,16,1,1.0462233306042803,Up,32,0,0,0.45261528184225147,5.105340778965911e-4,0,0.0906251631840296,degree+betweenness+closeness+eigenvector+MCC,424,FALSE
WWC1,1,0.0016339869281045752,0,0.2083758937691522,5.105344581105296e-4,0,16,1,-1.1478985527362822,Down,32,0,0,0.45261528184225147,5.10534077896591e-4,0,0.0906251631840296,degree+betweenness+closeness+eigenvector+MCC,424,FALSE
ACSS3,3,0.004901960784313725,0.001466250867602059,0.19590268886043533,4.007222944101039e-5,0,3,3,1.8810982962673608,Up,67,0.043478260869565216,0.011234348415254022,0.39805485942548374,4.00718490481041e-5,7.100322481189997e-13,0.09056150811201222,degree+betweenness+closeness+eigenvector+MCC,426,FALSE
IGF2BP2,3,0.004901960784313725,0.0032679738562091504,0.19245283018867926,1.365462487535413e-4,0.3333333333333333,4,3,-1.085435244846899,Down,72,0.043478260869565216,0.02503906918236785,0.3829644518047752,1.365458683973345e-4,7.100322481189997e-13,0.09032366554516312,degree+betweenness+closeness+eigenvector+MCC,427,FALSE
KYNU,2,0.0032679738562091504,0,0.20291777188328913,8.633569165654715e-4,1,1,2,-2.301279884682992,Down,54,0.021739130434782608,0,0.4287403084192799,8.633565364857494e-4,3.5501612405949985e-13,0.09026855907818064,degree+betweenness+closeness+eigenvector+MCC,428,FALSE
ROR1,3,0.004901960784313725,4.6521717983900873e-4,0.19716494845360824,2.114696379954467e-4,0,9,3,1.8370990129983455,Up,24,0.043478260869565216,0.003564473176149392,0.40357624844355416,2.1146925766774138e-4,7.100322481189997e-13,0.09016609034952931,degree+betweenness+closeness+eigenvector+MCC,429,FALSE
DKK2,5,0.008169934640522876,8.260618607204213e-4,0.18618801338606633,3.978549780323065e-4,0.1,9,5,1.8175327420364928,Up,24,0.08695652173913043,0.006329248944325208,0.3555608251013164,3.978545977755037e-4,1.4200644962379994e-12,0.08984889007679353,degree+betweenness+closeness+eigenvector+MCC,430,FALSE
DCLK1,1,0.0016339869281045752,0,0.20752797558494404,1.4607396124978917e-4,0,3,1,2.0585920643788747,Up,67,0,0,0.4489063093172411,1.460735808972068e-4,0,0.08981047657962767,degree+betweenness+closeness+eigenvector+MCC,431,FALSE
RGN,1,0.0016339869281045752,0,0.20752797558494404,1.4607396124978749e-4,0,3,1,1.208644483501014,Up,67,0,0,0.4489063093172411,1.4607358089720513e-4,0,0.08981047657962767,degree+betweenness+closeness+eigenvector+MCC,431,FALSE
KRT16,3,0.004901960784313725,0,0.19665809768637532,0.004201667738375329,1,16,6,-1.5618404873160978,Down,32,0.043478260869565216,0,0.4013591765550642,0.004201667359565527,1.7750806202974993e-12,0.089807820957194,degree+betweenness+closeness+eigenvector+MCC,433,FALSE
KLK5,4,0.006535947712418301,0.022704662879881904,0.15261845386533665,4.986019450664256e-6,0.16666666666666666,2,4,-3.408030472619263,Down,24,0.06521739130434782,0.1739621091311809,0.20872050930438343,4.98563904441088e-6,1.0650483721784995e-12,0.08958099907600432,degree+betweenness+closeness+eigenvector+MCC,434,FALSE
APOD,1,0.0016339869281045752,0,0.20696652012174502,0.0012524476659019762,0,13,1,2.9187618951722296,Up,33,0,0,0.4464503850007142,0.0012524472859702675,0,0.0895405664573369,degree+betweenness+closeness+eigenvector+MCC,435,FALSE
SAA4,1,0.0016339869281045752,0,0.20696652012174502,0.001252447665901979,0,13,1,-1.408555706459751,Down,33,0,0,0.4464503850007142,0.0012524472859702703,0,0.0895405664573369,degree+betweenness+closeness+eigenvector+MCC,435,FALSE
ARHGEF6,2,0.0032679738562091504,0,0.2019135598812273,5.431399472442366e-4,1,8,2,1.4702025144652175,Up,24,0.021739130434782608,0,0.4243476738534683,5.431395670427013e-4,3.5501612405949985e-13,0.08932598877112971,degree+betweenness+closeness+eigenvector+MCC,437,FALSE
ADARB1,1,0.0016339869281045752,0,0.20557608330534094,0.001613723326542904,0,6,1,2.063540900888966,Up,25,0,0,0.44036832184196534,0.0016137229467486274,0,0.08839640895774278,degree+betweenness+closeness+eigenvector+MCC,438,FALSE
SYNM,1,0.0016339869281045752,0,0.20536912751677852,0.0020533498049236463,0,11,1,1.2145830159355793,Up,60,0,0,0.4394630536828838,0.0020533494252966073,0,0.08830328062163609,degree+betweenness+closeness+eigenvector+MCC,439,FALSE
GBP2,3,0.004901960784313725,0,0.19540229885057472,6.125317689370093e-4,1,17,6,1.7479863088639205,Up,11,0.043478260869565216,0,0.39586604824897165,6.125313887618713e-4,1.7750806202974993e-12,0.08799136810181477,degree+betweenness+closeness+eigenvector+MCC,440,FALSE
LRAT,5,0.008169934640522876,0.0022149231032641504,0.18149466192170818,8.78574046224753e-6,0.3,3,7,-2.4639862232434786,Down,67,0.08695652173913043,0.01697064152177432,0.33503111839644373,8.785360057439599e-6,2.130096744356999e-12,0.0877934134039072,degree+betweenness+closeness+eigenvector+MCC,441,FALSE
SPARCL1,2,0.0032679738562091504,2.4573140257275154e-5,0.19973890339425587,0.001687382614527581,0,11,2,3.0517545471895584,Up,60,0.021739130434782608,1.8827829903256198e-4,0.41483526886943667,0.001687382234761325,3.5501612405949985e-13,0.08769001196767363,degree+betweenness+closeness+eigenvector+MCC,442,FALSE
MAP1B,3,0.004901960784313725,0.006127401578172465,0.1844484629294756,1.8763036574175956e-5,0,15,3,1.805849195372006,Up,23,0.043478260869565216,0.04694787619934715,0.3479516654329345,1.876265617316347e-5,7.100322481189997e-13,0.08767931303174602,degree+betweenness+closeness+eigenvector+MCC,443,FALSE
RTKN,3,0.004901960784313725,0.0034749914921787316,0.18900555898702903,2.924877740805849e-4,0,6,3,-1.1172568991416956,Down,25,0.043478260869565216,0.026625229028525703,0.3678853623226684,2.924873937836995e-4,7.100322481189997e-13,0.08765626792305062,degree+betweenness+closeness+eigenvector+MCC,444,FALSE
ERG,2,0.0032679738562091504,0,0.19973890339425587,2.0619113686305476e-4,1,5,2,1.255472538027136,Up,30,0.021739130434782608,0,0.41483526886943667,2.0619075653334146e-4,3.5501612405949985e-13,0.08735611801222151,degree+betweenness+closeness+eigenvector+MCC,445,FALSE
NPR2,5,0.008169934640522876,5.050150023032793e-5,0.1842818428184282,2.8183887965125448e-5,0.4,3,9,1.3093521753349862,Up,67,0.08695652173913043,3.8694023077264736e-4,0.34722283401323084,2.818350756769673e-5,2.840128992475999e-12,0.08691889589870834,degree+betweenness+closeness+eigenvector+MCC,446,FALSE
GK,4,0.006535947712418301,0.003326127998705103,0.18301435406698566,1.5545682300668938e-4,0.3333333333333333,12,4,-1.5613444703727684,Down,20,0.06521739130434782,0.025484643615110266,0.34167857155676484,1.5545644265767633e-4,1.0650483721784995e-12,0.08650721258398913,degree+betweenness+closeness+eigenvector+MCC,447,FALSE
FRZB,2,0.0032679738562091504,0.0010902987510477947,0.19527760051052967,0.006804677544906628,0,9,2,2.6010369166385727,Up,24,0.021739130434782608,0.008353820152222108,0.39532059147524595,0.006804677167087032,3.5501612405949985e-13,0.08644364384593854,degree+betweenness+closeness+eigenvector+MCC,448,FALSE
LIPG,4,0.006535947712418301,3.9429046159403285e-4,0.1879029782007983,1.6977467666703052e-4,0.6666666666666666,12,8,-2.061765054045835,Down,20,0.06521739130434782,0.0030210358406150273,0.36306244199981536,1.6977429632346412e-4,2.485112868416499e-12,0.08629412868871736,degree+betweenness+closeness+eigenvector+MCC,449,FALSE
INMT,1,0.0016339869281045752,0,0.20231404958677687,8.272586493075077e-4,0,1,1,1.108374416439859,Up,54,0,0,0.42609950008163205,8.272582692140535e-4,0,0.08538535167016922,degree+betweenness+closeness+eigenvector+MCC,450,FALSE
SRGN,2,0.0032679738562091504,0.0011323019324359766,0.19527760051052967,0.0010659517133277728,0,13,2,2.793908151045244,Up,33,0.021739130434782608,0.008675646645007527,0.39532059147524595,0.0010659513333251196,3.5501612405949985e-13,0.08536026397774324,degree+betweenness+closeness+eigenvector+MCC,451,FALSE
SLIT3,3,0.004901960784313725,0.001464678409413237,0.18842364532019704,1.0376283125041065e-4,0,15,3,1.9198844994432471,Up,23,0.043478260869565216,0.011222300311104874,0.3653399495193995,1.0376245088173279e-4,7.100322481189997e-13,0.08402885463033227,degree+betweenness+closeness+eigenvector+MCC,452,FALSE
CSTA,2,0.0032679738562091504,0.0032679738562091504,0.18906394810009267,1.5571683222500565e-4,0,4,2,-2.0610451266044265,Down,72,0.021739130434782608,0.02503906918236785,0.3681407685872657,1.5571645187609153e-4,3.5501612405949985e-13,0.08301493693132944,degree+betweenness+closeness+eigenvector+MCC,453,FALSE
NR3C2,1,0.0016339869281045752,0,0.19960861056751467,1.9757000985653545e-4,0,5,1,1.0356759145086816,Up,30,0,0,0.414265340633919,1.975696295235426e-4,0,0.08289258205268851,degree+betweenness+closeness+eigenvector+MCC,454,FALSE
PMEPA1,1,0.0016339869281045752,0,0.19960861056751467,1.9757000985653447e-4,0,5,1,-1.4411916699309586,Down,30,0,0,0.414265340633919,1.9756962952354162e-4,0,0.08289258205268851,degree+betweenness+closeness+eigenvector+MCC,454,FALSE
ASAP2,1,0.0016339869281045752,0,0.19947848761408082,6.513311988084961e-4,0,11,1,-1.164747895329041,Down,60,0,0,0.4136961554599862,6.513308186481177e-4,0,0.08286949725572687,degree+betweenness+closeness+eigenvector+MCC,456,FALSE
CBLC,1,0.0016339869281045752,0,0.19947848761408082,6.51331198808498e-4,0,11,1,-1.4660546118449638,Down,60,0,0,0.4136961554599862,6.513308186481195e-4,0,0.08286949725572687,degree+betweenness+closeness+eigenvector+MCC,456,FALSE
PLS1,2,0.0032679738562091504,0.001700959196002396,0.19083255378858746,0.001748916245260837,0,8,2,-1.4924056033854542,Down,24,0.021739130434782608,0.013032673105437171,0.375877021952713,0.0017489158655179889,3.5501612405949985e-13,0.082479548271761155,degree+betweenness+closeness+eigenvector+MCC,458,FALSE
FUT2,2,0.0032679738562091504,0.0032679738562091504,0.1880762138905962,8.126370558904917e-4,0,14,2,-1.2174538725906032,Down,3,0.021739130434782608,0.02503906918236785,0.36382021135277676,8.126366757914753e-4,3.5501612405949985e-13,0.08228220952921474,degree+betweenness+closeness+eigenvector+MCC,459,FALSE
RUNX1T1,2,0.0032679738562091504,6.626835284888605e-4,0.1923318667504714,6.748674529053829e-4,0,5,2,2.035154383741771,Up,30,0.021739130434782608,0.005077451487049554,0.382435332277444,6.748670727539579e-4,3.5501612405949985e-13,0.08198535625447702,degree+betweenness+closeness+eigenvector+MCC,460,FALSE
MBOAT2,6,0.00980392156862745,0.0019179667327312675,0.16981132075471697,1.2369600882844963e-5,0.26666666666666666,12,8,-2.287523572793538,Down,20,0.10869565217391304,0.0146953751233635,0.28392572615961975,1.2369220479400362e-5,2.485112868416499e-12,0.08146582453597216,degree+betweenness+closeness+eigenvector+MCC,461,FALSE
SGPL1,2,0.0032679738562091504,0,0.19299905392620625,5.2616348257224205e-5,1,12,2,-1.0326332287576516,Down,20,0.021739130434782608,0,0.38535374934872163,5.2615967869089796e-5,3.5501612405949985e-13,0.08142909915034566,degree+betweenness+closeness+eigenvector+MCC,462,FALSE
CD82,1,0.0016339869281045752,0,0.19761059089441396,5.155220730888911e-4,0,1,1,-1.0954582898603462,Down,54,0,0,0.40552558223508095,5.155216928768498e-4,0,0.08120822078559156,degree+betweenness+closeness+eigenvector+MCC,463,FALSE
FYB1,1,0.0016339869281045752,0,0.19761059089441396,5.15522073088892e-4,0,1,1,-1.4057605434716924,Down,54,0,0,0.40552558223508095,5.155216928768506e-4,0,0.08120822078559156,degree+betweenness+closeness+eigenvector+MCC,463,FALSE
IGF2BP3,2,0.0032679738562091504,0,0.19239232945614587,1.3631787089888619e-4,1,4,2,-1.7066795059665951,Down,72,0.021739130434782608,0,0.38269980887236904,1.3631749054259252e-4,3.5501612405949985e-13,0.08091505135960984,degree+betweenness+closeness+eigenvector+MCC,465,FALSE
PMP22,2,0.0032679738562091504,0.0032679738562091504,0.18647166361974407,2.768289821488327e-4,0,16,2,3.070665602223265,Up,32,0.021739130434782608,0.02503906918236785,0.35680157089851383,2.768286018459906e-4,3.5501612405949985e-13,0.08077131982357305,degree+betweenness+closeness+eigenvector+MCC,466,FALSE
EPHA3,2,0.0032679738562091504,0,0.19160926737633063,2.799961706490311e-4,1,8,2,1.979656293353926,Up,24,0.021739130434782608,0,0.37927453059257304,2.799957903473938e-4,3.5501612405949985e-13,0.0802587313636116,degree+betweenness+closeness+eigenvector+MCC,467,FALSE
EPHB2,2,0.0032679738562091504,0,0.19160926737633063,2.799961706490311e-4,1,8,2,-1.0581715748589744,Down,24,0.021739130434782608,0,0.37927453059257304,2.799957903473938e-4,3.5501612405949985e-13,0.0802587313636116,degree+betweenness+closeness+eigenvector+MCC,467,FALSE
SEMA3A,3,0.004901960784313725,0.0018354206791558118,0.18328840970350405,2.1067589995004427e-5,0,15,3,-1.5865449756950172,Down,23,0.043478260869565216,0.014062910961424074,0.34287734856745034,2.106720959486861e-5,7.100322481189997e-13,0.0800879175217489,degree+betweenness+closeness+eigenvector+MCC,469,FALSE
BTNL9,1,0.0016339869281045752,0,0.19627966645285438,2.2684069013453049e-4,0,15,1,1.4704142639272453,Up,23,0,0,0.39970383872427373,2.2684030981267244e-4,0,0.07998613580681728,degree+betweenness+closeness+eigenvector+MCC,470,FALSE
AGTR1,2,0.0032679738562091504,0.0032679738562091504,0.18562329390354868,5.372852331361856e-5,0,10,2,1.3272441697852209,Up,29,0.021739130434782608,0.02503906918236785,0.35309062327759677,5.3728142925907225e-5,3.5501612405949985e-13,0.07998451020760564,degree+betweenness+closeness+eigenvector+MCC,471,FALSE
FLI1,1,0.0016339869281045752,0,0.1962167361333761,1.3723902850632793e-4,0,13,1,2.0503098956045873,Up,33,0,0,0.3994285682674276,1.3723864815038468e-4,0,0.0799131613831156,degree+betweenness+closeness+eigenvector+MCC,472,FALSE
ADGRL4,1,0.0016339869281045752,0,0.19596541786743515,4.5286042751936206e-4,0,11,1,2.935095885034654,Up,60,0,0,0.3983292492991964,4.5286004728348374e-4,0,0.07975642186929598,degree+betweenness+closeness+eigenvector+MCC,473,FALSE
CD300LG,1,0.0016339869281045752,0,0.19596541786743515,4.528604275193611e-4,0,11,1,1.1180927566699062,Up,60,0,0,0.3983292492991964,4.5286004728348276e-4,0,0.07975642186929598,degree+betweenness+closeness+eigenvector+MCC,473,FALSE
PDE8B,2,0.0032679738562091504,1.9454400675204814e-4,0.18994413407821228,2.4283756931166774e-5,0,3,2,1.884970187674197,Up,67,0.021739130434782608,0.001490587458288349,0.3719908872314292,2.4283376532254416e-5,3.5501612405949985e-13,0.07904897770027748,degree+betweenness+closeness+eigenvector+MCC,475,FALSE
QKI,4,0.006535947712418301,0.0047079811828895975,0.17181358787198203,1.2705809742795125e-5,0.16666666666666666,2,4,1.1432897438802223,Up,24,0.06521739130434782,0.03607234076358355,0.29268406377282136,1.2705429339478421e-5,1.0650483721784995e-12,0.07879730025423146,degree+betweenness+closeness+eigenvector+MCC,476,FALSE
RAB38,2,0.0032679738562091504,6.397481368064253e-4,0.1883656509695291,4.497986911903233e-5,0,9,2,-1.3213585133832098,Down,24,0.021739130434782608,0.004901721544176827,0.36508627002857214,4.497948872799294e-5,3.5501612405949985e-13,0.07835442029932291,degree+betweenness+closeness+eigenvector+MCC,477,FALSE
OSR2,2,0.0032679738562091504,1.8592634362346504e-5,0.18900555898702903,3.237119791390299e-4,0,6,2,3.3208028894730983,Up,25,0.021739130434782608,1.4245593097286674e-4,0.3678853623226684,3.237115988540225e-4,3.5501612405949985e-13,0.07801813205752658,degree+betweenness+closeness+eigenvector+MCC,478,FALSE
GIMAP1-GIMAP5,2,0.0032679738562091504,0,0.18883060783708733,1.5202762656098655e-4,1,4,2,1.2340470525230058,Up,72,0.021739130434782608,0,0.3671200891861349,1.52027246210669e-4,3.5501612405949985e-13,0.07780224937349664,degree+betweenness+closeness+eigenvector+MCC,479,FALSE
GIMAP6,2,0.0032679738562091504,0,0.18883060783708733,1.520276265609919e-4,1,4,2,1.97170783172652,Up,72,0.021739130434782608,0,0.3671200891861349,1.5202724621067435e-4,3.5501612405949985e-13,0.07780224937349664,degree+betweenness+closeness+eigenvector+MCC,479,FALSE
CCBE1,1,0.0016339869281045752,0,0.19203012237213682,0.0065518877136816365,0,7,1,1.0949621115306218,Up,82,0,0,0.38111543888482324,0.006551887335765878,0,0.07753346524411783,degree+betweenness+closeness+eigenvector+MCC,481,FALSE
LPCAT4,4,0.006535947712418301,0.0023692134171184615,0.17381425731326328,5.5862877334945776e-5,0.3333333333333333,12,4,-1.3113664364473037,Down,20,0.06521739130434782,0.018152806989661128,0.3014354128151464,5.5862496948046375e-5,1.0650483721784995e-12,0.07697229472143369,degree+betweenness+closeness+eigenvector+MCC,482,FALSE
CACHD1,1,0.0016339869281045752,0,0.19281663516068054,2.9036275076611728e-5,0,3,1,1.4219854660899482,Up,67,0,0,0.3845558112905669,2.9035894679507267e-5,0,0.07691696943704927,degree+betweenness+closeness+eigenvector+MCC,483,FALSE
PNLIPRP3,3,0.004901960784313725,0,0.1826865671641791,1.6156041300648317e-4,1,12,6,-3.429529782829505,Down,20,0.043478260869565216,0,0.34024476268320814,1.61560032659792e-4,1.7750806202974993e-12,0.07677691671744163,degree+betweenness+closeness+eigenvector+MCC,484,FALSE
OR4F16,2,0.0032679738562091504,0.0032679738562091504,0.18171021377672208,3.736313830835279e-5,0,10,2,1.476495388356966,Up,29,0.021739130434782608,0.02503906918236785,0.3359739875586474,3.736275791441593e-5,3.5501612405949985e-13,0.07655790998681346,degree+betweenness+closeness+eigenvector+MCC,485,FALSE
LHFPL6,1,0.0016339869281045752,0,0.19227144203581528,1.3061823852788537e-4,0,4,1,1.7740969956179526,Up,72,0,0,0.3821710218632258,1.3061785816942352e-4,0,0.07646032794427905,degree+betweenness+closeness+eigenvector+MCC,486,FALSE
RGL1,1,0.0016339869281045752,0,0.192090395480226,2.7483121035888977e-4,0,8,1,2.0983451843708414,Up,24,0,0,0.3813790861400222,2.748308300552877e-4,0,0.0763307833940155,degree+betweenness+closeness+eigenvector+MCC,487,FALSE
CHN1,1,0.0016339869281045752,0,0.19154929577464788,2.683087368853446e-4,0,8,1,1.6341096550150374,Up,24,0,0,0.37901220218982756,2.683083565792613e-4,0,0.07585610210928137,degree+betweenness+closeness+eigenvector+MCC,488,FALSE
EPHA1,1,0.0016339869281045752,0,0.19154929577464788,2.6830873688534103e-4,0,8,1,-1.3541387875302815,Down,24,0,0,0.37901220218982756,2.6830835657925775e-4,0,0.07585610210928137,degree+betweenness+closeness+eigenvector+MCC,488,FALSE
MPP1,3,0.004901960784313725,0.003591993776962238,0.17520755797308904,3.305799998960542e-5,0,8,3,1.1977031470604622,Up,24,0.043478260869565216,0.027521695289301634,0.3075300030275247,3.305761959403086e-5,7.100322481189997e-13,0.07571260336133913,degree+betweenness+closeness+eigenvector+MCC,490,FALSE
CHPT1,3,0.004901960784313725,2.647741329180751e-4,0.1809580130100532,6.346738406369405e-5,0.3333333333333333,12,3,1.359093780938446,Up,20,0.043478260869565216,0.0020286875365421657,0.33268370315523876,6.346700367968746e-5,7.100322481189997e-13,0.07565082371314717,degree+betweenness+closeness+eigenvector+MCC,491,FALSE
SKIL,1,0.0016339869281045752,0,0.19083255378858746,2.1748284994287958e-4,0,6,1,-1.033026142419014,Down,25,0,0,0.375877021952713,2.1748246961746174e-4,0,0.07521890088446609,degree+betweenness+closeness+eigenvector+MCC,492,FALSE
ENPP2,2,0.0032679738562091504,0,0.18556701030927836,6.961949339011958e-5,1,10,2,2.828577997627561,Up,29,0.021739130434782608,0,0.35284442699516605,6.961911300845332e-5,3.5501612405949985e-13,0.07493063530866242,degree+betweenness+closeness+eigenvector+MCC,493,FALSE
GSTM3,3,0.004901960784313725,0,0.18026509572901325,1.8113665926289366e-5,1,3,6,1.0343556690069595,Up,67,0.043478260869565216,0,0.32965273719018856,1.8113285525029853e-5,1.7750806202974993e-12,0.07462982226941078,degree+betweenness+closeness+eigenvector+MCC,494,FALSE
PGM2L1,3,0.004901960784313725,4.4159769182919496e-4,0.17941952506596306,5.711479231019093e-5,0.6666666666666666,3,4,-1.4411611680858956,Down,67,0.043478260869565216,0.003383501717884462,0.3259540332166009,5.711441192376776e-5,1.0650483721784995e-12,0.07457458204340786,degree+betweenness+closeness+eigenvector+MCC,495,FALSE
LIMK2,2,0.0032679738562091504,0.0032679738562091504,0.1789997075168178,1.0307803059331968e-4,0,5,2,-1.1744876870828875,Down,30,0.021739130434782608,0.02503906918236785,0.32411766293430627,1.0307765022438131e-4,3.5501612405949985e-13,0.07419978804040722,degree+betweenness+closeness+eigenvector+MCC,496,FALSE
SGCE,3,0.004901960784313725,0,0.17941952506596306,0.001120123016420295,1,3,6,1.903037190872217,Up,67,0.043478260869565216,0,0.3259540332166009,0.001120122636438249,1.7750806202974993e-12,0.07411048334487588,degree+betweenness+closeness+eigenvector+MCC,497,FALSE
SSPN,3,0.004901960784313725,0,0.17941952506596306,0.0011201230164202957,1,3,6,1.1002706422418722,Up,67,0.043478260869565216,0,0.3259540332166009,0.0011201226364382496,1.7750806202974993e-12,0.07411048334487588,degree+betweenness+closeness+eigenvector+MCC,497,FALSE
SCUBE2,1,0.0016339869281045752,0,0.1889472059277555,1.554455197883017e-4,0,4,1,1.6789432159923896,Up,72,0,0,0.36763011376493404,1.5544513943928435e-4,0,0.07355711178087466,degree+betweenness+closeness+eigenvector+MCC,499,FALSE
CSRNP1,1,0.0016339869281045752,0,0.18888888888888888,2.0921960227260136e-4,0,6,1,1.63822814988837,Up,25,0,0,0.3673750227680377,2.0921922194404012e-4,0,0.07351684839799635,degree+betweenness+closeness+eigenvector+MCC,500,FALSE
SERPINB1,1,0.0016339869281045752,0,0.18848167539267016,0.0019834825460694093,0,7,1,-1.3065758070822096,Down,82,0,0,0.36559378526491804,0.001983482166415792,0,0.07351545348626677,degree+betweenness+closeness+eigenvector+MCC,501,FALSE
RAB25,2,0.0032679738562091504,0.0025148284227817985,0.17941952506596306,1.1841187925982409e-4,0,2,2,-1.8187104939593244,Down,24,0.021739130434782608,0.019268502635104455,0.3259540332166009,1.1841149889671883e-4,3.5501612405949985e-13,0.07341601555714794,degree+betweenness+closeness+eigenvector+MCC,502,FALSE
SCEL,2,0.0032679738562091504,4.053367746137911e-4,0.18285031371377353,0.0010987116379648672,0,11,2,-2.284778265129818,Down,60,0.021739130434782608,0.0031056721957640433,0.340961024540569,0.001098711257974676,3.5501612405949985e-13,0.07338090768588906,degree+betweenness+closeness+eigenvector+MCC,503,FALSE
AASS,1,0.0016339869281045752,0,0.18865598027127004,2.258712130910773e-5,0,3,1,1.842329607433537,Up,67,0,0,0.3663562314746381,2.2586740909549957e-5,0,0.07327576364310953,degree+betweenness+closeness+eigenvector+MCC,504,FALSE
CDH3,3,0.004901960784313725,0.0065252505803194165,0.16657593903102885,4.97007939619855e-4,0.3333333333333333,16,3,-2.620930768037466,Down,32,0.043478260869565216,0.049996177418148574,0.2697734858319915,4.970075594007708e-4,7.100322481189997e-13,0.07274898633596323,degree+betweenness+closeness+eigenvector+MCC,505,FALSE
PRRX1,1,0.0016339869281045752,0,0.18796068796068796,2.108240913376156e-4,0,4,1,2.7780393891640625,Up,72,0,0,0.3633148766307056,2.1082371100966473e-4,0,0.07270514006834305,degree+betweenness+closeness+eigenvector+MCC,506,FALSE
GPNMB,2,0.0032679738562091504,5.586299695459655e-4,0.18171021377672208,1.8969085253119194e-5,0,9,2,2.8616813881683685,Up,24,0.021739130434782608,0.004280197783170475,0.3359739875586474,1.896870485218509e-5,3.5501612405949985e-13,0.07240245689636153,degree+betweenness+closeness+eigenvector+MCC,507,FALSE
NRCAM,2,0.0032679738562091504,0.0032679738562091504,0.17677642980935876,8.153508958415006e-6,0,3,2,-1.419128196076196,Down,67,0.021739130434782608,0.02503906918236785,0.3143925785028002,8.153128553366568e-6,3.5501612405949985e-13,0.07223578624977181,degree+betweenness+closeness+eigenvector+MCC,508,FALSE
MISP,1,0.0016339869281045752,0,0.1868702290076336,3.5759721161697234e-4,0,13,1,-1.194872943550915,Down,33,0,0,0.3585449797563895,3.575968313448551e-4,0,0.07178051531754687,degree+betweenness+closeness+eigenvector+MCC,509,FALSE
GPD2,4,0.006535947712418301,5.64173566403897e-4,0.17061611374407584,1.5882533800910546e-5,0.5,12,6,-1.191794048990931,Down,20,0.06521739130434782,0.0043226725737754166,0.28744606000956613,1.5882153398802292e-5,1.7750806202974993e-12,0.07140040120857265,degree+betweenness+closeness+eigenvector+MCC,510,FALSE
SYNPO,2,0.0032679738562091504,1.736404712274601e-4,0.18111867416395383,2.29812412279893e-4,0,11,2,1.476779944509036,Up,60,0.021739130434782608,0.0013304255062085383,0.33338646884272116,2.2981203195916543e-4,3.5501612405949985e-13,0.07133716736320529,degree+betweenness+closeness+eigenvector+MCC,511,FALSE
PRSS8,2,0.0032679738562091504,0.0016099183808820855,0.1784776902887139,1.1859842255030484e-4,0,2,2,-1.448515840413673,Down,24,0.021739130434782608,0.012335122461362886,0.32183424975520636,1.1859804218727054e-4,3.5501612405949985e-13,0.07120542013877883,degree+betweenness+closeness+eigenvector+MCC,512,FALSE
ROBO2,2,0.0032679738562091504,4.046372844576201e-4,0.1804245283018868,1.1846597396480347e-4,0,15,2,1.7988726699478823,Up,23,0.021739130434782608,0.0031003127335457415,0.33035012880578635,1.184655936017188e-4,3.5501612405949985e-13,0.07106160751361429,degree+betweenness+closeness+eigenvector+MCC,513,FALSE
ADHFE1,2,0.0032679738562091504,0.002599109497074732,0.17560975609756097,9.432165798298622e-6,0,12,2,1.2730696328934543,Up,20,0.021739130434782608,0.01991426044799988,0.3092893022394766,9.431785393736597e-6,3.5501612405949985e-13,0.07019042498160157,degree+betweenness+closeness+eigenvector+MCC,514,FALSE
DKK3,2,0.0032679738562091504,0,0.17884278199883108,4.881371870857568e-5,1,9,2,1.1655875197922168,Up,24,0.021739130434782608,0,0.3234312377042244,4.881333831899472e-5,3.5501612405949985e-13,0.0690438362955362,degree+betweenness+closeness+eigenvector+MCC,515,FALSE
YKT6,2,0.0032679738562091504,0.0032679738562091504,0.1727837380011293,2.1384945863371083e-5,0,16,2,-1.2234563400910634,Down,32,0.021739130434782608,0.02503906918236785,0.29692770454047734,2.1384565463355994e-5,3.5501612405949985e-13,0.06874545774468924,degree+betweenness+closeness+eigenvector+MCC,516,FALSE
MSLN,2,0.0032679738562091504,0.0065252505803194165,0.1669849931787176,8.290183018383167e-6,0,5,2,-1.7160833373456352,Down,30,0.021739130434782608,0.049996177418148574,0.2715627747318821,8.289802613386722e-6,3.5501612405949985e-13,0.06866127447755634,degree+betweenness+closeness+eigenvector+MCC,517,FALSE
TNNT1,1,0.0016339869281045752,0,0.18317868901526488,6.257663890621342e-4,0,5,1,-2.0871230052327068,Down,30,0,0,0.3423974071937619,6.257660088920307e-4,0,0.06860463464053078,degree+betweenness+closeness+eigenvector+MCC,518,FALSE
ABCA9,1,0.0016339869281045752,0,0.18328840970350405,7.874931899389816e-5,0,4,1,1.598464608711029,Up,72,0,0,0.34287734856745034,7.874893861570495e-5,0,0.0685912195012132,degree+betweenness+closeness+eigenvector+MCC,519,FALSE
MMRN2,1,0.0016339869281045752,0,0.18317868901526488,9.793850414332623e-5,0,15,1,1.0093559508467065,Up,23,0,0,0.3423974071937619,9.793812377243274e-5,0,0.06849906906350686,degree+betweenness+closeness+eigenvector+MCC,520,FALSE
OPN3,2,0.0032679738562091504,0.002855400957030024,0.17302798982188294,3.619418883073719e-5,0,15,2,-1.1272209398656765,Down,23,0.021739130434782608,0.021877954124581087,0.29799611339080173,3.619380843635566e-5,3.5501612405949985e-13,0.06832987835179136,degree+betweenness+closeness+eigenvector+MCC,521,FALSE
TMSB10,2,0.0032679738562091504,4.1947275288686125e-4,0.17723718505647262,1.872950939081044e-5,0,9,2,-1.2515171460556245,Down,24,0.021739130434782608,0.0032139814275736383,0.3164080188885912,1.87291289897852e-5,3.5501612405949985e-13,0.06827597197605845,degree+betweenness+closeness+eigenvector+MCC,522,FALSE
MEGF6,1,0.0016339869281045752,0,0.18241430700447095,0.0016944853871370042,0,7,1,1.383346550298569,Up,82,0,0,0.33905383946582773,0.0016944850073734503,0,0.06814966489464024,degree+betweenness+closeness+eigenvector+MCC,523,FALSE
KCNJ15,1,0.0016339869281045752,0,0.18225134008338298,1.2957785230048714e-5,0,3,1,-1.594759479408545,Down,67,0,0,0.33834098786757444,1.2957404826827862e-5,0,0.06767078905448025,degree+betweenness+closeness+eigenvector+MCC,524,FALSE
CYP27C1,4,0.006535947712418301,2.9866497047859866e-4,0.16666666666666666,2.9024652202992358e-6,0.5,3,6,-1.4432063036970186,Down,67,0.06521739130434782,0.002288357614598026,0.2701703475977927,2.9020848132532586e-6,1.7750806202974993e-12,0.06753579972066537,degree+betweenness+closeness+eigenvector+MCC,525,FALSE
AXIN2,1,0.0016339869281045752,0,0.18171021377672208,2.3102745010203547e-5,0,9,1,1.5043239058006614,Up,24,0,0,0.3359739875586474,2.3102364610841922e-5,0,0.06719941798465165,degree+betweenness+closeness+eigenvector+MCC,526,FALSE
RHPN2,1,0.0016339869281045752,0,0.18085106382978725,1.8907972637668011e-4,0,6,1,-1.069826569032311,Down,25,0,0,0.3322158849405023,1.890793460404575e-4,0,0.06648099285730855,degree+betweenness+closeness+eigenvector+MCC,527,FALSE
GALNT3,2,0.0032679738562091504,0.0065252505803194165,0.1639871382636656,3.336918562326698e-5,0,17,2,-1.2333211793210808,Down,11,0.021739130434782608,0.049996177418148574,0.2584495266367503,3.336880522781079e-5,3.5501612405949985e-13,0.06604364065905285,degree+betweenness+closeness+eigenvector+MCC,528,FALSE
TRPM1,1,0.0016339869281045752,0,0.18037135278514588,2.6792579916642848e-5,0,9,1,1.6928489246623308,Up,24,0,0,0.33011752790835486,2.6792199518684865e-5,0,0.066028864021574707,degree+betweenness+closeness+eigenvector+MCC,529,FALSE
MREG,2,0.0032679738562091504,0,0.17495711835334476,6.431148203188592e-6,1,15,2,-1.3516807674403395,Down,23,0.021739130434782608,0,0.30643452744260963,6.430767797484955e-6,3.5501612405949985e-13,0.06563601772910894,degree+betweenness+closeness+eigenvector+MCC,530,FALSE
MYRIP,2,0.0032679738562091504,0,0.17495711835334476,6.4311482031911726e-6,1,15,2,1.4702269439954496,Up,23,0.021739130434782608,0,0.30643452744260963,6.4307677974875355e-6,3.5501612405949985e-13,0.06563601772910894,degree+betweenness+closeness+eigenvector+MCC,530,FALSE
LEPROT,1,0.0016339869281045752,0,0.17931438617052448,1.1188462343538645e-4,0,1,1,1.840020367218118,Up,54,0,0,0.3254941335685519,1.1188424306979818e-4,0,0.06512120356232434,degree+betweenness+closeness+eigenvector+MCC,532,FALSE
CELSR1,1,0.0016339869281045752,0,0.17926186291739896,1.7857049572458247e-4,0,9,1,-1.073159193035396,Down,24,0,0,0.3252643858093991,1.7857011538436205e-4,0,0.06508859118495669,degree+betweenness+closeness+eigenvector+MCC,533,FALSE
RAP1GDS1,1,0.0016339869281045752,0,0.17889505992399882,1.0289843310696196e-4,0,5,1,-1.4009046630417048,Down,30,0,0,0.32365991234727703,1.0289805273795527e-4,0,0.06475256208000299,degree+betweenness+closeness+eigenvector+MCC,534,FALSE
ATP13A2,1,0.0016339869281045752,0,0.17889505992399882,1.81872892023953e-5,0,9,1,-1.5619109305971062,Down,24,0,0,0.32365991234727703,1.8186908801163795e-5,0,0.06473561985121565,degree+betweenness+closeness+eigenvector+MCC,535,FALSE
RAB3IP,1,0.0016339869281045752,0,0.1781659388646288,1.1818342701615532e-4,0,2,1,-1.1979861056062084,Down,24,0,0,0.32047058343916396,1.1818304665296317e-4,0,0.06411775329716338,degree+betweenness+closeness+eigenvector+MCC,536,FALSE
ID4,1,0.0016339869281045752,0,0.17801047120418848,1.7959707923445242e-4,0,4,1,1.9666485312152344,Up,72,0,0,0.31979053518469785,1.7959669889462253e-4,0,0.0639940263767185,degree+betweenness+closeness+eigenvector+MCC,537,FALSE
MAP1LC3C,3,0.004901960784313725,0.0037139637207849728,0.16113744075829384,2.297995745056428e-6,0,15,3,1.630302100791969,Up,23,0.043478260869565216,0.02845622353093501,0.24598435022130993,2.297615337780506e-6,7.100322481189997e-13,0.06358422644757158,degree+betweenness+closeness+eigenvector+MCC,538,FALSE
NNMT,2,0.0032679738562091504,5.119741789075947e-4,0.1713325867861142,4.433590542375585e-6,0,3,2,2.889413112358186,Up,67,0.021739130434782608,0.003922723206887491,0.29058006382894713,4.433210135912061e-6,3.5501612405949985e-13,0.06324927013622164,degree+betweenness+closeness+eigenvector+MCC,539,FALSE
DHRS9,4,0.006535947712418301,9.581961629247694e-5,0.16169088507265522,1.4746866215512466e-6,0.3333333333333333,3,4,-3.627796140859454,Down,67,0.06521739130434782,7.341656044208332e-4,0.24840523208741422,1.474306213962131e-6,1.0650483721784995e-12,0.06287165266069236,degree+betweenness+closeness+eigenvector+MCC,540,FALSE
RDH11,4,0.006535947712418301,9.581961629247694e-5,0.16169088507265522,1.474686621547108e-6,0.3333333333333333,3,4,-1.0036431256118572,Down,67,0.06521739130434782,7.341656044208332e-4,0.24840523208741422,1.4743062139579924e-6,1.0650483721784995e-12,0.06287165266069236,degree+betweenness+closeness+eigenvector+MCC,540,FALSE
FERMT1,2,0.0032679738562091504,0,0.17047353760445683,1.2128346955250759e-5,1,8,2,-2.9227263761692512,Down,24,0.021739130434782608,0,0.2868224019793249,1.2127966551714382e-5,3.5501612405949985e-13,0.06171473207620284,degree+betweenness+closeness+eigenvector+MCC,542,FALSE
FERMT2,2,0.0032679738562091504,0,0.17047353760445683,1.2128346955249146e-5,1,8,2,1.3458404272591906,Up,24,0.021739130434782608,0,0.2868224019793249,1.2127966551712769e-5,3.5501612405949985e-13,0.06171473207620284,degree+betweenness+closeness+eigenvector+MCC,542,FALSE
NPR3,1,0.0016339869281045752,0,0.17520755797308904,1.7309572738783723e-5,0,10,1,1.4413017174298597,Up,29,0,0,0.3075300030275247,1.7309192337218326e-5,0,0.06150946244397239,degree+betweenness+closeness+eigenvector+MCC,544,FALSE
RHOBTB1,1,0.0016339869281045752,0,0.17500714898484415,6.618216501332062e-6,0,3,1,1.1392014197971765,Up,67,0,0,0.30665337195036535,6.617836095699587e-6,0,0.0613319979572922,degree+betweenness+closeness+eigenvector+MCC,545,FALSE
TWF1,2,0.0032679738562091504,1.734810871231397e-4,0.16952908587257617,8.442640968421957e-5,0,8,2,-1.2753283688953987,Down,24,0.021739130434782608,0.0013292043123464558,0.2826911714078104,8.442602930818596e-5,3.5501612405949985e-13,0.06116878643692053,degree+betweenness+closeness+eigenvector+MCC,546,FALSE
CDS1,2,0.0032679738562091504,0,0.16948213791193575,9.073463102075777e-6,1,12,2,-1.8619408862669944,Down,20,0.021739130434782608,0,0.2824858111509323,9.073082697377298e-6,3.5501612405949985e-13,0.060846802933753455,degree+betweenness+closeness+eigenvector+MCC,547,FALSE
KLF15,1,0.0016339869281045752,0,0.17416050085372795,1.6256557756423114e-5,0,15,1,1.5149619141413906,Up,23,0,0,0.3029499549047763,1.625617735445714e-5,0,0.060593242216426146,degree+betweenness+closeness+eigenvector+MCC,548,FALSE
MBNL1,3,0.004901960784313725,0.001381012794318781,0.16058777223825768,4.875099012864398e-5,0.3333333333333333,2,3,1.1567825519455417,Up,24,0.043478260869565216,0.010581258118997027,0.24357998447394585,4.875060973903916e-5,7.100322481189997e-13,0.059537650814591433,degree+betweenness+closeness+eigenvector+MCC,549,FALSE
ENTPD3,3,0.004901960784313725,0.0032679738562091504,0.15700359158542843,2.88311749527204e-6,0.3333333333333333,3,3,-1.2310807604949652,Down,67,0.043478260869565216,0.02503906918236785,0.22790202424900735,2.882737088218703e-6,7.100322481189997e-13,0.05928444740774773,degree+betweenness+closeness+eigenvector+MCC,550,FALSE
PLA2G5,1,0.0016339869281045752,0,0.17234581807941424,5.257845046241865e-5,0,12,1,1.6258539930953733,Up,20,0,0,0.29501215067213715,5.257807007426982e-5,0,0.05901294574844228,degree+betweenness+closeness+eigenvector+MCC,551,FALSE
KCNE4,1,0.0016339869281045752,0,0.17229729729729729,6.6497948913450885e-6,0,3,1,3.1274444436515294,Up,67,0,0,0.29479991056322635,6.649414485724626e-6,0,0.05896131199554242,degree+betweenness+closeness+eigenvector+MCC,552,FALSE
ECM2,1,0.0016339869281045752,0,0.17186183656276327,0.001270402342359448,0,7,1,1.7813330951573247,Up,82,0,0,0.29289511369698645,0.0012704019624345693,0,0.0588331031318842,degree+betweenness+closeness+eigenvector+MCC,553,FALSE
KCNJ13,1,0.0016339869281045752,0,0.17200674536256325,6.1079746829065456e-6,0,3,1,1.5999848395149163,Up,67,0,0,0.29352897527361044,6.10759427707997e-6,0,0.058707016573577506,degree+betweenness+closeness+eigenvector+MCC,554,FALSE
TPSAB1,2,0.0032679738562091504,0,0.16589861751152074,7.945132899859638e-6,1,13,2,1.1936206155590154,Up,33,0.021739130434782608,0,0.26681073900895935,7.944752494731933e-6,3.5501612405949985e-13,0.05771156283931833,degree+betweenness+closeness+eigenvector+MCC,555,FALSE
TPSB2,2,0.0032679738562091504,0,0.16589861751152074,7.945132899859355e-6,1,13,2,1.1936206155590154,Up,33,0.021739130434782608,0,0.26681073900895935,7.94475249473165e-6,3.5501612405949985e-13,0.05771156283931833,degree+betweenness+closeness+eigenvector+MCC,555,FALSE
ERO1A,1,0.0016339869281045752,0,0.1708065866592241,1.3755818397370852e-5,0,4,1,-1.318450186937211,Down,72,0,0,0.2882792286126234,1.375543799445358e-5,0,0.05765859681012357,degree+betweenness+closeness+eigenvector+MCC,557,FALSE
PRSS2,1,0.0016339869281045752,0,0.17042606516290726,5.634593915282884e-5,0,10,1,-2.3617202597200153,Down,29,0,0,0.2866147475326085,5.6345558766113196e-5,0,0.057334218618274924,degree+betweenness+closeness+eigenvector+MCC,558,FALSE
ADAP1,1,0.0016339869281045752,0,0.17042606516290726,1.1622092704074695e-5,0,8,1,-1.0127340604352195,Down,24,0,0,0.2866147475326085,1.1621712300345735e-5,0,0.05732527384898177,degree+betweenness+closeness+eigenvector+MCC,559,FALSE
OSBPL3,1,0.0016339869281045752,0,0.17042606516290726,1.1622092704076007e-5,0,8,1,-1.1908642305244426,Down,24,0,0,0.2866147475326085,1.1621712300347047e-5,0,0.05732527384898177,degree+betweenness+closeness+eigenvector+MCC,559,FALSE
GALE,1,0.0016339869281045752,0,0.1701417848206839,1.7835192213492184e-5,0,11,1,-1.0022710138651796,Down,60,0,0,0.2853712455080687,1.7834811812126737e-5,0,0.05707781606397616,degree+betweenness+closeness+eigenvector+MCC,561,FALSE
IL19,1,0.0016339869281045752,0,0.1701417848206839,1.783519221349227e-5,0,11,1,-1.2369709487668263,Down,60,0,0,0.2853712455080687,1.7834811812126822e-5,0,0.05707781606397616,degree+betweenness+closeness+eigenvector+MCC,561,FALSE
LIPH,1,0.0016339869281045752,0,0.16929460580912864,1.7310030768530314e-5,0,10,1,-2.463669601807847,Down,29,0,0,0.2816655062797512,1.7309650366965093e-5,0,0.056336563186023626,degree+betweenness+closeness+eigenvector+MCC,563,FALSE
ZNF423,1,0.0016339869281045752,0,0.16920099529997235,1.5114520613708363e-5,0,4,1,1.1552632929078372,Up,72,0,0,0.2812560342186735,1.5114140211307952e-5,0,0.05625422967177697,degree+betweenness+closeness+eigenvector+MCC,564,FALSE
ZNF521,1,0.0016339869281045752,0,0.16920099529997235,1.5114520613707314e-5,0,4,1,1.9221778939307903,Up,72,0,0,0.2812560342186735,1.5114140211306903e-5,0,0.05625422967177697,degree+betweenness+closeness+eigenvector+MCC,564,FALSE
PKNOX2,1,0.0016339869281045752,0,0.16882758620689656,1.6206403010831047e-5,0,4,1,1.125791911251632,Up,72,0,0,0.27962266428676136,1.6206022608845996e-5,0,0.05592777406187403,degree+betweenness+closeness+eigenvector+MCC,566,FALSE
GPAT3,3,0.004901960784313725,6.201639960057077e-5,0.15871369294605808,7.668270140358793e-6,0.6666666666666666,12,4,-1.2148674244937103,Down,20,0.043478260869565216,4.751668735322588e-4,0.23538236737607635,7.667889735125766e-6,1.0650483721784995e-12,0.0558686926019948,degree+betweenness+closeness+eigenvector+MCC,567,FALSE
SCN7A,1,0.0016339869281045752,0,0.16771718278980544,2.0962895070189184e-6,0,3,1,2.209520910987836,Up,67,0,0,0.2747655261307791,2.0959090996662657e-6,0,0.054953524407975754,degree+betweenness+closeness+eigenvector+MCC,568,FALSE
PDLIM3,2,0.0032679738562091504,0.0032679738562091504,0.15656178050652342,4.8197529546230656e-5,0,2,2,1.25578783423419,Up,24,0.021739130434782608,0.02503906918236785,0.2259694496404864,4.819714915641529e-5,3.5501612405949985e-13,0.054559169281429655,degree+betweenness+closeness+eigenvector+MCC,569,FALSE
GRP,1,0.0016339869281045752,0,0.1668029435813573,8.275713448859918e-6,0,5,1,2.9939219035429465,Up,30,0,0,0.2707664514929495,8.275333043857969e-6,0,0.05415494536519867,degree+betweenness+closeness+eigenvector+MCC,570,FALSE
TMPRSS4,1,0.0016339869281045752,0,0.16657593903102885,8.621127006519833e-6,0,5,1,-2.146568900475943,Down,30,0,0,0.2697734858319915,8.62074660164928e-6,0,0.05395642131571863,degree+betweenness+closeness+eigenvector+MCC,571,FALSE
CYP26B1,2,0.0032679738562091504,0,0.16152019002375298,9.868044858202725e-7,1,3,2,1.5978459757178447,Up,67,0.021739130434782608,0,0.2476585760322372,9.864240780455626e-7,3.5501612405949985e-13,0.05387973857829057,degree+betweenness+closeness+eigenvector+MCC,572,FALSE
SCRG1,1,0.0016339869281045752,0,0.1654501216545012,3.8351569321995925e-6,0,3,1,1.9807905305598064,Up,67,0,0,0.26484892377460406,3.834776525508419e-6,0,0.05297055171022591,degree+betweenness+closeness+eigenvector+MCC,573,FALSE
KCNJ8,1,0.0016339869281045752,0,0.16482628602208457,2.116080671217887e-6,0,3,1,1.4688659848679286,Up,67,0,0,0.2621201354742133,2.115700263872763e-6,0,0.052424450234895434,degree+betweenness+closeness+eigenvector+MCC,574,FALSE
KLK7,4,0.006535947712418301,0.009782527304429682,0.13263979193758127,2.1795072557483467e-7,0.16666666666666666,2,4,-3.144977545911172,Down,24,0.06521739130434782,0.0749532856539293,0.12132963886832131,2.1757031750764648e-7,1.0650483721784995e-12,0.05230010667959619,degree+betweenness+closeness+eigenvector+MCC,575,FALSE
ESRP1,2,0.0032679738562091504,4.735698287473804e-4,0.15867254342753434,5.473036655874904e-6,0,2,2,-1.6408869247569493,Down,24,0.021739130434782608,0.0036284707976344524,0.2352023707249083,5.472656249806793e-6,3.5501612405949985e-13,0.052115088922786025,degree+betweenness+closeness+eigenvector+MCC,576,FALSE
TNS1,1,0.0016339869281045752,0,0.1642512077294686,1.554889216245643e-5,0,8,1,2.4768935826990157,Up,24,0,0,0.2596046220358096,1.5548511760221257e-5,0,0.05192403410951396,degree+betweenness+closeness+eigenvector+MCC,577,FALSE
TNS2,1,0.0016339869281045752,0,0.1642512077294686,1.5548892162456228e-5,0,8,1,1.576508417986486,Up,24,0,0,0.2596046220358096,1.5548511760221054e-5,0,0.05192403410951396,degree+betweenness+closeness+eigenvector+MCC,577,FALSE
LMO3,1,0.0016339869281045752,0,0.1642512077294686,5.748581997406281e-6,0,13,1,1.5230946761594764,Up,33,0,0,0.2596046220358096,5.7482015914429904e-6,0,0.051922074047480206,degree+betweenness+closeness+eigenvector+MCC,579,FALSE
SSBP2,1,0.0016339869281045752,0,0.1642512077294686,5.748581997407668e-6,0,13,1,1.2791326958197606,Up,33,0,0,0.2596046220358096,5.748201591444377e-6,0,0.051922074047480206,degree+betweenness+closeness+eigenvector+MCC,579,FALSE
TSPAN12,1,0.0016339869281045752,0,0.162982689747004,9.796397260655999e-6,0,9,1,-1.3893388230054828,Down,24,0,0,0.2540558575063207,9.79601685623253e-6,0,0.05081313070463539,degree+betweenness+closeness+eigenvector+MCC,581,FALSE
BAIAP2L1,1,0.0016339869281045752,0,0.16169088507265522,1.1424187091894007e-5,0,8,1,-1.4307349499778397,Down,24,0,0,0.24840523208741422,1.1423806688089763e-5,0,0.04968333117882046,degree+betweenness+closeness+eigenvector+MCC,582,FALSE
HHEX,1,0.0016339869281045752,0,0.16143497757847533,5.699632371001714e-6,0,4,1,1.4131289580595512,Up,72,0,0,0.24728583886937178,5.699251965019802e-6,0,0.04945830762426736,degree+betweenness+closeness+eigenvector+MCC,583,FALSE
PI3,1,0.0016339869281045752,0,0.15904365904365905,6.499839473884551e-6,0,4,1,-3.1157093279248693,Down,72,0,0,0.23682570850612866,6.499459068207044e-6,0,0.04736644159303937,degree+betweenness+closeness+eigenvector+MCC,584,FALSE
SEPTIN4,1,0.0016339869281045752,0,0.15900233826968044,1.220885085081985e-5,0,6,1,1.5415281539339452,Up,25,0,0,0.2366449627475718,1.2208470447314098e-5,0,0.04733143424360382,degree+betweenness+closeness+eigenvector+MCC,585,FALSE
LYPLA1,2,0.0032679738562091504,0,0.1535759096612296,2.848119557688193e-6,1,12,2,-1.1495381861632392,Down,20,0.021739130434782608,0,0.21290862238771738,2.8477391506215424e-6,3.5501612405949985e-13,0.04693012011240113,degree+betweenness+closeness+eigenvector+MCC,586,FALSE
B3GNT3,1,0.0016339869281045752,0,0.15834411384217334,3.392061306631779e-5,0,14,1,-1.4805446818429928,Down,3,0,0,0.23376575062264915,3.392023267107137e-5,0,0.04675993417106404,degree+betweenness+closeness+eigenvector+MCC,587,FALSE
SH3TC2,1,0.0016339869281045752,0,0.1572052401746725,1.1555230863455305e-5,0,16,1,-1.0417030859064011,Down,32,0,0,0.22878407760172773,1.155485045970091e-5,0,0.045759126490437486,degree+betweenness+closeness+eigenvector+MCC,588,FALSE
SPINT1,2,0.0032679738562091504,2.406854722248965e-5,0.15216310293386376,9.909617116554599e-6,0,2,2,-1.3677411630094838,Down,24,0.021739130434782608,1.844121298210398e-4,0.20672870853218034,9.9092367121742e-6,3.5501612405949985e-13,0.04573243206677024,degree+betweenness+closeness+eigenvector+MCC,589,FALSE
PTGFR,1,0.0016339869281045752,0,0.15660184237461616,2.2427040912513852e-6,0,10,1,2.4505362235397277,Up,29,0,0,0.2261446886798465,2.2423236839544297e-6,0,0.04522938620070609,degree+betweenness+closeness+eigenvector+MCC,590,FALSE
DPYSL4,1,0.0016339869281045752,0,0.15521176768957645,4.798257990052966e-7,0,15,1,1.3017986447506136,Up,23,0,0,0.22006420955987152,4.794453910377278e-7,0,0.04401293780105251,degree+betweenness+closeness+eigenvector+MCC,591,FALSE
MBNL2,2,0.0032679738562091504,0,0.14981640146878825,2.5652932186931935e-6,1,2,2,1.0763024677732194,Up,24,0.021739130434782608,0,0.1964637426186412,2.5649128115189536e-6,3.5501612405949985e-13,0.04364108759331807,degree+betweenness+closeness+eigenvector+MCC,592,FALSE
MUC16,2,0.0032679738562091504,0.0032679738562091504,0.14319138979878335,3.4664787317559285e-7,0,5,2,-1.5570950992769816,Down,30,0.021739130434782608,0.02503906918236785,0.1674845477864553,3.462674651573621e-7,3.5501612405949985e-13,0.04285261873428518,degree+betweenness+closeness+eigenvector+MCC,593,FALSE
OR4F29,1,0.0016339869281045752,0,0.15380748931892435,1.559589915713615e-6,0,10,1,1.476495388356966,Up,29,0,0,0.2139216005308188,1.5592095081567972e-6,0,0.04278463194806539,degree+betweenness+closeness+eigenvector+MCC,594,FALSE
EXPH5,1,0.0016339869281045752,0,0.1519364448857994,2.989275075435883e-7,0,15,1,1.2400137157433644,Up,23,0,0,0.2057372585450236,2.985470995072044e-7,0,0.04114751141842462,degree+betweenness+closeness+eigenvector+MCC,595,FALSE
COLEC12,1,0.0016339869281045752,0,0.15186104218362284,4.302621897500351e-6,0,5,1,1.732381992239561,Up,30,0,0,0.20540743126228214,4.302241490987005e-6,0,0.04108234670075463,degree+betweenness+closeness+eigenvector+MCC,596,FALSE
CHSY3,2,0.0032679738562091504,0.0032679738562091504,0.1409813407049067,1.3953078237410443e-6,0,17,2,1.0599886363975155,Up,11,0.021739130434782608,0.02503906918236785,0.15781732809382948,1.3949274161217323e-6,3.5501612405949985e-13,0.04091938452775022,degree+betweenness+closeness+eigenvector+MCC,597,FALSE
GLDN,1,0.0016339869281045752,0,0.1502577952369261,3.4033892560807776e-7,0,3,1,2.067474694581505,Up,67,0,0,0.1983944918220716,3.3995851758744705e-7,0,0.03967896635611784,degree+betweenness+closeness+eigenvector+MCC,598,FALSE
LIN7A,1,0.0016339869281045752,0,0.14912280701754385,1.379887390401133e-6,0,8,1,1.1679060559579044,Up,24,0,0,0.19342981456865188,1.3795069827759548e-6,0,0.038686238815126936,degree+betweenness+closeness+eigenvector+MCC,599,FALSE
CDH11,2,0.0032679738562091504,0,0.14285714285714285,2.1649490216994062e-5,1,16,2,2.8048533073904114,Up,32,0.021739130434782608,0,0.16602248134395875,2.1649109817079606e-5,3.5501612405949985e-13,0.03755665217778269,degree+betweenness+closeness+eigenvector+MCC,600,FALSE
CDH19,2,0.0032679738562091504,0,0.14285714285714285,2.164949021699346e-5,1,16,2,2.622243853687152,Up,32,0.021739130434782608,0,0.16602248134395875,2.1649109817079003e-5,3.5501612405949985e-13,0.03755665217778269,degree+betweenness+closeness+eigenvector+MCC,600,FALSE
VAMP8,1,0.0016339869281045752,0,0.14736335179388393,8.926377019372378e-7,0,16,1,-1.622714003696343,Down,32,0,0,0.1857335872614915,8.922572941267061e-7,0,0.037146895903757124,degree+betweenness+closeness+eigenvector+MCC,602,FALSE
SPINK6,2,0.0032679738562091504,0.0032679738562091504,0.13249621130114744,2.0848671667864058e-7,0,2,2,-1.1391763166804658,Down,24,0.021739130434782608,0.02503906918236785,0.12070158695768339,2.081063086078522e-7,3.5501612405949985e-13,0.033495998936299495,degree+betweenness+closeness+eigenvector+MCC,603,FALSE
MAP1A,1,0.0016339869281045752,0,0.13880698571104558,9.592157277761326e-8,0,15,1,1.4370419208120753,Up,23,0,0,0.1483062419040913,9.554116466400418e-8,0,0.029661267489051197,degree+betweenness+closeness+eigenvector+MCC,604,FALSE
KLK8,2,0.0032679738562091504,0,0.13255360623781676,2.1722103057285072e-7,1,2,2,-1.569707435557948,Down,24,0.021739130434782608,0,0.12095264448557447,2.1684062250538494e-7,3.5501612405949985e-13,0.02853839835226692,degree+betweenness+closeness+eigenvector+MCC,605,FALSE
P2RY2,1,0.0016339869281045752,0,0.13572854291417166,1.2034537715659117e-7,0,3,1,-1.1297882239609338,Down,67,0,0,0.13484048545957739,1.199649690522731e-7,0,0.026968121084909286,degree+betweenness+closeness+eigenvector+MCC,606,FALSE
SORBS2,1,0.0016339869281045752,0,0.13539823008849558,2.0118326362795554e-6,0,2,1,1.2104311125340337,Up,24,0,0,0.13339562766797897,2.0114522288947743e-6,0,0.026679527824041573,degree+betweenness+closeness+eigenvector+MCC,607,FALSE
A2ML1,2,0.0032679738562091504,0.0032679738562091504,0.11717403790924756,9.11344844191916e-9,0,2,2,-2.209888887151009,Down,24,0.021739130434782608,0.02503906918236785,0.05367917702190243,8.73304029528757e-9,3.5501612405949985e-13,0.02009147707448964,degree+betweenness+closeness+eigenvector+MCC,608,FALSE
MUC20,1,0.0016339869281045752,0,0.12528147389969294,1.4469569525323878e-8,0,5,1,-1.8741572003483835,Down,30,0,0,0.08914280770806826,1.40891613807298e-8,0,0.01782856435944593,degree+betweenness+closeness+eigenvector+MCC,609,FALSE
CSGALNACT1,1,0.0016339869281045752,0,0.12358642972536349,5.824210999904791e-8,0,17,1,1.6252409928811955,Up,11,0,0,0.08172832788164731,5.7861701871105266e-8,0,0.016345677148669836,degree+betweenness+closeness+eigenvector+MCC,610,FALSE
KLK10,1,0.0016339869281045752,0,0.11712918660287082,9.097569668546401e-9,0,2,1,-2.086012911491168,Down,24,0,0,0.05348298797187338,8.71716152190877e-9,0,0.010696599337806981,degree+betweenness+closeness+eigenvector+MCC,611,FALSE
KLK12,1,0.0016339869281045752,0,0.11701720841300191,8.702528633181423e-9,0,2,1,-1.2677764665241886,Down,24,0,0,0.0529931718111172,8.322120486393515e-9,0,0.010598636026647536,degree+betweenness+closeness+eigenvector+MCC,612,FALSE
KLK6,1,0.0016339869281045752,0,0.10490229688035653,3.8040814995371037e-10,0,2,1,-2.331624471969082,Down,24,0,0,0,0,0,0,degree+betweenness+closeness+eigenvector+MCC,613,FALSE
