gene,degree,degree_norm,betweenness,closeness,eigenvector,clustering_coeff,module,MCC,logFC,direction,module_sz,degree_n,betweenness_n,closeness_n,eigenvector_n,MCC_n,hub_score,hub_components,hub_rank,is_hub
FN1,119,0.0926791277258567,0.12269914742594842,0.3539140022050717,1,0.11024070645207236,9,532903551.99999946,4.814732495126698,Up,110,1,1,1,1,1,1,degree+betweenness+closeness+eigenvector+MCC,1,TRUE
IL6,99,0.07710280373831775,0.09233433586645225,0.34525410056466793,0.8201166273817001,0.12574726860441146,7,6161994.000000015,3.223291993153987,Up,154,0.8305084745762712,0.7525263035929244,0.965383214238774,0.8201166273540115,0.011563054868816255,0.6760195349261595,degree+betweenness+closeness+eigenvector+MCC,2,TRUE
COL1A1,59,0.045950155763239874,0.01903302612429467,0.3046986236355007,0.48521286394776686,0.20572764465225016,9,490911396.9999993,3.6529420528633167,Up,110,0.4915254237288136,0.1551194651599475,0.8032681793807259,0.48521286386852785,0.9212012100103266,0.5712654284296683,degree+betweenness+closeness+eigenvector+MCC,3,TRUE
COL1A2,47,0.03660436137071651,0.00767276201384367,0.29483352468427093,0.4303523384531722,0.2913968547641073,9,531665037.99999946,3.2524230902204714,Up,110,0.3898305084745763,0.06253313225729092,0.7638337803438225,0.4303523383654888,0.9976759134036995,0.5288451345689756,degree+betweenness+closeness+eigenvector+MCC,4,TRUE
ITGA4,37,0.02881619937694704,0.007846352770436738,0.2995101469559132,0.40172160053309436,0.2987987987987988,9,520802277.99999946,2.4347982173861507,Up,110,0.3050847457627119,0.06394789968016835,0.7825279454724776,0.4017216004410039,0.9772918120412374,0.5061148006795199,degree+betweenness+closeness+eigenvector+MCC,5,TRUE
ITGA5,36,0.028037383177570093,0.009347289606671723,0.30254476908576816,0.36102616340863447,0.3142857142857143,9,524854793.99999946,1.541915615703334,Up,110,0.2966101694915254,0.0761805587305569,0.7946584370759096,0.36102616331028,0.9848964076428156,0.5026743472502175,degree+betweenness+closeness+eigenvector+MCC,6,TRUE
COL6A1,34,0.0264797507788162,0.0014702867989242756,0.2800436205016358,0.33394788527092,0.45276292335115864,9,529803437.99999946,2.409436543230928,Up,110,0.2796610169491525,0.011982860759579649,0.7047131383574696,0.33394788516839746,0.994182598344142,0.4648974999157483,degree+betweenness+closeness+eigenvector+MCC,7,TRUE
COL4A1,31,0.024143302180685357,9.337901411477032e-4,0.2788879235447437,0.3223430156170143,0.4989247311827957,9,530912787.99999946,3.6592395373817537,Up,110,0.2542372881355932,0.007610404479063439,0.7000933960528943,0.32234301551270544,0.996264307122247,0.45610968226050075,degree+betweenness+closeness+eigenvector+MCC,8,TRUE
ITGA1,28,0.021806853582554516,0.004091502279069837,0.2878923766816143,0.29487290566858676,0.4232804232804233,9,521158898.99999946,1.5460660901429115,Up,110,0.2288135593220339,0.03334580854801087,0.7360874798288294,0.2948729055600496,0.9779610156885593,0.4542161537894966,degree+betweenness+closeness+eigenvector+MCC,9,TRUE
FGF2,60,0.04672897196261682,0.03773271115990331,0.3267175572519084,0.5551038325966987,0.17966101694915254,6,502793.9999999998,1.675034779595299,Up,110,0.5,0.30752219515360374,0.8912858889738227,0.5551038325282178,9.434971845402477e-4,0.4509710827680369,degree+betweenness+closeness+eigenvector+MCC,10,TRUE
ITGA8,29,0.022585669781931463,0.004818385720637519,0.28127053669222346,0.2723379212329433,0.39162561576354676,9,524807723.99999946,2.4250259246645767,Up,110,0.23728813559322035,0.039269920139791664,0.709617569918031,0.2723379211209374,0.9848080802148755,0.4486643253973712,degree+betweenness+closeness+eigenvector+MCC,11,TRUE
COL6A2,29,0.022585669781931463,5.349996497506869e-4,0.27744165946413135,0.30590145961126003,0.539408866995074,9,529947599.99999946,1.5477038205512947,Up,110,0.23728813559322035,0.004360255641332559,0.6943121509635587,0.3059014595044204,0.9944531200918945,0.44726302435888526,degree+betweenness+closeness+eigenvector+MCC,12,TRUE
CXCL8,60,0.04672897196261682,0.032412162058683115,0.3157894736842105,0.5651023625061862,0.18022598870056497,7,5969190.000000015,2.114683421750268,Up,154,0.5,0.2641596354876431,0.847602352676044,0.5651023624392443,0.01120125581598915,0.43761312128378405,degree+betweenness+closeness+eigenvector+MCC,13,TRUE
THBS2,27,0.02102803738317757,0.0015832926448855773,0.28763440860215056,0.30742850616981193,0.45299145299145305,9,484295317.9999993,2.754357807734795,Up,110,0.22033898305084745,0.012903860198711882,0.7350562873152369,0.3074285060632074,0.908786057235336,0.43690273877266794,degree+betweenness+closeness+eigenvector+MCC,14,TRUE
CXCR4,53,0.04127725856697819,0.03812724424641539,0.3276346006634345,0.51093347550916135,0.20754716981132076,7,5942861.000000015,1.5722180312712926,Up,154,0.4406779661016949,0.3107376460739143,0.8949516460030289,0.5109334754338815,0.011151849127010267,0.43369051654790597,degree+betweenness+closeness+eigenvector+MCC,15,TRUE
COL6A3,24,0.018691588785046728,1.945769835835917e-4,0.27249575551782684,0.269423014584446,0.6376811594202898,9,529769519.99999946,2.7320615886265713,Up,110,0.19491525423728814,0.0015858055061142384,0.6745415687544007,0.2694230144719914,0.9941189508042891,0.4269169187548167,degree+betweenness+closeness+eigenvector+MCC,16,FALSE
TLR4,58,0.045171339563862926,0.026740355491394262,0.32547528517110264,0.5053198957994599,0.16515426497277677,7,1245052.9999999998,2.0651965708723883,Up,154,0.4830508474576271,0.2179343218952083,0.8863200743186346,0.5053198957233159,0.002336355232881533,0.41899229892553347,degree+betweenness+closeness+eigenvector+MCC,17,FALSE
PTPRC,57,0.04439252336448598,0.025677006755079078,0.3286409009470182,0.5098874164862347,0.20175438596491227,7,327553.0000000001,1.9924353834562896,Up,154,0.4745762711864407,0.20926801280812243,0.8989741953084103,0.5098874164107938,6.146553149915123e-4,0.4186641102057518,degree+betweenness+closeness+eigenvector+MCC,18,FALSE
ITGA10,21,0.016355140186915886,6.080006456130199e-4,0.27822318526543877,0.23609758764195773,0.6476190476190476,9,520792691.99999946,1.643097391432204,Up,110,0.1694915254237288,0.004955214916875941,0.6974361946714579,0.23609758752437351,0.9772738237955558,0.41705086926639845,degree+betweenness+closeness+eigenvector+MCC,19,FALSE
PECAM1,53,0.04127725856697819,0.020983122660081618,0.33324682065922656,0.5331557699932272,0.2039187227866473,7,112184.00000000003,3.827958069252512,Up,154,0.4406779661016949,0.17101278289439936,0.9173857365165724,0.5331557699213679,2.105127650012603e-4,0.4124885536398072,degree+betweenness+closeness+eigenvector+MCC,20,FALSE
ITGB2,54,0.04205607476635514,0.03133536087973949,0.32116058029014505,0.47172758875458687,0.1663172606568833,7,88024.00000000003,1.8084435072249032,Up,154,0.4491525423728814,0.25538368877950884,0.869072625018499,0.47172758867327214,1.6517623092363317e-4,0.40910032421501696,degree+betweenness+closeness+eigenvector+MCC,21,FALSE
CCL2,51,0.0397196261682243,0.017485280463463756,0.3200398803589232,0.5649794867409669,0.24705882352941178,7,5025034.000000015,2.3961849328721145,Up,154,0.423728813559322,0.1425053134457719,0.864592778591523,0.5649794866740061,0.009429535589639972,0.40104718557205266,degree+betweenness+closeness+eigenvector+MCC,22,FALSE
ITGAM,52,0.040498442367601244,0.01884011002219297,0.32212744606121424,0.5015519794893304,0.22322775263951736,7,578394.0000000002,1.6670203946795792,Up,154,0.4322033898305085,0.1535471958642857,0.8729375401926862,0.5015519794126064,0.001085361504750042,0.3922650933609674,degree+betweenness+closeness+eigenvector+MCC,23,FALSE
KIT,47,0.03660436137071651,0.029791726309572053,0.328472755180353,0.42330126926201717,0.15911193339500462,6,16196.000000000004,-1.9803010299223944,Down,110,0.3898305084745763,0.24280304251952525,0.8983020553438928,0.4233012691732484,3.0390114626952487e-5,0.390853453125174,degree+betweenness+closeness+eigenvector+MCC,24,FALSE
ICAM1,49,0.0381619937694704,0.013505368211950936,0.316256157635468,0.5477511609196619,0.2414965986394558,7,1001068,2.3624081258040235,Up,154,0.4067796610169492,0.11006896539441496,0.8494678586632609,0.5477511608500493,0.001878514410574834,0.38318923206704986,degree+betweenness+closeness+eigenvector+MCC,25,FALSE
BCL2,40,0.03115264797507788,0.05221749275576997,0.3267175572519084,0.2663873025012467,0.11153846153846153,2,2459,2.51232035498644,Up,100,0.3305084745762712,0.4255733951801446,0.8912858889738227,0.2663873023883248,4.61246691899038e-6,0.38275193471709645,degree+betweenness+closeness+eigenvector+MCC,26,FALSE
IGF1,45,0.035046728971962614,0.027391538958212155,0.3244882486732373,0.4202529561312893,0.2292929292929293,6,17515.000000000004,1.352130796739499,Up,110,0.3728813559322034,0.22324147749065282,0.8823745293916921,0.4202529560420513,3.2865234181935526e-5,0.3797566368181563,degree+betweenness+closeness+eigenvector+MCC,27,FALSE
CXCL12,41,0.031931464174454825,0.005982467056940197,0.3179791976225854,0.5199966758146646,0.30121951219512194,7,5228796.000000015,5.381358981227988,Up,154,0.3389830508474576,0.048757201516422474,0.8563554780114743,0.5199966757407798,0.009811897462848808,0.3547808607157966,degree+betweenness+closeness+eigenvector+MCC,28,FALSE
PRKACB,43,0.03348909657320872,0.06428006730666286,0.30535077288941737,0.03461070265915383,0.0753045404208195,11,318,3.362084442257778,Up,143,0.3559322033898305,0.5238835693251843,0.8058750578355398,0.034610702510555605,5.948543585516478e-7,0.3440604255830938,degree+betweenness+closeness+eigenvector+MCC,29,FALSE
MMP2,41,0.031931464174454825,0.008632208836728024,0.311046511627907,0.4711137675572785,0.2682926829268293,9,1417599.9999999995,4.493044831054223,Up,110,0.3389830508474576,0.07035263909993954,0.8286430032290879,0.4711137674758693,0.0026601417786386657,0.34235052048619863,degree+betweenness+closeness+eigenvector+MCC,30,FALSE
THBS1,43,0.03348909657320872,0.00872934254369855,0.309472161966739,0.4577047966161117,0.21705426356589147,9,490704.9999999999,1.7648294942524618,Up,110,0.3559322033898305,0.0711442803542453,0.8223497533520178,0.4577047965326385,9.208120288918855e-4,0.3416103691315248,degree+betweenness+closeness+eigenvector+MCC,31,FALSE
VWF,40,0.03115264797507788,0.01540267504794337,0.3104448742746615,0.39346807720621363,0.18333333333333335,7,28913.000000000007,1.1717055936423018,Up,154,0.3305084745762712,0.12553204623723418,0.8262380392666706,0.39346807711285275,5.425371991938563e-5,0.3351601781825896,degree+betweenness+closeness+eigenvector+MCC,32,FALSE
CD36,37,0.02881619937694704,0.018310863774703277,0.3139364303178484,0.3678045869641858,0.17867867867867868,7,32164.000000000007,-2.3391860089160152,Down,154,0.3050847457627119,0.14923383054274503,0.8401950623991735,0.3678045868668746,6.0354260990841174e-5,0.33247571596649916,degree+betweenness+closeness+eigenvector+MCC,33,FALSE
PIK3R1,45,0.035046728971962614,0.02784591591501148,0.3082093134901584,0.24024368854834702,0.11818181818181818,6,1338,1.592050728470074,Up,110,0.3728813559322034,0.22694465690413285,0.8173016873371891,0.24024368843140098,2.508896774080609e-6,0.33147477950034004,degree+betweenness+closeness+eigenvector+MCC,34,FALSE
VCAM1,35,0.027258566978193146,0.005121620523118366,0.3150920245398773,0.4719887864262465,0.36302521008403366,7,284694.0000000001,2.33914204195594,Up,154,0.288135593220339,0.041741288595418924,0.8448143940350256,0.47198878634497193,5.342298798080262e-4,0.32944285841511267,degree+betweenness+closeness+eigenvector+MCC,35,FALSE
FYN,42,0.03271028037383177,0.032289166738229756,0.3082093134901584,0.20653887055639025,0.12311265969802555,6,1074,2.725414033853186,Up,110,0.3474576271186441,0.2631572216727664,0.8173016873371891,0.20653887043425617,2.013497560649584e-6,0.32689148401208323,degree+betweenness+closeness+eigenvector+MCC,36,FALSE
RUNX2,33,0.02570093457943925,0.04309611270198918,0.3205192211682476,0.13739115907670557,0.06628787878787878,10,151,2.7156961308262577,Up,46,0.2711864406779661,0.35123400289312207,0.8665088786573225,0.1373911589439279,2.8147682581308257e-7,0.3252641525298329,degree+betweenness+closeness+eigenvector+MCC,37,FALSE
SCARB1,33,0.02570093457943925,0.026249863070665017,0.31059506531204645,0.26962738665106656,0.12878787878787878,7,1312,1.040032185220381,Up,154,0.2711864406779661,0.21393680087718112,0.8268384076288416,0.26962738653864343,2.4601074576063416e-6,0.31631829916601795,degree+betweenness+closeness+eigenvector+MCC,38,FALSE
CALML5,39,0.030373831775700934,0.05399525028339674,0.29241630608061947,0.019527313074837148,0.05802968960863698,11,159,-1.0594229895902698,Down,143,0.3220338983050847,0.440062147261325,0.7541712758472067,0.019527312923917205,2.9648892318978026e-7,0.30715898616529136,degree+betweenness+closeness+eigenvector+MCC,39,FALSE
CCL5,37,0.02881619937694704,0.004663971329451386,0.2974976830398517,0.40642987494794003,0.33183183183183185,7,5819055.000000015,1.4141893284634444,Up,154,0.3050847457627119,0.03801144039950394,0.7744833931060316,0.4064298748565743,0.010919525661032835,0.3069857959571709,degree+betweenness+closeness+eigenvector+MCC,40,FALSE
PDGFRB,35,0.027258566978193146,0.007196409162839806,0.31059506531204645,0.3559679648037012,0.2134453781512605,6,3766,2.7355162039088343,Up,110,0.288135593220339,0.05865084895706381,0.8268384076288416,0.3559679647045681,7.065068327908372e-6,0.3059199759158281,degree+betweenness+closeness+eigenvector+MCC,41,FALSE
PDGFRA,34,0.0264797507788162,0.01650693268346786,0.30261607353287767,0.2975301436857479,0.21746880570409982,6,2427,3.9216413804908337,Up,110,0.2796610169491525,0.13453176350251456,0.7949434669609946,0.29753014357761975,4.5524185294835885e-6,0.3013341886817622,degree+betweenness+closeness+eigenvector+MCC,42,FALSE
CCN2,33,0.02570093457943925,0.012582586457758763,0.30140845070422534,0.32739819208970655,0.2708333333333333,9,102722.00000000004,2.7375736262734875,Up,110,0.2711864406779661,0.10254827944385371,0.7901161580058003,0.3273981919861758,1.927572068289711e-4,0.29828836546412496,degree+betweenness+closeness+eigenvector+MCC,43,FALSE
SDC4,33,0.02570093457943925,0.01818187944311818,0.3047709470685972,0.262211771455781,0.16287878787878787,9,19525.000000000007,-1.250217081188456,Down,110,0.2711864406779661,0.1481826061920384,0.8035572825245003,0.2622117713422164,3.663702364783084e-5,0.2970349475520738,degree+betweenness+closeness+eigenvector+MCC,44,FALSE
SHC1,36,0.028037383177570093,0.013538877119454467,0.3097708082026538,0.22808615959076267,0.1634920634920635,6,1134,1.4156615513078492,Up,110,0.2966101694915254,0.11034206352269457,0.8235435512952675,0.22808615947194527,2.1260882909748167e-6,0.2917168139739447,degree+betweenness+closeness+eigenvector+MCC,45,FALSE
DCN,35,0.027258566978193146,0.005005354930569418,0.2962621135209968,0.3542707876599883,0.2957983193277311,9,468835.9999999998,1.358056706149826,Up,110,0.288135593220339,0.04079372216983217,0.7695443710358795,0.354270787560594,8.797745842005101e-4,0.290724849714169,degree+betweenness+closeness+eigenvector+MCC,46,FALSE
ENG,34,0.0264797507788162,0.009876582511456233,0.3012670107930549,0.3002193155853429,0.21212121212121213,10,4756,1.9762889312435084,Up,46,0.2796610169491525,0.08049430430979126,0.7895507710872895,0.3002193154776287,8.922815378274717e-6,0.2899868661278481,degree+betweenness+closeness+eigenvector+MCC,47,FALSE
PRKCA,28,0.021806853582554516,0.0382685371119859,0.30607866507747317,0.06928293761502825,0.06613756613756615,11,95,1.3007594246520782,Up,143,0.2288135593220339,0.3118891851720631,0.8087847084271398,0.06928293747176698,1.763921441761984e-7,0.2837541133570296,degree+betweenness+closeness+eigenvector+MCC,48,FALSE
TEK,33,0.02570093457943925,0.006095183534838945,0.2994402985074627,0.30617219151664493,0.19507575757575757,6,1209.9999999999998,1.6248394728008853,Up,110,0.2711864406779661,0.049675842601249694,0.7822487357451424,0.30617219140984697,2.268703216053445e-6,0.28185709582748425,degree+betweenness+closeness+eigenvector+MCC,49,FALSE
IL7,30,0.02336448598130841,0.0040854487446576005,0.3068100358422939,0.3125595531446931,0.2896551724137931,7,34374.00000000001,1.626790141776152,Up,154,0.2457627118644068,0.033296472146420224,0.8117082641589624,0.31255955303887833,6.450135289115392e-5,0.28067830051231174,degree+betweenness+closeness+eigenvector+MCC,50,FALSE
SERPINE1,27,0.02102803738317757,0.003705637680394578,0.30368968779564803,0.3410923554785273,0.3675213675213675,7,492831.9999999999,1.4315369794374426,Up,154,0.22033898305084745,0.03020100594122718,0.7992350947955558,0.3410923553771044,9.24803370281915e-4,0.27835844850700336,degree+betweenness+closeness+eigenvector+MCC,51,FALSE
LGALS3,25,0.019470404984423675,0.015481371373339353,0.30448185914156983,0.254597304475779,0.21,7,10646.000000000004,-1.3335600953862494,Down,154,0.2033898305084746,0.1261734225389194,0.8024016926284935,0.25459730436104233,1.997547207186843e-5,0.2773164451018003,degree+betweenness+closeness+eigenvector+MCC,52,FALSE
NT5E,22,0.017133956386292833,0.03565774967589511,0.296398891966759,0.14239671187054423,0.20779220779220778,11,1255,2.9138374337899213,Up,143,0.17796610169491525,0.290611226108277,0.7700911243767734,0.14239671173853702,2.35314626379737e-6,0.27621350341295325,degree+betweenness+closeness+eigenvector+MCC,53,FALSE
PPARG,26,0.020249221183800622,0.022546339415966073,0.30666348220683065,0.1656689412374936,0.12923076923076923,7,162,1.3314071883908678,Up,154,0.211864406779661,0.18375302427894435,0.8111224358191012,0.1656689411090686,3.021184597060419e-7,0.274481822021047,degree+betweenness+closeness+eigenvector+MCC,54,FALSE
COL3A1,37,0.02881619937694704,0.0023861481201935624,0.2797385620915033,0.32511555534188813,0.34384384384384387,9,7560734.000000014,4.760600675945179,Up,110,0.3050847457627119,0.019447145071921988,0.7034937086148791,0.32511555523800606,0.014187807504401526,0.27346579243838415,degree+betweenness+closeness+eigenvector+MCC,55,FALSE
CDH5,28,0.021806853582554516,0.012574012455037769,0.30147922047428977,0.2452311474997726,0.22486772486772486,6,2551,1.0376112312968866,Up,110,0.2288135593220339,0.10247840118552132,0.7903990505917,0.24523114738359425,4.785106038822403e-6,0.2733853887177776,degree+betweenness+closeness+eigenvector+MCC,56,FALSE
FBN1,35,0.027258566978193146,0.004798275346942459,0.28269484808454426,0.30757197826825483,0.3411764705882353,9,5319114.000000015,3.1368035158192615,Up,110,0.288135593220339,0.03910602027482157,0.7153110621045016,0.30757197816167237,0.00998138028920738,0.2720212068101084,degree+betweenness+closeness+eigenvector+MCC,57,FALSE
FLT1,31,0.024143302180685357,0.0025454940765703054,0.29756662804171496,0.3048328423375652,0.210752688172043,6,1365,2.1538325568266377,Up,110,0.2542372881355932,0.020745817146827085,0.7747589914278039,0.30483284223056106,2.559562602726964e-6,0.27091549970067763,degree+betweenness+closeness+eigenvector+MCC,58,FALSE
GNG2,32,0.024922118380062305,0.02889261536669697,0.29476584022038566,0.08823940194001123,0.10887096774193548,11,440,2.7487627504791687,Up,143,0.2627118644067797,0.2354752740570939,0.7635632208521594,0.08823940179966783,8.237888435462882e-7,0.2699981169809089,degree+betweenness+closeness+eigenvector+MCC,59,FALSE
SELE,23,0.01791277258566978,0.004887957917345835,0.30147922047428977,0.3191360186196265,0.3952569169960474,7,43695.00000000001,2.704849364602832,Up,154,0.1864406779661017,0.03983693464778003,0.7903990505917,0.319136018514824,8.199232284717888e-5,0.26717893480865057,degree+betweenness+closeness+eigenvector+MCC,60,FALSE
BGN,32,0.024922118380062305,0.0024526781552946303,0.2879569410181655,0.30568559108187676,0.34475806451612906,9,5161088.000000015,1.2984695687693737,Up,110,0.2627118644067797,0.019989365914501355,0.7363455670333976,0.3056855909750039,0.009684842576701127,0.26688344618127674,degree+betweenness+closeness+eigenvector+MCC,61,FALSE
PPARGC1A,23,0.01791277258566978,0.03599512535628493,0.3016917293233083,0.061397245763292474,0.10276679841897232,2,62,1.9655106343741484,Up,100,0.1864406779661017,0.29336084326102396,0.7912485259788703,0.06139724561881739,1.1446724249732023e-7,0.2664894814584112,degree+betweenness+closeness+eigenvector+MCC,62,FALSE
SCARB2,26,0.020249221183800622,0.0077641517574782055,0.30325932923948984,0.2517376530384165,0.1753846153846154,7,1284,-1.0896198862863835,Down,154,0.211864406779661,0.06327796011919348,0.7975147946631002,0.2517376529232397,2.407565116787899e-6,0.2648794444100622,degree+betweenness+closeness+eigenvector+MCC,63,FALSE
CSF1,27,0.02102803738317757,0.0019222147144964427,0.2941580756013746,0.31942978675474637,0.31054131054131057,7,258893.00000000015,1.1856707658573784,Up,154,0.22033898305084745,0.01566608044816726,0.7611337639734115,0.3194297866499891,4.85813989256004e-4,0.2634108856223343,degree+betweenness+closeness+eigenvector+MCC,64,FALSE
SYK,25,0.019470404984423675,0.01123938849121471,0.3062977099236641,0.18757339630189132,0.26666666666666666,6,1464.9999999999998,-1.2372908863281236,Down,110,0.2033898305084746,0.09160119468636017,0.8096603105791683,0.18757339617683796,2.747213819935685e-6,0.2584454958329322,degree+betweenness+closeness+eigenvector+MCC,65,FALSE
OCLN,23,0.01791277258566978,0.02388297038719218,0.2942929177171671,0.14253787150635208,0.1660079051383399,12,357.99999999999994,-1.703479201809314,Down,75,0.1864406779661017,0.1946465879203119,0.7616727770970944,0.1425378713743666,6.699148454351364e-7,0.257059716854544,degree+betweenness+closeness+eigenvector+MCC,66,FALSE
FLNA,20,0.01557632398753894,0.02240785380323452,0.30261607353287767,0.14373151038745796,0.17894736842105263,9,325.99999999999994,1.76367087322671,Up,110,0.16101694915254236,0.18262436433601253,0.7949434669609946,0.14373151025565623,6.098664559283454e-7,0.25646338011433234,degree+betweenness+closeness+eigenvector+MCC,67,FALSE
THY1,24,0.018691588785046728,0.007259365503657253,0.30147922047428977,0.23495840515713026,0.25724637681159424,7,3129,1.2659976390869714,Up,154,0.19491525423728814,0.059163944134480936,0.7903990505917,0.23495840503937068,5.869730074288815e-6,0.2558885047465828,degree+betweenness+closeness+eigenvector+MCC,68,FALSE
MMP3,24,0.018691588785046728,0.005077907060077982,0.3036178765665642,0.24401349765207497,0.26811594202898553,7,43587.00000000002,3.6360028437504104,Up,154,0.19491525423728814,0.04138502317746428,0.7989480391180585,0.2440134975357092,8.178965953259348e-5,0.2558687207456105,degree+betweenness+closeness+eigenvector+MCC,69,FALSE
IRS1,24,0.018691588785046728,0.004925183345940836,0.3074712643678161,0.22600291906285483,0.2971014492753623,6,1043,2.628677405690297,Up,110,0.19491525423728814,0.040140322481973974,0.8143514357742633,0.22600291894371677,1.95532568331488e-6,0.2550823773525851,degree+betweenness+closeness+eigenvector+MCC,70,FALSE
CCR1,27,0.02102803738317757,0.003845142504949714,0.291156462585034,0.25867242424634557,0.35327635327635326,7,5248375.000000015,1.1305603279477698,Up,154,0.22033898305084745,0.03133797247670641,0.7491352218375538,0.2586724241322362,0.009848637694666103,0.253866647838402,degree+betweenness+closeness+eigenvector+MCC,71,FALSE
FGF9,22,0.017133956386292833,0.004468301244238441,0.3062246601478655,0.24437058920945456,0.19913419913419914,6,247,-1.2415307438166758,Down,110,0.17796610169491525,0.03641672609775188,0.8093683039786627,0.24437058909314377,4.616219943334554e-7,0.2536244364972936,degree+betweenness+closeness+eigenvector+MCC,72,FALSE
CXCL1,24,0.018691588785046728,0.0013060248341583433,0.2887339779626715,0.2996103674563833,0.5289855072463768,7,5678784.000000015,3.4639594610203233,Up,154,0.19491525423728814,0.010644123138235801,0.7394516671432444,0.2996103673485753,0.01065630542214199,0.2510555434578971,degree+betweenness+closeness+eigenvector+MCC,73,FALSE
COL4A2,28,0.021806853582554516,0.0020183022594448367,0.27261146496815286,0.2549030450786341,0.42063492063492064,9,41917449.00000017,3.4675150003765003,Up,110,0.2288135593220339,0.01644919546537946,0.6750041016351204,0.2549030449639445,0.07865860139483329,0.25076570055626235,degree+betweenness+closeness+eigenvector+MCC,74,FALSE
FGFR1,30,0.02336448598130841,0.00862417407768821,0.28744123572867697,0.1995338676338788,0.20919540229885056,6,1162.9999999999998,1.6780947344145345,Up,110,0.2457627118644068,0.07028715568617203,0.7342841048755753,0.19953386751066646,2.1805071439653456e-6,0.24997400408879286,degree+betweenness+closeness+eigenvector+MCC,75,FALSE
FGF18,21,0.016355140186915886,0.0016404383883594947,0.3046986236355007,0.2621929870340922,0.30476190476190473,6,1116,1.0411498119949325,Up,110,0.1694915254237288,0.013369598915506193,0.8032681793807259,0.26219298692052473,2.092311071877247e-6,0.2496648765903115,degree+betweenness+closeness+eigenvector+MCC,76,FALSE
LYN,25,0.019470404984423675,0.009931733844268827,0.30084348641049674,0.17573688100565185,0.26333333333333336,6,1268.9999999999998,1.8450489430056536,Up,110,0.2033898305084746,0.08094378854802428,0.7878577896396403,0.17573688087877656,2.379417434206591e-6,0.24958613379847,degree+betweenness+closeness+eigenvector+MCC,77,FALSE
TGFB2,22,0.017133956386292833,0.004242296022532811,0.298465829846583,0.2545960306786043,0.37662337662337664,10,24090.000000000007,-2.2110489660832737,Down,46,0.17796610169491525,0.034574779951858495,0.7783534290470484,0.2545960305638675,4.5203301713408984e-5,0.2491071089118806,degree+betweenness+closeness+eigenvector+MCC,78,FALSE
TIMP1,21,0.016355140186915886,0.001892573539836166,0.29456297315898144,0.29400294936017624,0.4523809523809524,7,457874.9999999998,1.9566848305544848,Up,154,0.1694915254237288,0.015424504403980271,0.7627522872071543,0.2940029492515051,8.59206134282262e-4,0.24850609448413014,degree+betweenness+closeness+eigenvector+MCC,79,FALSE
RAC2,28,0.021806853582554516,0.024705307046728846,0.28834493599820343,0.0685532898777807,0.08730158730158731,6,121,1.631139272327106,Up,110,0.2288135593220339,0.2013486447543495,0.7378965244989812,0.06855328973440711,2.2518146065046605e-7,0.24732244869824652,degree+betweenness+closeness+eigenvector+MCC,80,FALSE
FGF5,21,0.016355140186915886,0.0014867913875124636,0.30247349823321557,0.2519974539280407,0.3,6,334,1.2296048704334033,Up,110,0.1694915254237288,0.012117373418668408,0.7943735414805229,0.25199745381290384,6.248785533050432e-7,0.24559610380287547,degree+betweenness+closeness+eigenvector+MCC,81,FALSE
BMP4,28,0.021806853582554516,0.011527163867419666,0.29308377082857795,0.14282418962129895,0.15873015873015872,10,394,2.0041777169721673,Up,46,0.2288135593220339,0.0939465685723412,0.7568393759183955,0.14282418948935754,7.374692836302763e-7,0.24448488615428238,degree+betweenness+closeness+eigenvector+MCC,82,FALSE
CCL3,23,0.01791277258566978,0.002505633170181253,0.29089261440869957,0.26379503356060935,0.4505928853754941,7,1030950.9999999997,1.1186296192524896,Up,154,0.1864406779661017,0.020420950126759898,0.7480805244318642,0.26379503344728844,0.0019345902238133157,0.2441343552391655,degree+betweenness+closeness+eigenvector+MCC,83,FALSE
BMP2,28,0.021806853582554516,0.007334402319457807,0.292616226071103,0.17630447751595454,0.20105820105820107,10,592,1.7601224298383285,Up,46,0.2288135593220339,0.059775495374849906,0.7549704289747279,0.17630447738916663,1.1090186937035452e-6,0.24397301401589444,degree+betweenness+closeness+eigenvector+MCC,84,FALSE
CD86,24,0.018691588785046728,0.00453815865117278,0.28667113194909577,0.25086916264133646,0.36231884057971014,7,153088.0000000001,1.142069823234964,Up,154,0.19491525423728814,0.036986065073611504,0.7312057191549691,0.250869162526026,2.8726961888831597e-4,0.24285269412215663,degree+betweenness+closeness+eigenvector+MCC,85,FALSE
CD68,23,0.01791277258566978,0.00467623009027627,0.289907428313389,0.2446500592601129,0.3557312252964427,7,88653.00000000004,1.042095802901045,Up,154,0.1864406779661017,0.03811134949489747,0.7441423762389116,0.24465005914384513,0.00016635655707987603,0.2427021638801672,degree+betweenness+closeness+eigenvector+MCC,86,FALSE
ABL1,20,0.01557632398753894,0.02138583644866245,0.3,0.09170215121984807,0.11578947368421054,6,75,1.1348923606033932,Up,110,0.16101694915254236,0.17429490666648081,0.7844860667752094,0.09170215108003768,1.3886190073445406e-7,0.2423000425072342,degree+betweenness+closeness+eigenvector+MCC,87,FALSE
PIK3R3,27,0.02102803738317757,0.006100660309653158,0.2952402851230168,0.17270810626927804,0.16809116809116809,6,511.99999999999994,1.9018639341309171,Up,110,0.22033898305084745,0.04972047840295743,0.765459750193008,0.17270810614193655,9.588977199365679e-7,0.24164565533729387,degree+betweenness+closeness+eigenvector+MCC,88,FALSE
EPHA2,29,0.022585669781931463,0.00418211139564392,0.2893195132942767,0.18756855431789812,0.1206896551724138,6,166,-1.0354706882753533,Down,110,0.23728813559322035,0.034084274286974275,0.7417922654515713,0.18756855419284402,3.096245083943908e-7,0.24014670782982367,degree+betweenness+closeness+eigenvector+MCC,89,FALSE
COL5A1,29,0.022585669781931463,0.0012181827076749776,0.27278521351179097,0.25658562943112145,0.43842364532019706,9,6661118.000000015,1.659609941023822,Up,110,0.23728813559322035,0.009928208412451905,0.6756986379429444,0.2565856293166909,0.012499667130197114,0.23840005567910091,degree+betweenness+closeness+eigenvector+MCC,90,FALSE
CD163,24,0.018691588785046728,0.00773787178720451,0.2833811520635621,0.21118949848721744,0.2898550724637681,7,94480.00000000006,3.1531649083304343,Up,154,0.19491525423728814,0.0630637779441335,0.7180544694542912,0.2111894983657992,1.772909935066283e-4,0.23748005819900375,degree+betweenness+closeness+eigenvector+MCC,91,FALSE
MMP1,20,0.01557632398753894,0.0013488171360089094,0.29241630608061947,0.2515058155507972,0.4368421052631579,7,406579.9999999998,3.781580861371495,Up,154,0.16101694915254236,0.01099288107786527,0.7541712758472067,0.2515058154355847,7.629504424150483e-4,0.23568997439112285,degree+betweenness+closeness+eigenvector+MCC,92,FALSE
ANGPT1,22,0.017133956386292833,0.003945588567596963,0.28905898244034217,0.21396600730115753,0.3116883116883117,6,847,3.141202906510921,Up,110,0.17796610169491525,0.03215660948237811,0.7407508285935864,0.21396600718016667,1.5875292975857855e-6,0.2329682268960688,degree+betweenness+closeness+eigenvector+MCC,93,FALSE
ITGA9,23,0.01791277258566978,0.001347797605974055,0.2798605056669573,0.25075672450683484,0.4031620553359684,9,4053346.000000015,1.550722300652347,Up,110,0.1864406779661017,0.010984571891890935,0.7039811615677805,0.25075672439150704,0.0076061512301688885,0.2319538574094898,degree+betweenness+closeness+eigenvector+MCC,94,FALSE
VEGFC,23,0.01791277258566978,0.0032259056665365758,0.2893195132942767,0.19941434294904214,0.3122529644268775,6,1009,3.303236066397611,Up,110,0.1864406779661017,0.02629118241007729,0.7417922654515713,0.1994143428258114,1.8915242694639147e-6,0.23078807203556623,degree+betweenness+closeness+eigenvector+MCC,95,FALSE
ITGA7,22,0.017133956386292833,0.0024224237908536273,0.28539675483440763,0.2260007633982644,0.34199134199134196,9,406924.9999999998,1.112037213984621,Up,110,0.17796610169491525,0.019742792363863917,0.7261115689682804,0.226000763279126,7.635978391144183e-4,0.23011696482906002,degree+betweenness+closeness+eigenvector+MCC,96,FALSE
CXCL2,21,0.016355140186915886,3.85227966914252e-4,0.2816407106821671,0.2537685072025901,0.5761904761904761,7,5650590.000000015,3.0419372181005526,Up,154,0.1694915254237288,0.0031396140478216882,0.711097290385579,0.25376850708772586,0.010603399037962162,0.2296200671965635,degree+betweenness+closeness+eigenvector+MCC,97,FALSE
LUM,26,0.020249221183800622,0.003119733712658715,0.272264631043257,0.2296124133127065,0.40615384615384614,9,1746919.9999999993,2.0149655202494294,Up,110,0.211864406779661,0.025425879299948204,0.6736176799214108,0.229612413194124,0.0032781147671504278,0.22875969879245886,degree+betweenness+closeness+eigenvector+MCC,98,FALSE
ANGPT2,19,0.014797507788161994,5.332799089272352e-4,0.292616226071103,0.22844806288636402,0.4970760233918129,6,1932,1.7492516191739536,Up,110,0.15254237288135594,0.004346239726311718,0.7549704289747279,0.22844806276760232,3.623545004300416e-6,0.22806214557900045,degree+betweenness+closeness+eigenvector+MCC,99,FALSE
TYROBP,27,0.02102803738317757,0.006690676084017308,0.2812089356110381,0.15043066125075438,0.23646723646723647,6,1346.9999999999998,1.690005205175984,Up,110,0.22033898305084745,0.05452911633355297,0.7093713279260776,0.15043066111998382,2.525785383629394e-6,0.22693452284316912,degree+betweenness+closeness+eigenvector+MCC,100,FALSE
CYBB,18,0.014018691588785047,0.0082573067052104,0.2970159611380985,0.15012737345443497,0.22875816993464052,7,144,1.7685596850015948,Up,154,0.1440677966101695,0.06729718077457597,0.7725577749452344,0.15012737332361772,2.68341240608472e-7,0.2268100787989676,degree+betweenness+closeness+eigenvector+MCC,101,FALSE
LOX,21,0.016355140186915886,0.006714742153829186,0.2789485118401043,0.20419068544815638,0.3619047619047619,9,87759.00000000004,2.399222566623743,Up,110,0.1694915254237288,0.05472525518469211,0.7003355895704685,0.20419068532566087,1.6467895519803007e-4,0.22578154689194968,degree+betweenness+closeness+eigenvector+MCC,102,FALSE
HSPG2,23,0.01791277258566978,0.0021647290913827874,0.28232189973614774,0.20864061378637352,0.32806324110671936,9,4378,1.6403398134511775,Up,110,0.1864406779661017,0.017642576470951014,0.7138202515142045,0.20864061366456296,8.21349377722575e-6,0.2253104666219195,degree+betweenness+closeness+eigenvector+MCC,103,FALSE
PGF,19,0.014797507788161994,9.69436079486511e-4,0.291156462585034,0.2157926504954416,0.4444444444444444,6,1506.9999999999998,1.4683952544362224,Up,110,0.15254237288135594,0.00790091944258689,0.7491352218375538,0.21579265037473191,2.8260273311633485e-6,0.22507479811271197,degree+betweenness+closeness+eigenvector+MCC,104,FALSE
LPL,21,0.016355140186915886,0.01963455544930937,0.2835062927798631,0.07717623499188209,0.15238095238095237,5,178.99999999999997,2.742821485567242,Up,39,0.1694915254237288,0.16002193871118173,0.7185547025453908,0.07717623484983578,3.340191666315246e-7,0.22504894710986073,degree+betweenness+closeness+eigenvector+MCC,105,FALSE
IL15,25,0.019470404984423675,0.003156085026300121,0.27804244261585104,0.19425609406924285,0.25,7,2227,1.09610869984882,Up,154,0.2033898305084746,0.02572214308338928,0.6967137003708872,0.19425609394521814,4.177116095066145e-6,0.22401718900481282,degree+betweenness+closeness+eigenvector+MCC,106,FALSE
F3,17,0.0132398753894081,0.004987153556134196,0.2899728997289973,0.19587416570423624,0.375,7,15196.000000000005,2.317767557369942,Up,154,0.13559322033898305,0.0406453806791449,0.7444040893693498,0.19587416558046059,2.851360245486527e-5,0.22330907391407867,degree+betweenness+closeness+eigenvector+MCC,107,FALSE
IGF2,24,0.018691588785046728,0.0054855804703782506,0.28108581436077057,0.16678046398124474,0.18840579710144925,6,565,1.623902989655135,Up,110,0.19491525423728814,0.04470756794531858,0.7088791673773619,0.16678046385299083,1.0583528650571903e-6,0.22305670235316494,degree+betweenness+closeness+eigenvector+MCC,108,FALSE
C3,25,0.019470404984423675,0.01158085953299676,0.27636676711149377,0.12661310515614496,0.15,1,243.99999999999997,4.380136786917788,Up,71,0.2033898305084746,0.09438418909948872,0.6900154141375848,0.12661310502170825,4.559924578171937e-7,0.22288059895194284,degree+betweenness+closeness+eigenvector+MCC,109,FALSE
IL7R,19,0.014797507788161994,0.0059645324472819726,0.2936199405442488,0.1508845219010671,0.2456140350877193,7,308,1.379863218068916,Up,154,0.15254237288135594,0.04861103416290399,0.7589826418525533,0.1508845217703664,5.760892368307756e-7,0.22220422935128328,degree+betweenness+closeness+eigenvector+MCC,110,FALSE
AIF1,20,0.01557632398753894,0.005790639808959747,0.2827571019599207,0.18094310498240393,0.3736842105263158,7,41784.00000000002,1.7424217870540897,Up,154,0.16101694915254236,0.04719380639914,0.7155599135529589,0.18094310485633,7.840630808632023e-5,0.2209584360538115,degree+betweenness+closeness+eigenvector+MCC,111,FALSE
FOXO3,19,0.014797507788161994,0.022733788840607234,0.28539675483440763,0.03256443566396428,0.07602339181286549,2,36,1.167435873683864,Up,100,0.15254237288135594,0.1852807400664912,0.7261115689682804,0.03256443551505109,6.56779260230526e-8,0.21929983662182098,degree+betweenness+closeness+eigenvector+MCC,112,FALSE
LAMC1,21,0.016355140186915886,0.002264626734644824,0.2757731958762887,0.2120364570341317,0.4904761904761905,9,1113464.9999999995,1.3548050300751306,Up,110,0.1694915254237288,0.018456743849924264,0.6876426933912827,0.21203645691284384,0.00208942874918092,0.21794336966539207,degree+betweenness+closeness+eigenvector+MCC,113,FALSE
CD47,15,0.011682242990654205,0.003606129059121371,0.29341864716636196,0.18159433350216483,0.34285714285714286,7,218.99999999999997,1.2214949436854765,Up,154,0.11864406779661017,0.029390009097640613,0.7581779987946055,0.18159433337619116,4.0907965351501326e-7,0.21756136362894019,degree+betweenness+closeness+eigenvector+MCC,114,FALSE
FGFR3,24,0.018691588785046728,0.0025682703142611055,0.2795558458523841,0.167627806738108,0.1956521739130435,6,434.99999999999994,-1.1550049799723947,Down,110,0.19491525423728814,0.020931443845696743,0.7027633251570375,0.16762780660998453,8.14406282685852e-7,0.21724772885125793,degree+betweenness+closeness+eigenvector+MCC,115,FALSE
FCGR2A,18,0.014018691588785047,0.00464754017272146,0.28763440860215056,0.16530415881782431,0.32026143790849676,7,1349,1.3788035673835315,Up,154,0.1440677966101695,0.03787752621122612,0.7350562873152369,0.16530415868934317,2.5295384079735684e-6,0.21646165967287673,degree+betweenness+closeness+eigenvector+MCC,116,FALSE
SOX2,19,0.014797507788161994,0.02111925368727441,0.2785249457700651,0.04905823095861585,0.09941520467836257,16,40,1.3012532863797142,Up,78,0.15254237288135594,0.17212225292779915,0.698642441482751,0.04905823081224147,7.318397471140147e-8,0.21447307425762446,degree+betweenness+closeness+eigenvector+MCC,117,FALSE
PXDN,12,0.009345794392523364,0.004327449312985497,0.2993006993006993,0.15413626565315935,0.37878787878787884,7,212.99999999999997,2.167549334858438,Up,154,0.09322033898305085,0.03526878062129327,0.7816907067935873,0.15413626552295917,3.9782058048248996e-7,0.21286329794829423,degree+betweenness+closeness+eigenvector+MCC,118,FALSE
EPCAM,17,0.0132398753894081,0.014646148030136499,0.28077848239667613,0.097167965770038,0.18382352941176472,18,112,-1.5433386802785876,Down,38,0.13559322033898305,0.11936633902836011,0.7076506494102528,0.09716796563106894,2.0829285110168108e-7,0.21195567654030323,degree+betweenness+closeness+eigenvector+MCC,119,FALSE
FCER1G,20,0.01557632398753894,0.0014674396410750232,0.28731259789662117,0.15089042670638608,0.39473684210526316,7,1877.9999999999998,2.445295844968709,Up,154,0.16101694915254236,0.011959656377895003,0.7337698925371479,0.15089042657568627,3.5222133470077056e-6,0.2115280893713237,degree+betweenness+closeness+eigenvector+MCC,120,FALSE
NRP1,23,0.01791277258566978,0.009300868395127752,0.2757731958762887,0.10732515356511006,0.15810276679841898,6,202,1.7253164162788428,Up,110,0.1864406779661017,0.07580222511929861,0.6876426933912827,0.10732515342770445,3.771789465895306e-7,0.2114422254166668,degree+betweenness+closeness+eigenvector+MCC,121,FALSE
ANPEP,15,0.011682242990654205,0.011546564020968873,0.2858414959928762,0.1155959037586311,0.24761904761904763,7,299.99999999999994,2.271181975704753,Up,154,0.11864406779661017,0.09410468013184421,0.727889361608566,0.11559590362249857,5.610771394540777e-7,0.21124691484733166,degree+betweenness+closeness+eigenvector+MCC,122,FALSE
NTRK2,20,0.01557632398753894,0.003221718812984251,0.28667113194909577,0.1373812908635724,0.20526315789473684,6,147,-1.3739541860100903,Down,110,0.16101694915254236,0.026257059487138062,0.7312057191549691,0.1373812907307932,2.7397077712473367e-7,0.21117225849924398,degree+betweenness+closeness+eigenvector+MCC,123,FALSE
POSTN,20,0.01557632398753894,9.549789541848803e-4,0.27336597828401105,0.20564900397587327,0.4947368421052632,9,1332130.9999999995,6.186973602000372,Up,110,0.16101694915254236,0.007783093641797557,0.6780201665852342,0.2056490038536022,0.0024997581598025435,0.21099379427859577,degree+betweenness+closeness+eigenvector+MCC,124,FALSE
CCL19,17,0.0132398753894081,1.9664272259806815e-4,0.27768166089965396,0.2097950819758684,0.6323529411764706,7,4374774.000000015,1.6178558451345069,Up,154,0.13559322033898305,0.0016026413118864274,0.6952715242475589,0.20979508185423554,0.008209314784618539,0.2100943565074565,degree+betweenness+closeness+eigenvector+MCC,125,FALSE
COMP,14,0.010903426791277258,0.010580753373988533,0.2825082508250825,0.135905210180038,0.2857142857142857,9,118,1.6253093348220995,Up,110,0.11016949152542373,0.08623330802175497,0.7145651647926566,0.1359052100470316,2.195519241342044e-7,0.20937467878775823,degree+betweenness+closeness+eigenvector+MCC,126,FALSE
MRC1,17,0.0132398753894081,0.0010753142230539039,0.28419654714475434,0.17516355928716085,0.4117647058823529,7,86551.00000000004,3.7746358359478354,Up,154,0.13559322033898305,0.008763827994019919,0.7213139010285131,0.1751635591601973,1.6241212849414871e-4,0.20819938413004152,degree+betweenness+closeness+eigenvector+MCC,127,FALSE
GNB5,21,0.016355140186915886,0.012236625168521713,0.28763440860215056,0.036236153463790555,0.22380952380952382,11,415,-1.0112754949328329,Down,143,0.1694915254237288,0.09972868944266121,0.7350562873152369,0.036236153315442526,7.768760392441078e-7,0.20810268647462174,degree+betweenness+closeness+eigenvector+MCC,128,FALSE
CLU,20,0.01557632398753894,0.009572537578618454,0.2867351496203662,0.06537897992441084,0.11578947368421054,1,58,-2.5098878785766914,Down,71,0.16101694915254236,0.07801633327889003,0.7314616211390013,0.06537897978054864,1.0696119380897136e-7,0.20717479806243527,degree+betweenness+closeness+eigenvector+MCC,129,FALSE
LAMA4,19,0.014797507788161994,0.002650849812811561,0.27261146496815286,0.18089184996210253,0.5438596491228069,9,754447.9999999997,3.882061881580469,Up,110,0.15254237288135594,0.0216044680702562,0.6750041016351204,0.18089184983602072,0.0014157289786946839,0.2062917042802896,degree+betweenness+closeness+eigenvector+MCC,130,FALSE
GPX3,16,0.012461059190031152,0.015683305547670143,0.2835062927798631,0.05717413129335546,0.20833333333333334,2,72,3.5687583830904694,Up,100,0.1271186440677966,0.12781918926645644,0.7185547025453908,0.05717413114823033,1.3323236421819241e-7,0.2061333600520477,degree+betweenness+closeness+eigenvector+MCC,131,FALSE
WNT5A,22,0.017133956386292833,0.01608359810261698,0.2761290322580645,0.027284318817780595,0.27272727272727276,14,4503.000000000001,1.2313600554908728,Up,38,0.17796610169491525,0.1310815799459713,0.6890651012090012,0.02728431866805465,8.448057798736652e-6,0.20508110991514822,degree+betweenness+closeness+eigenvector+MCC,132,FALSE
TGFA,19,0.014797507788161994,0.0016807493483509085,0.28096280087527353,0.1498775072064192,0.3157894736842105,6,600.9999999999999,-1.5094203363805372,Down,110,0.15254237288135594,0.013698133879579537,0.7083874376037436,0.1498775070755635,1.12590730325233e-6,0.20490131546950913,degree+betweenness+closeness+eigenvector+MCC,133,FALSE
MSN,12,0.009345794392523364,0.009965104088731662,0.2910244786944696,0.09673354645976365,0.13636363636363635,7,24,2.732264790781792,Up,154,0.09322033898305085,0.08121575657032024,0.7486076340827131,0.09673354632072771,4.315977995800599e-8,0.2039554638233184,degree+betweenness+closeness+eigenvector+MCC,134,FALSE
TGFBR1,18,0.014018691588785047,0.004025826979744039,0.2833811520635621,0.12174604253075998,0.30718954248366015,10,351,1.2597314575681615,Up,46,0.1440677966101695,0.03281055381557327,0.7180544694542912,0.12174604239557411,6.567792602305259e-7,0.20333590381097366,degree+betweenness+closeness+eigenvector+MCC,135,FALSE
VCAN,18,0.014018691588785047,0.0019817263095005967,0.27618842761884277,0.16348160926318842,0.35947712418300654,9,8124.000000000002,3.332303550763396,Up,110,0.1440677966101695,0.01615110089250303,0.6893025261318987,0.16348160913442672,1.5242908373864467e-5,0.20260365513547435,degree+betweenness+closeness+eigenvector+MCC,136,FALSE
TNFAIP6,11,0.008566978193146417,0.0029171037442761415,0.28834493599820343,0.16526715766835007,0.4,7,758.0000000000001,2.516256576365158,Up,154,0.0847457627118644,0.023774441839839813,0.7378965244989812,0.1652671575398632,1.4205197142700234e-6,0.2023370614220526,degree+betweenness+closeness+eigenvector+MCC,137,FALSE
TGFBR2,15,0.011682242990654205,0.0055243522082188265,0.2850166481687014,0.1228771225941221,0.2761904761904762,10,186,3.273527172708773,Up,46,0.11864406779661017,0.045023558224419544,0.7245921439725305,0.12287712245911034,3.4715475183613514e-7,0.20222744792148445,degree+betweenness+closeness+eigenvector+MCC,138,FALSE
CD69,14,0.010903426791277258,0.0033592236140472295,0.28476380572188953,0.14720433546029696,0.3076923076923077,7,243.99999999999997,2.5305943469483476,Up,154,0.11016949152542373,0.027377725799395576,0.7235814404823435,0.14720433532902977,4.559924578171937e-7,0.20166668982573008,degree+betweenness+closeness+eigenvector+MCC,139,FALSE
GPX2,15,0.011682242990654205,0.014798715516907182,0.2831312017640573,0.05184236665126243,0.2095238095238095,2,64,-1.3342059698203688,Down,100,0.11864406779661017,0.12060976646833284,0.71705532693187,0.051842366505316595,1.1822026684149467e-7,0.20163032918447935,degree+betweenness+closeness+eigenvector+MCC,140,FALSE
MUC1,15,0.011682242990654205,0.01067983801485182,0.27798224723966225,0.09170293656132096,0.13333333333333333,18,46,2.2810326585286766,Up,38,0.11864406779661017,0.08704084941826781,0.6964730774945693,0.09170293642151069,8.444304774392476e-8,0.19877220311480118,degree+betweenness+closeness+eigenvector+MCC,141,FALSE
CADM1,12,0.009345794392523364,0.01446929459996607,0.28065573770491803,0.0746537090693193,0.07575757575757576,13,15,-1.5794081140022307,Down,58,0.09322033898305085,0.1179249807640155,0.7071599941032578,0.07465370892688472,2.6271170409221038e-8,0.19859180980967586,degree+betweenness+closeness+eigenvector+MCC,142,FALSE
GNB4,18,0.014018691588785047,0.007068708226907211,0.2899728997289973,0.04458999951881682,0.3006535947712418,11,374,4.209956341237319,Up,143,0.1440677966101695,0.057610084301305584,0.7444040893693498,0.04458999937175467,6.99939040188532e-7,0.19813453391832395,degree+betweenness+closeness+eigenvector+MCC,143,FALSE
TGFB3,19,0.014797507788161994,0.007602460641688887,0.2695214105793451,0.11302879796147976,0.1929824561403509,10,213,1.123552064211017,Up,46,0.15254237288135594,0.06196017495783445,0.6626520270724228,0.11302879782495208,3.9782058048249e-7,0.19803675411142915,degree+betweenness+closeness+eigenvector+MCC,144,FALSE
SOX9,14,0.010903426791277258,0.011950130702269149,0.28667113194909577,0.04894162895886439,0.10989010989010989,10,26,1.6874573150160694,Up,46,0.11016949152542373,0.09739375499313319,0.7312057191549691,0.04894162881247206,4.691280430218042e-8,0.1975421282797605,degree+betweenness+closeness+eigenvector+MCC,145,FALSE
BMP7,16,0.012461059190031152,0.0035051060895942327,0.2852699400133304,0.10383156049094061,0.3,10,279,-1.142667125754631,Down,46,0.1271186440677966,0.028566670291736457,0.7256046438697208,0.10383156035299725,5.216703838402464e-7,0.19702440805052698,degree+betweenness+closeness+eigenvector+MCC,146,FALSE
ITIH4,12,0.009345794392523364,0.005172411645187203,0.2836315440689198,0.1304652321543384,0.2424242424242424,7,152.99999999999997,-1.213729299695971,Down,154,0.09322033898305085,0.04215523704684961,0.719055377636129,0.13046523202049462,2.852298501572569e-7,0.19697929418327487,degree+betweenness+closeness+eigenvector+MCC,147,FALSE
A2M,14,0.010903426791277258,0.0036454693162838313,0.2825082508250825,0.13029701321528525,0.34065934065934067,1,1466.0000000000002,4.245372525267129,Up,71,0.11016949152542373,0.0297106328182431,0.7145651647926566,0.13029701308141559,2.7490903321077732e-6,0.19694901026161424,degree+betweenness+closeness+eigenvector+MCC,148,FALSE
NID1,17,0.0132398753894081,5.630994409147771e-4,0.272322375397667,0.1694758238165975,0.4411764705882353,9,2052,3.724138195315452,Up,110,0.13559322033898305,0.004589269385548255,0.6738485051696106,0.1694758236887585,3.848726464950882e-6,0.19670213346187307,degree+betweenness+closeness+eigenvector+MCC,149,FALSE
IGFBP3,11,0.008566978193146417,5.297069929509528e-4,0.2882801975752133,0.14888816873259123,0.4727272727272728,6,162,3.510443329380501,Up,110,0.0847457627118644,0.004317120404366643,0.7376377414074142,0.14888816860158322,3.021184597060419e-7,0.19511781904873765,degree+betweenness+closeness+eigenvector+MCC,150,FALSE
IL1R1,14,0.010903426791277258,5.533047230670941e-4,0.27931259517076357,0.1531162406538096,0.42857142857142855,7,1864,2.883750249216373,Up,154,0.11016949152542373,0.004509442279548237,0.7017909634511444,0.1531162405234524,3.495942176598485e-6,0.1939179267443491,degree+betweenness+closeness+eigenvector+MCC,151,FALSE
CLEC7A,15,0.011682242990654205,0.006915875251699097,0.27583243823845327,0.10269850184004362,0.2380952380952381,7,106,-1.8513315469172615,Down,154,0.11864406779661017,0.056364493126351806,0.6878795067229114,0.10269850170192585,1.9703377806915778e-7,0.19311735327631546,degree+betweenness+closeness+eigenvector+MCC,152,FALSE
RRAS,17,0.0132398753894081,0.009988741843811646,0.28182616330114135,0.03413581050961957,0.058823529411764705,12,21,1.557161166622281,Up,75,0.13559322033898305,0.08140840464959276,0.7118386121518606,0.03413581036094825,3.753024344174434e-8,0.19259521700632562,degree+betweenness+closeness+eigenvector+MCC,153,FALSE
SNCA,10,0.00778816199376947,0.014538876462974743,0.2878278412911903,0.03230061426383802,0.06666666666666667,14,11,2.0290480482810436,Up,38,0.07627118644067797,0.11849207405250528,0.7358295083324902,0.03230061411488421,1.876512172087217e-8,0.19257868034113584,degree+betweenness+closeness+eigenvector+MCC,154,FALSE
SDC2,12,0.009345794392523364,0.003592379522589053,0.2870556673373575,0.10707876909669241,0.3333333333333333,9,371.9999999999999,1.7942035349704888,Up,110,0.09322033898305085,0.02927795015655778,0.7327428473702551,0.10707876895924887,6.961860158443573e-7,0.19246412033102567,degree+betweenness+closeness+eigenvector+MCC,155,FALSE
HCLS1,18,0.014018691588785047,0.011172297152164778,0.2715161767815606,0.05221332919471163,0.13071895424836602,6,64,2.082812292688147,Up,110,0.1440677966101695,0.09105439920768399,0.6706258352209653,0.05221332904882291,1.1822026684149467e-7,0.1915922956615817,degree+betweenness+closeness+eigenvector+MCC,156,FALSE
ADCY9,23,0.01791277258566978,0.008095035218893988,0.2755364806866953,0.014702947054249333,0.31620553359683795,11,558,1.3716265672760164,Up,143,0.1864406779661017,0.06597466558420478,0.6866964564309977,0.014702946902586793,1.0452172798525798e-6,0.19076315842023417,degree+betweenness+closeness+eigenvector+MCC,157,FALSE
COL14A1,16,0.012461059190031152,0.0012823784860237063,0.2698045807942845,0.15101139378042222,0.5,9,61940.00000000002,3.511232699388828,Up,110,0.1271186440677966,0.010451405025431406,0.6637839617145881,0.15101139364974103,1.1622928742691017e-4,0.1904963267489968,degree+betweenness+closeness+eigenvector+MCC,158,FALSE
ACTA2,19,0.014797507788161994,0.006325820277494947,0.26650062266500624,0.09645436714731573,0.3859649122807018,8,86552.00000000004,2.7483346680483356,Up,29,0.15254237288135594,0.05155553571643777,0.6505768358747669,0.09645436700823683,1.624140050063208e-4,0.19025830509716074,degree+betweenness+closeness+eigenvector+MCC,159,FALSE
HAVCR2,13,0.010124610591900311,0.005756135854592411,0.28127053669222346,0.09013797005395506,0.23076923076923075,7,74,1.0042770515712487,Up,154,0.1016949152542373,0.0469125986231189,0.709617569918031,0.0901379699139039,1.3698538856236684e-7,0.18967263813893592,degree+betweenness+closeness+eigenvector+MCC,160,FALSE
SDC3,12,0.009345794392523364,0.00326509034803228,0.2833811520635621,0.09535771977954476,0.30303030303030304,9,161.99999999999997,1.212270553590697,Up,110,0.09322033898305085,0.026610538186525153,0.7180544694542912,0.09535771964029705,3.0211845970604185e-7,0.18664867367652477,degree+betweenness+closeness+eigenvector+MCC,161,FALSE
C1QA,22,0.017133956386292833,0.004297798933732402,0.26145387904703726,0.08787359461295678,0.2510822510822511,1,730.9999999999999,1.602203502745569,Up,71,0.17796610169491525,0.03502712955952866,0.6304031607143039,0.08787359447255708,1.3698538856236681e-6,0.1862542712590381,degree+betweenness+closeness+eigenvector+MCC,162,FALSE
ENPP1,22,0.017133956386292833,0.019368772191634555,0.25014611338398596,0.007532749138486687,0.2207792207792208,11,281,1.738493819306805,Up,143,0.17796610169491525,0.15785580094045906,0.5852018965833474,0.007532748985720469,5.254234081844208e-7,0.1857114147255701,degree+betweenness+closeness+eigenvector+MCC,163,FALSE
THBD,13,0.010124610591900311,0.008789337783216397,0.2715161767815606,0.08083915947954125,0.21794871794871795,7,67,-1.294537505685767,Down,154,0.1016949152542373,0.07163324250904801,0.6706258352209653,0.08083915933805877,1.2384980335775632e-7,0.18495865523442254,degree+betweenness+closeness+eigenvector+MCC,164,FALSE
CXCL6,11,0.008566978193146417,1.377016429026774e-5,0.2706576728499157,0.16264534770974956,0.9636363636363636,7,3991680.000000015,1.5579534302413165,Up,154,0.0847457627118644,1.1222705763769328e-4,0.6671940818465083,0.16264534758085913,0.007490434230564958,0.18443757068548688,degree+betweenness+closeness+eigenvector+MCC,165,FALSE
PDGFC,15,0.011682242990654205,1.9901070057438947e-4,0.2721492157693938,0.12820039933504226,0.5047619047619047,6,584,2.591372551484646,Up,110,0.11864406779661017,0.0016219403699972465,0.6731563229713209,0.12820039920084988,1.0940065963268476e-6,0.1843247648690749,degree+betweenness+closeness+eigenvector+MCC,166,FALSE
DPP4,9,0.007009345794392523,8.857741797805701e-4,0.2839451570101725,0.12600860919661797,0.4166666666666667,7,148.99999999999997,1.7520144466192915,Up,154,0.06779661016949153,0.007219073631421553,0.7203090029600749,0.12600860906208822,2.7772380146890807e-7,0.18426671470937556,degree+betweenness+closeness+eigenvector+MCC,167,FALSE
MCAM,10,0.00778816199376947,0.007870088323599722,0.2788273615635179,0.07833217771991834,0.3333333333333333,14,243.99999999999994,1.7025488984322985,Up,38,0.07627118644067797,0.06414134481537037,0.6998513077225157,0.07833217757804996,4.5599245781719363e-7,0.18371929450981436,degree+betweenness+closeness+eigenvector+MCC,168,FALSE
SERPINH1,13,0.010124610591900311,1.481495874673759e-4,0.2680025046963056,0.1571576799972734,0.717948717948718,9,806411.9999999998,1.066213271572134,Up,110,0.1016949152542373,0.0012074214904939527,0.6565804062009654,0.15715767986753829,0.0015132400572050243,0.18363073257408796,degree+betweenness+closeness+eigenvector+MCC,169,FALSE
LCN2,8,0.006230529595015576,0.005481483805523532,0.2783438109690006,0.11371964269944686,0.35714285714285715,7,122.99999999999997,3.106182056697085,Up,154,0.059322033898305086,0.04467418006169705,0.6979183796096813,0.11371964256302552,2.2893448499464042e-7,0.18312689301343882,degree+betweenness+closeness+eigenvector+MCC,170,FALSE
CFTR,12,0.009345794392523364,0.01964971668953995,0.2667774776646582,0.008887151247170268,0.0606060606060606,4,15,-2.029257081508642,Down,52,0.09322033898305085,0.16014550305982345,0.6516835262978038,0.008887151094612529,2.6271170409221038e-8,0.1827873091412922,degree+betweenness+closeness+eigenvector+MCC,171,FALSE
F11R,16,0.012461059190031152,0.0017935259945799223,0.2702588928646601,0.10225071894167322,0.35,12,443.9999999999999,-1.7771735782275524,Down,75,0.1271186440677966,0.014617265337253903,0.6656000127809831,0.10225071880348652,8.312948922346369e-7,0.1819174944568825,degree+betweenness+closeness+eigenvector+MCC,172,FALSE
TAGLN,16,0.012461059190031152,0.0067706040009503435,0.2671660424469413,0.07323096057888172,0.325,8,40358.00000000002,4.6694801061356985,Up,29,0.1271186440677966,0.05518053012582299,0.6532367614708103,0.07323096043622813,7.573040172892386e-5,0.1817685253004774,degree+betweenness+closeness+eigenvector+MCC,173,FALSE
AR,11,0.008566978193146417,0.012522234284376448,0.276843467011643,0.028642934866937073,0.05454545454545454,16,12,2.0475885715639173,Up,78,0.0847457627118644,0.10205640827238743,0.6919209575260769,0.028642934717420257,2.0641633892959387e-8,0.18147321677387657,degree+betweenness+closeness+eigenvector+MCC,174,FALSE
IFIT3,17,0.0132398753894081,0.013864901340958758,0.2602878572876546,0.031878731228440114,0.4852941176470588,17,41095.00000000001,1.3647991636338368,Up,40,0.13559322033898305,0.11299916610526185,0.6257421464079571,0.03187873107942137,7.711339119975211e-5,0.18125807546456466,degree+betweenness+closeness+eigenvector+MCC,175,FALSE
FBLN2,15,0.011682242990654205,0.0010133097625080881,0.2680025046963056,0.11920895449336055,0.42857142857142855,9,996.0000000000001,1.2441336278964217,Up,110,0.11864406779661017,0.008258490655932572,0.6565804062009654,0.11920895435778417,1.867129611226781e-6,0.18053875722818072,degree+betweenness+closeness+eigenvector+MCC,176,FALSE
FMOD,13,0.010124610591900311,0.0018772390878206288,0.2707718262336567,0.11777124913833463,0.4615384615384615,9,948.0000000000001,2.73618934819401,Up,110,0.1016949152542373,0.015299528376540538,0.6676503945614755,0.11777124900253694,1.7770570269665947e-6,0.18048357285036343,degree+betweenness+closeness+eigenvector+MCC,177,FALSE
TIMP2,9,0.007009345794392523,1.758802283489788e-4,0.2797385620915033,0.1280069908681365,0.6944444444444444,7,347.99999999999994,3.3493949484583787,Up,154,0.06779661016949153,0.0014334266540452232,0.7034937086148791,0.12800699073391436,6.511497237142642e-7,0.18014627746441078,degree+betweenness+closeness+eigenvector+MCC,178,FALSE
GPC3,16,0.012461059190031152,0.008332392479067145,0.26906957250628666,0.0426610436816212,0.06666666666666667,14,22,1.533298443967004,Up,38,0.1271186440677966,0.06790913102388037,0.6608458654757536,0.04266104353426213,3.9406755613831557e-8,0.17970694470168966,degree+betweenness+closeness+eigenvector+MCC,179,FALSE
AREG,14,0.010903426791277258,0.0021575563380682714,0.2687316868982838,0.10877153526042958,0.1868131868131868,6,41,-2.529397010789836,Down,110,0.11016949152542373,0.017584118417533448,0.6594952134487763,0.10877153512324661,7.506048688348868e-8,0.17920408671509339,degree+betweenness+closeness+eigenvector+MCC,180,FALSE
LCP2,15,0.011682242990654205,0.001803333616356627,0.2743589743589744,0.07711863170344144,0.37142857142857144,6,655.9999999999999,1.531303627941856,Up,110,0.11864406779661017,0.014697197610480363,0.6819895341157344,0.07711863156138626,1.229115472717127e-6,0.1784901320399368,degree+betweenness+closeness+eigenvector+MCC,181,FALSE
CLDN5,12,0.009345794392523364,0.0034607022608737765,0.27494646680942186,0.08459935052913509,0.42424242424242425,12,307.99999999999994,2.256323034361766,Up,75,0.09322033898305085,0.02820477838252613,0.6843379557419793,0.0845993503882314,5.760892368307755e-7,0.17807259991700491,degree+betweenness+closeness+eigenvector+MCC,182,FALSE
SHC3,14,0.010903426791277258,7.877749092001291e-4,0.2729591836734694,0.09496386606297193,0.1758241758241758,6,40,2.0257366541981714,Up,110,0.11016949152542373,0.006420378019949716,0.676394060138916,0.0949638659236636,7.318397471140147e-8,0.17758957375838552,degree+betweenness+closeness+eigenvector+MCC,183,FALSE
SAA1,9,0.007009345794392523,0.002028208709178878,0.2831936479929422,0.08600580326733029,0.3888888888888889,1,34,3.212313417005344,Up,71,0.06779661016949153,0.016529933188027614,0.7173049472874662,0.08600580312664308,6.192490167887816e-8,0.177527471139306,degree+betweenness+closeness+eigenvector+MCC,184,FALSE
TLR6,10,0.00778816199376947,3.0102301792881943e-4,0.27696289905090593,0.11639847184377088,0.4222222222222222,7,68,-1.1284080896280857,Down,154,0.07627118644067797,0.0024533423764048017,0.6923983709526801,0.11639847170776188,1.2572631552984354e-7,0.17750429944076807,degree+betweenness+closeness+eigenvector+MCC,185,FALSE
CCL21,16,0.012461059190031152,3.2462364005809925e-4,0.26060483052567485,0.12987271610483955,0.45,7,368673.9999999998,2.006803158409812,Up,154,0.1271186440677966,0.0026456878215394006,0.6270092040638311,0.12987271597090458,6.918193720199102e-4,0.1774676142592183,degree+betweenness+closeness+eigenvector+MCC,186,FALSE
ANXA5,9,0.007009345794392523,0.0017214743848770033,0.28232189973614774,0.08922339825988872,0.2777777777777778,7,25,1.7680283941492565,Up,154,0.06779661016949153,0.01403004357398612,0.7138202515142045,0.08922339811969678,4.503629213009321e-8,0.17697406968273421,degree+betweenness+closeness+eigenvector+MCC,187,FALSE
TFRC,11,0.008566978193146417,0.005116135505766415,0.2742417770183682,0.07485781828701077,0.2363636363636364,1,43,-1.710496570172463,Down,71,0.0847457627118644,0.04169658561689773,0.6815210535948217,0.0748578181446076,7.881351122766311e-8,0.17656425977634055,degree+betweenness+closeness+eigenvector+MCC,188,FALSE
SIRPA,11,0.008566978193146417,3.464597097873427e-4,0.2772020725388601,0.10154497868955187,0.2727272727272727,7,41,1.101704376569189,Up,154,0.0847457627118644,0.00282365213659238,0.6933544346282356,0.10154497855125653,7.506048688348868e-8,0.1764937806176872,degree+betweenness+closeness+eigenvector+MCC,189,FALSE
ENO1,9,0.007009345794392523,0.014032263134675729,0.26929530201342283,0.03670034995113781,0.1111111111111111,2,12,-1.1351627475980737,Down,100,0.06779661016949153,0.11436316738178234,0.6617481886559688,0.036700349802861236,2.0641633892959387e-8,0.17612166733034756,degree+betweenness+closeness+eigenvector+MCC,190,FALSE
CD24,11,0.008566978193146417,0.0033295115584735537,0.2754773653722377,0.08220394537738636,0.34545454545454546,7,155.99999999999997,-2.502787861628427,Down,154,0.0847457627118644,0.02713557207463879,0.6864601509553977,0.08220394523611395,2.9085938667351856e-7,0.17610914436748032,degree+betweenness+closeness+eigenvector+MCC,191,FALSE
FBLN1,13,0.010124610591900311,0.00258085045373523,0.2674442824411581,0.10133738250568214,0.3461538461538462,9,153.00000000000003,3.594288120876726,Up,110,0.1016949152542373,0.02103397218218512,0.6543489882223325,0.10133738236735486,2.85229850157257e-7,0.175683108651192,degree+betweenness+closeness+eigenvector+MCC,192,FALSE
CCL3L1,9,0.007009345794392523,3.6841679303714856e-7,0.2702588928646601,0.141294947744063,0.9722222222222222,7,80640.00000000004,1.1186296192524896,Up,154,0.06779661016949153,3.0026027137596537e-6,0.6656000127809831,0.1412949476118862,1.5132006504494118e-4,0.1749691786460239,degree+betweenness+closeness+eigenvector+MCC,193,FALSE
EFNB2,14,0.010903426791277258,0.0029512476136431998,0.2696912413358538,0.07584803489654496,0.15384615384615385,6,31,1.1230243241439355,Up,110,0.11016949152542373,0.02405271491739045,0.6633309025559849,0.0758480347542942,5.629536516261651e-8,0.17468024000969168,degree+betweenness+closeness+eigenvector+MCC,194,FALSE
ADCY2,18,0.014018691588785047,0.0040968127535899275,0.27430036317026274,0.013559700019842212,0.14379084967320263,11,94,1.6230968016018226,Up,143,0.1440677966101695,0.03338908899968064,0.6817552438146326,0.013559699868003698,1.7451563200411117e-7,0.1745544007616237,degree+betweenness+closeness+eigenvector+MCC,195,FALSE
ALCAM,10,0.00778816199376947,7.822314321695448e-4,0.276843467011643,0.09669372284694723,0.4444444444444444,7,272.99999999999994,1.7866455354981667,Up,154,0.07627118644067797,0.006375198594119314,0.6919209575260769,0.09669372270790517,5.10411310807723e-7,0.17425231513601802,degree+betweenness+closeness+eigenvector+MCC,196,FALSE
FBLN5,13,0.010124610591900311,9.896746205773663e-4,0.2683385579937304,0.09775143659339698,0.48717948717948717,9,751.9999999999999,3.072881537052467,Up,110,0.1016949152542373,0.008065863873868042,0.6579237338141836,0.09775143645451773,1.4092606412374998e-6,0.17308747173148958,degree+betweenness+closeness+eigenvector+MCC,197,FALSE
THBS4,12,0.009345794392523364,1.7021271921615954e-4,0.2661139896373057,0.11749484135409471,0.37878787878787884,9,761.0000000000001,1.3600098746971607,Up,110,0.09322033898305085,0.0013872363646119594,0.6490313226294803,0.11749484121825447,1.4261492507862851e-6,0.17222703306892967,degree+betweenness+closeness+eigenvector+MCC,198,FALSE
AFDN,14,0.010903426791277258,0.006041424565142754,0.2690131992457574,0.032196146740860146,0.10989010989010989,12,25,-1.1959177118177378,Down,75,0.11016949152542373,0.04923770614452626,0.6606205209899343,0.03219614659189026,4.503629213009321e-8,0.17044478205761335,degree+betweenness+closeness+eigenvector+MCC,199,FALSE
PDGFD,11,0.008566978193146417,3.381614911449241e-5,0.2687879422231526,0.10537317486593747,0.5454545454545454,6,455.9999999999999,2.5392901964836625,Up,110,0.0847457627118644,2.75602152287987e-4,0.6597200865027409,0.1053731747282314,8.538130382996835e-7,0.1700230959816326,degree+betweenness+closeness+eigenvector+MCC,200,FALSE
IL33,9,0.007009345794392523,5.808262756357494e-4,0.27071473750790637,0.10614764095341528,0.5,7,108,4.509829936605703,Up,154,0.06779661016949153,0.004733743370028635,0.6674221901001846,0.10614764081582842,2.007868024133322e-7,0.16922007704846712,degree+betweenness+closeness+eigenvector+MCC,201,FALSE
IL4R,12,0.009345794392523364,4.807514496743069e-4,0.2701451714706501,0.0836253418898434,0.45454545454545453,7,448,1.0593757339458536,Up,154,0.09322033898305085,0.003918131949241545,0.6651454268865493,0.08362534174878977,8.38800940922986e-7,0.1691820156737145,degree+betweenness+closeness+eigenvector+MCC,202,FALSE
TWIST1,13,0.010124610591900311,0.005053998016802095,0.27209154481881753,0.029824812890837184,0.16666666666666666,16,29,1.6647232179121474,Up,78,0.1016949152542373,0.041190164095087065,0.6729257911450204,0.02982481274150229,5.2542340818442075e-08,0.16912714715563756,degree+betweenness+closeness+eigenvector+MCC,203,FALSE
TIAM1,11,0.008566978193146417,0.008401842638018318,0.2696912413358538,0.02890093158006017,0.14545454545454545,6,22,-1.3087910747924134,Down,110,0.0847457627118644,0.06847515092221004,0.6633309025559849,0.028900931430583067,3.9406755613831557e-8,0.1690905574054796,degree+betweenness+closeness+eigenvector+MCC,204,FALSE
ADCY7,19,0.014797507788161994,0.002954747038197183,0.2687316868982838,0.009199868467726566,0.2807017543859649,11,348,1.482185371695982,Up,143,0.15254237288135594,0.024081235283076735,0.6594952134487763,0.009199868315216962,6.511497237142643e-7,0.1690638682156299,degree+betweenness+closeness+eigenvector+MCC,205,FALSE
STAT4,9,0.007009345794392523,0.008521034476020782,0.2718035563082134,0.035201971966812594,0.027777777777777776,17,9,-1.032953531461397,Down,40,0.06779661016949153,0.06944656629471212,0.6717745960174955,0.03520197181830538,1.5012097376697737e-8,0.16884395186242038,degree+betweenness+closeness+eigenvector+MCC,206,FALSE
PLXNA1,15,0.011682242990654205,0.0053890012224819895,0.26789067389943666,0.02483699534762068,0.24761904761904763,12,101,1.0061202634282769,Up,75,0.11864406779661017,0.04392044554127295,0.6561333777129444,0.02483699519751803,1.876512172087217e-7,0.16870701477991257,degree+betweenness+closeness+eigenvector+MCC,207,FALSE
S100B,9,0.007009345794392523,0.006538824019706202,0.2715736040609137,0.05029618904845216,0.05555555555555555,15,9,2.4883081159911073,Up,44,0.06779661016949153,0.0532915195979868,0.6708553930045019,0.050296188902268335,1.5012097376697737e-8,0.1684479453372692,degree+betweenness+closeness+eigenvector+MCC,208,FALSE
IGFBP5,8,0.006230529595015576,0.0012330449770701537,0.273482428115016,0.0924416168849923,0.4642857142857143,6,49,4.7737086409349425,Up,110,0.059322033898305086,0.010049336144037373,0.6784856590375989,0.09244161674529573,9.007258426018642e-8,0.1680597471795643,degree+betweenness+closeness+eigenvector+MCC,209,FALSE
MITF,11,0.008566978193146417,0.012927134115035651,0.2615071283095723,0.01923251186131172,0.34545454545454546,15,363.9999999999999,2.669635561585477,Up,44,0.0847457627118644,0.10535634832212225,0.6306160174405879,0.0192325117103464,6.811739184676596e-7,0.16799026427176791,degree+betweenness+closeness+eigenvector+MCC,210,FALSE
VIM,9,0.007009345794392523,0.0015562996698359013,0.27518216888126873,0.07294998260660697,0.25,16,19,3.1503272057634457,Up,78,0.06779661016949153,0.012683867023405045,0.6852801429010726,0.07294998246391014,3.37772190975699e-8,0.1677421272670197,degree+betweenness+closeness+eigenvector+MCC,211,FALSE
L1CAM,11,0.008566978193146417,0.0046696284564140276,0.27203389830508473,0.04316399922241459,0.10909090909090909,12,15,1.5800408552067955,Up,75,0.0847457627118644,0.03805754607408539,0.6726953570016971,0.043163999075132936,2.6271170409221038e-8,0.16773253822679007,degree+betweenness+closeness+eigenvector+MCC,212,FALSE
GNA12,15,0.011682242990654205,0.006134240793020611,0.2634386540828888,0.03164497399204052,0.18095238095238095,11,141.99999999999997,1.0025793849497535,Up,143,0.11864406779661017,0.04999415987566464,0.6383370305263748,0.03164497384298579,2.645882162642975e-7,0.16772409932597032,degree+betweenness+closeness+eigenvector+MCC,213,FALSE
COL11A1,17,0.0132398753894081,0.0010898254688503357,0.24035941594908275,0.1439804493575378,0.5808823529411765,9,539424.9999999999,1.4963369596980267,Up,110,0.13559322033898305,0.008882094877701321,0.5460808970060141,0.14398044922577435,0.0010122357019159748,0.16710977943007777,degree+betweenness+closeness+eigenvector+MCC,214,FALSE
C3AR1,11,0.008566978193146417,0.0012503336284500326,0.26699937616968183,0.08615586030639405,0.509090909090909,1,405.9999999999999,1.9158637020314255,Up,71,0.0847457627118644,0.010190238927329433,0.6525705355651263,0.08615586016572994,7.599874296953226e-7,0.16673263147149595,degree+betweenness+closeness+eigenvector+MCC,215,FALSE
LAMA2,15,0.011682242990654205,0.004716233108107018,0.24466463414634146,0.11240074584428163,0.5047619047619047,9,15608.000000000005,2.479072249949292,Up,110,0.11864406779661017,0.03843737472547123,0.5632904245709124,0.11240074570765728,2.9286725469765205e-5,0.16656037990522415,degree+betweenness+closeness+eigenvector+MCC,216,FALSE
ADCY4,19,0.014797507788161994,0.002875926202241964,0.2651249225686558,0.01065511895539058,0.2807017543859649,11,354,1.0820086189430098,Up,143,0.15254237288135594,0.023438844218356507,0.6450776607704131,0.010655118803104976,6.624087967467876e-7,0.16634293181640544,degree+betweenness+closeness+eigenvector+MCC,217,FALSE
TIE1,11,0.008566978193146417,5.937401866558039e-4,0.26644532060593484,0.0916642795297946,0.4727272727272728,6,340,1.4253457074210465,Up,110,0.0847457627118644,0.0048389919499166765,0.6503557733719207,0.09166427938997837,6.361376263375666e-7,0.1663210887122613,degree+betweenness+closeness+eigenvector+MCC,218,FALSE
ALDH1A1,16,0.012461059190031152,0.01375408582085167,0.2487407981402557,0.009248430083256723,0.31666666666666665,3,706.9999999999999,-1.731304649061542,Down,50,0.1271186440677966,0.11209601785662412,0.5795843389320892,0.009248429930754594,1.324817593493575e-6,0.1656097511209716,degree+betweenness+closeness+eigenvector+MCC,219,FALSE
ABCA1,11,0.008566978193146417,0.00969167652040486,0.25960372017792155,0.040862209945862926,0.10909090909090909,1,15,1.2456413094977696,Up,71,0.0847457627118644,0.07898731754639123,0.623007400825116,0.04086220979822697,2.6271170409221038e-8,0.1655205434305538,degree+betweenness+closeness+eigenvector+MCC,220,FALSE
ICAM2,8,0.006230529595015576,6.875058214765703e-5,0.26789067389943666,0.10907914322355527,0.75,7,846.0000000000001,1.1771916068144517,Up,154,0.059322033898305086,5.603183362716475e-4,0.6561333777129444,0.10907914308641965,1.5856527854136986e-6,0.16501929173734525,degree+betweenness+closeness+eigenvector+MCC,221,FALSE
DLG3,13,0.010124610591900311,0.00926197152615345,0.2626303947637554,0.01191662174767676,0.12820512820512822,13,25,-1.3669348031649244,Down,58,0.1016949152542373,0.07548521501947068,0.6351061231960403,0.011916621595585333,4.503629213009321e-8,0.16484058402032517,degree+betweenness+closeness+eigenvector+MCC,222,FALSE
LYVE1,11,0.008566978193146417,6.106798909600659e-4,0.26777893639207506,0.07859518761132696,0.2,7,26,2.3949995913958935,Up,154,0.0847457627118644,0.004977050809001133,0.655686722137114,0.07859518746949906,4.691280430218042e-8,0.16480095400805655,degree+betweenness+closeness+eigenvector+MCC,223,FALSE
TIMP3,9,0.007009345794392523,8.345025526879692e-4,0.26867545511613306,0.08929560848600089,0.3888888888888889,9,65,1.990774187422514,Up,110,0.06779661016949153,0.006801209056416707,0.6592704345036434,0.08929560834582007,1.200967790135819e-7,0.16463279643443013,degree+betweenness+closeness+eigenvector+MCC,224,FALSE
MAPK13,13,0.010124610591900311,0.008823614085655218,0.2627378759975445,0.013537767460130355,0.06410256410256411,11,15,-1.3342501933395354,Down,143,0.1016949152542373,0.07191259491823657,0.6355357648938248,0.013537767308288463,2.6271170409221038e-8,0.16453621372915153,degree+betweenness+closeness+eigenvector+MCC,225,FALSE
ANK2,12,0.009345794392523364,0.009198153035302867,0.26452410383189123,0.01037253725648361,0.09090909090909091,13,17,3.239804658120053,Up,58,0.09322033898305085,0.07496509330559245,0.6426759691166798,0.010372537104154509,3.0024194753395474e-8,0.16424679370673448,degree+betweenness+closeness+eigenvector+MCC,226,FALSE
IL10RA,11,0.008566978193146417,6.786896335150395e-5,0.2652892561983471,0.08947634172527881,0.509090909090909,7,348,1.2563366100378597,Up,154,0.0847457627118644,5.531331290827781e-4,0.6457345622328786,0.08947634158512581,6.511497237142643e-7,0.16410209016173508,degree+betweenness+closeness+eigenvector+MCC,227,FALSE
GRIN2A,10,0.00778816199376947,0.007592835920603873,0.2718035563082134,0.01056430202795034,0.17777777777777778,13,16,-3.1770248352182744,Down,58,0.07627118644067797,0.06188173332814975,0.6717745960174955,0.010564301875650757,2.8147682581308256e-8,0.1640983691619313,degree+betweenness+closeness+eigenvector+MCC,228,FALSE
PAX6,11,0.008566978193146417,0.008249399076195194,0.2640888523241464,0.027229703098482962,0.07272727272727272,16,14,-1.400593890160421,Down,78,0.0847457627118644,0.06723273347252787,0.6409361100719123,0.027229702948748612,2.439465823713382e-8,0.16402886671994227,degree+betweenness+closeness+eigenvector+MCC,229,FALSE
NID2,10,0.00778816199376947,2.1552818806010768e-4,0.2653989251756924,0.09578370110619948,0.6000000000000001,9,816.0000000000001,2.3704498795185045,Up,110,0.07627118644067797,0.0017565581553057128,0.6461729491396886,0.09578370096701734,1.529357420251082e-6,0.163997184812022,degree+betweenness+closeness+eigenvector+MCC,230,FALSE
LY96,8,0.006230529595015576,1.547625786947686e-4,0.2729591836734694,0.08158374428910914,0.5,7,56,2.366565359865567,Up,154,0.059322033898305086,0.0012613174740123696,0.676394060138916,0.08158374414774126,1.0320816946479694e-7,0.16371225177342882,degree+betweenness+closeness+eigenvector+MCC,231,FALSE
CTSK,7,0.005451713395638629,0.001619093894186568,0.2781629116117851,0.05379293985060579,0.14285714285714285,7,8,2.9223070381147203,Up,154,0.05084745762711865,0.01319564094904348,0.6971952588915593,0.053792939704960206,1.3135585204610519e-8,0.16300626206165336,degree+betweenness+closeness+eigenvector+MCC,232,FALSE
PLCB4,9,0.007009345794392523,0.006441320872042574,0.27238014425116674,0.020424858229730895,0.08333333333333333,11,10,-1.0905904493486638,Down,143,0.06779661016949153,0.052496867396165485,0.6740794283496085,0.020424858078949105,1.688860954878495e-8,0.16295955617656482,degree+betweenness+closeness+eigenvector+MCC,233,FALSE
GRB10,9,0.007009345794392523,0.003637285393713515,0.2685069008782936,0.056638266575496685,0.3055555555555556,6,37,2.032295596114478,Up,110,0.06779661016949153,0.029643933719333257,0.6585966617308427,0.05663826643028907,6.75544381951398e-8,0.16253510792087894,degree+betweenness+closeness+eigenvector+MCC,234,FALSE
DKK1,17,0.0132398753894081,0.00432033217756193,0.25934154716218943,0.01963407334079208,0.4338235294117647,14,6342.000000000001,3.5415892914403684,Up,38,0.13559322033898305,0.035210775854570164,0.6219593996474087,0.01963407318988857,1.1898963683205045e-5,0.16248187359890673,degree+betweenness+closeness+eigenvector+MCC,235,FALSE
IL6ST,10,0.00778816199376947,3.932029799858449e-4,0.26867545511613306,0.07245364832992743,0.4666666666666667,7,167.99999999999997,1.214121570192744,Up,154,0.07627118644067797,0.0032046105309994216,0.6592704345036434,0.0724536481871542,3.133775327385652e-7,0.16224003860800154,degree+betweenness+closeness+eigenvector+MCC,236,FALSE
LGALS1,6,0.004672897196261682,0.0016565854222428762,0.27371562566616925,0.07415888646522407,0.4,9,15,3.0671323632635588,Up,110,0.0423728813559322,0.013501197498072765,0.6794178347138966,0.07415888632271332,2.6271170409221038e-8,0.16189016523235705,degree+betweenness+closeness+eigenvector+MCC,237,FALSE
CALD1,13,0.010124610591900311,0.004284025820407584,0.26474226804123713,0.028962803714651746,0.4615384615384615,8,80645.00000000004,2.5322488712855495,Up,29,0.1016949152542373,0.03491487846721254,0.6435480510420054,0.028962803565184166,1.513294476058016e-4,0.16185439555524903,degree+betweenness+closeness+eigenvector+MCC,238,FALSE
SCIN,7,0.005451713395638629,0.0022091592713689157,0.2766645119586296,0.04914382601656926,0.2380952380952381,9,12,-2.7064651436757607,Down,110,0.05084745762711865,0.018004683143395032,0.6912056089010822,0.04914382587020806,2.0641633892959387e-8,0.16184031923668757,degree+betweenness+closeness+eigenvector+MCC,239,FALSE
RASSF5,8,0.006230529595015576,0.005007284694280155,0.26789067389943666,0.05171295273584869,0.14285714285714285,12,11,-1.3336157401136433,Down,75,0.059322033898305086,0.04080944977471958,0.6561333777129444,0.05171295258988294,1.876512172087217e-8,0.16159556654819474,degree+betweenness+closeness+eigenvector+MCC,240,FALSE
PLXNA4,13,0.010124610591900311,0.004868077259479869,0.2652344556909729,0.020177253970424625,0.2692307692307692,12,88,-1.9456813371195132,Down,75,0.1016949152542373,0.03967490697046496,0.6455155046151191,0.020177253819604724,1.6325655897158787e-7,0.161412548783197,degree+betweenness+closeness+eigenvector+MCC,241,FALSE
DPYSL2,11,0.008566978193146417,0.011891117184960815,0.2564922093487815,0.010366852529150372,0.2,12,29,2.266742419253383,Up,75,0.0847457627118644,0.09691279388992789,0.6105695570436647,0.010366852376820397,5.2542340818442075e-08,0.16051900371292366,degree+betweenness+closeness+eigenvector+MCC,242,FALSE
MMP10,7,0.005451713395638629,2.6345848955234412e-5,0.26828249059757625,0.09230738112382648,0.6190476190476191,7,97.00000000000001,3.7186553049767097,Up,154,0.05084745762711865,2.147190873606901e-4,0.6576996119798427,0.09230738098410925,1.8014516852037287e-7,0.16021386996471998,degree+betweenness+closeness+eigenvector+MCC,243,FALSE
KLF4,9,0.007009345794392523,0.007038791288586919,0.2667220606564188,0.023595571683666806,0.1111111111111111,16,12,-1.2282539063336024,Down,78,0.06779661016949153,0.057366260778910314,0.6514620043012027,0.02359557153337307,2.0641633892959387e-8,0.1600440934849223,degree+betweenness+closeness+eigenvector+MCC,244,FALSE
FZD7,15,0.011682242990654205,0.0058221739629435694,0.2582981291490646,0.016055039562651183,0.2571428571428572,14,137,2.3144133233525226,Up,38,0.11864406779661017,0.047450810254874645,0.6177884772374789,0.016055039411196768,2.5520565540386153e-7,0.15998772998116317,degree+betweenness+closeness+eigenvector+MCC,245,FALSE
AKAP12,8,0.006230529595015576,0.008216744648520893,0.2689568496020109,0.01301446010550185,0.14285714285714285,11,10,2.6964661839540387,Up,143,0.059322033898305086,0.06696659936842572,0.6603952709090103,0.013014459953579409,1.688860954878495e-8,0.159939676203586,degree+betweenness+closeness+eigenvector+MCC,246,FALSE
CSF2RB,6,0.004672897196261682,6.4592564458006e-5,0.2734241908006814,0.07689428836480347,0.4666666666666667,7,27.000000000000004,1.7901442574600075,Up,154,0.0423728813559322,5.264304260711266e-4,0.6782528632487619,0.07689428822271377,4.8789316474267646e-8,0.15960930240855908,degree+betweenness+closeness+eigenvector+MCC,247,FALSE
ADRB2,10,0.00778816199376947,0.0037971691480396547,0.2704296545914069,0.023816809562643378,0.17777777777777778,11,17,-1.3048779871099525,Down,143,0.07627118644067797,0.03094698885606624,0.6662826096921803,0.023816809412383698,3.0024194753395474e-8,0.15946352488510063,degree+betweenness+closeness+eigenvector+MCC,248,FALSE
ZEB1,7,0.005451713395638629,0.0026635185252632133,0.2742417770183682,0.04255241085665974,0.3333333333333333,16,17,2.769638817142841,Up,78,0.05084745762711865,0.021707718277917978,0.6815210535948217,0.04255241070928395,3.0024194753395474e-8,0.15932573404666744,degree+betweenness+closeness+eigenvector+MCC,249,FALSE
NTF3,9,0.007009345794392523,6.704705355566134e-5,0.2653989251756924,0.08171421842214523,0.4722222222222222,6,72,-1.122874634064111,Down,110,0.06779661016949153,5.464345511946257e-4,0.6461729491396886,0.08171421828079743,1.3323236421819241e-7,0.15924606907470729,degree+betweenness+closeness+eigenvector+MCC,250,FALSE
MYLK,13,0.010124610591900311,0.008815418256417584,0.25710853023628355,0.008824607566509182,0.4743589743589744,8,45366.00000000002,3.705383002039902,Up,29,0.1016949152542373,0.071845798779799,0.6130332164486729,0.008824607413941815,8.512797468673664e-5,0.1590967331742676,degree+betweenness+closeness+eigenvector+MCC,251,FALSE
PTX3,7,0.005451713395638629,0.001872890441728809,0.26997476871320436,0.06292652456941991,0.3333333333333333,1,14,3.5364745220452463,Up,71,0.05084745762711865,0.015264086841835138,0.664464264906591,0.06292652442518021,2.439465823713382e-8,0.15870047163907663,degree+betweenness+closeness+eigenvector+MCC,252,FALSE
MX1,15,0.011682242990654205,0.008139159937705304,0.2500973899493572,0.02297287162270075,0.5523809523809524,17,41042.00000000001,1.2307183914499331,Up,40,0.11864406779661017,0.06633428274322331,0.5850071312421078,0.022972871472311168,7.701393605463149e-5,0.1586070734380614,degree+betweenness+closeness+eigenvector+MCC,253,FALSE
KRT19,9,0.007009345794392523,0.0011286612479526961,0.27060063224446784,0.0484007263151618,0.3333333333333333,18,39,3.5189844854645234,Up,38,0.06779661016949153,0.009198607094102813,0.6669660697396194,0.04840072616868621,7.130746253931424e-8,0.1584724168958725,degree+betweenness+closeness+eigenvector+MCC,254,FALSE
PROCR,10,0.00778816199376947,0.0013559842267822867,0.26311475409836066,0.067145521945202985,0.24444444444444446,7,35,1.5914174916774415,Up,154,0.07627118644067797,0.011051292981482634,0.6370422841380137,0.06714552180161269,6.380141385096538e-8,0.15830206983264017,degree+betweenness+closeness+eigenvector+MCC,255,FALSE
CCL18,10,0.00778816199376947,1.0009907238520634e-4,0.2582981291490646,0.095769805398375693,0.5111111111111111,7,5044.000000000002,2.124114596456762,Up,154,0.07627118644067797,8.158090295258024e-4,0.6177884772374789,0.09576980525919142,9.463250883835839e-6,0.1581309482435516,degree+betweenness+closeness+eigenvector+MCC,256,FALSE
ACTN1,11,0.008566978193146417,0.0020600684560274176,0.2578831090580438,0.07214212059161179,0.21818181818181817,9,57.00000000000001,2.1041954576523834,Up,110,0.0847457627118644,0.016789590630780164,0.6161294905452466,0.0721421204487906,1.0508468163688416e-7,0.1579614138842727,degree+betweenness+closeness+eigenvector+MCC,257,FALSE
TNC,6,0.004672897196261682,3.479867342950075e-5,0.27031578947368423,0.08032126045179318,0.6,9,30.000000000000004,4.051636881901404,Up,110,0.0423728813559322,2.836097410579197e-4,0.6658274492816403,0.08032126031023097,5.44188529905293e-8,0.15776105102154286,degree+betweenness+closeness+eigenvector+MCC,258,FALSE
NEDD4L,9,0.007009345794392523,0.01134586051782121,0.2572630735323582,0.013021204305008109,0.05555555555555555,4,10,-1.0604311983551664,Down,52,0.06779661016949153,0.09246894339399286,0.6136509823764164,0.013021204153086706,1.688860954878495e-8,0.15738755139631938,degree+betweenness+closeness+eigenvector+MCC,259,FALSE
JAM3,9,0.007009345794392523,0.0028640202080374034,0.2626303947637554,0.0599787970612293,0.3333333333333333,12,30,2.1427728874831944,Up,75,0.06779661016949153,0.02334181017652059,0.6351061231960403,0.059978796916535876,5.4418852990529293e-8,0.15724467897548827,degree+betweenness+closeness+eigenvector+MCC,260,FALSE
GAP43,3,0.002336448598130841,0.003910290429534045,0.27828348504551365,0.03662443878135459,0,10,3,1.0309063748052152,Up,46,0.01694915254237288,0.03186892909662628,0.6976772348881923,0.03662443863306633,3.753024344174434e-9,0.15662395178265642,degree+betweenness+closeness+eigenvector+MCC,261,FALSE
AKT3,9,0.007009345794392523,0.0017442648962756454,0.27174603174603174,0.027620583651565132,0.1388888888888889,11,12,2.2570568179016703,Up,143,0.06779661016949153,0.014215786603801357,0.6715446493590068,0.02762058350189095,2.0641633892959387e-8,0.15623553005516488,degree+betweenness+closeness+eigenvector+MCC,262,FALSE
XDH,11,0.008566978193146417,0.0021903153791178512,0.2644151565074135,0.035862327472418465,0.2,7,24,-1.2030319187749647,Down,154,0.0847457627118644,0.017851105122305384,0.6422404669196214,0.0358623273240129,4.315977995800599e-8,0.15613994104751683,degree+betweenness+closeness+eigenvector+MCC,263,FALSE
NES,8,0.006230529595015576,0.002420228854840589,0.2673885880882965,0.04617858072557284,0.25,6,18,1.3705603537135396,Up,110,0.059322033898305086,0.019724903600501782,0.6541263575781084,0.046178580578755214,3.190070692548269e-8,0.1558703815112755,degree+betweenness+closeness+eigenvector+MCC,264,FALSE
LIFR,7,0.005451713395638629,0.0016775628361625355,0.26845076311938115,0.05579930544454478,0.38095238095238093,7,19,4.370447723289891,Up,154,0.05084745762711865,0.013672163754642067,0.6583722586308907,0.05579930529920803,3.37772190975699e-8,0.1557382438178157,degree+betweenness+closeness+eigenvector+MCC,265,FALSE
DAB2,10,0.00778816199376947,0.006446967925731156,0.2607636068237206,0.021979037489907805,0.06666666666666667,10,10,3.56230609917042,Up,46,0.07627118644067797,0.05254289097340338,0.6276438908445408,0.021979037339365244,1.688860954878495e-8,0.15568740449731938,degree+betweenness+closeness+eigenvector+MCC,266,FALSE
HBEGF,9,0.007009345794392523,0.0017351013471667773,0.26360090330527614,0.056666687671797784,0.2222222222222222,6,20,-1.405693204360718,Down,110,0.06779661016949153,0.014141103533045722,0.6389855998525092,0.05666668752659454,3.565373126965712e-8,0.15551800734707447,degree+betweenness+closeness+eigenvector+MCC,267,FALSE
MSX1,9,0.007009345794392523,0.008498492725327964,0.2585061405274814,0.021757462982023558,0.16666666666666666,10,29.000000000000004,1.6869330298227334,Up,46,0.06779661016949153,0.06926285066859969,0.6186199745940951,0.021757462831446892,5.254234081844208e-8,0.15548739016119478,degree+betweenness+closeness+eigenvector+MCC,268,FALSE
TFPI,10,0.00778816199376947,0.0023445209057337373,0.2592891760904685,0.059922235795295924,0.2888888888888889,7,57,3.9524590755011024,Up,154,0.07627118644067797,0.0191078826130288,0.6217500533701493,0.05992223565059379,1.0508468163688415e-7,0.1554102926318263,degree+betweenness+closeness+eigenvector+MCC,269,FALSE
LPA,6,0.004672897196261682,0.0010775455991132177,0.27383237364043506,0.04542537842558102,0.33333333333333337,1,11,-1.497854701323167,Down,71,0.0423728813559322,0.00878201374433787,0.6798845189536299,0.04542537827864745,1.876512172087217e-8,0.15529296221953381,degree+betweenness+closeness+eigenvector+MCC,270,FALSE
ACKR1,6,0.004672897196261682,0.009681511058470652,0.25053658536585366,0.06831744085438271,0.5333333333333333,7,31.000000000000004,2.9745453478687596,Up,154,0.0423728813559322,0.07890446887019857,0.5867627555287898,0.06831744071097282,5.629536516261652e-8,0.15527152055225169,degree+betweenness+closeness+eigenvector+MCC,271,FALSE
S1PR1,7,0.005451713395638629,0.002377306243869629,0.2680025046963056,0.049069945173776865,0.19047619047619047,7,10,1.0995866651137742,Up,154,0.05084745762711865,0.01937508363947178,0.6565804062009654,0.04906994502740429,1.688860954878495e-8,0.1551745818767139,degree+betweenness+closeness+eigenvector+MCC,272,FALSE
GNG11,10,0.00778816199376947,0.001096954798905393,0.26789067389943666,0.033838941376543946,0.37777777777777777,11,154.99999999999997,3.0318161429854698,Up,143,0.07627118644067797,0.008940199030864732,0.6561333777129444,0.03383894122782693,2.8898287450143136e-7,0.15503679867903772,degree+betweenness+closeness+eigenvector+MCC,273,FALSE
MRAS,11,0.008566978193146417,0.0029250652972440216,0.26490612750154735,0.02175561134341424,0.03636363636363636,12,12,1.159114992874137,Up,75,0.0847457627118644,0.02383932862295854,0.6442030570764903,0.021755611192837285,2.0641633892959387e-8,0.15490875604915688,degree+betweenness+closeness+eigenvector+MCC,274,FALSE
OSMR,7,0.005451713395638629,0.0016391232187342153,0.2672216441207076,0.05552827190273399,0.2857142857142857,7,16,3.1023254608028132,Up,154,0.05084745762711865,0.013358880262175101,0.6534590216428835,0.055528271757355516,2.8147682581308256e-8,0.1546387318874431,degree+betweenness+closeness+eigenvector+MCC,275,FALSE
CACNA1D,12,0.009345794392523364,0.005704047289609411,0.2608695652173913,0.005046137799303256,0.21212121212121213,11,30,-3.067033056323166,Down,143,0.09322033898305085,0.04648807599133423,0.62806744519488,0.005046137646154286,5.4418852990529293e-8,0.15456441044685446,degree+betweenness+closeness+eigenvector+MCC,276,FALSE
LEPR,6,0.004672897196261682,0.0015878614707658379,0.2673329169269207,0.06165789249676455,0.4,7,13,3.2666512727354826,Up,154,0.0423728813559322,0.012941096202189558,0.6539038196387127,0.06165789235232959,2.2518146065046605e-8,0.154175142413462,degree+betweenness+closeness+eigenvector+MCC,277,FALSE
IL13RA1,10,0.00778816199376947,2.7154257630376066e-5,0.260129659643436,0.06805238052811212,0.6000000000000001,7,413.9999999999999,1.0039002181739347,Up,154,0.07627118644067797,2.2130763090073014e-4,0.6251097727176723,0.06805238038466142,7.749995270720204e-7,0.1539310844346879,degree+betweenness+closeness+eigenvector+MCC,278,FALSE
LAPTM5,11,0.008566978193146417,0.005723747707255753,0.254408559540321,0.033964745316687445,0.2,6,26,1.7392007590491565,Up,110,0.0847457627118644,0.046648634707997114,0.6022404486985572,0.03396474516798979,4.691280430218042e-8,0.15351992763984257,degree+betweenness+closeness+eigenvector+MCC,279,FALSE
SERPINA1,7,0.005451713395638629,6.451351957499732e-4,0.2682264466262795,0.050011838052864445,0.5238095238095238,1,28,1.6084797702055242,Up,71,0.05084745762711865,0.005257862090193627,0.6574755837832017,0.05001183790663685,5.066582864635486e-8,0.1527185584145959,degree+betweenness+closeness+eigenvector+MCC,280,FALSE
LRRK2,11,0.008566978193146417,0.0077929860751882836,0.255878836189717,0.00581671415379225,0.05454545454545454,14,12,2.033100977160321,Up,38,0.0847457627118644,0.06351296026642335,0.6081176807844753,0.005816714000761891,2.0641633892959387e-8,0.15243862768103172,degree+betweenness+closeness+eigenvector+MCC,281,FALSE
CD53,8,0.006230529595015576,0.004615843432057297,0.25887096774193546,0.045089665355736976,0.32142857142857145,6,23,1.3196163931882916,Up,110,0.059322033898305086,0.0376191972714648,0.6200783220496481,0.04508966520875173,4.1283267785918775e-8,0.15242185194228747,degree+betweenness+closeness+eigenvector+MCC,282,FALSE
CD14,8,0.006230529595015576,8.420505132090678e-5,0.26182707993474713,0.06998168236137137,0.5,7,54.00000000000001,1.1291802577807406,Up,154,0.059322033898305086,6.862725054526262e-4,0.6318949807963562,0.06998168221821764,9.945514512062252e-8,0.15237701377469534,degree+betweenness+closeness+eigenvector+MCC,283,FALSE
SMAD6,9,0.007009345794392523,0.0021482134316693994,0.26398026315789475,0.035921708713689396,0.4166666666666667,10,151.99999999999997,1.1856431680903403,Up,46,0.06779661016949153,0.017507973582016063,0.6405020395639304,0.03592170856529297,2.833533379851697e-7,0.1523457230468138,degree+betweenness+closeness+eigenvector+MCC,284,FALSE
ADCY3,16,0.012461059190031152,0.0017748636028828537,0.25731462925851706,0.005951332960257423,0.225,11,80,1.937059214934312,Up,143,0.1271186440677966,0.014465166548561571,0.6138570694200473,0.005951332807247785,1.4824446159489013e-7,0.15227847221762297,degree+betweenness+closeness+eigenvector+MCC,285,FALSE
EPHA1,5,0.003894080996884735,3.2818874412651175e-4,0.27261146496815286,0.04949645710991753,0.3,6,7,-1.3435025101728284,Down,110,0.03389830508474576,0.002674743476311282,0.6750041016351204,0.0494964569636106,1.1259073032523303e-8,0.1522147236837722,degree+betweenness+closeness+eigenvector+MCC,286,FALSE
FGR,11,0.008566978193146417,8.102662302274864e-4,0.2589753933037515,0.0488165263842796,0.43636363636363634,6,181.99999999999997,1.028640762822981,Up,110,0.0847457627118644,0.0066036826434878,0.6204957491119274,0.048816526237868016,3.3964870314778624e-7,0.15213241207077016,degree+betweenness+closeness+eigenvector+MCC,287,FALSE
IL13RA2,8,0.006230529595015576,2.275514496761993e-4,0.26295310260086013,0.06235777652868697,0.4642857142857143,7,145.99999999999997,1.5625437151620063,Up,154,0.059322033898305086,0.0018545479284078276,0.6363961041362861,0.062357776384359735,2.720942649526464e-7,0.15198614688832474,degree+betweenness+closeness+eigenvector+MCC,288,FALSE
CD99L2,4,0.003115264797507788,1.475082690363338e-5,0.2715736040609137,0.06208493600703148,0.8333333333333334,7,12,1.1391661409872382,Up,154,0.025423728813559324,1.202194735096739e-4,0.6708553930045019,0.06208493586266225,2.0641633892959387e-8,0.1516968595591734,degree+betweenness+closeness+eigenvector+MCC,289,FALSE
SOX10,11,0.008566978193146417,0.0103770300545526,0.24739884393063583,0.013536710702589515,0.2545454545454545,15,244.99999999999994,1.7311150156166768,Up,44,0.0847457627118644,0.08457295973319913,0.5742200584466098,0.013536710550747462,4.5786896998928083e-7,0.15141518986227814,degree+betweenness+closeness+eigenvector+MCC,290,FALSE
SOD2,10,0.00778816199376947,0.010960937703511071,0.2495141857753595,0.008733889909110401,0.15555555555555556,2,19,1.390993187165849,Up,100,0.07627118644067797,0.08933181634474056,0.5826758514210831,0.00873388975652907,3.37772190975699e-8,0.15140255554805,degree+betweenness+closeness+eigenvector+MCC,291,FALSE
CASK,9,0.007009345794392523,0.0077767097773391,0.25861027190332325,0.00666549494133662,0.1388888888888889,13,13,1.0456380604517823,Up,58,0.06779661016949153,0.06338030818048276,0.6190362256877243,0.0066654947884369105,2.2518146065046605e-8,0.1513757322688563,degree+betweenness+closeness+eigenvector+MCC,292,FALSE
SH3KBP1,10,0.00778816199376947,0.005146941910711414,0.2568513702740548,0.024827787210508264,0.1111111111111111,1,15,2.5687442795659443,Up,71,0.07627118644067797,0.04194765830640921,0.6120052542744487,0.0248277870604042,2.6271170409221038e-8,0.15101038247062212,degree+betweenness+closeness+eigenvector+MCC,293,FALSE
C1QB,14,0.010903426791277258,9.734070037352445e-4,0.2509773260359656,0.04813038077663915,0.3516483516483516,1,320.99999999999994,2.467805715288062,Up,71,0.11016949152542373,0.007933282538272864,0.5885245567578409,0.04813038063012195,6.004838950679093e-7,0.1509516623871109,degree+betweenness+closeness+eigenvector+MCC,294,FALSE
PCOLCE,9,0.007009345794392523,1.1261769858875459e-5,0.24816389640510245,0.10908598686345881,0.8611111111111112,9,10200.000000000004,1.7670750331875835,Up,110,0.06779661016949153,9.178360318821431e-5,0.5772782522580897,0.10908598672632425,1.9138547643117533e-5,0.15085435426094737,degree+betweenness+closeness+eigenvector+MCC,295,FALSE
SAA2,6,0.004672897196261682,5.252174257702176e-4,0.2666112956810631,0.05614710503134718,0.5333333333333333,1,18,2.8973632510582767,Up,71,0.0423728813559322,0.004280530360548737,0.651019236290554,0.05614710488606396,3.190070692548269e-8,0.15076395695876119,degree+betweenness+closeness+eigenvector+MCC,296,FALSE
LAMC3,12,0.009345794392523364,0.0012008231499798941,0.2431818181818182,0.09333186767532205,0.5,9,5209.000000000002,1.094154992123248,Up,110,0.09322033898305085,0.009786727741564926,0.5573630682684181,0.09333186753576252,9.77287539223023e-6,0.15074235508083772,degree+betweenness+closeness+eigenvector+MCC,297,FALSE
ELMO1,9,0.007009345794392523,0.009526553437339897,0.2512720156555773,0.018221928802804828,0.2222222222222222,6,21,1.842845497598543,Up,110,0.06779661016949153,0.07764156179723561,0.5897025386624573,0.01822192865168395,3.753024344174434e-8,0.15067253536222236,degree+betweenness+closeness+eigenvector+MCC,298,FALSE
COL16A1,13,0.010124610591900311,3.137650780733053e-4,0.23968639163711034,0.10508006320490344,0.6025641025641025,9,85694.00000000004,1.5926122369168594,Up,110,0.1016949152542373,0.002557190368927944,0.5433905733294788,0.10508006306715226,1.6080395756266997e-4,0.15057670919547178,degree+betweenness+closeness+eigenvector+MCC,299,FALSE
PDPN,8,0.006230529595015576,8.135921777090949e-4,0.26360090330527614,0.044880916993227674,0.21428571428571427,7,13,1.4254917501117357,Up,154,0.059322033898305086,0.00663078916827939,0.6389855998525092,0.044880916846210296,2.2518146065046605e-8,0.14996387245669002,degree+betweenness+closeness+eigenvector+MCC,300,FALSE
PRKD1,5,0.003894080996884735,0.0015358458623139903,0.26884422110552764,0.039291460688025144,0.2,7,6,3.157248990070313,Up,154,0.03389830508474576,0.01251716816729233,0.6599450537246512,0.039291460540147406,9.382560860436085e-9,0.1491303993798795,degree+betweenness+closeness+eigenvector+MCC,301,FALSE
LMO2,9,0.007009345794392523,0.0041136280467013965,0.25907990314769974,0.0218694790099933,0.2777777777777778,16,22,2.0978673319570476,Up,78,0.06779661016949153,0.03352613390556817,0.6209135130806329,0.021869478859433873,3.9406755613831557e-8,0.14882115508437643,degree+betweenness+closeness+eigenvector+MCC,302,FALSE
NFATC1,6,0.004672897196261682,0.0029708525589457325,0.27054361567635904,0.009535845898126907,0.33333333333333337,11,10,1.0668379893202893,Up,143,0.0423728813559322,0.02421249553293519,0.6667381537187429,0.009535845745669019,1.688860954878495e-8,0.14857187864837776,degree+betweenness+closeness+eigenvector+MCC,303,FALSE
LPIN1,13,0.010124610591900311,0.0054722132903455185,0.24970828471411902,0.011853954353071917,0.5,5,2406,1.0496736804041458,Up,39,0.1016949152542373,0.044598625215779245,0.5834517356814969,0.011853954200970844,4.513011773869757e-6,0.1483207486728516,degree+betweenness+closeness+eigenvector+MCC,304,FALSE
TNFRSF1B,5,0.003894080996884735,5.872105478178899e-6,0.26392600205549843,0.06697227623931976,0.6,7,12,1.3198345796174469,Up,154,0.03389830508474576,4.785775289696158e-5,0.6402851381446282,0.0669722760957028,2.0641633892959387e-8,0.1482407195439215,degree+betweenness+closeness+eigenvector+MCC,305,FALSE
AOC3,6,0.004672897196261682,0.003139738669068886,0.2599716541810083,0.04764974878810842,0.4,7,14,1.805901944134663,Up,154,0.0423728813559322,0.025588920012372424,0.6244781672481087,0.04764974864151724,2.439465823713382e-8,0.14801794833051776,degree+betweenness+closeness+eigenvector+MCC,306,FALSE
TSLP,11,0.008566978193146417,1.375103594462268e-4,0.25235849056603776,0.058736564488463025,0.32727272727272727,7,84.00000000000001,1.0296834414954592,Up,154,0.0847457627118644,0.0011207116131692542,0.5940455751970621,0.05873656434357839,1.5575051028323903e-7,0.1477297539232369,degree+betweenness+closeness+eigenvector+MCC,307,FALSE
PDE5A,13,0.010124610591900311,0.006393893260202502,0.24802008885454896,0.007636600949153385,0.21794871794871795,11,51,3.2083289065023237,Up,143,0.1016949152542373,0.05211033160651222,0.5767034010213122,0.007636600796403153,9.382560860436084e-8,0.1476290685008147,degree+betweenness+closeness+eigenvector+MCC,308,FALSE
GAS6,5,0.003894080996884735,8.734156971361464e-4,0.26600372902423863,0.04688243214028695,0.3,18,6,1.6441353243839971,Up,38,0.03389830508474576,0.007118351801615179,0.6485905707388773,0.04688243199357766,9.382560860436085e-9,0.14729793380027534,degree+betweenness+closeness+eigenvector+MCC,309,FALSE
TLR8,5,0.003894080996884735,0.00044653893894817703,0.2640345465761875,0.05778747789277881,0.4,7,9,1.0393738787833864,Up,154,0.03389830508474576,0.0036392994435244376,0.640719030188011,0.05778747774774809,1.5012097376697737e-8,0.14720882549522532,degree+betweenness+closeness+eigenvector+MCC,310,FALSE
TNFAIP3,4,0.003115264797507788,0.0021360618305146253,0.26230847803881513,0.058846915360191494,0.5,7,7,-1.6737105443872498,Down,154,0.025423728813559324,0.017408937839635638,0.6338193046196929,0.05884691521532385,1.1259073032523303e-8,0.14709977954945694,degree+betweenness+closeness+eigenvector+MCC,311,FALSE
S100A8,6,0.004672897196261682,3.9198875956572137e-4,0.26398026315789475,0.04781059955748406,0.4666666666666667,7,27.000000000000004,4.312535912988602,Up,154,0.0423728813559322,0.0031947146152934355,0.6405020395639304,0.04781059941091764,4.8789316474267646e-8,0.146776056747078,degree+betweenness+closeness+eigenvector+MCC,312,FALSE
ITCH,7,0.005451713395638629,0.007640295945536611,0.25395569620253167,0.01980962375778366,0,4,7,-1.1071172442733772,Down,52,0.05084745762711865,0.06226853328502298,0.6004301887447692,0.019809623606907172,1.1259073032523303e-8,0.1466711629045782,degree+betweenness+closeness+eigenvector+MCC,313,FALSE
SDCBP,8,0.006230529595015576,0.0035752015494682006,0.2587666263603386,0.02471282724249975,0.07142857142857142,6,9,1.3147277644368651,Up,110,0.059322033898305086,0.029137949402834373,0.6196612314864115,0.024712827092377987,1.5012097376697737e-8,0.14656681137840527,degree+betweenness+closeness+eigenvector+MCC,314,FALSE
COL15A1,11,0.008566978193146417,3.7760151524771216e-6,0.2378218188553436,0.11071652545412886,0.8363636363636363,9,85920.00000000004,3.3393802357289455,Up,110,0.0847457627118644,3.077458345630338e-5,0.5359371957736081,0.11071652531724527,1.6122804931356167e-4,0.14631829728709753,degree+betweenness+closeness+eigenvector+MCC,315,FALSE
PREX1,8,0.006230529595015576,0.0032437458471890153,0.2589753933037515,0.024606565751722907,0.4642857142857143,11,45,1.3241427920433582,Up,143,0.059322033898305086,0.026436580165699077,0.6204957491119274,0.02460656560158479,8.256653557183755e-8,0.1461722022688104,degree+betweenness+closeness+eigenvector+MCC,316,FALSE
IKZF1,7,0.005451713395638629,0.0011074203862008578,0.26430629888843143,0.02870983561207937,0.14285714285714285,16,9,1.080883503155245,Up,78,0.05084745762711865,0.009025493733517666,0.6418053233081517,0.02870983546257285,1.5012097376697737e-8,0.14607762502869165,degree+betweenness+closeness+eigenvector+MCC,317,FALSE
MAP2K4,7,0.005451713395638629,0.0027032761601725867,0.265015479876161,0.012723021426330474,0.09523809523809523,11,7,-1.2611103190562325,Down,143,0.05084745762711865,0.02203174363378582,0.6446401784066933,0.012723021274363172,1.1259073032523303e-8,0.1460484824402068,degree+betweenness+closeness+eigenvector+MCC,318,FALSE
EMCN,7,0.005451713395638629,0.0019664397670411597,0.2579349136199277,0.04554733970111288,0.2380952380952381,6,15,2.5880025782406353,Up,110,0.05084745762711865,0.016026515328706324,0.6163365722760393,0.04554733955419809,2.6271170409221038e-8,0.14575158221144657,degree+betweenness+closeness+eigenvector+MCC,319,FALSE
TCF4,10,0.00778816199376947,0.004803255919260672,0.2540059347181009,0.010865424134718802,0.06666666666666667,16,11,2.2274542613886332,Up,78,0.07627118644067797,0.03914661201830714,0.6006310104171896,0.01086542398246557,1.876512172087217e-8,0.1453828503247524,degree+betweenness+closeness+eigenvector+MCC,320,FALSE
LPAR1,8,0.006230529595015576,0.002837393853310783,0.25783132530120484,0.028358989858796577,0.35714285714285715,11,20,1.9138904550156468,Up,143,0.059322033898305086,0.023124804962668638,0.6159224919798076,0.028358989709236053,3.565373126965712e-8,0.14534567124074974,degree+betweenness+closeness+eigenvector+MCC,321,FALSE
GATA3,12,0.009345794392523364,0.003385198431296128,0.2509773260359656,0.01722750438005953,0.13636363636363635,16,24,1.1494248685910031,Up,78,0.09322033898305085,0.027589420972457597,0.5885245567578409,0.017227504228785585,4.315977995800599e-8,0.14531237282038298,degree+betweenness+closeness+eigenvector+MCC,322,FALSE
AGTR1,7,0.005451713395638629,5.673206246437046e-4,0.2611348383160464,0.04139829029445111,0.19047619047619047,7,9,1.70590069368214,Up,154,0.05084745762711865,0.004623672099971964,0.6291278385348593,0.041398290146897665,1.5012097376697737e-8,0.145199454684189,degree+betweenness+closeness+eigenvector+MCC,323,FALSE
SERPINF1,5,0.003894080996884735,0.001261178820519079,0.2628454452405322,0.043836375637136604,0.4,1,8,1.633330644192842,Up,71,0.03389830508474576,0.010278627414915231,0.6359657583964796,0.043836375489958446,1.3135585204610519e-8,0.14479581590433685,degree+betweenness+closeness+eigenvector+MCC,324,FALSE
F2R,9,0.007009345794392523,0.0020340696738837738,0.251912889935256,0.04601529154185457,0.3333333333333333,7,36,2.449001706975978,Up,154,0.06779661016949153,0.016577700143445402,0.5922643469324279,0.0460152913950118,6.56779260230526e-8,0.14453080286366055,degree+betweenness+closeness+eigenvector+MCC,325,FALSE
GIMAP5,7,0.005451713395638629,0.010855471623895512,0.24697057126370456,0.009630521795932972,0.5238095238095238,2,122.99999999999997,1.7003259918403444,Up,100,0.05084745762711865,0.0884722661210586,0.572508096374272,0.009630521643489655,2.2893448499464042e-7,0.1442917141400848,degree+betweenness+closeness+eigenvector+MCC,326,FALSE
ANO1,6,0.004672897196261682,0.0031119534356719566,0.26034063260340634,0.027280635458747562,0.2,4,9,1.0264587498749425,Up,52,0.0423728813559322,0.025362469918954307,0.6259531085960651,0.027280635309021053,1.5012097376697737e-8,0.144193822038414,degree+betweenness+closeness+eigenvector+MCC,327,FALSE
AOX1,18,0.014018691588785047,0.007605619953428001,0.23176895306859205,0.0016037394971369066,0.29411764705882354,3,773.9999999999999,3.2398897326754117,Up,50,0.1440677966101695,0.06198592339867851,0.5117416832975954,0.0016037393434580628,1.4505439090234184e-6,0.1438801186387621,degree+betweenness+closeness+eigenvector+MCC,328,FALSE
BCO1,10,0.00778816199376947,0.006768712028183565,0.24802008885454896,0.010342771375737638,0.4444444444444444,3,289.99999999999994,-1.242804922026596,Down,50,0.07627118644067797,0.055165110517728974,0.5767034010213122,0.010342771223403956,5.423120177332056e-7,0.1436966023030282,degree+betweenness+closeness+eigenvector+MCC,329,FALSE
ETS1,8,0.006230529595015576,0.0031151212833887545,0.2575210589651023,0.01654265672837861,0.17857142857142858,16,12,3.8120535775790705,Up,78,0.059322033898305086,0.025388287928152047,0.6146822442574004,0.01654265657699925,2.0641633892959387e-8,0.1431870486604981,degree+betweenness+closeness+eigenvector+MCC,330,FALSE
EPHX2,13,0.010124610591900311,0.006874514556378865,0.24117205108940645,0.007126374092836616,0.16666666666666666,11,46,-1.5978511725011175,Down,143,0.1016949152542373,0.056027402802678664,0.5493292960898307,0.007126373940007848,8.444304774392476e-8,0.14283561450596044,degree+betweenness+closeness+eigenvector+MCC,331,FALSE
CNR1,11,0.008566978193146417,0.0036992428225212097,0.25034119711444724,0.013063336856758508,0.3090909090909091,11,93.00000000000001,1.0878845122044334,Up,143,0.0847457627118644,0.030148887748008047,0.5859817174154192,0.01306333670484359,1.72639119832024e-7,0.142787975443851,degree+betweenness+closeness+eigenvector+MCC,332,FALSE
CXCL14,6,0.004672897196261682,0,0.25310467179183915,0.07451609652835811,1,7,720.0000000000001,-2.236058569827403,Down,154,0.0423728813559322,0,0.5970283337438915,0.07451609638590234,1.3492122517307093e-6,0.14278373213959555,degree+betweenness+closeness+eigenvector+MCC,333,FALSE
FGL2,3,0.002336448598130841,1.362836794206827e-4,0.2644696189495366,0.053172184009343246,0.3333333333333333,9,3,3.045767428806828,Up,110,0.01694915254237288,0.0011107141514812304,0.6424581731672551,0.05317218386360211,3.753024344174434e-9,0.1427380454955471,degree+betweenness+closeness+eigenvector+MCC,334,FALSE
RAPGEF4,11,0.008566978193146417,0.0015398209352420317,0.25598086124401914,0.007676887431983654,0.2727272727272727,11,65,-1.144851470978323,Down,143,0.0847457627118644,0.012549565074780547,0.6085255121425794,0.007676887279239624,1.200967790135819e-7,0.14269956946104861,degree+betweenness+closeness+eigenvector+MCC,335,FALSE
SKAP2,6,0.004672897196261682,1.576917992474729e-4,0.2591844973758579,0.04742859367221215,0.26666666666666666,6,9,1.040725643350485,Up,110,0.0423728813559322,0.0012851906680333154,0.6213316143638068,0.04742859352558693,1.5012097376697737e-8,0.14248365898509133,degree+betweenness+closeness+eigenvector+MCC,336,FALSE
FLNB,9,0.007009345794392523,0.0018925335487688813,0.2530049261083744,0.03190551365013512,0.2222222222222222,9,17,1.341358606726102,Up,110,0.06779661016949153,0.015424178476146837,0.5966296138624788,0.0319055135011205,3.0024194753395474e-8,0.1423511892066865,degree+betweenness+closeness+eigenvector+MCC,337,FALSE
GGT5,6,0.004672897196261682,0.00795917280232635,0.2526067283100531,0.009381024388564651,0.13333333333333333,2,6,1.2233689271129382,Up,100,0.0423728813559322,0.06486738473166558,0.5950378720104966,0.009381024236082931,9.382560860436085e-9,0.14233183434334762,degree+betweenness+closeness+eigenvector+MCC,338,FALSE
CLDN1,10,0.00778816199376947,0.00057720106540565795,0.25330439928980075,0.032211192550471564,0.4,12,156.99999999999997,-2.1314175276864127,Down,75,0.07627118644067797,0.004704197849084576,0.5978267174085863,0.032211192401503996,2.927358988456058e-7,0.14220271736715034,degree+betweenness+closeness+eigenvector+MCC,339,FALSE
LMNB1,5,0.003894080996884735,0.00658892355516417,0.25731462925851706,0.009293209106499537,0,17,5,-1.123605037719651,Down,40,0.03389830508474576,0.05369983160755642,0.6138570694200473,0.0092932089540043,7.506048688348868e-9,0.14214968451448048,degree+betweenness+closeness+eigenvector+MCC,340,FALSE
IL27RA,5,0.003894080996884735,8.037929153749315e-4,0.25871448720531937,0.05026937647145966,0.6,7,25.000000000000004,1.1298431374378608,Up,154,0.03389830508474576,0.0065509250246423905,0.6194528122648061,0.05026937632527171,4.503629213009322e-8,0.14203429274715162,degree+betweenness+closeness+eigenvector+MCC,341,FALSE
LTBP2,7,0.005451713395638629,0.0050276231289529995,0.25078125,0.030309970990108705,0.14285714285714285,10,9,3.234716118734857,Up,46,0.05084745762711865,0.04097520834028026,0.5877407693187013,0.03030997084084849,1.5012097376697737e-8,0.1419746842278092,degree+betweenness+closeness+eigenvector+MCC,342,FALSE
NR4A1,5,0.003894080996884735,0.0026036993168142546,0.26436071649166154,0.012106597368607459,0.2,11,6,-1.7784659144379162,Down,143,0.03389830508474576,0.021220190779122107,0.6420228503183739,0.012106597216545275,9.382560860436085e-9,0.14184959055626958,degree+betweenness+closeness+eigenvector+MCC,343,FALSE
KAT2B,9,0.007009345794392523,0.007048645961104976,0.2482598607888631,0.006077979389557319,0.1111111111111111,16,11,-1.4613600274128054,Down,78,0.06779661016949153,0.057446576516425964,0.5776618569052664,0.006077979236567176,1.876512172087217e-8,0.14179660831857455,degree+betweenness+closeness+eigenvector+MCC,344,FALSE
PTPRB,9,0.007009345794392523,0.002122960644957948,0.2514196201292344,0.032469720851216057,0.2777777777777778,6,32,3.335123733612953,Up,110,0.06779661016949153,0.017302162969300178,0.5902925675858978,0.032469720702288284,5.817187733470373e-8,0.141572223919771,degree+betweenness+closeness+eigenvector+MCC,345,FALSE
IL11RA,5,0.003894080996884735,0,0.2586623690572119,0.052579294360359914,1,7,119.99999999999997,1.2233540737576396,Up,154,0.03389830508474576,0,0.6192444770154899,0.05257929421452752,2.2330494847837877e-7,0.14114445992394237,degree+betweenness+closeness+eigenvector+MCC,346,FALSE
PLD1,11,0.008566978193146417,0.005301400148693995,0.24668587896253602,0.004873219836916233,0.41818181818181815,5,848.0000000000001,1.2964819779192045,Up,39,0.0847457627118644,0.04320649539878428,0.5713700773982316,0.004873219683740646,1.589405809757873e-6,0.14083942891968615,degree+betweenness+closeness+eigenvector+MCC,347,FALSE
IL20RA,5,0.003894080996884735,7.701997776818325e-4,0.25716002403364713,0.04977788419722326,0.4,7,9,-2.45096478949279,Down,154,0.03389830508474576,0.00627714041898021,0.6132390559403192,0.049777884050959655,1.5012097376697737e-8,0.14063848010142044,degree+betweenness+closeness+eigenvector+MCC,348,FALSE
SFN,7,0.005451713395638629,0.006410691414189347,0.25225933202357564,0.006145587984460909,0,4,7,-1.256578049133438,Down,52,0.05084745762711865,0.052247236828261885,0.5936492023324107,0.006145587831481172,1.1259073032523303e-8,0.1405778991756691,degree+betweenness+closeness+eigenvector+MCC,349,FALSE
S100A9,6,0.004672897196261682,3.522928739125123e-5,0.2576760987357014,0.04380757349182271,0.6,7,32,4.0665236066069665,Up,154,0.0423728813559322,2.871192516843922e-4,0.6153019947749188,0.04380757334464012,5.817187733470373e-8,0.14035392537981056,degree+betweenness+closeness+eigenvector+MCC,350,FALSE
ACVRL1,7,0.005451713395638629,1.6292084611601877e-4,0.255827854154214,0.040614120299757785,0.4285714285714286,10,20,1.4044173716182318,Up,46,0.05084745762711865,0.0013278074830499129,0.607913886991663,0.04061412015208364,3.565373126965712e-8,0.14014066158152932,degree+betweenness+closeness+eigenvector+MCC,351,FALSE
ENPEP,4,0.003115264797507788,9.663991491822576e-4,0.26365503080082137,0.028196393301394486,0.3333333333333333,7,5,1.6503361789945377,Up,154,0.025423728813559324,0.007876168412380374,0.6392019671964915,0.028196393151808937,7.506048688348868e-9,0.14013965301605774,degree+betweenness+closeness+eigenvector+MCC,352,FALSE
LOXL2,3,0.002336448598130841,0,0.26295310260086013,0.04664945566288028,1,9,6,1.96617215143951,Up,110,0.01694915254237288,0,0.6363961041362861,0.04664945551613513,9.382560860436085e-9,0.13999894431547097,degree+betweenness+closeness+eigenvector+MCC,353,FALSE
MSX2,7,0.005451713395638629,2.0493375961563463e-4,0.25871448720531937,0.027932208032654563,0.5238095238095238,10,52.00000000000001,-2.5651771076415253,Down,46,0.05084745762711865,0.0016702133952423474,0.6194528122648061,0.02793220788302835,9.570212077644808e-8,0.13998055737446324,degree+betweenness+closeness+eigenvector+MCC,354,FALSE
ACKR4,6,0.004672897196261682,3.603872871328292e-5,0.25102639296187684,0.06805645783834537,0.7333333333333333,7,54.00000000000001,2.656161855236168,Up,154,0.0423728813559322,2.9371621131298465e-4,0.5887206951590331,0.0680564576948953,9.945514512062252e-8,0.13988876997526375,degree+betweenness+closeness+eigenvector+MCC,355,FALSE
VLDLR,6,0.004672897196261682,7.122664190387496e-4,0.25777956233688015,0.035494568224311664,0.26666666666666666,1,9,1.7168992927409086,Up,71,0.0423728813559322,0.005804982626049767,0.6157155765296328,0.03549456807584949,1.5012097376697737e-8,0.13987760471991234,degree+betweenness+closeness+eigenvector+MCC,356,FALSE
ASPN,10,0.00778816199376947,0.0010562054431912436,0.2395969397275611,0.07074083442990489,0.35555555555555557,9,243.99999999999994,2.9053302909035708,Up,110,0.07627118644067797,0.008608091134689314,0.5430330014173047,0.07074083428686802,4.5599245781719363e-7,0.13973071385439956,degree+betweenness+closeness+eigenvector+MCC,357,FALSE
SEMA4D,6,0.004672897196261682,9.161446193822362e-4,0.26055194805194803,0.021567973342847106,0.33333333333333337,12,14,-1.360268464424256,Down,75,0.0423728813559322,0.007466593196461689,0.6267978135262084,0.021567973192241272,2.439465823713382e-8,0.13964105713310035,degree+betweenness+closeness+eigenvector+MCC,358,FALSE
TNXB,8,0.006230529595015576,4.0257312317767843e-5,0.24457142857142858,0.07490178450370687,0.35714285714285715,9,20,2.2780877574090956,Up,110,0.059322033898305086,3.2809773468119653e-4,0.5629178478890413,0.07490178436131047,3.565373126965712e-8,0.13949395990741387,degree+betweenness+closeness+eigenvector+MCC,359,FALSE
F13A1,2,0.001557632398753894,0,0.2634927149599836,0.04992889175698359,1,9,2,1.9242575112382676,Up,110,0.00847457627118644,0,0.6385531315721099,0.04992889161074323,1.876512172087217e-9,0.13939132026611034,degree+betweenness+closeness+eigenvector+MCC,360,FALSE
MAOB,12,0.009345794392523364,0.007751013152049242,0.23804226918798665,0.0033067335823729915,0.16666666666666666,3,35,1.0845602280467652,Up,50,0.09322033898305085,0.06317088027630466,0.5368184161676702,0.0033067334289562825,6.380141385096538e-8,0.13930328653147916,degree+betweenness+closeness+eigenvector+MCC,361,FALSE
ADAMTS2,9,0.007009345794392523,3.027149789865712e-4,0.24090056285178235,0.07770855252409772,0.6388888888888888,9,961,1.8158421738363724,Up,110,0.06779661016949153,0.0024671318858940417,0.5482440585722729,0.07770855238213335,1.8014516852037284e-6,0.13924363089229538,degree+betweenness+closeness+eigenvector+MCC,362,FALSE
CLDN7,9,0.007009345794392523,6.332058482607679e-4,0.25250737463126843,0.028434514223922264,0.3611111111111111,12,126.99999999999997,-1.4578539409518907,Down,75,0.06779661016949153,0.005160637718717004,0.5946407191147833,0.028434514074373366,2.364405336829893e-7,0.1392065435035798,degree+betweenness+closeness+eigenvector+MCC,363,FALSE
PLTP,9,0.007009345794392523,5.68293983875307e-4,0.25350444225074037,0.024439625114604176,0.3888888888888889,1,32,2.4897168426967395,Up,71,0.06779661016949153,0.004631604993166596,0.5986263620938769,0.024439624964440364,5.817187733470373e-8,0.13909885207857056,degree+betweenness+closeness+eigenvector+MCC,364,FALSE
ADAMTS5,5,0.003894080996884735,1.4227269207332918e-4,0.25970873786407767,0.03679504971793156,0.2,9,6,3.789510468987508,Up,110,0.03389830508474576,0.001159524699706604,0.623427194824374,0.03679504956966956,9.382560860436085e-9,0.13905601671221135,degree+betweenness+closeness+eigenvector+MCC,365,FALSE
CCND2,5,0.003894080996884735,0.001892185852050188,0.25944635279854517,0.023095785726351438,0.3,16,8,3.643436297525021,Up,78,0.03389830508474576,0.015421344742368018,0.6223783460062643,0.023095785575980774,1.3135585204610519e-8,0.13895875890898882,degree+betweenness+closeness+eigenvector+MCC,366,FALSE
KRT7,6,0.004672897196261682,7.426393266996103e-4,0.25887096774193546,0.02509365420668426,0.4,18,26.000000000000004,1.8553742958511013,Up,38,0.0423728813559322,0.006052522305811531,0.6200783220496481,0.025093654056621117,4.691280430218043e-8,0.13871948533616346,degree+betweenness+closeness+eigenvector+MCC,367,FALSE
CEACAM5,8,0.006230529595015576,0.002096117820393222,0.25235849056603776,0.022539718370600467,0.2857142857142857,18,33,2.3890656314682506,Up,38,0.059322033898305086,0.01708339352283009,0.5940455751970621,0.02253971822014421,6.004838950679095e-8,0.13859815617734622,degree+betweenness+closeness+eigenvector+MCC,368,FALSE
MSR1,6,0.004672897196261682,1.0329958494371268e-4,0.25206124852767964,0.05603509013579252,0.26666666666666666,7,9,1.536669710817499,Up,154,0.0423728813559322,8.418932577021874e-4,0.5928573903436608,0.05603508999049206,1.5012097376697737e-8,0.13842145399197694,degree+betweenness+closeness+eigenvector+MCC,369,FALSE
PTPRJ,4,0.003115264797507788,6.509912069037777e-5,0.2611879576891782,0.03642379375560209,0.16666666666666666,6,4,1.6031932324528535,Up,110,0.025423728813559324,5.305588674091357e-4,0.6293401760458184,0.03642379360728295,5.629536516261651e-9,0.13834365259272124,degree+betweenness+closeness+eigenvector+MCC,370,FALSE
CREB5,6,0.004672897196261682,0.002149733644380007,0.25991902834008096,0.007033708746817958,0.06666666666666667,11,6,1.789977957519482,Up,143,0.0423728813559322,0.01752036333974869,0.6242678025653983,0.007033708593974925,9.382560860436085e-9,0.13823895304752298,degree+betweenness+closeness+eigenvector+MCC,371,FALSE
AMPD3,13,0.010124610591900311,0.001667983708625931,0.24578866768759572,0.007434688079378079,0.2948717948717949,11,80,-1.8622614059070628,Down,143,0.1016949152542373,0.013594093713100941,0.5677835966532012,0.007434687926596768,1.4824446159489013e-7,0.13810148835831954,degree+betweenness+closeness+eigenvector+MCC,372,FALSE
PTAFR,3,0.002336448598130841,2.4646110166651384e-6,0.26039342932468057,0.046477682294800475,0.3333333333333333,7,3,-1.42848274147401,Down,154,0.01694915254237288,2.0086618924166398e-5,0.6261641563498546,0.04647768214802889,3.753024344174434e-9,0.13792221628244095,degree+betweenness+closeness+eigenvector+MCC,373,FALSE
TNS1,2,0.001557632398753894,0.001570481142086371,0.2616670063175056,0.03587784766025497,0,18,2,3.0152321015145382,Up,38,0.00847457627118644,0.01279944624745001,0.6312551081575931,0.035877847511851794,1.876512172087217e-9,0.13768139601291868,degree+betweenness+closeness+eigenvector+MCC,374,FALSE
CEACAM6,2,0.001557632398753894,1.9513868975027168e-4,0.26425190368388557,0.03663828095588794,0,18,2,2.1853900252694576,Up,38,0.00847457627118644,0.0015903834202926478,0.6415878858336407,0.036638280807601814,1.876512172087217e-9,0.13765822564184677,degree+betweenness+closeness+eigenvector+MCC,375,FALSE
CD248,2,0.001557632398753894,0.0015576323987538943,0.2615603992666531,0.03587672765636413,0,9,2,1.4282066446110386,Up,110,0.00847457627118644,0.012694728785250598,0.6308289608878851,0.035876727507960775,1.876512172087217e-9,0.137574999065759,degree+betweenness+closeness+eigenvector+MCC,376,FALSE
FAP,2,0.001557632398753894,1.3850665542861732e-4,0.26414318041555235,0.03631162538605599,0,11,2,1.4399187521230568,Up,143,0.00847457627118644,0.0011288314412470476,0.6411532792707219,0.03631162523771959,1.876512172087217e-9,0.13741366281947742,degree+betweenness+closeness+eigenvector+MCC,377,FALSE
JAM2,6,0.004672897196261682,1.2405321382340692e-4,0.25355450236966826,0.043370435293043505,0.6,12,24,2.810202388763725,Up,75,0.0423728813559322,0.0010110356626420384,0.5988264706498474,0.043370435145793626,4.315977995800599e-8,0.13711617319479905,degree+betweenness+closeness+eigenvector+MCC,378,FALSE
DBN1,6,0.004672897196261682,0.003568937396949696,0.2519623233908948,0.02155910227567882,0.13333333333333333,13,6,1.2425904476454726,Up,58,0.0423728813559322,0.029086896460333,0.5924619504866417,0.02155910212507162,9.382560860436085e-9,0.13709616796210788,degree+betweenness+closeness+eigenvector+MCC,379,FALSE
FZD3,14,0.010903426791277258,0.004074293074915055,0.2378218188553436,0.006088095236450893,0.1868131868131868,14,41,-1.218532154375298,Down,38,0.11016949152542373,0.03320555326086498,0.5359371957736081,0.0060880950834623065,7.506048688348868e-8,0.13708008214076922,degree+betweenness+closeness+eigenvector+MCC,380,FALSE
TRPC1,8,0.006230529595015576,0.008830994050945262,0.24162589386526157,0.002085701418320821,0.07142857142857142,17,8,1.491208135135695,Up,40,0.059322033898305086,0.07197274175254524,0.551143471214841,0.0020857012647161636,1.3135585204610519e-8,0.13690479225319854,degree+betweenness+closeness+eigenvector+MCC,381,FALSE
ADA,10,0.00778816199376947,0.001378275664688629,0.24956268221574343,0.013423070818759101,0.15555555555555556,11,20,1.2602857701413983,Up,143,0.07627118644067797,0.011232968554410274,0.5828697093835248,0.013423070666899555,3.565373126965712e-8,0.13675939413984878,degree+betweenness+closeness+eigenvector+MCC,382,FALSE
TGFBR3,7,0.005451713395638629,3.8657651856672295e-4,0.251912889935256,0.03705160363103399,0.4761904761904762,10,37,1.04135922277392,Up,46,0.05084745762711865,0.003150604765204503,0.5922643469324279,0.03705160348281149,6.75544381951398e-8,0.13666281607240013,degree+betweenness+closeness+eigenvector+MCC,383,FALSE
GIPC1,6,0.004672897196261682,0.0011405556749990533,0.2553699284009546,0.0252668030401633,0.06666666666666667,12,6,-1.1049960169902082,Down,75,0.0423728813559322,0.009295546863415683,0.606083390716605,0.02526680289012681,9.382560860436085e-9,0.13660372624172812,degree+betweenness+closeness+eigenvector+MCC,384,FALSE
TSPAN8,5,0.003894080996884735,0.0012349030924278053,0.2538552787663108,0.03857376817867921,0.2,18,5,1.475759403462359,Up,38,0.03389830508474576,0.01006447981370935,0.6000287836225526,0.03857376803069101,7.506048688348868e-9,0.13651306881154948,degree+betweenness+closeness+eigenvector+MCC,385,FALSE
SPHK1,9,0.007009345794392523,0.0050289899646666055,0.2460241425560452,0.004705797792733849,0.2777777777777778,5,36,-1.6503495357516265,Down,39,0.06779661016949153,0.04098634807305168,0.5687248755974376,0.004705797639532492,6.56779260230526e-8,0.13644273943148785,degree+betweenness+closeness+eigenvector+MCC,386,FALSE
ALOX5,9,0.007009345794392523,0.008755956453067995,0.23642054870189652,0.011319835633402836,0.1111111111111111,5,10,2.199866937238175,Up,39,0.06779661016949153,0.07136118413823864,0.5303358078237543,0.011319835481219549,1.688860954878495e-8,0.13616269090026273,degree+betweenness+closeness+eigenvector+MCC,387,FALSE
NOX4,5,0.003894080996884735,1.6210587802353033e-4,0.25835010060362174,0.02758860557254959,0.7,7,18,1.0652767419144251,Up,154,0.03389830508474576,0.001321165480154332,0.6179962260991646,0.027588605422870484,3.190070692548269e-8,0.13616086679752842,degree+betweenness+closeness+eigenvector+MCC,388,FALSE
CLDN4,9,0.007009345794392523,5.787392841642545e-4,0.24932038834951456,0.02513291629321755,0.5277777777777778,12,267.99999999999994,-1.163254154295716,Down,75,0.06779661016949153,0.004716734356394254,0.5819011724177732,0.02513291614316045,5.010287499472869e-7,0.13590958682311388,degree+betweenness+closeness+eigenvector+MCC,389,FALSE
GJB2,10,0.00778816199376947,0.009705587780967405,0.23332727603125566,0.005359915337375553,0.15555555555555556,4,17,-1.669526452059218,Down,52,0.07627118644067797,0.07910069454088861,0.5179708686146252,0.005359915184274881,3.0024194753395474e-8,0.13574053896093227,degree+betweenness+closeness+eigenvector+MCC,390,FALSE
DDR2,5,0.003894080996884735,1.0892911578516685e-4,0.25137039937353173,0.05155963790803089,0.6,9,25.000000000000004,3.182194770554701,Up,110,0.03389830508474576,8.877740234577255e-4,0.590095814270916,0.051559637762041546,4.503629213009322e-8,0.13528831523549062,degree+betweenness+closeness+eigenvector+MCC,391,FALSE
FSTL1,4,0.003115264797507788,8.734605896001755e-5,0.2576243980738363,0.033711177548907824,0.3333333333333333,10,4,2.141115169528165,Up,46,0.025423728813559324,7.118717675909914e-4,0.6150953283704013,0.03371117740017114,5.629536516261651e-9,0.13498842239625183,degree+betweenness+closeness+eigenvector+MCC,392,FALSE
CFH,14,0.010903426791277258,0.0036052296014935535,0.23341210688965644,0.016678567267950004,0.21978021978021978,1,150.99999999999997,4.157653573231207,Up,71,0.11016949152542373,0.029382678503690394,0.5183099684997209,0.016678567116591565,2.814768258130825e-7,0.13490819742445048,degree+betweenness+closeness+eigenvector+MCC,393,FALSE
GPNMB,5,0.003894080996884735,0.0037897048379737625,0.25255704169944926,0.014902040823032986,0,14,5,1.1145772267249487,Up,38,0.03389830508474576,0.030886154610495,0.5948392565035433,0.014902040671401091,7.506048688348868e-9,0.1349051528752468,degree+betweenness+closeness+eigenvector+MCC,394,FALSE
NRG1,6,0.004672897196261682,4.6115784961031414e-4,0.25410647140312687,0.027118089118297085,0.4,6,14,-1.9648087209976597,Down,110,0.0423728813559322,0.0037584437975710697,0.6010328922203789,0.027118088968545555,2.439465823713382e-8,0.13485646614741717,degree+betweenness+closeness+eigenvector+MCC,395,FALSE
PTN,6,0.004672897196261682,0.0016188956051592204,0.251715349931386,0.02520143096470526,0.2,13,7,2.914166824287155,Up,58,0.0423728813559322,0.013194024890321742,0.5914747074795575,0.02520143081465871,1.1259073032523303e-8,0.13444861115990864,degree+betweenness+closeness+eigenvector+MCC,396,FALSE
SMAD9,7,0.005451713395638629,2.0553676863640875e-5,0.2507322788517868,0.03301657783787745,0.7619047619047619,10,155.99999999999997,2.6864584290062066,Up,46,0.05084745762711865,1.6751279283375186e-4,0.5875450137759052,0.033016577689033856,2.9085938667351856e-7,0.13431537054885562,degree+betweenness+closeness+eigenvector+MCC,397,FALSE
GDA,6,0.004672897196261682,0.0038528906956234715,0.2509282782880594,0.007723992832681322,0.13333333333333333,11,7,-3.298399517396514,Down,143,0.0423728813559322,0.03140112035373982,0.5883284950181303,0.007723992679944542,1.1259073032523303e-8,0.133965300133364,degree+betweenness+closeness+eigenvector+MCC,398,FALSE
WNT4,14,0.010903426791277258,0.0010550695298842529,0.239731142643764,0.0067781928681558915,0.42857142857142855,14,2952.0000000000005,-1.3216597545317796,Down,38,0.11016949152542373,0.008598833423198886,0.5435694594270645,0.0067781927152735285,5.537587419829378e-6,0.1338243029356761,degree+betweenness+closeness+eigenvector+MCC,399,FALSE
AXL,7,0.005451713395638629,0.0021082383403825925,0.24797219003476245,0.022999521602570832,0.14285714285714285,18,8,1.8019074010361535,Up,38,0.05084745762711865,0.017182175953218908,0.5765119319663949,0.02299952145218535,1.3135585204610519e-8,0.1335082200269006,degree+betweenness+closeness+eigenvector+MCC,400,FALSE
KCNN4,7,0.005451713395638629,0.004357022820745141,0.2482118693214769,0.0034380994891755608,0.2380952380952381,11,11,-2.029062180178985,Down,143,0.05084745762711865,0.03550980517916555,0.5774700175040977,0.003438099335779072,1.876512172087217e-8,0.13345307968225653,degree+betweenness+closeness+eigenvector+MCC,401,FALSE
ANOS1,3,0.002336448598130841,0.0035376508427083023,0.25240809907607625,0.027088044127358085,0.3333333333333333,6,3,-1.4805350535404624,Down,110,0.01694915254237288,0.028831910546431062,0.5942438785075667,0.02708804397760193,3.753024344174434e-9,0.13342259786539937,degree+betweenness+closeness+eigenvector+MCC,402,FALSE
PRKG1,12,0.009345794392523364,0.005691277406952794,0.23512177256912653,0.0022013608700307357,0.1212121212121212,11,19,1.7883006812206323,Up,143,0.09322033898305085,0.04638400124489538,0.5251441258616717,0.002201360716443881,3.37772190975699e-8,0.13338997211665618,degree+betweenness+closeness+eigenvector+MCC,403,FALSE
FGFBP1,5,0.003894080996884735,2.83183607372631e-6,0.24845201238390094,0.054545221812579044,0.5,6,10,-1.234745235934362,Down,110,0.03389830508474576,2.3079508970796916e-5,0.5784299569224846,0.054545221667049254,1.688860954878495e-8,0.13337931601437197,degree+betweenness+closeness+eigenvector+MCC,404,FALSE
EPHB3,5,0.003894080996884735,2.5935570491049246e-4,0.25623628018359607,0.021278176711950796,0.4,6,9,-1.1095785221300076,Down,110,0.03389830508474576,0.0021137531136230527,0.609546514814185,0.021278176561300356,1.5012097376697737e-8,0.13336735291719032,degree+betweenness+closeness+eigenvector+MCC,405,FALSE
RORA,7,0.005451713395638629,0.006401622897702367,0.24355083459787558,0.0039021252317548326,0.2857142857142857,2,16,-1.6900939229182548,Down,100,0.05084745762711865,0.05217332827488377,0.55883816149089,0.0039021250784297694,2.8147682581308256e-8,0.13315222012380096,degree+betweenness+closeness+eigenvector+MCC,406,FALSE
C1S,11,0.008566978193146417,4.113297964617106e-4,0.2420814479638009,0.02431002703424235,0.4727272727272728,1,259.99999999999994,4.495398337785095,Up,71,0.0847457627118644,0.0033523443731339453,0.5529644871208658,0.02431002688405859,4.860166525705891e-7,0.13307462142131504,degree+betweenness+closeness+eigenvector+MCC,407,FALSE
NLGN1,9,0.007009345794392523,0.006885592552281712,0.23804226918798665,0.0035361040911590174,0.1388888888888889,13,12,1.1436385164909757,Up,58,0.06779661016949153,0.05611768864520689,0.5368184161676702,0.0035361039377776143,2.0641633892959387e-8,0.132853767912356,degree+betweenness+closeness+eigenvector+MCC,408,FALSE
NTRK3,6,0.004672897196261682,1.9738591817484518e-5,0.25078125,0.030809021388841347,0.6,6,24,2.2702683152539507,Up,110,0.0423728813559322,1.6086983676392031e-4,0.5877407693187013,0.03080902123965795,4.315977995800599e-8,0.13221671698216705,degree+betweenness+closeness+eigenvector+MCC,409,FALSE
PAPPA,6,0.004672897196261682,1.719118460395947e-5,0.24888544291529366,0.03822121485731297,0.5333333333333333,6,31.000000000000004,2.639357189472192,Up,110,0.0423728813559322,1.4010842752053122e-4,0.5801625368605284,0.03822121470927049,5.629536516261652e-8,0.13217935952972337,degree+betweenness+closeness+eigenvector+MCC,410,FALSE
BNIP3,4,0.003115264797507788,0.004621977524534003,0.2505854800936768,0.010739259934359292,0.16666666666666666,2,4,1.8459610730213143,Up,100,0.025423728813559324,0.037669190222560156,0.5869582055914107,0.01073925978208664,5.629536516261651e-9,0.13215807800783066,degree+betweenness+closeness+eigenvector+MCC,411,FALSE
MFAP2,10,0.00778816199376947,7.616324083256261e-5,0.23529411764705882,0.058011562757189244,0.6000000000000001,9,403.9999999999999,2.1353973433927687,Up,110,0.07627118644067797,6.207316222676182e-4,0.5258330520051222,0.058011562612193014,7.562344053511482e-7,0.13214745778293321,degree+betweenness+closeness+eigenvector+MCC,412,FALSE
SERPING1,12,0.009345794392523364,4.255764977115988e-4,0.23901712583767684,0.02018088527380177,0.4393939393939394,1,269.99999999999994,3.2860366182282057,Up,71,0.09322033898305085,0.0034684552145600148,0.5407152737985681,0.020180885122982425,5.047817742914613e-7,0.13151709158018715,degree+betweenness+closeness+eigenvector+MCC,413,FALSE
GMPR,10,0.00778816199376947,8.593660133588078e-4,0.24560061208875286,0.006856915396964576,0.4,11,66,1.2181027527255086,Up,143,0.07627118644067797,0.007003846655719052,0.5670318698268862,0.006856915244094331,1.219732911856691e-7,0.13143278802813377,degree+betweenness+closeness+eigenvector+MCC,414,FALSE
ACKR3,4,0.003115264797507788,6.87558592314783e-4,0.24995133346311077,0.04168648754363473,0.5,7,7,1.1825154175917056,Up,154,0.025423728813559324,0.005603613445885917,0.5844232901890131,0.04168648739612565,1.1259073032523303e-8,0.1314274262207314,degree+betweenness+closeness+eigenvector+MCC,415,FALSE
BRD7,6,0.004672897196261682,0.007243389582874282,0.24040441864819323,0.00889046622300012,0.4,16,26.000000000000004,-1.1115981103055308,Down,78,0.0423728813559322,0.05903374012640001,0.5462607892101605,0.00889046607044289,4.691280430218043e-8,0.13131158473514798,degree+betweenness+closeness+eigenvector+MCC,416,FALSE
SOX17,3,0.002336448598130841,2.6290766800586774e-4,0.2570056044835869,0.024400232163441497,0,16,3,1.8546768504829736,Up,78,0.01694915254237288,0.0021427016692560003,0.6126217846705347,0.02440023201327162,3.753024344174434e-9,0.1312227749296919,degree+betweenness+closeness+eigenvector+MCC,417,FALSE
P2RY12,8,0.006230529595015576,0.004458813697065618,0.23746994636582208,0.02591013770889037,0.21428571428571427,1,17,1.5299507380524484,Up,71,0.059322033898305086,0.03633940243762988,0.5345306330791537,0.025910137558952905,3.0024194753395474e-8,0.13122044739964728,degree+betweenness+closeness+eigenvector+MCC,418,FALSE
PLPP3,15,0.011682242990654205,0.0026232205017462018,0.23172712506767731,0.00419852339808997,0.4095238095238095,5,2426,2.462513596979001,Up,39,0.11864406779661017,0.021379288746316446,0.5115744815201837,0.00419852324481053,4.550542017311501e-6,0.13116018236998764,degree+betweenness+closeness+eigenvector+MCC,419,FALSE
PCK1,4,0.003115264797507788,0.003838791928169967,0.25112458439272445,0.00946309584863577,0.16666666666666666,2,4,-2.062472161933993,Down,100,0.025423728813559324,0.03128621517510348,0.5891132021257844,0.009463095696166683,5.629536516261651e-9,0.13105724948803008,degree+betweenness+closeness+eigenvector+MCC,420,FALSE
SYT1,8,0.006230529595015576,0.006220923741417201,0.23932898415657036,0.0026260833155919987,0.03571428571428571,10,8,-1.8778491485390416,Down,46,0.059322033898305086,0.050700627281633416,0.5419618852569045,0.0026260831620705197,1.3135585204610519e-8,0.13092212854689972,degree+betweenness+closeness+eigenvector+MCC,421,FALSE
PDE3A,11,0.008566978193146417,0.0016959903261513313,0.24162589386526157,0.003843055085486255,0.2727272727272727,11,44,1.8341889927347577,Up,143,0.0847457627118644,0.013822348090681705,0.551143471214841,0.0038430549321520993,8.069002339975032e-8,0.13071094352791252,degree+betweenness+closeness+eigenvector+MCC,422,FALSE
TPM1,13,0.010124610591900311,0.0013818985183120635,0.23581267217630855,0.012077884215855598,0.5512820512820512,8,85685.00000000004,1.537620771331361,Up,29,0.1016949152542373,0.011262494868972656,0.5279059036135979,0.012077884063788994,1.6078706895312117e-4,0.13062039697390998,degree+betweenness+closeness+eigenvector+MCC,423,FALSE
COL8A1,7,0.005451713395638629,5.771160272832829e-5,0.23733826247689463,0.06746249023151285,0.7142857142857143,9,241.99999999999994,1.5618423472201357,Up,110,0.05084745762711865,4.7035047870368034e-4,0.5340042445402889,0.06746249008797135,4.522394334730192e-7,0.13055699899470322,degree+betweenness+closeness+eigenvector+MCC,424,FALSE
MARVELD2,9,0.007009345794392523,0.0016895186914675773,0.24226415094339623,0.016459461235250675,0.5,12,252.99999999999994,-2.2028517387774533,Down,75,0.06779661016949153,0.013769604165238704,0.5536948175755537,0.01645946108385851,4.728810673659786e-7,0.13034419317504198,degree+betweenness+closeness+eigenvector+MCC,425,FALSE
PDE1C,13,0.010124610591900311,0.0013122324143979608,0.23760177646188008,0.0036652975674065008,0.3461538461538462,11,118,1.381727961946147,Up,143,0.1016949152542373,0.01069471501576587,0.5350576060612521,0.0036652974140449837,2.195519241342044e-7,0.13022255065944485,degree+betweenness+closeness+eigenvector+MCC,426,FALSE
WNT10A,13,0.010124610591900311,0.002020713365627834,0.23542354235423543,0.0057941186151569445,0.2692307692307692,14,281.99999999999994,-1.253698211324174,Down,38,0.1016949152542373,0.01646884601905957,0.5263504097704391,0.005794118462123108,5.272999203565078e-7,0.13006176336115588,degree+betweenness+closeness+eigenvector+MCC,427,FALSE
BCL2L11,5,0.003894080996884735,1.1537494785232862e-4,0.2539054775558632,0.01454296774372984,0.4,2,8,-1.556092536749432,Down,100,0.03389830508474576,9.403076571657508e-4,0.6002294464955926,0.014542967592042676,1.3135585204610519e-8,0.1299222079930264,degree+betweenness+closeness+eigenvector+MCC,428,FALSE
MS4A6A,8,0.006230529595015576,4.313412384495917e-4,0.24378203911144863,0.0262804953664796,0.14285714285714285,1,11,1.8919098785439463,Up,71,0.059322033898305086,0.003515437943119494,0.5597623702689719,0.026280495216599146,1.876512172087217e-8,0.12977607121842344,degree+betweenness+closeness+eigenvector+MCC,429,FALSE
GRB7,3,0.002336448598130841,6.957462963698361e-7,0.25275590551181104,0.036094216461368504,0.6666666666666666,6,4,-1.3040775407951184,Down,110,0.01694915254237288,5.670343363956412e-6,0.5956341877018458,0.03609421631299863,5.629536516261651e-9,0.12973664650602354,degree+betweenness+closeness+eigenvector+MCC,430,FALSE
RHOQ,7,0.005451713395638629,0.009824645776867471,0.2326508425439391,0.002336362247915719,0.047619047619047616,4,7,1.0940128686962185,Up,52,0.05084745762711865,0.0800710190981307,0.5152669172206618,0.0023363620943496447,1.1259073032523303e-8,0.12970435345986675,degree+betweenness+closeness+eigenvector+MCC,431,FALSE
PLIN2,4,0.003115264797507788,4.614175210214431e-4,0.2534544018949862,0.020504815063823914,0.3333333333333333,7,4,1.9406141476732517,Up,154,0.025423728813559324,0.003760560123695387,0.5984263325385207,0.020504814913054434,5.629536516261651e-9,0.12962308840367326,degree+betweenness+closeness+eigenvector+MCC,432,FALSE
MYH11,14,0.010903426791277258,0.0016798839796079205,0.23231409444544962,0.009887697373836372,0.5274725274725275,8,85807.00000000004,2.352123794122309,Up,29,0.11016949152542373,0.013691081110582017,0.5139208122341428,0.009887697221432642,1.6101600343811583e-4,0.12956601961900388,degree+betweenness+closeness+eigenvector+MCC,433,FALSE
GRK5,4,0.003115264797507788,5.08952212621286e-4,0.2528056704075605,0.020702946586034433,0.5,7,6,2.1950135028860993,Up,154,0.025423728813559324,0.004147968615091231,0.5958331161430827,0.02070294643529545,9.382560860436085e-9,0.1292215538779179,degree+betweenness+closeness+eigenvector+MCC,434,FALSE
PLXND1,9,0.007009345794392523,0.002040731813383413,0.2422184493491794,0.008073758234120642,0.3333333333333333,12,58,2.0473019078478076,Up,75,0.06779661016949153,0.016631996686163112,0.5535121316327285,0.008073758081437699,1.0696119380897136e-7,0.12920292070620293,degree+betweenness+closeness+eigenvector+MCC,435,FALSE
CTSV,3,0.002336448598130841,0.001507660369412738,0.2524577270939835,0.020106141404885234,0,2,3,-3.0420948648765886,Down,100,0.01694915254237288,0.01228745595255781,0.5944422597981387,0.020106141254054386,3.753024344174434e-9,0.12875700266002962,degree+betweenness+closeness+eigenvector+MCC,436,FALSE
SCARF1,5,0.003894080996884735,2.5690974585190545e-4,0.2466384940453323,0.03585646409511531,0.3,7,7,1.1165879331810915,Up,154,0.03389830508474576,0.0020938185084534186,0.571180662599396,0.03585646394670884,1.1259073032523303e-8,0.12860585227967541,degree+betweenness+closeness+eigenvector+MCC,437,FALSE
LCP1,4,0.003115264797507788,5.486076226298472e-4,0.2516166960611405,0.021251442644564168,0.5,6,7,1.1964467568590311,Up,110,0.025423728813559324,0.004471160836394105,0.5910803519738471,0.021251442493909613,1.1259073032523303e-8,0.12844533907535666,degree+betweenness+closeness+eigenvector+MCC,438,FALSE
PTGFR,4,0.003115264797507788,0.003019652606406473,0.24616564417177914,0.022900248836424532,0.3333333333333333,7,5,2.9921299409011937,Up,154,0.025423728813559324,0.024610216694691368,0.5692905091715968,0.02290024868602377,7.506048688348868e-9,0.128444942174384,degree+betweenness+closeness+eigenvector+MCC,439,FALSE
PLOD3,7,0.005451713395638629,8.433044410132098e-4,0.23910614525139665,0.04281140225610495,0.2857142857142857,9,14,1.004786667247633,Up,110,0.05084745762711865,0.006872944586042557,0.5410711168671488,0.04281140210876902,2.439465823713382e-8,0.12832058911674743,degree+betweenness+closeness+eigenvector+MCC,440,FALSE
CD93,3,0.002336448598130841,8.14547372661502e-5,0.2538552787663108,0.02315722327996501,0,12,3,3.16812913692302,Up,75,0.01694915254237288,6.638574022310129e-4,0.6000287836225526,0.0231572231296038,3.753024344174434e-9,0.12815980408995692,degree+betweenness+closeness+eigenvector+MCC,441,FALSE
PDE7A,8,0.006230529595015576,2.331229102341716e-4,0.2466384940453323,0.00757578975976675,0.2857142857142857,11,17,-1.2779836295966032,Down,143,0.059322033898305086,0.0018999554204308247,0.571180662599396,0.0075757896070071575,3.0024194753395474e-8,0.12799569430986676,degree+betweenness+closeness+eigenvector+MCC,442,FALSE
PARVA,7,0.005451713395638629,0.004281607354250946,0.2343065693430657,0.03202588635989771,0.047619047619047616,9,7,1.3989237857535857,Up,110,0.05084745762711865,0.034895167929630384,0.5218854612023937,0.03202588621090162,1.1259073032523303e-8,0.12793079684582348,degree+betweenness+closeness+eigenvector+MCC,443,FALSE
C7,3,0.002336448598130841,1.9379074271549552e-4,0.2554715479506566,0.013041016889240612,0.3333333333333333,2,3,2.6098303059365024,Up,100,0.01694915254237288,0.0015793976305536468,0.6064896011249048,0.01304101673732226,3.753024344174434e-9,0.1276118343576356,degree+betweenness+closeness+eigenvector+MCC,444,FALSE
VSIG4,10,0.00778816199376947,0.001809744067225404,0.23383718812602441,0.026857365132318557,0.35555555555555557,1,77.00000000000001,2.573519581397377,Up,71,0.07627118644067797,0.014749442886859695,0.5200091732599473,0.026857364982526895,1.426149250786285e-7,0.1275774620369874,degree+betweenness+closeness+eigenvector+MCC,445,FALSE
CCN1,5,0.003894080996884735,5.560474574881751e-4,0.24682814302191464,0.026950642209290734,0.3,12,7,2.0488701880859725,Up,75,0.03389830508474576,0.0045317956086350294,0.571938758737758,0.02695064205951343,1.1259073032523303e-8,0.12746390254994505,degree+betweenness+closeness+eigenvector+MCC,446,FALSE
CFL2,8,0.006230529595015576,5.641344765488877e-4,0.24336618650492797,0.014140121646079367,0.25,9,15,1.5141364927617662,Up,110,0.059322033898305086,0.004597704942402758,0.5581000557086068,0.014140121494330195,2.6271170409221038e-8,0.12723198846296307,degree+betweenness+closeness+eigenvector+MCC,447,FALSE
WNT3,12,0.009345794392523364,0.0015066054525779116,0.23546671556941134,0.004080550948292926,0.28787878787878785,14,252.99999999999994,-2.344436461752905,Down,38,0.09322033898305085,0.012278858363601755,0.5265229888599514,0.004080550794995327,4.728810673659786e-7,0.12722064197653335,degree+betweenness+closeness+eigenvector+MCC,448,FALSE
MFGE8,5,0.003894080996884735,5.241219497615828e-4,0.24673328209069947,0.02552111556176867,0.2,18,5,1.1689760219476613,Up,38,0.03389830508474576,0.00427160221368206,0.5715595649929164,0.025521115411771326,7.506048688348868e-9,0.12705011904183286,degree+betweenness+closeness+eigenvector+MCC,449,FALSE
TNFRSF11B,2,0.001557632398753894,0,0.2549642573471009,0.022308317916673145,1,10,2,1.855362813213831,Up,46,0.00847457627118644,0,0.6044617755362124,0.02230831776618127,1.876512172087217e-9,0.12704893429001846,degree+betweenness+closeness+eigenvector+MCC,450,FALSE
PTGER4,5,0.003894080996884735,6.069577048913473e-5,0.2519623233908948,0.007524569214963664,0.9,11,48.00000000000001,3.0901716629143348,Up,143,0.03389830508474576,4.946714933432274e-4,0.5924619504866417,0.007524569062196188,8.819607208809921e-8,0.1268759168645998,degree+betweenness+closeness+eigenvector+MCC,451,FALSE
ANG,4,0.003115264797507788,0.0042530820982701525,0.24194460146975694,0.020886135414335292,0,10,4,1.723379195179664,Up,46,0.025423728813559324,0.03466268664040212,0.5524174617661672,0.020886135263624504,5.629536516261651e-9,0.12667800362265794,degree+betweenness+closeness+eigenvector+MCC,452,FALSE
RASGRF1,5,0.003894080996884735,5.598200429004032e-4,0.2514196201292344,0.004123234712958785,0.3,11,8,-2.652391412563593,Down,143,0.03389830508474576,0.004562542239653839,0.5902925675858978,0.004123234559667756,1.3135585204610519e-8,0.12657533252111006,degree+betweenness+closeness+eigenvector+MCC,453,FALSE
ROBO4,5,0.003894080996884735,0.006622085500939795,0.2369878183831672,0.011883186250762824,0.1,12,5,1.2993051631845312,Up,75,0.03389830508474576,0.0539701019922438,0.5326033916648648,0.011883186098666251,7.506048688348868e-9,0.12647099846931387,degree+betweenness+closeness+eigenvector+MCC,454,FALSE
CD200,3,0.002336448598130841,0,0.25048770971517753,0.02841467726762766,1,7,6,2.6113054799905857,Up,154,0.01694915254237288,0,0.5865673817244844,0.028414677118075708,9.382560860436085e-9,0.12638624415349875,degree+betweenness+closeness+eigenvector+MCC,455,FALSE
EFEMP2,9,0.007009345794392523,3.134733480868529e-5,0.23176895306859205,0.052062110941043765,0.6666666666666666,9,371.9999999999999,1.7820105486842674,Up,110,0.06779661016949153,2.554812764905647e-4,0.5117416832975954,0.05206211079513176,6.961860158443573e-7,0.12637131634494503,degree+betweenness+closeness+eigenvector+MCC,456,FALSE
PLN,6,0.004672897196261682,0.005226231940350224,0.24004486819966347,0.0015986477136349841,0.33333333333333337,11,11,1.7276541519985962,Up,143,0.0423728813559322,0.042593873307101564,0.5448235349128326,0.0015986475599553567,1.876512172087217e-8,0.1262777911801887,degree+betweenness+closeness+eigenvector+MCC,457,FALSE
SEMA3A,8,0.006230529595015576,0.002057350597006013,0.24062968515742128,0.007840090467427861,0.42857142857142855,12,43,2.1127063242623976,Up,75,0.059322033898305086,0.01676744003659576,0.5471612616188475,0.007840090314708953,7.881351122766311e-8,0.12621818093639373,degree+betweenness+closeness+eigenvector+MCC,458,FALSE
PDE1A,11,0.008566978193146417,0.0012190186481890655,0.23725055432372505,0.00268765754399577,0.38181818181818183,11,84.00000000000001,2.8431060566237347,Up,143,0.0847457627118644,0.009935021340916565,0.5336536430584407,0.002687657390483769,1.5575051028323903e-7,0.12620444805044315,degree+betweenness+closeness+eigenvector+MCC,459,FALSE
IFITM1,11,0.008566978193146417,0.0018506511976486184,0.23456339057362074,0.00796089220308573,0.6363636363636364,17,10825.000000000004,3.5236267923722515,Up,40,0.0847457627118644,0.015082836649419477,0.5229120693425577,0.007960892050385415,2.0311367750672043e-5,0.12614437442439555,degree+betweenness+closeness+eigenvector+MCC,460,FALSE
SOAT1,3,0.002336448598130841,0.007695953423787721,0.23915067982864593,0.009724225434850091,0,3,3,1.552386144438496,Up,50,0.01694915254237288,0.06272214261661757,0.5412491378174575,0.009724225282421199,3.753024344174434e-9,0.1261289324023787,degree+betweenness+closeness+eigenvector+MCC,461,FALSE
CBS,8,0.006230529595015576,0.0055692267259761855,0.2349926793557833,9.585390257528505e-4,0.14285714285714285,5,12,1.5161154784114377,Up,39,0.059322033898305086,0.045389286256755236,0.5246280931981273,9.58538871974694e-4,2.0641633892959387e-8,0.12605959457335925,degree+betweenness+closeness+eigenvector+MCC,462,FALSE
NLGN4X,7,0.005451713395638629,0.004801763531313845,0.2377337530087021,0.003494670007016771,0.2380952380952381,13,10,-1.1164328181948378,Down,58,0.05084745762711865,0.03913444903284118,0.5355851644604755,0.00349466985362899,1.688860954878495e-8,0.1258123515725348,degree+betweenness+closeness+eigenvector+MCC,463,FALSE
CNTN1,8,0.006230529595015576,0.004868353398029977,0.23456339057362074,0.006063854751232321,0.21428571428571427,13,17,1.6240987972855845,Up,58,0.059322033898305086,0.03967715750403346,0.5229120693425577,0.006063854598240003,3.0024194753395474e-8,0.1255950290734662,degree+betweenness+closeness+eigenvector+MCC,464,FALSE
RUNX3,4,0.003115264797507788,2.915727767359161e-4,0.25176470588235295,0.007639399283248626,0.16666666666666666,2,4,1.3731513834950269,Up,100,0.025423728813559324,0.002376322760611573,0.5916720012193263,0.007639399130498825,5.629536516261651e-9,0.1254222915107065,degree+betweenness+closeness+eigenvector+MCC,465,FALSE
MOCS1,12,0.009345794392523364,0.003152186677952131,0.22990152193375113,0.002608379591077902,0.42424242424242425,11,318.99999999999994,-1.0120949815808968,Down,143,0.09322033898305085,0.02569037148244688,0.5042768798618351,0.002608379437553698,5.967308707237349e-7,0.12515931329915145,degree+betweenness+closeness+eigenvector+MCC,466,FALSE
SFRP2,15,0.011682242990654205,1.0872509718720246e-4,0.2289586305278174,0.004238903548596896,0.6571428571428571,14,6466.000000000001,1.3288245873306552,Up,38,0.11864406779661017,8.861112686444736e-4,0.5005077989703127,0.004238903395323672,1.2131651192543859e-5,0.1248578026164167,degree+betweenness+closeness+eigenvector+MCC,467,FALSE
TPM2,12,0.009345794392523364,8.677172072054152e-4,0.23235613463626492,0.009582398768962103,0.6515151515151515,8,85684.00000000004,3.4865902377481435,Up,29,0.09322033898305085,0.007071909018186954,0.5140888622119882,0.009582398616511379,1.607851924409491e-4,0.12482485880443568,degree+betweenness+closeness+eigenvector+MCC,468,FALSE
WNT7A,12,0.009345794392523364,4.3667610787794783e-4,0.23405030987969377,0.004849749559357607,0.42424242424242425,14,1476.0000000000002,-1.225381607094194,Down,38,0.09322033898305085,0.0035589172136790215,0.5208610986505784,0.004849749406178407,2.7678554538286454e-6,0.1244985744217881,degree+betweenness+closeness+eigenvector+MCC,469,FALSE
IGFBP4,4,0.003115264797507788,2.5579222017361536e-4,0.24682814302191464,0.022562048007833086,0.5,6,7,2.5958641160213514,Up,110,0.025423728813559324,0.0020847106564289004,0.571938758737758,0.022562047857380266,1.1259073032523303e-8,0.12440185146483991,degree+betweenness+closeness+eigenvector+MCC,470,FALSE
PDE4B,8,0.006230529595015576,9.061615142756331e-4,0.24171686746987953,0.0037137450707901195,0.39285714285714285,11,36,1.348850897160422,Up,143,0.059322033898305086,0.007385230731309858,0.551507125897279,0.0037137449174360596,6.56779260230526e-8,0.1243856402244512,degree+betweenness+closeness+eigenvector+MCC,471,FALSE
TIMP4,4,0.003115264797507788,3.2743624334586515e-7,0.24285984490259127,0.03922168476134922,0.8333333333333334,7,12,1.2688184535889464,Up,154,0.025423728813559324,2.668610582999201e-6,0.5560760236239574,0.03922168461346075,2.0641633892959387e-8,0.12414482526063886,degree+betweenness+closeness+eigenvector+MCC,472,FALSE
CP,8,0.006230529595015576,0.0017983815364832987,0.236944085624654,0.013797737844020242,0.2857142857142857,1,18,3.2826493972987247,Up,71,0.059322033898305086,0.014656838080873062,0.5324285758765265,0.013797737692218367,3.190070692548269e-8,0.124041043489726,degree+betweenness+closeness+eigenvector+MCC,473,FALSE
TACSTD2,3,0.002336448598130841,1.232319624746863e-4,0.24980544747081712,0.017230920233519447,0,12,3,-1.36624285359549,Down,75,0.01694915254237288,0.0010043424511083864,0.5838401306624392,0.01723092008224603,3.753024344174434e-9,0.12380490989823818,degree+betweenness+closeness+eigenvector+MCC,474,FALSE
DPYD,6,0.004672897196261682,0.004014643812362862,0.23835158715426025,0.005663058838823631,0.2,12,9,2.3865573387173,Up,75,0.0423728813559322,0.03271941082382651,0.5380548729099308,0.00566305868576962,1.5012097376697737e-8,0.12376204775751132,degree+betweenness+closeness+eigenvector+MCC,475,FALSE
FRZB,7,0.005451713395638629,0.0010597845222755228,0.240990990990991,0.010683085254834735,0.3333333333333333,14,27.000000000000004,2.646579747810814,Up,38,0.05084745762711865,0.008637260686062432,0.5486055328304986,0.010683085102553436,4.8789316474267646e-8,0.12375467700710992,degree+betweenness+closeness+eigenvector+MCC,476,FALSE
PPP2R2C,2,0.001557632398753894,1.2806099876005276e-4,0.25235849056603776,0.014652062062782122,0,2,2,-1.1609756086023175,Down,100,0.00847457627118644,0.0010436991735198514,0.5940455751970621,0.01465206191111175,1.876512172087217e-9,0.12364318288587847,degree+betweenness+closeness+eigenvector+MCC,477,FALSE
GRK3,2,0.001557632398753894,0,0.25102639296187684,0.019160459817562866,1,11,2,1.0918248235166352,Up,143,0.00847457627118644,0,0.5887206951590331,0.019160459666586454,1.876512172087217e-9,0.12327114659466362,degree+betweenness+closeness+eigenvector+MCC,478,FALSE
TUBA1A,8,0.006230529595015576,0.007014031073729107,0.22782114975159687,0.0021388287856067357,0,17,8,1.4598441889988791,Up,40,0.059322033898305086,0.057164464634623685,0.4959608733846657,0.002138828632010256,1.3135585204610519e-8,0.12291724273703797,degree+betweenness+closeness+eigenvector+MCC,479,FALSE
NBEA,5,0.003894080996884735,0.002875503365849823,0.2426762426762427,0.0017013639847852382,0.1,11,5,-2.290509149833829,Down,143,0.03389830508474576,0.02343539809504586,0.5553420985519751,0.0017013638311214215,7.506048688348868e-9,0.12287543461378736,degree+betweenness+closeness+eigenvector+MCC,480,FALSE
FZD1,14,0.010903426791277258,1.0094902787133375e-4,0.22867319679430098,0.0040023749590159825,0.6483516483516484,14,6360.000000000001,1.2218794362868302,Up,38,0.11016949152542373,8.227361802351452e-4,0.49936681621872303,0.00400237480570635,1.1932740902302614e-5,0.1228746702941981,degree+betweenness+closeness+eigenvector+MCC,481,FALSE
OGN,8,0.006230529595015576,1.2600524567726144e-4,0.23202023852547884,0.040601251621811656,0.5357142857142857,9,62,3.454387238880859,Up,110,0.059322033898305086,0.001026944753249474,0.5127461629311026,0.040601251474135534,1.1446724249732023e-7,0.12273930150480702,degree+betweenness+closeness+eigenvector+MCC,482,FALSE
INPP5F,5,0.003894080996884735,4.945728575731519e-4,0.24336618650492797,0.015702744698320645,0.2,6,5,-1.122588184130219,Down,110,0.03389830508474576,0.004030776643102897,0.5581000557086068,0.015702744546812003,7.506048688348868e-9,0.12234637789786322,degree+betweenness+closeness+eigenvector+MCC,483,FALSE
CCL23,3,0.002336448598130841,1.4457907028892484e-6,0.2439209726443769,0.034165424147464575,0.6666666666666666,7,4,1.845241799250556,Up,154,0.01694915254237288,1.1783217187892966e-5,0.5603177382793878,0.03416542399879781,5.629536516261651e-9,0.1222888207334566,degree+betweenness+closeness+eigenvector+MCC,484,FALSE
IRAK3,3,0.002336448598130841,5.058561960099681e-7,0.2460241425560452,0.02566277039239803,0.6666666666666666,7,4,2.5686283494181072,Up,154,0.01694915254237288,4.122736030543841e-6,0.5687248755974376,0.02566277024242249,5.629536516261651e-9,0.12226818534956,degree+betweenness+closeness+eigenvector+MCC,485,FALSE
PIK3AP1,3,0.002336448598130841,0,0.24701808387841478,0.021517218625390216,1,6,6,1.4629964528232584,Up,110,0.01694915254237288,0,0.5726980216266219,0.02151721847477657,9.382560860436085e-9,0.12223288040526643,degree+betweenness+closeness+eigenvector+MCC,486,FALSE
GSTM3,10,0.00778816199376947,0.0029619498181084644,0.22994269340974213,0.004455945744460159,0.3111111111111111,3,45,1.2997576294477824,Up,50,0.07627118644067797,0.024139938053734766,0.5044414572696437,0.004455945591220343,8.256653557183755e-8,0.12186172198436247,degree+betweenness+closeness+eigenvector+MCC,487,FALSE
WWOX,2,0.001557632398753894,0.004507001600684406,0.24355083459787558,0.00492917417501136,0,13,2,-1.175621266852504,Down,58,0.00847457627118644,0.03673213461735322,0.55883816149089,0.004929174021844386,1.876512172087217e-9,0.12179480965555725,degree+betweenness+closeness+eigenvector+MCC,488,FALSE
CACNA2D1,6,0.004672897196261682,0.0037908224067049216,0.23729440029569396,0.001492904866010705,0.33333333333333337,11,10,2.4924714856497614,Up,143,0.0423728813559322,0.030895262813401082,0.5338289114022589,0.001492904712314801,1.688860954878495e-8,0.12171799543450328,degree+betweenness+closeness+eigenvector+MCC,489,FALSE
FKBP10,5,0.003894080996884735,4.1027191405470994e-4,0.23663840766678954,0.040114843508566464,0.4,9,8,1.5399114046069995,Up,110,0.03389830508474576,0.003343722614717579,0.5312066695756567,0.04011484336081547,1.3135585204610519e-8,0.12171271075430415,degree+betweenness+closeness+eigenvector+MCC,490,FALSE
WNT2B,11,0.008566978193146417,2.2207592512764305e-4,0.23294629898403482,0.004802155021572615,0.4909090909090909,14,1474.0000000000002,1.405013660451324,Up,38,0.0847457627118644,0.0018099223163850478,0.5164479643864689,0.00480215486838609,2.764102429484471e-6,0.1215617136771068,degree+betweenness+closeness+eigenvector+MCC,491,FALSE
FZD8,14,0.010903426791277258,3.5134142603722e-4,0.22633527234267584,0.004430754570408287,0.43956043956043955,14,3128.0000000000005,-1.779791094230455,Down,38,0.11016949152542373,0.002863438201551173,0.4900212793721791,0.004430754417164593,5.867853562116728e-6,0.12149816627397614,degree+betweenness+closeness+eigenvector+MCC,492,FALSE
ADD3,5,0.003894080996884735,0.006049756971329288,0.2345205479452055,0.0012682574632068729,0.2,13,6,1.5359185066672725,Up,58,0.03389830508474576,0.04930561538726621,0.522740811728917,0.00126825730947639,9.382560860436085e-9,0.12144259977859324,degree+betweenness+closeness+eigenvector+MCC,493,FALSE
TFAP2B,2,0.001557632398753894,3.551976716699778e-4,0.24893369523070957,0.015228525516204206,0,2,2,1.9018016152195696,Up,100,0.00847457627118644,0.0028948666646958347,0.5803554189664223,0.015228525364622566,1.876512172087217e-9,0.12139067782868787,degree+betweenness+closeness+eigenvector+MCC,494,FALSE
IL16,2,0.001557632398753894,0,0.24438523030072326,0.03480624613139841,1,7,2,1.054037913379804,Up,154,0.00847457627118644,0,0.5621735454807965,0.03480624598283029,1.876512172087217e-9,0.12109087392226507,degree+betweenness+closeness+eigenvector+MCC,495,FALSE
ADH1C,14,0.010903426791277258,0.0015552043467193025,0.223576527947066,0.0014913431766297898,0.43956043956043955,3,597.9999999999999,1.0922092634612914,Up,50,0.11016949152542373,0.012674940122610891,0.4789935717054722,0.0014913430229336454,1.1202777667360684e-6,0.12066609333084144,degree+betweenness+closeness+eigenvector+MCC,496,FALSE
H6PD,7,0.005451713395638629,0.0037580154419066727,0.2329040449845819,0.005350672604212715,0.2380952380952381,2,10,1.1179989945284623,Up,100,0.05084745762711865,0.03062788552931646,0.5162790597375069,0.005350672451110621,1.688860954878495e-8,0.12062101844673243,degree+betweenness+closeness+eigenvector+MCC,497,FALSE
TRIM16,2,0.001557632398753894,0.007607267369876838,0.234692012429172,0.009135751278539314,0,2,2,-1.2570495816376788,Down,100,0.00847457627118644,0.06199934986889773,0.5234262178170689,0.00913575112601984,1.876512172087217e-9,0.12060717939193702,degree+betweenness+closeness+eigenvector+MCC,498,FALSE
TP63,6,0.004672897196261682,0.0055528967566869205,0.2319364161849711,0.0027004335414930053,0,4,6,-1.42614621375703,Down,52,0.0423728813559322,0.04525619674772568,0.5124110944599063,0.0027004333879829708,9.382560860436085e-9,0.12054812306682161,degree+betweenness+closeness+eigenvector+MCC,499,FALSE
MFAP5,9,0.007009345794392523,0.0015737300992077472,0.2255401370103636,0.03522651361100948,0.5833333333333334,9,384.9999999999999,4.351242370199426,Up,110,0.06779661016949153,0.01282592529958309,0.4868428334044544,0.03522651346250605,7.205806740814912e-7,0.12053852058334183,degree+betweenness+closeness+eigenvector+MCC,500,FALSE
ACTG2,11,0.008566978193146417,1.4073951521002354e-4,0.23039655481787188,0.009622816654746028,0.8181818181818181,8,85800.00000000004,1.0427691705320496,Up,29,0.0847457627118644,0.0011470292839236137,0.5062557068746523,0.009622816502301526,1.610028678529112e-4,0.12038646364811896,degree+betweenness+closeness+eigenvector+MCC,501,FALSE
MYL9,11,0.008566978193146417,1.4073951521002354e-4,0.23039655481787188,0.009622816654746008,0.8181818181818181,8,85800.00000000004,2.657003316319849,Up,29,0.0847457627118644,0.0011470292839236137,0.5062557068746523,0.009622816502301507,1.610028678529112e-4,0.12038646364811893,degree+betweenness+closeness+eigenvector+MCC,502,FALSE
SCN4B,5,0.003894080996884735,0.0014263202247904404,0.24244712990936557,0.0017571712915662866,0.1,11,5,1.2784652298255716,Up,143,0.03389830508474576,0.01162453248219394,0.554426251248451,0.00175717113791106,7.506048688348868e-9,0.12034125349187008,degree+betweenness+closeness+eigenvector+MCC,503,FALSE
GCH1,12,0.009345794392523364,0.0018116707154206793,0.22657490735839067,0.0025731143541621675,0.42424242424242425,11,318.99999999999994,1.9940735065556936,Up,143,0.09322033898305085,0.014765145100246613,0.4909791879425473,0.0025731142006325354,5.967308707237349e-7,0.12030767659146961,degree+betweenness+closeness+eigenvector+MCC,504,FALSE
DLGAP1,8,0.006230529595015576,0.0022172251024174033,0.23396501457725946,0.003008818375835442,0.21428571428571427,13,13,-1.0874282109836075,Down,58,0.059322033898305086,0.01807041979452666,0.5205201422132639,0.003008818222372876,2.2518146065046605e-8,0.12018428732932292,degree+betweenness+closeness+eigenvector+MCC,505,FALSE
BNIPL,2,0.001557632398753894,0,0.24864446165762974,0.012741768883235275,1,2,2,-1.598512372294124,Down,100,0.00847457627118644,0,0.579199246870016,0.01274176873127086,1.876512172087217e-9,0.12008311874979709,degree+betweenness+closeness+eigenvector+MCC,506,FALSE
FLI1,4,0.003115264797507788,7.53370491276176e-4,0.24461802248047246,0.005231146415934381,0.16666666666666666,16,4,2.7678902689921507,Up,78,0.025423728813559324,0.00613998146752284,0.5631041007397233,0.005231146262813888,5.629536516261651e-9,0.11997979258263117,degree+betweenness+closeness+eigenvector+MCC,507,FALSE
CORO1A,3,0.002336448598130841,4.858961803690054e-5,0.2448045757864633,0.018625944029744615,0.3333333333333333,9,3,1.240818028186383,Up,110,0.01694915254237288,3.9600615861023336e-4,0.5638498223535119,0.01862594387868593,3.753024344174434e-9,0.11996418573724103,degree+betweenness+closeness+eigenvector+MCC,508,FALSE
LPIN2,11,0.008566978193146417,6.483184813273049e-4,0.2302725968436155,0.00399945325863162,0.6545454545454545,5,2400,1.3462275121664955,Up,39,0.0847457627118644,0.005283805918199872,0.5057602016349382,0.003999453105321538,4.501752700837233e-6,0.11995874502460498,degree+betweenness+closeness+eigenvector+MCC,509,FALSE
PLPP4,11,0.008566978193146417,6.483184813273049e-4,0.2302725968436155,0.003999453258631614,0.6545454545454545,5,2400,-2.0793405623344245,Down,39,0.0847457627118644,0.005283805918199872,0.5057602016349382,0.003999453105321533,4.501752700837233e-6,0.11995874502460498,degree+betweenness+closeness+eigenvector+MCC,509,FALSE
EVPL,5,0.003894080996884735,0.006000428137513656,0.2321880650994575,0.0033283919104082895,0.5,18,13,-1.2848162155074585,Down,38,0.03389830508474576,0.04890358460832048,0.5134170269660189,0.0033283917569949142,2.2518146065046605e-8,0.11990946618684521,degree+betweenness+closeness+eigenvector+MCC,511,FALSE
ENAH,5,0.003894080996884735,0.005782265597656828,0.23244026068066617,0.0034403505142311676,0.1,15,5,1.0892675165504455,Up,44,0.03389830508474576,0.04712555644403764,0.5144251446984303,0.0034403503608350255,7.506048688348868e-9,0.11977787281881946,degree+betweenness+closeness+eigenvector+MCC,512,FALSE
MGST1,9,0.007009345794392523,0.0027163151698832468,0.22990152193375113,0.004399630115699693,0.3333333333333333,3,39,1.467004675767746,Up,50,0.06779661016949153,0.022138011769988877,0.5042768798618351,0.0043996299624512085,7.130746253931424e-8,0.11972224061424586,degree+betweenness+closeness+eigenvector+MCC,513,FALSE
AK9,13,0.010124610591900311,5.317219413420392e-4,0.2262555066079295,0.002832140617881929,0.3974358974358974,11,323.99999999999994,-1.0079005633574916,Down,143,0.1016949152542373,0.004333542265751641,0.4897024266339543,0.002832140464392168,6.06113431584171e-7,0.1197127261463534,degree+betweenness+closeness+eigenvector+MCC,514,FALSE
HEY1,3,0.002336448598130841,0.0015978229444806177,0.24461802248047246,0.005061078244464862,0.3333333333333333,13,3,1.2384807290738171,Up,58,0.01694915254237288,0.01302228237115452,0.5631041007397233,0.005061078091318191,3.753024344174434e-9,0.11962732349951863,degree+betweenness+closeness+eigenvector+MCC,515,FALSE
ADGRE5,4,0.003115264797507788,3.318624888716355e-4,0.24336618650492797,0.010876470283541958,0.16666666666666666,11,4,1.4421813252647064,Up,143,0.025423728813559324,0.0027046845543235876,0.5581000557086068,0.010876470131290426,5.629536516261651e-9,0.11942098896746331,degree+betweenness+closeness+eigenvector+MCC,516,FALSE
MFAP4,10,0.00778816199376947,1.1311336388935238e-4,0.22330434782608696,0.04174232846134927,0.4666666666666667,9,273.99999999999994,2.7286106043398597,Up,110,0.07627118644067797,9.21875711953245e-4,0.47790556847776383,0.04174232831384879,5.122878229798102e-7,0.11936829424641338,degree+betweenness+closeness+eigenvector+MCC,517,FALSE
DKK2,13,0.010124610591900311,1.0281783396427535e-4,0.22609614368726888,0.003742114573621766,0.6538461538461539,14,6264.000000000001,1.9310722568009533,Up,38,0.1016949152542373,8.379669795695046e-4,0.4890653949086684,0.003742114420272073,1.1752595733782241e-5,0.11907042883169623,degree+betweenness+closeness+eigenvector+MCC,518,FALSE
WIF1,13,0.010124610591900311,1.2154083098759333e-4,0.22605633802816902,0.003689220920994488,0.5897435897435898,14,3216.0000000000005,1.9805019341804413,Up,38,0.1016949152542373,9.905597026331893e-4,0.48890627716918794,0.0036892207676366535,6.032986633260403e-6,0.11905740117606567,degree+betweenness+closeness+eigenvector+MCC,519,FALSE
WNT7B,12,0.009345794392523364,2.8711774582719724e-4,0.22769994679907785,0.004171374862483431,0.4696969696969697,14,1504.0000000000002,-1.2020945424069571,Down,38,0.09322033898305085,0.00234001418795904,0.49547638097179536,0.004171374709199813,2.8203977946470874e-6,0.11904218584995993,degree+betweenness+closeness+eigenvector+MCC,520,FALSE
RGS1,4,0.003115264797507788,0.0015887404004649164,0.24108148704468643,0.007716562575884932,0.16666666666666666,11,4,1.7897301938081336,Up,143,0.025423728813559324,0.012948259493194567,0.5489672785677013,0.007716562423147009,5.629536516261651e-9,0.11901116698542775,degree+betweenness+closeness+eigenvector+MCC,521,FALSE
NRCAM,8,0.006230529595015576,0.0017397564053498544,0.23345454545454544,0.0030581140686137386,0.32142857142857145,13,21,1.58368475621032,Up,58,0.059322033898305086,0.014179042331160735,0.5184796109240554,0.0030581139151587603,3.753024344174434e-8,0.11900776771978468,degree+betweenness+closeness+eigenvector+MCC,522,FALSE
NFASC,9,0.007009345794392523,0.0031908064615708835,0.2283072546230441,0.003074307955511102,0.2777777777777778,13,23,1.1202048207511055,Up,58,0.06779661016949153,0.02600512333222693,0.4979040118741223,0.0030743078020586167,4.1283267785918775e-8,0.11895601889223344,degree+betweenness+closeness+eigenvector+MCC,523,FALSE
ADH1B,13,0.010124610591900311,0.0015538081836183146,0.22353760445682452,0.0014467512766576957,0.3717948717948718,3,307.99999999999994,4.8560174362637145,Up,50,0.1016949152542373,0.012663561371166587,0.4788379803167107,0.0014467511229546875,5.760892368307755e-7,0.11892875683086124,degree+betweenness+closeness+eigenvector+MCC,524,FALSE
DOCK2,5,0.003894080996884735,3.535944068867302e-5,0.2402245088868101,0.013918324649085547,0.6,6,14,1.2996772935726923,Up,110,0.03389830508474576,2.8818000312523116e-4,0.5455416242675595,0.013918324497302233,2.439465823713382e-8,0.11872929164947818,degree+betweenness+closeness+eigenvector+MCC,525,FALSE
SMARCD3,4,0.003115264797507788,0.0017576685680160715,0.24017957351290684,0.006318437957109164,0,16,4,1.3034211346180316,Up,78,0.025423728813559324,0.014325026741337892,0.5453620011868247,0.006318437804156033,5.629536516261651e-9,0.11828584003508288,degree+betweenness+closeness+eigenvector+MCC,526,FALSE
MGLL,7,0.005451713395638629,0.003532535048941056,0.2308107136437174,0.0036014769920151143,0.2380952380952381,5,15,2.668864345966667,Up,39,0.05084745762711865,0.028790216745988532,0.5079112507758121,0.0036014768386437735,2.6271170409221038e-8,0.11823008565174671,degree+betweenness+closeness+eigenvector+MCC,527,FALSE
FKBP1B,4,0.003115264797507788,2.8198010482907384e-4,0.2441528807758129,0.002006920563696828,0.6666666666666666,11,8,-1.043833436841334,Down,143,0.025423728813559324,0.002298142332237923,0.5612447596747293,0.0020069204100800443,1.3135585204610519e-8,0.11819471287323835,degree+betweenness+closeness+eigenvector+MCC,528,FALSE
IMPDH2,5,0.003894080996884735,9.063046205475056e-4,0.23964165733482642,0.005903934810617144,0.6,11,25.000000000000004,1.0400482726086242,Up,143,0.03389830508474576,0.007386397049698164,0.5432117540053522,0.005903934657600211,4.503629213009322e-8,0.11808008716673768,degree+betweenness+closeness+eigenvector+MCC,529,FALSE
DPT,5,0.003894080996884735,4.191536050979488e-5,0.23366696997270245,0.03663641062868398,0.5,9,10,3.084196767927375,Up,110,0.03389830508474576,3.416108537762392e-4,0.5193287492100105,0.03663641048039756,1.688860954878495e-8,0.11804101850350793,degree+betweenness+closeness+eigenvector+MCC,530,FALSE
ZEB2,5,0.003894080996884735,9.233503280086306e-4,0.2391952309985097,0.0069856911547137275,0.5,16,13,3.383380690997338,Up,78,0.03389830508474576,0.007525319836194399,0.5414272250944989,0.006985691001863304,2.2518146065046605e-8,0.11796731270708968,degree+betweenness+closeness+eigenvector+MCC,531,FALSE
STAT2,13,0.010124610591900311,0.0018595660738038489,0.22096024780588538,0.004307647120392024,0.4743589743589744,17,15147.000000000005,1.150989588269976,Up,40,0.1016949152542373,0.015155493031654007,0.46853534563093485,0.004307646967129381,2.8421653358432997e-5,0.11794436450746279,degree+betweenness+closeness+eigenvector+MCC,532,FALSE
CYP1B1,11,0.008566978193146417,0.0068292854992925795,0.2156533422908969,0.001801239243614959,0.12727272727272726,3,20,4.335414231175021,Up,50,0.0847457627118644,0.05565878526918209,0.4473217084678619,0.0018012390899665156,3.565373126965712e-8,0.11790550623852125,degree+betweenness+closeness+eigenvector+MCC,533,FALSE
TYRP1,10,0.00778816199376947,0.0065948272011785375,0.2181076949210124,0.0019832728896412377,0.4666666666666667,15,368.9999999999999,4.8231779093485105,Up,44,0.07627118644067797,0.05374794641632419,0.4571326512137715,0.001983272736020814,6.905564793280957e-7,0.11782714947265475,degree+betweenness+closeness+eigenvector+MCC,534,FALSE
HRK,2,0.001557632398753894,0,0.24640184225676454,0.01006591918664087,1,2,2,-2.1955859919601703,Down,100,0.00847457627118644,0,0.5702346790761373,0.010065919034264573,1.876512172087217e-9,0.1177550352516201,degree+betweenness+closeness+eigenvector+MCC,535,FALSE
NR1D1,5,0.003894080996884735,0.003682738090960559,0.2343921139101862,0.0023599012828247443,0.4,2,9,-1.6445542325920697,Down,100,0.03389830508474576,0.030014373923691447,0.5222274140415842,0.0023599011292622933,1.5012097376697737e-8,0.11770000183827622,degree+betweenness+closeness+eigenvector+MCC,536,FALSE
DUOX1,4,0.003115264797507788,5.3907699155108805e-5,0.24194460146975694,0.010108963504197157,0.8333333333333334,7,12,-1.0869814573167649,Down,154,0.025423728813559324,4.3934860417545494e-4,0.5524174617661672,0.010108963351827486,2.0641633892959387e-8,0.11767790463547267,degree+betweenness+closeness+eigenvector+MCC,537,FALSE
ABCG2,6,0.004672897196261682,0.008716175041981189,0.22237616903359889,6.532280335279121e-4,0.06666666666666667,4,6,1.4627895008423364,Up,52,0.0423728813559322,0.07103696500614716,0.4741952992689585,6.532278797027603e-4,9.382560860436085e-9,0.1176516765786603,degree+betweenness+closeness+eigenvector+MCC,538,FALSE
CFB,8,0.006230529595015576,1.944809248604253e-4,0.23160173160173161,0.015859817982038935,0.35714285714285715,1,22,1.4069369057383412,Up,71,0.059322033898305086,0.0015850226259950073,0.5110732380965578,0.015859817830554467,3.9406755613831557e-8,0.11756803037163359,degree+betweenness+closeness+eigenvector+MCC,539,FALSE
RECK,3,0.002336448598130841,5.227580349894336e-4,0.240314430095452,0.020127436719862404,0.3333333333333333,9,3,2.9276210478042657,Up,110,0.01694915254237288,0.0042604862866298995,0.5459010721393948,0.020127436569034835,3.753024344174434e-9,0.11744763025809132,degree+betweenness+closeness+eigenvector+MCC,540,FALSE
TAL1,9,0.007009345794392523,0.001575834156005438,0.2296137339055794,0.002790017237016637,0.2222222222222222,16,23,1.1653005863183847,Up,78,0.06779661016949153,0.012843073395896968,0.5031264861357234,0.0027900170835203917,4.1283267785918775e-8,0.11731124561358004,degree+betweenness+closeness+eigenvector+MCC,541,FALSE
TNN,3,0.002336448598130841,1.48001218787976e-5,0.2387504648568241,0.02813805335162998,0.3333333333333333,9,3,1.8476824406315109,Up,110,0.01694915254237288,1.2062122834007295e-4,0.5396493325871817,0.028138053202035447,3.753024344174434e-9,0.11697143266259089,degree+betweenness+closeness+eigenvector+MCC,542,FALSE
H2BC12,7,0.005451713395638629,0.004715153246079358,0.227216421872235,0.002017728949943926,0.19047619047619047,16,9,1.8533526704122352,Up,78,0.05084745762711865,0.03842857383279745,0.4935435554620185,0.0020177287963288057,1.5012097376697737e-8,0.11696746614607215,degree+betweenness+closeness+eigenvector+MCC,543,FALSE
FST,6,0.004672897196261682,7.008241839277595e-4,0.2339223902350155,0.016268076347901787,0.26666666666666666,10,9,3.2832461112205733,Up,46,0.0423728813559322,0.005711728228191006,0.5203497571690747,0.01626807619648016,1.5012097376697737e-8,0.11694049159235509,degree+betweenness+closeness+eigenvector+MCC,544,FALSE
MDK,5,0.003894080996884735,9.923297515204539e-4,0.23646408839779007,0.01176782064550725,0.2,13,6,1.0400646840601695,Up,58,0.03389830508474576,0.008087503233218033,0.5305098518703776,0.011767820493392919,9.382560860436085e-9,0.11685269801285902,degree+betweenness+closeness+eigenvector+MCC,545,FALSE
DOCK3,3,0.002336448598130841,1.181460824997105e-4,0.24276800907543958,0.010509639690973677,0.6666666666666666,6,4,-1.1647483048784268,Down,110,0.01694915254237288,9.628924485478941e-4,0.5557089223235359,0.01050963953866568,5.629536516261651e-9,0.11682612249653176,degree+betweenness+closeness+eigenvector+MCC,546,FALSE
PROX1,4,0.003115264797507788,1.0336110883172921e-4,0.24013465494669908,0.012545038806267205,0.5,7,7,1.1149589545240677,Up,154,0.025423728813559324,8.423946783665295e-4,0.5451824452925798,0.012545038654272509,1.1259073032523303e-8,0.1167987237395702,degree+betweenness+closeness+eigenvector+MCC,547,FALSE
C1QC,8,0.006230529595015576,8.924285689355895e-5,0.2297780959198282,0.01975317816672736,0.6071428571428571,1,149.99999999999997,2.2356905869848234,Up,71,0.059322033898305086,7.273307008707534e-4,0.5037835010616191,0.01975317801584218,2.7960031364099527e-7,0.11671726465539016,degree+betweenness+closeness+eigenvector+MCC,548,FALSE
DPYSL3,8,0.006230529595015576,9.182656804357144e-4,0.2319364161849711,0.0041578794597594984,0.32142857142857145,12,18,2.200740317592852,Up,75,0.059322033898305086,0.007483879877730263,0.5124110944599063,0.004157879306473803,3.190070692548269e-8,0.11667498388862449,degree+betweenness+closeness+eigenvector+MCC,549,FALSE
FHL2,5,0.003894080996884735,0.0017842777401260944,0.23572608775472736,0.007018012457772695,0.1,8,5,1.246137435623801,Up,29,0.03389830508474576,0.014541891916591713,0.5275597940968163,0.007018012304927247,7.506048688348868e-9,0.11660360218182594,degree+betweenness+closeness+eigenvector+MCC,550,FALSE
PRELP,8,0.006230529595015576,0.0015930262650536715,0.22427947598253276,0.02876462891315409,0.39285714285714285,9,39,3.643752733630505,Up,110,0.059322033898305086,0.012983189357653012,0.48180351142020234,0.028764628763656007,7.130746253931424e-8,0.11657468694945579,degree+betweenness+closeness+eigenvector+MCC,551,FALSE
ADH7,12,0.009345794392523364,0.0012375152871055468,0.22338204592901878,0.0012891095915622246,0.3939393939393939,3,289.99999999999994,-2.915231501820598,Down,50,0.09322033898305085,0.010085769241814936,0.4782161561374083,0.0012891094378349513,5.423120177332056e-7,0.11656238322242536,degree+betweenness+closeness+eigenvector+MCC,552,FALSE
AMOTL2,5,0.003894080996884735,0.001530293853658991,0.2345205479452055,0.013185045218779261,0.3,12,6,1.053006559854758,Up,75,0.03389830508474576,0.012471919208587461,0.522740811728917,0.013185045066883078,9.382560860436085e-9,0.11645921809433883,degree+betweenness+closeness+eigenvector+MCC,553,FALSE
LMOD1,9,0.007009345794392523,1.153905217016842e-5,0.22990152193375113,0.009253855885281213,0.9722222222222222,8,80640.00000000004,1.8930044440256903,Up,29,0.06779661016949153,9.404345842853136e-5,0.5042768798618351,0.009253855732779918,1.5132006504494118e-4,0.116314541857516,degree+betweenness+closeness+eigenvector+MCC,554,FALSE
IQGAP2,2,0.001557632398753894,6.181661473489271e-4,0.24494467760396796,0.0031559868235577146,0,6,2,1.1424125545359232,Up,110,0.00847457627118644,0.005038063917453083,0.5644098604235391,0.0031559866701178015,1.876512172087217e-9,0.11621569783176174,degree+betweenness+closeness+eigenvector+MCC,555,FALSE
PDE2A,12,0.009345794392523364,1.830188637584487e-4,0.2245933181738674,0.003142944846782949,0.3181818181818182,11,58,1.2573511271712974,Up,143,0.09322033898305085,0.0014916066459948675,0.48305805314035044,0.003142944693341028,1.0696119380897136e-7,0.11618261008478618,degree+betweenness+closeness+eigenvector+MCC,556,FALSE
RAB27A,8,0.006230529595015576,0.009063072343804159,0.21547239469709684,5.22136404150315e-4,0,15,8,1.9323116449088584,Up,44,0.059322033898305086,0.07386418352477891,0.4465983949305163,5.221362503049849e-4,1.3135585204610519e-8,0.11606135234789809,degree+betweenness+closeness+eigenvector+MCC,557,FALSE
PODXL,4,0.003115264797507788,0.002033590723695686,0.23473491773308958,0.014693884672607236,0,7,4,1.6354543802020425,Up,154,0.025423728813559324,0.016573796691806694,0.5235977259675546,0.014693884520943301,5.629536516261651e-9,0.1160578283246801,degree+betweenness+closeness+eigenvector+MCC,558,FALSE
CTSC,1,7.78816199376947e-4,0,0.24630730865144831,0.009544834940665332,0,2,1,-1.0318657046103272,Down,100,0,0,0.5698567937723137,0.009544834788208827,0,0.11588032571210449,degree+betweenness+closeness+eigenvector+MCC,559,FALSE
CTSZ,1,7.78816199376947e-4,0,0.24630730865144831,0.009544834940665322,0,2,1,1.49145657845005,Up,100,0,0,0.5698567937723137,0.009544834788208816,0,0.11588032571210449,degree+betweenness+closeness+eigenvector+MCC,559,FALSE
TEAD1,5,0.003894080996884735,0.001963373724245686,0.23286180631120784,0.01325256613894362,0.2,12,6,1.1449628655654998,Up,75,0.03389830508474576,0.016001527031234055,0.5161102163524728,0.01325256598705783,9.382560860436085e-9,0.11585252476761425,degree+betweenness+closeness+eigenvector+MCC,561,FALSE
CTHRC1,3,0.002336448598130841,5.392516730237495e-4,0.23676931587682096,0.024972182599561837,0.3333333333333333,9,3,4.635753645267271,Up,110,0.01694915254237288,0.004394909698530705,0.5317299574430269,0.024972182449479997,3.753024344174434e-9,0.11560924117728695,degree+betweenness+closeness+eigenvector+MCC,562,FALSE
THRB,3,0.002336448598130841,3.974735297154197e-4,0.2387948670262228,0.014894599082092515,0.3333333333333333,6,3,2.874554059220201,Up,110,0.01694915254237288,0.003239415579112345,0.5398268242550129,0.014894598930459475,3.753024344174434e-9,0.11498199901199639,degree+betweenness+closeness+eigenvector+MCC,563,FALSE
DLX3,2,0.001557632398753894,4.44185018498748e-4,0.24327396741189844,0.004964315588668173,0,16,2,-1.722390317783801,Down,78,0.00847457627118644,0.003620114954481026,0.5577314223546662,0.004964315435506608,1.876512172087217e-9,0.11495808617847048,degree+betweenness+closeness+eigenvector+MCC,564,FALSE
EBF1,4,0.003115264797507788,1.0814180943780463e-4,0.23906162725749394,0.00738066850418736,0.16666666666666666,16,4,4.5751597747639545,Up,78,0.025423728813559324,8.813574642241956e-4,0.5408931622065255,0.007380668351397734,5.629536516261651e-9,0.11491578449304865,degree+betweenness+closeness+eigenvector+MCC,565,FALSE
ADH5,11,0.008566978193146417,0.0012852236450647777,0.22307157748436415,0.0013791706657288012,0.2727272727272727,3,61.00000000000001,1.0803964654166904,Up,50,0.0847457627118644,0.010474593116797635,0.4769751005133944,0.0013791705120153907,1.1259073032523304e-7,0.11471494788896044,degree+betweenness+closeness+eigenvector+MCC,566,FALSE
PRKAR2B,4,0.003115264797507788,0,0.24004486819966347,0.0023716464347241215,1,11,24.000000000000004,2.0855281419120573,Up,143,0.025423728813559324,0,0.5448235349128326,0.0023716462811634786,4.3159779958006e-8,0.1145237906334671,degree+betweenness+closeness+eigenvector+MCC,567,FALSE
ZBTB16,5,0.003894080996884735,0.0015121191994040284,0.23434933382004014,0.003713887808775954,0,16,5,1.1093357266983157,Up,78,0.03389830508474576,0.012323795487793629,0.5220564064162179,0.0037138876554219163,7.506048688348868e-9,0.11439848043004557,degree+betweenness+closeness+eigenvector+MCC,568,FALSE
DGKB,5,0.003894080996884735,8.799667693457451e-4,0.23563956689300788,0.0036250595531420963,0.1,5,5,-2.67777838876135,Down,39,0.03389830508474576,0.007171743144155292,0.5272139386519871,0.0036250593997743854,7.506048688348868e-9,0.11438181075734224,degree+betweenness+closeness+eigenvector+MCC,569,FALSE
AXIN2,8,0.006230529595015576,0.0018779877845999276,0.22717622080679406,0.0029016491728517386,0.5714285714285714,14,91,1.45413333247369,Up,38,0.059322033898305086,0.015305630267181226,0.49338285713915886,0.0029016490193726767,1.6888609548784952e-7,0.11418246784202266,degree+betweenness+closeness+eigenvector+MCC,570,FALSE
ZNF521,2,0.001557632398753894,7.467101030784674e-5,0.24295175023651844,0.005187271260091751,0,16,2,2.6933955930039932,Up,78,0.00847457627118644,6.085699197943678e-4,0.5564434027683147,0.005187271106964505,1.876512172087217e-9,0.11414276438855445,degree+betweenness+closeness+eigenvector+MCC,571,FALSE
MYO6,7,0.005451713395638629,0.0013722070655789176,0.22973698336017176,0.004185318477876426,0.14285714285714285,12,10,-1.2999495693335597,Down,75,0.05084745762711865,0.011183509375295978,0.503619159163891,0.004185318324594954,1.688860954878495e-8,0.113967092275902,degree+betweenness+closeness+eigenvector+MCC,572,FALSE
PAX3,7,0.005451713395638629,0.005682586070257299,0.2214174857734092,0.0021329925906918125,0.4761904761904762,15,121.99999999999997,1.9830287121526036,Up,44,0.05084745762711865,0.04631316671280754,0.4703630925755216,0.0021329924370944347,2.270579728225532e-7,0.11393138728210302,degree+betweenness+closeness+eigenvector+MCC,573,FALSE
RSPO3,3,0.002336448598130841,0.00166978840910316,0.23576937201615863,0.009566261287846569,0,14,3,2.811166277952258,Up,38,0.01694915254237288,0.013608802050649236,0.5277328170787182,0.009566261135393361,3.753024344174434e-9,0.11357140731203161,degree+betweenness+closeness+eigenvector+MCC,574,FALSE
TYR,10,0.00778816199376947,0.00539664835097177,0.21532785510649002,0.00148585415685708,0.4666666666666667,15,368.9999999999999,2.334523230618972,Up,44,0.07627118644067797,0.04398276975990207,0.4460206174626168,0.0014858540031600909,6.905564793280957e-7,0.11355222364456725,degree+betweenness+closeness+eigenvector+MCC,575,FALSE
CD59,5,0.003894080996884735,1.8109710102596674e-4,0.23477783872737246,0.00858961461237493,0.5,1,13,1.871175497838612,Up,71,0.03389830508474576,0.0014759442492072957,0.523769296838154,0.00858961445977139,2.2518146065046605e-8,0.11354663663000489,degree+betweenness+closeness+eigenvector+MCC,576,FALSE
PIP4P2,3,0.002336448598130841,2.4664599738446715e-4,0.23720672455200442,0.01486180064576579,0.3333333333333333,6,3,1.3423599793070249,Up,110,0.01694915254237288,0.0020101687954541276,0.5334784394729245,0.014861800494127702,3.753024344174434e-9,0.11345991301158069,degree+betweenness+closeness+eigenvector+MCC,577,FALSE
ID2,4,0.003115264797507788,8.287351647901396e-4,0.23589932022781554,0.005882021000322313,0.16666666666666666,16,4,1.8986099578120132,Up,78,0.025423728813559324,0.006754204753462521,0.5282522674824034,0.005882020847302006,5.629536516261651e-9,0.11326244550525275,degree+betweenness+closeness+eigenvector+MCC,578,FALSE
SNTB2,6,0.004672897196261682,0.0023529600240477302,0.2289586305278174,0.0027666349253640506,0.4,1,15,1.07816562896691,Up,71,0.0423728813559322,0.019176661561302145,0.5005077989703127,0.0027666347718642063,2.6271170409221038e-8,0.11296480058611635,degree+betweenness+closeness+eigenvector+MCC,579,FALSE
DAAM1,7,0.005451713395638629,0.003055061503549771,0.22561939905113337,0.0018616312227492662,0.2380952380952381,14,12,-1.5107736174390194,Down,38,0.05084745762711865,0.024898799768707163,0.48715967269412064,0.0018616310691101185,2.0641633892959387e-8,0.11295351636013809,degree+betweenness+closeness+eigenvector+MCC,580,FALSE
FZD4,10,0.00778816199376947,0.0014188552336220294,0.22249176919078148,0.002197658926932823,0.15555555555555556,14,16,1.1115086800284422,Up,38,0.07627118644067797,0.011563692685626353,0.47465739526511663,0.0021976587733453985,2.8147682581308256e-8,0.1129379922624898,degree+betweenness+closeness+eigenvector+MCC,581,FALSE
ALDH3A1,10,0.00778816199376947,0.001420427394841233,0.22229916897506924,0.0026047318712960487,0.3333333333333333,3,54,-2.480087399084752,Down,50,0.07627118644067797,0.01157650582452899,0.47388750194741774,0.0026047317177712833,9.94551451206225e-8,0.11286800507710823,degree+betweenness+closeness+eigenvector+MCC,582,FALSE
GYPC,3,0.002336448598130841,0.01253126319896615,0.21435726210350584,0.0024965157281143634,0,13,3,2.056541024962681,Up,58,0.01694915254237288,0.10212999406967385,0.44214080318286914,0.002496515574572941,3.753024344174434e-9,0.11274329382450263,degree+betweenness+closeness+eigenvector+MCC,583,FALSE
CYP26A1,15,0.011682242990654205,0.003750786469249259,0.20723047127178826,7.46504279068549e-4,0.3619047619047619,3,481.9999999999999,-2.4246478367440503,Down,50,0.11864406779661017,0.030568969287361508,0.41365242056249396,7.46504125257755e-4,9.026023547739512e-7,0.11272257287481564,degree+betweenness+closeness+eigenvector+MCC,584,FALSE
CLDN11,5,0.003894080996884735,0.0015576323987538943,0.23023130715438409,0.010206259231272222,0.6,12,25.000000000000004,1.6455108848111717,Up,75,0.03389830508474576,0.012694728785250598,0.5055951516856867,0.010206259078917528,4.503629213009322e-8,0.11247889793417853,degree+betweenness+closeness+eigenvector+MCC,585,FALSE
KCNMB2,4,0.003115264797507788,1.829441723727987e-4,0.23729440029569396,0.001622996706929374,0.5,11,6,-1.3733332296749978,Down,143,0.025423728813559324,0.001490997910015711,0.5338289114022589,0.0016229965532534945,9.382560860436085e-9,0.11247332881232966,degree+betweenness+closeness+eigenvector+MCC,586,FALSE
CBLC,3,0.002336448598130841,1.7115645659814962e-4,0.2376897445390596,0.008340071680969108,0.6666666666666666,1,4,-1.1810645824583623,Down,71,0.01694915254237288,0.0013949278392618517,0.5354092465541813,0.008340071528327159,5.629536516261651e-9,0.11241868081873593,degree+betweenness+closeness+eigenvector+MCC,587,FALSE
MPDZ,5,0.003894080996884735,0.0010408150589004965,0.23126801152737753,0.009866433404587248,0.4,12,8,2.470769138921053,Up,75,0.03389830508474576,0.008482659258318407,0.5097392372270516,0.009866433252180245,1.3135585204610519e-8,0.11239732959157625,degree+betweenness+closeness+eigenvector+MCC,588,FALSE
OAS1,14,0.010903426791277258,8.848208032056462e-5,0.21568956828489838,0.0034048971045562396,0.6703296703296703,17,41064.00000000001,-1.12168032964645,Down,40,0.11016949152542373,7.21130359719618e-4,0.4474665169801765,0.0034048969511546404,7.70552193224174e-5,0.11236781820715938,degree+betweenness+closeness+eigenvector+MCC,589,FALSE
HIVEP3,1,7.78816199376947e-4,0,0.24276800907543958,0.004922816978814939,0,10,1,1.0002974084314582,Up,46,0,0,0.5557089223235359,0.0049228168256469865,0,0.11212634782983658,degree+betweenness+closeness+eigenvector+MCC,590,FALSE
ITGBL1,1,7.78816199376947e-4,0,0.24276800907543958,0.004922816978814935,0,10,1,1.8104591791982705,Up,46,0,0,0.5557089223235359,0.004922816825646983,0,0.11212634782983658,degree+betweenness+closeness+eigenvector+MCC,590,FALSE
MYOCD,6,0.004672897196261682,0.00202254813862669,0.2281449893390192,0.004038681393591504,0.2,8,9,1.360414380254129,Up,29,0.0423728813559322,0.01648379944813668,0.49725537834376354,0.00403868124028746,1.5012097376697737e-8,0.11203015108004347,degree+betweenness+closeness+eigenvector+MCC,592,FALSE
HAPLN1,4,0.003115264797507788,0.00622101964029485,0.22218376881813462,0.010054322920591609,0,9,4,1.1027246683951342,Up,110,0.025423728813559324,0.05070140885900914,0.4734262054252056,0.010054322768213527,5.629536516261651e-9,0.11192113429910482,degree+betweenness+closeness+eigenvector+MCC,593,FALSE
RAB3IP,4,0.003115264797507788,9.568440774608232e-4,0.23417836950574503,0.004175761003476019,0,18,4,-1.257359633330024,Down,38,0.025423728813559324,0.007798294426114894,0.5213729996886916,0.004175760850193075,5.629536516261651e-9,0.11175415788161909,degree+betweenness+closeness+eigenvector+MCC,594,FALSE
RYR1,7,0.005451713395638629,0.0011017151866337456,0.2282260931389975,0.001061221117779365,0.38095238095238093,11,16,-1.111501700000467,Down,143,0.05084745762711865,0.008978996266446387,0.4975795798168116,0.0010612209640170139,2.8147682581308256e-8,0.11169345656441527,degree+betweenness+closeness+eigenvector+MCC,595,FALSE
CHI3L1,3,0.002336448598130841,2.67050000178315e-5,0.23520791353727788,0.01543136295263643,0,7,3,3.1426033487540925,Up,154,0.01694915254237288,2.1764617422422223e-4,0.525488462733334,0.015431362801086012,3.753024344174434e-9,0.11161732560080831,degree+betweenness+closeness+eigenvector+MCC,596,FALSE
GPR183,2,0.001557632398753894,1.993910681177283e-5,0.23883928571428573,0.008436106339147962,0,11,2,2.1224513929641935,Up,143,0.00847457627118644,1.625040371515744e-4,0.5400043819539705,0.008436106186520794,1.876512172087217e-9,0.11141551406506829,degree+betweenness+closeness+eigenvector+MCC,597,FALSE
COL8A2,6,0.004672897196261682,3.866656005093308e-4,0.22585751978891822,0.022700785145359358,0.26666666666666666,9,10,1.5979357639426013,Up,110,0.0423728813559322,0.00315133078445139,0.48811152814323383,0.02270078499492789,1.688860954878495e-8,0.11126730843343095,degree+betweenness+closeness+eigenvector+MCC,598,FALSE
ANTXR1,2,0.001557632398753894,0,0.2369878183831672,0.014622145188931575,1,7,2,2.854165065149207,Up,154,0.00847457627118644,0,0.5326033916648648,0.014622145037256598,1.876512172087217e-9,0.11114002296996399,degree+betweenness+closeness+eigenvector+MCC,599,FALSE
ANTXR2,2,0.001557632398753894,0,0.2369878183831672,0.01462214518893157,1,7,2,3.5290691231699824,Up,154,0.00847457627118644,0,0.5326033916648648,0.014622145037256593,1.876512172087217e-9,0.11114002296996399,degree+betweenness+closeness+eigenvector+MCC,599,FALSE
PTGER2,4,0.003115264797507788,0,0.23464912280701755,0.006327342073809751,1,11,24.000000000000004,1.42066209407196,Up,143,0.025423728813559324,0,0.5232547723523104,0.006327341920857992,4.3159779958006e-8,0.11100117724930156,degree+betweenness+closeness+eigenvector+MCC,601,FALSE
MEF2C,3,0.002336448598130841,5.243204473433808e-4,0.23637702503681884,0.0027339283704209657,0,16,3,2.97995613281734,Up,78,0.01694915254237288,0.0042732199721258815,0.5301618278581495,0.002733928216916087,3.753024344174434e-9,0.11082362646851773,degree+betweenness+closeness+eigenvector+MCC,602,FALSE
ALDH1A3,12,0.009345794392523364,3.432400173202388e-4,0.21799660441426147,0.0013241521216371835,0.5454545454545454,3,701.9999999999999,1.4097541967206473,Up,50,0.09322033898305085,0.0027974115918563457,0.45668858193539075,0.001324151967915304,1.3154350326331389e-6,0.11080635998264918,degree+betweenness+closeness+eigenvector+MCC,603,FALSE
CNTNAP2,9,0.007009345794392523,0.009732516077845404,0.20524296675191817,5.923180367706026e-4,0.1388888888888889,13,11,-2.4665748754048096,Down,58,0.06779661016949153,0.07932016058806918,0.4057076400071569,5.923178829360754e-4,1.876512172087217e-8,0.11068334948255507,degree+betweenness+closeness+eigenvector+MCC,604,FALSE
IFI44,13,0.010124610591900311,8.147141442091487e-5,0.2156533422908969,0.0033150105234691146,0.717948717948718,17,40344.00000000001,2.1270959170301147,Up,40,0.1016949152542373,6.639933213071804e-4,0.4473217084678619,0.0033150103700536793,7.570413055851461e-5,0.1106142663088037,degree+betweenness+closeness+eigenvector+MCC,605,FALSE
TMOD3,5,0.003894080996884735,7.08275534880114e-4,0.23126801152737753,0.002954055956601182,0.2,13,5,-1.2660865728314097,Down,58,0.03389830508474576,0.005772456856781124,0.5097392372270516,0.0029540558031301866,7.506048688348868e-9,0.11047281249555148,degree+betweenness+closeness+eigenvector+MCC,606,FALSE
PTPRZ1,6,0.004672897196261682,6.046506986698574e-4,0.22806394316163411,0.007619288946599989,0.26666666666666666,13,9,2.59489006613276,Up,58,0.0423728813559322,0.004927912796091572,0.49693140720923984,0.007619288793847092,1.5012097376697737e-8,0.11037030103344161,degree+betweenness+closeness+eigenvector+MCC,607,FALSE
BEX1,3,0.002336448598130841,0.0011371263723493604,0.23477783872737246,0.001519913152768873,0.3333333333333333,16,3,1.3628092593267036,Up,78,0.01694915254237288,0.00926759799236291,0.523769296838154,0.0015199129990771264,3.753024344174434e-9,0.11030119282499826,degree+betweenness+closeness+eigenvector+MCC,608,FALSE
MYH10,8,0.006230529595015576,6.953749003697906e-5,0.2251841459137145,0.005767705216845152,0.8928571428571429,8,5160.000000000002,1.0861991479798068,Up,29,0.059322033898305086,5.667316480658224e-4,0.4854198071349515,0.005767705063807249,9.680926295797956e-6,0.1102171917342851,degree+betweenness+closeness+eigenvector+MCC,609,FALSE
DIO2,3,0.002336448598130841,0.001154757173755426,0.2343065693430657,0.002742357672307184,0,2,3,1.1447196531244668,Up,100,0.01694915254237288,0.009411289303801779,0.5218854612023937,0.002742357518803603,3.753024344174434e-9,0.11019765286407926,degree+betweenness+closeness+eigenvector+MCC,610,FALSE
PKIA,2,0.001557632398753894,2.9358173528864416e-4,0.23804226918798665,0.001721082180416017,0,11,2,1.9436234537778976,Up,143,0.00847457627118644,0.0023926958047188313,0.5368184161676702,0.0017210820267552355,1.876512172087217e-9,0.1098813544293686,degree+betweenness+closeness+eigenvector+MCC,611,FALSE
PAK3,4,0.003115264797507788,0.0033261536289243164,0.22705570291777188,0.00261638539637555,0,4,4,1.6887289662562277,Up,52,0.025423728813559324,0.027108204895488142,0.49290110317497854,0.0026163852428525785,5.629536516261651e-9,0.10960988555128301,degree+betweenness+closeness+eigenvector+MCC,612,FALSE
ZNF423,3,0.002336448598130841,1.719911066433892e-6,0.23494967978042086,0.00642141900826671,0.6666666666666666,16,4,1.112886598022186,Up,78,0.01694915254237288,1.401730250384906e-5,0.5244562082102885,0.0064214188553294305,5.629536516261651e-9,0.10956816050800625,degree+betweenness+closeness+eigenvector+MCC,613,FALSE
KCNQ5,4,0.003115264797507788,0.0017064397146979678,0.2307277628032345,7.861845569929844e-4,0,11,4,1.4180246188567565,Up,143,0.025423728813559324,0.013907510773274451,0.5075796660081154,7.861844031882982e-4,5.629536516261651e-9,0.10953941912553482,degree+betweenness+closeness+eigenvector+MCC,614,FALSE
BAIAP2,5,0.003894080996884735,0.002663410534350801,0.22605633802816902,0.0027863703504465566,0.1,15,5,-1.051257549753661,Down,44,0.03389830508474576,0.02170683815026691,0.48890627716918794,0.00278637019694975,7.506048688348868e-9,0.1094595596214398,degree+betweenness+closeness+eigenvector+MCC,615,FALSE
SLC8A1,3,0.002336448598130841,3.0995382967138915e-5,0.23598603197941556,0.0013762814343020611,0.6666666666666666,11,4,1.8441450323203732,Up,143,0.01694915254237288,2.5261286339292046e-4,0.5285988859837168,0.001376281280588206,5.629536516261651e-9,0.10943538765992147,degree+betweenness+closeness+eigenvector+MCC,616,FALSE
CCN3,1,7.78816199376947e-4,0,0.236944085624654,0.014098223962220173,0,7,1,-1.2457998979761502,Down,154,0,0,0.5324285758765265,0.014098223810464551,0,0.1093053599373982,degree+betweenness+closeness+eigenvector+MCC,617,FALSE
MMRN1,1,7.78816199376947e-4,0,0.236944085624654,0.014098223962220173,0,7,1,3.627366036912603,Up,154,0,0,0.5324285758765265,0.014098223810464551,0,0.1093053599373982,degree+betweenness+closeness+eigenvector+MCC,617,FALSE
SVEP1,1,7.78816199376947e-4,0,0.236944085624654,0.014098223962220173,0,7,1,3.7480713746489185,Up,154,0,0,0.5324285758765265,0.014098223810464551,0,0.1093053599373982,degree+betweenness+closeness+eigenvector+MCC,617,FALSE
P4HA1,2,0.001557632398753894,6.652693325287318e-5,0.23370950127411722,0.017925636926583936,0,9,2,1.1038192299164835,Up,110,0.00847457627118644,5.421955624673237e-4,0.5194987623360662,0.017925636775417454,1.876512172087217e-9,0.10928823456432993,degree+betweenness+closeness+eigenvector+MCC,620,FALSE
CLIC5,3,0.002336448598130841,0.004665612867039139,0.22569871682193707,0.0034752887579310165,0.3333333333333333,19,3,1.255896792936448,Up,4,0.01694915254237288,0.03802481895691196,0.48747673475706127,0.0034752886045402525,3.753024344174434e-9,0.10918519972278215,degree+betweenness+closeness+eigenvector+MCC,621,FALSE
BMPER,4,0.003115264797507788,1.2593380184421253e-4,0.2297780959198282,0.015346840433555586,0.5,10,7,1.3253045983174956,Up,46,0.025423728813559324,0.001026362484875588,0.5037835010616191,0.015346840281992158,1.1259073032523303e-8,0.10911608878022383,degree+betweenness+closeness+eigenvector+MCC,622,FALSE
GUCY1A1,11,0.008566978193146417,3.577153545739795e-4,0.2178117048346056,0.0014390436120475484,0.41818181818181815,11,167.99999999999997,3.1482199415294763,Up,143,0.0847457627118644,0.002915385820344582,0.4559494708689988,0.0014390434583433538,3.133775327385652e-7,0.10900999524741677,degree+betweenness+closeness+eigenvector+MCC,623,FALSE
GUCY1B1,11,0.008566978193146417,3.577153545739795e-4,0.2178117048346056,0.0014390436120475573,0.41818181818181815,11,167.99999999999997,3.216348759569416,Up,143,0.0847457627118644,0.002915385820344582,0.4559494708689988,0.0014390434583433627,3.133775327385652e-7,0.10900999524741677,degree+betweenness+closeness+eigenvector+MCC,623,FALSE
FILIP1,2,0.001557632398753894,3.017673997255402e-4,0.2356828193832599,0.005216874594024028,0,12,2,1.4699729138730602,Up,75,0.00847457627118644,0.0024594090998689565,0.527386834632896,0.005216874440901338,1.876512172087217e-9,0.10870753926427298,degree+betweenness+closeness+eigenvector+MCC,625,FALSE
LY75-CD302,3,0.002336448598130841,0.0015597399094716953,0.22908117752007137,0.012684850806695205,0,7,3,2.706582035130009,Up,154,0.01694915254237288,0.012711905031068222,0.5009976640002741,0.012684850654722028,3.753024344174434e-9,0.10866871519629231,degree+betweenness+closeness+eigenvector+MCC,626,FALSE
FERMT2,3,0.002336448598130841,9.497993056893574e-5,0.23328488372093023,0.007440700755746222,0.3333333333333333,9,3,3.707195148631599,Up,110,0.01694915254237288,7.740879424305549e-4,0.5178014110866537,0.007440700602965837,3.753024344174434e-9,0.10859307118548947,degree+betweenness+closeness+eigenvector+MCC,627,FALSE
NFATC4,2,0.001557632398753894,0.0014538589744358221,0.23396501457725946,0.0011847060519271336,0,15,2,1.0861433288290243,Up,44,0.00847457627118644,0.011848973729122749,0.5205201422132639,0.0011847058981837898,1.876512172087217e-9,0.1084056799976538,degree+betweenness+closeness+eigenvector+MCC,628,FALSE
FBXW7,3,0.002336448598130841,4.441995440172416e-4,0.23328488372093023,0.003492968183766238,0,16,3,-1.4776743054826251,Down,78,0.01694915254237288,0.0036202333376874163,0.5178014110866537,0.0034929680303781947,3.753024344174434e-9,0.10837275375002331,degree+betweenness+closeness+eigenvector+MCC,629,FALSE
ADRA2A,3,0.002336448598130841,3.896492915881507e-4,0.2330731530223271,0.0043699649716793555,0.3333333333333333,11,3,2.208271155859558,Up,143,0.01694915254237288,0.0031756479141251772,0.5169550462505424,0.004369964818426305,3.753024344174434e-9,0.10828996305569824,degree+betweenness+closeness+eigenvector+MCC,630,FALSE
SELENOP,5,0.003894080996884735,0.003553293176605169,0.22233766233766233,0.003970045461281618,0.1,2,5,1.410915010656833,Up,100,0.03389830508474576,0.028959395816092838,0.47404137395906937,0.00397004530796701,7.506048688348868e-9,0.10817382553478472,degree+betweenness+closeness+eigenvector+MCC,631,FALSE
KCNJ2,4,0.003115264797507788,9.890774421515065e-4,0.2301900322696307,0.0018888119586365033,0,11,4,1.914116512808528,Up,143,0.025423728813559324,0.008060996860214012,0.5054301609153341,0.0018888118050015396,5.629536516261651e-9,0.10816074080472911,degree+betweenness+closeness+eigenvector+MCC,632,FALSE
SYNPO2,2,0.001557632398753894,0.001557632398753894,0.23244026068066617,0.0051566162538086956,0,9,2,3.4582448881062584,Up,110,0.00847457627118644,0.012694728785250596,0.5144251446984303,0.005156616100676731,1.876512172087217e-9,0.10815021354641123,degree+betweenness+closeness+eigenvector+MCC,633,FALSE
TRPM3,3,0.002336448598130841,4.328879701945358e-4,0.23294629898403482,0.0033013202044428927,0.3333333333333333,17,3,-1.564420503127887,Down,40,0.01694915254237288,0.003528043831403091,0.5164479643864689,0.00330132005102535,3.753024344174434e-9,0.10804529691285891,degree+betweenness+closeness+eigenvector+MCC,634,FALSE
LIPG,7,0.005451713395638629,8.25538279979085e-5,0.22486865148861646,0.003868628913427304,0.6190476190476191,5,125.99999999999997,-1.8361325643595028,Down,39,0.05084745762711865,6.728150091485478e-4,0.4841586608337597,0.003868628760097085,2.3456402151090206e-7,0.10790955935882911,degree+betweenness+closeness+eigenvector+MCC,635,FALSE
EPHA3,2,0.001557632398753894,1.216584571701258e-5,0.23503569467325644,0.006003435057687265,0,6,2,2.1056476264923143,Up,110,0.00847457627118644,9.915183578887481e-5,0.5248000411129249,0.006003434904685648,1.876512172087217e-9,0.10787544120021961,degree+betweenness+closeness+eigenvector+MCC,636,FALSE
GAREM1,1,7.78816199376947e-4,0,0.236551215917465,0.00817247941288001,0,6,1,-1.229926940460432,Down,110,0,0,0.5308581323483478,0.008172479260212263,0,0.10780612232171201,degree+betweenness+closeness+eigenvector+MCC,637,FALSE
PEAK1,1,7.78816199376947e-4,0,0.236551215917465,0.008172479412880015,0,6,1,1.7370470265825926,Up,110,0,0,0.5308581323483478,0.008172479260212268,0,0.10780612232171201,degree+betweenness+closeness+eigenvector+MCC,637,FALSE
EBF2,2,0.001557632398753894,0,0.23477783872737246,0.006166112528647002,1,16,2,1.0828158371666272,Up,78,0.00847457627118644,0,0.523769296838154,0.006166112375670424,1.876512172087217e-9,0.1076819974723046,degree+betweenness+closeness+eigenvector+MCC,639,FALSE
ADA2,3,0.002336448598130841,0,0.23273518216421968,0.005838469612094303,1,11,6,1.1730002169088705,Up,143,0.01694915254237288,0,0.5156040534478,0.005838469459067293,9.382560860436085e-9,0.1076783369663602,degree+betweenness+closeness+eigenvector+MCC,640,FALSE
IFI44L,12,0.009345794392523364,6.139704786145237e-5,0.21410705352676337,0.00316600366573973,0.7272727272727273,17,25224.000000000007,2.4433151066997634,Up,40,0.09322033898305085,5.003869150639927e-4,0.4411406282321163,0.003166003512301359,4.7331266516555886e-5,0.10761493778180982,degree+betweenness+closeness+eigenvector+MCC,641,FALSE
MATN3,4,0.003115264797507788,0.003132139583096556,0.22361546499477533,0.007797070888434396,0.16666666666666666,9,4,1.1179567068724134,Up,110,0.025423728813559324,0.025526987341023457,0.4791492172883781,0.007797070735708865,5.629536516261651e-9,0.10757940196164126,degree+betweenness+closeness+eigenvector+MCC,642,FALSE
PLCD4,2,0.001557632398753894,4.7886805910064806e-5,0.23529411764705882,0.0030450937502809064,0,11,2,-1.346205413417028,Down,143,0.00847457627118644,3.902782286157736e-4,0.5258330520051222,0.003045093596823924,1.876512172087217e-9,0.1075486003956521,degree+betweenness+closeness+eigenvector+MCC,643,FALSE
MGP,3,0.002336448598130841,1.7118769658290944e-4,0.23076923076923078,0.011625439331964483,0.3333333333333333,10,3,2.7411468657946028,Up,46,0.01694915254237288,0.0013951824456337391,0.5077454285946267,0.011625439179828237,3.753024344174434e-9,0.10754304130309718,degree+betweenness+closeness+eigenvector+MCC,644,FALSE
PITX2,3,0.002336448598130841,0.0012483137912728984,0.23010752688172043,0.0052192737516490355,0,10,3,2.168523296774188,Up,46,0.01694915254237288,0.01017377722226051,0.5051003567840595,0.005219273598526715,3.753024344174434e-9,0.10748851278004878,degree+betweenness+closeness+eigenvector+MCC,645,FALSE
CYP2C18,10,0.00778816199376947,0.0010939849437668044,0.21663573477307238,9.327512519329754e-4,0.35555555555555557,3,139.99999999999997,-1.399347448403594,Down,50,0.07627118644067797,0.008915994664323548,0.45124868957007713,9.327510981508494e-4,2.6083519192012313e-07,0.10747377652168429,degree+betweenness+closeness+eigenvector+MCC,646,FALSE
MS4A4A,5,0.003894080996884735,5.937723675784042e-6,0.22609614368726888,0.014344139049846898,0.7,1,26.000000000000004,3.639979899663306,Up,71,0.03389830508474576,4.839254224946906e-5,0.4890653949086684,0.01434413889812913,4.691280430218043e-8,0.10747125566931941,degree+betweenness+closeness+eigenvector+MCC,647,FALSE
PVR,4,0.003115264797507788,9.834501081489799e-4,0.22867319679430098,0.004542776932466944,0.16666666666666666,12,4,1.1468948531503358,Up,75,0.025423728813559324,0.00801513399873062,0.49936681621872303,0.004542776779240493,5.629536516261651e-9,0.107469692287958,degree+betweenness+closeness+eigenvector+MCC,648,FALSE
ADGRD1,3,0.002336448598130841,0.002450741423656603,0.22802344166222696,0.0031707239036765926,0,11,3,2.933663388597275,Up,143,0.01694915254237288,0.019973581520895883,0.49676950794222685,0.003170723750238948,3.753024344174434e-9,0.10737259390175177,degree+betweenness+closeness+eigenvector+MCC,649,FALSE
GATA2,7,0.005451713395638629,0.0013743277953632367,0.22187662001036806,0.0023221971252288995,0.38095238095238093,16,21,1.22426260429285,Up,78,0.05084745762711865,0.011200793356715645,0.4721984196007496,0.002322196971660645,3.753024344174434e-8,0.1073137810172976,degree+betweenness+closeness+eigenvector+MCC,650,FALSE
C1R,8,0.006230529595015576,4.2059385854709835e-5,0.21986301369863015,0.012566473721910438,0.6785714285714286,1,239.99999999999994,3.9879074470075775,Up,71,0.059322033898305086,3.4278466262443737e-4,0.46414930066206916,0.01256647356991904,4.4848640912884473e-7,0.10727620825586537,degree+betweenness+closeness+eigenvector+MCC,651,FALSE
MNDA,4,0.003115264797507788,2.9141908377908616e-5,0.22879543834640056,0.010825316532603671,0.3333333333333333,6,5,1.728689622977714,Up,110,0.025423728813559324,2.3750701605727444e-4,0.49985546029297073,0.010825316380344265,7.506048688348868e-9,0.10726840400179605,degree+betweenness+closeness+eigenvector+MCC,652,FALSE
SCN7A,2,0.001557632398753894,0,0.23546671556941134,0.001303085209930087,1,11,2,3.098057599188982,Up,143,0.00847457627118644,0,0.5265229888599514,0.001303085056204965,1.876512172087217e-9,0.10726013041277098,degree+betweenness+closeness+eigenvector+MCC,653,FALSE
SEMA6A,5,0.003894080996884735,3.337862397537061e-5,0.22778073443320915,0.005920789747136887,0.7,12,26.000000000000004,1.8066480086525756,Up,75,0.03389830508474576,2.720363154561879e-4,0.49579931861462395,0.005920789594122548,4.691280430218043e-8,0.10717809930435056,degree+betweenness+closeness+eigenvector+MCC,654,FALSE
ZFPM2,1,7.78816199376947e-4,0,0.23563956689300788,0.008608091794164439,0,6,1,2.821595625487471,Up,110,0,0,0.5272139386519871,0.008608091641563745,0,0.10716440605871017,degree+betweenness+closeness+eigenvector+MCC,655,FALSE
PDK4,2,0.001557632398753894,0.001557632398753894,0.23189452772259347,0.0022027322651005047,0,2,2,2.681287039162054,Up,100,0.00847457627118644,0.012694728785250596,0.5122436509959727,0.0022027321115138613,1.876512172087217e-9,0.10712313800808715,degree+betweenness+closeness+eigenvector+MCC,656,FALSE
CAMK2D,3,0.002336448598130841,2.704647948229384e-4,0.2326086956521739,0.0011373610458157764,0.3333333333333333,13,3,1.7127305258200716,Up,58,0.01694915254237288,0.0022042923728232892,0.5150984407201976,0.001137360892065145,3.753024344174434e-9,0.10707785005609667,degree+betweenness+closeness+eigenvector+MCC,657,FALSE
IFITM3,11,0.008566978193146417,3.9615155221183745e-5,0.21558092679650773,0.003133684503373699,0.7636363636363637,17,20904.000000000007,2.391816099468036,Up,40,0.0847457627118644,3.228641441464974e-4,0.4470322373215192,0.0031336843499303532,3.922473393313911e-5,0.10705475465227872,degree+betweenness+closeness+eigenvector+MCC,658,FALSE
MX2,11,0.008566978193146417,1.9325942720420372e-5,0.21558092679650773,0.003171599587995692,0.8363636363636363,17,30960.000000000007,1.812746722231794,Up,40,0.0847457627118644,1.5750674006992588e-4,0.4470322373215192,0.003171599434558182,5.8094940335648164e-5,0.10703304022966945,degree+betweenness+closeness+eigenvector+MCC,659,FALSE
DYRK1A,2,0.001557632398753894,0,0.23503569467325644,0.0015818003156413238,1,11,2,-1.0092539637158255,Down,143,0.00847457627118644,0,0.5248000411129249,0.0015818001619591032,1.876512172087217e-9,0.10697128388451652,degree+betweenness+closeness+eigenvector+MCC,660,FALSE
NECTIN3,4,0.003115264797507788,2.694790211425813e-4,0.2296137339055794,0.004037790879467396,0.3333333333333333,12,5,1.4222978246175917,Up,75,0.025423728813559324,0.002196258301674164,0.5031264861357234,0.004037790726163215,7.506048688348868e-9,0.10695685429663375,degree+betweenness+closeness+eigenvector+MCC,661,FALSE
BACE2,1,7.78816199376947e-4,0,0.23563956689300788,0.007400425657611669,0,6,1,1.5143289261607924,Up,110,0,0,0.5272139386519871,0.007400425504825084,0,0.10692287283136244,degree+betweenness+closeness+eigenvector+MCC,662,FALSE
KIRREL1,1,7.78816199376947e-4,0,0.23563956689300788,0.0074004256576116695,0,6,1,2.0760039746861247,Up,110,0,0,0.5272139386519871,0.007400425504825085,0,0.10692287283136244,degree+betweenness+closeness+eigenvector+MCC,662,FALSE
LRRC32,2,0.001557632398753894,0,0.2320621724200253,0.0131722431081097,1,10,2,1.6755648640462697,Up,46,0.00847457627118644,0,0.5129137880039875,0.013172242956211546,1.876512172087217e-9,0.10691212182157953,degree+betweenness+closeness+eigenvector+MCC,664,FALSE
GREM2,3,0.002336448598130841,0,0.229408611756298,0.015154947406543346,1,10,6,1.4028196690812833,Up,46,0.01694915254237288,0,0.5023065380818762,0.01515494725495038,9.382560860436085e-9,0.10688212945235205,degree+betweenness+closeness+eigenvector+MCC,665,FALSE
LRG1,2,0.001557632398753894,1.6986223692401988e-4,0.23214608569878864,0.010956118567572249,0,1,2,1.018218009756609,Up,71,0.00847457627118644,0.0013843799283653165,0.5132492199885633,0.010956118415332975,1.876512172087217e-9,0.10681285929599205,degree+betweenness+closeness+eigenvector+MCC,666,FALSE
TMEM119,5,0.003894080996884735,0.0018737617340458936,0.22237616903359889,0.010620794517487429,0.4,1,9,1.7848687680962128,Up,71,0.03389830508474576,0.015271187888055612,0.4741952992689585,0.01062079436519654,1.5012097376697737e-8,0.10679712032381077,degree+betweenness+closeness+eigenvector+MCC,667,FALSE
SOCS2,1,7.78816199376947e-4,0,0.23520791353727788,0.008097835513587967,0,6,1,2.344753325225694,Up,110,0,0,0.525488462733334,0.008097835360908731,0,0.10671725961884855,degree+betweenness+closeness+eigenvector+MCC,668,FALSE
TEAD2,2,0.001557632398753894,0,0.2319364161849711,0.012205744152125048,1,12,2,1.466668650361635,Up,75,0.00847457627118644,0,0.5124110944599063,0.012205744000078124,1.876512172087217e-9,0.1066182833215366,degree+betweenness+closeness+eigenvector+MCC,669,FALSE
PROS1,4,0.003115264797507788,1.0811853068521112e-4,0.22899946495452114,0.005326333214805725,0.16666666666666666,18,4,2.1509541539161026,Up,38,0.025423728813559324,8.811677420208887e-4,0.5006710290691734,0.005326333061699884,5.629536516261651e-9,0.10646045286319798,degree+betweenness+closeness+eigenvector+MCC,670,FALSE
BBOX1,8,0.006230529595015576,0.010194748136506388,0.20100187852222917,3.728604920780659e-4,0,2,8,-1.7490348283753452,Down,100,0.059322033898305086,0.08308735920646179,0.3887544633155616,3.7286033820975846e-4,1.3135585204610519e-8,0.10630734597882467,degree+betweenness+closeness+eigenvector+MCC,671,FALSE
MICU3,1,7.78816199376947e-4,0,0.23447772096420746,0.00875596140077456,0,6,1,2.7785584361554805,Up,110,0,0,0.5225696166637108,0.008755961248196628,0,0.1062651155823815,degree+betweenness+closeness+eigenvector+MCC,672,FALSE
NQO1,4,0.003115264797507788,0.0023551941906877543,0.22439706396364908,0.003976222344112592,0.16666666666666666,2,4,-2.156347094112786,Down,100,0.025423728813559324,0.0191948700548972,0.4822735534737295,0.0039762221907989346,5.629536516261651e-9,0.1061736760325043,degree+betweenness+closeness+eigenvector+MCC,673,FALSE
FOSB,5,0.003894080996884735,0.0031973436370882724,0.22111245049078698,0.001191318364604172,0.1,11,5,-1.68028750038037,Down,143,0.03389830508474576,0.026058401416504853,0.469143755282026,0.001191318210861846,7.506048688348868e-9,0.10605835750003742,degree+betweenness+closeness+eigenvector+MCC,674,FALSE
ADIRF,1,7.78816199376947e-4,0,0.23473491773308958,0.005936028797390823,0,7,1,-1.5360584341844774,Down,154,0,0,0.5235977259675546,0.00593602864437883,0,0.10590675092238669,degree+betweenness+closeness+eigenvector+MCC,675,FALSE
ANGPTL1,2,0.001557632398753894,0,0.23052064631956912,0.014254746430706006,1,6,2,1.513903320014724,Up,110,0.00847457627118644,0,0.5067517458722548,0.014254746278974478,1.876512172087217e-9,0.10589621405978558,degree+betweenness+closeness+eigenvector+MCC,676,FALSE
ANGPTL2,2,0.001557632398753894,0,0.23052064631956912,0.014254746430706003,1,6,2,1.09174398966715,Up,110,0.00847457627118644,0,0.5067517458722548,0.014254746278974474,1.876512172087217e-9,0.10589621405978558,degree+betweenness+closeness+eigenvector+MCC,676,FALSE
FOXL2,4,0.003115264797507788,0.0017491762410040397,0.22569871682193707,0.002036340809959249,0.16666666666666666,10,4,1.2370072648326675,Up,46,0.025423728813559324,0.014255814141330567,0.48747673475706127,0.002036340656346994,5.629536516261651e-9,0.10583852479956693,degree+betweenness+closeness+eigenvector+MCC,678,FALSE
PDCD1LG2,3,0.002336448598130841,3.869470353679466e-5,0.22859177496884459,0.012350091227232211,0.6666666666666666,7,4,1.123830271031979,Up,154,0.01694915254237288,3.153624483018331e-4,0.49904134348183166,0.012350091075207506,5.629536516261651e-9,0.10573119103545006,degree+betweenness+closeness+eigenvector+MCC,679,FALSE
XAF1,11,0.008566978193146417,1.3477907165740074e-05,0.2139643392767872,0.002987869150339451,0.8363636363636363,17,30240.000000000007,1.1280296889181285,Up,40,0.0847457627118644,1.0984515743171143e-4,0.44057014731655375,0.0029878689968736607,5.6743851571745366e-5,0.10569407360685905,degree+betweenness+closeness+eigenvector+MCC,680,FALSE
WIPF1,5,0.003894080996884735,2.5012214278457743e-4,0.22542134831460675,0.005316055732096096,0.3,6,7,3.731115278013635,Up,110,0.03389830508474576,0.0020384994356666703,0.4863679916565199,0.005316055578988673,1.1259073032523303e-8,0.1055241726029988,degree+betweenness+closeness+eigenvector+MCC,681,FALSE
CNGA1,3,0.002336448598130841,0.0022410963393440664,0.22661489587010236,7.055590047608498e-4,0,11,3,-1.4847847820331213,Down,143,0.01694915254237288,0.01826497075455733,0.4911390366106171,7.055588509437532e-4,3.753024344174434e-9,0.10541174450230306,degree+betweenness+closeness+eigenvector+MCC,682,FALSE
MYO5B,4,0.003115264797507788,0.0019220887162041968,0.22424030736989173,0.0037659708312882084,0.16666666666666666,18,4,-1.4318168022096982,Down,38,0.025423728813559324,0.015665053560084585,0.48164694018779564,0.0037659706779421876,5.629536516261651e-9,0.10530033977378364,degree+betweenness+closeness+eigenvector+MCC,683,FALSE
FLRT3,3,0.002336448598130841,0.0026460096939809508,0.22400558269364967,0.00718316328058934,0,12,3,3.12387957170487,Up,75,0.01694915254237288,0.021565021024925007,0.4807086600354629,0.007183163127769313,3.753024344174434e-9,0.1052812000967109,degree+betweenness+closeness+eigenvector+MCC,684,FALSE
PARD6B,3,0.002336448598130841,0.0017201522724709338,0.22677499116919816,0.002546777048196651,0,4,3,-1.1390980840040772,Down,52,0.01694915254237288,0.014019268336881337,0.49177899591966073,0.002546776894662965,3.753024344174434e-9,0.10505883948932045,degree+betweenness+closeness+eigenvector+MCC,685,FALSE
RGN,2,0.001557632398753894,0.0031128366877669405,0.22645502645502646,7.005772507343666e-4,0,11,2,1.0440088240843464,Up,143,0.00847457627118644,0.025369668437554584,0.49049998024239755,7.005770969165032e-4,1.876512172087217e-9,0.10500896078491344,degree+betweenness+closeness+eigenvector+MCC,686,FALSE
ANXA6,1,7.78816199376947e-4,0,0.2343921139101862,0.0024824539215293987,0,11,1,2.014071048970451,Up,143,0,0,0.5222274140415842,0.0024824537679858116,0,0.10494197356191401,degree+betweenness+closeness+eigenvector+MCC,687,FALSE
OMD,6,0.004672897196261682,0.001567190001267591,0.21667229159635504,0.01748955950564883,0.4666666666666667,9,27.000000000000004,2.6276155242852366,Up,110,0.0423728813559322,0.012772623397513205,0.4513948205277063,0.017489559354415225,4.8789316474267646e-8,0.10480598668497668,degree+betweenness+closeness+eigenvector+MCC,688,FALSE
ASPH,4,0.003115264797507788,6.597041199224952e-4,0.22673494614162104,8.120151626319505e-4,0.6666666666666666,11,8,-1.3856209094797531,Down,143,0.025423728813559324,0.005376599053556104,0.4916189213370613,8.120150088312402e-4,1.3135585204610519e-8,0.10464625546971862,degree+betweenness+closeness+eigenvector+MCC,689,FALSE
LY75,2,0.001557632398753894,2.1075107178016506e-6,0.22899946495452114,0.012668565529002711,0,7,2,2.706582035130009,Up,154,0.00847457627118644,1.717624581762949e-5,0.5006710290691734,0.012668565377027027,1.876512172087217e-9,0.10436626976794332,degree+betweenness+closeness+eigenvector+MCC,690,FALSE
GPR161,1,7.78816199376947e-4,0,0.23396501457725946,0.0012401245891234787,0,11,1,1.639914678644769,Up,143,0,0,0.5205201422132639,0.0012401244353886654,0,0.10435205332973052,degree+betweenness+closeness+eigenvector+MCC,691,FALSE
PALM2AKAP2,1,7.78816199376947e-4,0,0.23396501457725946,0.0012401245891234768,0,11,1,3.169591485067647,Up,143,0,0,0.5205201422132639,0.0012401244353886635,0,0.10435205332973052,degree+betweenness+closeness+eigenvector+MCC,691,FALSE
RAB32,1,7.78816199376947e-4,0,0.23396501457725946,0.0012401245891234774,0,11,1,1.0850748867396396,Up,143,0,0,0.5205201422132639,0.0012401244353886641,0,0.10435205332973052,degree+betweenness+closeness+eigenvector+MCC,691,FALSE
KLF2,2,0.001557632398753894,1.2995705409777684e-4,0.23097679438747976,0.003515998080305802,0,16,2,2.1440605850758176,Up,78,0.00847457627118644,0.0010591520546319095,0.5085751360905209,0.003515997926921304,1.876512172087217e-9,0.10432497284395452,degree+betweenness+closeness+eigenvector+MCC,694,FALSE
RTN4R,3,0.002336448598130841,0.003114050742637364,0.22249176919078148,0.004152540795006327,0,21,3,-1.0535021907290325,Down,3,0.01694915254237288,0.025379563004027886,0.47465739526511663,0.004152540641719809,3.753024344174434e-9,0.1042277310412523,degree+betweenness+closeness+eigenvector+MCC,695,FALSE
ALDH4A1,6,0.004672897196261682,0.005473009024410707,0.21219633118492812,6.073565587161816e-4,0.13333333333333333,2,7,1.039306738214667,Up,100,0.0423728813559322,0.04460511046104689,0.43350277405050514,6.073564048839691e-4,1.1259073032523303e-8,0.10421762670628824,degree+betweenness+closeness+eigenvector+MCC,696,FALSE
MAL,2,0.001557632398753894,0.0015576323987538943,0.22749822820694543,0.005113792396751218,0,12,2,-3.5175293587170824,Down,75,0.00847457627118644,0.012694728785250598,0.49467003817740096,0.005113792243612661,1.876512172087217e-9,0.10419062747079255,degree+betweenness+closeness+eigenvector+MCC,697,FALSE
ROR1,6,0.004672897196261682,3.2641523633577465e-5,0.22280062467464862,0.0021519269200637476,0.4666666666666667,14,16,1.6723007929468414,Up,38,0.0423728813559322,2.660289359653239e-4,0.4758920032964972,0.002151926766469284,2.8147682581308256e-8,0.10413657370050933,degree+betweenness+closeness+eigenvector+MCC,698,FALSE
LPAR6,6,0.004672897196261682,0.00316842163383664,0.21576205679717694,0.003849977260261821,0.26666666666666666,11,10,-1.2627749274642197,Down,143,0.0423728813559322,0.025822686630718853,0.44775628000565815,0.0038499771069287307,1.688860954878495e-8,0.10396036839756947,degree+betweenness+closeness+eigenvector+MCC,699,FALSE
STS,6,0.004672897196261682,0.004879940280923383,0.21282943809050223,0.00136395406504631,0.06666666666666667,3,6,1.4760343873648214,Up,50,0.0423728813559322,0.03977159078361593,0.43603353329284567,0.0013639539113305572,9.382560860436085e-9,0.10390839374525704,degree+betweenness+closeness+eigenvector+MCC,700,FALSE
CCBE1,2,0.001557632398753894,2.2860087303487944e-5,0.228917810661437,0.009929498406021033,0,6,2,2.3400986628424008,Up,110,0.00847457627118644,1.863100745446051e-4,0.5003446270743759,0.009929498253623737,1.876512172087217e-9,0.10378700271004856,degree+betweenness+closeness+eigenvector+MCC,701,FALSE
CAVIN1,5,0.003894080996884735,0.0031400385723470703,0.21833021594966842,7.48508545151049e-4,0.3,8,6,1.0578708658109657,Up,29,0.03389830508474576,0.02559136422885213,0.45802214893513293,7.485083913405634e-4,9.382560860436085e-9,0.10365206720452644,degree+betweenness+closeness+eigenvector+MCC,702,FALSE
NNMT,4,0.003115264797507788,0.0010459777294866176,0.22463261021693492,8.020594876965097e-4,0.3333333333333333,8,5,3.0360651870855,Up,29,0.025423728813559324,0.008524735105579178,0.48321511776919596,8.02059333894267e-4,7.506048688348868e-9,0.10359312970565546,degree+betweenness+closeness+eigenvector+MCC,703,FALSE
TRIM63,2,0.001557632398753894,0.0037473947861410067,0.22322670375521558,0.0011801653166248938,0,2,2,1.362172945141614,Up,100,0.00847457627118644,0.03054132701616888,0.47759519680397444,0.0011801651628808511,1.876512172087217e-9,0.10355825342614455,degree+betweenness+closeness+eigenvector+MCC,704,FALSE
DCLK1,3,0.002336448598130841,5.361945575525057e-4,0.2276595744680851,7.652913811690336e-4,0.3333333333333333,11,3,1.556885912167484,Up,143,0.01694915254237288,0.0043699941588926745,0.495314998038052,7.652912273611313e-4,3.753024344174434e-9,0.10347988794394061,degree+betweenness+closeness+eigenvector+MCC,705,FALSE
SPINT2,3,0.002336448598130841,0.0034605808108091954,0.2208842250129021,0.003621218167209506,0.3333333333333333,18,3,-1.1185716942266737,Down,38,0.01694915254237288,0.02820378856257115,0.4682314547962637,0.003621218013841204,3.753024344174434e-9,0.10340112353361466,degree+betweenness+closeness+eigenvector+MCC,706,FALSE
NPR2,9,0.007009345794392523,4.945876584129714e-5,0.2152917505030181,0.001308605488411632,0.3333333333333333,11,36,1.740678705055271,Up,143,0.06779661016949153,4.030897270182465e-4,0.445876294192529,0.0013086053346873594,6.56779260230526e-8,0.10307693302033043,degree+betweenness+closeness+eigenvector+MCC,707,FALSE
TGFB1I1,3,0.002336448598130841,0.0037633511335282027,0.22008913267055194,0.0021766029509199536,0,15,3,1.8507747969121109,Up,44,0.01694915254237288,0.03067137150076341,0.465053180675099,0.0021766027973292882,3.753024344174434e-9,0.10297006225371778,degree+betweenness+closeness+eigenvector+MCC,708,FALSE
NMU,2,0.001557632398753894,0,0.229162948420489,0.004374148564310573,1,11,2,-1.5107405997195684,Down,143,0.00847457627118644,0,0.5013245321171188,0.004374148411058166,1.876512172087217e-9,0.10283465173517511,degree+betweenness+closeness+eigenvector+MCC,709,FALSE
ESRRG,1,7.78816199376947e-4,0,0.23181079617259434,0.0021999043164579804,0,2,1,-1.5687407504955218,Down,100,0,0,0.5119089454475573,0.0021999041628709016,0,0.10282176992208562,degree+betweenness+closeness+eigenvector+MCC,710,FALSE
SCNN1A,4,0.003115264797507788,0.0011647840619608946,0.22322670375521558,8.658493029681871e-4,0.3333333333333333,4,5,-1.3020851474868331,Down,52,0.025423728813559324,0.009493008601904645,0.47759519680397444,8.658491491757633e-4,7.506048688348868e-9,0.10267555817493257,degree+betweenness+closeness+eigenvector+MCC,711,FALSE
SOSTDC1,2,0.001557632398753894,0,0.22782114975159687,0.008837840241939838,1,10,2,-1.5375233770995171,Down,46,0.00847457627118644,0,0.4959608733846657,0.008837840089374507,1.876512172087217e-9,0.10265465832434777,degree+betweenness+closeness+eigenvector+MCC,712,FALSE
SNCAIP,2,0.001557632398753894,0,0.22965480236093722,0.0013657693317560078,1,14,2,1.4157209340871797,Up,38,0.00847457627118644,0,0.5032906517324817,0.0013657691780405343,1.876512172087217e-9,0.10262619981164416,degree+betweenness+closeness+eigenvector+MCC,713,FALSE
UCHL1,2,0.001557632398753894,0,0.22965480236093722,0.0013657693317560059,1,14,2,2.018382403305804,Up,38,0.00847457627118644,0,0.5032906517324817,0.0013657691780405324,1.876512172087217e-9,0.10262619981164416,degree+betweenness+closeness+eigenvector+MCC,713,FALSE
SLC6A4,3,0.002336448598130841,5.517140808375031e-4,0.22609614368726888,0.0020772072767885003,0,11,3,-1.2819001863496853,Down,143,0.01694915254237288,0.004496478520117464,0.4890653949086684,0.0020772071231825355,3.753024344174434e-9,0.10251764736947311,degree+betweenness+closeness+eigenvector+MCC,715,FALSE
EFEMP1,5,0.003894080996884735,2.686436393049721e-4,0.21956224350205197,0.013195103524706837,0.3,9,8,1.0724805149637715,Up,110,0.03389830508474576,0.0021894499264316753,0.46294701247328285,0.013195103372812201,1.3135585204610519e-8,0.10244597679857152,degree+betweenness+closeness+eigenvector+MCC,716,FALSE
PKD2,4,0.003115264797507788,3.8293108234688944e-4,0.22427947598253276,0.0018116165976764637,0.16666666666666666,17,4,1.5139815049238994,Up,40,0.025423728813559324,0.0031208944021228558,0.48180351142020234,0.0018116164440296176,5.629536516261651e-9,0.10243195134189012,degree+betweenness+closeness+eigenvector+MCC,717,FALSE
TKT,5,0.003894080996884735,0.0018930799775817959,0.21903787103377687,0.001571407208784689,0.3,2,8,-2.291039882551228,Down,100,0.03389830508474576,0.015428631879649452,0.4608509044402916,0.0015714070551008685,1.3135585204610519e-8,0.10234985231907456,degree+betweenness+closeness+eigenvector+MCC,718,FALSE
AKR1C3,9,0.007009345794392523,0.0026275289775621238,0.20915458543736765,9.786275359377334e-4,0.4166666666666667,3,45,2.2428610426763615,Up,50,0.06779661016949153,0.02141440289263537,0.4213438067485958,9.786273821626688e-4,8.256653557183755e-8,0.10230670595188421,degree+betweenness+closeness+eigenvector+MCC,719,FALSE
HERC5,9,0.007009345794392523,8.055528135671303e-6,0.21389305347326337,0.002790197377554257,0.9166666666666666,17,15120.000000000005,2.7425601440656076,Up,40,0.06779661016949153,6.565268222856225e-5,0.4402851919566813,0.0027901972240580394,2.8370987529786644e-5,0.10219320460399786,degree+betweenness+closeness+eigenvector+MCC,720,FALSE
ADARB1,2,0.001557632398753894,4.2507226538495026e-5,0.2282260931389975,0.004201311741855324,0,11,2,2.3624325662447383,Up,143,0.00847457627118644,3.4643457130905536e-4,0.4975795798168116,0.004201311588576313,1.876512172087217e-9,0.1021203808248791,degree+betweenness+closeness+eigenvector+MCC,721,FALSE
ALDH1L1,3,0.002336448598130841,0.0010722125526289375,0.22404466934217415,0.0020637957422394763,0,15,3,1.079661524670963,Up,44,0.01694915254237288,0.008738549330801511,0.4808649036273974,0.002063795588631447,3.753024344174434e-9,0.10172328096844552,degree+betweenness+closeness+eigenvector+MCC,722,FALSE
RHOD,4,0.003115264797507788,7.879665393376355e-4,0.22249176919078148,0.001866518203749648,0.16666666666666666,12,4,-1.413384776559016,Down,75,0.025423728813559324,0.006421939808613506,0.47465739526511663,0.0018665180501112526,5.629536516261651e-9,0.10167391751338746,degree+betweenness+closeness+eigenvector+MCC,723,FALSE
GBP1,9,0.007009345794392523,4.2152137458101877e-4,0.21240694789081885,0.002580819216765929,0.6666666666666666,17,5048.000000000002,1.762519691894485,Up,40,0.06779661016949153,0.0034354058966499013,0.43434468585138963,0.0025808190632374828,9.470756932524188e-6,0.10163339834754019,degree+betweenness+closeness+eigenvector+MCC,724,FALSE
EPB41L3,3,0.002336448598130841,0.0011948336326687078,0.22342091526013572,0.002704070571822783,0.3333333333333333,13,3,2.623374956384022,Up,58,0.01694915254237288,0.009737913080364438,0.4783715310323932,0.0027040704183133083,3.753024344174434e-9,0.10155253416529364,degree+betweenness+closeness+eigenvector+MCC,725,FALSE
CALCRL,2,0.001557632398753894,0,0.22774033345157857,0.0032791716057694975,1,11,2,1.4977796989294263,Up,143,0.00847457627118644,0,0.4956378211538302,0.0032791714523485458,1.876512172087217e-9,0.10147831415077549,degree+betweenness+closeness+eigenvector+MCC,726,FALSE
RAMP3,2,0.001557632398753894,0,0.22774033345157857,0.0032791716057694936,1,11,2,1.0118528873324395,Up,143,0.00847457627118644,0,0.4956378211538302,0.003279171452348542,1.876512172087217e-9,0.10147831415077549,degree+betweenness+closeness+eigenvector+MCC,726,FALSE
APOD,2,0.001557632398753894,9.501025173773128e-6,0.22741764080765142,0.004067116194875302,0,1,2,1.9379933364692885,Up,71,0.00847457627118644,7.743350604377428e-5,0.4943479009462574,0.004067116041575634,1.876512172087217e-9,0.10139340572831508,degree+betweenness+closeness+eigenvector+MCC,728,FALSE
NEXN,3,0.002336448598130841,0.0029705217379270648,0.21952470507779107,0.0026524096935527383,0,1,3,2.968177042100218,Up,71,0.01694915254237288,0.024209799336379567,0.4627969576984814,0.0026524095400353117,3.753024344174434e-9,0.1013216645740587,degree+betweenness+closeness+eigenvector+MCC,729,FALSE
INS-IGF2,2,0.001557632398753894,1.1985452274799651e-4,0.2262555066079295,0.007439975669498587,0,1,2,1.623902989655135,Up,71,0.00847457627118644,9.768162637016798e-4,0.4897024266339543,0.00743997551671809,1.876512172087217e-9,0.10131875931241455,degree+betweenness+closeness+eigenvector+MCC,730,FALSE
FCGRT,2,0.001557632398753894,0.001557632398753894,0.22349869451697127,0.005930572286371449,0,7,2,1.3951654602892214,Up,154,0.00847457627118644,0.012694728785250596,0.47868244309379376,0.005930572133358616,1.876512172087217e-9,0.10115646443202031,degree+betweenness+closeness+eigenvector+MCC,731,FALSE
GALNT3,2,0.001557632398753894,0.004665612867039139,0.21777476255088196,0.0032900125733137144,0,18,2,-1.2069267665185883,Down,38,0.00847457627118644,0.03802481895691196,0.45580179908538115,0.0032900124198944314,1.876512172087217e-9,0.10111824172197723,degree+betweenness+closeness+eigenvector+MCC,732,FALSE
ACSL5,4,0.003115264797507788,4.0468495680797454e-7,0.22307157748436415,0.0031406724270293023,0.8333333333333334,5,12,2.0570876284803283,Up,39,0.025423728813559324,3.298188824435073e-6,0.4769751005133944,0.003140672273587032,2.0641633892959387e-8,0.10110856408619981,degree+betweenness+closeness+eigenvector+MCC,733,FALSE
SGCD,8,0.006230529595015576,0.002624912149228861,0.20891636836967134,0.004410791147615055,0.39285714285714285,1,33,2.156761428033133,Up,71,0.059322033898305086,0.021393075700163702,0.4203915662336878,0.004410790994368288,6.004838950679095e-8,0.10110350537498285,degree+betweenness+closeness+eigenvector+MCC,734,FALSE
BCL11B,4,0.003115264797507788,0.0018204484781526062,0.21975012835871985,0.0013036942085977766,0,16,4,1.3130027649887932,Up,78,0.025423728813559324,0.01483668400590384,0.46369805678084236,0.0013036940548727483,5.629536516261651e-9,0.10105243385694296,degree+betweenness+closeness+eigenvector+MCC,735,FALSE
EPSTI1,9,0.007009345794392523,3.309583004197382e-5,0.21240694789081885,0.002667135980087181,0.8055555555555556,17,10086.000000000004,1.4055073780160523,Up,40,0.06779661016949153,2.6973154040819936e-4,0.43434468585138963,0.002667135826572021,1.892462525549959e-5,0.10101941760262341,degree+betweenness+closeness+eigenvector+MCC,736,FALSE
SAV1,5,0.003894080996884735,0.0020501005950798352,0.21670886075949367,0.0028371416042813537,0.1,12,5,1.2929296410551974,Up,75,0.03389830508474576,0.01670835240576643,0.4515410008122411,0.0028371414507923623,7.506048688348868e-9,0.10099696145191887,degree+betweenness+closeness+eigenvector+MCC,737,FALSE
TACC1,2,0.001557632398753894,0,0.22451477531036895,0.013155647981391773,1,6,2,1.0408191305504149,Up,110,0.00847457627118644,0,0.48274408866457463,0.013155647829491064,1.876512172087217e-9,0.10087486292835286,degree+betweenness+closeness+eigenvector+MCC,738,FALSE
SLC26A4,5,0.003894080996884735,0.00185779377506739,0.21725888324873097,5.396830869366811e-4,0.4,4,9,2.21514922729172,Up,52,0.03389830508474576,0.01514104876880753,0.4537396413354718,5.396829330940519e-4,1.5012097376697737e-8,0.1006637386268433,degree+betweenness+closeness+eigenvector+MCC,739,FALSE
MBOAT2,9,0.007009345794392523,7.573399607473784e-5,0.21212621840409715,0.0012806524756735166,0.7222222222222222,5,2162.0000000000005,2.056513101446554,Up,39,0.06779661016949153,6.172332706748833e-4,0.4332225076902239,0.0012806523219449416,4.055142803880477e-6,0.10058421171902783,degree+betweenness+closeness+eigenvector+MCC,740,FALSE
UGT2B15,12,0.009345794392523364,0.001876433271028431,0.2022047244094488,3.947676632796863e-4,0.28787878787878785,3,74,-1.2147311130320984,Down,50,0.09322033898305085,0.01529296095688765,0.3935626770933468,3.9476750941475097e-4,1.3698538856236684e-7,0.10049417630561774,degree+betweenness+closeness+eigenvector+MCC,741,FALSE
CHPT1,8,0.006230529595015576,0.0011102026278478024,0.2119861317483903,0.0011781510848785954,0.42857142857142855,5,124.99999999999997,2.4864312952375096,Up,39,0.059322033898305086,0.009048169047122627,0.4326625302274332,0.0011781509311342426,2.3268750933881486e-7,0.10044222335830091,degree+betweenness+closeness+eigenvector+MCC,742,FALSE
MEST,3,0.002336448598130841,4.673422658074541e-5,0.22280062467464862,0.00808834071114271,0.6666666666666666,6,4,1.9626852654321736,Up,110,0.01694915254237288,3.808846887787099e-4,0.4758920032964972,0.008088340558462012,5.629536516261651e-9,0.10026207734312946,degree+betweenness+closeness+eigenvector+MCC,743,FALSE
PLXNC1,3,0.002336448598130841,1.0088784396325663e-5,0.22361546499477533,0.004830472661779605,0.3333333333333333,12,3,3.5353217229799454,Up,75,0.01694915254237288,8.222375304127081e-5,0.4791492172883781,0.004830472508597438,3.753024344174434e-9,0.10020221396908283,degree+betweenness+closeness+eigenvector+MCC,744,FALSE
SAA2-SAA4,3,0.002336448598130841,0,0.22334319012002088,0.0059691217218193265,1,1,6,2.5615766218707456,Up,71,0.01694915254237288,0,0.4780608352952658,0.005969121568812427,9.382560860436085e-9,0.10019582375780238,degree+betweenness+closeness+eigenvector+MCC,745,FALSE
LDB2,5,0.003894080996884735,0.0016970264132971067,0.21678203613033936,0.0010225443750665536,0.4,16,9,4.454379232642326,Up,78,0.03389830508474576,0.013830792217372975,0.4518335094619635,0.001022544221298249,1.5012097376697737e-8,0.10011703319949557,degree+betweenness+closeness+eigenvector+MCC,746,FALSE
NRG4,3,0.002336448598130841,0,0.22283929191253038,0.006899421248867146,1,6,6,-2.1210159313550907,Down,110,0.01694915254237288,0,0.4760465703511028,0.006899421096003443,9.382560860436085e-9,0.099979030674408,degree+betweenness+closeness+eigenvector+MCC,747,FALSE
CXADR,1,7.78816199376947e-4,0,0.22741764080765142,0.005107227122116782,0,12,1,-1.7051749728872618,Down,75,0,0,0.4943479009462574,0.005107226968977215,0,0.09989102558304692,degree+betweenness+closeness+eigenvector+MCC,748,FALSE
SOD3,3,0.002336448598130841,0,0.22338204592901878,0.00421907502989149,1,2,6,1.5466076726286255,Up,100,0.01694915254237288,0,0.4782161561374083,0.004219074876615214,9.382560860436085e-9,0.09987687858779146,degree+betweenness+closeness+eigenvector+MCC,749,FALSE
SOX5,2,0.001557632398753894,0.0010220980094996172,0.22400558269364967,0.0017576188385855487,0,3,2,1.5408825553195733,Up,50,0.00847457627118644,0.008330115008472047,0.4807086600354629,0.0017576186849303911,1.876512172087217e-9,0.0998541943753128,degree+betweenness+closeness+eigenvector+MCC,750,FALSE
MAP1B,3,0.002336448598130841,0.003398136373078083,0.2173324306025728,5.811128639826429e-4,0,12,3,3.892640115829984,Up,75,0.01694915254237288,0.02769486540343674,0.4540336369369194,5.811127101463909e-4,3.753024344174434e-9,0.09985175426917994,degree+betweenness+closeness+eigenvector+MCC,751,FALSE
CACNG4,5,0.003894080996884735,1.87292200911689e-4,0.21952470507779107,6.652654546842997e-4,0.4,11,8,-1.3089978135488345,Down,143,0.03389830508474576,0.001526434411654929,0.4627969576984814,6.652653008610009e-4,1.3135585204610519e-8,0.09977739512626566,degree+betweenness+closeness+eigenvector+MCC,752,FALSE
ADGRF1,1,7.78816199376947e-4,0,0.22769994679907785,0.0031616766973211487,0,11,1,-1.8265931602979224,Down,143,0,0,0.49547638097179536,0.0031616765438821116,0,0.0997276115031355,degree+betweenness+closeness+eigenvector+MCC,753,FALSE
BDKRB1,1,7.78816199376947e-4,0,0.22769994679907785,0.003161676697321149,0,11,1,-1.2627584685524385,Down,143,0,0,0.49547638097179536,0.003161676543882112,0,0.0997276115031355,degree+betweenness+closeness+eigenvector+MCC,753,FALSE
KCTD12,1,7.78816199376947e-4,0,0.22769994679907785,0.003161676697321148,0,11,1,3.14014530212369,Up,143,0,0,0.49547638097179536,0.0031616765438821108,0,0.0997276115031355,degree+betweenness+closeness+eigenvector+MCC,753,FALSE
TACR1,1,7.78816199376947e-4,0,0.22769994679907785,0.0031616766973211487,0,11,1,1.2056866383747318,Up,143,0,0,0.49547638097179536,0.0031616765438821116,0,0.0997276115031355,degree+betweenness+closeness+eigenvector+MCC,753,FALSE
PRDM1,1,7.78816199376947e-4,0,0.22701555869872703,0.0054062931796088455,0,7,1,1.6643769368352062,Up,154,0,0,0.49274063208790014,0.005406293026515312,0,0.09962938502288309,degree+betweenness+closeness+eigenvector+MCC,757,FALSE
GDF15,2,0.001557632398753894,0.001557632398753894,0.22191496716211545,0.004408429062506989,0,10,2,2.236916931484364,Up,46,0.00847457627118644,0.012694728785250596,0.47235170715431707,0.004408428909259859,1.876512172087217e-9,0.09958588859930523,degree+betweenness+closeness+eigenvector+MCC,758,FALSE
CLCA2,4,0.003115264797507788,7.782091719417351e-4,0.22001370801919123,0.0013476640130685284,0.6666666666666666,4,8,-1.6778435887132712,Down,52,0.025423728813559324,0.006342417109388646,0.46475168083067964,0.001347663859350268,1.3135585204610519e-8,0.09957310074971262,degree+betweenness+closeness+eigenvector+MCC,759,FALSE
CLCA4,4,0.003115264797507788,7.782091719417351e-4,0.22001370801919123,0.0013476640130685308,0.6666666666666666,4,8,-2.8372017622944963,Down,52,0.025423728813559324,0.006342417109388646,0.46475168083067964,0.0013476638593502704,1.3135585204610519e-8,0.09957310074971262,degree+betweenness+closeness+eigenvector+MCC,759,FALSE
SLC7A8,3,0.002336448598130841,0.002158098919909691,0.21859039836567926,0.004088669848134167,0,2,3,-1.1603364736729611,Down,100,0.01694915254237288,0.01758854046815729,0.4590621929596359,0.004088669694837817,3.753024344174434e-9,0.09953771188360565,degree+betweenness+closeness+eigenvector+MCC,761,FALSE
CITED2,2,0.001557632398753894,7.084650180761203e-5,0.2255401370103636,0.0017124537149746431,0,2,2,1.2852938604265365,Up,100,0.00847457627118644,5.774001147837594e-4,0.4868428334044544,0.0017124535613125334,1.876512172087217e-9,0.09952145304564987,degree+betweenness+closeness+eigenvector+MCC,762,FALSE
ASAP1,3,0.002336448598130841,3.650068176685767e-4,0.22283929191253038,0.0014108714375505476,0,18,3,1.3012071562293173,Up,38,0.01694915254237288,0.0029748113603549377,0.4760465703511028,0.0014108712838420167,3.753024344174434e-9,0.0994762818581394,degree+betweenness+closeness+eigenvector+MCC,763,FALSE
ACSL4,3,0.002336448598130841,0,0.22303282959874934,0.0030068517537011636,1,5,6,1.5136665220345296,Up,39,0.01694915254237288,0,0.4768202110803817,0.003006851600238295,9.382560860436085e-9,0.09935524492111074,degree+betweenness+closeness+eigenvector+MCC,764,FALSE
PTPN22,3,0.002336448598130841,0.0031215732363412112,0.21645313553607554,0.0033741718927568255,0,17,3,1.698443053775481,Up,40,0.01694915254237288,0.025440871447172424,0.45051877381239785,0.0033741717393504967,3.753024344174434e-9,0.0992565946588636,degree+betweenness+closeness+eigenvector+MCC,765,FALSE
LSP1,3,0.002336448598130841,0.003114050742637364,0.21638018200202225,0.003689228637091487,0,20,3,1.5468955351615623,Up,3,0.01694915254237288,0.025379563004027886,0.4502271519252549,0.0036892284837336535,3.753024344174434e-9,0.09924901994168274,degree+betweenness+closeness+eigenvector+MCC,766,FALSE
CCL14,1,7.78816199376947e-4,0,0.2255401370103636,0.009268405700836917,0,7,1,3.0317317434785656,Up,154,0,0,0.4868428334044544,0.009268405548337862,0,0.09922224779055845,degree+betweenness+closeness+eigenvector+MCC,767,FALSE
ABCA6,2,0.001557632398753894,0.001557632398753894,0.22214532871972317,0.0011683053895992386,0,2,2,2.208616949728235,Up,100,0.00847457627118644,0.012694728785250596,0.47327254632991733,0.0011683052358533704,1.876512172087217e-9,0.09912203169974398,degree+betweenness+closeness+eigenvector+MCC,768,FALSE
SERPINA3,3,0.002336448598130841,3.5332049705338945e-5,0.222030088189521,0.005555576200889835,0.3333333333333333,1,3,3.534735354566771,Up,71,0.01694915254237288,2.879567661760861e-4,0.47281188789398243,0.00555557604781928,3.753024344174434e-9,0.099120915400675,degree+betweenness+closeness+eigenvector+MCC,769,FALSE
MYH14,6,0.004672897196261682,5.137577046390739e-4,0.21482349004517318,0.004898601155503412,0.6666666666666667,8,120.99999999999997,-1.6207158807962347,Down,29,0.0423728813559322,0.004187133451348044,0.44400448633341394,0.004898601002331732,2.25181460650466e-7,0.09909266546489731,degree+betweenness+closeness+eigenvector+MCC,770,FALSE
MASP1,5,0.003894080996884735,0,0.21740602776837115,0.00717864055646069,1,1,119.99999999999997,1.5387059267652043,Up,71,0.03389830508474576,0,0.4543278316549273,0.007178640403639967,2.2330494847837877e-7,0.0990810000896523,degree+betweenness+closeness+eigenvector+MCC,771,FALSE
SCD5,2,0.001557632398753894,0.001557632398753894,0.22107438016528927,0.00468066560262552,0,7,2,-1.4218365215047566,Down,154,0.00847457627118644,0.012694728785250596,0.46899157430395744,0.004680665449420295,1.876512172087217e-9,0.09896830933726539,degree+betweenness+closeness+eigenvector+MCC,772,FALSE
ADGRA2,5,0.003894080996884735,2.6863644958633175e-4,0.21792260692464357,0.0013283184689053098,0.3,14,7,3.292915380054122,Up,38,0.03389830508474576,0.002189391330110583,0.4563927869770485,0.0013283183151840718,1.1259073032523303e-8,0.0987617625932324,degree+betweenness+closeness+eigenvector+MCC,773,FALSE
WNK1,5,0.003894080996884735,0.006222031210922609,0.20593424218123496,4.995070855064866e-4,0.1,4,5,-1.5629243647005735,Down,52,0.03389830508474576,0.05070965317568925,0.4084709200572457,4.995069316576734e-4,7.506048688348868e-9,0.09871567855107741,degree+betweenness+closeness+eigenvector+MCC,774,FALSE
ADRB1,4,0.003115264797507788,4.2864901628399934e-4,0.21944966672363697,0.0016510543983930934,0.16666666666666666,13,4,-1.918353909239789,Down,58,0.025423728813559324,0.003493496289717076,0.4624970020249079,0.0016510542447215326,5.629536516261651e-9,0.09861305740048845,degree+betweenness+closeness+eigenvector+MCC,775,FALSE
SLC40A1,4,0.003115264797507788,3.9413500283631104e-4,0.21903787103377687,0.003316637125615098,0.5,1,6,4.824374426170266,Up,71,0.025423728813559324,0.0032122065320313656,0.4608509044402916,0.0033166369721999134,9.382560860436085e-9,0.0985606972281286,degree+betweenness+closeness+eigenvector+MCC,776,FALSE
LAMP3,1,7.78816199376947e-4,0,0.22478991596638656,0.008765974999318294,0,7,1,1.2719662346466256,Up,154,0,0,0.4838439262307575,0.008765974846741902,0,0.09852198021549988,degree+betweenness+closeness+eigenvector+MCC,777,FALSE
MS4A7,2,0.001557632398753894,0,0.222684703433923,0.008508708460996333,1,1,2,2.9790085124552523,Up,71,0.00847457627118644,0,0.4754286238122947,0.008508708308380342,1.876512172087217e-9,0.09848238205367474,degree+betweenness+closeness+eigenvector+MCC,778,FALSE
STAB1,2,0.001557632398753894,6.724735676092803e-6,0.22249176919078148,0.008851821815325116,0,7,2,1.4429440957665678,Up,154,0.00847457627118644,5.4806702549839034e-5,0.47465739526511663,0.008851821662761938,1.876512172087217e-9,0.09840772035562541,degree+betweenness+closeness+eigenvector+MCC,779,FALSE
COL13A1,4,0.003115264797507788,8.552634112891035e-6,0.21667229159635504,0.015074683838426238,0.5,9,7,1.1714788962944764,Up,110,0.025423728813559324,6.970410383701103e-5,0.4513948205277063,0.015074683686820918,1.1259073032523303e-8,0.09839258967819932,degree+betweenness+closeness+eigenvector+MCC,780,FALSE
PCSK2,2,0.001557632398753894,0.004814368466319637,0.21410705352676337,0.002900274554776733,0,8,2,2.1500468695641666,Up,29,0.00847457627118644,0.0392371794533064,0.4411406282321163,0.0029002744012974592,1.876512172087217e-9,0.09835053204688375,degree+betweenness+closeness+eigenvector+MCC,781,FALSE
SSX2IP,2,0.001557632398753894,4.591283964342847e-5,0.223576527947066,0.0037385097950710243,0,12,2,-1.6309649924628342,Down,75,0.00847457627118644,3.741903721958448e-4,0.4789935717054722,0.0037385096417207764,1.876512172087217e-9,0.0983161699734175,degree+betweenness+closeness+eigenvector+MCC,782,FALSE
TFPI2,1,7.78816199376947e-4,0,0.22482927683417966,0.007018302160924933,0,7,1,3.211968769481623,Up,154,0,0,0.48400126597713666,0.007018302008079529,0,0.09820391359704324,degree+betweenness+closeness+eigenvector+MCC,783,FALSE
MARCKSL1,1,7.78816199376947e-4,0,0.22629538244624603,6.99676667708832e-4,0,11,1,1.5180956701554535,Up,143,0,0,0.4898618249053633,6.996765138908299e-4,0,0.09811230028385083,degree+betweenness+closeness+eigenvector+MCC,784,FALSE
SNTB1,6,0.004672897196261682,8.238978047815584e-4,0.21360838462818166,0.001915876460520497,0.6,1,26,1.1831934329871574,Up,71,0.0423728813559322,0.006714780192574675,0.4391472667431762,0.0019158763068896992,4.691280430218042e-8,0.09803017030227543,degree+betweenness+closeness+eigenvector+MCC,785,FALSE
DCT,7,0.005451713395638629,2.084154505500241e-5,0.21297064189749543,0.0014574653615709778,0.8571428571428572,15,359.9999999999999,4.535529392576681,Up,44,0.05084745762711865,1.6985892316473292e-4,0.4365979764168354,0.0014574652078696189,6.736678697793107e-7,0.09781468636857163,degree+betweenness+closeness+eigenvector+MCC,786,FALSE
SPTBN1,5,0.003894080996884735,7.45750611233854e-4,0.21587088096839274,6.926331804238447e-4,0.4,13,8,1.2088747591852105,Up,58,0.03389830508474576,0.0060778793241732226,0.44819128991420537,6.926330266047584e-4,1.3135585204610519e-8,0.09777202409706287,degree+betweenness+closeness+eigenvector+MCC,787,FALSE
BTNL9,3,0.002336448598130841,3.273349976239468e-5,0.22061855670103092,0.0029341109722016826,0.3333333333333333,7,3,2.040788502693779,Up,154,0.01694915254237288,2.6677854287577717e-4,0.4671694816448963,0.002934110818727617,3.753024344174434e-9,0.09746390546037939,degree+betweenness+closeness+eigenvector+MCC,788,FALSE
H2AC6,9,0.007009345794392523,0.0015677911096050403,0.20534143611066688,4.4801148820308305e-4,0.4166666666666667,16,78.00000000000001,1.6827652784615106,Up,78,0.06779661016949153,0.012777522440009096,0.4061012579531098,4.480113343463433e-4,1.4449143725071573e-7,0.09742470927767881,degree+betweenness+closeness+eigenvector+MCC,789,FALSE
SDR16C5,6,0.004672897196261682,2.3590298017656176e-4,0.21417848206839032,8.428600441878392e-4,0.6666666666666667,3,50.00000000000001,-1.3065484988614884,Down,50,0.0423728813559322,0.0019226130346091791,0.44142615416825404,8.428598903918768e-4,9.194909643227365e-8,0.09731292007965675,degree+betweenness+closeness+eigenvector+MCC,790,FALSE
FBXO15,2,0.001557632398753894,0,0.2226460898213976,0.0026032342665019367,1,16,2,-1.390350069018873,Down,78,0.00847457627118644,0,0.47527427111779974,0.002603234112976941,1.876512172087217e-9,0.09727041667569505,degree+betweenness+closeness+eigenvector+MCC,791,FALSE
TBX3,2,0.001557632398753894,0,0.2226460898213976,0.0026032342665019336,1,16,2,1.9633516216000435,Up,78,0.00847457627118644,0,0.47527427111779974,0.002603234112976938,1.876512172087217e-9,0.09727041667569505,degree+betweenness+closeness+eigenvector+MCC,791,FALSE
HAS2,1,7.78816199376947e-4,0,0.22384937238493724,0.005921632623799448,0,7,1,1.7296946680760228,Up,154,0,0,0.480084230450124,0.005921632470785239,0,0.09720117258418184,degree+betweenness+closeness+eigenvector+MCC,793,FALSE
KDM4C,2,0.001557632398753894,0.002300759002648331,0.2182559918408975,0.001027884738787942,0,16,2,-1.2246130839386629,Down,78,0.00847457627118644,0.01875122240793799,0.45772544809737137,0.0010278845850204596,1.876512172087217e-9,0.09719582664760569,degree+betweenness+closeness+eigenvector+MCC,794,FALSE
HEY2,3,0.002336448598130841,2.88433951438489e-4,0.21975012835871985,0.002932225231987609,0.3333333333333333,13,3,2.0664489716033807,Up,58,0.01694915254237288,0.0023507412845925856,0.46369805678084236,0.0029322250785132533,3.753024344174434e-9,0.09718603588786909,degree+betweenness+closeness+eigenvector+MCC,795,FALSE
COL17A1,3,0.002336448598130841,8.542845834546477e-4,0.2172956507023185,0.008036254102077279,0,9,3,-1.2045837005252285,Down,110,0.01694915254237288,0.006962432921306376,0.4538866142592619,0.008036253949388564,3.753024344174434e-9,0.09716689148507082,degree+betweenness+closeness+eigenvector+MCC,796,FALSE
MRPS10,8,0.006230529595015576,0.003891503165630595,0.20230029935402552,3.61699227256374e-4,0.39285714285714285,2,28,-1.1913244096850732,Down,100,0.059322033898305086,0.03171581259746895,0.39394472501004796,3.6169907338634853e-4,5.066582864635486e-8,0.0970688642490074,degree+betweenness+closeness+eigenvector+MCC,797,FALSE
MLANA,7,0.005451713395638629,3.665442690683371e-4,0.21132323897300856,0.0013897046702093386,0.7619047619047619,15,245.99999999999994,3.77290282052496,Up,44,0.05084745762711865,0.0029873416136779146,0.43001270599836905,0.0013897045164975494,4.5974548216136803e-7,0.09704753390022906,degree+betweenness+closeness+eigenvector+MCC,798,FALSE
SAMHD1,6,0.004672897196261682,0,0.21385742838107927,0.002598535920306393,1,17,720.0000000000001,4.6976344161616135,Up,40,0.0423728813559322,0,0.4401427854681241,0.002598535766780674,1.3492122517307093e-6,0.09702311036061774,degree+betweenness+closeness+eigenvector+MCC,799,FALSE
CFHR1,4,0.003115264797507788,4.636459244161694e-6,0.21714865550481988,0.005872594192068274,0.6666666666666666,1,8,2.6371061581087556,Up,71,0.025423728813559324,3.778721646749743e-5,0.453299020834875,0.005872594039046516,1.3135585204610519e-8,0.09692662880790671,degree+betweenness+closeness+eigenvector+MCC,800,FALSE
GYG1,5,0.003894080996884735,0.007248430112337182,0.20119084926355374,2.816122689189344e-4,0.2,2,5,-1.5030510208326593,Down,100,0.03389830508474576,0.059074820521566915,0.3895098483001961,2.8161211503658154e-4,7.506048688348868e-9,0.0965529187055188,degree+betweenness+closeness+eigenvector+MCC,801,FALSE
ARHGAP9,1,7.78816199376947e-4,0,0.22384937238493724,0.0024563101558488817,0,6,1,1.3188925221549264,Up,110,0,0,0.480084230450124,0.0024563100023012705,0,0.09650810809048506,degree+betweenness+closeness+eigenvector+MCC,802,FALSE
ARHGEF4,1,7.78816199376947e-4,0,0.22384937238493724,0.00245631015584888,0,6,1,-1.4534232250209218,Down,110,0,0,0.480084230450124,0.0024563100023012687,0,0.09650810809048506,degree+betweenness+closeness+eigenvector+MCC,802,FALSE
MSI2,2,0.001557632398753894,0.0017987760834770894,0.21818181818181817,0.0017604206420065497,0,16,2,-1.9972729992570777,Down,78,0.00847457627118644,0.014660053645137913,0.45742894892542973,0.0017604204883518231,1.876512172087217e-9,0.09646480024132362,degree+betweenness+closeness+eigenvector+MCC,804,FALSE
FRAS1,2,0.001557632398753894,0,0.21959979476654695,0.01012068031794328,1,9,2,2.693435310581642,Up,110,0.00847457627118644,0,0.4630971185751837,0.010120680165575411,1.876512172087217e-9,0.09633847537769155,degree+betweenness+closeness+eigenvector+MCC,805,FALSE
NPNT,2,0.001557632398753894,0,0.21959979476654695,0.010120680317943278,1,9,2,2.554807888410211,Up,110,0.00847457627118644,0,0.4630971185751837,0.01012068016557541,1.876512172087217e-9,0.09633847537769155,degree+betweenness+closeness+eigenvector+MCC,805,FALSE
CDS1,7,0.005451713395638629,1.9874962771518244e-5,0.21114948199309325,0.0011221211461719654,0.9523809523809524,5,1440.0000000000002,-1.8630099810126663,Down,39,0.05084745762711865,1.619812622048838e-4,0.4293181359676677,0.0011221209924189882,2.7003010156335055e-6,0.09629047923008517,degree+betweenness+closeness+eigenvector+MCC,807,FALSE
HFE,3,0.002336448598130841,2.239630662463101e-5,0.2190005116834385,0.003295425102934669,0.6666666666666666,1,4,1.0080745452705573,Up,71,0.01694915254237288,1.8253025464702322e-4,0.46070156548928,0.003295424949516219,5.629536516261651e-9,0.09622573577307053,degree+betweenness+closeness+eigenvector+MCC,808,FALSE
NOTCH2,5,0.003894080996884735,0.0016744123851953254,0.21188118811881188,9.265157337648712e-4,0.1,13,5,1.49628376315008,Up,58,0.03389830508474576,0.013646487529229732,0.43224303225933014,9.265155799817855e-4,7.506048688348868e-9,0.09614286959186721,degree+betweenness+closeness+eigenvector+MCC,809,FALSE
EPS8,4,0.003115264797507788,0.0030663517249472244,0.21114948199309325,3.43129102658504e-4,0.16666666666666666,15,4,3.15151865195587,Up,44,0.025423728813559324,0.024990815252386604,0.4293181359676677,3.4312894878562016e-4,5.629536516261651e-9,0.09601516292238715,degree+betweenness+closeness+eigenvector+MCC,810,FALSE
TPPP,1,7.78816199376947e-4,0,0.22353760445682452,0.0011573525792543775,0,14,1,1.098058116899951,Up,38,0,0,0.4788379803167107,0.0011573524255068233,0,0.0959990665484435,degree+betweenness+closeness+eigenvector+MCC,811,FALSE
RGS10,1,7.78816199376947e-4,0,0.22342091526013572,0.0012983655769211488,0,11,1,1.0029426733176567,Up,143,0,0,0.4783715310323932,0.0012983654231953,0,0.0959339792911177,degree+betweenness+closeness+eigenvector+MCC,812,FALSE
RGS20,1,7.78816199376947e-4,0,0.22342091526013572,0.0012983655769211475,0,11,1,-1.442690790158676,Down,143,0,0,0.4783715310323932,0.0012983654231952988,0,0.0959339792911177,degree+betweenness+closeness+eigenvector+MCC,812,FALSE
SH3GL3,3,0.002336448598130841,1.9605877051230659e-4,0.2185531914893617,0.00139684328590575,0.3333333333333333,1,3,-2.548988860556001,Down,71,0.01694915254237288,0.0015978820931142352,0.45891346350290396,0.0013968431321950598,3.753024344174434e-9,0.0957714690047221,degree+betweenness+closeness+eigenvector+MCC,814,FALSE
EVI2B,4,0.003115264797507788,0.003344662683050017,0.20953002610966057,0.0028398991093281432,0.16666666666666666,6,4,1.71829841446434,Up,110,0.025423728813559324,0.027259053980538805,0.42284458006664105,0.0028398989558395763,5.629536516261651e-9,0.09567345348922304,degree+betweenness+closeness+eigenvector+MCC,815,FALSE
DOCK4,6,0.004672897196261682,0.0032729393580959994,0.20593424218123496,6.778148692420729e-4,0.4666666666666667,2,19,1.8531276445693603,Up,100,0.0423728813559322,0.026674507743187772,0.4084709200572457,6.778147154207057e-4,3.37772190975699e-8,0.09563923152980111,degree+betweenness+closeness+eigenvector+MCC,816,FALSE
CDO1,1,7.78816199376947e-4,0,0.22233766233766233,0.004141878426010956,0,7,1,4.42701644291669,Up,154,0,0,0.47404137395906937,0.004141878272722797,0,0.09563665044635843,degree+betweenness+closeness+eigenvector+MCC,817,FALSE
MTMR1,3,0.002336448598130841,5.4078060202964954e-5,0.2184416468186458,0.0018269843805065725,0.3333333333333333,6,3,-1.0544625325915296,Down,110,0.01694915254237288,4.407370494208383e-4,0.4584675787654881,0.0018269842268620919,3.753024344174434e-9,0.09553689126743366,degree+betweenness+closeness+eigenvector+MCC,818,FALSE
MICB,2,0.001557632398753894,6.262705117156515e-4,0.21788562701510267,0.006975112663702566,0,12,2,1.323054259821734,Up,75,0.00847457627118644,0.005104114615740254,0.4562449647893143,0.006975112510850515,1.876512172087217e-9,0.09535975401272075,degree+betweenness+closeness+eigenvector+MCC,819,FALSE
C1RL,1,7.78816199376947e-4,0,0.22084623323013416,0.007567060762038182,0,7,1,1.4812717260426125,Up,154,0,0,0.4680795877821363,0.007567060609277246,0,0.09512932967828272,degree+betweenness+closeness+eigenvector+MCC,820,FALSE
MTUS2,2,0.001557632398753894,0,0.21959979476654695,0.0036722156766955784,1,7,2,-2.2447566518925157,Down,154,0.00847457627118644,0,0.4630971185751837,0.0036722155233351265,1.876512172087217e-9,0.09504878244924349,degree+betweenness+closeness+eigenvector+MCC,821,FALSE
RASA3,2,0.001557632398753894,8.364076304670094e-7,0.2199760150762378,0.002002626968993037,0,12,2,1.256291562044618,Up,75,0.00847457627118644,6.8167354705687695e-6,0.4646010083882997,0.002002626815375592,1.876512172087217e-9,0.0950170060173689,degree+betweenness+closeness+eigenvector+MCC,822,FALSE
RASAL1,2,0.001557632398753894,8.364076304670094e-7,0.2199760150762378,0.002002626968993035,0,12,2,-1.4357273145102791,Down,75,0.00847457627118644,6.8167354705687695e-6,0.4646010083882997,0.0020026268153755904,1.876512172087217e-9,0.0950170060173689,degree+betweenness+closeness+eigenvector+MCC,822,FALSE
RASGRP3,2,0.001557632398753894,8.364076304670094e-7,0.2199760150762378,0.002002626968993035,0,12,2,1.0120057900382555,Up,75,0.00847457627118644,6.8167354705687695e-6,0.4646010083882997,0.0020026268153755904,1.876512172087217e-9,0.0950170060173689,degree+betweenness+closeness+eigenvector+MCC,822,FALSE
RGL1,2,0.001557632398753894,8.364076304670094e-7,0.2199760150762378,0.0020026269689930394,0,12,2,2.233242689068028,Up,75,0.00847457627118644,6.8167354705687695e-6,0.4646010083882997,0.0020026268153755947,1.876512172087217e-9,0.0950170060173689,degree+betweenness+closeness+eigenvector+MCC,822,FALSE
BTG1,1,7.78816199376947e-4,0,0.22206848841231408,0.0011668054761994522,0,2,1,-1.0379479372077682,Down,100,0,0,0.47296538759187845,0.0011668053224533532,0,0.09482643858286635,degree+betweenness+closeness+eigenvector+MCC,826,FALSE
CCNG2,1,7.78816199376947e-4,0,0.22206848841231408,0.0011668054761994518,0,2,1,1.288012599671145,Up,100,0,0,0.47296538759187845,0.0011668053224533528,0,0.09482643858286635,degree+betweenness+closeness+eigenvector+MCC,826,FALSE
NLK,1,7.78816199376947e-4,0,0.22206848841231408,0.0011668054761994522,0,2,1,-2.0637017507577653,Down,100,0,0,0.47296538759187845,0.0011668053224533532,0,0.09482643858286635,degree+betweenness+closeness+eigenvector+MCC,826,FALSE
DSC2,3,0.002336448598130841,0.0016191758184767363,0.21364392678868552,0.004081553155296661,0.3333333333333333,18,3,-2.130625782031916,Down,38,0.01694915254237288,0.01319630863330932,0.43928934172355627,0.004081553001999217,3.753024344174434e-9,0.0947032719308524,degree+betweenness+closeness+eigenvector+MCC,829,FALSE
SLCO2A1,1,7.78816199376947e-4,0,0.22099827882960413,0.004674656392088786,0,7,1,2.106520271074654,Up,154,0,0,0.46868736950545664,0.004674656238882635,0,0.09467240514886785,degree+betweenness+closeness+eigenvector+MCC,830,FALSE
INHBA,4,0.003115264797507788,2.8098531724365243e-5,0.214,0.005355552626353419,0.3333333333333333,10,5,2.168729946642879,Up,46,0.025423728813559324,2.2900347976193813e-4,0.44071269623532994,0.005355552473252076,7.506048688348868e-9,0.09434419770159039,degree+betweenness+closeness+eigenvector+MCC,831,FALSE
LMF1,1,7.78816199376947e-4,0,0.22092222986923607,0.002765276037644723,0,5,1,1.1189529590689862,Up,39,0,0,0.46838337407020336,0.0027652758841446696,0,0.0942297299908696,degree+betweenness+closeness+eigenvector+MCC,832,FALSE
PCSK5,1,7.78816199376947e-4,0,0.22092222986923607,0.0027652760376447225,0,5,1,-1.6869479230879485,Down,39,0,0,0.46838337407020336,0.002765275884144669,0,0.0942297299908696,degree+betweenness+closeness+eigenvector+MCC,832,FALSE
MEIS2,3,0.002336448598130841,4.160144585665319e-4,0.21594349142280525,0.0011581868942811056,0,16,3,1.1013133320438584,Up,78,0.01694915254237288,0.003390524443681286,0.4484815403868777,0.00115818674053368,3.753024344174434e-9,0.09399588157329798,degree+betweenness+closeness+eigenvector+MCC,834,FALSE
TBL1X,3,0.002336448598130841,4.325660334587082e-4,0.21601615074024227,4.785170051937173e-4,0,16,3,1.0985728764343348,Up,78,0.01694915254237288,0.0035254200418936986,0.448771986182883,4.785168513416731e-4,3.753024344174434e-9,0.09394501587430312,degree+betweenness+closeness+eigenvector+MCC,835,FALSE
SMTN,3,0.002336448598130841,0,0.21619801313352416,0.003122905671993086,1,8,6,1.444708312924183,Up,29,0.01694915254237288,0,0.4494989565074523,0.0031229055185480812,9.382560860436085e-9,0.09391420479018683,degree+betweenness+closeness+eigenvector+MCC,836,FALSE
HMGCS1,4,0.003115264797507788,0.0036500800143391067,0.20689655172413793,0.0014824930185026446,0.16666666666666666,3,4,-1.0999004980822296,Down,50,0.025423728813559324,0.02974821008061208,0.41231762232546015,0.001482492864805138,5.629536516261651e-9,0.09379441194279464,degree+betweenness+closeness+eigenvector+MCC,837,FALSE
CYP26B1,7,0.005451713395638629,7.658048409491604e-4,0.20663018989378823,5.060261675364116e-4,0.6190476190476191,3,127.99999999999997,1.9600632182318811,Up,50,0.05084745762711865,0.006241321614816762,0.41125287692775686,5.060260136886018e-4,2.383170458550765e-7,0.09376958410008535,degree+betweenness+closeness+eigenvector+MCC,838,FALSE
EDNRA,3,0.002336448598130841,7.306384412697161e-4,0.21496735308890005,0.0012299679100511724,0,11,3,3.7047473787915433,Up,143,0.01694915254237288,0.005954714898982262,0.4445795593966478,0.0012299677563147957,3.753024344174434e-9,0.0937426796694684,degree+betweenness+closeness+eigenvector+MCC,839,FALSE
PHLDA2,1,7.78816199376947e-4,0,0.21944966672363697,0.005975855399568488,0,6,1,-1.281944846114003,Down,110,0,0,0.4624970020249079,0.005975855246562625,0,0.0936945714542941,degree+betweenness+closeness+eigenvector+MCC,840,FALSE
SIGLEC15,1,7.78816199376947e-4,0,0.21952470507779107,0.005390031049422379,0,6,1,-1.9311296213359224,Down,110,0,0,0.4627969576984814,0.005390030896326343,0,0.09363739771896154,degree+betweenness+closeness+eigenvector+MCC,841,FALSE
GPD1L,8,0.006230529595015576,7.980291422538477e-4,0.20387424579231503,9.579310247781826e-4,0.5714285714285714,5,722.0000000000001,-1.1425553359080125,Down,39,0.059322033898305086,0.006503950182176086,0.40023636305818777,9.579308709999325e-4,1.3529652760748837e-6,0.09340432619498899,degree+betweenness+closeness+eigenvector+MCC,842,FALSE
MUC15,2,0.001557632398753894,0,0.2175902389425521,0.0034078842232180997,1,18,2,-2.729070487931915,Down,38,0.00847457627118644,0,0.4550641909135238,0.0034078840698169603,1.876512172087217e-9,0.09338933062620787,degree+betweenness+closeness+eigenvector+MCC,843,FALSE
MUC4,2,0.001557632398753894,0,0.2175902389425521,0.0034078842232181006,1,18,2,2.33866409034741,Up,38,0.00847457627118644,0,0.4550641909135238,0.003407884069816961,1.876512172087217e-9,0.09338933062620787,degree+betweenness+closeness+eigenvector+MCC,843,FALSE
VSIR,1,7.78816199376947e-4,0,0.21956224350205197,0.0032297036606976004,0,7,1,-1.0217489177610055,Down,154,0,0,0.46294701247328285,0.003229703507269034,0,0.09323534319611038,degree+betweenness+closeness+eigenvector+MCC,845,FALSE
CFD,2,0.001557632398753894,0,0.21678203613033936,0.005104899978713137,1,1,2,2.1947966473846465,Up,71,0.00847457627118644,0,0.4518335094619635,0.005104899825573212,1.876512172087217e-9,0.09308259748704706,degree+betweenness+closeness+eigenvector+MCC,846,FALSE
GAPDHS,3,0.002336448598130841,0,0.2152917505030181,0.001563020789279133,1,2,6,1.9840006709567524,Up,100,0.01694915254237288,0,0.445876294192529,0.0015630206355940217,9.382560860436085e-9,0.09287769535061136,degree+betweenness+closeness+eigenvector+MCC,847,FALSE
CFHR2,2,0.001557632398753894,0,0.2165991902834008,0.004747051080902738,1,1,2,1.277064884657953,Up,71,0.00847457627118644,0,0.4511026079143904,0.004747050927707731,1.876512172087217e-9,0.09286484739795933,degree+betweenness+closeness+eigenvector+MCC,848,FALSE
LIN7A,2,0.001557632398753894,0,0.2175902389425521,6.658096500075702e-4,1,13,2,1.5975798664495318,Up,58,0.00847457627118644,0,0.4550641909135238,6.658094961843552e-4,1.876512172087217e-9,0.09284091571148134,degree+betweenness+closeness+eigenvector+MCC,849,FALSE
KCNE3,6,0.004672897196261682,6.949262380157864e-4,0.20769977353607247,2.2043780685668845e-4,0.2,11,6,1.872124457839644,Up,143,0.0423728813559322,0.005663659875348274,0.41552839290197047,2.2043765296491923e-4,9.382560860436085e-9,0.09275707623375534,degree+betweenness+closeness+eigenvector+MCC,850,FALSE
AGPAT4,8,0.006230529595015576,2.3656834801300507e-5,0.204556316711805,0.0011120817560604974,0.75,5,1442.0000000000002,1.073509560376598,Up,39,0.059322033898305086,1.9280357930423204e-4,0.4029628493249354,0.001112081602305975,2.70405403997768e-6,0.09271849449177813,degree+betweenness+closeness+eigenvector+MCC,851,FALSE
SHMT1,6,0.004672897196261682,9.21623997430067e-4,0.20706337687469764,1.7602123511212966e-4,0.26666666666666666,5,10,-1.5250414914053678,Down,39,0.0423728813559322,0.00751125021456475,0.41298448330567805,1.760210812135236e-4,1.688860954878495e-8,0.09260893056919962,degree+betweenness+closeness+eigenvector+MCC,852,FALSE
INHBB,3,0.002336448598130841,1.4572880295477853e-5,0.2139643392767872,0.00482468637729298,0.6666666666666666,10,4,1.1612980892855846,Up,46,0.01694915254237288,1.1876920582739094e-4,0.44057014731655375,0.004824686224109922,5.629536516261651e-9,0.09249255218368009,degree+betweenness+closeness+eigenvector+MCC,853,FALSE
ARPC1B,3,0.002336448598130841,9.804257814718984e-5,0.21410705352676337,0.002107627317563676,0.3333333333333333,6,3,1.0733798316391123,Up,110,0.01694915254237288,7.990485688285703e-4,0.4411406282321163,0.0021076271639623935,3.753024344174434e-9,0.0921992920520609,degree+betweenness+closeness+eigenvector+MCC,854,FALSE
ARHGAP31,3,0.002336448598130841,3.343903499851105e-4,0.21385742838107927,5.785860967089761e-4,0.3333333333333333,8,3,1.889222183838358,Up,29,0.01694915254237288,0.002725286662541174,0.4401427854681241,5.785859428723351e-4,3.753024344174434e-9,0.09207916287378697,degree+betweenness+closeness+eigenvector+MCC,855,FALSE
ADAMTS1,2,0.001557632398753894,1.6018504510826638e-5,0.21550855991943604,0.004863016253299475,0,12,2,5.442053052257708,Up,75,0.00847457627118644,0.00013055106613918526,0.4467429605163288,0.004863016100122317,1.876512172087217e-9,0.09204222116605777,degree+betweenness+closeness+eigenvector+MCC,856,FALSE
SLPI,1,7.78816199376947e-4,0,0.21777476255088196,0.004074650739303075,0,7,1,3.0456547590982703,Up,154,0,0,0.45580179908538115,0.004074650586004569,0,0.09197528993427714,degree+betweenness+closeness+eigenvector+MCC,857,FALSE
PDLIM4,3,0.002336448598130841,0,0.21375062427168304,0.0024480227058798322,1,12,6,1.5273824385173702,Up,75,0.01694915254237288,0,0.43971585048353506,0.0024480225523309455,9.382560860436085e-9,0.09182260699215995,degree+betweenness+closeness+eigenvector+MCC,858,FALSE
COL24A1,1,7.78816199376947e-4,0,0.21619801313352416,0.007597407852368605,0,9,1,1.2290244299666733,Up,110,0,0,0.4494989565074523,0.007597407699612341,0,0.09141927284141294,degree+betweenness+closeness+eigenvector+MCC,859,FALSE
PMEL,5,0.003894080996884735,0,0.2092227472706534,9.154308856663436e-4,1,15,119.99999999999997,2.3087339082753493,Up,44,0.03389830508474576,0,0.42161627445988437,9.154307318815516e-4,2.2330494847837877e-7,0.09128604671629204,degree+betweenness+closeness+eigenvector+MCC,860,FALSE
SPTLC3,5,0.003894080996884735,5.023757606499403e-4,0.20827250608272507,2.3451842695499945e-4,0.4,5,8,-1.0581881220895806,Down,39,0.03389830508474576,0.004094370427089845,0.4178178138087223,2.345182730653976e-4,1.3135585204610519e-8,0.09120900414584171,degree+betweenness+closeness+eigenvector+MCC,861,FALSE
DPYSL4,3,0.002336448598130841,0,0.21332447250373815,7.233420266586938e-4,1,12,6,1.4384978774831183,Up,75,0.01694915254237288,0,0.4380123664180939,7.233418728443344e-4,9.382560860436085e-9,0.09113697404317439,degree+betweenness+closeness+eigenvector+MCC,862,FALSE
HSPA12B,2,0.001557632398753894,0.001557632398753894,0.212056151940545,4.669162407997066e-4,0,11,2,1.3389134683649455,Up,143,0.00847457627118644,0.012694728785250596,0.4329424264770015,4.6691608694587677e-4,1.876512172087217e-9,0.09091572989937932,degree+betweenness+closeness+eigenvector+MCC,863,FALSE
NDFIP2,2,0.001557632398753894,8.513856607905018e-5,0.21482349004517318,0.0011763504937448918,0,4,2,-1.021017371785511,Down,52,0.00847457627118644,6.938806655558315e-4,0.44400448633341394,0.001176350340000262,1.876512172087217e-9,0.09086985909733372,degree+betweenness+closeness+eigenvector+MCC,864,FALSE
CLEC3B,2,0.001557632398753894,1.5371548396864615e-4,0.21457219251336898,0.0014572474271040724,0,2,2,2.027721341586675,Up,100,0.00847457627118644,0.0012527836353664703,0.44299995843205714,0.00145724727340268,1.876512172087217e-9,0.09083691349770498,degree+betweenness+closeness+eigenvector+MCC,865,FALSE
SGCB,6,0.004672897196261682,7.961702614621519e-4,0.2039066222010481,0.004306310184258626,0.5333333333333333,1,20,1.1658728585155949,Up,71,0.0423728813559322,0.0064888002742044945,0.4003657833739569,0.004306310030995778,3.565373126965712e-8,0.09070676213776413,degree+betweenness+closeness+eigenvector+MCC,866,FALSE
CHL1,1,7.78816199376947e-4,0,0.21619801313352416,0.00384553192341343,0,6,1,-1.3285328676664032,Down,110,0,0,0.4494989565074523,0.0038455317700796555,0,0.0906688976555064,degree+betweenness+closeness+eigenvector+MCC,867,FALSE
SEMA3G,1,7.78816199376947e-4,0,0.21619801313352416,0.003845531923413432,0,6,1,1.9464688010092224,Up,110,0,0,0.4494989565074523,0.0038455317700796577,0,0.0906688976555064,degree+betweenness+closeness+eigenvector+MCC,867,FALSE
FHL1,2,0.001557632398753894,0,0.21464393179538616,0.001415656036211275,1,17,2,3.2798190510721623,Up,40,0.00847457627118644,0,0.4432867265108845,0.0014156558825034805,1.876512172087217e-9,0.09063539210821732,degree+betweenness+closeness+eigenvector+MCC,869,FALSE
PMEPA1,1,7.78816199376947e-4,0,0.21685526093565277,0.0010262954838842686,0,16,1,2.2070669712998834,Up,78,0,0,0.4521262157192858,0.0010262953301165415,0,0.09063050220988048,degree+betweenness+closeness+eigenvector+MCC,870,FALSE
DSG1,8,0.006230529595015576,0.001691209783337243,0.19833178869323448,5.809879781684187e-4,0.2857142857142857,18,22,-2.804978088842029,Down,38,0.059322033898305086,0.013783386590831241,0.3780811402904714,5.809878243321474e-4,3.9406755613831557e-8,0.0903535176021391,degree+betweenness+closeness+eigenvector+MCC,871,FALSE
IFITM2,4,0.003115264797507788,0,0.2099068170671898,0.0016941081936052984,1,17,24.000000000000004,3.266114869939292,Up,40,0.025423728813559324,0,0.4243507509673245,0.0016941080399403648,4.3159779958006e-8,0.09029372619612083,degree+betweenness+closeness+eigenvector+MCC,872,FALSE
KALRN,3,0.002336448598130841,0.0029540585331991644,0.20623193061355605,3.3749121177772116e-4,0.3333333333333333,8,3,1.0596017097024628,Up,29,0.01694915254237288,0.02407562395640933,0.4096608893101498,3.3749105790396947e-4,3.753024344174434e-9,0.09020463212397208,degree+betweenness+closeness+eigenvector+MCC,873,FALSE
NCALD,2,0.001557632398753894,1.1004623883929205e-4,0.21410705352676337,4.551500327638478e-4,0,11,2,1.124850200611112,Up,143,0.00847457627118644,8.968785940889061e-4,0.4411406282321163,4.5514987890820686e-4,1.876512172087217e-9,0.0901934469705624,degree+betweenness+closeness+eigenvector+MCC,874,FALSE
SHISA9,2,0.001557632398753894,0,0.214321482223335,4.0236290194915894e-4,1,13,2,-2.5578816509714652,Down,58,0.00847457627118644,0,0.4419977779502663,4.023627480853927e-4,1.876512172087217e-9,0.09017494376921006,degree+betweenness+closeness+eigenvector+MCC,875,FALSE
SYNM,2,0.001557632398753894,4.926929309120443e-4,0.21297064189749543,0.0016739613936793984,0,1,2,1.7092345699119518,Up,71,0.00847457627118644,0.004015455210961388,0.4365979764168354,0.0016739612400113637,1.876512172087217e-9,0.09015239420310135,degree+betweenness+closeness+eigenvector+MCC,876,FALSE
ELP4,3,0.002336448598130841,2.0575413488908858e-4,0.2115669797330697,0.0010210417747780235,0.3333333333333333,16,3,-1.1025877083449522,Down,78,0.01694915254237288,0.0016768994667486637,0.4309870267265571,0.0010210416210094876,3.753024344174434e-9,0.09012682482194248,degree+betweenness+closeness+eigenvector+MCC,877,FALSE
GULP1,2,0.001557632398753894,1.8594434574234573e-4,0.21332447250373815,0.0021170241474432238,0,1,2,2.802033868993246,Up,71,0.00847457627118644,0.0015154493706206651,0.4380123664180939,0.002117023993843388,1.876512172087217e-9,0.09002388358605132,degree+betweenness+closeness+eigenvector+MCC,878,FALSE
NECTIN4,2,0.001557632398753894,0,0.2137150466045273,0.0012982861817701357,1,12,2,-1.3493337215979562,Down,75,0.00847457627118644,0,0.43957363357011564,0.0012982860280442749,1.876512172087217e-9,0.0898692995491717,degree+betweenness+closeness+eigenvector+MCC,879,FALSE
UGT2A2,7,0.005451713395638629,7.536929296074593e-4,0.2018233259981138,2.222548018618925e-4,0.2857142857142857,3,12,-2.1052436341057383,Down,50,0.05084745762711865,0.006142609345043161,0.3920380885191237,2.2225464797040296e-4,2.0641633892959387e-8,0.08985008615617796,degree+betweenness+closeness+eigenvector+MCC,880,FALSE
MELTF,1,7.78816199376947e-4,0,0.21525565800502933,0.002682205618882652,0,1,1,1.0824668124724877,Up,71,0,0,0.44573201931247314,0.002682205465369812,0,0.08968284495556858,degree+betweenness+closeness+eigenvector+MCC,881,FALSE
EMP3,1,7.78816199376947e-4,0,0.2149313692668229,0.0026571624249650217,0,9,1,2.1161117247303176,Up,110,0,0,0.4444357189338528,0.0026571622714483267,0,0.08941857624106023,degree+betweenness+closeness+eigenvector+MCC,882,FALSE
SYNE2,3,0.002336448598130841,0.0031128366877669405,0.2048173552400702,3.3387101812858887e-4,0.3333333333333333,17,3,-1.7020079957629282,Down,40,0.01694915254237288,0.025369668437554584,0.4040063155424063,3.3387086425427996e-4,3.753024344174434e-9,0.08933180222792247,degree+betweenness+closeness+eigenvector+MCC,883,FALSE
ZNF750,2,0.001557632398753894,9.400260252404731e-4,0.21101068200493014,8.475380270718995e-4,0,16,2,-1.4215017626244588,Down,78,0.00847457627118644,0.00766122703344617,0.4287633017843918,8.475378732766571e-4,1.876512172087217e-9,0.08914932896776265,degree+betweenness+closeness+eigenvector+MCC,884,FALSE
FBXO45,2,0.001557632398753894,8.024084806956209e-5,0.21272365805168986,5.521358976870668e-4,0,16,2,-1.062944253079877,Down,78,0.00847457627118644,6.539641860021005e-4,0.4356106918919344,5.521357438463545e-4,1.876512172087217e-9,0.08905827399389629,degree+betweenness+closeness+eigenvector+MCC,885,FALSE
SGCE,6,0.004672897196261682,0.0012943190923448632,0.20172820109976433,5.84254900489322e-4,0.4666666666666667,1,19,3.275436130671393,Up,71,0.0423728813559322,0.010548721156567227,0.3916578396013578,5.842547466535535e-4,3.37772190975699e-8,0.08903274612754598,degree+betweenness+closeness+eigenvector+MCC,886,FALSE
IRF6,3,0.002336448598130841,0.002204793833969028,0.20576923076923076,7.826822009894758e-4,0,16,3,-1.2703037901522531,Down,78,0.01694915254237288,0.017969104759262233,0.4078113092516384,7.826820471842504e-4,3.753024344174434e-9,0.08870245047069641,degree+betweenness+closeness+eigenvector+MCC,887,FALSE
CA6,2,0.001557632398753894,0,0.21223140495867768,0.0013638662868929203,1,2,2,-3.094529932119099,Down,100,0.00847457627118644,0,0.4336429767181731,0.001363866133177154,1.876512172087217e-9,0.08869628419980977,degree+betweenness+closeness+eigenvector+MCC,888,FALSE
SLC2A5,2,0.001557632398753894,0,0.21223140495867768,0.0013638662868929179,1,2,2,-1.0259806911629017,Down,100,0.00847457627118644,0,0.4336429767181731,0.0013638661331771516,1.876512172087217e-9,0.08869628419980977,degree+betweenness+closeness+eigenvector+MCC,888,FALSE
PLAGL1,2,0.001557632398753894,0,0.2117414248021108,0.0023191975631696913,1,6,2,3.1533866167032327,Up,110,0.00847457627118644,0,0.43168434730049104,0.002319197409600975,1.876512172087217e-9,0.08849562457155812,degree+betweenness+closeness+eigenvector+MCC,890,FALSE
STON2,2,0.001557632398753894,0,0.2119511389897656,8.816179096318882e-4,1,10,2,-1.236622451443064,Down,46,0.00847457627118644,0,0.4325226514067715,8.816177558418916e-4,1.876512172087217e-9,0.0883757694620624,degree+betweenness+closeness+eigenvector+MCC,891,FALSE
ITPKC,1,7.78816199376947e-4,0,0.21410705352676337,7.318363099846283e-4,0,11,1,-1.0043793148293343,Down,143,0,0,0.4411406282321163,7.318361561715765e-4,0,0.08837449287765757,degree+betweenness+closeness+eigenvector+MCC,892,FALSE
PRRX1,1,7.78816199376947e-4,0,0.21392869043652116,0.0010686429627325639,0,16,1,2.9802283266035854,Up,78,0,0,0.4404276458982503,0.001068642808971355,0,0.08829925774144433,degree+betweenness+closeness+eigenvector+MCC,893,FALSE
HOMER2,3,0.002336448598130841,2.4530006382878066e-5,0.20966688438928804,9.129983436199314e-4,0.6666666666666666,13,4,-1.3012883603274723,Down,58,0.01694915254237288,1.9991994156016817e-4,0.4233916525326158,9.12998189834765e-4,5.629536516261651e-9,0.08829074576718401,degree+betweenness+closeness+eigenvector+MCC,894,FALSE
HOMER3,3,0.002336448598130841,2.4530006382878066e-5,0.20966688438928804,9.1299834361993e-4,0.6666666666666666,13,4,-1.8369204081844048,Down,58,0.01694915254237288,1.9991994156016817e-4,0.4233916525326158,9.129981898347636e-4,5.629536516261651e-9,0.08829074576718401,degree+betweenness+closeness+eigenvector+MCC,894,FALSE
TSTD1,2,0.001557632398753894,3.44704019784387e-4,0.2112189504852772,3.4728620128943817e-4,0,5,2,-1.3252645956620697,Down,39,0.00847457627118644,0.002809343235187704,0.42959582687120723,3.472860474171942e-4,1.876512172087217e-9,0.08824540686030215,degree+betweenness+closeness+eigenvector+MCC,896,FALSE
S100A2,1,7.78816199376947e-4,0,0.21360838462818166,0.0018021460411377088,0,15,1,1.9991802145279325,Up,44,0,0,0.4391472667431762,0.0018021458874894049,0,0.08818988252613312,degree+betweenness+closeness+eigenvector+MCC,897,FALSE
PLXDC2,1,7.78816199376947e-4,0,0.21357285429141717,0.0018708384528343363,0,6,1,-1.8748811409865984,Down,110,0,0,0.4390052390265955,0.001870838299196606,0,0.08817521546515841,degree+betweenness+closeness+eigenvector+MCC,898,FALSE
SH3PXD2B,1,7.78816199376947e-4,0,0.21357285429141717,0.0018708384528343368,0,6,1,1.6899248775752105,Up,110,0,0,0.4390052390265955,0.0018708382991966064,0,0.08817521546515841,degree+betweenness+closeness+eigenvector+MCC,898,FALSE
GLS,4,0.003115264797507788,0.00207483252186702,0.20335761799176433,3.595934247135368e-4,0.3333333333333333,2,5,-1.356716274968007,Down,100,0.025423728813559324,0.01690991800182822,0.39817121328714217,3.5959327084318724e-4,7.506048688348868e-9,0.08817289217588431,degree+betweenness+closeness+eigenvector+MCC,900,FALSE
TMEM38B,2,0.001557632398753894,0,0.211080059181325,0.003008028244175071,1,1,2,1.131514527624045,Up,71,0.00847457627118644,0,0.42904062766541273,0.0030080280907123836,1.876512172087217e-9,0.08810464678076474,degree+betweenness+closeness+eigenvector+MCC,901,FALSE
HHEX,2,0.001557632398753894,4.7797442453602066e-5,0.21125370187561698,0.0014820920539636798,0,18,2,1.887780609251964,Up,38,0.00847457627118644,3.895499150264989e-4,0.42973474085478924,0.0014820919002661115,1.876512172087217e-9,0.08801619216355609,degree+betweenness+closeness+eigenvector+MCC,902,FALSE
GBP4,4,0.003115264797507788,2.0660562746065391e-4,0.20669671603348358,0.0013408390523490712,0.6666666666666666,17,8,1.7338273182322217,Up,40,0.025423728813559324,0.0016838391447287345,0.41151880617510656,0.0013408388986297605,1.3135585204610519e-8,0.08799344523352191,degree+betweenness+closeness+eigenvector+MCC,903,FALSE
AVPR1A,2,0.001557632398753894,8.439296091333682e-6,0.2106299212598425,0.002627515237189255,0,11,2,1.636195112019525,Up,143,0.00847457627118644,6.8780397161496e-5,0.42724126219476327,0.002627515083667997,1.876512172087217e-9,0.08768242716465827,degree+betweenness+closeness+eigenvector+MCC,904,FALSE
PLSCR1,4,0.003115264797507788,0,0.2066634476098503,0.0014964550317801886,1,17,24.000000000000004,1.7162938255668374,Up,40,0.025423728813559324,0,0.41138582015039776,0.0014964548780848311,4.3159779958006e-8,0.08766120940036437,degree+betweenness+closeness+eigenvector+MCC,905,FALSE
GLYR1,4,0.003115264797507788,0.0014550986471497387,0.2039390088945362,2.084208538868294e-4,0.16666666666666666,16,4,1.3880988687115243,Up,78,0.025423728813559324,0.011859077081427334,0.40049524480164345,2.0842069999321046e-4,5.629536516261651e-9,0.08759729540523196,degree+betweenness+closeness+eigenvector+MCC,906,FALSE
CERS6,5,0.003894080996884735,5.2467126433094453e-5,0.2045237336731443,3.5241455557961487e-4,0.8,5,30.000000000000004,-1.1944852654257607,Down,39,0.03389830508474576,4.276079136145546e-4,0.40283260303397245,3.524144017081603e-4,5.44188529905293e-8,0.08750219697057877,degree+betweenness+closeness+eigenvector+MCC,907,FALSE
DEGS1,5,0.003894080996884735,5.2467126433094453e-5,0.2045237336731443,3.5241455557960907e-4,0.8,5,30.000000000000004,1.712591502244214,Up,39,0.03389830508474576,4.276079136145546e-4,0.40283260303397245,3.524144017081545e-4,5.44188529905293e-8,0.08750219697057877,degree+betweenness+closeness+eigenvector+MCC,907,FALSE
GPRASP1,1,7.78816199376947e-4,0,0.21290001658099816,8.533721913702195e-4,0,11,1,2.173133238344061,Up,143,0,0,0.43631566126453647,8.533720375758752e-4,0,0.08743380666042247,degree+betweenness+closeness+eigenvector+MCC,909,FALSE
OSR2,3,0.002336448598130841,1.627306576100795e-4,0.20827250608272507,0.0010395579431695839,0,10,3,5.350011963231984,Up,46,0.01694915254237288,0.0013262574437062893,0.4178178138087223,0.0010395577894038981,3.753024344174434e-9,0.08742655706744594,degree+betweenness+closeness+eigenvector+MCC,910,FALSE
MAGI2,5,0.003894080996884735,6.75818491123956e-4,0.2025556081400852,4.2224721619120805e-4,0.2,13,6,1.387950356441373,Up,58,0.03389830508474576,0.005507931434746333,0.39496528735786396,4.222470623305025e-4,9.382560860436085e-9,0.08695875606444949,degree+betweenness+closeness+eigenvector+MCC,911,FALSE
HS6ST2,1,7.78816199376947e-4,0,0.212056151940545,0.0015285736839340631,0,14,1,-2.8128579743601723,Down,38,0,0,0.4329424264770015,0.0015285735302436494,0,0.08689420000144903,degree+betweenness+closeness+eigenvector+MCC,912,FALSE
PTCH1,1,7.78816199376947e-4,0,0.212056151940545,0.0015285736839340627,0,14,1,-1.430670605070098,Down,38,0,0,0.4329424264770015,0.001528573530243649,0,0.08689420000144903,degree+betweenness+closeness+eigenvector+MCC,912,FALSE
ATP1A2,4,0.003115264797507788,0.0031128366877669405,0.19965790701290623,1.4140526489479278e-4,0.5,11,7,2.423420607476986,Up,143,0.025423728813559324,0.025369668437554584,0.3833821189473114,1.4140511099085842e-4,1.1259073032523303e-8,0.08686338651369784,degree+betweenness+closeness+eigenvector+MCC,914,FALSE
ATP1B3,4,0.003115264797507788,0.0031128366877669405,0.19965790701290623,1.4140526489478904e-4,0.5,11,7,-1.0265464375380402,Down,143,0.025423728813559324,0.025369668437554584,0.3833821189473114,1.4140511099085468e-4,1.1259073032523303e-8,0.08686338651369784,degree+betweenness+closeness+eigenvector+MCC,914,FALSE
H2BC4,7,0.005451713395638629,5.713308554776328e-4,0.1983930778739184,3.784532056882558e-4,0.5714285714285714,16,73.00000000000001,1.619306383965769,Up,78,0.05084745762711865,0.00465635554495147,0.3783261355023475,3.7845305182080926e-4,1.3510887639027964e-7,0.08684170736702296,degree+betweenness+closeness+eigenvector+MCC,916,FALSE
MNS1,2,0.001557632398753894,2.6109544722799377e-4,0.20959843290891284,4.096175519292062e-4,0,17,2,2.0795469563680604,Up,40,0.00847457627118644,0.0021279320411380243,0.423118026996255,4.0961739806655664e-4,1.876512172087217e-9,0.08682603091663163,degree+betweenness+closeness+eigenvector+MCC,917,FALSE
PKP1,7,0.005451713395638629,0.0017618455407030435,0.1959108941104669,3.024966523376898e-4,0.38095238095238093,18,21,-1.5464395755906866,Down,38,0.05084745762711865,0.014359069135067586,0.3684039415644278,3.024964984585516e-4,3.753024344174434e-8,0.0867826004710632,degree+betweenness+closeness+eigenvector+MCC,918,FALSE
COBL,1,7.78816199376947e-4,0,0.21170651277823577,0.0020293869141378767,0,6,1,-1.1309373335852193,Down,110,0,0,0.43154479120607375,0.002029386760524551,0,0.08671483559331966,degree+betweenness+closeness+eigenvector+MCC,919,FALSE
CRLF1,1,7.78816199376947e-4,0,0.21167161226508407,0.0019993263765620186,0,7,1,-1.5023597914467803,Down,154,0,0,0.43140528112421644,0.001999326222944066,0,0.0866809214694321,degree+betweenness+closeness+eigenvector+MCC,920,FALSE
RASSF8,1,7.78816199376947e-4,0,0.21104536489151873,0.003630986087751966,0,9,1,1.3108002317344551,Up,110,0,0,0.42890194193349196,0.0036309859343851675,0,0.08650658557357542,degree+betweenness+closeness+eigenvector+MCC,921,FALSE
SPARCL1,2,0.001557632398753894,6.117123479135072e-5,0.20935920430458177,0.0010296850718270437,0,13,2,2.095797913791605,Up,58,0.00847457627118644,4.985465349567231e-4,0.4221617430004359,0.0010296849180598383,1.876512172087217e-9,0.08643291052023021,degree+betweenness+closeness+eigenvector+MCC,922,FALSE
RASSF2,1,7.78816199376947e-4,0,0.21132323897300856,0.0018529096301644985,0,12,1,1.0654868773546022,Up,75,0,0,0.43001270599836905,0.0018529094765240084,0,0.0863731230949786,degree+betweenness+closeness+eigenvector+MCC,923,FALSE
SRD5A1,7,0.005451713395638629,5.560144095907137e-4,0.19784283513097073,2.6555061336196954e-4,0.38095238095238093,3,18,-1.4730095490596158,Down,50,0.05084745762711865,0.004531526267745914,0.37612661454469365,2.6555045947714435e-4,3.190070692548269e-8,0.08635423615994844,degree+betweenness+closeness+eigenvector+MCC,924,FALSE
SLIT3,3,0.002336448598130841,0.0016506322963137983,0.2039714058776807,7.076066273096351e-4,0,12,3,2.1571642457703257,Up,75,0.01694915254237288,0.013452679427214361,0.4006247473608401,7.076064734928536e-4,3.753024344174434e-9,0.08634683791138889,degree+betweenness+closeness+eigenvector+MCC,925,FALSE
DCDC1,2,0.001557632398753894,0,0.2092227472706534,0.0010122430545084309,1,16,2,-4.098100174791222,Down,78,0.00847457627118644,0,0.42161627445988437,0.0010122429007385406,1.876512172087217e-9,0.0862206191016643,degree+betweenness+closeness+eigenvector+MCC,926,FALSE
BHLHE41,6,0.004672897196261682,0.002336043913174033,0.19612036047044448,2.3948927199172145e-4,0.4,2,15,-1.708066664347335,Down,100,0.0423728813559322,0.019038794989051457,0.3692412550130815,2.3948911810288474e-4,2.6271170409221038e-8,0.0861784893494677,degree+betweenness+closeness+eigenvector+MCC,927,FALSE
LEPROT,1,7.78816199376947e-4,0,0.21097601051593823,0.0022092434629768067,0,7,1,3.2666512727354826,Up,154,0,0,0.4286247071956431,0.0022092433093911655,0,0.08616679010100685,degree+betweenness+closeness+eigenvector+MCC,928,FALSE
IL31RA,1,7.78816199376947e-4,0,0.21090670170827858,0.0019896150637641586,0,7,1,-1.1496544948740484,Down,154,0,0,0.42834765460939594,0.001989614910144711,0,0.08606745390390813,degree+betweenness+closeness+eigenvector+MCC,929,FALSE
FOLR2,2,0.001557632398753894,0,0.2078678970373968,0.004110886904407337,1,1,2,1.0117029000713265,Up,71,0.00847457627118644,0,0.4162004438637988,0.004110886751114407,1.876512172087217e-9,0.08575718175252237,degree+betweenness+closeness+eigenvector+MCC,930,FALSE
DLC1,2,0.001557632398753894,9.107159061709837e-5,0.20827250608272507,0.0013167453579647865,0,18,2,3.204573522086265,Up,38,0.00847457627118644,7.422349097581304e-4,0.4178178138087223,0.001316745204241767,1.876512172087217e-9,0.08567027441408416,degree+betweenness+closeness+eigenvector+MCC,931,FALSE
FOSL1,2,0.001557632398753894,0,0.20861088545897644,5.277529811066215e-4,1,11,2,-1.1353628853618387,Down,143,0.00847457627118644,0,0.41917043960750267,5.277528272621561e-4,1.876512172087217e-9,0.08563455411649268,degree+betweenness+closeness+eigenvector+MCC,932,FALSE
MYCL,1,7.78816199376947e-4,0,0.21059537477447926,8.454450904249915e-4,0,16,1,-1.120222059169265,Down,78,0,0,0.4271031672911164,8.45444936629427e-4,0,0.08558972244554916,degree+betweenness+closeness+eigenvector+MCC,933,FALSE
RFLNB,1,7.78816199376947e-4,0,0.2106299212598425,3.1843256397917494e-4,0,4,1,1.6371325401016437,Up,52,0,0,0.42724126219476327,3.184324101024897e-4,0,0.08551193892097315,degree+betweenness+closeness+eigenvector+MCC,934,FALSE
GIMAP1,6,0.004672897196261682,7.782091719417348e-4,0.19827053736874614,4.0440524585935706e-4,0.7333333333333333,2,121.99999999999997,1.9928002116742265,Up,100,0.0423728813559322,0.0063424171093886435,0.3778362964036181,4.044050919959052e-4,2.270579728225532e-7,0.08539124540378154,degree+betweenness+closeness+eigenvector+MCC,935,FALSE
GIMAP7,6,0.004672897196261682,7.782091719417348e-4,0.19827053736874614,4.044052458593517e-4,0.7333333333333333,2,121.99999999999997,3.390098323169589,Up,100,0.0423728813559322,0.0063424171093886435,0.3778362964036181,4.044050919958998e-4,2.270579728225532e-7,0.08539124540378154,degree+betweenness+closeness+eigenvector+MCC,935,FALSE
LPCAT2,5,0.003894080996884735,8.342031983466115e-4,0.2,2.5009493128533424e-4,0.3,5,7,2.329563138772203,Up,39,0.03389830508474576,0.006798769313780857,0.3847495894032566,2.5009477739813005e-4,1.1259073032523303e-8,0.08513935396765086,degree+betweenness+closeness+eigenvector+MCC,937,FALSE
ATXN7,3,0.002336448598130841,3.029513321535987e-4,0.20530860249440358,3.036348671648488e-4,0.3333333333333333,16,3,-1.08828770157972,Down,78,0.01694915254237288,0.0024690581679586354,0.40597001001206506,3.036347132858858e-4,3.753024344174434e-9,0.08513837183774135,degree+betweenness+closeness+eigenvector+MCC,938,FALSE
SV2A,2,0.001557632398753894,1.751630251925373e-4,0.2068632189463509,0.003438237464221631,0,10,2,1.5625249331774418,Up,46,0.00847457627118644,0.001427581436930945,0.4121843790537241,0.0034382373108251636,1.876512172087217e-9,0.08510495518983577,degree+betweenness+closeness+eigenvector+MCC,939,FALSE
CERS3,4,0.003115264797507788,0,0.20361560418648905,3.4430227226030664e-4,1,5,24.000000000000004,-1.1140982987894317,Down,39,0.025423728813559324,0,0.39920247821404076,3.443021183876034e-4,4.3159779958006e-8,0.08499411046115353,degree+betweenness+closeness+eigenvector+MCC,940,FALSE
CH25H,4,0.003115264797507788,0.00471537718498332,0.19392840960579974,4.0258056244210465e-4,0,3,4,1.3774162609120708,Up,50,0.025423728813559324,0.03843039893842092,0.36047922784102654,4.025804085783719e-4,5.629536516261651e-9,0.08494718832622433,degree+betweenness+closeness+eigenvector+MCC,941,FALSE
ID4,2,0.001557632398753894,0,0.2076326002587322,6.000721430446853e-4,1,16,2,2.301442169818861,Up,78,0.00847457627118644,0,0.4152598768093952,6.000719892113515e-4,1.876512172087217e-9,0.08486690538926103,degree+betweenness+closeness+eigenvector+MCC,942,FALSE
MICAL2,1,7.78816199376947e-4,0,0.20966688438928804,7.229644840248573e-4,0,12,1,-1.8222173699460908,Down,75,0,0,0.4233916525326158,7.229643302104398e-4,0,0.08482292337256525,degree+betweenness+closeness+eigenvector+MCC,943,FALSE
MAP3K20,1,7.78816199376947e-4,0,0.20953002610966057,4.5587435407250444e-4,0,11,1,1.397595246543311,Up,143,0,0,0.42284458006664105,4.55874200216975e-4,0,0.0846600908533716,degree+betweenness+closeness+eigenvector+MCC,944,FALSE
RAPH1,2,0.001557632398753894,1.2409326947288536e-4,0.20669671603348358,0.0012664659167922413,0,15,2,-1.4328065572374973,Down,44,0.00847457627118644,0.0010113621168213766,0.41151880617510656,0.0012664657630614825,1.876512172087217e-9,0.0844542424405376,degree+betweenness+closeness+eigenvector+MCC,945,FALSE
MECOM,3,0.002336448598130841,9.526739157550342e-4,0.2030681638462755,2.3749914579763778e-4,0,16,3,2.806601076681231,Up,78,0.01694915254237288,0.0077643075419899996,0.397014159482358,2.3749899190849473e-4,3.753024344174434e-9,0.08439302446233074,degree+betweenness+closeness+eigenvector+MCC,946,FALSE
ARL4A,2,0.001557632398753894,0.0028726885817259426,0.20115932946890178,6.5387648293529e-4,0,6,2,1.4094032470850646,Up,110,0.00847457627118644,0.023412457559737095,0.38938385218337945,6.538763291102382e-4,1.876512172087217e-9,0.08438495284398508,degree+betweenness+closeness+eigenvector+MCC,947,FALSE
RHOBTB1,3,0.002336448598130841,0.002907008701171737,0.19900805951642903,2.76706088115983e-4,0.3333333333333333,16,3,2.50386751799428,Up,78,0.01694915254237288,0.02369216707822831,0.3807844414566036,2.767059342328749e-4,3.753024344174434e-9,0.08434049415289241,degree+betweenness+closeness+eigenvector+MCC,948,FALSE
DENND2B,2,0.001557632398753894,1.5394677274568257e-4,0.20649726600192989,9.12461558210147e-4,0,2,2,1.1423319263838776,Up,100,0.00847457627118644,0.0012546686425722131,0.4107215316448566,9.12461404424898e-4,1.876512172087217e-9,0.08427264796791047,degree+betweenness+closeness+eigenvector+MCC,949,FALSE
MAB21L1,3,0.002336448598130841,1.6377732225554792e-4,0.2045237336731443,1.2988051883491315e-4,0.3333333333333333,11,3,-3.315433072005087,Down,143,0.01694915254237288,0.0013347877771880286,0.40283260303397245,1.2988036492920485e-4,3.753024344174434e-9,0.08424928549429739,degree+betweenness+closeness+eigenvector+MCC,950,FALSE
GIMAP6,6,0.004672897196261682,3.035137176059809e-6,0.19827053736874614,4.1585453667344506e-4,0.7333333333333333,2,121.99999999999997,3.1017605511037707,Up,100,0.0423728813559322,2.473641618326305e-5,0.3778362964036181,4.158543828117555e-4,2.270579728225532e-7,0.08412999912330363,degree+betweenness+closeness+eigenvector+MCC,951,FALSE
IL17D,2,0.001557632398753894,3.035137176059809e-7,0.2057033002242871,0.003584760160795682,0,7,2,1.0223343909293785,Up,154,0.00847457627118644,2.4736416183263045e-6,0.4075477608137685,0.0035847600074217683,1.876512172087217e-9,0.08392191452210143,degree+betweenness+closeness+eigenvector+MCC,952,FALSE
GFRA1,2,0.001557632398753894,1.63564952216131e-4,0.20573626021470917,6.181004645215767e-4,0,16,2,1.0330447832956375,Up,78,0.00847457627118644,0.0013330569579943167,0.40767951391842383,6.18100310691018e-4,1.876512172087217e-9,0.08362104986696156,degree+betweenness+closeness+eigenvector+MCC,953,FALSE
DUSP4,1,7.78816199376947e-4,0,0.20810372771474878,4.8506724854668984e-4,0,11,1,1.442376366181767,Up,143,0,0,0.417143145106008,4.8506709469565393e-4,0,0.08352564244014073,degree+betweenness+closeness+eigenvector+MCC,954,FALSE
ELK4,1,7.78816199376947e-4,0,0.20810372771474878,4.850672485466899e-4,0,11,1,-1.1143498792877509,Down,143,0,0,0.417143145106008,4.85067094695654e-4,0,0.08352564244014073,degree+betweenness+closeness+eigenvector+MCC,954,FALSE
RUNX1T1,3,0.002336448598130841,4.679467542143273e-4,0.2026835043409629,4.958636331549779e-4,0,16,3,2.3919241208857702,Up,78,0.01694915254237288,0.0038137734779024705,0.3954765351259451,4.958634793056038e-4,3.753024344174434e-9,0.08334706567571007,degree+betweenness+closeness+eigenvector+MCC,956,FALSE
FHIT,3,0.002336448598130841,0.0030594899937470663,0.19735628650476483,1.7742332442239646e-4,0,13,3,-1.0098697305968454,Down,58,0.01694915254237288,0.024934892034140125,0.37418170220559654,1.774231705240062e-4,3.753024344174434e-9,0.08324863474113157,degree+betweenness+closeness+eigenvector+MCC,957,FALSE
AMOTL1,4,0.003115264797507788,7.802377615232028e-4,0.19968895800933126,9.297141150814151e-4,0.3333333333333333,12,5,1.219343554834989,Up,75,0.025423728813559324,0.006358950146691876,0.3835062411066097,9.297139612988217e-4,7.506048688348868e-9,0.08324372830684168,degree+betweenness+closeness+eigenvector+MCC,958,FALSE
PLXDC1,1,7.78816199376947e-4,0,0.20736434108527133,0.0012854871102183862,0,9,1,1.4213661545288727,Up,110,0,0,0.4141875470391756,0.0012854869564905553,0,0.08309460679913323,degree+betweenness+closeness+eigenvector+MCC,959,FALSE
H2BC10,6,0.004672897196261682,3.7415375457965707e-4,0.19615032080659944,3.679500989599555e-4,0.8,16,72.00000000000001,1.656336311770704,Up,78,0.0423728813559322,0.003049359041434798,0.36936101740543614,3.679499450908922e-4,1.3323236421819244e-7,0.08303026819605164,degree+betweenness+closeness+eigenvector+MCC,960,FALSE
H2BC8,6,0.004672897196261682,3.7415375457965707e-4,0.19615032080659944,3.67950098959956e-4,0.8,16,72.00000000000001,1.631746785971651,Up,78,0.0423728813559322,0.003049359041434798,0.36936101740543614,3.679499450908927e-4,1.3323236421819244e-7,0.08303026819605164,degree+betweenness+closeness+eigenvector+MCC,960,FALSE
SRGN,2,0.001557632398753894,4.7278212220711133e-4,0.2041335453100159,0.0012215290721164344,0,16,2,3.114077069504823,Up,78,0.00847457627118644,0.0038531818038299373,0.40127287781608767,0.0012215289183787588,1.876512172087217e-9,0.082964433337199,degree+betweenness+closeness+eigenvector+MCC,962,FALSE
ENPP2,2,0.001557632398753894,0,0.20511182108626197,0.00115406880085544,1,11,2,3.5280110706075263,Up,143,0.00847457627118644,0,0.40518340294303684,0.0011540686471073803,1.876512172087217e-9,0.08296240994756857,degree+betweenness+closeness+eigenvector+MCC,963,FALSE
MAP1A,2,0.001557632398753894,0.0015886004378283854,0.20185505423675523,3.860397175013637e-4,0,2,2,1.2318342415878956,Up,100,0.00847457627118644,0.012947118795484215,0.3921649178626011,3.8603956363508486e-4,1.876512172087217e-9,0.0827945308738838,degree+betweenness+closeness+eigenvector+MCC,964,FALSE
TMPRSS3,3,0.002336448598130841,1.666965715468041e-4,0.20249172054880935,3.613493072601193e-4,0.3333333333333333,4,3,-1.3208750808638363,Down,52,0.01694915254237288,0.0013585797052698273,0.39470990535102013,3.6134915339004005e-4,3.753024344174434e-9,0.08267579810101544,degree+betweenness+closeness+eigenvector+MCC,965,FALSE
AGL,3,0.002336448598130841,5.441472092383285e-4,0.20169651272384542,2.823737397336925e-4,0.3333333333333333,2,3,-1.5447649254259463,Down,100,0.01694915254237288,0.00443480839642128,0.3915311696037232,2.823735858514568e-4,3.753024344174434e-9,0.08263950157627864,degree+betweenness+closeness+eigenvector+MCC,966,FALSE
ARRDC1,2,0.001557632398753894,8.521558608255799e-4,0.2030681638462755,7.118996120441729e-4,0,4,2,-1.1440102604610427,Down,52,0.00847457627118644,0.006945083798075079,0.397014159482358,7.118994582280523e-4,1.876512172087217e-9,0.08262914417727195,degree+betweenness+closeness+eigenvector+MCC,967,FALSE
LDLRAP1,1,7.78816199376947e-4,0,0.2068632189463509,7.875235907495385e-4,0,10,1,-1.0135548806963015,Down,46,0,0,0.4121843790537241,7.875234369450584e-4,0,0.08259438049813383,degree+betweenness+closeness+eigenvector+MCC,968,FALSE
CACHD1,1,7.78816199376947e-4,0,0.20692989524576955,1.8080648713343487e-4,0,11,1,1.7500284096251637,Up,143,0,0,0.41245090854426214,1.8080633323556538e-4,0,0.08252634297549954,degree+betweenness+closeness+eigenvector+MCC,969,FALSE
GIMAP4,5,0.003894080996884735,0,0.1982399258916165,4.034027840969509e-4,1,2,119.99999999999997,2.0976998199619112,Up,100,0.03389830508474576,0,0.37771393116326846,4.034026302333447e-4,2.2330494847837877e-7,0.08240317243663922,degree+betweenness+closeness+eigenvector+MCC,970,FALSE
GIMAP8,5,0.003894080996884735,0,0.1982399258916165,4.0340278409695037e-4,1,2,119.99999999999997,2.3275761940270767,Up,100,0.03389830508474576,0,0.37771393116326846,4.0340263023334416e-4,2.2330494847837877e-7,0.08240317243663922,degree+betweenness+closeness+eigenvector+MCC,970,FALSE
SCUBE2,2,0.001557632398753894,9.538679871093228e-5,0.20426344257079224,7.531105802807006e-4,0,2,2,1.35237820018315,Up,100,0.00847457627118644,7.774039242489461e-4,0.40179212455051766,7.531104264709234e-4,1.876512172087217e-9,0.08235944340978722,degree+betweenness+closeness+eigenvector+MCC,972,FALSE
CLMP,1,7.78816199376947e-4,0,0.20593424218123496,0.0021470537243007304,0,7,1,2.57447307196491,Up,154,0,0,0.4084709200572457,0.0021470535707055166,0,0.08212359472559025,degree+betweenness+closeness+eigenvector+MCC,973,FALSE
AK7,3,0.002336448598130841,0,0.20195029883611199,6.377707603196751e-4,1,11,6,-1.097840427765644,Down,143,0.01694915254237288,0,0.3925456452689568,6.377706064921442e-4,9.382560860436085e-9,0.082026515560076535,degree+betweenness+closeness+eigenvector+MCC,974,FALSE
E2F3,1,7.78816199376947e-4,0,0.2060333761232349,8.275374258199382e-4,0,16,1,1.2483890774849336,Up,78,0,0,0.4088671945848763,8.275372720216172e-4,0,0.08193894637137958,degree+betweenness+closeness+eigenvector+MCC,975,FALSE
BHLHE40,5,0.003894080996884735,7.784115144201392e-4,0.19609040928527796,2.3919244246225617e-4,0.6,2,14,-1.3431737159032189,Down,100,0.03389830508474576,0.006344066203800864,0.3691215292005657,2.3919228857337377e-4,2.439465823713382e-8,0.08192062343446879,degree+betweenness+closeness+eigenvector+MCC,976,FALSE
RIMKLB,2,0.001557632398753894,0.001557632398753894,0.20081326243353143,3.395049125475775e-4,0,2,2,1.4218333594524737,Up,100,0.00847457627118644,0.012694728785250596,0.3880004960068445,3.395047586741358e-4,1.876512172087217e-9,0.08190186153969356,degree+betweenness+closeness+eigenvector+MCC,977,FALSE
UPK1B,1,7.78816199376947e-4,0,0.20567035079288803,0.0016155928203384659,0,6,1,-2.3909184778204136,Down,110,0,0,0.4074160499173798,0.0016155926666614466,0,0.08180632851680825,degree+betweenness+closeness+eigenvector+MCC,978,FALSE
PLP1,2,0.001557632398753894,0.002334318578548536,0.19894638983576077,4.8583320405907115e-4,0,15,2,4.109106166042594,Up,44,0.00847457627118644,0.019024733484455117,0.3805379252474938,4.8583305020815314e-4,1.876512172087217e-9,0.08170461398597115,degree+betweenness+closeness+eigenvector+MCC,979,FALSE
GMFG,2,0.001557632398753894,1.0686595801438134e-5,0.2033254156769596,0.0012924972004267669,0,6,2,1.582261445482649,Up,110,0.00847457627118644,8.709592548626082e-5,0.39804248888830956,0.001292497046700015,1.876512172087217e-9,0.08157933200163889,degree+betweenness+closeness+eigenvector+MCC,980,FALSE
PANK1,2,0.001557632398753894,0.001557632398753894,0.20018709073900842,2.7025038934519983e-4,0,11,2,-1.2884911210317505,Down,143,0.00847457627118644,0.012694728785250596,0.38549745933285795,2.702502354610981e-4,1.876512172087217e-9,0.08138740330025365,degree+betweenness+closeness+eigenvector+MCC,981,FALSE
ADGRL4,1,7.78816199376947e-4,0,0.2050790608528989,0.0016319915977658166,0,6,1,4.070227668260934,Up,110,0,0,0.4050524483402125,0.0016319914440913216,0,0.08133688795686075,degree+betweenness+closeness+eigenvector+MCC,982,FALSE
TXNIP,2,0.001557632398753894,2.151850367995585e-4,0.20261953605807165,7.141758490426367e-4,0,4,2,2.030627178839973,Up,52,0.00847457627118644,0.0017537614670829502,0.39522083056528023,7.141756952268665e-4,1.876512172087217e-9,0.08123266917505773,degree+betweenness+closeness+eigenvector+MCC,983,FALSE
RNASE2,3,0.002336448598130841,0.0015809555062431503,0.1976905311778291,7.934534157890201e-4,0,10,3,1.7316979415053448,Up,46,0.01694915254237288,0.012884812481662034,0.375517800087507,7.934532619854527e-4,3.753024344174434e-9,0.08122904442531034,degree+betweenness+closeness+eigenvector+MCC,984,FALSE
MRPL33,3,0.002336448598130841,3.467304874863292e-4,0.2003120124804992,3.278930606519497e-4,0.6666666666666666,2,4,-1.5252749708552908,Down,100,0.01694915254237288,0.0028258589791391054,0.3859968171017649,3.2789290677672064e-4,5.629536516261651e-9,0.08121994543191803,degree+betweenness+closeness+eigenvector+MCC,985,FALSE
ESRP1,5,0.003894080996884735,0.0026198655874118647,0.19132767098793027,1.338700195788131e-4,0.2,15,5,-1.6746407955083624,Down,44,0.03389830508474576,0.02135194614121512,0.3500831269043031,1.3386986567371885e-4,7.506048688348868e-9,0.08109345110039727,degree+betweenness+closeness+eigenvector+MCC,986,FALSE
DTNA,5,0.003894080996884735,1.9663707629223695e-4,0.19606046724690793,5.400962264666709e-4,0.5,1,13,1.2875831923347114,Up,71,0.03389830508474576,0.0016025952944042391,0.36900183995113195,5.400960726241054e-4,2.2518146065046605e-8,0.08100857178421042,degree+betweenness+closeness+eigenvector+MCC,987,FALSE
FOXN2,1,7.78816199376947e-4,0,0.2048173552400702,5.927344376773422e-4,0,16,1,1.6290441046462796,Up,78,0,0,0.4040063155424063,5.92734283842879e-4,0,0.08091980996524983,degree+betweenness+closeness+eigenvector+MCC,988,FALSE
UNC5B,3,0.002336448598130841,0.0015901527854157733,0.19723502304147467,6.840382295373677e-4,0,12,3,-1.06711319586676,Down,75,0.01694915254237288,0.012959770452972908,0.37369696790910123,6.840380757169585e-4,3.753024344174434e-9,0.08085798654663767,degree+betweenness+closeness+eigenvector+MCC,989,FALSE
PTBP3,1,7.78816199376947e-4,0,0.204654128147912,4.665584457404895e-4,0,4,1,-1.303582951484881,Down,52,0,0,0.4033538373140965,4.6655829188660457e-4,0,0.08076407912119662,degree+betweenness+closeness+eigenvector+MCC,990,FALSE
ARAP3,1,7.78816199376947e-4,0,0.2043935052531041,8.895961956187995e-4,0,1,1,1.0546753259937365,Up,71,0,0,0.40231203253516656,8.89596041830031e-4,0,0.08064032571539932,degree+betweenness+closeness+eigenvector+MCC,991,FALSE
ARHGAP27,1,7.78816199376947e-4,0,0.2043935052531041,8.895961956187983e-4,0,1,1,-1.629766108139174,Down,71,0,0,0.40231203253516656,8.895960418300298e-4,0,0.08064032571539932,degree+betweenness+closeness+eigenvector+MCC,991,FALSE
CNTN4,4,0.003115264797507788,0.0017242097014085842,0.19422175162607774,2.737204213261551e-4,0.3333333333333333,13,5,-3.68621712226523,Down,58,0.025423728813559324,0.01405233644715569,0.36165182289953757,2.737202674425875e-4,7.506048688348868e-9,0.08028032318674877,degree+betweenness+closeness+eigenvector+MCC,993,FALSE
CELSR1,4,0.003115264797507788,0.0011559692457486428,0.19522578683290254,2.9610633716911985e-4,0.5,14,7,-1.0264987483606482,Down,38,0.025423728813559324,0.009421167709794358,0.3656653178668732,2.96106183288998e-4,1.1259073032523303e-8,0.08016126636651777,degree+betweenness+closeness+eigenvector+MCC,994,FALSE
ERCC6,2,0.001557632398753894,1.419534946729761e-4,0.2013485965187392,2.5436266900729276e-4,0,16,2,-1.2482498592503486,Down,78,0.00847457627118644,0.00115692323582483,0.3901404216212254,2.543625151207455e-4,1.876512172087217e-9,0.08000525710397391,degree+betweenness+closeness+eigenvector+MCC,995,FALSE
RBP4,2,0.001557632398753894,1.5330105911748505e-5,0.2013485965187392,4.040095054844045e-4,0,3,2,1.9488453630325395,Up,50,0.00847457627118644,1.2494060662483864e-4,0.3901404216212254,4.040093516208917e-4,1.876512172087217e-9,0.07982878994543395,degree+betweenness+closeness+eigenvector+MCC,996,FALSE
AASS,2,0.001557632398753894,3.2908393745943433e-4,0.20053100109323754,3.1848992504299054e-4,0,2,2,1.5959279559004056,Up,100,0.00847457627118644,0.0026820393161903883,0.38687219446817084,3.1848977116631405e-4,1.876512172087217e-9,0.07966946034064523,degree+betweenness+closeness+eigenvector+MCC,997,FALSE
GCNT2,3,0.002336448598130841,0.010852436486719453,0.17688386830141892,8.96910001393963e-5,0.3333333333333333,13,3,1.4004769406848032,Up,58,0.01694915254237288,0.08844752970487535,0.2923459788466871,8.969084622750179e-5,3.753024344174434e-9,0.07956647113863743,degree+betweenness+closeness+eigenvector+MCC,998,FALSE
ALOX5AP,4,0.003115264797507788,1.9915969356315845e-4,0.19606046724690793,5.938293571614534e-4,0.3333333333333333,5,5,1.3991161786690671,Up,39,0.025423728813559324,0.0016231546652217418,0.36900183995113195,5.938292033271587e-4,7.506048688348868e-9,0.07932851202785778,degree+betweenness+closeness+eigenvector+MCC,999,FALSE
CDC42EP5,3,0.002336448598130841,0.004665612867039139,0.18896247240618103,8.693644972569669e-5,0.3333333333333333,4,3,1.7526954139790378,Up,52,0.01694915254237288,0.03802481895691196,0.3406285654107673,8.693629581337818e-5,3.753024344174434e-9,0.07913789539177797,degree+betweenness+closeness+eigenvector+MCC,1000,FALSE
YOD1,1,7.78816199376947e-4,0,0.2025556081400852,7.097920480044e-4,0,4,1,-1.1063646694934413,Down,52,0,0,0.39496528735786396,7.09791894187955e-4,0,0.07913501585041038,degree+betweenness+closeness+eigenvector+MCC,1001,FALSE
ID3,1,7.78816199376947e-4,0,0.20258756705585357,3.893154026203148e-4,0,16,1,1.7196194696813816,Up,78,0,0,0.3950930388019627,3.893152487545402e-4,0,0.07909647081014345,degree+betweenness+closeness+eigenvector+MCC,1002,FALSE
GJB3,4,0.003115264797507788,6.953468520330551e-5,0.1959108941104669,2.2693771600678075e-4,0.6666666666666666,4,8,-1.1477183822502663,Down,52,0.025423728813559324,5.667087886268419e-4,0.3684039415644278,2.2693756211601202e-4,1.3135585204610519e-8,0.07892426597286303,degree+betweenness+closeness+eigenvector+MCC,1003,FALSE
GJB6,4,0.003115264797507788,6.953468520330551e-5,0.1959108941104669,2.2669017066115541e-4,0.6666666666666666,4,8,-2.356940837417987,Down,52,0.025423728813559324,5.667087886268419e-4,0.3684039415644278,2.266900167703486e-4,1.3135585204610519e-8,0.07892421646379391,degree+betweenness+closeness+eigenvector+MCC,1004,FALSE
PRICKLE1,4,0.003115264797507788,1.0775619882739201e-4,0.19525547445255476,2.995824762565393e-4,0.5,14,7,1.9691490736917103,Up,38,0.025423728813559324,8.782147316257858e-4,0.36578399011188656,2.995823223769525e-4,1.1259073032523303e-8,0.07847710544770434,degree+betweenness+closeness+eigenvector+MCC,1005,FALSE
GRP,1,7.78816199376947e-4,0,0.20153822005964528,8.076131611245138e-4,0,18,1,1.9648826740372884,Up,38,0,0,0.39089841608391135,8.076130073231259e-4,0,0.0783412058182469,degree+betweenness+closeness+eigenvector+MCC,1006,FALSE
KCNJ13,2,0.001557632398753894,0,0.1994098462494176,1.310878344688837e-4,1,11,2,2.01144563149636,Up,143,0.00847457627118644,0,0.3823905295896,1.3108768056336123e-4,1.876512172087217e-9,0.07819923908357239,degree+betweenness+closeness+eigenvector+MCC,1007,FALSE
SERPINB5,1,7.78816199376947e-4,0,0.20147497254040483,2.2020052147470834e-4,0,4,1,-2.2698604050730955,Down,52,0,0,0.39064559267847443,2.202003675829026e-4,0,0.07817315860921147,degree+betweenness+closeness+eigenvector+MCC,1008,FALSE
RPS27,6,0.004672897196261682,9.183850233782201e-4,0.18887908208296558,1.842137182948467e-4,0.4666666666666667,2,19,1.0689437714734638,Up,100,0.0423728813559322,0.007484852524606866,0.3402952238702768,1.8421356439750165e-4,3.37772190975699e-8,0.07806744101848648,degree+betweenness+closeness+eigenvector+MCC,1009,FALSE
KCNJ8,3,0.002336448598130841,0.0017592290677301775,0.1935483870967742,6.179592045334524e-5,0.3333333333333333,11,3,1.6872845987527263,Up,143,0.01694915254237288,0.014337744838788795,0.3589601392502273,6.179576653715696e-5,3.753024344174434e-9,0.0780617672301901,degree+betweenness+closeness+eigenvector+MCC,1010,FALSE
TNS2,2,0.001557632398753894,7.579473754377578e-5,0.19885395694595012,8.712680834717379e-4,0,18,2,1.56064184565707,Up,38,0.00847457627118644,6.177283146121251e-4,0.3801684372698316,8.712679296801482e-4,1.876512172087217e-9,0.0780264023323645,degree+betweenness+closeness+eigenvector+MCC,1011,FALSE
PLA2G5,3,0.002336448598130841,3.2072373721838527e-4,0.19597069597069597,4.174721695719718e-4,0.3333333333333333,5,3,1.2412320100488694,Up,39,0.01694915254237288,0.0026139035514647644,0.36864299141391044,4.1747201571053124e-4,3.753024344174434e-9,0.07772470465529659,degree+betweenness+closeness+eigenvector+MCC,1012,FALSE
LDB3,4,0.003115264797507788,0.0031710795933396403,0.18804920913884007,2.5381076281684234e-4,0,1,4,1.5739329091952143,Up,71,0.025423728813559324,0.02584434904287705,0.33697791899676655,2.538106089302101e-4,5.629536516261651e-9,0.07769996261833392,degree+betweenness+closeness+eigenvector+MCC,1013,FALSE
OCA2,3,0.002336448598130841,0.007763880896360992,0.18061612041074693,1.244615931123056e-4,0.3333333333333333,15,3,1.4706615620053238,Up,44,0.01694915254237288,0.06327575259678687,0.30726515195515536,1.2446143920576318e-4,3.753024344174434e-9,0.07752290445730904,degree+betweenness+closeness+eigenvector+MCC,1014,FALSE
PLA2G2A,3,0.002336448598130841,1.1161636853672906e-4,0.19597069597069597,4.297472893937075e-4,0.3333333333333333,5,3,3.645612802852588,Up,39,0.01694915254237288,9.096751760568828e-4,0.36864299141391044,4.297471355341564e-4,3.753024344174434e-9,0.07738631400417975,degree+betweenness+closeness+eigenvector+MCC,1015,FALSE
BCL2L13,1,7.78816199376947e-4,0,0.20040580614952397,3.847948550696418e-4,0,2,1,-1.4450473250961495,Down,100,0,0,0.3863717446103224,3.8479470120317136e-4,0,0.07735130786230512,degree+betweenness+closeness+eigenvector+MCC,1016,FALSE
CNRIP1,1,7.78816199376947e-4,0,0.20024953212726138,4.680680832056043e-4,0,11,1,2.5353855005901673,Up,143,0,0,0.38574706033868245,4.6806792935195175e-4,0,0.07724302565360688,degree+betweenness+closeness+eigenvector+MCC,1017,FALSE
GIMAP1-GIMAP5,2,0.001557632398753894,0,0.1981175744483876,3.5996837291479475e-4,1,2,2,1.7003259918403444,Up,100,0.00847457627118644,0,0.37722484781409155,3.599682190445029e-4,1.876512172087217e-9,0.07721187883616693,degree+betweenness+closeness+eigenvector+MCC,1018,FALSE
RORB,3,0.002336448598130841,0,0.19600061059380247,1.5696723836260447e-4,1,2,6,2.724509018081897,Up,100,0.01694915254237288,0,0.3687625710745355,1.569670844610655e-4,9.382560860436085e-9,0.07717374001678605,degree+betweenness+closeness+eigenvector+MCC,1019,FALSE
NMRK1,1,7.78816199376947e-4,0,0.20012468827930174,2.6990343196240914e-4,0,11,1,-1.5658587933888946,Down,143,0,0,0.38524801393863306,2.69903278078254e-4,0,0.07710358344334226,degree+betweenness+closeness+eigenvector+MCC,1020,FALSE
RFK,1,7.78816199376947e-4,0,0.20012468827930174,2.6990343196240795e-4,0,11,1,-1.3330644576679855,Down,143,0,0,0.38524801393863306,2.699032780782528e-4,0,0.07710358344334226,degree+betweenness+closeness+eigenvector+MCC,1020,FALSE
PERP,4,0.003115264797507788,8.443675580072432e-4,0.19207180254300674,1.3399356920268225e-4,0.5,18,7,-1.0652601360820873,Down,38,0.025423728813559324,0.006881609006426367,0.35305769216957894,1.3399341529760704e-4,1.1259073032523303e-8,0.07709940693278705,degree+betweenness+closeness+eigenvector+MCC,1022,FALSE
TRPM6,2,0.001557632398753894,0.001557632398753894,0.19469294920394237,7.48281417575918e-5,0,17,2,-1.0114622028770448,Down,40,0.00847457627118644,0.012694728785250596,0.3635353714987556,7.482798784340951e-5,1.876512172087217e-9,0.07695590128390964,degree+betweenness+closeness+eigenvector+MCC,1023,FALSE
SLC16A2,2,0.001557632398753894,8.165773442469575e-5,0.1974473320006151,2.4476027778181936e-4,0,2,2,1.120239091533561,Up,100,0.00847457627118644,6.655118322967806e-4,0.3745456442635142,2.4476012389379405e-4,1.876512172087217e-9,0.07678609887348067,degree+betweenness+closeness+eigenvector+MCC,1024,FALSE
HSD11B1,3,0.002336448598130841,7.895548152695228e-5,0.1951367781155015,2.1537781736925105e-4,0.6666666666666666,3,4,1.6682937154704351,Up,50,0.01694915254237288,6.434884282680417e-4,0.3653095175553804,2.1537766347670296e-4,5.629536516261651e-9,0.0766235083638069,degree+betweenness+closeness+eigenvector+MCC,1025,FALSE
HSD17B2,6,0.004672897196261682,7.207937963872126e-5,0.18854625550660792,1.3161058739873116e-4,0.7333333333333333,3,36,-1.1735613177964934,Down,50,0.0423728813559322,5.874480886855608e-4,0.338964794638187,1.3161043349328914e-4,6.56779260230526e-8,0.07641136003884483,degree+betweenness+closeness+eigenvector+MCC,1026,FALSE
DSC3,4,0.003115264797507788,6.454481279961685e-5,0.19259037048147593,1.5571542819480178e-4,0.8333333333333334,18,12,-1.3880514498764978,Down,38,0.025423728813559324,5.260412492969524e-4,0.355130597379596,1.5571527429307012e-4,2.0641633892959387e-8,0.07624722067167586,degree+betweenness+closeness+eigenvector+MCC,1027,FALSE
SHPK,1,7.78816199376947e-4,0,0.19888475836431227,1.2318940064199658e-4,0,11,1,-1.3220836071240667,Down,143,0,0,0.3802915617745731,1.2318924673525834e-4,0,0.07608295020426167,degree+betweenness+closeness+eigenvector+MCC,1028,FALSE
SULT1E1,6,0.004672897196261682,2.459999363742693e-4,0.18736319859915365,1.1498669476935607e-4,0.4666666666666667,3,16,2.2185309618313926,Up,50,0.0423728813559322,0.0020049033879614817,0.33423568463102377,1.1498654086135523e-4,2.8147682581308256e-8,0.07574569681269228,degree+betweenness+closeness+eigenvector+MCC,1029,FALSE
HEPH,2,0.001557632398753894,0,0.1954635408738012,6.132194840520207e-4,1,1,2,1.7819629203588798,Up,71,0.00847457627118644,0,0.36661570749477096,6.132193302207107e-4,1.876512172087217e-9,0.07514070099453805,degree+betweenness+closeness+eigenvector+MCC,1030,FALSE
KCNE4,3,0.002336448598130841,1.2566803856536025e-4,0.19319891664158892,7.039125983300132e-5,0.3333333333333333,11,3,3.380926900540893,Up,143,0.01694915254237288,0.0010241965099325862,0.357563178363214,7.039110591813609e-5,3.753024344174434e-9,0.07512138445489239,degree+betweenness+closeness+eigenvector+MCC,1031,FALSE
PLA2G4C,3,0.002336448598130841,2.240417365436288e-4,0.1924172036565263,4.2390923353389457e-4,0.3333333333333333,5,3,1.2480540032540386,Up,39,0.01694915254237288,0.001825943710642674,0.35443838641356545,4.2390907967344485e-4,3.753024344174434e-9,0.07472747909985575,degree+betweenness+closeness+eigenvector+MCC,1032,FALSE
RPGR,2,0.001557632398753894,2.743895083195625e-5,0.19489981785063754,1.388898051707401e-4,0,11,2,1.081904316565068,Up,143,0.00847457627118644,2.2362788501457395e-4,0.3643623009398419,1.3888965126641854e-4,1.876512172087217e-9,0.0746398793247643,degree+betweenness+closeness+eigenvector+MCC,1033,FALSE
MMRN2,2,0.001557632398753894,0.001557632398753894,0.19167039856695028,4.263298368084712e-4,0,12,2,1.624193052003827,Up,75,0.00847457627118644,0.012694728785250596,0.3514531340556599,4.2632968294839405e-4,1.876512172087217e-9,0.0746097541343115,degree+betweenness+closeness+eigenvector+MCC,1034,FALSE
H2AJ,5,0.003894080996884735,1.4077943614015855e-4,0.18810430706123646,1.2827715311801308e-4,0.7,16,26.000000000000004,1.3337660197292118,Up,78,0.03389830508474576,0.0011473546401381638,0.337198165490859,1.2827699921205796e-4,4.691280430218043e-8,0.07447442982555187,degree+betweenness+closeness+eigenvector+MCC,1035,FALSE
ABAT,2,0.001557632398753894,5.199113595153983e-6,0.19451598242690502,1.5079233952609484e-4,0,3,2,-1.4055301928079622,Down,50,0.00847457627118644,4.237285836310933e-5,0.3628279707381078,1.507921856236054e-4,1.876512172087217e-9,0.07429914278595862,degree+betweenness+closeness+eigenvector+MCC,1036,FALSE
MAP1LC3C,4,0.003115264797507788,0.003185264132088956,0.18369098712446352,3.474293135848565e-5,0,12,4,1.7671885531329772,Up,75,0.025423728813559324,0.025959953258936304,0.3195565158404488,3.4742777438133226e-5,5.629536516261651e-9,0.07419498926398381,degree+betweenness+closeness+eigenvector+MCC,1037,FALSE
SYNPO,2,0.001557632398753894,5.961795676798731e-4,0.19282174500675778,5.281281202416196e-4,0,3,2,1.4127840543878607,Up,50,0.00847457627118644,0.004858872944000531,0.35605548575649376,5.281279663972118e-4,1.876512172087217e-9,0.07398341296291802,degree+betweenness+closeness+eigenvector+MCC,1038,FALSE
RHOJ,4,0.003115264797507788,0.0016249533352959108,0.18630295995356935,1.8848302892816087e-4,0,4,4,2.6602827785756427,Up,52,0.025423728813559324,0.013243395487133316,0.329997524017429,1.88482875031473e-4,5.629536516261651e-9,0.07377062736453792,degree+betweenness+closeness+eigenvector+MCC,1039,FALSE
BHMT2,3,0.002336448598130841,0,0.19164179104477613,4.2162772079896815e-5,1,5,6,1.7369872590530306,Up,39,0.01694915254237288,0,0.35133877935425756,4.216261816068649e-5,9.382560860436085e-9,0.0736660207794704,degree+betweenness+closeness+eigenvector+MCC,1040,FALSE
MAT1A,3,0.002336448598130841,0,0.19164179104477613,4.216277207989257e-5,1,5,6,-1.553722364285724,Down,39,0.01694915254237288,0,0.35133877935425756,4.216261816068224e-5,9.382560860436085e-9,0.0736660207794704,degree+betweenness+closeness+eigenvector+MCC,1040,FALSE
GLRB,1,7.78816199376947e-4,0,0.19531487678734408,6.096100773681591e-5,0,11,1,1.0547182511881008,Up,143,0,0,0.3660214429124501,6.096085382049912e-5,0,0.07321648075325413,degree+betweenness+closeness+eigenvector+MCC,1042,FALSE
KLF15,1,7.78816199376947e-4,0,0.19501822600243013,2.8928814914201375e-4,0,12,1,1.3443022705160708,Up,75,0,0,0.3648356215147388,2.892879952608424e-4,0,0.07302498190199994,degree+betweenness+closeness+eigenvector+MCC,1043,FALSE
RNASE4,1,7.78816199376947e-4,0,0.19484066767830047,7.483641795474922e-4,0,10,1,2.4168247445631437,Up,46,0,0,0.36412585612458226,7.483640257369844e-4,0,0.07297484403006385,degree+betweenness+closeness+eigenvector+MCC,1044,FALSE
COTL1,2,0.001557632398753894,0,0.19270598829356145,4.268745724950137e-4,1,5,2,1.5696409716079192,Up,39,0.00847457627118644,0,0.3555927639488412,4.268744186350204e-4,1.876512172087217e-9,0.07289884330303496,degree+betweenness+closeness+eigenvector+MCC,1045,FALSE
CYSLTR1,2,0.001557632398753894,0,0.19270598829356145,4.2687457249501206e-4,1,5,2,1.8157510515741375,Up,39,0.00847457627118644,0,0.3555927639488412,4.268744186350188e-4,1.876512172087217e-9,0.07289884330303496,degree+betweenness+closeness+eigenvector+MCC,1045,FALSE
ORAI2,1,7.78816199376947e-4,0,0.19463392451114142,7.473207463892105e-5,0,17,1,1.1475168228381385,Up,40,0,0,0.36329942827097345,7.473192072472397e-5,0,0.07267483203833963,degree+betweenness+closeness+eigenvector+MCC,1047,FALSE
PIEZO1,1,7.78816199376947e-4,0,0.19463392451114142,7.473207463892109e-5,0,17,1,1.321979581344645,Up,40,0,0,0.36329942827097345,7.473192072472402e-5,0,0.07267483203833963,degree+betweenness+closeness+eigenvector+MCC,1047,FALSE
OLFML3,2,0.001557632398753894,0,0.19198564593301434,0.0013089276968363591,1,1,2,2.3320602937072348,Up,71,0.00847457627118644,0,0.3527132927717722,0.0013089275431121363,1.876512172087217e-9,0.07249935969251659,degree+betweenness+closeness+eigenvector+MCC,1049,FALSE
PLPPR4,1,7.78816199376947e-4,0,0.1943393370667474,2.5534274270163786e-4,0,11,1,2.172078927994882,Up,143,0,0,0.36212185479797265,2.5534258881524145e-4,0,0.07247543947735759,degree+betweenness+closeness+eigenvector+MCC,1050,FALSE
DSC1,3,0.002336448598130841,0,0.19008142116950408,1.509143491300612e-4,1,18,6,-2.3069513626381593,Down,38,0.01694915254237288,0,0.3451014117808719,1.5091419522759054e-4,9.382560860436085e-9,0.07244029758020665,degree+betweenness+closeness+eigenvector+MCC,1051,FALSE
TAGAP,1,7.78816199376947e-4,0,0.19428052655469813,2.764895901740385e-4,0,11,1,1.6067252813378388,Up,143,0,0,0.3618867677287826,2.764894362908971e-4,0,0.0724326514330147,degree+betweenness+closeness+eigenvector+MCC,1052,FALSE
GLDN,2,0.001557632398753894,0,0.19201435621354868,2.1972877632370918e-4,1,13,2,2.6437480256838457,Up,58,0.00847457627118644,0,0.3528280582358238,2.1972862243183083e-4,1.876512172087217e-9,0.07230447300119085,degree+betweenness+closeness+eigenvector+MCC,1053,FALSE
CYP27C1,6,0.004672897196261682,5.513650296558452e-6,0.18311466058185966,2.5782813485915237e-4,0.4666666666666667,3,16,-1.6663211015724544,Down,50,0.0423728813559322,4.4936337474439735e-5,0.31725272842088453,2.578279809731385e-4,2.8147682581308256e-8,0.07198568044858937,degree+betweenness+closeness+eigenvector+MCC,1054,FALSE
RPL22,6,0.004672897196261682,5.157767213726244e-4,0.18199858256555634,5.453318166159129e-5,0.4666666666666667,2,19,1.1212307866870344,Up,100,0.0423728813559322,0.004203588469788731,0.3127913574737909,5.453302774428509e-5,3.37772190975699e-8,0.07188447882089503,degree+betweenness+closeness+eigenvector+MCC,1055,FALSE
ULBP2,2,0.001557632398753894,9.616323074002102e-6,0.19135618479880775,4.1269367581711126e-4,0,12,2,-1.7755743850629209,Down,75,0.00847457627118644,7.837318576158616e-5,0.35019710700746925,4.1269352195493517e-4,1.876512172087217e-9,0.07183255037257688,degree+betweenness+closeness+eigenvector+MCC,1056,FALSE
CPE,4,0.003115264797507788,0.0038239444929399034,0.17937971500419111,1.047562573739194e-4,0,8,4,3.5479693770334615,Up,29,0.025423728813559324,0.03116520834219925,0.30232278853695277,1.0475610346434382e-4,5.629536516261651e-9,0.07180329748514244,degree+betweenness+closeness+eigenvector+MCC,1057,FALSE
GJB4,3,0.002336448598130841,6.070274352119618e-7,0.1892688679245283,2.0732810753038708e-4,0.6666666666666666,4,4,-1.0946387600117653,Down,52,0.01694915254237288,4.947283236652609e-6,0.3418533400626342,2.0732795363659993e-4,5.629536516261651e-9,0.07180295469428336,degree+betweenness+closeness+eigenvector+MCC,1058,FALSE
SHOX,2,0.001557632398753894,1.1846253515416873e-4,0.19112831199761834,1.1184804170716968e-4,0,3,2,1.0201634439469265,Up,50,0.00847457627118644,9.654715427070381e-4,0.34928621629910594,1.1184788779868571e-4,1.876512172087217e-9,0.07176762277546204,degree+betweenness+closeness+eigenvector+MCC,1059,FALSE
TNNT1,2,0.001557632398753894,0,0.19087260294336256,7.761024039695694e-4,1,8,2,-1.6225450987005248,Down,29,0.00847457627118644,0,0.34826405393330273,7.761022501633312e-4,1.876512172087217e-9,0.07150294686623293,degree+betweenness+closeness+eigenvector+MCC,1060,FALSE
FEZ1,1,7.78816199376947e-4,0,0.1931407942238267,9.40943188823478e-5,0,10,1,2.344353183933875,Up,46,0,0,0.35733084185788794,9.409416497113107e-5,0,0.07148498720457182,degree+betweenness+closeness+eigenvector+MCC,1061,FALSE
KDM1B,3,0.002336448598130841,0.0016553197977269012,0.18533487297921478,4.435459904843556e-5,0,16,3,-1.0639104969103492,Down,78,0.01694915254237288,0.013490882638169286,0.3261277272482473,4.435444512956262e-5,3.753024344174434e-9,0.07132242412538867,degree+betweenness+closeness+eigenvector+MCC,1062,FALSE
HSD17B8,5,0.003894080996884735,5.518733810720599e-5,0.18427095292766935,1.1795508419837739e-4,0.7,3,18,-1.3599590605620993,Down,50,0.03389830508474576,4.4977768195588103e-4,0.32187485071214567,1.1795493029083345e-4,3.190070692548269e-8,0.07126818406196901,degree+betweenness+closeness+eigenvector+MCC,1063,FALSE
CYB5R3,1,7.78816199376947e-4,0,0.19250374812593704,2.0291117995608786e-4,0,12,1,1.5604288131678956,Up,75,0,0,0.35478433622694827,2.0291102606162083e-4,0,0.07099744945060198,degree+betweenness+closeness+eigenvector+MCC,1064,FALSE
SLC23A2,1,7.78816199376947e-4,0,0.19250374812593704,2.0291117995608916e-4,0,12,1,-1.2389008081621231,Down,75,0,0,0.35478433622694827,2.0291102606162214e-4,0,0.07099744945060198,degree+betweenness+closeness+eigenvector+MCC,1064,FALSE
NPTX2,1,7.78816199376947e-4,0,0.19230193200539164,1.2670097097802348e-4,0,13,1,2.6840610332734074,Up,58,0,0,0.35397760357591135,1.2670081707182574e-4,0,0.07082086087859664,degree+betweenness+closeness+eigenvector+MCC,1066,FALSE
BCHE,1,7.78816199376947e-4,0,0.19230193200539164,1.184824724757952e-4,0,3,1,1.4796183762697392,Up,50,0,0,0.35397760357591135,1.1848231856833245e-4,0,0.07081921717889593,degree+betweenness+closeness+eigenvector+MCC,1067,FALSE
HNMT,1,7.78816199376947e-4,0,0.19230193200539164,1.1848247247579535e-4,0,3,1,3.23400606262934,Up,50,0,0,0.35397760357591135,1.184823185683326e-4,0,0.07081921717889593,degree+betweenness+closeness+eigenvector+MCC,1067,FALSE
ABCB1,1,7.78816199376947e-4,0,0.19192825112107623,9.283775367638238e-4,0,1,1,1.693982069689436,Up,71,0,0,0.35248386477233656,9.283773829810247e-4,0,0.07068244843106351,degree+betweenness+closeness+eigenvector+MCC,1069,FALSE
P2RY14,1,7.78816199376947e-4,0,0.19192825112107623,9.283775367638262e-4,0,1,1,3.378371462089858,Up,71,0,0,0.35248386477233656,9.283773829810271e-4,0,0.07068244843106351,degree+betweenness+closeness+eigenvector+MCC,1069,FALSE
EPB41L2,2,0.001557632398753894,0,0.18980044345898003,1.2170616374397536e-4,1,13,2,2.5392700935235704,Up,58,0.00847457627118644,0,0.3439782413786227,1.217060098370088e-4,1.876512172087217e-9,0.07051490510723166,degree+betweenness+closeness+eigenvector+MCC,1071,FALSE
ODC1,3,0.002336448598130841,5.82582687521906e-4,0.1864652918966018,1.548622310195797e-4,0,2,3,-1.4794459232498005,Down,100,0.01694915254237288,0.004748058154792862,0.3306464240081563,1.5486207711771672e-4,3.753024344174434e-9,0.07049970010709282,degree+betweenness+closeness+eigenvector+MCC,1072,FALSE
CLIC4,3,0.002336448598130841,0.001557632398753894,0.18424451140766251,1.2931566081324838e-4,0.3333333333333333,19,3,3.742667033467103,Up,4,0.01694915254237288,0.012694728785250596,0.32176915431150677,1.2931550690745312e-4,3.753024344174434e-9,0.07030847097981241,degree+betweenness+closeness+eigenvector+MCC,1073,FALSE
DOCK11,2,0.001557632398753894,1.0149483924008094e-4,0.18912947414935927,9.046689234777e-5,0,4,2,2.702608094916573,Up,52,0.00847457627118644,8.271845515579907e-4,0.34129613229609773,9.046673843599493e-5,1.876512172087217e-9,0.07013767234675806,degree+betweenness+closeness+eigenvector+MCC,1074,FALSE
ESRP2,2,0.001557632398753894,0,0.18932468298437038,1.2806670857216877e-4,1,15,2,-1.4738719517845844,Down,44,0.00847457627118644,0,0.34207645321669,1.2806655466618126e-4,1.876512172087217e-9,0.07013581958381096,degree+betweenness+closeness+eigenvector+MCC,1075,FALSE
GJC1,2,0.001557632398753894,0,0.189240972733972,2.0017180605886036e-4,1,4,2,2.687863586753278,Up,52,0.00847457627118644,0,0.34174183281054826,2.001716521639717e-4,1.876512172087217e-9,0.07008331652208216,degree+betweenness+closeness+eigenvector+MCC,1076,FALSE
GJA3,2,0.001557632398753894,0,0.189240972733972,1.9947805040700022e-4,1,4,2,-1.0435110643020202,Down,52,0.00847457627118644,0,0.34174183281054826,1.9947789651200476e-4,1.876512172087217e-9,0.07008317777095177,degree+betweenness+closeness+eigenvector+MCC,1077,FALSE
BAIAP2L1,2,0.001557632398753894,0,0.189240972733972,1.1213205526810246e-4,1,15,2,-1.551891051475014,Down,44,0.00847457627118644,0,0.34174183281054826,1.121319013596622e-4,1.876512172087217e-9,0.0700657085719213,degree+betweenness+closeness+eigenvector+MCC,1078,FALSE
CDC42EP3,2,0.001557632398753894,0,0.18887908208296558,8.682841060267349e-5,1,4,2,1.5698109148924375,Up,52,0.00847457627118644,0,0.3402952238702768,8.682825669033835e-5,1.876512172087217e-9,0.06977132605493314,degree+betweenness+closeness+eigenvector+MCC,1079,FALSE
PTPRK,1,7.78816199376947e-4,0,0.190815871600535,3.42765530242736e-4,0,14,1,1.479695304929132,Up,38,0,0,0.3480372780619181,3.4276537636979614e-4,0,0.06967600868765758,degree+betweenness+closeness+eigenvector+MCC,1080,FALSE
ANKRD6,3,0.002336448598130841,4.0440540075518705e-4,0.1856832971800434,1.1523035691967806e-4,0,14,3,1.0319180433989388,Up,38,0.01694915254237288,0.0032959104381654683,0.32752050587495096,1.1523020301171472e-4,3.753024344174434e-9,0.06957616056230508,degree+betweenness+closeness+eigenvector+MCC,1081,FALSE
DDIT4,2,0.001557632398753894,5.878383844773877e-5,0.188352647792284,1.2234773472116254e-4,0,4,2,2.1951789469674257,Up,52,0.00847457627118644,4.7908921684411935e-4,0.3381908739810282,1.2234758081429474e-4,1.876512172087217e-9,0.06945337778527705,degree+betweenness+closeness+eigenvector+MCC,1082,FALSE
SLC6A8,2,0.001557632398753894,0.0031128366877669405,0.18192122414281667,3.607168012674633e-4,0,9,2,1.0956392260811452,Up,110,0.00847457627118644,0.025369668437554584,0.3124821276397808,3.607166473972867e-4,1.876512172087217e-9,0.06933741817448626,degree+betweenness+closeness+eigenvector+MCC,1083,FALSE
ST14,3,0.002336448598130841,0.002002630015740621,0.18181818181818182,1.308324940110306e-4,0,18,3,-1.3336314100502733,Down,38,0.01694915254237288,0.016321466430312823,0.3120702298810833,1.3083234010546882e-4,3.753024344174434e-9,0.06909433698937975,degree+betweenness+closeness+eigenvector+MCC,1084,FALSE
KMT5A,2,0.001557632398753894,0,0.18802167227998243,8.834912650736138e-5,1,16,2,-1.0212519988718205,Down,78,0.00847457627118644,0,0.3368678441271901,8.834897259526033e-5,1.876512172087217e-9,0.0690861542494968,degree+betweenness+closeness+eigenvector+MCC,1085,FALSE
LIMS2,1,7.78816199376947e-4,0,0.18985657252698507,0.0011475088949943406,0,9,1,1.1290584462346818,Up,110,0,0,0.3442026097378478,0.0011475087412452713,0,0.0690700236958186,degree+betweenness+closeness+eigenvector+MCC,1086,FALSE
LIMS3,1,7.78816199376947e-4,0,0.18985657252698507,0.001147508894994341,0,9,1,1.4207608906313318,Up,110,0,0,0.3442026097378478,0.0011475087412452718,0,0.0690700236958186,degree+betweenness+closeness+eigenvector+MCC,1086,FALSE
SEC16B,2,0.001557632398753894,0.001557632398753894,0.18472162278808804,2.513441922684256e-5,0,11,2,-2.2799317431928383,Down,143,0.00847457627118644,0.012694728785250596,0.3236763425367605,2.5134265305011142e-5,1.876512172087217e-9,0.06897415674700294,degree+betweenness+closeness+eigenvector+MCC,1088,FALSE
ANKRD29,1,7.78816199376947e-4,0,0.1899970405445398,4.544251184239524e-5,0,13,1,2.5785665659650676,Up,58,0,0,0.34476411164305526,4.5442357923689754e-5,0,0.06896191080019579,degree+betweenness+closeness+eigenvector+MCC,1089,FALSE
MAGI3,2,0.001557632398753894,1.6951350412373762e-4,0.18744525547445257,9.387298666773974e-5,0,13,2,-1.0336264941533555,Down,58,0.00847457627118644,0.0013815377505050936,0.3345636958937851,9.387283275648894e-5,1.876512172087217e-9,0.06890273692494905,degree+betweenness+closeness+eigenvector+MCC,1090,FALSE
DBP,1,7.78816199376947e-4,0,0.189912734802544,8.455683889332942e-5,0,2,1,-1.1270398598334168,Down,100,0,0,0.34442711083977895,8.455668498064463e-5,0,0.06890233350495192,degree+betweenness+closeness+eigenvector+MCC,1091,FALSE
EYA2,2,0.001557632398753894,0.0031128366877669405,0.18140717716869173,7.652492072497314e-5,0,15,2,2.014403702655928,Up,44,0.00847457627118644,0.025369668437554584,0.3104272943733767,7.652476681105203e-5,1.876512172087217e-9,0.06886961314508819,degree+betweenness+closeness+eigenvector+MCC,1092,FALSE
CPA3,2,0.001557632398753894,8.54117022840985e-5,0.18747262374069207,1.2697407613268384e-4,0,16,2,2.568688356466126,Up,78,0.00847457627118644,6.961067299644139e-4,0.33467309683716867,1.2697392222652814e-4,1.876512172087217e-9,0.06879415112741165,degree+betweenness+closeness+eigenvector+MCC,1093,FALSE
TMIGD3,1,7.78816199376947e-4,0,0.18954827280779452,9.623173278987704e-4,0,1,1,1.6188561401824435,Up,71,0,0,0.34297022330060783,9.623171741211955e-4,0,0.06878650809494581,degree+betweenness+closeness+eigenvector+MCC,1094,FALSE
CHSY3,3,0.002336448598130841,0.0031128366877669405,0.1789547038327526,1.1819812025319627e-4,0.3333333333333333,18,3,1.1628125748971163,Up,38,0.01694915254237288,0.025369668437554584,0.3006238638518072,1.1819796634568974e-4,3.753024344174434e-9,0.06861217731022094,degree+betweenness+closeness+eigenvector+MCC,1095,FALSE
RHOBTB2,3,0.002336448598130841,6.621019271816613e-4,0.1839541547277937,7.344172161894167e-5,0.3333333333333333,16,3,-1.0103415369169513,Down,78,0.01694915254237288,0.005396141220795801,0.320608492747585,7.344156770454599e-5,3.753024344174434e-9,0.06860544636629652,degree+betweenness+closeness+eigenvector+MCC,1096,FALSE
SLCO2B1,3,0.002336448598130841,0.001557632398753894,0.18202438332860787,2.430664635410096e-5,0.3333333333333333,4,3,1.581691817363005,Up,52,0.01694915254237288,0.012694728785250596,0.31289449253514817,2.4306492432142125e-5,3.753024344174434e-9,0.06851253682164563,degree+betweenness+closeness+eigenvector+MCC,1097,FALSE
RBMS2,1,7.78816199376947e-4,0,0.1892688679245283,5.976042030705326e-4,0,1,1,1.4417561345531915,Up,71,0,0,0.3418533400626342,5.97604049236819e-4,0,0.0684901888223742,degree+betweenness+closeness+eigenvector+MCC,1098,FALSE
STX2,1,7.78816199376947e-4,0,0.1892688679245283,5.976042030705321e-4,0,1,1,1.5360832590674018,Up,71,0,0,0.3418533400626342,5.976040492368186e-4,0,0.0684901888223742,degree+betweenness+closeness+eigenvector+MCC,1098,FALSE
ESD,4,0.003115264797507788,4.4331397541237215e-7,0.1828538877812589,2.0088014978770276e-4,0.3333333333333333,3,5,1.1597539262751315,Up,50,0.025423728813559324,3.613015939494785e-6,0.3162103244138189,2.008799958929231e-4,7.506048688348868e-9,0.06836771074905186,degree+betweenness+closeness+eigenvector+MCC,1100,FALSE
PANX1,1,7.78816199376947e-4,0,0.1892130857648099,1.9204934586156082e-4,0,4,1,-1.2742562591673154,Down,52,0,0,0.34163035842237394,1.9204919196542187e-4,0,0.06836448152286786,degree+betweenness+closeness+eigenvector+MCC,1101,FALSE
VGLL3,1,7.78816199376947e-4,0,0.1889068706782404,4.748482947526217e-4,0,12,1,3.5363515119258437,Up,75,0,0,0.34040630502213953,4.7484814090001284e-4,0,0.0681762306326079,degree+betweenness+closeness+eigenvector+MCC,1102,FALSE
HSPB8,1,7.78816199376947e-4,0,0.1886293521375055,1.8476500393529798e-4,0,9,1,3.406632917290887,Up,110,0,0,0.3392969621833518,1.847648500380378e-4,0,0.06789634540667797,degree+betweenness+closeness+eigenvector+MCC,1103,FALSE
GSDME,1,7.78816199376947e-4,0,0.18829740431148262,9.675833712707217e-5,0,4,1,2.572008265890233,Up,52,0,0,0.33797004563689514,9.675818321626551e-5,0,0.06761336076402227,degree+betweenness+closeness+eigenvector+MCC,1104,FALSE
PDK2,1,7.78816199376947e-4,0,0.18826979472140762,7.892536803162333e-5,0,2,1,-1.1075260970897682,Down,100,0,0,0.3378596800341125,7.892521411807172e-5,0,0.06758772104964611,degree+betweenness+closeness+eigenvector+MCC,1105,FALSE
SLC26A2,2,0.001557632398753894,0.001557632398753894,0.1828278513455788,2.797333887817249e-4,0,9,2,-1.491471526472356,Down,110,0.00847457627118644,0.012694728785250596,0.316106247282998,2.797332348990828e-4,1.876512172087217e-9,0.06751105749016927,degree+betweenness+closeness+eigenvector+MCC,1106,FALSE
RAB25,2,0.001557632398753894,3.0765954697366585e-4,0.1853081252706018,1.3973390197986302e-4,0,18,2,-1.0712003170270012,Down,38,0.00847457627118644,0.00250743019350925,0.3260208069000601,1.397337480756714e-4,1.876512172087217e-9,0.06742850979786873,degree+betweenness+closeness+eigenvector+MCC,1107,FALSE
JPH1,2,0.001557632398753894,0,0.18587145338737696,6.711930686451751e-5,1,11,2,-1.8895243048078036,Down,143,0.00847457627118644,0,0.32827263487010283,6.711915294914865e-5,1.876512172087217e-9,0.06736286643415011,degree+betweenness+closeness+eigenvector+MCC,1108,FALSE
RBKS,2,0.001557632398753894,1.6334469233247268e-4,0.18541516245487363,6.642220933062295e-5,0,2,2,-1.0837897119197324,Down,100,0.00847457627118644,0.0013312618364447455,0.3264486735699464,6.642205541514678e-5,1.876512172087217e-9,0.06726418712190098,degree+betweenness+closeness+eigenvector+MCC,1109,FALSE
ABHD6,1,7.78816199376947e-4,0,0.18755477651183172,1.2904332567137696e-4,0,5,1,-1.1399689409997524,Down,39,0,0,0.3350014914305858,1.2904317176553977e-4,0,0.06702610692047026,degree+betweenness+closeness+eigenvector+MCC,1110,FALSE
NAAA,1,7.78816199376947e-4,0,0.18755477651183172,1.2904332567137717e-4,0,5,1,1.5317506369452731,Up,39,0,0,0.3350014914305858,1.2904317176554e-4,0,0.06702610692047026,degree+betweenness+closeness+eigenvector+MCC,1110,FALSE
TRAF4,2,0.001557632398753894,0.0021111180787437346,0.18087054514720383,7.810549491772427e-5,0,15,2,-1.085125196389031,Down,44,0.00847457627118644,0.017205645866592838,0.308282180434231,7.810534100404646e-5,1.876512172087217e-9,0.06680810195790529,degree+betweenness+closeness+eigenvector+MCC,1112,FALSE
PMP22,1,7.78816199376947e-4,0,0.18717201166180758,3.656970839429535e-4,0,12,1,3.2143246212740824,Up,75,0,0,0.33347144070248125,3.6569693007354345e-4,0,0.06676742752651096,degree+betweenness+closeness+eigenvector+MCC,1113,FALSE
CD302,1,7.78816199376947e-4,0,0.18641114982578397,4.5450667528083296e-4,0,7,1,3.49929535161327,Up,154,0,0,0.3304299984014929,4.5450652142509296e-4,0,0.06617690098458359,degree+betweenness+closeness+eigenvector+MCC,1114,FALSE
TRIB1,2,0.001557632398753894,0.001557632398753894,0.1811512415349887,4.27406045189304e-5,0,11,2,-1.4586379164536112,Down,143,0.00847457627118644,0.012694728785250596,0.30940422628687264,4.274045059980902e-5,1.876512172087217e-9,0.06612325473408434,degree+betweenness+closeness+eigenvector+MCC,1115,FALSE
CLIC2,2,0.001557632398753894,0,0.18421807747489238,1.291553834595644e-4,1,19,2,1.890600052757086,Up,4,0.00847457627118644,0,0.3216634882398206,1.2915522955374447e-4,1.876512172087217e-9,0.06605344432341459,degree+betweenness+closeness+eigenvector+MCC,1116,FALSE
PAFAH1B2,4,0.003115264797507788,9.19905218253709e-5,0.17937971500419111,8.132226607774627e-5,0.3333333333333333,5,5,-1.0047081251723835,Down,39,0.025423728813559324,7.497242136982994e-4,0.30232278853695277,8.13221121645636e-5,7.506048688348868e-9,0.06571551423648472,degree+betweenness+closeness+eigenvector+MCC,1117,FALSE
PHACTR1,1,7.78816199376947e-4,0,0.185790768340327,1.447086513426698e-4,0,8,1,-1.9605770997310676,Down,29,0,0,0.3279501073052595,1.4470849743924391e-4,0,0.06561896316053975,degree+betweenness+closeness+eigenvector+MCC,1118,FALSE
NPR3,1,7.78816199376947e-4,0,0.18571015331212035,1.1360915486155204e-4,0,11,1,1.304022854572417,Up,143,0,0,0.3276278596312737,1.1360900095333915e-4,0,0.06554829372644541,degree+betweenness+closeness+eigenvector+MCC,1119,FALSE
ARHGEF2,1,7.78816199376947e-4,0,0.18557595028183263,7.663566368695297e-5,0,17,1,1.0527242437906654,Up,40,0,0,0.3270914011654752,7.663550977304892e-5,0,0.06543360733504965,degree+betweenness+closeness+eigenvector+MCC,1120,FALSE
CAMSAP1,1,7.78816199376947e-4,0,0.18557595028183263,7.663566368695129e-5,0,17,1,-1.1047583443509357,Down,40,0,0,0.3270914011654752,7.663550977304723e-5,0,0.06543360733504965,degree+betweenness+closeness+eigenvector+MCC,1120,FALSE
CAMSAP3,1,7.78816199376947e-4,0,0.18557595028183263,7.663566368695216e-5,0,17,1,-1.4822472088779683,Down,40,0,0,0.3270914011654752,7.66355097730481e-5,0,0.06543360733504965,degree+betweenness+closeness+eigenvector+MCC,1120,FALSE
DYNC2H1,1,7.78816199376947e-4,0,0.18557595028183263,7.663566368695262e-5,0,17,1,1.542353491177896,Up,40,0,0,0.3270914011654752,7.663550977304856e-5,0,0.06543360733504965,degree+betweenness+closeness+eigenvector+MCC,1120,FALSE
GBP2,3,0.002336448598130841,1.3735385641784456e-5,0.1811512415349887,2.9486150759308534e-4,0.3333333333333333,17,3,3.486938958823507,Up,40,0.01694915254237288,1.1194361110026505e-4,0.30940422628687264,2.9486135371277185e-4,3.753024344174434e-9,0.06535203750941657,degree+betweenness+closeness+eigenvector+MCC,1124,FALSE
INF2,1,7.78816199376947e-4,0,0.18536162841056736,1.8323059653937995e-4,0,12,1,-1.0286416518878392,Down,75,0,0,0.32623467846704174,1.832304426418836e-4,0,0.06528358178193673,degree+betweenness+closeness+eigenvector+MCC,1125,FALSE
RHOU,1,7.78816199376947e-4,0,0.18506774286537908,9.37468359606032e-5,0,4,1,-2.7456265236492197,Down,52,0,0,0.3250599107412008,9.374668204933298e-5,0,0.06503073148465002,degree+betweenness+closeness+eigenvector+MCC,1126,FALSE
EIF5A2,4,0.003115264797507788,1.455909793133289e-5,0.1784324624791551,5.5595612131500306e-5,0.6666666666666666,2,8,1.2110657333489376,Up,100,0.025423728813559324,1.1865687934074373e-4,0.29853627466155686,5.5595458214357644e-5,1.3135585204610519e-8,0.0648268537896513,degree+betweenness+closeness+eigenvector+MCC,1127,FALSE
GUCA1B,1,7.78816199376947e-4,0,0.18477478773924305,2.528065030919072e-5,0,11,1,-1.3566324039076043,Down,143,0,0,0.32388886223970403,2.528049638738181e-5,0,0.06478282854721829,degree+betweenness+closeness+eigenvector+MCC,1128,FALSE
TRPM1,3,0.002336448598130841,0,0.18038774936779994,1.7409518511201502e-4,1,15,6,2.6419007061922244,Up,44,0.01694915254237288,0,0.3063522695927415,1.7409503121311248e-4,9.382560860436085e-9,0.06469510530977766,degree+betweenness+closeness+eigenvector+MCC,1129,FALSE
MEGF6,1,7.78816199376947e-4,0,0.18405963302752293,0.001262189506763794,0,9,1,1.3450835641227723,Up,110,0,0,0.32103012798731445,0.0012621893530323771,0,0.06445846346806935,degree+betweenness+closeness+eigenvector+MCC,1130,FALSE
OAT,3,0.002336448598130841,0.0016403607442644881,0.1766162310866575,2.734591593391345e-5,0,2,3,1.264958050271057,Up,100,0.01694915254237288,0.013368966114898892,0.2912761352722634,2.734576201242244e-5,3.753024344174434e-9,0.06432432068891439,degree+betweenness+closeness+eigenvector+MCC,1131,FALSE
POF1B,1,7.78816199376947e-4,0,0.18416523235800344,7.296345107857037e-5,0,10,1,-2.7504444210396084,Down,46,0,0,0.32145224703110564,7.296329716410106e-5,0,0.06430504206565395,degree+betweenness+closeness+eigenvector+MCC,1132,FALSE
DAAM2,1,7.78816199376947e-4,0,0.18411241755090335,6.670348989868896e-5,0,14,1,1.486135308931063,Up,38,0,0,0.32124112698167295,6.670333598325608e-5,0,0.06426156606353124,degree+betweenness+closeness+eigenvector+MCC,1133,FALSE
SLC47A1,2,0.001557632398753894,0,0.18199858256555634,2.42765200342847e-5,1,4,2,1.2822882622697351,Up,52,0.00847457627118644,0,0.3127913574737909,2.427636611232123e-5,1.876512172087217e-9,0.06425804239752035,degree+betweenness+closeness+eigenvector+MCC,1134,FALSE
PAM,3,0.002336448598130841,0.0021160082741963696,0.17540983606557378,1.586639200747225e-5,0,8,3,1.7647087140862077,Up,29,0.01694915254237288,0.017245501037188755,0.2864537343117928,1.5866238084214243e-5,3.753024344174434e-9,0.0641328515764926,degree+betweenness+closeness+eigenvector+MCC,1135,FALSE
ITIH5,1,7.78816199376947e-4,0,0.1832191780821918,0.0010306558628268726,0,9,1,1.207232423226699,Up,110,0,0,0.3176705229949494,0.0010306557090598166,0,0.06374023574080184,degree+betweenness+closeness+eigenvector+MCC,1136,FALSE
HLA-DPB1,2,0.001557632398753894,0.001557632398753894,0.1780119229169555,1.2105424606219831e-4,0,17,2,1.7927944474985562,Up,40,0.00847457627118644,0.012694728785250596,0.2968552246296648,1.2105409215513141e-4,1.876512172087217e-9,0.06362911713095383,degree+betweenness+closeness+eigenvector+MCC,1137,FALSE
NSA2,3,0.002336448598130841,0,0.17897964873153052,3.920044457552241e-5,1,2,6,1.05830454749273,Up,100,0.01694915254237288,0,0.300723577711466,3.920029065585611e-5,9.382560860436085e-9,0.06354238798541112,degree+betweenness+closeness+eigenvector+MCC,1138,FALSE
MACROD2,1,7.78816199376947e-4,0,0.18303635067712046,2.573775372223397e-4,0,12,1,-1.0644020202996298,Down,75,0,0,0.3169396951662467,2.5737738333625644e-4,0,0.0634394145099166,degree+betweenness+closeness+eigenvector+MCC,1139,FALSE
AHRR,2,0.001557632398753894,0.001557632398753894,0.17747062888735315,6.462256978713115e-5,0,3,2,1.270720469361669,Up,50,0.00847457627118644,0.012694728785250596,0.29469147494350767,6.462241587137798e-5,1.876512172087217e-9,0.06318508085846565,degree+betweenness+closeness+eigenvector+MCC,1140,FALSE
SUCO,1,7.78816199376947e-4,0,0.18269778030734207,2.124963654258076e-4,0,7,1,-1.8186584424868537,Down,154,0,0,0.3155863058966694,2.1249621153281598e-4,0,0.06315976042164044,degree+betweenness+closeness+eigenvector+MCC,1141,FALSE
GRHL3,2,0.001557632398753894,3.44112811834081e-5,0.18053993250843645,5.841187942397309e-5,0,16,2,-1.188607471353416,Down,78,0.00847457627118644,2.8045248810042503e-4,0.30696060111827583,5.8411725507263926e-5,1.876512172087217e-9,0.06315480869591641,degree+betweenness+closeness+eigenvector+MCC,1142,FALSE
ANO2,2,0.001557632398753894,0,0.18038774936779994,9.65754031024327e-5,1,4,2,-1.6596039623119363,Down,52,0.00847457627118644,0,0.3063522695927415,9.657524919159789e-5,1.876512172087217e-9,0.06298468459792633,degree+betweenness+closeness+eigenvector+MCC,1143,FALSE
PGM5,3,0.002336448598130841,0,0.17798724701968394,3.332738052025519e-4,1,1,6,2.476766672287079,Up,71,0.01694915254237288,0,0.29675658606715155,3.3327365132815106e-4,9.382560860436085e-9,0.06280780432868269,degree+betweenness+closeness+eigenvector+MCC,1144,FALSE
OLFM1,1,7.78816199376947e-4,0,0.18202438332860787,1.4878830973007572e-4,0,21,1,1.050838384311661,Up,3,0,0,0.31289449253514817,1.487881558272778e-4,0,0.06260865613819508,degree+betweenness+closeness+eigenvector+MCC,1145,FALSE
TNFRSF19,1,7.78816199376947e-4,0,0.18202438332860787,1.4878830973007556e-4,0,21,1,2.246488333608422,Up,3,0,0,0.31289449253514817,1.4878815582727763e-4,0,0.06260865613819508,degree+betweenness+closeness+eigenvector+MCC,1145,FALSE
GPR34,1,7.78816199376947e-4,0,0.18194700297576874,3.805501600725371e-4,0,1,1,2.1417697862039473,Up,71,0,0,0.312585175038531,3.805500062054133e-4,0,0.06259314500894728,degree+betweenness+closeness+eigenvector+MCC,1147,FALSE
SELENOM,1,7.78816199376947e-4,0,0.18192122414281667,1.4224938005329095e-4,0,2,1,1.685098557067004,Up,100,0,0,0.3124821276397808,1.4224922614948653e-4,0,0.06252487537318605,degree+betweenness+closeness+eigenvector+MCC,1148,FALSE
ABCC1,1,7.78816199376947e-4,0,0.18194700297576874,2.3405596663565896e-5,0,4,1,1.0361190121644004,Up,52,0,0,0.312585175038531,2.340544274146837e-5,0,0.0625217160962545,degree+betweenness+closeness+eigenvector+MCC,1149,FALSE
SLC47A2,1,7.78816199376947e-4,0,0.18194700297576874,2.340559666356431e-5,0,4,1,-2.846194664724938,Down,52,0,0,0.312585175038531,2.3405442741466783e-5,0,0.0625217160962545,degree+betweenness+closeness+eigenvector+MCC,1149,FALSE
EDIL3,1,7.78816199376947e-4,0,0.18181818181818182,3.6025310446899405e-4,0,9,1,-1.1816287999081805,Down,110,0,0,0.3120702298810833,3.60252950598746e-4,0,0.06248609656633641,degree+betweenness+closeness+eigenvector+MCC,1151,FALSE
ABCA9,1,7.78816199376947e-4,0,0.1817924394733116,4.1861162297562174e-5,0,2,1,1.623822834266444,Up,100,0,0,0.31196732833850616,4.1861008378305426e-5,0,0.0624018378693769,degree+betweenness+closeness+eigenvector+MCC,1152,FALSE
TSPAN4,1,7.78816199376947e-4,0,0.18163813835054463,1.5795695723546936e-4,0,10,1,1.1075628557655763,Up,46,0,0,0.31135053046581207,1.5795680333408274e-4,0,0.06230169745382923,degree+betweenness+closeness+eigenvector+MCC,1153,FALSE
CAVIN2,2,0.001557632398753894,0,0.17925450230350412,2.7816235309525238e-5,1,8,2,2.2569780063896197,Up,29,0.00847457627118644,0,0.3018222676980043,2.781608138810662e-5,1.876512172087217e-9,0.0620649323854182,degree+betweenness+closeness+eigenvector+MCC,1154,FALSE
CAVIN3,2,0.001557632398753894,0,0.17925450230350412,2.7816235309523683e-5,1,8,2,1.422649461250181,Up,29,0.00847457627118644,0,0.3018222676980043,2.7816081388105066e-5,1.876512172087217e-9,0.0620649323854182,degree+betweenness+closeness+eigenvector+MCC,1154,FALSE
HACD1,1,7.78816199376947e-4,0,0.1810746016076717,1.6771137426605133e-4,0,7,1,2.1115889518766044,Up,154,0,0,0.3090978685411552,1.6771122036616617e-4,0,0.06185311595230427,degree+betweenness+closeness+eigenvector+MCC,1156,FALSE
QKI,4,0.003115264797507788,0.0018359236403289044,0.17099480623252097,2.2433850392354754e-5,0.16666666666666666,15,4,1.903373013988662,Up,44,0.025423728813559324,0.014962806823388271,0.2688052495822266,2.243369647010765e-5,5.629536516261651e-9,0.06184284490903617,degree+betweenness+closeness+eigenvector+MCC,1157,FALSE
ARSB,2,0.001557632398753894,0.001557632398753894,0.17555373256767842,4.8934208527458304e-5,0,3,2,2.0105375666927894,Up,50,0.00847457627118644,0.012694728785250596,0.2870289411203673,4.893405460929028e-5,1.876512172087217e-9,0.06164943642158517,degree+betweenness+closeness+eigenvector+MCC,1158,FALSE
PPP1R3B,4,0.003115264797507788,0.003114050742637364,0.16762402088772846,1.0492311079774084e-5,0.16666666666666666,2,4,1.7615419252623878,Up,100,0.025423728813559324,0.025379563004027886,0.255330990985183,1.0492157155688869e-5,5.629536516261651e-9,0.06122895611789249,degree+betweenness+closeness+eigenvector+MCC,1159,FALSE
PTPRG,3,0.002336448598130841,0.001666788963295815,0.17255745195538233,1.6185561300094984e-5,0,13,3,2.8560252132737567,Up,58,0.01694915254237288,0.013584356519687785,0.2750517145485961,1.618540737688611e-5,3.753024344174434e-9,0.061120282554211605,degree+betweenness+closeness+eigenvector+MCC,1160,FALSE
NR2F1,1,7.78816199376947e-4,0,0.1801852371596969,4.671223409422403e-5,0,16,1,2.30971633177258,Up,78,0,0,0.3055427544258222,4.6712080175713985e-5,0,0.06111789330119958,degree+betweenness+closeness+eigenvector+MCC,1161,FALSE
SCEL,2,0.001557632398753894,1.308841413726613e-4,0.17754424778761063,4.567093006012536e-5,0,3,2,-1.7368409187888645,Down,50,0.00847457627118644,0.0010667078306444851,0.29498575654207687,4.5670776141455035e-5,1.876512172087217e-9,0.06091454265931229,degree+betweenness+closeness+eigenvector+MCC,1162,FALSE
SLC43A1,1,7.78816199376947e-4,0,0.1794047785384938,1.4649977105096184e-4,0,2,1,1.0153918508156767,Up,100,0,0,0.3024229766260792,1.4649961714781166e-4,0,0.0605138952486454,degree+betweenness+closeness+eigenvector+MCC,1163,FALSE
ABCC9,3,0.002336448598130841,0.0017426010020479773,0.17140568682418902,1.1322935022214717e-5,0,1,3,1.046480851356713,Up,71,0.01694915254237288,0.014202225839423004,0.27044768918556555,1.1322781098257356e-5,3.753024344174434e-9,0.06032207882029681,degree+betweenness+closeness+eigenvector+MCC,1164,FALSE
PALLD,2,0.001557632398753894,0.00105113912994989,0.17490805067429505,1.2410902550281634e-5,0,15,2,1.975579206071795,Up,44,0.00847457627118644,0.008566800601318564,0.28444791506472805,1.2410748626491739e-5,1.876512172087217e-9,0.06030034091247435,degree+betweenness+closeness+eigenvector+MCC,1165,FALSE
HABP4,4,0.003115264797507788,0.001557632398753894,0.16948257655755017,2.1542042178338575e-5,0.5,2,7,1.1394029892158208,Up,100,0.025423728813559324,0.012694728785250596,0.262760315949725,2.15418882559542e-5,1.1259073032523303e-8,0.06018006533917277,degree+betweenness+closeness+eigenvector+MCC,1166,FALSE
PNMA2,4,0.003115264797507788,0.0010363981743852634,0.1704500199123855,2.289533105344359e-5,0.6666666666666666,13,8,2.243539936173856,Up,58,0.025423728813559324,0.008446661579378553,0.26662753993691285,2.289517713126752e-5,1.3135585204610519e-8,0.060104167728513444,degree+betweenness+closeness+eigenvector+MCC,1167,FALSE
TRIM7,2,0.001557632398753894,3.721379252734807e-4,0.1757700205338809,2.345019608000631e-5,0,2,2,-1.1841737032627346,Down,100,0.00847457627118644,0.0030329300005778274,0.2878935230174446,2.3450042157915648e-5,1.876512172087217e-9,0.059884896241575794,degree+betweenness+closeness+eigenvector+MCC,1168,FALSE
ECM2,1,7.78816199376947e-4,0,0.17811069496462756,6.266625965236514e-4,0,9,1,1.7485422935051955,Up,110,0,0,0.2972500525336572,6.266624426944106e-4,0,0.05957534299527033,degree+betweenness+closeness+eigenvector+MCC,1169,FALSE
LMO3,1,7.78816199376947e-4,0,0.1781848459616986,3.663844780841543e-5,0,16,1,1.656176306951158,Up,78,0,0,0.29754646111728517,3.663829388835477e-5,0,0.0595166198822347,degree+betweenness+closeness+eigenvector+MCC,1170,FALSE
MOB1A,1,7.78816199376947e-4,0,0.1781354051054384,1.0165667830970755e-4,0,12,1,-1.4538605581490405,Down,75,0,0,0.29734882798008816,1.0165652439965486e-4,0,0.05949009690089756,degree+betweenness+closeness+eigenvector+MCC,1171,FALSE
PLK3,1,7.78816199376947e-4,0,0.17791326035748925,1.3218752571455427e-4,0,20,1,-1.464149549415497,Down,3,0,0,0.2964608343899694,1.3218737180920108e-4,0,0.05931860435235572,degree+betweenness+closeness+eigenvector+MCC,1172,FALSE
TOX3,1,7.78816199376947e-4,0,0.17791326035748925,1.3218752571455351e-4,0,20,1,2.2698788868453104,Up,3,0,0,0.2964608343899694,1.3218737180920032e-4,0,0.05931860435235572,degree+betweenness+closeness+eigenvector+MCC,1172,FALSE
LIPH,1,7.78816199376947e-4,0,0.1774951617362455,1.379472562298348e-4,0,11,1,-1.860761175218545,Down,143,0,0,0.2947895416894689,1.3794710232536815e-4,0,0.05898549775835885,degree+betweenness+closeness+eigenvector+MCC,1174,FALSE
RCBTB2,1,7.78816199376947e-4,0,0.1774951617362455,1.3794725622983422e-4,0,11,1,-1.1432915861385915,Down,143,0,0,0.2947895416894689,1.3794710232536758e-4,0,0.05898549775835885,degree+betweenness+closeness+eigenvector+MCC,1174,FALSE
MREG,1,7.78816199376947e-4,0,0.17729908864954433,1.8708496040663753e-5,0,15,1,-1.6750988531947932,Down,44,0,0,0.2940057660396152,1.870834211784322e-5,0,0.05880489487634662,degree+betweenness+closeness+eigenvector+MCC,1176,FALSE
MYRIP,1,7.78816199376947e-4,0,0.17729908864954433,1.870849604066311e-5,0,15,1,2.028627766539574,Up,44,0,0,0.2940057660396152,1.8708342117842578e-5,0,0.05880489487634662,degree+betweenness+closeness+eigenvector+MCC,1176,FALSE
SYTL2,1,7.78816199376947e-4,0,0.17729908864954433,1.8708496040661743e-5,0,15,1,1.7149380017032243,Up,44,0,0,0.2940057660396152,1.8708342117841212e-5,0,0.05880489487634662,degree+betweenness+closeness+eigenvector+MCC,1176,FALSE
SYTL4,1,7.78816199376947e-4,0,0.17729908864954433,1.8708496040662445e-5,0,15,1,1.6507321149853036,Up,44,0,0,0.2940057660396152,1.8708342117841914e-5,0,0.05880489487634662,degree+betweenness+closeness+eigenvector+MCC,1176,FALSE
SYTL5,1,7.78816199376947e-4,0,0.17729908864954433,1.8708496040662014e-5,0,15,1,1.7554826595505144,Up,44,0,0,0.2940057660396152,1.8708342117841483e-5,0,0.05880489487634662,degree+betweenness+closeness+eigenvector+MCC,1176,FALSE
L2HGDH,2,0.001557632398753894,0,0.1751227495908347,3.4646463630424024e-5,1,2,2,-1.0398870996247034,Down,100,0.00847457627118644,0,0.2853061449506595,3.464630971005675e-5,1.876512172087217e-9,0.05876307388161363,degree+betweenness+closeness+eigenvector+MCC,1181,FALSE
KLHL13,3,0.002336448598130841,0.001557632398753894,0.16946020852580176,1.2562157609332411e-5,0.3333333333333333,16,3,3.1665899759247877,Up,78,0.01694915254237288,0.012694728785250596,0.2626709027675565,1.2562003685565798e-5,3.753024344174434e-9,0.05846546997037797,degree+betweenness+closeness+eigenvector+MCC,1182,FALSE
CENPU,4,0.003115264797507788,0,0.17047265002655337,5.598057741269272e-5,1,16,24.000000000000004,-1.1725524562553868,Down,78,0.025423728813559324,0,0.2667180007581127,5.598042349560932e-5,4.3159779958006e-8,0.05843955063098951,degree+betweenness+closeness+eigenvector+MCC,1183,FALSE
DPP10,3,0.002336448598130841,0.0010359934894284555,0.17042739580568092,2.2129832687698037e-5,0.6666666666666666,13,4,-1.1858112244480647,Down,58,0.01694915254237288,0.008443363390554117,0.26653710312973505,2.2129678765404137e-5,5.629536516261651e-9,0.058390350874192795,degree+betweenness+closeness+eigenvector+MCC,1184,FALSE
DPP6,3,0.002336448598130841,0.0010359934894284555,0.17042739580568092,2.2129832687693087e-5,0.6666666666666666,13,4,-1.0150886560853651,Down,58,0.01694915254237288,0.008443363390554117,0.26653710312973505,2.2129678765399187e-5,5.629536516261651e-9,0.058390350874192795,degree+betweenness+closeness+eigenvector+MCC,1184,FALSE
HECW2,2,0.001557632398753894,3.4843532146900396e-5,0.17438544071709902,5.882011610396161e-5,0,4,2,1.3218458691947277,Up,52,0.00847457627118644,2.8397534031708913e-4,0.2823588524314376,5.8819962187315284e-5,1.876512172087217e-9,0.058235245176328124,degree+betweenness+closeness+eigenvector+MCC,1186,FALSE
CYTIP,2,0.001557632398753894,2.7403168976462437e-4,0.17384240454914704,1.0272808697914097e-4,0,6,2,1.118652728893971,Up,110,0.00847457627118644,0.002233362623240788,0.28018813878281074,1.027279330692532e-4,1.876512172087217e-9,0.058199761497363875,degree+betweenness+closeness+eigenvector+MCC,1187,FALSE
STK39,2,0.001557632398753894,0.001557632398753894,0.17083555082490687,1.7920679669140845e-5,0,4,2,1.3552899899472894,Up,52,0.00847457627118644,0.012694728785250596,0.26816864762580567,1.7920525746199046e-5,1.876512172087217e-9,0.057871175016900214,degree+betweenness+closeness+eigenvector+MCC,1188,FALSE
CYTH3,3,0.002336448598130841,0.0015944359263906835,0.1683934426229508,2.71444960983819e-5,0,6,3,1.5813819501222983,Up,110,0.01694915254237288,0.012994678119935266,0.258406650325695,2.7144342176859885e-5,3.753024344174434e-9,0.05767552581664087,degree+betweenness+closeness+eigenvector+MCC,1189,FALSE
IFFO1,1,7.78816199376947e-4,0,0.17507499318243797,2.1761991088330142e-5,0,2,1,1.0020926163935169,Up,100,0,0,0.28511524516601494,2.176183716597962e-5,0,0.05702740140063618,degree+betweenness+closeness+eigenvector+MCC,1190,FALSE
HSPA4L,1,7.78816199376947e-4,0,0.1749795584627964,1.6729920712074136e-5,0,11,1,-1.5558533510581638,Down,143,0,0,0.2847337577795299,1.672976678894905e-5,0,0.056950097509263775,degree+betweenness+closeness+eigenvector+MCC,1191,FALSE
HES5,1,7.78816199376947e-4,0,0.1748604112760452,3.319767746315155e-5,0,13,1,-1.8740445351352832,Down,58,0,0,0.28425748301232295,3.3197523542561274e-5,0,0.05685813610717311,degree+betweenness+closeness+eigenvector+MCC,1192,FALSE
CRABP1,2,0.001557632398753894,0,0.17172662832686905,4.48790023351315e-5,1,3,2,1.131680482756762,Up,50,0.00847457627118644,0,0.2717306094428033,4.487884841633928e-5,1.876512172087217e-9,0.056050013287783654,degree+betweenness+closeness+eigenvector+MCC,1193,FALSE
MVK,2,0.001557632398753894,0,0.17147435897435898,5.5092723943555406e-5,1,3,2,-1.028882548572838,Down,50,0.00847457627118644,0,0.2707221968195905,5.509257002633534e-5,1.876512172087217e-9,0.05585037350746308,degree+betweenness+closeness+eigenvector+MCC,1194,FALSE
PMVK,2,0.001557632398753894,0,0.17147435897435898,5.509272394355575e-5,1,3,2,-1.0802863581558295,Down,50,0.00847457627118644,0,0.2707221968195905,5.5092570026335684e-5,1.876512172087217e-9,0.05585037350746308,degree+betweenness+closeness+eigenvector+MCC,1194,FALSE
EVI2A,1,7.78816199376947e-4,0,0.17325597085413574,1.017554815569825e-4,0,6,1,2.0605951886491765,Up,110,0,0,0.27784394938825036,1.0175532764694502e-4,0,0.05558914094317946,degree+betweenness+closeness+eigenvector+MCC,1196,FALSE
TRIM37,2,0.001557632398753894,0.001557632398753894,0.16742730473334203,1.337701432810432e-5,0,2,2,-1.0225743630346118,Down,100,0.00847457627118644,0.012694728785250596,0.2545446447592171,1.3376860404463134e-5,1.876512172087217e-9,0.055145465710514166,degree+betweenness+closeness+eigenvector+MCC,1197,FALSE
ATP10A,4,0.003115264797507788,0.00621596093657049,0.15314885496183206,4.478129526112659e-6,0.5,15,7,1.1914234463017364,Up,44,0.025423728813559324,0.05066018034332273,0.1974684726192595,4.4779756011017075e-6,1.1259073032523303e-8,0.054711374202163134,degree+betweenness+closeness+eigenvector+MCC,1198,FALSE
SYNE3,2,0.001557632398753894,0,0.17004370282081843,1.2407386480033427e-5,1,17,2,1.9022808423305628,Up,40,0.00847457627118644,0,0.26500334230812245,1.240723255624299e-5,1.876512172087217e-9,0.05469806553767546,degree+betweenness+closeness+eigenvector+MCC,1199,FALSE
SYNE4,2,0.001557632398753894,0,0.17004370282081843,1.240738648003298e-5,1,17,2,-1.5277575280493425,Down,40,0.00847457627118644,0,0.26500334230812245,1.2407232556242543e-5,1.876512172087217e-9,0.05469806553767546,degree+betweenness+closeness+eigenvector+MCC,1199,FALSE
KLK5,2,0.001557632398753894,9.94623094344603e-5,0.16961690885072656,2.5505002868173568e-5,0,18,2,-1.3223214978294848,Down,38,0.00847457627118644,8.106194013653432e-4,0.2632972911264413,2.5504848946399194e-5,1.876512172087217e-9,0.05452159870489033,degree+betweenness+closeness+eigenvector+MCC,1201,FALSE
FXYD6,2,0.001557632398753894,0.001557632398753894,0.16649377593360995,5.0731581778069905e-6,0,11,2,1.086027241474592,Up,143,0.00847457627118644,0.012694728785250596,0.25081298961991544,5.073004252887629e-6,1.876512172087217e-9,0.05439747391142351,degree+betweenness+closeness+eigenvector+MCC,1202,FALSE
SLC1A1,2,0.001557632398753894,0.001557632398753894,0.16649377593360995,5.073158177806321e-6,0,11,2,1.7528946126972302,Up,143,0.00847457627118644,0.012694728785250596,0.25081298961991544,5.07300425288696e-6,1.876512172087217e-9,0.05439747391142351,degree+betweenness+closeness+eigenvector+MCC,1202,FALSE
CRABP2,1,7.78816199376947e-4,0,0.17168070597673485,2.6747746830675688e-5,0,3,1,1.0348743372845917,Up,50,0,0,0.27154704105805044,2.67475929090926e-5,0,0.05431475773019191,degree+betweenness+closeness+eigenvector+MCC,1204,FALSE
RETREG1,1,7.78816199376947e-4,0,0.1707901037509976,1.7897672441912894e-5,0,4,1,-1.7090206158880594,Down,52,0,0,0.2679869790934921,1.7897518518967555e-5,0,0.053600975322402225,degree+betweenness+closeness+eigenvector+MCC,1205,FALSE
WNK2,1,7.78816199376947e-4,0,0.1707901037509976,1.789767244191253e-5,0,4,1,-1.0603824637757624,Down,52,0,0,0.2679869790934921,1.7897518518967192e-5,0,0.053600975322402225,degree+betweenness+closeness+eigenvector+MCC,1205,FALSE
RIPK4,1,7.78816199376947e-4,0,0.17067659178519207,2.8044025932529064e-5,0,16,1,-1.5515564384511844,Down,78,0,0,0.26753323035998544,2.8043872011145508e-5,0,0.05351225484639932,degree+betweenness+closeness+eigenvector+MCC,1207,FALSE
FOXP2,1,7.78816199376947e-4,0,0.17031436530043773,2.1223150804374874e-5,0,13,1,-1.0695555433763553,Down,58,0,0,0.2660852789697202,2.122299688194141e-5,0,0.053221300393320424,degree+betweenness+closeness+eigenvector+MCC,1208,FALSE
PPP1R3C,2,0.001557632398753894,0,0.16758026624902114,1.0466302167262704e-5,1,2,2,-1.5686410681778478,Down,100,0.00847457627118644,0,0.25515608773372755,1.0466148243173485e-5,1.876512172087217e-9,0.052728226405933866,degree+betweenness+closeness+eigenvector+MCC,1209,FALSE
SEPTIN6,3,0.002336448598130841,0.0031128366877669405,0.1590289819172653,3.1233087139016488e-6,0.3333333333333333,4,3,1.9159312624026672,Up,52,0.01694915254237288,0.025369668437554584,0.22097348497590702,3.1231547886821554e-6,3.753024344174434e-9,0.0526590865727295,degree+betweenness+closeness+eigenvector+MCC,1210,FALSE
SRGAP2,1,7.78816199376947e-4,0,0.16943784639746634,2.5354017992505436e-5,0,12,1,-1.1904521728176682,Down,75,0,0,0.2625815131834831,2.535386407070782e-5,0,0.05252137340951076,degree+betweenness+closeness+eigenvector+MCC,1211,FALSE
GFPT2,1,7.78816199376947e-4,0,0.16901408450704225,1.2884472542092208e-5,0,2,1,1.7946360834601416,Up,100,0,0,0.26088758233025705,1.2884318618375208e-5,0,0.05218009332977509,degree+betweenness+closeness+eigenvector+MCC,1212,FALSE
GIMAP2,2,0.001557632398753894,0,0.16550657385924208,2.8980220037693812e-5,1,2,2,1.912254348779138,Up,100,0.00847457627118644,0,0.24686678282329447,2.8980066116454363e-5,1.876512172087217e-9,0.051074068207421906,degree+betweenness+closeness+eigenvector+MCC,1213,FALSE
MID1,1,7.78816199376947e-4,0,0.16738365271802894,1.3359840425441527e-5,0,2,1,1.1140707533424736,Up,100,0,0,0.2543701517309027,1.3359686501797697e-5,0,0.0508767022834809,degree+betweenness+closeness+eigenvector+MCC,1214,FALSE
TRIM29,1,7.78816199376947e-4,0,0.16738365271802894,1.3359840425441376e-5,0,2,1,-1.3464404384401352,Down,100,0,0,0.2543701517309027,1.3359686501797546e-5,0,0.0508767022834809,degree+betweenness+closeness+eigenvector+MCC,1214,FALSE
TRIM36,1,7.78816199376947e-4,0,0.16738365271802894,1.335984042544126e-5,0,2,1,-2.7248179744620913,Down,100,0,0,0.2543701517309027,1.335968650179743e-5,0,0.0508767022834809,degree+betweenness+closeness+eigenvector+MCC,1214,FALSE
TRIM71,1,7.78816199376947e-4,0,0.16738365271802894,1.3359840425441208e-5,0,2,1,-2.7502577243937303,Down,100,0,0,0.2543701517309027,1.3359686501797378e-5,0,0.0508767022834809,degree+betweenness+closeness+eigenvector+MCC,1214,FALSE
OGDHL,1,7.78816199376947e-4,0,0.1672528331379445,1.2164687736182088e-5,0,2,1,-1.2137869630256182,Down,100,0,0,0.2538472181497604,1.2164533812354294e-5,0,0.050771876536714555,degree+betweenness+closeness+eigenvector+MCC,1218,FALSE
VNN2,1,7.78816199376947e-4,0,0.16681824087306743,9.683251922033222e-6,0,11,1,1.1298284970003554,Up,143,0,0,0.25210999433920983,9.683097997823471e-6,0,0.05042393548744153,degree+betweenness+closeness+eigenvector+MCC,1219,FALSE
PRICKLE2,2,0.001557632398753894,7.587842940149523e-7,0.16421537280982224,1.4738468437691718e-5,0,14,2,1.1666958337970428,Up,38,0.00847457627118644,6.184104045815762e-6,0.2417053812325539,1.4738314514260095e-5,1.876512172087217e-9,0.05004017635976251,degree+betweenness+closeness+eigenvector+MCC,1220,FALSE
LASP1,3,0.002336448598130841,0.001607882523842036,0.15879297551323274,3.24743214039684e-6,0,15,3,1.7429469070272765,Up,44,0.01694915254237288,0.013104268102697518,0.22003008129005502,3.2472782151964524e-6,3.753024344174434e-9,0.05001735059327299,degree+betweenness+closeness+eigenvector+MCC,1221,FALSE
FA2H,2,0.001557632398753894,7.782091719417351e-4,0.1624905087319666,1.4461863737905935e-5,0,3,2,-2.063383166526121,Down,50,0.00847457627118644,0.006342417109388646,0.23481047032827956,1.4461709814431735e-5,1.876512172087217e-9,0.049928385459036245,degree+betweenness+closeness+eigenvector+MCC,1222,FALSE
PTGIS,2,0.001557632398753894,7.782091719417351e-4,0.1624905087319666,1.4461863737907323e-5,0,3,2,2.6097914788668364,Up,50,0.00847457627118644,0.006342417109388646,0.23481047032827956,1.4461709814433123e-5,1.876512172087217e-9,0.049928385459036245,degree+betweenness+closeness+eigenvector+MCC,1222,FALSE
NR1D2,2,0.001557632398753894,0,0.16400562013028483,1.7151485490028918e-5,1,2,2,-1.0055922210863155,Down,100,0.00847457627118644,0,0.24086692326017778,1.715133156696872e-5,1.876512172087217e-9,0.04987173054788867,degree+betweenness+closeness+eigenvector+MCC,1224,FALSE
CLC,1,7.78816199376947e-4,0,0.1650809976857804,2.842996575175686e-5,0,10,1,-3.0128534903757593,Down,46,0,0,0.24516559961896445,2.842981183043271e-5,0,0.04903880588615898,degree+betweenness+closeness+eigenvector+MCC,1225,FALSE
ENPP4,1,7.78816199376947e-4,0,0.16484786237000898,6.3571961964223764e-6,0,13,1,1.900902598038136,Up,58,0,0,0.24423367272018973,6.357042271700661e-6,0,0.048848005952492286,degree+betweenness+closeness+eigenvector+MCC,1226,FALSE
NTN4,1,7.78816199376947e-4,0,0.1647632490696779,2.4509546561471285e-5,0,12,1,2.0019458358667315,Up,75,0,0,0.24389544249405815,2.4509392639543683e-5,0,0.048783990377339534,degree+betweenness+closeness+eigenvector+MCC,1227,FALSE
ST3GAL6,3,0.002336448598130841,0.004665612867039139,0.15047462791515293,3.3375660557486e-6,0.3333333333333333,13,3,-1.2543280065699278,Down,58,0.01694915254237288,0.03802481895691196,0.18677861162593631,3.337412130562086e-6,3.753024344174434e-9,0.048351184858075213,degree+betweenness+closeness+eigenvector+MCC,1228,FALSE
RBPMS,2,0.001557632398753894,0,0.16197804970354485,5.600472039974725e-6,1,15,2,3.7502019734361625,Up,44,0.00847457627118644,0,0.2327619846600919,5.60031811513653e-6,1.876512172087217e-9,0.04824843262518113,degree+betweenness+closeness+eigenvector+MCC,1229,FALSE
CIART,1,7.78816199376947e-4,0,0.16398467432950192,8.581060545145552e-6,0,2,1,-1.482784960668921,Down,100,0,0,0.24078319525397085,8.580906620766145e-6,0,0.048158355232118324,degree+betweenness+closeness+eigenvector+MCC,1230,FALSE
CPEB2,1,7.78816199376947e-4,0,0.16383820339415592,1.0838657058940436e-5,0,18,1,-1.1987399438924644,Down,38,0,0,0.24019769749664496,1.0838503134908531e-5,0,0.04804170719995597,degree+betweenness+closeness+eigenvector+MCC,1231,FALSE
SLC41A2,1,7.78816199376947e-4,0,0.16298552932216298,2.681142289016023e-6,0,17,1,1.3287038479348392,Up,40,0,0,0.23678924819779643,2.6809883637284687e-6,0,0.04735838583723203,degree+betweenness+closeness+eigenvector+MCC,1232,FALSE
FUT1,3,0.002336448598130841,0.0031128366877669405,0.15045699554722286,3.337566048900305e-6,0.3333333333333333,13,3,-1.0062282972552037,Down,58,0.01694915254237288,0.025369668437554584,0.18670812861949543,3.3374121237137913e-6,3.753024344174434e-9,0.045806058152914185,degree+betweenness+closeness+eigenvector+MCC,1233,FALSE
CLEC14A,1,7.78816199376947e-4,0,0.16086193936356802,1.527568275368167e-5,0,12,1,1.435169450211956,Up,75,0,0,0.2283004845034844,1.527552883033274e-5,0,0.04566315200646294,degree+betweenness+closeness+eigenvector+MCC,1234,FALSE
CKMT1B,2,0.001557632398753894,0.001557632398753894,0.15397529679817723,1.2941338440147084e-5,0,9,2,-1.2994026166778685,Down,110,0.00847457627118644,0.012694728785250596,0.20077206210339377,1.2941184516438838e-5,1.876512172087217e-9,0.044390862044171885,degree+betweenness+closeness+eigenvector+MCC,1235,FALSE
MEOX1,2,0.001557632398753894,0.001557632398753894,0.15360689077640866,2.7454637397743474e-6,0,15,2,1.5366640806220708,Up,44,0.00847457627118644,0.012694728785250596,0.19929940884954991,2.7453098144966942e-6,1.876512172087217e-9,0.04409429221846272,degree+betweenness+closeness+eigenvector+MCC,1236,FALSE
PDLIM3,1,7.78816199376947e-4,0,0.15830353840463568,9.094209125226269e-6,0,1,1,1.7551067538236556,Up,71,0,0,0.21807362263319802,9.09405520092585e-6,0,0.04361654333767979,degree+betweenness+closeness+eigenvector+MCC,1237,FALSE
FMNL3,1,7.78816199376947e-4,0,0.15706422018348623,6.753472794476282e-6,0,4,1,1.0787986166307482,Up,52,0,0,0.21311961563254644,6.753318869815565e-6,0,0.042625273790283254,degree+betweenness+closeness+eigenvector+MCC,1238,FALSE
MBD5,1,7.78816199376947e-4,0,0.15637559371574716,1.5892549036750507e-6,0,16,1,-1.063711663306508,Down,78,0,0,0.21036692444815538,1.589100978219427e-6,0,0.04207370270982672,degree+betweenness+closeness+eigenvector+MCC,1239,FALSE
NEGR1,1,7.78816199376947e-4,0,0.15593879038134564,9.005830255310176e-7,0,11,1,3.459102771719594,Up,143,0,0,0.2086208621861755,9.004290999693897e-7,0,0.0417243525230551,degree+betweenness+closeness+eigenvector+MCC,1240,FALSE
CLIC6,1,7.78816199376947e-4,0,0.15559864275327193,4.633466483260405e-6,0,19,1,3.121772170177649,Up,4,0,0,0.2072611680398494,4.633312558273364e-6,0,0.04145316027048153,degree+betweenness+closeness+eigenvector+MCC,1241,FALSE
DNER,4,0.003115264797507788,0.001558037083710702,0.1457103949160236,2.4093015176404897e-6,0.3333333333333333,13,5,-2.0730342946727216,Down,58,0.025423728813559324,0.01269802697407503,0.16773423446142466,2.4091475923110925e-6,7.506048688348868e-9,0.041171681380540004,degree+betweenness+closeness+eigenvector+MCC,1242,FALSE
ATG10,1,7.78816199376947e-4,0,0.15520367460413392,1.244862431722494e-6,0,12,1,-1.0485152964474942,Down,75,0,0,0.20568233627374394,1.2447085062138594e-6,0,0.04113671619645003,degree+betweenness+closeness+eigenvector+MCC,1243,FALSE
PLEKHM1,1,7.78816199376947e-4,0,0.15520367460413392,1.2448624317224572e-6,0,12,1,-1.519737111522713,Down,75,0,0,0.20568233627374394,1.2447085062138225e-6,0,0.04113671619645003,degree+betweenness+closeness+eigenvector+MCC,1243,FALSE
PAPSS2,1,7.78816199376947e-4,0,0.1545870455092704,1.0023034124541753e-5,0,9,1,4.123310822663025,Up,110,0,0,0.20321744485148596,1.0022880200384304e-5,0,0.04064549354633727,degree+betweenness+closeness+eigenvector+MCC,1245,FALSE
ABCC4,1,7.78816199376947e-4,0,0.15401223461676863,8.709233707197449e-7,0,4,1,2.4770513984928955,Up,52,0,0,0.2009197160382491,8.707694451535516e-7,0,0.04018411736153885,degree+betweenness+closeness+eigenvector+MCC,1246,FALSE
CSGALNACT1,2,0.001557632398753894,0,0.15182688896771904,4.392503929855903e-6,1,18,2,2.9998442159775056,Up,38,0.00847457627118644,0,0.192184092322337,4.392350004831771e-6,1.876512172087217e-9,0.04013261256400809,degree+betweenness+closeness+eigenvector+MCC,1247,FALSE
CSGALNACT2,2,0.001557632398753894,0,0.15182688896771904,4.392503929856781e-6,1,18,2,1.319652783396899,Up,38,0.00847457627118644,0,0.192184092322337,4.392350004832649e-6,1.876512172087217e-9,0.04013261256400809,degree+betweenness+closeness+eigenvector+MCC,1247,FALSE
SPINT1,1,7.78816199376947e-4,0,0.15386458957459556,4.6878156296696965e-6,0,18,1,-1.097901600903514,Down,38,0,0,0.2003295249476521,4.687661704691021e-6,0,0.04006684252187136,degree+betweenness+closeness+eigenvector+MCC,1249,FALSE
TRIB2,1,7.78816199376947e-4,0,0.15338669215147532,1.5314244018664005e-6,0,11,1,1.7295280725711928,Up,143,0,0,0.19841919462301993,1.531270476401875e-6,0,0.03968414517869927,degree+betweenness+closeness+eigenvector+MCC,1250,FALSE
PENK,1,7.78816199376947e-4,0,0.15211467835564507,3.7534866573889426e-6,0,8,1,3.3033268281526116,Up,29,0,0,0.19333449148388282,3.7533327322664497e-6,0,0.03866764896332302,degree+betweenness+closeness+eigenvector+MCC,1251,FALSE
SCG2,1,7.78816199376947e-4,0,0.15211467835564507,3.7534866573868725e-6,0,8,1,1.328697471115678,Up,29,0,0,0.19333449148388282,3.7533327322643796e-6,0,0.03866764896332302,degree+betweenness+closeness+eigenvector+MCC,1251,FALSE
HLA-DMA,1,7.78816199376947e-4,0,0.15112994350282485,4.337454475800459e-6,0,17,1,1.217678905352888,Up,40,0,0,0.18939814707176542,4.3373005507678545e-6,0,0.03788049687446324,degree+betweenness+closeness+eigenvector+MCC,1253,FALSE
ARNT2,1,7.78816199376947e-4,0,0.15073961023714488,2.3154698300862328e-6,0,3,1,1.3374779567513873,Up,50,0,0,0.1878378426255254,2.3153159047423924e-6,0,0.037568031588286026,degree+betweenness+closeness+eigenvector+MCC,1254,FALSE
ALAD,1,7.78816199376947e-4,0,0.1501227639424763,9.798224293722727e-7,0,2,1,-1.0450479110304671,Down,100,0,0,0.18537208297641783,9.796685038228418e-7,0,0.03707461252898433,degree+betweenness+closeness+eigenvector+MCC,1255,FALSE
ARSG,1,7.78816199376947e-4,0,0.14935442596254508,1.7533453695482278e-6,0,3,1,-1.4378780538831275,Down,50,0,0,0.1823007558011299,1.7531914441178618e-6,0,0.0364605017985148,degree+betweenness+closeness+eigenvector+MCC,1256,FALSE
RASSF9,1,7.78816199376947e-4,0,0.14925026153667326,5.685034211213875e-7,0,8,1,-1.189059565526872,Down,29,0,0,0.18188437259447515,5.68349495508644e-7,0,0.03637698818879413,degree+betweenness+closeness+eigenvector+MCC,1257,FALSE
CNTN3,1,7.78816199376947e-4,0,0.14718019257221457,5.799394700166831e-7,0,13,1,2.9527331207113328,Up,58,0,0,0.17360955183677793,5.797855444056999e-7,0,0.034722026324464465,degree+betweenness+closeness+eigenvector+MCC,1258,FALSE
EYA4,1,7.78816199376947e-4,0,0.14634146341463414,4.057083232432004e-7,0,1,1,2.2011983334944265,Up,71,0,0,0.17025684544757444,4.055543976053985e-7,0,0.034051450200394406,degree+betweenness+closeness+eigenvector+MCC,1259,FALSE
MBNL3,1,7.78816199376947e-4,0,0.14604185623293903,8.038198407649834e-7,0,15,1,-1.6086085742862153,Down,44,0,0,0.16905920625351303,8.036659151884612e-7,0,0.03381200198388564,degree+betweenness+closeness+eigenvector+MCC,1260,FALSE
SLC12A6,1,7.78816199376947e-4,0,0.1459256733719741,6.421099198823464e-7,0,4,1,-1.4252435642927621,Down,52,0,0,0.16859478097778186,6.419559942809329e-7,0,0.033719084586755224,degree+betweenness+closeness+eigenvector+MCC,1261,FALSE
DAPL1,1,7.78816199376947e-4,0,0.14493735184558076,7.718657569134515e-7,0,2,1,-2.8449723057019902,Down,100,0,0,0.16464409932306845,7.717118313320106e-7,0,0.032928974206979954,degree+betweenness+closeness+eigenvector+MCC,1262,FALSE
ENC1,1,7.78816199376947e-4,0,0.14492099322799096,4.5011049608643436e-7,0,16,1,-1.512675339884214,Down,78,0,0,0.1645787079613682,4.499565704554671e-7,0,0.032915831583587726,degree+betweenness+closeness+eigenvector+MCC,1263,FALSE
FRMD4B,1,7.78816199376947e-4,0,0.14414009878760664,9.72605422159459e-7,0,6,1,-1.0564907749119623,Down,110,0,0,0.1614571880333825,9.724514966089172e-7,0,0.03229163209697582,degree+betweenness+closeness+eigenvector+MCC,1264,FALSE
LYPLAL1,1,7.78816199376947e-4,0,0.1435759812143576,3.7594651269854873e-7,0,2,1,-1.1143977719842422,Down,100,0,0,0.15920220431784066,3.7579258705616577e-7,0,0.03184051602208554,degree+betweenness+closeness+eigenvector+MCC,1265,FALSE
MFHAS1,1,7.78816199376947e-4,0,0.1435759812143576,3.759465126998496e-7,0,2,1,1.888439304920774,Up,100,0,0,0.15920220431784066,3.7579258705746665e-7,0,0.03184051602208554,degree+betweenness+closeness+eigenvector+MCC,1265,FALSE
PEX5L,1,7.78816199376947e-4,0,0.14343163538873996,4.793073564757464e-7,0,2,1,-1.722733549345603,Down,100,0,0,0.1586252013992832,4.791534308492734e-7,0,0.03172513611054281,degree+betweenness+closeness+eigenvector+MCC,1267,FALSE
FXYD5,1,7.78816199376947e-4,0,0.14274596998332406,1.8177464534006968e-7,0,11,1,2.6178100562598443,Up,143,0,0,0.15588434666111559,1.8162071966779868e-7,0,0.03117690565636705,degree+betweenness+closeness+eigenvector+MCC,1268,FALSE
GLIS3,1,7.78816199376947e-4,0,0.14274596998332406,1.8177464533946056e-7,0,11,1,1.798304808655831,Up,143,0,0,0.15588434666111559,1.8162071966718956e-7,0,0.03117690565636705,degree+betweenness+closeness+eigenvector+MCC,1268,FALSE
TMEM30B,4,0.003115264797507788,0.001557632398753894,0.1328779882024216,1.73063119153613e-7,0.5,15,7,-1.2076843121498673,Down,44,0.025423728813559324,0.012694728785250596,0.11643842390243002,1.7290919348000107e-7,1.1259073032523303e-8,0.030911413133901295,degree+betweenness+closeness+eigenvector+MCC,1270,FALSE
FAXDC2,2,0.001557632398753894,6.070274352119618e-7,0.13982358706305129,1.0363564705727035e-6,0,3,2,1.301210756800108,Up,50,0.00847457627118644,4.947283236652609e-6,0.14420251612029758,1.0362025450319746e-6,1.876512172087217e-9,0.03053661555075557,degree+betweenness+closeness+eigenvector+MCC,1271,FALSE
SEPTIN11,2,0.001557632398753894,0,0.13723813595553655,1.1606906920929406e-7,1,4,2,2.447119937001894,Up,52,0.00847457627118644,0,0.13386752493894405,1.1591514352690928e-7,1.876512172087217e-9,0.028468443800357242,degree+betweenness+closeness+eigenvector+MCC,1272,FALSE
SEPTIN4,2,0.001557632398753894,0,0.13723813595553655,1.1606906920701713e-7,1,4,2,1.5676817088019952,Up,52,0.00847457627118644,0,0.13386752493894405,1.1591514352463235e-7,1.876512172087217e-9,0.028468443800357235,degree+betweenness+closeness+eigenvector+MCC,1273,FALSE
ST8SIA1,2,0.001557632398753894,0.0031128366877669405,0.1308601712189156,1.1974114628984998e-7,0,13,2,1.0064804301196726,Up,58,0.00847457627118644,0.025369668437554584,0.10837247337275012,1.1958722060803043e-7,1.876512172087217e-9,0.02844336790904478,degree+betweenness+closeness+eigenvector+MCC,1274,FALSE
ATP11A,3,0.002336448598130841,0,0.13286423841059603,1.7284862000370636e-7,1,15,6,1.052824858699923,Up,44,0.01694915254237288,0,0.11638346096894046,1.7269469433006142e-7,9.382560860436085e-9,0.026666559117713706,degree+betweenness+closeness+eigenvector+MCC,1275,FALSE
ATP8A1,3,0.002336448598130841,0,0.13286423841059603,1.7284862000276343e-7,1,15,6,1.1252491279552803,Up,44,0.01694915254237288,0,0.11638346096894046,1.726946943291185e-7,9.382560860436085e-9,0.026666559117713706,degree+betweenness+closeness+eigenvector+MCC,1275,FALSE
LPP,1,7.78816199376947e-4,0,0.13704771053474224,1.1635766220943584e-7,0,15,1,1.4801198485481413,Up,44,0,0,0.13310632506984016,1.1620373652709548e-7,0,0.026621288254715336,degree+betweenness+closeness+eigenvector+MCC,1277,FALSE
FUT8,2,0.001557632398753894,0.001557632398753894,0.13082017320427916,1.197409481744683e-7,0,13,2,1.8744394537933289,Up,58,0.00847457627118644,0.012694728785250596,0.10821258671802368,1.1958702249264873e-7,1.876512172087217e-9,0.02587640264759907,degree+betweenness+closeness+eigenvector+MCC,1278,FALSE
CKMT1A,1,7.78816199376947e-4,0,0.13344419039700686,4.6369679846948303e-7,0,9,1,-1.2994026166778685,Down,110,0,0,0.11870174060986781,4.6354287284060706e-7,0,0.02374044083054813,degree+betweenness+closeness+eigenvector+MCC,1279,FALSE
MEOX2,1,7.78816199376947e-4,0,0.13316739265712507,9.837179920405466e-8,0,15,1,2.5923310312616765,Up,44,0,0,0.11759527907501915,9.821787351894582e-8,0,0.023519075458578533,degree+betweenness+closeness+eigenvector+MCC,1280,FALSE
ARHGAP26,1,7.78816199376947e-4,0,0.12719167904903417,8.632688229706745e-8,0,13,1,1.9760482650831503,Up,58,0,0,0.09370817200020015,8.617295661010458e-8,0,0.018741651634631352,degree+betweenness+closeness+eigenvector+MCC,1281,FALSE
ST3GAL5,2,0.001557632398753894,0.001557632398753894,0.1157486703326422,4.295920493296382e-9,0,13,2,1.7682411092726094,Up,58,0.00847457627118644,0.012694728785250596,0.04796629205192938,4.141994793706849e-9,1.876512172087217e-9,0.013827120625374676,degree+betweenness+closeness+eigenvector+MCC,1282,FALSE
ATP8B2,1,7.78816199376947e-4,0,0.11730312442901517,6.200967130873166e-9,0,15,1,2.683754100767077,Up,44,0,0,0.05418001209913468,6.047041431576868e-9,0,0.010836003629235222,degree+betweenness+closeness+eigenvector+MCC,1283,FALSE
B4GALNT3,1,7.78816199376947e-4,0,0.11569652189583708,4.290398135740814e-9,0,13,1,-1.4195586975449794,Down,58,0,0,0.04775783572764005,4.1364724361504305e-9,0,0.009551567972822497,degree+betweenness+closeness+eigenvector+MCC,1284,FALSE
B4GALT6,1,7.78816199376947e-4,0,0.10374919198448611,1.5392570022709272e-10,0,13,1,1.702017487130215,Up,58,0,0,0,0,0,0,degree+betweenness+closeness+eigenvector+MCC,1285,FALSE
