contrast,label,tf,NES,pvalue,regulon_size,padj,activity,interpretation
C1,Limbus vs cornea,CENPT,-7.4272247897367825,1.108998043255951e-13,56,3.2271843058748176e-11,Repressed in limbus,NES = regulon activity; not transcript abundance
C1,Limbus vs cornea,ZFPM2,7.28751487851291,3.157244484315566e-13,401,4.5937907246791486e-11,Activated in limbus,NES = regulon activity; not transcript abundance
C1,Limbus vs cornea,ZEB2,7.126265861862572,1.0312843178002796e-12,377,1.0003457882662712e-10,Activated in limbus,NES = regulon activity; not transcript abundance
C1,Limbus vs cornea,ZNF532,6.989982101338158,2.7492131523867912e-12,384,2.0000525683613907e-10,Activated in limbus,NES = regulon activity; not transcript abundance
C1,Limbus vs cornea,TERF2,-6.8579985807142245,6.9831952988211974e-12,16,4.0642196639139373e-10,Repressed in limbus,NES = regulon activity; not transcript abundance
C1,Limbus vs cornea,EBF1,6.733966928211689,1.6509871951627182e-11,588,8.007287896539184e-10,Activated in limbus,NES = regulon activity; not transcript abundance
C1,Limbus vs cornea,GLMP,6.649091672948136,2.949072844450084e-11,174,1.1272654309594105e-9,Activated in limbus,NES = regulon activity; not transcript abundance
C1,Limbus vs cornea,PLAGL1,6.641787689508282,3.099011494046489e-11,388,1.1272654309594105e-9,Activated in limbus,NES = regulon activity; not transcript abundance
C1,Limbus vs cornea,ZNF687,-6.517391860230001,7.154036058223946e-11,27,2.3131383254924095e-9,Repressed in limbus,NES = regulon activity; not transcript abundance
C1,Limbus vs cornea,MEF2C,6.47145710205625,9.706231644354172e-11,552,2.824513408507064e-9,Activated in limbus,NES = regulon activity; not transcript abundance
C1,Limbus vs cornea,ZEB1,6.403214514498859,1.5213919628996742e-10,97,4.024773283670956e-9,Activated in limbus,NES = regulon activity; not transcript abundance
C1,Limbus vs cornea,ZNF91,-6.356995640656006,2.057378292357216e-10,240,4.962954260915917e-9,Repressed in limbus,NES = regulon activity; not transcript abundance
C1,Limbus vs cornea,KLF12,6.345494073400536,2.2171273330552208e-10,296,4.962954260915917e-9,Activated in limbus,NES = regulon activity; not transcript abundance
C1,Limbus vs cornea,ETS1,6.316352554174965,2.67808716892345e-10,354,5.416328048919755e-9,Activated in limbus,NES = regulon activity; not transcript abundance
C1,Limbus vs cornea,STAT2,6.309913111074214,2.791921674700905e-10,148,5.416328048919755e-9,Activated in limbus,NES = regulon activity; not transcript abundance
C1,Limbus vs cornea,ARNT2,6.255954447597541,3.950920645487748e-10,62,7.185736923980842e-9,Activated in limbus,NES = regulon activity; not transcript abundance
C1,Limbus vs cornea,THRB,6.230720302474992,4.6429540670545317e-10,267,7.947644903016875e-9,Activated in limbus,NES = regulon activity; not transcript abundance
C1,Limbus vs cornea,CUX1,-6.127873876581427,8.906113759134413e-10,185,1.410083695899895e-8,Repressed in limbus,NES = regulon activity; not transcript abundance
C1,Limbus vs cornea,ZNF711,6.1225883758357735,9.206732035085224e-10,317,1.410083695899895e-8,Activated in limbus,NES = regulon activity; not transcript abundance
C1,Limbus vs cornea,E2F3,6.091690317605799,1.1172465633997423e-9,334,1.625593749746625e-8,Activated in limbus,NES = regulon activity; not transcript abundance
C1,Limbus vs cornea,ZNF596,-6.0282312824306805,1.6576372353829787e-9,43,2.297011597602128e-8,Repressed in limbus,NES = regulon activity; not transcript abundance
C1,Limbus vs cornea,L3MBTL4,-6.012654712685785,1.8250950850595874e-9,226,2.414103044328818e-8,Repressed in limbus,NES = regulon activity; not transcript abundance
C1,Limbus vs cornea,GRHL3,-5.930751313014861,3.0155164648402994e-9,18,3.815283875080553e-8,Repressed in limbus,NES = regulon activity; not transcript abundance
C1,Limbus vs cornea,ZXDC,-5.90994729922509,3.422171983488996e-9,108,4.1493835299804074e-8,Repressed in limbus,NES = regulon activity; not transcript abundance
C1,Limbus vs cornea,FOXD1,5.854790093291735,4.776128576951164e-9,75,5.5594136635711546e-8,Activated in limbus,NES = regulon activity; not transcript abundance
C1,Limbus vs cornea,GATA2,5.822804945563115,5.786807954355591e-9,229,6.476773518144141e-8,Activated in limbus,NES = regulon activity; not transcript abundance
C1,Limbus vs cornea,HES5,-5.798357628896459,6.6967521127579655e-9,267,7.21761061041692e-8,Repressed in limbus,NES = regulon activity; not transcript abundance
C1,Limbus vs cornea,ZNF675,-5.754742566702583,8.677392569840317e-9,48,9.018290135084043e-8,Repressed in limbus,NES = regulon activity; not transcript abundance
C1,Limbus vs cornea,PPARG,5.736463557444083,9.667383906938725e-9,25,9.700719713514377e-8,Activated in limbus,NES = regulon activity; not transcript abundance
C1,Limbus vs cornea,MYCL,-5.676636246787931,1.3736915003984102e-8,130,1.3324807553864578e-7,Repressed in limbus,NES = regulon activity; not transcript abundance
C1,Limbus vs cornea,ZNF568,-5.661689019125328,1.4989027885028597e-8,22,1.407034553078491e-7,Repressed in limbus,NES = regulon activity; not transcript abundance
C1,Limbus vs cornea,SMAD5,5.591442925280774,2.25190318361398e-8,412,1.9455893423959093e-7,Activated in limbus,NES = regulon activity; not transcript abundance
C1,Limbus vs cornea,ESRRG,-5.589941608138943,2.2714598269171354e-8,162,1.9455893423959093e-7,Repressed in limbus,NES = regulon activity; not transcript abundance
C1,Limbus vs cornea,ALX1,5.588090688418382,2.2957975032617834e-8,14,1.9455893423959093e-7,Activated in limbus,NES = regulon activity; not transcript abundance
C1,Limbus vs cornea,MSX2,-5.5847730519793055,2.3400559100981727e-8,272,1.9455893423959093e-7,Repressed in limbus,NES = regulon activity; not transcript abundance
C1,Limbus vs cornea,ZNF83,-5.563587725168371,2.642839093488555e-8,95,2.1362949339032488e-7,Repressed in limbus,NES = regulon activity; not transcript abundance
C1,Limbus vs cornea,RORB,5.521375775936014,3.3635557227299775e-8,247,2.6453911224714147e-7,Activated in limbus,NES = regulon activity; not transcript abundance
C1,Limbus vs cornea,TSHZ3,5.498185170745664,3.8371987658232314e-8,304,2.9384864233014745e-7,Activated in limbus,NES = regulon activity; not transcript abundance
C1,Limbus vs cornea,FLI1,5.4896067362341086,4.0282962977281354e-8,275,3.0057287759971474e-7,Activated in limbus,NES = regulon activity; not transcript abundance
C1,Limbus vs cornea,ZNF461,-5.480427665909963,4.242989614624671e-8,97,3.086774944639448e-7,Repressed in limbus,NES = regulon activity; not transcript abundance
C1,Limbus vs cornea,PURB,-5.386124780251865,7.199299163227339e-8,56,5.109746479266233e-7,Repressed in limbus,NES = regulon activity; not transcript abundance
C1,Limbus vs cornea,TBX3,5.341054173276213,9.240763419616449e-8,29,6.402528940734254e-7,Activated in limbus,NES = regulon activity; not transcript abundance
C1,Limbus vs cornea,AEBP1,5.329783636367485,9.83298406771568e-8,241,6.654414799314564e-7,Activated in limbus,NES = regulon activity; not transcript abundance
C1,Limbus vs cornea,GTF2IRD1,5.283428722011697,1.2678820755073894e-7,98,8.332546182150188e-7,Activated in limbus,NES = regulon activity; not transcript abundance
C1,Limbus vs cornea,ZNF599,-5.280468741680339,1.2885380694046683e-7,66,8.332546182150188e-7,Repressed in limbus,NES = regulon activity; not transcript abundance
C1,Limbus vs cornea,NFIX,5.225050197368668,1.741078697266153e-7,276,1.101421523705327e-6,Activated in limbus,NES = regulon activity; not transcript abundance
C1,Limbus vs cornea,CARF,-5.216300804612231,1.8253166864930263e-7,17,1.130142884615895e-6,Repressed in limbus,NES = regulon activity; not transcript abundance
C1,Limbus vs cornea,LHX1,-5.196103140340894,2.0350937671532585e-7,32,1.2223863144412064e-6,Repressed in limbus,NES = regulon activity; not transcript abundance
C1,Limbus vs cornea,HIC1,5.193992557514824,2.058313725347736e-7,12,1.2223863144412064e-6,Activated in limbus,NES = regulon activity; not transcript abundance
C1,Limbus vs cornea,PRRX1,5.176828336610062,2.256896964052677e-7,52,1.313514033078658e-6,Activated in limbus,NES = regulon activity; not transcript abundance
C1,Limbus vs cornea,FOXN2,5.172603217503825,2.3085489805667824e-7,103,1.3172308889116348e-6,Activated in limbus,NES = regulon activity; not transcript abundance
C1,Limbus vs cornea,CREBL2,-5.139635264548711,2.7527227285933545e-7,189,1.540465988501281e-6,Repressed in limbus,NES = regulon activity; not transcript abundance
C1,Limbus vs cornea,ZNF777,-5.109587751053555,3.2286251079098596e-7,30,1.7234547935231787e-6,Repressed in limbus,NES = regulon activity; not transcript abundance
C1,Limbus vs cornea,TSHZ2,5.108325324313116,3.2502668372819293e-7,322,1.7234547935231787e-6,Activated in limbus,NES = regulon activity; not transcript abundance
C1,Limbus vs cornea,ZFP2,-5.103222994657214,3.3391714331539264e-7,22,1.7234547935231787e-6,Repressed in limbus,NES = regulon activity; not transcript abundance
C1,Limbus vs cornea,HLF,-5.101193561438797,3.3751815704050893e-7,318,1.7234547935231787e-6,Repressed in limbus,NES = regulon activity; not transcript abundance
C1,Limbus vs cornea,ZBTB7C,-5.101156689065837,3.375839286282515e-7,268,1.7234547935231787e-6,Repressed in limbus,NES = regulon activity; not transcript abundance
C1,Limbus vs cornea,BHLHE41,-5.089825715666586,3.583927590709262e-7,154,1.7981429808558542e-6,Repressed in limbus,NES = regulon activity; not transcript abundance
C1,Limbus vs cornea,ZBTB10,-5.076441785793607,3.845685492063306e-7,123,1.887147065420505e-6,Repressed in limbus,NES = regulon activity; not transcript abundance
C1,Limbus vs cornea,ZNF521,5.074213257549726,3.8910248771556807e-7,302,1.887147065420505e-6,Activated in limbus,NES = regulon activity; not transcript abundance
C1,Limbus vs cornea,TRERF1,-5.053447961243852,4.33904579117978e-7,125,2.0699382380874035e-6,Repressed in limbus,NES = regulon activity; not transcript abundance
C1,Limbus vs cornea,ZNF503,5.028530923542228,4.942518151055883e-7,310,2.3197948096084868e-6,Activated in limbus,NES = regulon activity; not transcript abundance
C1,Limbus vs cornea,ZNF800,-5.015889581835521,5.27886408550226e-7,18,2.43833245854152e-6,Repressed in limbus,NES = regulon activity; not transcript abundance
C1,Limbus vs cornea,HHEX,5.001375031371882,5.692285957246493e-7,362,2.5788405689409524e-6,Activated in limbus,NES = regulon activity; not transcript abundance
C1,Limbus vs cornea,HES2,-4.999085131512538,5.760296803476354e-7,56,2.5788405689409524e-6,Repressed in limbus,NES = regulon activity; not transcript abundance
C1,Limbus vs cornea,MITF,4.986300231544928,6.154648020670306e-7,486,2.7136402636591803e-6,Activated in limbus,NES = regulon activity; not transcript abundance
C1,Limbus vs cornea,ZNF134,-4.979585297141177,6.372066469691242e-7,87,2.7675691681793304e-6,Repressed in limbus,NES = regulon activity; not transcript abundance
C1,Limbus vs cornea,EGR4,-4.924129430929716,8.473673945492848e-7,48,3.6262339972623804e-6,Repressed in limbus,NES = regulon activity; not transcript abundance
C1,Limbus vs cornea,TFE3,4.872881108561244,1.0998241570459523e-6,105,4.635125487902674e-6,Activated in limbus,NES = regulon activity; not transcript abundance
C1,Limbus vs cornea,MEOX2,4.870177817611728,1.114978639701674e-6,414,4.635125487902674e-6,Activated in limbus,NES = regulon activity; not transcript abundance
C1,Limbus vs cornea,GBX2,-4.860614342175472,1.1702202951416365e-6,69,4.7962550124819185e-6,Repressed in limbus,NES = regulon activity; not transcript abundance
C1,Limbus vs cornea,TWIST1,4.825796449567521,1.3944487370484257e-6,150,5.593096334934405e-6,Activated in limbus,NES = regulon activity; not transcript abundance
C1,Limbus vs cornea,RXRA,-4.8245667616281445,1.4030791493134418e-6,24,5.593096334934405e-6,Repressed in limbus,NES = regulon activity; not transcript abundance
C1,Limbus vs cornea,ZBTB7B,-4.783067616995426,1.7264001858989049e-6,44,6.788952082386234e-6,Repressed in limbus,NES = regulon activity; not transcript abundance
C1,Limbus vs cornea,TEAD2,4.77685450220125,1.7805851160439603e-6,300,6.908670250250566e-6,Activated in limbus,NES = regulon activity; not transcript abundance
C1,Limbus vs cornea,FOXN1,-4.766011623085596,1.879084240148115e-6,211,7.1949146563565985e-6,Repressed in limbus,NES = regulon activity; not transcript abundance
C1,Limbus vs cornea,ZFP64,-4.749963868322819,2.034529965395129e-6,157,7.688937921168604e-6,Repressed in limbus,NES = regulon activity; not transcript abundance
C1,Limbus vs cornea,DLX3,-4.712604066716257,2.445711085190315e-6,32,9.124383663979253e-6,Repressed in limbus,NES = regulon activity; not transcript abundance
C1,Limbus vs cornea,CEBPG,-4.709933679650018,2.477974106909324e-6,225,9.127727406463459e-6,Repressed in limbus,NES = regulon activity; not transcript abundance
C1,Limbus vs cornea,BNC2,-4.682555974604347,2.8331978696170347e-6,146,1.0220391626495847e-5,Repressed in limbus,NES = regulon activity; not transcript abundance
C1,Limbus vs cornea,ZNF22,4.680543536982873,2.8611534101821405e-6,41,1.0220391626495847e-5,Activated in limbus,NES = regulon activity; not transcript abundance
C1,Limbus vs cornea,ZBTB14,-4.679199375248325,2.879972898187833e-6,44,1.0220391626495847e-5,Repressed in limbus,NES = regulon activity; not transcript abundance
C1,Limbus vs cornea,ZBED2,-4.616630848372625,3.9002014471415166e-6,51,1.3594793796110587e-5,Repressed in limbus,NES = regulon activity; not transcript abundance
C1,Limbus vs cornea,OSR2,4.615353364206381,3.924270374135015e-6,537,1.3594793796110587e-5,Activated in limbus,NES = regulon activity; not transcript abundance
C1,Limbus vs cornea,RUNX2,4.604265695641461,4.139237374879774e-6,313,1.4170800895176636e-5,Activated in limbus,NES = regulon activity; not transcript abundance
C1,Limbus vs cornea,MYCN,4.597416380395857,4.277622170876484e-6,81,1.4474279671221592e-5,Activated in limbus,NES = regulon activity; not transcript abundance
C1,Limbus vs cornea,ZNF488,-4.589827332114299,4.436128219773758e-6,105,1.4781917736047489e-5,Repressed in limbus,NES = regulon activity; not transcript abundance
C1,Limbus vs cornea,SP140L,4.588233111765341,4.470133198529825e-6,76,1.4781917736047489e-5,Activated in limbus,NES = regulon activity; not transcript abundance
C1,Limbus vs cornea,HLX,4.580094927585717,4.6476493569512e-6,12,1.5196246773851679e-5,Activated in limbus,NES = regulon activity; not transcript abundance
C1,Limbus vs cornea,ZNF229,-4.572698973154303,4.814816352785499e-6,371,1.5567906207339778e-5,Repressed in limbus,NES = regulon activity; not transcript abundance
C1,Limbus vs cornea,ZNF536,4.51227762479796,6.413516265970948e-6,197,2.0509156410962042e-5,Activated in limbus,NES = regulon activity; not transcript abundance
C1,Limbus vs cornea,ZNF44,-4.509489117450608,6.4983927891343245e-6,11,2.0554698930848788e-5,Repressed in limbus,NES = regulon activity; not transcript abundance
C1,Limbus vs cornea,DLX4,-4.495449680182583,6.942307499447136e-6,11,2.1722704111173293e-5,Repressed in limbus,NES = regulon activity; not transcript abundance
C1,Limbus vs cornea,ZNF717,-4.48078733330648,7.436818591548564e-6,55,2.3022491597240767e-5,Repressed in limbus,NES = regulon activity; not transcript abundance
C1,Limbus vs cornea,SOX5,4.45996298826659,8.197380791318467e-6,100,2.5109871687091303e-5,Activated in limbus,NES = regulon activity; not transcript abundance
C1,Limbus vs cornea,HEY2,4.454373559948285,8.413849556562286e-6,252,2.550448146832943e-5,Activated in limbus,NES = regulon activity; not transcript abundance
C1,Limbus vs cornea,IRX3,4.443367026488784,8.856189931678307e-6,517,2.656856979503492e-5,Activated in limbus,NES = regulon activity; not transcript abundance
C1,Limbus vs cornea,SOX15,-4.4316317171625,9.352265518827348e-6,102,2.777050271406896e-5,Repressed in limbus,NES = regulon activity; not transcript abundance
C1,Limbus vs cornea,XPA,-4.427173727754045,9.54758337122605e-6,157,2.8050755525760943e-5,Repressed in limbus,NES = regulon activity; not transcript abundance
C1,Limbus vs cornea,FOXN3,-4.423582432726231,9.707756692206465e-6,238,2.8050755525760943e-5,Repressed in limbus,NES = regulon activity; not transcript abundance
C1,Limbus vs cornea,ELK4,-4.420837019214584,9.83193112684292e-6,20,2.8050755525760943e-5,Repressed in limbus,NES = regulon activity; not transcript abundance
C1,Limbus vs cornea,DZIP1,4.420830592311539,9.832223586349196e-6,160,2.8050755525760943e-5,Activated in limbus,NES = regulon activity; not transcript abundance
C1,Limbus vs cornea,ZIK1,-4.410366785600523,1.0319567481146617e-5,33,2.915528288362782e-5,Repressed in limbus,NES = regulon activity; not transcript abundance
C1,Limbus vs cornea,TET3,-4.401787152853046,1.0736285450380503e-5,139,3.004095255827621e-5,Repressed in limbus,NES = regulon activity; not transcript abundance
C1,Limbus vs cornea,KLF3,-4.354097351592641,1.336163230015208e-5,78,3.677443501683696e-5,Repressed in limbus,NES = regulon activity; not transcript abundance
C1,Limbus vs cornea,E2F2,-4.353542704177991,1.3395498665926866e-5,41,3.677443501683696e-5,Repressed in limbus,NES = regulon activity; not transcript abundance
C1,Limbus vs cornea,MBD1,-4.337135063421834,1.4435192852077635e-5,98,3.925832822387469e-5,Repressed in limbus,NES = regulon activity; not transcript abundance
C1,Limbus vs cornea,IKZF1,4.333402227036651,1.4682250275492689e-5,335,3.94345844269351e-5,Activated in limbus,NES = regulon activity; not transcript abundance
C1,Limbus vs cornea,ZNF136,-4.332075454067958,1.4771029905621736e-5,75,3.94345844269351e-5,Repressed in limbus,NES = regulon activity; not transcript abundance
C1,Limbus vs cornea,DACH1,4.324571174702675,1.528288568281655e-5,198,4.043017939726924e-5,Activated in limbus,NES = regulon activity; not transcript abundance
C1,Limbus vs cornea,MSANTD3,4.320816701438014,1.5545276786085853e-5,269,4.0753833736495344e-5,Activated in limbus,NES = regulon activity; not transcript abundance
C1,Limbus vs cornea,TFAP2B,4.310513492389009,1.6287589018034666e-5,11,4.2318646466500784e-5,Activated in limbus,NES = regulon activity; not transcript abundance
C1,Limbus vs cornea,DBP,-4.298018654893138,1.723316623824071e-5,19,4.437921571086767e-5,Repressed in limbus,NES = regulon activity; not transcript abundance
C1,Limbus vs cornea,BNC1,-4.2900075530847825,1.7866704169573855e-5,19,4.5607113274964846e-5,Repressed in limbus,NES = regulon activity; not transcript abundance
C1,Limbus vs cornea,DMRTA2,-4.273355478682555,1.9255310592868307e-5,28,4.872430767412763e-5,Repressed in limbus,NES = regulon activity; not transcript abundance
C1,Limbus vs cornea,ZNF667,-4.248756051425492,2.1496084953562108e-5,49,5.3581893410343096e-5,Repressed in limbus,NES = regulon activity; not transcript abundance
C1,Limbus vs cornea,ZNF430,-4.248265120963385,2.1543235494880212e-5,68,5.3581893410343096e-5,Repressed in limbus,NES = regulon activity; not transcript abundance
C1,Limbus vs cornea,YBX2,-4.223697835991156,2.4032621531026874e-5,27,5.895546268314823e-5,Repressed in limbus,NES = regulon activity; not transcript abundance
C1,Limbus vs cornea,ZNF18,-4.222983618548992,2.4108934911665425e-5,28,5.895546268314823e-5,Repressed in limbus,NES = regulon activity; not transcript abundance
C1,Limbus vs cornea,BAZ2A,-4.2131656750637605,2.5181621341808755e-5,18,6.106543175388622e-5,Repressed in limbus,NES = regulon activity; not transcript abundance
C1,Limbus vs cornea,ELK3,4.198277741928571,2.68952643614136e-5,38,6.468199941463933e-5,Activated in limbus,NES = regulon activity; not transcript abundance
C1,Limbus vs cornea,L3MBTL3,-4.182339834649763,2.885242678738449e-5,15,6.882013274695809e-5,Repressed in limbus,NES = regulon activity; not transcript abundance
C1,Limbus vs cornea,RORA,-4.180441758992701,2.909433242980247e-5,192,6.883293282172779e-5,Repressed in limbus,NES = regulon activity; not transcript abundance
C1,Limbus vs cornea,CREB5,4.173106570765024,3.004743062297721e-5,316,7.051453476843844e-5,Activated in limbus,NES = regulon activity; not transcript abundance
C1,Limbus vs cornea,SOX10,4.169479755523827,3.0529573158054145e-5,149,7.107284631195004e-5,Activated in limbus,NES = regulon activity; not transcript abundance
C1,Limbus vs cornea,SKI,4.165753501734224,3.103258709473573e-5,138,7.167049876641348e-5,Activated in limbus,NES = regulon activity; not transcript abundance
C1,Limbus vs cornea,ZNF431,-4.1551230582390675,3.251125155721928e-5,22,7.44942850641796e-5,Repressed in limbus,NES = regulon activity; not transcript abundance
C1,Limbus vs cornea,BHLHE22,4.12151955525224,3.763815149820078e-5,68,8.556798504669084e-5,Activated in limbus,NES = regulon activity; not transcript abundance
C1,Limbus vs cornea,AR,4.099192515287099,4.14594075459957e-5,50,9.35247100456182e-5,Activated in limbus,NES = regulon activity; not transcript abundance
C1,Limbus vs cornea,FOXO3,4.037337897510707,5.406117554530871e-5,35,1.2101386218219103e-4,Activated in limbus,NES = regulon activity; not transcript abundance
C1,Limbus vs cornea,TOPORS,-4.029840522521905,5.581470693188633e-5,189,1.2398534135251086e-4,Repressed in limbus,NES = regulon activity; not transcript abundance
C1,Limbus vs cornea,SOX18,4.019780906279451,5.825228849667722e-5,12,1.2841981782222024e-4,Activated in limbus,NES = regulon activity; not transcript abundance
C1,Limbus vs cornea,HOXD1,3.9337584183601524,8.362783763846925e-5,33,1.8297519363003422e-4,Activated in limbus,NES = regulon activity; not transcript abundance
C1,Limbus vs cornea,TLX2,-3.918090470375746,8.92532095704196e-5,17,1.9382599988800077e-4,Repressed in limbus,NES = regulon activity; not transcript abundance
C1,Limbus vs cornea,TCF4,3.9107749974848742,9.200044670533045e-5,49,1.9831207400926787e-4,Activated in limbus,NES = regulon activity; not transcript abundance
C1,Limbus vs cornea,GLYR1,3.89235537643198,9.92756806858161e-5,268,2.1242075793803298e-4,Activated in limbus,NES = regulon activity; not transcript abundance
C1,Limbus vs cornea,NR2F1,3.887591402903339,1.0124386785183916e-4,333,2.1505084339332262e-4,Activated in limbus,NES = regulon activity; not transcript abundance
C1,Limbus vs cornea,ZBTB5,-3.8810381853941514,1.0401150675804466e-4,203,2.1932861207674635e-4,Repressed in limbus,NES = regulon activity; not transcript abundance
C1,Limbus vs cornea,NR1D2,-3.8577390587782507,1.1444072852396501e-4,143,2.3958454676599868e-4,Repressed in limbus,NES = regulon activity; not transcript abundance
C1,Limbus vs cornea,E2F8,-3.833085244731661,1.2654607685615705e-4,141,2.630350597510122e-4,Repressed in limbus,NES = regulon activity; not transcript abundance
C1,Limbus vs cornea,SOX2,3.8303659527618015,1.2795282273681316e-4,75,2.6407284692491227e-4,Activated in limbus,NES = regulon activity; not transcript abundance
C1,Limbus vs cornea,TFCP2L1,3.799695251064072,1.4487413194917662e-4,176,2.9688994645922815e-4,Activated in limbus,NES = regulon activity; not transcript abundance
C1,Limbus vs cornea,PAX3,3.7949820208453335,1.4765415573581418e-4,306,3.004710441896638e-4,Activated in limbus,NES = regulon activity; not transcript abundance
C1,Limbus vs cornea,ZNF177,-3.7461388160390303,1.795772454800907e-4,12,3.6289568357434997e-4,Repressed in limbus,NES = regulon activity; not transcript abundance
C1,Limbus vs cornea,YBX3,-3.675174712130841,2.3768670455872788e-4,11,4.7701262776958487e-4,Repressed in limbus,NES = regulon activity; not transcript abundance
C1,Limbus vs cornea,TEAD1,3.6680357611795142,2.44421003834444e-4,31,4.8716789120426847e-4,Activated in limbus,NES = regulon activity; not transcript abundance
C1,Limbus vs cornea,TSC22D1,3.6611214268988923,2.5111370288135036e-4,20,4.944809191555035e-4,Activated in limbus,NES = regulon activity; not transcript abundance
C1,Limbus vs cornea,ZNF658,-3.6607392693464202,2.514885774399124e-4,68,4.944809191555035e-4,Repressed in limbus,NES = regulon activity; not transcript abundance
C1,Limbus vs cornea,ZNF423,3.6369112467413203,2.759269524048493e-4,35,5.388908936228936e-4,Activated in limbus,NES = regulon activity; not transcript abundance
C1,Limbus vs cornea,DUX1,-3.6152251691034296,3.0008668020378384e-4,39,5.783127413198748e-4,Repressed in limbus,NES = regulon activity; not transcript abundance
C1,Limbus vs cornea,DUX3,-3.6152251691034296,3.0008668020378384e-4,39,5.783127413198748e-4,Repressed in limbus,NES = regulon activity; not transcript abundance
C1,Limbus vs cornea,PITX2,3.602683352265642,3.1494909774946203e-4,12,6.029617595071937e-4,Activated in limbus,NES = regulon activity; not transcript abundance
C1,Limbus vs cornea,ZNF628,-3.5976755597247525,3.210737720191034e-4,17,6.106697232520201e-4,Repressed in limbus,NES = regulon activity; not transcript abundance
C1,Limbus vs cornea,SMAD9,3.575986208446005,3.4891004642048515e-4,78,6.59304048755592e-4,Activated in limbus,NES = regulon activity; not transcript abundance
C1,Limbus vs cornea,CREM,-3.5702010666329325,3.5670732005243285e-4,11,6.696892266790836e-4,Repressed in limbus,NES = regulon activity; not transcript abundance
C1,Limbus vs cornea,AHRR,3.549692283608665,3.8568168759710276e-4,95,7.150145934192241e-4,Activated in limbus,NES = regulon activity; not transcript abundance
C1,Limbus vs cornea,FOXF2,3.549636177523998,3.857638871711965e-4,155,7.150145934192241e-4,Activated in limbus,NES = regulon activity; not transcript abundance
C1,Limbus vs cornea,ZNF814,-3.545875917497535,3.9131041645121815e-4,38,7.207046277677499e-4,Repressed in limbus,NES = regulon activity; not transcript abundance
C1,Limbus vs cornea,HMBOX1,3.5436760597286274,3.9458975113480435e-4,14,7.221736954731325e-4,Activated in limbus,NES = regulon activity; not transcript abundance
C1,Limbus vs cornea,MTF2,-3.525417120695842,4.2281645685762255e-4,18,7.68997430909801e-4,Repressed in limbus,NES = regulon activity; not transcript abundance
C1,Limbus vs cornea,RUNX3,3.4861198127717268,4.900814532164407e-4,110,8.829725454314719e-4,Activated in limbus,NES = regulon activity; not transcript abundance
C1,Limbus vs cornea,ZNF85,-3.485318414458142,4.915517263226751e-4,28,8.829725454314719e-4,Repressed in limbus,NES = regulon activity; not transcript abundance
C1,Limbus vs cornea,CSRNP3,-3.470228210716298,5.200163305930558e-4,22,9.283727128992592e-4,Repressed in limbus,NES = regulon activity; not transcript abundance
C1,Limbus vs cornea,ZNF57,-3.4613011044616613,5.37571183912368e-4,127,9.538610641371896e-4,Repressed in limbus,NES = regulon activity; not transcript abundance
C1,Limbus vs cornea,ZBTB9,-3.4381781371506603,5.856422955601684e-4,91,0.0010328600485333878,Repressed in limbus,NES = regulon activity; not transcript abundance
C1,Limbus vs cornea,ZNF703,3.4314301965398673,6.004076267273217e-4,349,0.001052521803479823,Activated in limbus,NES = regulon activity; not transcript abundance
C1,Limbus vs cornea,HOXD8,3.4289995061711753,6.058106298503955e-4,284,0.001055634091535719,Activated in limbus,NES = regulon activity; not transcript abundance
C1,Limbus vs cornea,KLF8,-3.423454586198005,6.183058225509067e-4,103,0.001070994014061392,Repressed in limbus,NES = regulon activity; not transcript abundance
C1,Limbus vs cornea,KLF2,3.4103069731063,6.48897986883128e-4,145,0.0011173332200176938,Activated in limbus,NES = regulon activity; not transcript abundance
C1,Limbus vs cornea,MECOM,3.402676185185019,6.672931603909335e-4,158,0.001142248880433892,Activated in limbus,NES = regulon activity; not transcript abundance
C1,Limbus vs cornea,FOXL2,3.3841785354727123,7.139156433092661e-4,106,0.0012149090772105055,Activated in limbus,NES = regulon activity; not transcript abundance
C1,Limbus vs cornea,CEBPA,-3.378520317959762,7.287704691833837e-4,19,0.0012329779449556082,Repressed in limbus,NES = regulon activity; not transcript abundance
C1,Limbus vs cornea,TFDP1,-3.3603973033634436,7.783045989677996e-4,46,0.001307043176945422,Repressed in limbus,NES = regulon activity; not transcript abundance
C1,Limbus vs cornea,IRX5,3.359254357685502,7.815309717817988e-4,303,0.001307043176945422,Activated in limbus,NES = regulon activity; not transcript abundance
C1,Limbus vs cornea,PRDM16,3.3530718045031045,7.991996995129907e-4,40,0.0013289549289044588,Activated in limbus,NES = regulon activity; not transcript abundance
C1,Limbus vs cornea,TAL1,3.3266769131880287,8.788821042312171e-4,323,0.0014531516609732054,Activated in limbus,NES = regulon activity; not transcript abundance
C1,Limbus vs cornea,ATOH8,3.317420845484442,9.085265469463183e-4,15,0.0014936792381998792,Activated in limbus,NES = regulon activity; not transcript abundance
C1,Limbus vs cornea,OVOL1,-3.298045617504087,9.736031568712054e-4,65,0.0015916770710647237,Repressed in limbus,NES = regulon activity; not transcript abundance
C1,Limbus vs cornea,PLSCR1,3.259248988228718,0.001117075825219233,135,0.0018160282968647866,Activated in limbus,NES = regulon activity; not transcript abundance
C1,Limbus vs cornea,ARID5B,3.2543765449736224,0.0011364154141973522,14,0.0018372049196190528,Activated in limbus,NES = regulon activity; not transcript abundance
C1,Limbus vs cornea,TET2,-3.239129807104314,0.001198949940063125,14,0.0019275935500462395,Repressed in limbus,NES = regulon activity; not transcript abundance
C1,Limbus vs cornea,MSX1,3.1736897670167066,0.001505144739595998,92,0.00240657757814525,Activated in limbus,NES = regulon activity; not transcript abundance
C1,Limbus vs cornea,HIVEP3,3.1687503622557944,0.001530958291304603,133,0.0024344746599433854,Activated in limbus,NES = regulon activity; not transcript abundance
C1,Limbus vs cornea,ZNF486,-3.1536813684527254,0.0016122501101127086,111,0.002549808598058686,Repressed in limbus,NES = regulon activity; not transcript abundance
C1,Limbus vs cornea,PKNOX2,3.1482194232679275,0.0016426833617163633,28,0.0025838965311322255,Activated in limbus,NES = regulon activity; not transcript abundance
C1,Limbus vs cornea,SOX9,3.132834905916428,0.0017312679175634678,107,0.002708596580704135,Activated in limbus,NES = regulon activity; not transcript abundance
C1,Limbus vs cornea,ZNF324,-3.1204170125787276,0.0018059517630524729,39,0.0027943027717480663,Repressed in limbus,NES = regulon activity; not transcript abundance
C1,Limbus vs cornea,ZNF141,-3.1191250909998387,0.0018138893516967357,14,0.0027943027717480663,Repressed in limbus,NES = regulon activity; not transcript abundance
C1,Limbus vs cornea,ZNF326,-3.1189680430804,0.0018148564393827647,203,0.0027943027717480663,Repressed in limbus,NES = regulon activity; not transcript abundance
C1,Limbus vs cornea,IRF4,3.098911665562972,0.0019423292171987885,15,0.00297483053792025,Activated in limbus,NES = regulon activity; not transcript abundance
C1,Limbus vs cornea,ZNF567,-3.0839000238291874,0.002043062396888563,69,0.0031127285732700095,Repressed in limbus,NES = regulon activity; not transcript abundance
C1,Limbus vs cornea,OSR1,3.0791919445280076,0.002075629054094871,12,0.0031458752851125384,Activated in limbus,NES = regulon activity; not transcript abundance
C1,Limbus vs cornea,SOX17,3.0692341320017524,0.0021460832898157157,274,0.0032358043385304317,Activated in limbus,NES = regulon activity; not transcript abundance
C1,Limbus vs cornea,NFATC1,3.067131278140615,0.002161239166009974,123,0.0032418587490149614,Activated in limbus,NES = regulon activity; not transcript abundance
C1,Limbus vs cornea,ZNF770,-3.0472409808151184,0.002309524749167781,29,0.0034465215487580734,Repressed in limbus,NES = regulon activity; not transcript abundance
C1,Limbus vs cornea,ZNF483,-3.011236603913723,0.002601860263679968,53,0.0038629660037289323,Repressed in limbus,NES = regulon activity; not transcript abundance
C1,Limbus vs cornea,OTX1,-3.007707830465197,0.002632260699337624,16,0.0038882632665342568,Repressed in limbus,NES = regulon activity; not transcript abundance
C1,Limbus vs cornea,DUX4,-2.994002715040351,0.0027534349433580873,52,0.004046714992511129,Repressed in limbus,NES = regulon activity; not transcript abundance
C1,Limbus vs cornea,CENPS,-2.9861595115097037,0.0028250524185921655,36,0.004131106803066936,Repressed in limbus,NES = regulon activity; not transcript abundance
C1,Limbus vs cornea,ZNF174,-2.980743330023935,0.0028754969042553194,18,0.00418384799569149,Repressed in limbus,NES = regulon activity; not transcript abundance
C1,Limbus vs cornea,ZXDB,-2.9638563503932494,0.0030381007312474105,10,0.004398444342253714,Repressed in limbus,NES = regulon activity; not transcript abundance
C1,Limbus vs cornea,BCL11B,2.9203251427010954,0.003496663598347715,17,0.005037272807520718,Activated in limbus,NES = regulon activity; not transcript abundance
C1,Limbus vs cornea,NR1D1,-2.865851965333575,0.004158886732236013,177,0.005961753887096944,Repressed in limbus,NES = regulon activity; not transcript abundance
C1,Limbus vs cornea,ZNF77,-2.834814338028052,0.004585232456188288,18,0.00654069923897447,Repressed in limbus,NES = regulon activity; not transcript abundance
C1,Limbus vs cornea,ZNF30,-2.794618379910653,0.005196101276547501,29,0.007360638718347974,Repressed in limbus,NES = regulon activity; not transcript abundance
C1,Limbus vs cornea,PRDM1,2.7937158618237627,0.005210623972438772,18,0.007360638718347974,Activated in limbus,NES = regulon activity; not transcript abundance
C1,Limbus vs cornea,JUND,-2.788193096166461,0.005300294115697519,75,0.007451138104676222,Repressed in limbus,NES = regulon activity; not transcript abundance
C1,Limbus vs cornea,NFIC,2.7842291117599864,0.0053655118792469815,20,0.007506557484908036,Activated in limbus,NES = regulon activity; not transcript abundance
C1,Limbus vs cornea,ZNF280D,2.7446651601197605,0.006057266618454404,19,0.00843380184674752,Activated in limbus,NES = regulon activity; not transcript abundance
C1,Limbus vs cornea,ZNF780A,2.7396376564216407,0.006150695189431868,120,0.00850133012611577,Activated in limbus,NES = regulon activity; not transcript abundance
C1,Limbus vs cornea,ELF2,-2.738916926553056,0.006164194696255765,61,0.00850133012611577,Repressed in limbus,NES = regulon activity; not transcript abundance
C1,Limbus vs cornea,ZKSCAN5,-2.684206655760408,0.007270215212317084,13,0.009979399182944677,Repressed in limbus,NES = regulon activity; not transcript abundance
C1,Limbus vs cornea,ZBTB16,2.6694516451493557,0.007597521185213512,24,0.010379712041770572,Activated in limbus,NES = regulon activity; not transcript abundance
C1,Limbus vs cornea,ZBTB21,-2.6539596926506186,0.00795533290771838,31,0.010817765776383406,Repressed in limbus,NES = regulon activity; not transcript abundance
C1,Limbus vs cornea,PROX1,2.64113832453089,0.008262797635615394,96,0.011183600520763162,Activated in limbus,NES = regulon activity; not transcript abundance
C1,Limbus vs cornea,GRHL1,-2.6297225736918595,0.008545457261409518,13,0.011460823186183399,Repressed in limbus,NES = regulon activity; not transcript abundance
C1,Limbus vs cornea,SP5,2.629685583065691,0.008546387049490713,12,0.011460823186183399,Activated in limbus,NES = regulon activity; not transcript abundance
C1,Limbus vs cornea,ZNF226,-2.6214228178372543,0.008756358708991259,25,0.011688533873011268,Repressed in limbus,NES = regulon activity; not transcript abundance
C1,Limbus vs cornea,PBX1,2.6197557444759223,0.008799276657831454,19,0.011692189531639056,Activated in limbus,NES = regulon activity; not transcript abundance
C1,Limbus vs cornea,FOXC2,2.6074619751983668,0.009121620104123242,43,0.012065415683181197,Activated in limbus,NES = regulon activity; not transcript abundance
C1,Limbus vs cornea,CEBPD,2.5923400925812774,0.009532548501204784,14,0.012551907754980055,Activated in limbus,NES = regulon activity; not transcript abundance
C1,Limbus vs cornea,ZBTB43,-2.526076038372081,0.011534451318539368,90,0.015119483485112413,Repressed in limbus,NES = regulon activity; not transcript abundance
C1,Limbus vs cornea,PAX6,-2.498877436892521,0.012458739162533905,22,0.01625781657532451,Repressed in limbus,NES = regulon activity; not transcript abundance
C1,Limbus vs cornea,STAT4,-2.487273705488734,0.012872631962581727,70,0.01672292812996108,Repressed in limbus,NES = regulon activity; not transcript abundance
C1,Limbus vs cornea,CSRNP2,2.4062319624721002,0.016118026909446467,12,0.020845981469550762,Activated in limbus,NES = regulon activity; not transcript abundance
C1,Limbus vs cornea,TCF7L2,-2.4044700573720026,0.016195932948400975,57,0.020854055256569397,Repressed in limbus,NES = regulon activity; not transcript abundance
C1,Limbus vs cornea,HMGN3,-2.3655014436599267,0.018005673094344317,28,0.02308216242490835,Repressed in limbus,NES = regulon activity; not transcript abundance
C1,Limbus vs cornea,MEIS2,2.3599669561765206,0.01827656294724835,97,0.023326665866882763,Activated in limbus,NES = regulon activity; not transcript abundance
C1,Limbus vs cornea,ZNF10,-2.3525243607714694,0.018646468334695018,23,0.02369485714146834,Repressed in limbus,NES = regulon activity; not transcript abundance
C1,Limbus vs cornea,SOX7,2.3035758110466613,0.021246466987875277,146,0.0268813995368335,Activated in limbus,NES = regulon activity; not transcript abundance
C1,Limbus vs cornea,NR4A1,-2.3005490613154618,0.02141713311675748,175,0.02698002483539579,Repressed in limbus,NES = regulon activity; not transcript abundance
C1,Limbus vs cornea,NFATC2,2.295920108050267,0.02168044979615183,65,0.027194012459828373,Activated in limbus,NES = regulon activity; not transcript abundance
C1,Limbus vs cornea,ZNF451,-2.283758724124623,0.022385714698036137,18,0.027958124365358435,Repressed in limbus,NES = regulon activity; not transcript abundance
C1,Limbus vs cornea,MKX,2.2816291087231595,0.022511246655175017,47,0.027994755455794572,Activated in limbus,NES = regulon activity; not transcript abundance
C1,Limbus vs cornea,ZFHX4,2.208284933232556,0.027224416951378852,38,0.03371193758660104,Activated in limbus,NES = regulon activity; not transcript abundance
C1,Limbus vs cornea,NR3C1,2.205377043120657,0.027427647604324534,19,0.033739493013236775,Activated in limbus,NES = regulon activity; not transcript abundance
C1,Limbus vs cornea,KLF4,-2.2046515392670667,0.027478556165419638,164,0.033739493013236775,Repressed in limbus,NES = regulon activity; not transcript abundance
C1,Limbus vs cornea,SOX8,2.2010105800965087,0.02773527484949008,11,0.03391161756807401,Activated in limbus,NES = regulon activity; not transcript abundance
C1,Limbus vs cornea,HSF2,-2.193184748972249,0.02829407090231664,128,0.034348349971755746,Repressed in limbus,NES = regulon activity; not transcript abundance
C1,Limbus vs cornea,IKZF5,-2.192706445514322,0.02832853605918,127,0.034348349971755746,Repressed in limbus,NES = regulon activity; not transcript abundance
C1,Limbus vs cornea,ZNF280B,2.1157756777606664,0.034363890641774086,95,0.041493328534258335,Activated in limbus,NES = regulon activity; not transcript abundance
C1,Limbus vs cornea,ZNF99,-2.1074239957382472,0.035080843436882586,97,0.0421839894220365,Repressed in limbus,NES = regulon activity; not transcript abundance
C1,Limbus vs cornea,FOXP2,-2.0761540441006976,0.03787970608338601,116,0.04536211716158572,Repressed in limbus,NES = regulon activity; not transcript abundance
C1,Limbus vs cornea,ZNF750,-2.072911461203614,0.03818052019525539,34,0.04553496465909557,Repressed in limbus,NES = regulon activity; not transcript abundance
C1,Limbus vs cornea,POU2AF1,2.0676546807072644,0.03867250630280603,91,0.04593346666986349,Activated in limbus,NES = regulon activity; not transcript abundance
C1,Limbus vs cornea,PRDM6,2.053166779194962,0.04005640514575437,29,0.04738379633095334,Activated in limbus,NES = regulon activity; not transcript abundance
C1,Limbus vs cornea,NFATC4,1.970593332209992,0.04877040992311736,13,0.05745825622521114,Activated in limbus,NES = regulon activity; not transcript abundance
C1,Limbus vs cornea,HOXD10,1.9679739781265324,0.049071031858363624,168,0.05757931560799925,Activated in limbus,NES = regulon activity; not transcript abundance
C1,Limbus vs cornea,FOSB,-1.9566882136334756,0.05038413646668329,143,0.05888266550925638,Repressed in limbus,NES = regulon activity; not transcript abundance
C1,Limbus vs cornea,ZNF268,-1.9377268685267897,0.052656554098409705,16,0.061292228970548895,Repressed in limbus,NES = regulon activity; not transcript abundance
C1,Limbus vs cornea,IRF2,-1.9276793650249084,0.05389502030043339,10,0.06248386815707616,Repressed in limbus,NES = regulon activity; not transcript abundance
C1,Limbus vs cornea,RFX2,1.8704328302432407,0.06142373650453983,14,0.07092979096357575,Activated in limbus,NES = regulon activity; not transcript abundance
C1,Limbus vs cornea,ZNF2,-1.7547333544891595,0.07930492794109811,22,0.09121634004292313,Repressed in limbus,NES = regulon activity; not transcript abundance
C1,Limbus vs cornea,EGR1,-1.6938880209740135,0.09028656367131578,96,0.10343854341871217,Repressed in limbus,NES = regulon activity; not transcript abundance
C1,Limbus vs cornea,NR2F2,1.6620922100640534,0.09649428726934264,12,0.10970378106251193,Activated in limbus,NES = regulon activity; not transcript abundance
C1,Limbus vs cornea,ZNF286A,-1.6620179861167161,0.09650916821994177,23,0.10970378106251193,Repressed in limbus,NES = regulon activity; not transcript abundance
C1,Limbus vs cornea,ZNF208,-1.6323746577411948,0.10260058440573626,20,0.11617420257614494,Repressed in limbus,NES = regulon activity; not transcript abundance
C1,Limbus vs cornea,NR4A3,1.6039377826087535,0.1087277675331506,40,0.12263480756646056,Activated in limbus,NES = regulon activity; not transcript abundance
C1,Limbus vs cornea,PHF1,-1.4787721733945782,0.1392012153162214,68,0.15639982106957692,Repressed in limbus,NES = regulon activity; not transcript abundance
C1,Limbus vs cornea,ETS2,1.449110314193639,0.14730677807648163,10,0.16462229251857755,Activated in limbus,NES = regulon activity; not transcript abundance
C1,Limbus vs cornea,ZBTB41,1.447878898200237,0.14765092215583758,12,0.16462229251857755,Activated in limbus,NES = regulon activity; not transcript abundance
C1,Limbus vs cornea,ZFP30,1.4309169198657503,0.15245402721844517,21,0.1693287096204868,Activated in limbus,NES = regulon activity; not transcript abundance
C1,Limbus vs cornea,JUNB,-1.3925134339566982,0.16376697647059496,18,0.18120224392754045,Repressed in limbus,NES = regulon activity; not transcript abundance
C1,Limbus vs cornea,MYB,1.3894615243875352,0.16469245292291573,63,0.18153599924457758,Activated in limbus,NES = regulon activity; not transcript abundance
C1,Limbus vs cornea,GATA3,1.351855034423787,0.17642169447717418,84,0.19373099280323655,Activated in limbus,NES = regulon activity; not transcript abundance
C1,Limbus vs cornea,MBD6,1.3069240042399217,0.1912385227580767,36,0.20921206813007637,Activated in limbus,NES = regulon activity; not transcript abundance
C1,Limbus vs cornea,BATF,1.2934580753337874,0.19585267523102107,14,0.21345741008324767,Activated in limbus,NES = regulon activity; not transcript abundance
C1,Limbus vs cornea,TRPS1,-1.256969435126387,0.20876470354639873,11,0.22668107735821652,Repressed in limbus,NES = regulon activity; not transcript abundance
C1,Limbus vs cornea,FOS,-1.1763876962256308,0.23943998612176887,31,0.2590224385183448,Repressed in limbus,NES = regulon activity; not transcript abundance
C1,Limbus vs cornea,ZNF804A,1.1311431210568732,0.2579948573680991,35,0.27806112405228456,Activated in limbus,NES = regulon activity; not transcript abundance
C1,Limbus vs cornea,ZNF362,-1.117772386249569,0.2636642179883989,11,0.2831228318620815,Repressed in limbus,NES = regulon activity; not transcript abundance
C1,Limbus vs cornea,CSRNP1,-1.097782659985659,0.27229940495727345,136,0.2913203192741418,Repressed in limbus,NES = regulon activity; not transcript abundance
C1,Limbus vs cornea,ZNF616,1.083213563445577,0.2787136407622345,19,0.29709036432897523,Activated in limbus,NES = regulon activity; not transcript abundance
C1,Limbus vs cornea,ETV3,-1.0628807698567626,0.2878360247770658,20,0.30569446427053343,Repressed in limbus,NES = regulon activity; not transcript abundance
C1,Limbus vs cornea,PRDM2,-1.0475315677472767,0.2948544805928503,19,0.31200965037279793,Repressed in limbus,NES = regulon activity; not transcript abundance
C1,Limbus vs cornea,MTERF1,0.8879157064134037,0.3745860954019081,18,0.39494403536940315,Activated in limbus,NES = regulon activity; not transcript abundance
C1,Limbus vs cornea,ATF4,-0.8532322870745913,0.39353050185259253,25,0.41342013010507017,Repressed in limbus,NES = regulon activity; not transcript abundance
C1,Limbus vs cornea,ZNF43,-0.7229198085364437,0.46972915296232115,23,0.49169490471955196,Repressed in limbus,NES = regulon activity; not transcript abundance
C1,Limbus vs cornea,MAFB,-0.7011228829818676,0.4832263308629305,101,0.5040102590720887,Repressed in limbus,NES = regulon activity; not transcript abundance
C1,Limbus vs cornea,FOXE1,0.5844760186095674,0.5589000951432157,10,0.5808568845952706,Activated in limbus,NES = regulon activity; not transcript abundance
C1,Limbus vs cornea,FOXM1,-0.47458178709795434,0.6350850902993337,60,0.6576859831925485,Repressed in limbus,NES = regulon activity; not transcript abundance
C1,Limbus vs cornea,ZSCAN20,-0.4695694634308635,0.6386626458110456,24,0.6590454962092704,Repressed in limbus,NES = regulon activity; not transcript abundance
C1,Limbus vs cornea,SOX11,-0.45020736057820016,0.6525609293938476,26,0.6710078814615181,Repressed in limbus,NES = regulon activity; not transcript abundance
C1,Limbus vs cornea,ZFP42,0.4340673431452679,0.6642395391084981,25,0.6806116404245527,Activated in limbus,NES = regulon activity; not transcript abundance
C1,Limbus vs cornea,KLF9,-0.38916313289911625,0.6971554737226378,14,0.711832431064167,Repressed in limbus,NES = regulon activity; not transcript abundance
C1,Limbus vs cornea,NFIL3,0.3459812002045752,0.7293568433201993,37,0.7421078370845385,Activated in limbus,NES = regulon activity; not transcript abundance
C1,Limbus vs cornea,NR4A2,-0.2896042567120219,0.7721190101157251,10,0.7828802506748294,Repressed in limbus,NES = regulon activity; not transcript abundance
C1,Limbus vs cornea,ASH1L,-0.26130752201027097,0.7938553663120325,11,0.8021246930444496,Repressed in limbus,NES = regulon activity; not transcript abundance
C1,Limbus vs cornea,HMGA2,0.252879088699101,0.8003616491931398,68,0.805900484135653,Activated in limbus,NES = regulon activity; not transcript abundance
C1,Limbus vs cornea,THAP1,-0.029342630689357774,0.9765913271532574,20,0.9799588834537857,Repressed in limbus,NES = regulon activity; not transcript abundance
C1,Limbus vs cornea,MEF2D,0.005662487505288474,0.9954820127877506,15,0.9954820127877506,Activated in limbus,NES = regulon activity; not transcript abundance
C2,Limbus vs conjunctiva,SP140L,-4.525245998277732,6.032529473566884e-6,76,0.0017554660768079634,Repressed in limbus,NES = regulon activity; not transcript abundance
C2,Limbus vs conjunctiva,HLF,3.593160043635528,3.2669179017687813e-4,318,0.03177134974813886,Activated in limbus,NES = regulon activity; not transcript abundance
C2,Limbus vs conjunctiva,TFAP2B,3.5924848613415645,3.275396881251429e-4,11,0.03177134974813886,Activated in limbus,NES = regulon activity; not transcript abundance
C2,Limbus vs conjunctiva,MSX2,3.314554950264677,9.178913681775603e-4,272,0.06460853738740263,Activated in limbus,NES = regulon activity; not transcript abundance
C2,Limbus vs conjunctiva,RORB,3.2343941583274023,0.001219010936412231,247,0.06460853738740263,Activated in limbus,NES = regulon activity; not transcript abundance
C2,Limbus vs conjunctiva,PRDM6,-3.2036791714343127,0.0013568358421246099,29,0.06460853738740263,Repressed in limbus,NES = regulon activity; not transcript abundance
C2,Limbus vs conjunctiva,TSC22D1,3.1466384785812624,0.0016515903211019567,20,0.06460853738740263,Activated in limbus,NES = regulon activity; not transcript abundance
C2,Limbus vs conjunctiva,AR,3.0757068139512604,0.00210004231303985,50,0.06460853738740263,Activated in limbus,NES = regulon activity; not transcript abundance
C2,Limbus vs conjunctiva,ZEB1,3.0755524718435083,0.002101129541132646,97,0.06460853738740263,Activated in limbus,NES = regulon activity; not transcript abundance
C2,Limbus vs conjunctiva,CSRNP3,3.059073777871964,0.002220224652488063,22,0.06460853738740263,Activated in limbus,NES = regulon activity; not transcript abundance
C2,Limbus vs conjunctiva,POU2AF1,-3.020030891340057,0.0025274890530043587,91,0.06686357403856985,Repressed in limbus,NES = regulon activity; not transcript abundance
C2,Limbus vs conjunctiva,FOXO3,2.965342642435332,0.0030234597576018563,35,0.07331889912184501,Activated in limbus,NES = regulon activity; not transcript abundance
C2,Limbus vs conjunctiva,FOXL2,-2.884726168345766,0.003917542502834326,106,0.0876926821788299,Repressed in limbus,NES = regulon activity; not transcript abundance
C2,Limbus vs conjunctiva,ALX1,-2.8022104076732375,0.005075376003869545,14,0.08915685396176787,Repressed in limbus,NES = regulon activity; not transcript abundance
C2,Limbus vs conjunctiva,DLX3,2.776991648881238,0.005486458861809268,32,0.08915685396176787,Activated in limbus,NES = regulon activity; not transcript abundance
C2,Limbus vs conjunctiva,MYCN,-2.767791991426507,0.005643746395035045,81,0.08915685396176787,Repressed in limbus,NES = regulon activity; not transcript abundance
C2,Limbus vs conjunctiva,CARF,-2.764859685088818,0.005694728579495208,17,0.08915685396176787,Repressed in limbus,NES = regulon activity; not transcript abundance
C2,Limbus vs conjunctiva,PROX1,-2.758076250321595,0.005814263378956132,96,0.08915685396176787,Repressed in limbus,NES = regulon activity; not transcript abundance
C2,Limbus vs conjunctiva,ZEB2,2.7443147628502187,0.0060637365379974904,377,0.08915685396176787,Activated in limbus,NES = regulon activity; not transcript abundance
C2,Limbus vs conjunctiva,DLX4,2.7164513379373445,0.006598589468449911,11,0.08915685396176787,Activated in limbus,NES = regulon activity; not transcript abundance
C2,Limbus vs conjunctiva,OVOL1,-2.6997201682250753,0.006939782027184805,65,0.08915685396176787,Repressed in limbus,NES = regulon activity; not transcript abundance
C2,Limbus vs conjunctiva,STAT2,2.6952191655969546,0.007034234625224366,148,0.08915685396176787,Activated in limbus,NES = regulon activity; not transcript abundance
C2,Limbus vs conjunctiva,ZNF451,2.685656988112109,0.0072387359885736375,18,0.08915685396176787,Activated in limbus,NES = regulon activity; not transcript abundance
C2,Limbus vs conjunctiva,GATA3,-2.6804127714694306,0.007353142594784978,84,0.08915685396176787,Repressed in limbus,NES = regulon activity; not transcript abundance
C2,Limbus vs conjunctiva,PITX2,2.6225275347759456,0.00872802148004595,12,0.10159417002773487,Activated in limbus,NES = regulon activity; not transcript abundance
C2,Limbus vs conjunctiva,FOXN1,2.5559007750385065,0.010591331585485978,211,0.11854144197601613,Activated in limbus,NES = regulon activity; not transcript abundance
C2,Limbus vs conjunctiva,L3MBTL3,-2.488617562117556,0.01282408308188061,15,0.12742100428413858,Repressed in limbus,NES = regulon activity; not transcript abundance
C2,Limbus vs conjunctiva,MYCL,2.4838997792296067,0.012995237572914225,130,0.12742100428413858,Activated in limbus,NES = regulon activity; not transcript abundance
C2,Limbus vs conjunctiva,MYB,-2.457808283658008,0.013978777588055184,63,0.12742100428413858,Repressed in limbus,NES = regulon activity; not transcript abundance
C2,Limbus vs conjunctiva,SOX9,2.4564372119055573,0.014032232095131048,107,0.12742100428413858,Activated in limbus,NES = regulon activity; not transcript abundance
C2,Limbus vs conjunctiva,BHLHE41,2.4492887606369074,0.014313864282687055,154,0.12742100428413858,Activated in limbus,NES = regulon activity; not transcript abundance
C2,Limbus vs conjunctiva,ETV3,-2.4414690338121563,0.014627642762846615,20,0.12742100428413858,Repressed in limbus,NES = regulon activity; not transcript abundance
C2,Limbus vs conjunctiva,RXRA,-2.4287514259196197,0.01515091597062023,24,0.12742100428413858,Repressed in limbus,NES = regulon activity; not transcript abundance
C2,Limbus vs conjunctiva,PKNOX2,2.4188905835013617,0.015567922195047663,28,0.12742100428413858,Activated in limbus,NES = regulon activity; not transcript abundance
C2,Limbus vs conjunctiva,L3MBTL4,2.408069062080629,0.016037146969323103,226,0.12742100428413858,Activated in limbus,NES = regulon activity; not transcript abundance
C2,Limbus vs conjunctiva,FOXP2,2.399076493545944,0.01643648070249537,116,0.12742100428413858,Activated in limbus,NES = regulon activity; not transcript abundance
C2,Limbus vs conjunctiva,ZBTB16,2.39549807521596,0.016597801383695075,24,0.12742100428413858,Activated in limbus,NES = regulon activity; not transcript abundance
C2,Limbus vs conjunctiva,ZNF675,-2.385983725810444,0.017033504815063626,48,0.12742100428413858,Repressed in limbus,NES = regulon activity; not transcript abundance
C2,Limbus vs conjunctiva,TEAD1,2.378345132904121,0.01739054024439891,31,0.12742100428413858,Activated in limbus,NES = regulon activity; not transcript abundance
C2,Limbus vs conjunctiva,GLMP,-2.3757164863038223,0.017514914678232105,174,0.12742100428413858,Repressed in limbus,NES = regulon activity; not transcript abundance
C2,Limbus vs conjunctiva,MTF2,-2.351369117235457,0.01870446866017277,18,0.12875039273238037,Repressed in limbus,NES = regulon activity; not transcript abundance
C2,Limbus vs conjunctiva,SOX8,2.340044547922896,0.019281439860972416,11,0.12875039273238037,Activated in limbus,NES = regulon activity; not transcript abundance
C2,Limbus vs conjunctiva,MECOM,-2.331646133051209,0.019719314771599085,158,0.12875039273238037,Repressed in limbus,NES = regulon activity; not transcript abundance
C2,Limbus vs conjunctiva,HOXD1,2.3301478582500055,0.019798337716531857,33,0.12875039273238037,Activated in limbus,NES = regulon activity; not transcript abundance
C2,Limbus vs conjunctiva,HHEX,-2.309682437597872,0.020905741823631467,362,0.12875039273238037,Repressed in limbus,NES = regulon activity; not transcript abundance
C2,Limbus vs conjunctiva,ATOH8,2.308690768892915,0.02096074695757471,15,0.12875039273238037,Activated in limbus,NES = regulon activity; not transcript abundance
C2,Limbus vs conjunctiva,GRHL1,-2.294245288584659,0.021776413257376864,13,0.12875039273238037,Repressed in limbus,NES = regulon activity; not transcript abundance
C2,Limbus vs conjunctiva,SOX10,2.2828884871089374,0.022436937820601202,149,0.12875039273238037,Activated in limbus,NES = regulon activity; not transcript abundance
C2,Limbus vs conjunctiva,PRRX1,2.2823955020178763,0.022466000660672298,52,0.12875039273238037,Activated in limbus,NES = regulon activity; not transcript abundance
C2,Limbus vs conjunctiva,MEOX2,2.2812705053032665,0.022532444916319807,414,0.12875039273238037,Activated in limbus,NES = regulon activity; not transcript abundance
C2,Limbus vs conjunctiva,PLSCR1,-2.275252179036094,0.022890806350872938,135,0.12875039273238037,Repressed in limbus,NES = regulon activity; not transcript abundance
C2,Limbus vs conjunctiva,AEBP1,2.2685898843887498,0.023293277333980227,241,0.12875039273238037,Activated in limbus,NES = regulon activity; not transcript abundance
C2,Limbus vs conjunctiva,CEBPG,2.2660326503366135,0.0234493842433545,225,0.12875039273238037,Activated in limbus,NES = regulon activity; not transcript abundance
C2,Limbus vs conjunctiva,RUNX3,2.2484204029898844,0.024549395385368888,110,0.13229396402115456,Activated in limbus,NES = regulon activity; not transcript abundance
C2,Limbus vs conjunctiva,BNC2,2.2297681168202588,0.025762841081655042,146,0.13533668702646184,Activated in limbus,NES = regulon activity; not transcript abundance
C2,Limbus vs conjunctiva,ZBTB5,2.2247438078663135,0.02609844157822071,203,0.13533668702646184,Activated in limbus,NES = regulon activity; not transcript abundance
C2,Limbus vs conjunctiva,CREM,-2.218151622894578,0.02654449598250678,11,0.13533668702646184,Repressed in limbus,NES = regulon activity; not transcript abundance
C2,Limbus vs conjunctiva,ZNF568,-2.2118891880106584,0.026974322500119538,22,0.13533668702646184,Repressed in limbus,NES = regulon activity; not transcript abundance
C2,Limbus vs conjunctiva,SMAD9,2.2014512976545775,0.027704090883014374,78,0.136642210965376,Activated in limbus,NES = regulon activity; not transcript abundance
C2,Limbus vs conjunctiva,MEF2C,2.193652945555108,0.02826036901568369,552,0.1370627897260659,Activated in limbus,NES = regulon activity; not transcript abundance
C2,Limbus vs conjunctiva,HSF2,2.1772309096112856,0.029463343175406477,128,0.1405546371154637,Activated in limbus,NES = regulon activity; not transcript abundance
C2,Limbus vs conjunctiva,PRDM1,-2.147964352409502,0.03171658744219856,18,0.14886333783354486,Repressed in limbus,NES = regulon activity; not transcript abundance
C2,Limbus vs conjunctiva,ZNF486,-2.1024173349386213,0.035516733992072225,111,0.16108289874504594,Repressed in limbus,NES = regulon activity; not transcript abundance
C2,Limbus vs conjunctiva,RORA,2.1020593771560576,0.035548074789043274,192,0.16108289874504594,Activated in limbus,NES = regulon activity; not transcript abundance
C2,Limbus vs conjunctiva,HLX,2.0971452856884603,0.03598071621452916,12,0.16108289874504594,Activated in limbus,NES = regulon activity; not transcript abundance
C2,Limbus vs conjunctiva,TAL1,-2.083661589574588,0.03719096042828885,323,0.16397832552472813,Repressed in limbus,NES = regulon activity; not transcript abundance
C2,Limbus vs conjunctiva,CSRNP2,2.0519985160705856,0.0401698066303787,12,0.17446886163343586,Activated in limbus,NES = regulon activity; not transcript abundance
C2,Limbus vs conjunctiva,CENPT,-2.045705441214602,0.040785360083844265,56,0.17453734977056884,Repressed in limbus,NES = regulon activity; not transcript abundance
C2,Limbus vs conjunctiva,GATA2,2.0195723742304326,0.043427763100861924,229,0.18315187046885248,Activated in limbus,NES = regulon activity; not transcript abundance
C2,Limbus vs conjunctiva,MEIS2,-2.0049819321683158,0.04496497863378404,97,0.18620754039676782,Repressed in limbus,NES = regulon activity; not transcript abundance
C2,Limbus vs conjunctiva,TSHZ3,-2.000174094160908,0.04548146814485043,304,0.18620754039676782,Repressed in limbus,NES = regulon activity; not transcript abundance
C2,Limbus vs conjunctiva,ZBED2,1.9947333613633147,0.04607196875796317,51,0.18620754039676782,Activated in limbus,NES = regulon activity; not transcript abundance
C2,Limbus vs conjunctiva,TBX3,1.98677521437565,0.04694731245895911,29,0.18714613596653565,Activated in limbus,NES = regulon activity; not transcript abundance
C2,Limbus vs conjunctiva,NR2F1,-1.9686569420263162,0.048992498943790465,333,0.1901475347872404,Repressed in limbus,NES = regulon activity; not transcript abundance
C2,Limbus vs conjunctiva,TWIST1,1.9685299236186389,0.049007096594649587,150,0.1901475347872404,Activated in limbus,NES = regulon activity; not transcript abundance
C2,Limbus vs conjunctiva,SKI,1.9599628858520937,0.05000012842592738,138,0.19144786015716933,Activated in limbus,NES = regulon activity; not transcript abundance
C2,Limbus vs conjunctiva,ZNF770,1.9182585948543112,0.05507822975030404,29,0.20557850995199314,Activated in limbus,NES = regulon activity; not transcript abundance
C2,Limbus vs conjunctiva,PLAGL1,-1.9180590970810105,0.05510351813146208,388,0.20557850995199314,Repressed in limbus,NES = regulon activity; not transcript abundance
C2,Limbus vs conjunctiva,PURB,1.910642966561272,0.0560504787664826,56,0.20646442178539795,Activated in limbus,NES = regulon activity; not transcript abundance
C2,Limbus vs conjunctiva,NFATC4,1.8918691343391647,0.0585084191542546,13,0.21282437467360113,Activated in limbus,NES = regulon activity; not transcript abundance
C2,Limbus vs conjunctiva,ZXDC,-1.8811703272283224,0.05994875275620294,108,0.21334358027715344,Repressed in limbus,NES = regulon activity; not transcript abundance
C2,Limbus vs conjunctiva,HMBOX1,1.8799313474000574,0.060117434992187566,14,0.21334358027715344,Activated in limbus,NES = regulon activity; not transcript abundance
C2,Limbus vs conjunctiva,ZNF10,1.8718413791640935,0.06122855163836682,23,0.21466877743090054,Activated in limbus,NES = regulon activity; not transcript abundance
C2,Limbus vs conjunctiva,ZNF687,-1.8610619531083732,0.06273542831598893,27,0.21733344809467592,Repressed in limbus,NES = regulon activity; not transcript abundance
C2,Limbus vs conjunctiva,ZNF18,1.851366081657233,0.06411690523599739,28,0.21950611086676752,Activated in limbus,NES = regulon activity; not transcript abundance
C2,Limbus vs conjunctiva,ZNF667,1.8277935506388288,0.06758054152005065,49,0.2230478286797125,Activated in limbus,NES = regulon activity; not transcript abundance
C2,Limbus vs conjunctiva,ZNF711,1.8252800680978227,0.0679587764238998,317,0.2230478286797125,Activated in limbus,NES = regulon activity; not transcript abundance
C2,Limbus vs conjunctiva,BHLHE22,1.8245252505866203,0.06807270250852843,68,0.2230478286797125,Activated in limbus,NES = regulon activity; not transcript abundance
C2,Limbus vs conjunctiva,TET2,1.8235682041544412,0.06821737715633819,14,0.2230478286797125,Activated in limbus,NES = regulon activity; not transcript abundance
C2,Limbus vs conjunctiva,ZFHX4,1.810942601711248,0.070149737114451,38,0.22681748333672488,Activated in limbus,NES = regulon activity; not transcript abundance
C2,Limbus vs conjunctiva,PRDM16,1.8024435233476173,0.07147565276867178,40,0.22856499951300538,Activated in limbus,NES = regulon activity; not transcript abundance
C2,Limbus vs conjunctiva,DMRTA2,1.7810212250988817,0.07490898337886265,28,0.23571054509477238,Activated in limbus,NES = regulon activity; not transcript abundance
C2,Limbus vs conjunctiva,FOXF2,1.7784487980435533,0.07533017420554582,155,0.23571054509477238,Activated in limbus,NES = regulon activity; not transcript abundance
C2,Limbus vs conjunctiva,MKX,1.7640332143225566,0.07772638733033477,47,0.23871838708984036,Activated in limbus,NES = regulon activity; not transcript abundance
C2,Limbus vs conjunctiva,ZNF750,-1.7628124939138923,0.07793211949668327,34,0.23871838708984036,Repressed in limbus,NES = regulon activity; not transcript abundance
C2,Limbus vs conjunctiva,ZNF326,-1.7534400490357864,0.07952650164884718,203,0.24106470812306802,Repressed in limbus,NES = regulon activity; not transcript abundance
C2,Limbus vs conjunctiva,SOX15,-1.7443163545689377,0.08110394139989409,102,0.24331182419968228,Repressed in limbus,NES = regulon activity; not transcript abundance
C2,Limbus vs conjunctiva,ZNF57,-1.7364299466189281,0.082487841010053,127,0.24493838504005536,Repressed in limbus,NES = regulon activity; not transcript abundance
C2,Limbus vs conjunctiva,IRF2,-1.7291363746735318,0.08378469036517787,10,0.24601000859821687,Repressed in limbus,NES = regulon activity; not transcript abundance
C2,Limbus vs conjunctiva,IRX5,-1.7242597009071108,0.08466097083891265,303,0.24601000859821687,Repressed in limbus,NES = regulon activity; not transcript abundance
C2,Limbus vs conjunctiva,ZNF532,1.716082925384042,0.08614686588302686,384,0.24601000859821687,Activated in limbus,NES = regulon activity; not transcript abundance
C2,Limbus vs conjunctiva,HIC1,1.7119907861389143,0.08689836646466971,12,0.24601000859821687,Activated in limbus,NES = regulon activity; not transcript abundance
C2,Limbus vs conjunctiva,FOXN2,1.7110292816162362,0.08707570751070906,103,0.24601000859821687,Activated in limbus,NES = regulon activity; not transcript abundance
C2,Limbus vs conjunctiva,ZSCAN20,-1.686932939736704,0.09161624737992317,24,0.25634930757266966,Repressed in limbus,NES = regulon activity; not transcript abundance
C2,Limbus vs conjunctiva,ZNF777,-1.6758075222788973,0.09377590023695852,30,0.2598932092281422,Repressed in limbus,NES = regulon activity; not transcript abundance
C2,Limbus vs conjunctiva,E2F8,-1.6532103175129467,0.09828806739578791,141,0.26889261821724963,Repressed in limbus,NES = regulon activity; not transcript abundance
C2,Limbus vs conjunctiva,ZFP64,1.6503509901108466,0.09887116889775158,157,0.26889261821724963,Activated in limbus,NES = regulon activity; not transcript abundance
C2,Limbus vs conjunctiva,HOXD10,-1.6414508924107354,0.10070385295054121,168,0.27134093711673607,Repressed in limbus,NES = regulon activity; not transcript abundance
C2,Limbus vs conjunctiva,IKZF5,1.618015819518695,0.10565918846301078,127,0.28008291438391586,Activated in limbus,NES = regulon activity; not transcript abundance
C2,Limbus vs conjunctiva,DZIP1,1.6170232301092946,0.10587326660560394,160,0.28008291438391586,Activated in limbus,NES = regulon activity; not transcript abundance
C2,Limbus vs conjunctiva,HMGA2,-1.6014024753233478,0.10928780485188887,68,0.2854030519490222,Repressed in limbus,NES = regulon activity; not transcript abundance
C2,Limbus vs conjunctiva,NFIC,1.5988863922357783,0.10984584817281956,20,0.2854030519490222,Activated in limbus,NES = regulon activity; not transcript abundance
C2,Limbus vs conjunctiva,ETS2,-1.5847082817320193,0.11303262935794343,10,0.28807735331808304,Repressed in limbus,NES = regulon activity; not transcript abundance
C2,Limbus vs conjunctiva,ZNF461,-1.5832028170232888,0.11337524461043853,97,0.28807735331808304,Repressed in limbus,NES = regulon activity; not transcript abundance
C2,Limbus vs conjunctiva,HOXD8,-1.5811444987404477,0.11384500217037646,284,0.28807735331808304,Repressed in limbus,NES = regulon activity; not transcript abundance
C2,Limbus vs conjunctiva,OSR2,-1.5628167335106307,0.11809570713745449,537,0.2958154717757295,Repressed in limbus,NES = regulon activity; not transcript abundance
C2,Limbus vs conjunctiva,MAFB,1.5553778730240295,0.11985610074108846,101,0.2958154717757295,Activated in limbus,NES = regulon activity; not transcript abundance
C2,Limbus vs conjunctiva,ZNF780A,-1.5549723043146613,0.11995266553105181,120,0.2958154717757295,Repressed in limbus,NES = regulon activity; not transcript abundance
C2,Limbus vs conjunctiva,ZNF324,1.5470221494503353,0.12185790471845313,39,0.2979886577568896,Activated in limbus,NES = regulon activity; not transcript abundance
C2,Limbus vs conjunctiva,TFE3,1.5204776270573375,0.1283909775452389,105,0.30481299080811597,Activated in limbus,NES = regulon activity; not transcript abundance
C2,Limbus vs conjunctiva,CREB5,-1.5182945945417698,0.1289401497606992,316,0.30481299080811597,Repressed in limbus,NES = regulon activity; not transcript abundance
C2,Limbus vs conjunctiva,THRB,1.5085358598757492,0.1314174359684215,267,0.30481299080811597,Activated in limbus,NES = regulon activity; not transcript abundance
C2,Limbus vs conjunctiva,TERF2,-1.502672883706794,0.13292341853443618,16,0.30481299080811597,Repressed in limbus,NES = regulon activity; not transcript abundance
C2,Limbus vs conjunctiva,ZNF658,-1.501525328647476,0.13321974055688687,68,0.30481299080811597,Repressed in limbus,NES = regulon activity; not transcript abundance
C2,Limbus vs conjunctiva,FOXC2,-1.4989247434121578,0.13389315651859707,43,0.30481299080811597,Repressed in limbus,NES = regulon activity; not transcript abundance
C2,Limbus vs conjunctiva,LHX1,-1.4987793544048953,0.13393088226821384,32,0.30481299080811597,Repressed in limbus,NES = regulon activity; not transcript abundance
C2,Limbus vs conjunctiva,CEBPA,-1.4976850592734827,0.1342150954384502,19,0.30481299080811597,Repressed in limbus,NES = regulon activity; not transcript abundance
C2,Limbus vs conjunctiva,EBF1,-1.4929130563847317,0.13545994699790248,588,0.30481299080811597,Repressed in limbus,NES = regulon activity; not transcript abundance
C2,Limbus vs conjunctiva,IRX3,1.4911926862663272,0.13591091331191038,517,0.30481299080811597,Activated in limbus,NES = regulon activity; not transcript abundance
C2,Limbus vs conjunctiva,YBX2,-1.4862586963045261,0.13721070728902676,27,0.30481299080811597,Repressed in limbus,NES = regulon activity; not transcript abundance
C2,Limbus vs conjunctiva,SMAD5,-1.483451430612471,0.1379545116082896,412,0.30481299080811597,Repressed in limbus,NES = regulon activity; not transcript abundance
C2,Limbus vs conjunctiva,CUX1,-1.4822804553233717,0.1382656865521351,185,0.30481299080811597,Repressed in limbus,NES = regulon activity; not transcript abundance
C2,Limbus vs conjunctiva,EGR4,1.4545197220076374,0.1458022696768313,48,0.317193840008323,Activated in limbus,NES = regulon activity; not transcript abundance
C2,Limbus vs conjunctiva,ZBTB14,-1.4535836656506047,0.14606176825125528,44,0.317193840008323,Repressed in limbus,NES = regulon activity; not transcript abundance
C2,Limbus vs conjunctiva,ZNF99,-1.4428775665604825,0.14905496366495072,97,0.3203326572925092,Repressed in limbus,NES = regulon activity; not transcript abundance
C2,Limbus vs conjunctiva,ESRRG,-1.4374873446155374,0.15057956621968208,162,0.3203326572925092,Repressed in limbus,NES = regulon activity; not transcript abundance
C2,Limbus vs conjunctiva,FOXD1,1.4328544195837118,0.15189944551521206,75,0.3203326572925092,Activated in limbus,NES = regulon activity; not transcript abundance
C2,Limbus vs conjunctiva,ZNF423,1.4328163333902544,0.15191033232428272,35,0.3203326572925092,Activated in limbus,NES = regulon activity; not transcript abundance
C2,Limbus vs conjunctiva,GLYR1,1.4247572079584536,0.1542273959166711,268,0.3228789367751891,Activated in limbus,NES = regulon activity; not transcript abundance
C2,Limbus vs conjunctiva,NR4A3,1.417033822478267,0.15647303903897083,40,0.32501756407745874,Activated in limbus,NES = regulon activity; not transcript abundance
C2,Limbus vs conjunctiva,SOX11,1.4103887198897889,0.15842493431305998,26,0.32501756407745874,Activated in limbus,NES = regulon activity; not transcript abundance
C2,Limbus vs conjunctiva,ZXDB,-1.406088585305361,0.15969782147275963,10,0.32501756407745874,Repressed in limbus,NES = regulon activity; not transcript abundance
C2,Limbus vs conjunctiva,NR1D1,1.4060255602584903,0.15971653492466184,177,0.32501756407745874,Activated in limbus,NES = regulon activity; not transcript abundance
C2,Limbus vs conjunctiva,ZNF44,-1.3816409138339525,0.1670819849167247,11,0.33764484451921456,Repressed in limbus,NES = regulon activity; not transcript abundance
C2,Limbus vs conjunctiva,ELF2,-1.3683393274918596,0.17120588607693185,61,0.3435925024026701,Repressed in limbus,NES = regulon activity; not transcript abundance
C2,Limbus vs conjunctiva,ZNF488,1.3519701832639208,0.1763848538826082,105,0.3492900145170396,Activated in limbus,NES = regulon activity; not transcript abundance
C2,Limbus vs conjunctiva,ZNF229,1.3517807273351137,0.17644547125087567,371,0.3492900145170396,Activated in limbus,NES = regulon activity; not transcript abundance
C2,Limbus vs conjunctiva,ZNF814,1.3425408253298425,0.1794207024425176,38,0.3527798946673826,Activated in limbus,NES = regulon activity; not transcript abundance
C2,Limbus vs conjunctiva,ZBTB7C,1.3012017663105773,0.19318940084862443,268,0.37517740521945697,Activated in limbus,NES = regulon activity; not transcript abundance
C2,Limbus vs conjunctiva,KLF9,1.3006145765762576,0.19339041506157575,14,0.37517740521945697,Activated in limbus,NES = regulon activity; not transcript abundance
C2,Limbus vs conjunctiva,HIVEP3,-1.278243868911803,0.20116345254999393,133,0.3876726138546241,Repressed in limbus,NES = regulon activity; not transcript abundance
C2,Limbus vs conjunctiva,KLF2,1.267208210016082,0.20508085092797537,145,0.3914238456974901,Activated in limbus,NES = regulon activity; not transcript abundance
C2,Limbus vs conjunctiva,ZNF536,1.2651985383782842,0.20580016629455666,197,0.3914238456974901,Activated in limbus,NES = regulon activity; not transcript abundance
C2,Limbus vs conjunctiva,PPARG,1.2525014725003847,0.21038719209536538,25,0.39690453163174566,Activated in limbus,NES = regulon activity; not transcript abundance
C2,Limbus vs conjunctiva,ZFP42,-1.2496987058817646,0.21140963025058618,25,0.39690453163174566,Repressed in limbus,NES = regulon activity; not transcript abundance
C2,Limbus vs conjunctiva,BCL11B,1.2376816178749745,0.2158341377172612,17,0.4000546846212935,Activated in limbus,NES = regulon activity; not transcript abundance
C2,Limbus vs conjunctiva,MSX1,1.2376737303319287,0.21583706352420304,92,0.4000546846212935,Activated in limbus,NES = regulon activity; not transcript abundance
C2,Limbus vs conjunctiva,ZNF91,1.232808522308901,0.21764721099891232,240,0.4008565721562246,Activated in limbus,NES = regulon activity; not transcript abundance
C2,Limbus vs conjunctiva,NFIX,1.1963100992236722,0.2315755691161683,276,0.4238269849861948,Activated in limbus,NES = regulon activity; not transcript abundance
C2,Limbus vs conjunctiva,NR3C1,1.1671502144081176,0.2431497122325089,19,0.4422285391228756,Activated in limbus,NES = regulon activity; not transcript abundance
C2,Limbus vs conjunctiva,BNC1,1.1536788404577616,0.248631861993043,19,0.44939050832282923,Activated in limbus,NES = regulon activity; not transcript abundance
C2,Limbus vs conjunctiva,FLI1,1.1450004492032488,0.2522089712967632,275,0.4530420410330746,Activated in limbus,NES = regulon activity; not transcript abundance
C2,Limbus vs conjunctiva,MITF,-1.1184292655671737,0.2633837010139893,486,0.46378536114132524,Repressed in limbus,NES = regulon activity; not transcript abundance
C2,Limbus vs conjunctiva,DUX1,-1.1159980953060527,0.26442294990802906,39,0.46378536114132524,Repressed in limbus,NES = regulon activity; not transcript abundance
C2,Limbus vs conjunctiva,DUX3,-1.1159980953060527,0.26442294990802906,39,0.46378536114132524,Repressed in limbus,NES = regulon activity; not transcript abundance
C2,Limbus vs conjunctiva,NFIL3,1.1156666636523223,0.26456484518714773,37,0.46378536114132524,Activated in limbus,NES = regulon activity; not transcript abundance
C2,Limbus vs conjunctiva,NR2F2,-1.078756485279798,0.2806962978467753,12,0.486995008166889,Repressed in limbus,NES = regulon activity; not transcript abundance
C2,Limbus vs conjunctiva,FOSB,-1.0755868998444575,0.2821120487849321,143,0.486995008166889,Repressed in limbus,NES = regulon activity; not transcript abundance
C2,Limbus vs conjunctiva,ZNF43,-1.0739942031817615,0.2828252796570593,23,0.486995008166889,Repressed in limbus,NES = regulon activity; not transcript abundance
C2,Limbus vs conjunctiva,ZKSCAN5,1.0585813107043271,0.2897905021125722,13,0.49379304471638147,Activated in limbus,NES = regulon activity; not transcript abundance
C2,Limbus vs conjunctiva,BAZ2A,-1.0577552333818134,0.29016704689519324,18,0.49379304471638147,Repressed in limbus,NES = regulon activity; not transcript abundance
C2,Limbus vs conjunctiva,ELK4,-1.0432284175290722,0.29684251500460934,20,0.4948819428692885,Repressed in limbus,NES = regulon activity; not transcript abundance
C2,Limbus vs conjunctiva,XPA,-1.0410296039746962,0.2978618089208302,157,0.4948819428692885,Repressed in limbus,NES = regulon activity; not transcript abundance
C2,Limbus vs conjunctiva,HES2,-1.0400733720730213,0.2983058137369554,56,0.4948819428692885,Repressed in limbus,NES = regulon activity; not transcript abundance
C2,Limbus vs conjunctiva,ZNF30,1.0396964565899829,0.29848094737171443,29,0.4948819428692885,Activated in limbus,NES = regulon activity; not transcript abundance
C2,Limbus vs conjunctiva,GTF2IRD1,1.0345660911111592,0.3008715966432746,98,0.4948819428692885,Activated in limbus,NES = regulon activity; not transcript abundance
C2,Limbus vs conjunctiva,ZNF616,-1.0342684835483338,0.3010106662813198,19,0.4948819428692885,Repressed in limbus,NES = regulon activity; not transcript abundance
C2,Limbus vs conjunctiva,ZNF136,-1.0183706331736093,0.3085018527686336,75,0.5043485345824291,Repressed in limbus,NES = regulon activity; not transcript abundance
C2,Limbus vs conjunctiva,MTERF1,-1.0118078275022162,0.311629946646934,18,0.5066162819790938,Repressed in limbus,NES = regulon activity; not transcript abundance
C2,Limbus vs conjunctiva,SOX18,1.0058369781379213,0.3144939961765964,12,0.5084319604854975,Activated in limbus,NES = regulon activity; not transcript abundance
C2,Limbus vs conjunctiva,ATF4,0.98504148003,0.32460369638829306,25,0.5125852052197412,Activated in limbus,NES = regulon activity; not transcript abundance
C2,Limbus vs conjunctiva,DACH1,0.9849119753121123,0.32466731056707665,198,0.5125852052197412,Activated in limbus,NES = regulon activity; not transcript abundance
C2,Limbus vs conjunctiva,ZNF177,0.9842321713203134,0.3250013710530311,12,0.5125852052197412,Activated in limbus,NES = regulon activity; not transcript abundance
C2,Limbus vs conjunctiva,ZNF567,0.980479262757868,0.32684960101806043,69,0.5125852052197412,Activated in limbus,NES = regulon activity; not transcript abundance
C2,Limbus vs conjunctiva,ZIK1,-0.9797318245684596,0.32721851253366285,33,0.5125852052197412,Repressed in limbus,NES = regulon activity; not transcript abundance
C2,Limbus vs conjunctiva,ZNF804A,0.9739543919258175,0.3300791850968997,35,0.5125852052197412,Activated in limbus,NES = regulon activity; not transcript abundance
C2,Limbus vs conjunctiva,TOPORS,0.972636262166045,0.33073411349184134,189,0.5125852052197412,Activated in limbus,NES = regulon activity; not transcript abundance
C2,Limbus vs conjunctiva,EGR1,-0.9686356707509655,0.33272699925995225,96,0.5125852052197412,Repressed in limbus,NES = regulon activity; not transcript abundance
C2,Limbus vs conjunctiva,FOS,-0.9682567395006845,0.3329161642148834,31,0.5125852052197412,Repressed in limbus,NES = regulon activity; not transcript abundance
C2,Limbus vs conjunctiva,ZNF599,-0.9480205203932022,0.3431190077098367,66,0.5255138486503289,Repressed in limbus,NES = regulon activity; not transcript abundance
C2,Limbus vs conjunctiva,ASH1L,0.9383254210690657,0.3480771995307692,11,0.5303165710128473,Activated in limbus,NES = regulon activity; not transcript abundance
C2,Limbus vs conjunctiva,ZBTB9,0.9185290617465822,0.35834195132495267,91,0.5415800883909329,Activated in limbus,NES = regulon activity; not transcript abundance
C2,Limbus vs conjunctiva,SOX7,-0.9159443125813475,0.3596961034243626,146,0.5415800883909329,Repressed in limbus,NES = regulon activity; not transcript abundance
C2,Limbus vs conjunctiva,ZNF226,-0.9133597022540848,0.3610533922606219,25,0.5415800883909329,Repressed in limbus,NES = regulon activity; not transcript abundance
C2,Limbus vs conjunctiva,ZBTB41,-0.905101650840096,0.36541153764689377,12,0.5429115036423489,Repressed in limbus,NES = regulon activity; not transcript abundance
C2,Limbus vs conjunctiva,PHF1,0.9046094013440596,0.36567235296872985,68,0.5429115036423489,Activated in limbus,NES = regulon activity; not transcript abundance
C2,Limbus vs conjunctiva,KLF4,0.8716219481402905,0.383414653089303,164,0.5660285777712688,Activated in limbus,NES = regulon activity; not transcript abundance
C2,Limbus vs conjunctiva,ZNF483,0.8684777516986494,0.38513284673096637,53,0.5660285777712688,Activated in limbus,NES = regulon activity; not transcript abundance
C2,Limbus vs conjunctiva,JUNB,-0.8442447448849708,0.39853265570022484,18,0.5819890707553518,Repressed in limbus,NES = regulon activity; not transcript abundance
C2,Limbus vs conjunctiva,GBX2,-0.8390822508512943,0.4014231554307095,69,0.5819890707553518,Repressed in limbus,NES = regulon activity; not transcript abundance
C2,Limbus vs conjunctiva,ZBTB7B,-0.8365691030018441,0.4028348188331834,44,0.5819890707553518,Repressed in limbus,NES = regulon activity; not transcript abundance
C2,Limbus vs conjunctiva,ETS1,0.8345122036495001,0.4039924133765672,354,0.5819890707553518,Activated in limbus,NES = regulon activity; not transcript abundance
C2,Limbus vs conjunctiva,ZFP2,0.8218936475368477,0.4111374287180447,22,0.5893644914135517,Activated in limbus,NES = regulon activity; not transcript abundance
C2,Limbus vs conjunctiva,RFX2,-0.7945577218731804,0.4268708196837298,14,0.6072040901591501,Repressed in limbus,NES = regulon activity; not transcript abundance
C2,Limbus vs conjunctiva,RUNX2,0.7930383857801472,0.4277554587031814,313,0.6072040901591501,Activated in limbus,NES = regulon activity; not transcript abundance
C2,Limbus vs conjunctiva,MSANTD3,0.7880745343039115,0.4306531098249731,269,0.6083497813546951,Activated in limbus,NES = regulon activity; not transcript abundance
C2,Limbus vs conjunctiva,ZNF431,-0.7701241950203833,0.44122622502468606,22,0.6185587440889035,Repressed in limbus,NES = regulon activity; not transcript abundance
C2,Limbus vs conjunctiva,CENPS,-0.7685991066929028,0.44213133598107196,36,0.6185587440889035,Repressed in limbus,NES = regulon activity; not transcript abundance
C2,Limbus vs conjunctiva,THAP1,-0.7389483081065588,0.45993838669533454,20,0.6368504491801122,Repressed in limbus,NES = regulon activity; not transcript abundance
C2,Limbus vs conjunctiva,TSHZ2,-0.737650690271184,0.4607267436444065,322,0.6368504491801122,Repressed in limbus,NES = regulon activity; not transcript abundance
C2,Limbus vs conjunctiva,ZNF83,-0.7355995250654046,0.46197445170564155,95,0.6368504491801122,Repressed in limbus,NES = regulon activity; not transcript abundance
C2,Limbus vs conjunctiva,ARNT2,0.7292086775280263,0.46587402396169725,62,0.6368504491801122,Activated in limbus,NES = regulon activity; not transcript abundance
C2,Limbus vs conjunctiva,SOX5,0.7287603540540804,0.4661482669256492,100,0.6368504491801122,Activated in limbus,NES = regulon activity; not transcript abundance
C2,Limbus vs conjunctiva,FOXE1,-0.7165547710443463,0.4736488606162007,10,0.6410894425382245,Repressed in limbus,NES = regulon activity; not transcript abundance
C2,Limbus vs conjunctiva,TFDP1,-0.7165413438984336,0.47365714826707306,46,0.6410894425382245,Repressed in limbus,NES = regulon activity; not transcript abundance
C2,Limbus vs conjunctiva,HMGN3,-0.7111546898273315,0.47698838286357637,28,0.6426093491356515,Repressed in limbus,NES = regulon activity; not transcript abundance
C2,Limbus vs conjunctiva,NR4A2,-0.6995368298395537,0.48421660474044614,10,0.6483799645605633,Repressed in limbus,NES = regulon activity; not transcript abundance
C2,Limbus vs conjunctiva,HES5,-0.697119605032653,0.4857279459594598,267,0.6483799645605633,Repressed in limbus,NES = regulon activity; not transcript abundance
C2,Limbus vs conjunctiva,PAX6,-0.682420142184773,0.49497332293962876,22,0.6548586208607392,Repressed in limbus,NES = regulon activity; not transcript abundance
C2,Limbus vs conjunctiva,ZNF430,-0.6822480457248453,0.4950821188637891,68,0.6548586208607392,Repressed in limbus,NES = regulon activity; not transcript abundance
C2,Limbus vs conjunctiva,NR4A1,0.6683949572572577,0.5038815135595617,175,0.6634819929675676,Activated in limbus,NES = regulon activity; not transcript abundance
C2,Limbus vs conjunctiva,ZNF521,0.6450006169574242,0.5189267858969482,302,0.6802148409730266,Activated in limbus,NES = regulon activity; not transcript abundance
C2,Limbus vs conjunctiva,SOX2,0.6292398036079607,0.5291920739214337,75,0.6905600605880593,Activated in limbus,NES = regulon activity; not transcript abundance
C2,Limbus vs conjunctiva,IKZF1,-0.5955306010864491,0.5514888502944033,335,0.7164431046235329,Repressed in limbus,NES = regulon activity; not transcript abundance
C2,Limbus vs conjunctiva,ZNF503,0.5623772660172786,0.5738590049527892,310,0.7398602972801648,Activated in limbus,NES = regulon activity; not transcript abundance
C2,Limbus vs conjunctiva,ZNF800,-0.5574572649490129,0.5772150493928727,18,0.7398602972801648,Repressed in limbus,NES = regulon activity; not transcript abundance
C2,Limbus vs conjunctiva,ZNF280B,-0.5569639097067811,0.5775520876033332,95,0.7398602972801648,Repressed in limbus,NES = regulon activity; not transcript abundance
C2,Limbus vs conjunctiva,E2F3,-0.5538458353954945,0.5796843566318817,334,0.7398602972801648,Repressed in limbus,NES = regulon activity; not transcript abundance
C2,Limbus vs conjunctiva,ZNF628,0.5414406391633878,0.5882039024911601,17,0.7474556140826532,Activated in limbus,NES = regulon activity; not transcript abundance
C2,Limbus vs conjunctiva,ZNF362,0.5200551249977902,0.6030251543466283,11,0.7629579126733428,Activated in limbus,NES = regulon activity; not transcript abundance
C2,Limbus vs conjunctiva,BATF,-0.4789164091409643,0.6319980968908625,14,0.7947251734512157,Repressed in limbus,NES = regulon activity; not transcript abundance
C2,Limbus vs conjunctiva,MBD6,-0.4725446629373729,0.636538070179262,36,0.7947251734512157,Repressed in limbus,NES = regulon activity; not transcript abundance
C2,Limbus vs conjunctiva,PRDM2,0.46943362562239016,0.6387597179483722,19,0.7947251734512157,Activated in limbus,NES = regulon activity; not transcript abundance
C2,Limbus vs conjunctiva,STAT4,0.46517358665560193,0.6418071522789939,70,0.7947251734512157,Activated in limbus,NES = regulon activity; not transcript abundance
C2,Limbus vs conjunctiva,ZNF141,-0.46244504466953307,0.6437622032372974,14,0.7947251734512157,Repressed in limbus,NES = regulon activity; not transcript abundance
C2,Limbus vs conjunctiva,OTX1,-0.45730894472835243,0.647449001421736,16,0.7947251734512157,Repressed in limbus,NES = regulon activity; not transcript abundance
C2,Limbus vs conjunctiva,NR1D2,-0.45715202021286616,0.6475617819481677,143,0.7947251734512157,Repressed in limbus,NES = regulon activity; not transcript abundance
C2,Limbus vs conjunctiva,PAX3,-0.4537880112571614,0.6499814133381077,306,0.7947251734512157,Repressed in limbus,NES = regulon activity; not transcript abundance
C2,Limbus vs conjunctiva,GRHL3,0.4382407198791535,0.6612117933560703,18,0.8023340087845218,Activated in limbus,NES = regulon activity; not transcript abundance
C2,Limbus vs conjunctiva,CEBPD,-0.43754138420277405,0.6617187701315644,14,0.8023340087845218,Repressed in limbus,NES = regulon activity; not transcript abundance
C2,Limbus vs conjunctiva,ZNF2,-0.42251489865208797,0.6726492283605903,22,0.8122030101781401,Repressed in limbus,NES = regulon activity; not transcript abundance
C2,Limbus vs conjunctiva,KLF3,0.3981679736896405,0.6905063717306599,78,0.8282652574609976,Activated in limbus,NES = regulon activity; not transcript abundance
C2,Limbus vs conjunctiva,ELK3,-0.3938914746268441,0.6936611648847137,38,0.8282652574609976,Repressed in limbus,NES = regulon activity; not transcript abundance
C2,Limbus vs conjunctiva,ZNF85,0.3907884501135049,0.6959536129488237,28,0.8282652574609976,Activated in limbus,NES = regulon activity; not transcript abundance
C2,Limbus vs conjunctiva,YBX3,-0.38891810479649086,0.6973367287901869,11,0.8282652574609976,Repressed in limbus,NES = regulon activity; not transcript abundance
C2,Limbus vs conjunctiva,ZNF77,-0.37015221598227444,0.7112690779763149,18,0.835978747479159,Repressed in limbus,NES = regulon activity; not transcript abundance
C2,Limbus vs conjunctiva,E2F2,0.36803522033690256,0.7128469724312307,41,0.835978747479159,Activated in limbus,NES = regulon activity; not transcript abundance
C2,Limbus vs conjunctiva,TCF4,0.3655209874979444,0.7147225432569044,49,0.835978747479159,Activated in limbus,NES = regulon activity; not transcript abundance
C2,Limbus vs conjunctiva,TRPS1,-0.3647178656955572,0.715322021038868,11,0.835978747479159,Repressed in limbus,NES = regulon activity; not transcript abundance
C2,Limbus vs conjunctiva,TEAD2,0.3513771030476529,0.7253054577483133,300,0.8442555528190366,Activated in limbus,NES = regulon activity; not transcript abundance
C2,Limbus vs conjunctiva,TCF7L2,0.3453792780952692,0.7298092535112369,57,0.8461135170190038,Activated in limbus,NES = regulon activity; not transcript abundance
C2,Limbus vs conjunctiva,ZFP30,-0.3398649595174969,0.7339582257823112,21,0.8463521145016941,Repressed in limbus,NES = regulon activity; not transcript abundance
C2,Limbus vs conjunctiva,SOX17,-0.33528350302287135,0.7374112369449366,274,0.8463521145016941,Repressed in limbus,NES = regulon activity; not transcript abundance
C2,Limbus vs conjunctiva,NFATC1,0.33072621963799387,0.7408512953731343,123,0.8463521145016941,Activated in limbus,NES = regulon activity; not transcript abundance
C2,Limbus vs conjunctiva,KLF8,0.32967074635457333,0.7416487601303505,103,0.8463521145016941,Activated in limbus,NES = regulon activity; not transcript abundance
C2,Limbus vs conjunctiva,ZNF134,-0.3181169743461264,0.7503962082720119,87,0.8529894398717011,Repressed in limbus,NES = regulon activity; not transcript abundance
C2,Limbus vs conjunctiva,NFATC2,-0.3098161441057583,0.7567007740525478,65,0.856069429233957,Repressed in limbus,NES = regulon activity; not transcript abundance
C2,Limbus vs conjunctiva,ZNF717,-0.3068081678553339,0.7589893908672196,55,0.856069429233957,Repressed in limbus,NES = regulon activity; not transcript abundance
C2,Limbus vs conjunctiva,OSR1,0.3010886206248204,0.7633469180815979,12,0.8576600508175483,Activated in limbus,NES = regulon activity; not transcript abundance
C2,Limbus vs conjunctiva,ZNF208,0.2867349259168658,0.7743152929406023,20,0.8666375009450588,Activated in limbus,NES = regulon activity; not transcript abundance
C2,Limbus vs conjunctiva,AHRR,0.27702962953831944,0.7817573550833337,95,0.8716145223342916,Activated in limbus,NES = regulon activity; not transcript abundance
C2,Limbus vs conjunctiva,IRF4,0.27124875134802395,0.7861997197571897,15,0.8730758454270825,Activated in limbus,NES = regulon activity; not transcript abundance
C2,Limbus vs conjunctiva,TRERF1,-0.2675203504352061,0.7890685475853013,125,0.8730758454270825,Repressed in limbus,NES = regulon activity; not transcript abundance
C2,Limbus vs conjunctiva,DUX4,0.25932500102744316,0.7953844910043588,52,0.8767306321298046,Activated in limbus,NES = regulon activity; not transcript abundance
C2,Limbus vs conjunctiva,TET3,0.24752575041198843,0.8045013654473265,139,0.8834335748874416,Activated in limbus,NES = regulon activity; not transcript abundance
C2,Limbus vs conjunctiva,JUND,-0.23887106311363288,0.8112055643823717,75,0.887446688854399,Repressed in limbus,NES = regulon activity; not transcript abundance
C2,Limbus vs conjunctiva,ZNF703,-0.22658999030723165,0.8207425764442777,349,0.892397451276109,Repressed in limbus,NES = regulon activity; not transcript abundance
C2,Limbus vs conjunctiva,ZBTB10,-0.22514777046147022,0.8218643193883066,123,0.892397451276109,Repressed in limbus,NES = regulon activity; not transcript abundance
C2,Limbus vs conjunctiva,ZNF280D,-0.2138466232079314,0.8306666657677426,19,0.8986022295108295,Repressed in limbus,NES = regulon activity; not transcript abundance
C2,Limbus vs conjunctiva,ARID5B,-0.20867802231709648,0.8346995980731995,14,0.8996206779233372,Repressed in limbus,NES = regulon activity; not transcript abundance
C2,Limbus vs conjunctiva,KLF12,0.19544613255591156,0.8450437043488954,296,0.9074085533783343,Activated in limbus,NES = regulon activity; not transcript abundance
C2,Limbus vs conjunctiva,CSRNP1,-0.1897697916209521,0.8494895285091082,136,0.9088288705740827,Repressed in limbus,NES = regulon activity; not transcript abundance
C2,Limbus vs conjunctiva,TLX2,0.1817876732409798,0.8557493586637361,17,0.9121723933009055,Activated in limbus,NES = regulon activity; not transcript abundance
C2,Limbus vs conjunctiva,PBX1,0.17527114899859017,0.8608665805998443,19,0.9142780107830464,Activated in limbus,NES = regulon activity; not transcript abundance
C2,Limbus vs conjunctiva,MEF2D,-0.14865076696430837,0.8818292117523674,15,0.9331356386179596,Repressed in limbus,NES = regulon activity; not transcript abundance
C2,Limbus vs conjunctiva,ZFPM2,-0.10828921776935736,0.9137662752934039,401,0.9634274859071759,Repressed in limbus,NES = regulon activity; not transcript abundance
C2,Limbus vs conjunctiva,ZNF268,0.10252053395989094,0.9183435149779984,16,0.9647579886591969,Activated in limbus,NES = regulon activity; not transcript abundance
C2,Limbus vs conjunctiva,TFCP2L1,0.08859608922875731,0.9294029162077935,176,0.9697540691662547,Activated in limbus,NES = regulon activity; not transcript abundance
C2,Limbus vs conjunctiva,ZBTB43,-0.08814150231637354,0.929764210643935,90,0.9697540691662547,Repressed in limbus,NES = regulon activity; not transcript abundance
C2,Limbus vs conjunctiva,DBP,-0.06974986364424207,0.9443927529439042,19,0.9712677588861571,Repressed in limbus,NES = regulon activity; not transcript abundance
C2,Limbus vs conjunctiva,FOXM1,-0.06587167355786847,0.9474799928133861,60,0.9712677588861571,Repressed in limbus,NES = regulon activity; not transcript abundance
C2,Limbus vs conjunctiva,ZNF596,-0.06309527733634204,0.9496906349475314,43,0.9712677588861571,Repressed in limbus,NES = regulon activity; not transcript abundance
C2,Limbus vs conjunctiva,ZBTB21,0.06269345563224776,0.9500106087925277,31,0.9712677588861571,Activated in limbus,NES = regulon activity; not transcript abundance
C2,Limbus vs conjunctiva,ZNF22,0.06180602464501031,0.9507173056896727,41,0.9712677588861571,Activated in limbus,NES = regulon activity; not transcript abundance
C2,Limbus vs conjunctiva,CREBL2,-0.0611476517345707,0.9512416195276796,189,0.9712677588861571,Repressed in limbus,NES = regulon activity; not transcript abundance
C2,Limbus vs conjunctiva,MBD1,-0.05330597831497715,0.9574881169696294,98,0.9742274197138537,Repressed in limbus,NES = regulon activity; not transcript abundance
C2,Limbus vs conjunctiva,ZNF286A,-0.021693155301168904,0.9826927237678802,23,0.9959979504237574,Repressed in limbus,NES = regulon activity; not transcript abundance
C2,Limbus vs conjunctiva,HEY2,-0.01788583365141461,0.9857299303162959,252,0.9959979504237574,Repressed in limbus,NES = regulon activity; not transcript abundance
C2,Limbus vs conjunctiva,ZNF174,-0.01346607996502822,0.9892559474150322,18,0.9961020093348595,Repressed in limbus,NES = regulon activity; not transcript abundance
C2,Limbus vs conjunctiva,SP5,-0.00443127952660836,0.996464362052226,12,0.9970045202666518,Repressed in limbus,NES = regulon activity; not transcript abundance
C2,Limbus vs conjunctiva,FOXN3,0.0037542859170610773,0.9970045202666518,238,0.9970045202666518,Activated in limbus,NES = regulon activity; not transcript abundance
C3,Limbus vs cultured limbal epithelial cells,HMGA2,-5.431450137209076,5.589793567327901e-8,68,9.276871549136001e-6,Repressed in limbus,NES = regulon activity; not transcript abundance
C3,Limbus vs cultured limbal epithelial cells,ARID5B,5.4079265296045875,6.375856734801376e-8,14,9.276871549136001e-6,Activated in limbus,NES = regulon activity; not transcript abundance
C3,Limbus vs cultured limbal epithelial cells,EBF1,5.09965513069208,3.4027288947633344e-7,588,2.482372768213112e-5,Activated in limbus,NES = regulon activity; not transcript abundance
C3,Limbus vs cultured limbal epithelial cells,ZEB2,5.09912918395988,3.412196244966477e-7,377,2.482372768213112e-5,Activated in limbus,NES = regulon activity; not transcript abundance
C3,Limbus vs cultured limbal epithelial cells,ZFP42,-5.014106136721306,5.328057151853838e-7,25,2.736396658343505e-5,Repressed in limbus,NES = regulon activity; not transcript abundance
C3,Limbus vs cultured limbal epithelial cells,MEF2C,5.0030832878759,5.642054965656711e-7,552,2.736396658343505e-5,Activated in limbus,NES = regulon activity; not transcript abundance
C3,Limbus vs cultured limbal epithelial cells,HIC1,4.909628446356654,9.124911605231843e-7,12,3.490937607241735e-5,Activated in limbus,NES = regulon activity; not transcript abundance
C3,Limbus vs cultured limbal epithelial cells,GATA2,4.899725195005795,9.597079332623326e-7,229,3.490937607241735e-5,Activated in limbus,NES = regulon activity; not transcript abundance
C3,Limbus vs cultured limbal epithelial cells,TBX3,4.803659665265393,1.5579154863234103e-6,29,3.9917811549491865e-5,Activated in limbus,NES = regulon activity; not transcript abundance
C3,Limbus vs cultured limbal epithelial cells,TAL1,4.802034118613422,1.57061922916081e-6,323,3.9917811549491865e-5,Activated in limbus,NES = regulon activity; not transcript abundance
C3,Limbus vs cultured limbal epithelial cells,FOSB,4.79924360111919,1.5926598397449413e-6,143,3.9917811549491865e-5,Activated in limbus,NES = regulon activity; not transcript abundance
C3,Limbus vs cultured limbal epithelial cells,SOX10,4.792629399298171,1.6460953216285305e-6,149,3.9917811549491865e-5,Activated in limbus,NES = regulon activity; not transcript abundance
C3,Limbus vs cultured limbal epithelial cells,PBX1,4.756596665369946,1.9688398323041684e-6,19,4.407172240003946e-5,Activated in limbus,NES = regulon activity; not transcript abundance
C3,Limbus vs cultured limbal epithelial cells,ZSCAN20,-4.697658887247107,2.631604527201868e-6,24,5.468978717808968e-5,Repressed in limbus,NES = regulon activity; not transcript abundance
C3,Limbus vs cultured limbal epithelial cells,MAFB,4.672989218721746,2.9684735483816534e-6,101,5.468978717808968e-5,Activated in limbus,NES = regulon activity; not transcript abundance
C3,Limbus vs cultured limbal epithelial cells,GLYR1,4.670341200425871,3.0069986077300165e-6,268,5.468978717808968e-5,Activated in limbus,NES = regulon activity; not transcript abundance
C3,Limbus vs cultured limbal epithelial cells,EGR1,4.606755998629792,4.08999454694295e-6,96,6.625628780811841e-5,Activated in limbus,NES = regulon activity; not transcript abundance
C3,Limbus vs cultured limbal epithelial cells,RORB,4.60633259382474,4.098327080914541e-6,247,6.625628780811841e-5,Activated in limbus,NES = regulon activity; not transcript abundance
C3,Limbus vs cultured limbal epithelial cells,KLF2,4.55832089975026,5.156420978449335e-6,145,7.60459794560601e-5,Activated in limbus,NES = regulon activity; not transcript abundance
C3,Limbus vs cultured limbal epithelial cells,KLF4,4.545915581338678,5.469695761732944e-6,164,7.60459794560601e-5,Activated in limbus,NES = regulon activity; not transcript abundance
C3,Limbus vs cultured limbal epithelial cells,HOXD1,4.545217554138506,5.4878541875507285e-6,33,7.60459794560601e-5,Activated in limbus,NES = regulon activity; not transcript abundance
C3,Limbus vs cultured limbal epithelial cells,HLX,4.525762310047238,6.017818686988637e-6,12,7.959932899607697e-5,Activated in limbus,NES = regulon activity; not transcript abundance
C3,Limbus vs cultured limbal epithelial cells,SOX18,4.5134166388966035,6.379152981004321e-6,12,8.071015293357641e-5,Activated in limbus,NES = regulon activity; not transcript abundance
C3,Limbus vs cultured limbal epithelial cells,ZNF286A,-4.4889567636435315,7.157282086639989e-6,23,8.413698171075888e-5,Repressed in limbus,NES = regulon activity; not transcript abundance
C3,Limbus vs cultured limbal epithelial cells,MITF,4.486853824999273,7.22826303357035e-6,486,8.413698171075888e-5,Activated in limbus,NES = regulon activity; not transcript abundance
C3,Limbus vs cultured limbal epithelial cells,IRX3,4.4594181781920215,8.218243876911638e-6,517,9.198111416081871e-5,Activated in limbus,NES = regulon activity; not transcript abundance
C3,Limbus vs cultured limbal epithelial cells,ARNT2,4.45042575491404,8.570021845068815e-6,62,9.236579099685279e-5,Activated in limbus,NES = regulon activity; not transcript abundance
C3,Limbus vs cultured limbal epithelial cells,HLF,4.408858229230268,1.0391702012663849e-5,318,1.0724123760820052e-4,Activated in limbus,NES = regulon activity; not transcript abundance
C3,Limbus vs cultured limbal epithelial cells,CSRNP1,4.402779623976823,1.068727110184816e-5,136,1.0724123760820052e-4,Activated in limbus,NES = regulon activity; not transcript abundance
C3,Limbus vs cultured limbal epithelial cells,JUND,4.38580731167425,1.1555638368147052e-5,75,1.1208969217102639e-4,Activated in limbus,NES = regulon activity; not transcript abundance
C3,Limbus vs cultured limbal epithelial cells,MEOX2,4.3628893395503905,1.283558775642673e-5,414,1.2048890442323155e-4,Activated in limbus,NES = regulon activity; not transcript abundance
C3,Limbus vs cultured limbal epithelial cells,TFAP2B,4.335989197417441,1.4510607031308805e-5,11,1.3195583269096445e-4,Activated in limbus,NES = regulon activity; not transcript abundance
C3,Limbus vs cultured limbal epithelial cells,FLI1,4.314217471626195,1.6016922108096426e-5,275,1.4124013131685032e-4,Activated in limbus,NES = regulon activity; not transcript abundance
C3,Limbus vs cultured limbal epithelial cells,ZEB1,4.28382358345564,1.8370859668398346e-5,97,1.5448403425186876e-4,Activated in limbus,NES = regulon activity; not transcript abundance
C3,Limbus vs cultured limbal epithelial cells,ZFPM2,4.27591614742172,1.9035286576033486e-5,401,1.5448403425186876e-4,Activated in limbus,NES = regulon activity; not transcript abundance
C3,Limbus vs cultured limbal epithelial cells,IKZF1,4.275026840880421,1.911142691775696e-5,335,1.5448403425186876e-4,Activated in limbus,NES = regulon activity; not transcript abundance
C3,Limbus vs cultured limbal epithelial cells,PRRX1,4.224328298902946,2.3965448265195754e-5,52,1.85357120351438e-4,Activated in limbus,NES = regulon activity; not transcript abundance
C3,Limbus vs cultured limbal epithelial cells,CREM,-4.222090297536164,2.420470987407094e-5,11,1.85357120351438e-4,Repressed in limbus,NES = regulon activity; not transcript abundance
C3,Limbus vs cultured limbal epithelial cells,NFIC,4.1831274393281515,2.8752610606779164e-5,20,2.1006681322925853e-4,Activated in limbus,NES = regulon activity; not transcript abundance
C3,Limbus vs cultured limbal epithelial cells,PRDM2,4.182160793018871,2.887516333048227e-5,19,2.1006681322925853e-4,Activated in limbus,NES = regulon activity; not transcript abundance
C3,Limbus vs cultured limbal epithelial cells,ZNF362,4.109846716314013,3.959218414537518e-5,11,2.810079411293702e-4,Activated in limbus,NES = regulon activity; not transcript abundance
C3,Limbus vs cultured limbal epithelial cells,CEBPD,4.099048141654799,4.148527472161689e-5,14,2.822148978328584e-4,Activated in limbus,NES = regulon activity; not transcript abundance
C3,Limbus vs cultured limbal epithelial cells,DUX4,4.097588541371947,4.174765020295785e-5,52,2.822148978328584e-4,Activated in limbus,NES = regulon activity; not transcript abundance
C3,Limbus vs cultured limbal epithelial cells,IKZF5,4.092516601110814,4.267166840084457e-5,127,2.822148978328584e-4,Activated in limbus,NES = regulon activity; not transcript abundance
C3,Limbus vs cultured limbal epithelial cells,HHEX,4.066661378846985,4.769146307485311e-5,362,3.084047945507168e-4,Activated in limbus,NES = regulon activity; not transcript abundance
C3,Limbus vs cultured limbal epithelial cells,SKI,4.061201089853005,4.882089680097453e-5,138,3.088452384583389e-4,Activated in limbus,NES = regulon activity; not transcript abundance
C3,Limbus vs cultured limbal epithelial cells,ATF4,4.024397796419857,5.712129394540409e-5,25,3.466867197559686e-4,Activated in limbus,NES = regulon activity; not transcript abundance
C3,Limbus vs cultured limbal epithelial cells,SMAD9,4.024133643133397,5.718543831026286e-5,78,3.466867197559686e-4,Activated in limbus,NES = regulon activity; not transcript abundance
C3,Limbus vs cultured limbal epithelial cells,HMBOX1,4.000602522462091,6.318140642501211e-5,14,3.752201891771127e-4,Activated in limbus,NES = regulon activity; not transcript abundance
C3,Limbus vs cultured limbal epithelial cells,CREB5,3.9949905536404002,6.469683246466595e-5,316,3.7653556494435584e-4,Activated in limbus,NES = regulon activity; not transcript abundance
C3,Limbus vs cultured limbal epithelial cells,ZBTB16,3.981267726236418,6.85486862595109e-5,24,3.9113073924544454e-4,Activated in limbus,NES = regulon activity; not transcript abundance
C3,Limbus vs cultured limbal epithelial cells,HIVEP3,3.9743549076264024,7.057026641668497e-5,133,3.949220678318332e-4,Activated in limbus,NES = regulon activity; not transcript abundance
C3,Limbus vs cultured limbal epithelial cells,NFIL3,3.950585227082203,7.796032975241345e-5,37,4.2804633882928897e-4,Activated in limbus,NES = regulon activity; not transcript abundance
C3,Limbus vs cultured limbal epithelial cells,NR4A1,3.939884182678545,8.152095558570667e-5,175,4.3930737176741926e-4,Activated in limbus,NES = regulon activity; not transcript abundance
C3,Limbus vs cultured limbal epithelial cells,AR,3.9149124762784226,9.043700799908488e-5,50,4.7056796120436645e-4,Activated in limbus,NES = regulon activity; not transcript abundance
C3,Limbus vs cultured limbal epithelial cells,ZNF134,-3.9145951201088183,9.055603377128701e-5,87,4.7056796120436645e-4,Repressed in limbus,NES = regulon activity; not transcript abundance
C3,Limbus vs cultured limbal epithelial cells,AEBP1,3.900713993936173,9.590940504996261e-5,241,4.896427520971776e-4,Activated in limbus,NES = regulon activity; not transcript abundance
C3,Limbus vs cultured limbal epithelial cells,NFIX,3.890280344105667,1.0012847734013663e-4,276,5.023687397582718e-4,Activated in limbus,NES = regulon activity; not transcript abundance
C3,Limbus vs cultured limbal epithelial cells,STAT2,3.8776207890321173,1.054829608514873e-4,148,5.062424202997381e-4,Activated in limbus,NES = regulon activity; not transcript abundance
C3,Limbus vs cultured limbal epithelial cells,NR1D1,3.87674482773303,1.0586328085810106e-4,177,5.062424202997381e-4,Activated in limbus,NES = regulon activity; not transcript abundance
C3,Limbus vs cultured limbal epithelial cells,SOX2,3.87615626731131,1.0611954514874236e-4,75,5.062424202997381e-4,Activated in limbus,NES = regulon activity; not transcript abundance
C3,Limbus vs cultured limbal epithelial cells,ZBED2,-3.865548746720862,1.1083970732216557e-4,51,5.202315295282287e-4,Repressed in limbus,NES = regulon activity; not transcript abundance
C3,Limbus vs cultured limbal epithelial cells,TWIST1,3.857959167529487,1.14337743270015e-4,150,5.281314808186406e-4,Activated in limbus,NES = regulon activity; not transcript abundance
C3,Limbus vs cultured limbal epithelial cells,PLAGL1,3.8415400313625203,1.222647909473272e-4,388,5.559227213386284e-4,Activated in limbus,NES = regulon activity; not transcript abundance
C3,Limbus vs cultured limbal epithelial cells,SP5,3.8366111234446407,1.2474376462405303e-4,12,5.584682385476836e-4,Activated in limbus,NES = regulon activity; not transcript abundance
C3,Limbus vs cultured limbal epithelial cells,IRX5,3.814828182973053,1.3627771836652476e-4,303,6.008608491614956e-4,Activated in limbus,NES = regulon activity; not transcript abundance
C3,Limbus vs cultured limbal epithelial cells,FOXO3,3.7987652416682667,1.4541874953290717e-4,35,6.265230432119582e-4,Activated in limbus,NES = regulon activity; not transcript abundance
C3,Limbus vs cultured limbal epithelial cells,TSC22D1,3.7970910766959163,1.4640401009763973e-4,20,6.265230432119582e-4,Activated in limbus,NES = regulon activity; not transcript abundance
C3,Limbus vs cultured limbal epithelial cells,ZNF703,3.7875325809818383,1.5215073854206416e-4,349,6.41679201677401e-4,Activated in limbus,NES = regulon activity; not transcript abundance
C3,Limbus vs cultured limbal epithelial cells,NFATC2,3.763066735467604,1.6784238911986496e-4,65,6.925921300602714e-4,Activated in limbus,NES = regulon activity; not transcript abundance
C3,Limbus vs cultured limbal epithelial cells,ALX1,3.7613733785323045,1.6898295956796998e-4,14,6.925921300602714e-4,Activated in limbus,NES = regulon activity; not transcript abundance
C3,Limbus vs cultured limbal epithelial cells,SOX8,3.7507665409304796,1.7629478859039493e-4,11,7.125247705528462e-4,Activated in limbus,NES = regulon activity; not transcript abundance
C3,Limbus vs cultured limbal epithelial cells,THRB,3.718525013121253,2.0038945244387244e-4,267,7.977811857535217e-4,Activated in limbus,NES = regulon activity; not transcript abundance
C3,Limbus vs cultured limbal epithelial cells,OSR2,3.715412836588254,2.0287219156618765e-4,537,7.977811857535217e-4,Activated in limbus,NES = regulon activity; not transcript abundance
C3,Limbus vs cultured limbal epithelial cells,MBD6,3.7074825254718236,2.0932985609601023e-4,36,8.100164349373604e-4,Activated in limbus,NES = regulon activity; not transcript abundance
C3,Limbus vs cultured limbal epithelial cells,ZNF30,-3.704808274807404,2.1155068403862334e-4,29,8.100164349373604e-4,Repressed in limbus,NES = regulon activity; not transcript abundance
C3,Limbus vs cultured limbal epithelial cells,ZBTB9,-3.6976252142279913,2.1762587904713897e-4,91,8.224562441911356e-4,Repressed in limbus,NES = regulon activity; not transcript abundance
C3,Limbus vs cultured limbal epithelial cells,ZNF521,3.6807486844932362,2.325501271329511e-4,302,8.675908589190868e-4,Activated in limbus,NES = regulon activity; not transcript abundance
C3,Limbus vs cultured limbal epithelial cells,SP140L,-3.6685533550775387,2.4392679284164842e-4,76,8.985151483154392e-4,Repressed in limbus,NES = regulon activity; not transcript abundance
C3,Limbus vs cultured limbal epithelial cells,FOXL2,3.6478585742837684,2.6443511918195964e-4,106,9.618827460243783e-4,Activated in limbus,NES = regulon activity; not transcript abundance
C3,Limbus vs cultured limbal epithelial cells,PAX3,3.64198132596797,2.705477029894843e-4,306,9.71967673702962e-4,Activated in limbus,NES = regulon activity; not transcript abundance
C3,Limbus vs cultured limbal epithelial cells,RXRA,-3.6179966166819257,2.9689227664041125e-4,24,0.0010536055183214595,Repressed in limbus,NES = regulon activity; not transcript abundance
C3,Limbus vs cultured limbal epithelial cells,FOXN3,3.6118415614282355,3.040303057400538e-4,238,0.0010659375779560924,Activated in limbus,NES = regulon activity; not transcript abundance
C3,Limbus vs cultured limbal epithelial cells,CUX1,-3.592684327348952,3.272889834269994e-4,185,0.001133822549729248,Repressed in limbus,NES = regulon activity; not transcript abundance
C3,Limbus vs cultured limbal epithelial cells,NR2F1,3.588196609797751,3.329731627455946e-4,333,0.001139943415987859,Activated in limbus,NES = regulon activity; not transcript abundance
C3,Limbus vs cultured limbal epithelial cells,CEBPG,-3.584735002214216,3.374206285909747e-4,225,0.0011417372432555074,Repressed in limbus,NES = regulon activity; not transcript abundance
C3,Limbus vs cultured limbal epithelial cells,FOXM1,-3.572480967554154,3.536151901930072e-4,60,0.001182781843059369,Repressed in limbus,NES = regulon activity; not transcript abundance
C3,Limbus vs cultured limbal epithelial cells,FOXC2,3.5666532310817525,3.615694258488534e-4,43,0.0011956443513865492,Activated in limbus,NES = regulon activity; not transcript abundance
C3,Limbus vs cultured limbal epithelial cells,MEF2D,3.5624795622485914,3.673685163190191e-4,15,0.00120117121627904,Activated in limbus,NES = regulon activity; not transcript abundance
C3,Limbus vs cultured limbal epithelial cells,PKNOX2,3.548226158800083,3.8783505300268357e-4,28,0.001254000004708677,Activated in limbus,NES = regulon activity; not transcript abundance
C3,Limbus vs cultured limbal epithelial cells,BCL11B,3.541465596453426,3.979107458865956e-4,17,0.0012724398577252673,Activated in limbus,NES = regulon activity; not transcript abundance
C3,Limbus vs cultured limbal epithelial cells,ZNF536,3.534952547948646,4.078483921025142e-4,197,0.001287137718698516,Activated in limbus,NES = regulon activity; not transcript abundance
C3,Limbus vs cultured limbal epithelial cells,SOX9,3.53269078800739,4.113532915428247e-4,107,0.001287137718698516,Activated in limbus,NES = regulon activity; not transcript abundance
C3,Limbus vs cultured limbal epithelial cells,ZNF532,3.528398247567786,4.180826456510637e-4,384,0.0012942771264304205,Activated in limbus,NES = regulon activity; not transcript abundance
C3,Limbus vs cultured limbal epithelial cells,PITX2,3.5203765369836826,4.309345627643056e-4,12,0.001320020608046452,Activated in limbus,NES = regulon activity; not transcript abundance
C3,Limbus vs cultured limbal epithelial cells,OSR1,3.5135258164547434,4.4220143998719997e-4,12,0.0013404231149612,Activated in limbus,NES = regulon activity; not transcript abundance
C3,Limbus vs cultured limbal epithelial cells,ZNF503,3.4965434005024463,4.7132781678356717e-4,310,0.0014139834503507016,Activated in limbus,NES = regulon activity; not transcript abundance
C3,Limbus vs cultured limbal epithelial cells,TFCP2L1,3.4936448098077957,4.764744929525975e-4,176,0.0014148375249918965,Activated in limbus,NES = regulon activity; not transcript abundance
C3,Limbus vs cultured limbal epithelial cells,FOXP2,3.4872278089166664,4.88055438895364e-4,116,0.001434587199177282,Activated in limbus,NES = regulon activity; not transcript abundance
C3,Limbus vs cultured limbal epithelial cells,NFATC1,3.4743536753389943,5.120855757458551e-4,123,0.0014901690254204383,Activated in limbus,NES = regulon activity; not transcript abundance
C3,Limbus vs cultured limbal epithelial cells,MSANTD3,-3.4642023129383115,5.31806383981185e-4,269,0.0015322342350348993,Repressed in limbus,NES = regulon activity; not transcript abundance
C3,Limbus vs cultured limbal epithelial cells,BHLHE22,3.446733003578108,5.674090404535631e-4,68,0.0016070684116223496,Activated in limbus,NES = regulon activity; not transcript abundance
C3,Limbus vs cultured limbal epithelial cells,TSHZ2,3.4460595945733283,5.688249017082543e-4,322,0.0016070684116223496,Activated in limbus,NES = regulon activity; not transcript abundance
C3,Limbus vs cultured limbal epithelial cells,ZNF777,-3.4426771316923586,5.759865237813756e-4,30,0.0016116546001959642,Repressed in limbus,NES = regulon activity; not transcript abundance
C3,Limbus vs cultured limbal epithelial cells,RUNX3,3.4247449261650704,6.153768818439179e-4,110,0.0017054730725388583,Activated in limbus,NES = regulon activity; not transcript abundance
C3,Limbus vs cultured limbal epithelial cells,MBD1,-3.4188659495355482,6.288269722119144e-4,98,0.001726308008619501,Repressed in limbus,NES = regulon activity; not transcript abundance
C3,Limbus vs cultured limbal epithelial cells,ZNF229,-3.4121962445200262,6.44417023795241e-4,371,0.0017525734011627585,Repressed in limbus,NES = regulon activity; not transcript abundance
C3,Limbus vs cultured limbal epithelial cells,GRHL3,-3.390043736227245,6.988147375723388e-4,18,0.0018829174873476906,Repressed in limbus,NES = regulon activity; not transcript abundance
C3,Limbus vs cultured limbal epithelial cells,PHF1,3.381467660557402,7.2099719109547e-4,68,0.0019248640606310255,Activated in limbus,NES = regulon activity; not transcript abundance
C3,Limbus vs cultured limbal epithelial cells,ZFP2,-3.359014304795044,7.822101825569472e-4,22,0.002069301482946106,Repressed in limbus,NES = regulon activity; not transcript abundance
C3,Limbus vs cultured limbal epithelial cells,SOX5,3.336903970473934,8.471721370203762e-4,100,0.002220964791648013,Activated in limbus,NES = regulon activity; not transcript abundance
C3,Limbus vs cultured limbal epithelial cells,ZNF99,3.32472025875121,8.85072915155175e-4,97,0.0022996090920549637,Activated in limbus,NES = regulon activity; not transcript abundance
C3,Limbus vs cultured limbal epithelial cells,ZFP64,-3.3188086176034477,9.040236465891994e-4,157,0.0023280608951987344,Repressed in limbus,NES = regulon activity; not transcript abundance
C3,Limbus vs cultured limbal epithelial cells,XPA,3.3038102938002036,9.538035130839961e-4,157,0.002434708967609148,Activated in limbus,NES = regulon activity; not transcript abundance
C3,Limbus vs cultured limbal epithelial cells,ZXDC,-3.2919872782861352,9.948211172568148e-4,108,0.002517329957580288,Repressed in limbus,NES = regulon activity; not transcript abundance
C3,Limbus vs cultured limbal epithelial cells,ZNF326,3.282780235162724,0.001027887638595957,203,0.0025785801968226164,Activated in limbus,NES = regulon activity; not transcript abundance
C3,Limbus vs cultured limbal epithelial cells,HSF2,3.2692055690232995,0.001078499156252578,128,0.002682420978371797,Activated in limbus,NES = regulon activity; not transcript abundance
C3,Limbus vs cultured limbal epithelial cells,ZNF280B,3.2295436485869113,0.001239879533347633,95,0.0030576690186793322,Activated in limbus,NES = regulon activity; not transcript abundance
C3,Limbus vs cultured limbal epithelial cells,SMAD5,3.2058242697559396,0.0013467620793645779,412,0.003293342563824304,Activated in limbus,NES = regulon activity; not transcript abundance
C3,Limbus vs cultured limbal epithelial cells,HEY2,3.1920405514814423,0.0014127149755803156,252,0.003425833815782265,Activated in limbus,NES = regulon activity; not transcript abundance
C3,Limbus vs cultured limbal epithelial cells,NR4A2,3.174187537433961,0.0015025657326551568,10,0.0036136084975425674,Activated in limbus,NES = regulon activity; not transcript abundance
C3,Limbus vs cultured limbal epithelial cells,MTF2,-3.1706319704054207,0.0015210772191266546,18,0.003628143202998824,Repressed in limbus,NES = regulon activity; not transcript abundance
C3,Limbus vs cultured limbal epithelial cells,BNC1,-3.1659955255272343,0.00154553171065197,19,0.00365650185203027,Repressed in limbus,NES = regulon activity; not transcript abundance
C3,Limbus vs cultured limbal epithelial cells,ETS2,3.1531538391765324,0.0016151666321484977,10,0.0037797640334867265,Activated in limbus,NES = regulon activity; not transcript abundance
C3,Limbus vs cultured limbal epithelial cells,RFX2,3.1516315671313846,0.0016236099800200716,14,0.0037797640334867265,Activated in limbus,NES = regulon activity; not transcript abundance
C3,Limbus vs cultured limbal epithelial cells,ZNF780A,-3.1430417616305864,0.0016720198326280156,120,0.0038596443156643026,Repressed in limbus,NES = regulon activity; not transcript abundance
C3,Limbus vs cultured limbal epithelial cells,ZFP30,-3.140873175572011,0.001684449581063115,21,0.0038596443156643026,Repressed in limbus,NES = regulon activity; not transcript abundance
C3,Limbus vs cultured limbal epithelial cells,TCF7L2,3.1318714194977564,0.0017369592774311832,57,0.0039488683572849554,Activated in limbus,NES = regulon activity; not transcript abundance
C3,Limbus vs cultured limbal epithelial cells,TET2,3.116265121137086,0.001831575232000466,14,0.004131692965210354,Activated in limbus,NES = regulon activity; not transcript abundance
C3,Limbus vs cultured limbal epithelial cells,SOX17,3.1020773200250065,0.0019216775864302803,274,0.004301601366547781,Activated in limbus,NES = regulon activity; not transcript abundance
C3,Limbus vs cultured limbal epithelial cells,ATOH8,3.0976780151238223,0.0019504321544824338,15,0.004332639366064032,Activated in limbus,NES = regulon activity; not transcript abundance
C3,Limbus vs cultured limbal epithelial cells,ZBTB21,3.090540179572513,0.0019979277110053744,31,0.004404522453807303,Activated in limbus,NES = regulon activity; not transcript abundance
C3,Limbus vs cultured limbal epithelial cells,ZBTB10,3.079512595318108,0.0020733960314089357,123,0.004536528158947371,Activated in limbus,NES = regulon activity; not transcript abundance
C3,Limbus vs cultured limbal epithelial cells,THAP1,-3.069943630321807,0.0021409917566164076,20,0.004624615989452594,Repressed in limbus,NES = regulon activity; not transcript abundance
C3,Limbus vs cultured limbal epithelial cells,L3MBTL4,-3.0693236316071157,0.0021454404074780077,226,0.004624615989452594,Repressed in limbus,NES = regulon activity; not transcript abundance
C3,Limbus vs cultured limbal epithelial cells,AHRR,3.060973839253901,0.0022061836960041463,95,0.004720584231891225,Activated in limbus,NES = regulon activity; not transcript abundance
C3,Limbus vs cultured limbal epithelial cells,ZNF486,3.0476312469559157,0.0023065277719563106,111,0.0048992670192648646,Activated in limbus,NES = regulon activity; not transcript abundance
C3,Limbus vs cultured limbal epithelial cells,TFDP1,-3.013387669941646,0.0025834866274415374,46,0.005447787018735416,Repressed in limbus,NES = regulon activity; not transcript abundance
C3,Limbus vs cultured limbal epithelial cells,ZBTB14,-3.007052637818982,0.0026379408068661755,44,0.005487021757639689,Repressed in limbus,NES = regulon activity; not transcript abundance
C3,Limbus vs cultured limbal epithelial cells,L3MBTL3,-3.006837969426552,0.0026398042820259668,15,0.005487021757639689,Repressed in limbus,NES = regulon activity; not transcript abundance
C3,Limbus vs cultured limbal epithelial cells,KLF9,3.002383222322379,0.002678747258726727,14,0.0055284783850317555,Activated in limbus,NES = regulon activity; not transcript abundance
C3,Limbus vs cultured limbal epithelial cells,STAT4,-2.9936801344852437,0.0027563474623272617,70,0.005648571208008685,Repressed in limbus,NES = regulon activity; not transcript abundance
C3,Limbus vs cultured limbal epithelial cells,ZBTB41,-2.9802424706272834,0.0028802030308074608,12,0.005861112461293504,Repressed in limbus,NES = regulon activity; not transcript abundance
C3,Limbus vs cultured limbal epithelial cells,PRDM16,2.970268880773058,0.002975391983082905,40,0.006003066634409245,Activated in limbus,NES = regulon activity; not transcript abundance
C3,Limbus vs cultured limbal epithelial cells,LHX1,-2.968638901537883,0.00299121876972282,32,0.006003066634409245,Repressed in limbus,NES = regulon activity; not transcript abundance
C3,Limbus vs cultured limbal epithelial cells,ZNF675,-2.9454409440420553,0.0032249470492651663,48,0.00641991025467213,Repressed in limbus,NES = regulon activity; not transcript abundance
C3,Limbus vs cultured limbal epithelial cells,ZXDB,2.9437090250884794,0.003243047448236437,10,0.00641991025467213,Activated in limbus,NES = regulon activity; not transcript abundance
C3,Limbus vs cultured limbal epithelial cells,ZBTB5,2.8787338391697115,0.003992751519647457,203,0.00785061278525277,Activated in limbus,NES = regulon activity; not transcript abundance
C3,Limbus vs cultured limbal epithelial cells,ASH1L,2.8616961486292536,0.004213806708686972,11,0.008229649343811467,Activated in limbus,NES = regulon activity; not transcript abundance
C3,Limbus vs cultured limbal epithelial cells,BNC2,2.85361723037331,0.004322457666449763,146,0.008341010180708722,Activated in limbus,NES = regulon activity; not transcript abundance
C3,Limbus vs cultured limbal epithelial cells,ZNF44,-2.853198839628444,0.004328153049096278,11,0.008341010180708722,Repressed in limbus,NES = regulon activity; not transcript abundance
C3,Limbus vs cultured limbal epithelial cells,FOS,2.8217465233798933,0.004776291199887476,31,0.00914408381031089,Activated in limbus,NES = regulon activity; not transcript abundance
C3,Limbus vs cultured limbal epithelial cells,ZNF280D,2.806255871655388,0.005012087537607677,19,0.009532793944077347,Activated in limbus,NES = regulon activity; not transcript abundance
C3,Limbus vs cultured limbal epithelial cells,FOXF2,2.796004487753156,0.0051738681987252445,155,0.009776595102786013,Activated in limbus,NES = regulon activity; not transcript abundance
C3,Limbus vs cultured limbal epithelial cells,ZNF136,2.7866710877920746,0.005325249921876683,75,0.009997727272684612,Activated in limbus,NES = regulon activity; not transcript abundance
C3,Limbus vs cultured limbal epithelial cells,E2F8,-2.7815023003359,0.00541079472124612,141,0.010093213230016801,Repressed in limbus,NES = regulon activity; not transcript abundance
C3,Limbus vs cultured limbal epithelial cells,MSX1,2.7726452538365307,0.005560269823794932,92,0.010305977826269588,Activated in limbus,NES = regulon activity; not transcript abundance
C3,Limbus vs cultured limbal epithelial cells,ZNF423,2.765518579448089,0.005683236747565484,35,0.010467227174313644,Activated in limbus,NES = regulon activity; not transcript abundance
C3,Limbus vs cultured limbal epithelial cells,JUNB,2.7594897032492933,0.005789171146965292,18,0.010595275495389307,Activated in limbus,NES = regulon activity; not transcript abundance
C3,Limbus vs cultured limbal epithelial cells,TSHZ3,2.7450148788592172,0.006050815428878159,304,0.011004920561272152,Activated in limbus,NES = regulon activity; not transcript abundance
C3,Limbus vs cultured limbal epithelial cells,BHLHE41,2.7292007515926158,0.0063488041525259255,154,0.011475167753944374,Activated in limbus,NES = regulon activity; not transcript abundance
C3,Limbus vs cultured limbal epithelial cells,ZNF431,-2.7119254793221175,0.006689362960920968,22,0.01201607791128396,Repressed in limbus,NES = regulon activity; not transcript abundance
C3,Limbus vs cultured limbal epithelial cells,ZNF2,-2.707629992002511,0.0067765526540159325,22,0.012098017314838259,Repressed in limbus,NES = regulon activity; not transcript abundance
C3,Limbus vs cultured limbal epithelial cells,ESRRG,-2.701821805704998,0.006896071021536077,162,0.012236321141871941,Repressed in limbus,NES = regulon activity; not transcript abundance
C3,Limbus vs cultured limbal epithelial cells,HES2,-2.6665707042853515,0.007662948586960842,56,0.013514654780640031,Repressed in limbus,NES = regulon activity; not transcript abundance
C3,Limbus vs cultured limbal epithelial cells,ZNF658,-2.63421371354537,0.008433238826037054,68,0.014783569267330016,Repressed in limbus,NES = regulon activity; not transcript abundance
C3,Limbus vs cultured limbal epithelial cells,ELK3,-2.6169405967350117,0.008872177998719671,38,0.015459902979804938,Repressed in limbus,NES = regulon activity; not transcript abundance
C3,Limbus vs cultured limbal epithelial cells,TCF4,2.6095998931659845,0.0090648175860175,49,0.015701559032923168,Activated in limbus,NES = regulon activity; not transcript abundance
C3,Limbus vs cultured limbal epithelial cells,ZNF226,-2.6060092301558306,0.009160399306600795,25,0.015773231942135094,Repressed in limbus,NES = regulon activity; not transcript abundance
C3,Limbus vs cultured limbal epithelial cells,TOPORS,2.5682679855943173,0.010220810682939526,189,0.017478296168508864,Activated in limbus,NES = regulon activity; not transcript abundance
C3,Limbus vs cultured limbal epithelial cells,DZIP1,2.566578031040569,0.010270751356752632,160,0.017478296168508864,Activated in limbus,NES = regulon activity; not transcript abundance
C3,Limbus vs cultured limbal epithelial cells,ZNF770,2.5592160155107293,0.010490853047439689,29,0.017749059516307845,Activated in limbus,NES = regulon activity; not transcript abundance
C3,Limbus vs cultured limbal epithelial cells,PLSCR1,-2.5515448863075627,0.010724650859024026,135,0.018039730635699372,Repressed in limbus,NES = regulon activity; not transcript abundance
C3,Limbus vs cultured limbal epithelial cells,ZNF616,-2.5378074435650855,0.011154934120393088,19,0.01865566568410568,Repressed in limbus,NES = regulon activity; not transcript abundance
C3,Limbus vs cultured limbal epithelial cells,ZNF687,-2.535377610896402,0.011232617150668776,27,0.018678237661969223,Repressed in limbus,NES = regulon activity; not transcript abundance
C3,Limbus vs cultured limbal epithelial cells,ZBTB7C,2.5242965011676572,0.011593010337701446,268,0.01916798868335864,Activated in limbus,NES = regulon activity; not transcript abundance
C3,Limbus vs cultured limbal epithelial cells,GRHL1,-2.5117183971487935,0.012014491843170223,13,0.019752639131991722,Repressed in limbus,NES = regulon activity; not transcript abundance
C3,Limbus vs cultured limbal epithelial cells,NR1D2,2.483279494640272,0.013017890257635464,143,0.021282056544786068,Activated in limbus,NES = regulon activity; not transcript abundance
C3,Limbus vs cultured limbal epithelial cells,ZNF85,2.4731981172420467,0.013390988515235755,28,0.021769707586221255,Activated in limbus,NES = regulon activity; not transcript abundance
C3,Limbus vs cultured limbal epithelial cells,ZNF10,2.4577938957490515,0.01397933760051111,23,0.022599929120826295,Activated in limbus,NES = regulon activity; not transcript abundance
C3,Limbus vs cultured limbal epithelial cells,PAX6,-2.4514850017092797,0.014226811529447556,22,0.022872940083255463,Repressed in limbus,NES = regulon activity; not transcript abundance
C3,Limbus vs cultured limbal epithelial cells,MYCL,-2.4484930736934913,0.014345518811803916,130,0.02293706579249967,Repressed in limbus,NES = regulon activity; not transcript abundance
C3,Limbus vs cultured limbal epithelial cells,ZNF77,-2.413810322591395,0.01578667820399577,18,0.025103406324386717,Repressed in limbus,NES = regulon activity; not transcript abundance
C3,Limbus vs cultured limbal epithelial cells,HOXD8,2.3971955230543203,0.016521105245601343,284,0.026128487100380383,Activated in limbus,NES = regulon activity; not transcript abundance
C3,Limbus vs cultured limbal epithelial cells,MTERF1,-2.3884670502290373,0.01691882537470123,18,0.026612855048854366,Repressed in limbus,NES = regulon activity; not transcript abundance
C3,Limbus vs cultured limbal epithelial cells,PPARG,2.383024520596216,0.017171050539455123,25,0.026864385521405593,Activated in limbus,NES = regulon activity; not transcript abundance
C3,Limbus vs cultured limbal epithelial cells,BAZ2A,-2.354389178245445,0.018553175026650253,18,0.028871518356979806,Repressed in limbus,NES = regulon activity; not transcript abundance
C3,Limbus vs cultured limbal epithelial cells,GLMP,2.343283434757819,0.01911485573162819,174,0.02958735647821172,Activated in limbus,NES = regulon activity; not transcript abundance
C3,Limbus vs cultured limbal epithelial cells,ZNF483,2.3329685914725204,0.01964979384018719,53,0.03021834859744042,Activated in limbus,NES = regulon activity; not transcript abundance
C3,Limbus vs cultured limbal epithelial cells,CSRNP2,-2.3314395664163774,0.01973019324231505,12,0.03021834859744042,Repressed in limbus,NES = regulon activity; not transcript abundance
C3,Limbus vs cultured limbal epithelial cells,NFATC4,2.3191715930750116,0.020385734089635964,13,0.031058893298869458,Activated in limbus,NES = regulon activity; not transcript abundance
C3,Limbus vs cultured limbal epithelial cells,PRDM6,2.3171716407597738,0.02049438370542205,29,0.03106180030353029,Activated in limbus,NES = regulon activity; not transcript abundance
C3,Limbus vs cultured limbal epithelial cells,TEAD2,-2.308139821750735,0.02099136094433231,300,0.03165018670881193,Repressed in limbus,NES = regulon activity; not transcript abundance
C3,Limbus vs cultured limbal epithelial cells,ZKSCAN5,-2.3057426341351035,0.021125017336618986,13,0.03168752600492848,Repressed in limbus,NES = regulon activity; not transcript abundance
C3,Limbus vs cultured limbal epithelial cells,MSX2,2.2950779127731016,0.02172865962065276,272,0.03242584589543566,Activated in limbus,NES = regulon activity; not transcript abundance
C3,Limbus vs cultured limbal epithelial cells,TFE3,2.288836648277081,0.022088845254043338,105,0.03279517331085006,Activated in limbus,NES = regulon activity; not transcript abundance
C3,Limbus vs cultured limbal epithelial cells,ZFHX4,2.2734165922009124,0.02300108720099633,38,0.033976225256294075,Activated in limbus,NES = regulon activity; not transcript abundance
C3,Limbus vs cultured limbal epithelial cells,ZNF567,-2.2304314952366906,0.025718810618490864,69,0.03779885803020627,Repressed in limbus,NES = regulon activity; not transcript abundance
C3,Limbus vs cultured limbal epithelial cells,DACH1,2.2284011645676793,0.025853775511547314,198,0.03780627474301643,Activated in limbus,NES = regulon activity; not transcript abundance
C3,Limbus vs cultured limbal epithelial cells,DUX1,2.2226178945605466,0.026241576530311592,39,0.037991536170749615,Activated in limbus,NES = regulon activity; not transcript abundance
C3,Limbus vs cultured limbal epithelial cells,DUX3,2.2226178945605466,0.026241576530311592,39,0.037991536170749615,Activated in limbus,NES = regulon activity; not transcript abundance
C3,Limbus vs cultured limbal epithelial cells,GBX2,-2.216338798181745,0.02666830776686073,69,0.03841820574334887,Repressed in limbus,NES = regulon activity; not transcript abundance
C3,Limbus vs cultured limbal epithelial cells,RUNX2,2.1910099348148204,0.02845107352561707,313,0.04078454382243629,Activated in limbus,NES = regulon activity; not transcript abundance
C3,Limbus vs cultured limbal epithelial cells,ZNF22,2.1871013290069183,0.02873512765029371,41,0.040989814442330734,Activated in limbus,NES = regulon activity; not transcript abundance
C3,Limbus vs cultured limbal epithelial cells,ZNF208,2.1539277038546634,0.031245841975281095,20,0.04435385373076487,Activated in limbus,NES = regulon activity; not transcript abundance
C3,Limbus vs cultured limbal epithelial cells,CARF,-2.0686339451584277,0.03858045002930371,17,0.05449956775984165,Repressed in limbus,NES = regulon activity; not transcript abundance
C3,Limbus vs cultured limbal epithelial cells,ZNF711,2.016621505311194,0.04373502703172227,317,0.06132312650255624,Activated in limbus,NES = regulon activity; not transcript abundance
C3,Limbus vs cultured limbal epithelial cells,TLX2,2.0156906126536285,0.04383233784375154,17,0.06132312650255624,Activated in limbus,NES = regulon activity; not transcript abundance
C3,Limbus vs cultured limbal epithelial cells,YBX2,-2.0125962123213124,0.04415712577059166,27,0.06135947044288813,Repressed in limbus,NES = regulon activity; not transcript abundance
C3,Limbus vs cultured limbal epithelial cells,E2F2,-2.0114302558924635,0.044280030216517205,41,0.06135947044288813,Repressed in limbus,NES = regulon activity; not transcript abundance
C3,Limbus vs cultured limbal epithelial cells,RORA,1.9790723095047293,0.04780786559663963,192,0.0659340705621902,Activated in limbus,NES = regulon activity; not transcript abundance
C3,Limbus vs cultured limbal epithelial cells,KLF12,1.974049182263361,0.048376150843264264,296,0.0664031127141033,Activated in limbus,NES = regulon activity; not transcript abundance
C3,Limbus vs cultured limbal epithelial cells,CENPS,-1.9529811415719929,0.05082182983669816,36,0.06943264076281298,Repressed in limbus,NES = regulon activity; not transcript abundance
C3,Limbus vs cultured limbal epithelial cells,NR3C1,1.940511677855971,0.052317536354490705,19,0.07114207046334951,Activated in limbus,NES = regulon activity; not transcript abundance
C3,Limbus vs cultured limbal epithelial cells,ZBTB7B,-1.9352218819818623,0.05296307363846162,44,0.07168490431996434,Repressed in limbus,NES = regulon activity; not transcript abundance
C3,Limbus vs cultured limbal epithelial cells,POU2AF1,1.9020169881139444,0.05716893371451904,91,0.07701925792094927,Activated in limbus,NES = regulon activity; not transcript abundance
C3,Limbus vs cultured limbal epithelial cells,ZNF430,1.8894155263658041,0.0588361720457767,68,0.07890012011668673,Activated in limbus,NES = regulon activity; not transcript abundance
C3,Limbus vs cultured limbal epithelial cells,GTF2IRD1,1.8864110580397715,0.0592395835784968,98,0.07907669184102097,Activated in limbus,NES = regulon activity; not transcript abundance
C3,Limbus vs cultured limbal epithelial cells,HMGN3,1.8774542120828932,0.060455867291801524,28,0.08033176886718832,Activated in limbus,NES = regulon activity; not transcript abundance
C3,Limbus vs cultured limbal epithelial cells,TRPS1,1.865901685841283,0.06205512170678988,11,0.08201868199479112,Activated in limbus,NES = regulon activity; not transcript abundance
C3,Limbus vs cultured limbal epithelial cells,TET3,1.864232208497129,0.06228910213350116,139,0.08201868199479112,Activated in limbus,NES = regulon activity; not transcript abundance
C3,Limbus vs cultured limbal epithelial cells,PRDM1,1.7736047844914467,0.07612854574252159,18,0.09979012077060262,Activated in limbus,NES = regulon activity; not transcript abundance
C3,Limbus vs cultured limbal epithelial cells,ETV3,1.770895124337774,0.0765781432943331,20,0.09992932600291898,Activated in limbus,NES = regulon activity; not transcript abundance
C3,Limbus vs cultured limbal epithelial cells,DBP,1.7359318196004927,0.08257589073757418,19,0.1072749294849736,Activated in limbus,NES = regulon activity; not transcript abundance
C3,Limbus vs cultured limbal epithelial cells,E2F3,-1.7213379362580468,0.08518951930564775,334,0.11017844496863774,Repressed in limbus,NES = regulon activity; not transcript abundance
C3,Limbus vs cultured limbal epithelial cells,ZNF174,-1.7161868679518124,0.08612784594744823,18,0.11089912907392668,Repressed in limbus,NES = regulon activity; not transcript abundance
C3,Limbus vs cultured limbal epithelial cells,ZBTB43,1.6948502330520416,0.09010383539291214,90,0.11550755990897547,Activated in limbus,NES = regulon activity; not transcript abundance
C3,Limbus vs cultured limbal epithelial cells,ZIK1,-1.6910080538546368,0.09083526445272713,33,0.11593448226203332,Repressed in limbus,NES = regulon activity; not transcript abundance
C3,Limbus vs cultured limbal epithelial cells,IRF4,1.6883030113227027,0.09135307747596723,15,0.11608622508954787,Activated in limbus,NES = regulon activity; not transcript abundance
C3,Limbus vs cultured limbal epithelial cells,ZNF568,-1.6782336943521616,0.09330148638445891,22,0.11804666320816323,Repressed in limbus,NES = regulon activity; not transcript abundance
C3,Limbus vs cultured limbal epithelial cells,MKX,1.671439673595501,0.09463486506849449,47,0.11921534950186968,Activated in limbus,NES = regulon activity; not transcript abundance
C3,Limbus vs cultured limbal epithelial cells,ZNF268,-1.6662671909198083,0.09566020841576403,16,0.11998758900425575,Repressed in limbus,NES = regulon activity; not transcript abundance
C3,Limbus vs cultured limbal epithelial cells,SOX7,1.6225632880898115,0.10468279374596631,146,0.13074117158830986,Activated in limbus,NES = regulon activity; not transcript abundance
C3,Limbus vs cultured limbal epithelial cells,NR4A3,1.5761762816851774,0.11498518303446827,40,0.14251790953648244,Activated in limbus,NES = regulon activity; not transcript abundance
C3,Limbus vs cultured limbal epithelial cells,HOXD10,1.575713769787312,0.11509178261537242,168,0.14251790953648244,Activated in limbus,NES = regulon activity; not transcript abundance
C3,Limbus vs cultured limbal epithelial cells,ZNF43,1.541131729851074,0.12328472884665821,23,0.1520163393829557,Activated in limbus,NES = regulon activity; not transcript abundance
C3,Limbus vs cultured limbal epithelial cells,ZNF461,1.5266784185845972,0.12684099647527,97,0.15574147668482521,Activated in limbus,NES = regulon activity; not transcript abundance
C3,Limbus vs cultured limbal epithelial cells,BATF,1.5233436842940045,0.1276727433773289,14,0.15610406858320466,Activated in limbus,NES = regulon activity; not transcript abundance
C3,Limbus vs cultured limbal epithelial cells,DLX4,1.4990515497447534,0.13386025933994747,11,0.1629846672298105,Activated in limbus,NES = regulon activity; not transcript abundance
C3,Limbus vs cultured limbal epithelial cells,ZNF717,1.4849838994239253,0.13754808919617115,55,0.1667770581503575,Activated in limbus,NES = regulon activity; not transcript abundance
C3,Limbus vs cultured limbal epithelial cells,FOXN1,1.435268692892021,0.1512105454317989,211,0.18258202788652897,Activated in limbus,NES = regulon activity; not transcript abundance
C3,Limbus vs cultured limbal epithelial cells,CREBL2,1.4294934032563889,0.15286246962150418,189,0.18381396140437076,Activated in limbus,NES = regulon activity; not transcript abundance
C3,Limbus vs cultured limbal epithelial cells,ELF2,1.4226678946923565,0.1548324518042281,61,0.18541663981493983,Activated in limbus,NES = regulon activity; not transcript abundance
C3,Limbus vs cultured limbal epithelial cells,ZNF814,1.3956610206789446,0.16281659756181685,38,0.19417881102659307,Activated in limbus,NES = regulon activity; not transcript abundance
C3,Limbus vs cultured limbal epithelial cells,ZNF141,-1.391352539738553,0.1641185489340405,14,0.19493264383594197,Repressed in limbus,NES = regulon activity; not transcript abundance
C3,Limbus vs cultured limbal epithelial cells,MYCN,1.3746165613693995,0.1692503514240744,81,0.2002107815626246,Activated in limbus,NES = regulon activity; not transcript abundance
C3,Limbus vs cultured limbal epithelial cells,PROX1,1.3436554248557913,0.17905983783051704,96,0.21095713687724882,Activated in limbus,NES = regulon activity; not transcript abundance
C3,Limbus vs cultured limbal epithelial cells,YBX3,-1.328707614692536,0.18394445172735097,11,0.21583804618007713,Repressed in limbus,NES = regulon activity; not transcript abundance
C3,Limbus vs cultured limbal epithelial cells,ZNF667,-1.3097369869464246,0.1902848265315314,49,0.22238106233203067,Repressed in limbus,NES = regulon activity; not transcript abundance
C3,Limbus vs cultured limbal epithelial cells,ZNF750,1.2639298943841693,0.20625519078685078,34,0.24008104207589429,Activated in limbus,NES = regulon activity; not transcript abundance
C3,Limbus vs cultured limbal epithelial cells,SOX15,-1.2492590989319072,0.21157032248048843,102,0.24528670853315593,Repressed in limbus,NES = regulon activity; not transcript abundance
C3,Limbus vs cultured limbal epithelial cells,DMRTA2,-1.2122288146595521,0.2254248043434637,28,0.2603119764442378,Repressed in limbus,NES = regulon activity; not transcript abundance
C3,Limbus vs cultured limbal epithelial cells,ZNF488,-1.1950906456142412,0.23205161638804414,105,0.26690521884948953,Repressed in limbus,NES = regulon activity; not transcript abundance
C3,Limbus vs cultured limbal epithelial cells,ZNF18,1.1840230177830762,0.23640395134772998,28,0.2708407474101946,Activated in limbus,NES = regulon activity; not transcript abundance
C3,Limbus vs cultured limbal epithelial cells,ZNF800,-1.1108786874450454,0.26662057036312553,18,0.3042611214732138,Repressed in limbus,NES = regulon activity; not transcript abundance
C3,Limbus vs cultured limbal epithelial cells,PURB,-1.0745940386624926,0.28255652198146713,56,0.3211872964711208,Repressed in limbus,NES = regulon activity; not transcript abundance
C3,Limbus vs cultured limbal epithelial cells,CEBPA,1.0580753141153165,0.2900211077763059,19,0.3283896589996304,Activated in limbus,NES = regulon activity; not transcript abundance
C3,Limbus vs cultured limbal epithelial cells,ZNF599,-0.977938852212503,0.32810456785459463,66,0.3700714311848335,Repressed in limbus,NES = regulon activity; not transcript abundance
C3,Limbus vs cultured limbal epithelial cells,FOXD1,0.9705780638421981,0.33175843392217463,75,0.37274789293958616,Activated in limbus,NES = regulon activity; not transcript abundance
C3,Limbus vs cultured limbal epithelial cells,TEAD1,0.9679275790925311,0.3330805395805222,31,0.37279398853050755,Activated in limbus,NES = regulon activity; not transcript abundance
C3,Limbus vs cultured limbal epithelial cells,ZNF91,0.9402567734417913,0.34708586653866697,240,0.38698079372701955,Activated in limbus,NES = regulon activity; not transcript abundance
C3,Limbus vs cultured limbal epithelial cells,CSRNP3,0.9371593258796194,0.3486766085861624,22,0.38727058434569944,Activated in limbus,NES = regulon activity; not transcript abundance
C3,Limbus vs cultured limbal epithelial cells,MYB,0.9202520160858999,0.3574410777943332,63,0.3954956412096995,Activated in limbus,NES = regulon activity; not transcript abundance
C3,Limbus vs cultured limbal epithelial cells,OTX1,0.9097668777887451,0.36294546590296795,16,0.4000648885521351,Activated in limbus,NES = regulon activity; not transcript abundance
C3,Limbus vs cultured limbal epithelial cells,CENPT,0.9057198176480558,0.3650841703795161,56,0.4009037493601479,Activated in limbus,NES = regulon activity; not transcript abundance
C3,Limbus vs cultured limbal epithelial cells,TERF2,0.8637559862796307,0.38772195096164186,16,0.4241619839467585,Activated in limbus,NES = regulon activity; not transcript abundance
C3,Limbus vs cultured limbal epithelial cells,FOXN2,0.8372985392475897,0.4024247801518628,103,0.4385977940980976,Activated in limbus,NES = regulon activity; not transcript abundance
C3,Limbus vs cultured limbal epithelial cells,ZNF804A,0.7994257939305826,0.42404355886788253,35,0.4604353568304247,Activated in limbus,NES = regulon activity; not transcript abundance
C3,Limbus vs cultured limbal epithelial cells,MEIS2,0.7945915565231052,0.4268511314803772,97,0.4617608894453151,Activated in limbus,NES = regulon activity; not transcript abundance
C3,Limbus vs cultured limbal epithelial cells,IRF2,-0.7814145069472916,0.43455874156784996,10,0.4683577548009049,Repressed in limbus,NES = regulon activity; not transcript abundance
C3,Limbus vs cultured limbal epithelial cells,ETS1,0.7714817262204946,0.44042144977202985,354,0.472924877799486,Activated in limbus,NES = regulon activity; not transcript abundance
C3,Limbus vs cultured limbal epithelial cells,ZNF324,0.7659087811651871,0.44373058061885573,39,0.4747264667650258,Activated in limbus,NES = regulon activity; not transcript abundance
C3,Limbus vs cultured limbal epithelial cells,DLX3,0.7406348871911327,0.45891484889601913,32,0.48917297080125116,Activated in limbus,NES = regulon activity; not transcript abundance
C3,Limbus vs cultured limbal epithelial cells,MECOM,-0.6696331301808948,0.5030916890033543,158,0.5343054069342195,Repressed in limbus,NES = regulon activity; not transcript abundance
C3,Limbus vs cultured limbal epithelial cells,ZNF451,0.6088548529021786,0.5426206514701917,18,0.5741913075557301,Activated in limbus,NES = regulon activity; not transcript abundance
C3,Limbus vs cultured limbal epithelial cells,TRERF1,-0.5997946985970246,0.5486430668834748,125,0.5784606248662723,Repressed in limbus,NES = regulon activity; not transcript abundance
C3,Limbus vs cultured limbal epithelial cells,ZNF628,0.5689386163030392,0.5693977977961524,17,0.5981760258436114,Activated in limbus,NES = regulon activity; not transcript abundance
C3,Limbus vs cultured limbal epithelial cells,OVOL1,0.5445307119488866,0.5860763201357109,65,0.6134827667607621,Activated in limbus,NES = regulon activity; not transcript abundance
C3,Limbus vs cultured limbal epithelial cells,ZNF83,-0.5238720790552451,0.6003675158582099,95,0.6255095051090064,Repressed in limbus,NES = regulon activity; not transcript abundance
C3,Limbus vs cultured limbal epithelial cells,ZNF596,0.5217206914206712,0.601864815912446,43,0.6255095051090064,Activated in limbus,NES = regulon activity; not transcript abundance
C3,Limbus vs cultured limbal epithelial cells,NR2F2,0.4953278026970288,0.6203687484885055,12,0.6424459281500182,Activated in limbus,NES = regulon activity; not transcript abundance
C3,Limbus vs cultured limbal epithelial cells,ZNF177,-0.47435384523094437,0.6352476002798718,12,0.6555214598632719,Repressed in limbus,NES = regulon activity; not transcript abundance
C3,Limbus vs cultured limbal epithelial cells,KLF8,0.44474124324159114,0.6565067604004274,103,0.6750652553940791,Activated in limbus,NES = regulon activity; not transcript abundance
C3,Limbus vs cultured limbal epithelial cells,ZNF57,0.350317484879085,0.7261004446179757,127,0.7439972865627851,Activated in limbus,NES = regulon activity; not transcript abundance
C3,Limbus vs cultured limbal epithelial cells,EGR4,-0.3404249572010239,0.7335365266991446,48,0.7489794009454425,Repressed in limbus,NES = regulon activity; not transcript abundance
C3,Limbus vs cultured limbal epithelial cells,GATA3,-0.29893959130786923,0.764986138050646,84,0.7783600215829999,Repressed in limbus,NES = regulon activity; not transcript abundance
C3,Limbus vs cultured limbal epithelial cells,ELK4,-0.26442589852207443,0.7914517573691191,20,0.8024824438829745,Repressed in limbus,NES = regulon activity; not transcript abundance
C3,Limbus vs cultured limbal epithelial cells,HES5,0.18844436806236078,0.850528321972337,267,0.8593879919928822,Activated in limbus,NES = regulon activity; not transcript abundance
C3,Limbus vs cultured limbal epithelial cells,KLF3,-0.16478455281471324,0.8691135628907738,78,0.875128189623582,Repressed in limbus,NES = regulon activity; not transcript abundance
C3,Limbus vs cultured limbal epithelial cells,FOXE1,0.02142478529649355,0.9829068022940761,10,0.98629613609509,Activated in limbus,NES = regulon activity; not transcript abundance
C3,Limbus vs cultured limbal epithelial cells,SOX11,-0.008445883978395028,0.9932612396873506,26,0.9932612396873506,Repressed in limbus,NES = regulon activity; not transcript abundance
